reaction_id,n_eligible,PR_objective,PR_objective_se,PR_relative_objective_mean,PR_relative_objective_median,occ_obj_k,occ_obj_p,occ_obj_jeffreys_lo,occ_obj_jeffreys_hi,occ_obj_m,occ_flip_k,occ_flip_p,occ_flip_jeffreys_lo,occ_flip_jeffreys_hi,occ_flip_mean_obj_drop_given_flip,PR_hybrid
MAR07819,563,3.038077558064092,0.16449104832630698,0.024336078412192128,3.4150195448644023e-16,214,0.38010657193605685,0.3407079792797341,0.4207343188436459,7.992699370047121,214,0.38010657193605685,0.3407079792797341,0.4207343188436459,7.992699370047121,3.038077558064092
MAR08998,566,3.0219746734807047,0.16388140351406855,0.024207088597286448,2.43781662669775e-16,214,0.37809187279151946,0.33884722358081876,0.4185797247602933,7.992699370047125,214,0.37809187279151946,0.33884722358081876,0.4185797247602933,7.992699370047125,3.0219746734807154
MAR08966,570,3.0007678336668016,0.16307362104433956,0.02403721429134055,2.436925441048408e-16,214,0.37543859649122807,0.33639773147387,0.4157408321202263,7.992699370047125,214,0.37543859649122807,0.33639773147387,0.4157408321202263,7.992699370047125,3.0007678336668153
MAR00568,538,2.031692162081238,0.15180246816837326,0.016274574569238864,1.218169288610143e-16,135,0.25092936802973975,0.21569798732361034,0.2888322813819076,8.096669505183032,135,0.25092936802973975,0.21569798732361034,0.2888322813819076,8.096669505183032,2.031692162081244
MAR06513,553,1.9765829714280405,0.14834773174934032,0.015833130412749568,1.2180435320755455e-16,135,0.244122965641953,0.20971875190913722,0.2811974757978404,8.096669505183028,135,0.244122965641953,0.20971875190913722,0.2811974757978404,8.096669505183028,1.976582971428045
MAR10214,558,0.869316465442257,0.10633075481961665,0.006963533110554708,0.0,60,0.10752688172043011,0.08386013723432584,0.13525112097172376,8.084643128613031,60,0.10752688172043011,0.08386013723432584,0.13525112097172376,8.084643128613031,0.8693164654422614
MAR10142,559,0.867761337597106,0.10615176031178447,0.006951075985133362,0.0,60,0.1073345259391771,0.08370822138706718,0.13501307114361433,8.084643128613035,60,0.1073345259391771,0.08370822138706718,0.13501307114361433,8.084643128613035,0.8677613375971056
MAR00943,589,0.8235629672610826,0.1010472344634605,0.006597031367893909,0.0,60,0.10186757215619695,0.07939356352616005,0.12824149783623556,8.08464312861302,60,0.10186757215619695,0.07939356352616005,0.12824149783623556,8.08464312861302,0.8235629672610887
MAR00947,531,0.6244125231422301,0.0939418990525459,0.005001765700289428,0.0,41,0.07721280602636535,0.056786638304522276,0.10222984508484291,8.0869036533788,41,0.07721280602636535,0.056786638304522276,0.10222984508484291,8.0869036533788,0.6244125231422425
MAR10145,547,0.6061481714598177,0.09130264618627551,0.004855461767556958,0.0,41,0.07495429616087751,0.05510868758292619,0.09928066373588097,8.086903653378794,41,0.07495429616087751,0.05510868758292619,0.09928066373588097,8.086903653378794,0.6061481714598365
MAR10143,566,0.5858004413225192,0.08835447221956282,0.004692469234724135,0.0,41,0.07243816254416961,0.05324056923194891,0.09599213114695813,8.086903653379283,41,0.07243816254416961,0.05324056923194891,0.09599213114695813,8.086903653379283,0.5858004413225275
MAR04904,541,0.11937604587035269,0.021585221614081745,0.0010042325057436534,0.0,29,0.053604436229205174,0.03695565543723158,0.07500885421716784,2.226980717788352,0,0.0,0.0,0.004630249273041442,0.0,0.0
MAR07794,554,0.11657480291670248,0.021092254234928692,0.0009806674830455779,0.0,29,0.052346570397111915,0.03608146390746347,0.07326910480614388,2.226980717788355,0,0.0,0.0,0.004521892203603858,0.0,0.0
MAR08412,555,0.11636475822678734,0.021055263589435453,0.0009789005146078654,0.0,29,0.05225225225225225,0.03601592851875685,0.07313861405270976,2.226980717788352,0,0.0,0.0,0.004513766730450679,0.0,0.0
MAR07764,558,0.1157391412470495,0.02094506514766705,0.00097363760861515,0.0,29,0.05197132616487455,0.03582074314052584,0.07274991524538714,2.2269807177883583,0,0.0,0.0,0.004489564580987142,0.0,0.0
MAR08413,560,0.1153257871711809,0.020872237391267458,0.0009701603314416361,0.0,29,0.05178571428571429,0.03569179075567356,0.07249306944835729,2.2269807177883645,0,0.0,0.0,0.0044735734878779895,0.0,0.0
MAR07763,566,0.11410325232482268,0.020656758093387753,0.0009598759463025113,0.0,29,0.05123674911660778,0.03531044522421061,0.07173329759312212,2.22698071778835,0,0.0,0.0,0.0044262764728495866,0.0,0.0
MAR04893,568,0.11370148030961422,0.020585915854938266,0.0009564961014213332,0.0,29,0.051056338028169015,0.03518513464911586,0.07148356637938906,2.2269807177883445,0,0.0,0.0,0.004410732264444036,0.0,0.0
MAR06125,552,0.029652021703504686,0.02094814609795546,0.0002375232071811678,0.0,2,0.0036231884057971015,0.0007536499065865668,0.011572004618935414,8.183957990171784,2,0.0036231884057971015,0.0007536499065865668,0.011572004618935414,8.183957990171784,0.029652021703520957
MAR06218,562,0.029213675699717046,0.020638768937617364,0.0002340119002721196,0.0,2,0.0035587188612099642,0.0007402267959871154,0.011366997439736772,8.209042871626565,2,0.0035587188612099642,0.0007402267959871154,0.011366997439736772,8.209042871626565,0.029213675699738664
MAR06124,577,0.02845422139210811,0.020102699884818512,0.00022792840199822563,0.0,2,0.0034662045060658577,0.0007209653383567484,0.011072753495463545,8.209042871626515,2,0.0034662045060658577,0.0007209653383567484,0.011072753495463545,8.209042871626515,0.028454221392119634
MAR06123,547,0.015007390990155882,0.015007390990176521,0.00012021452280881956,0.0,1,0.0018281535648994515,0.00019732421611597548,0.008512630827699149,8.209042871626536,1,0.0018281535648994515,0.00019732421611597548,0.008512630827699149,8.209042871626536,0.015007390990176483
MAR02216,566,0.004555393976462544,0.0045553939764673744,3.908728609699691e-05,0.0,1,0.0017667844522968198,0.00019069796088081286,0.008227924009674635,2.5783529906805285,0,0.0,0.0,0.0044262764728495866,0.0,0.0
MAR11781,541,0.004246515185041805,0.0005871281990021107,3.636635883949915e-05,0.0,57,0.10536044362292052,0.08159981624157263,0.13332864376933978,0.04030464412480522,0,0.0,0.0,0.004630249273041442,0.0,0.0
MAR11427,552,0.004161892599821234,0.0005759727039874644,3.5641666906009495e-05,0.0,57,0.10326086956521739,0.07995354221138917,0.1307140891777659,0.04030464412480049,0,0.0,0.0,0.004538231229443332,0.0,0.0
MAR04994,561,0.004095124269357814,0.0005671548586593776,3.50698754584519e-05,0.0,57,0.10160427807486631,0.07865521164715021,0.1286499355000795,0.04030464412480148,0,0.0,0.0,0.004465620583537596,0.0,0.0
MAR06940,569,0.004037547829703577,0.0005595396249017887,3.457680163816931e-05,0.0,57,0.10017574692442882,0.07753604522744939,0.1268690761016321,0.04030464412480522,0,0.0,0.0,0.004403001029543098,0.0,0.0
MAR11917,570,0.004030464412476184,0.0005586020266767059,3.451614058280622e-05,0.0,57,0.1,0.07739838546316347,0.1266499276160765,0.04030464412480374,0,0.0,0.0,0.004395296850147243,0.0,0.0
MAR04330,550,0.0023152391849593397,0.000383674105845427,1.9824703729888086e-05,0.0,36,0.06545454545454546,0.04703249102138088,0.08843186568469208,0.03537170977039767,0,0.0,0.0,0.0045546887593671224,0.0,0.0
MAR04953,550,0.0023152391849515625,0.0003836741058452584,1.9824703729821326e-05,0.0,36,0.06545454545454546,0.04703249102138088,0.08843186568469208,0.03537170977037873,0,0.0,0.0,0.0045546887593671224,0.0,0.0
MAR04874,552,0.002232048661483692,0.0003758793867668843,1.9111729246384264e-05,0.0,34,0.06159420289855073,0.04379312615448072,0.08397405771081372,0.036237966504135834,0,0.0,0.0,0.004538231229443332,0.0,0.0
MAR04282,577,0.002206900436265449,0.00036627204948386075,1.8897031284953525e-05,0.0,36,0.06239168110918544,0.044812126294752265,0.08434449980425131,0.03537170977038741,0,0.0,0.0,0.004342113363096878,0.0,0.0
MAR03804,560,0.0013617209697827082,0.00039983476734992536,1.1641223971232991e-05,0.0,16,0.02857142857142857,0.017097733678396478,0.044891182461307015,0.0476602339429046,0,0.0,0.0,0.0044735734878779895,0.0,0.0
MAR03802,528,0.0013395991374360655,0.0003939907122419643,1.144926576282211e-05,0.0,16,0.030303030303030304,0.01813993175265134,0.04758619023009236,0.04420677153570103,0,0.0,0.0,0.0047439268977446615,0.0,0.0
MAR11259,544,0.001215015091105754,0.0002839933418732812,1.0385914425185918e-05,0.0,18,0.03308823529411765,0.020439640950380502,0.05067883156957216,0.036720456087328004,0,0.0,0.0,0.004604785407758596,0.0,0.0
MAR04895,554,0.0011930834107800473,0.0002789472997794823,1.019844304583346e-05,0.0,18,0.032490974729241874,0.02006850464786981,0.04977268689649953,0.036720456087328816,0,0.0,0.0,0.004521892203603858,0.0,0.0
MAR04438,555,0.0011909337109237755,0.00027845253655840176,1.0180067472630299e-05,0.0,18,0.032432432432432434,0.02003213099122276,0.04968385128374354,0.03672045608733274,0,0.0,0.0,0.004513766730450679,0.0,0.0
MAR03823,562,0.0011761000170127168,0.0002750377150113261,1.0053269479179302e-05,0.0,18,0.03202846975088968,0.019781161161712364,0.04907077069043204,0.036720456087341445,0,0.0,0.0,0.0044576959055467585,0.0,0.0
MAR03206,568,0.0011636764252852601,0.0002721766688831882,9.947072970609037e-06,0.0,18,0.03169014084507042,0.01957099630057236,0.04855718837364326,0.0367204560873359,0,0.0,0.0,0.004410732264444036,0.0,0.0
MAR03785,571,0.0011575625386440228,0.00027076834308045414,9.894811641569176e-06,0.0,18,0.03152364273204904,0.0194675797568901,0.04830440726153657,0.03672045608734382,0,0.0,0.0,0.00438761958448344,0.0,0.0
MAR04347,555,0.0011349085998671052,0.0002732440816755069,9.71778063769953e-06,0.0,18,0.032432432432432434,0.02003213099122276,0.04968385128374354,0.034993015163131996,0,0.0,0.0,0.004513766730450679,0.0,0.0
MAR04711,586,0.0011279320982279161,0.0002639397367602356,9.64153148003563e-06,0.0,18,0.030716723549488054,0.018966469756165644,0.047078974789137404,0.03672045608733354,0,0.0,0.0,0.004275596795360198,0.0,0.0
MAR04346,564,0.001116798356253137,0.0002689467270623472,9.562709670084812e-06,0.0,18,0.031914893617021274,0.019710606449506844,0.04889837381590408,0.03499301516312961,0,0.0,0.0,0.004441930629657058,0.0,0.0
MAR01685,571,0.0009481528906782952,0.00038538067660625773,8.129623261952993e-06,0.0,6,0.010507880910683012,0.004397505414305413,0.021529878313198296,0.09023255009719831,0,0.0,0.0,0.00438761958448344,0.0,0.0
MAR03030,545,0.0009250821549137203,0.00024102397846447203,7.918819059061408e-06,0.0,18,0.03302752293577982,0.020401910710345982,0.050586735232659594,0.028009431912878587,0,0.0,0.0,0.004596359577531593,0.0,0.0
MAR03029,578,0.0008722660457229234,0.00022742677357080125,7.466706552226767e-06,0.0,18,0.031141868512110725,0.019230473209310563,0.047724695951546846,0.028009431912861222,0,0.0,0.0,0.004334620605899285,0.0,0.0
MAR04890,562,0.0007836072326263391,0.00022564724245107199,6.706475789195174e-06,0.0,14,0.02491103202846975,0.014347018866707046,0.04033938611528901,0.031456233196172786,0,0.0,0.0,0.0044576959055467585,0.0,0.0
MAR03947,547,0.0006942076998174114,0.00021126175344097456,5.939906541517168e-06,0.0,13,0.02376599634369287,0.013385289855796678,0.039154847188556594,0.029210123984798737,0,0.0,0.0,0.004579600085029117,0.0,0.0
MAR20114,549,0.0006524868504509418,0.00020089971829688504,5.592814324146769e-06,0.0,14,0.025500910746812388,0.014688468853537657,0.04128638586535298,0.02558680577868491,0,0.0,0.0,0.004562962366977274,0.0,0.0
MAR12944,555,0.0006499624211494687,0.0002020273234105091,5.560783200175413e-06,0.0,13,0.023423423423423424,0.013191429332769629,0.038595115464557565,0.027748395673097052,0,0.0,0.0,0.004513766730450679,0.0,0.0
MAR12948,556,0.00064879342399493,0.00020166702573869638,5.550781791589049e-06,0.0,13,0.023381294964028777,0.01316759089603696,0.038526272134316676,0.0277483956731069,0,0.0,0.0,0.0045056704064922026,0.0,0.0
MAR12562,559,0.0006453115272652093,0.00020059380145441102,5.520992264980452e-06,0.0,13,0.023255813953488372,0.01309658975584673,0.038321207778299615,0.027748395673104703,0,0.0,0.0,0.004481554769642852,0.0,0.0
MAR12660,568,0.0006350865206651889,0.00019744158093909644,5.433511753690667e-06,0.0,13,0.022887323943661973,0.012888107455762531,0.03771890599912598,0.027748395673091588,0,0.0,0.0,0.004410732264444036,0.0,0.0
MAR12563,573,0.0006295447534773914,0.00019573278025887135,5.386098911230602e-06,0.0,13,0.02268760907504363,0.012775126967598333,0.037392403486685426,0.027748395673109084,0,0.0,0.0,0.0043723452321952965,0.0,0.0
MAR03817,549,0.0006243520024240176,0.00030967819860625354,5.3053451443341716e-06,0.0,7,0.012750455373406194,0.00572081944975838,0.02487007603231872,0.04896703562018799,0,0.0,0.0,0.004562962366977274,0.0,0.0
MAR01807,576,0.0005394810436753799,0.0003150386588779019,4.6249305572462005e-06,0.0,4,0.006944444444444444,0.002348476732654865,0.01642683482914986,0.07768527029006472,0,0.0,0.0,0.004349632068826215,0.0,0.0
MAR11807,535,0.0005270573624969046,0.00019028794775553364,4.5175242748539914e-06,0.0,8,0.014953271028037384,0.007094056549508428,0.02801590837044698,0.03524696111842113,0,0.0,0.0,0.004682031321548599,0.0,0.0
MAR03209,548,0.0005174028482528824,0.0002967693059460088,4.435742292946034e-06,0.0,5,0.009124087591240875,0.003489790612288475,0.019882406559483902,0.05670735216868644,0,0.0,0.0,0.004571266087298871,0.0,0.0
MAR07992,554,0.0005089813879908459,0.0001838011901325878,4.362591132016553e-06,0.0,8,0.01444043321299639,0.006849934595224714,0.027061687829116086,0.0352469611184318,0,0.0,0.0,0.004521892203603858,0.0,0.0
MAR11933,586,0.0004811871824900987,0.00017382146135102967,4.124360899446008e-06,0.0,8,0.013651877133105802,0.006474679612797247,0.025593532089818478,0.03524696111842292,0,0.0,0.0,0.004275596795360198,0.0,0.0
MAR10376,589,0.00046893300395856426,0.0001666613097236138,4.019418306853853e-06,0.0,11,0.01867572156196944,0.009961891782040645,0.032088167101790695,0.025109230849046347,0,0.0,0.0,0.00425387517710073,0.0,0.0
MAR02730,559,0.0004494236345331651,7.262790545219474e-05,3.847760301144217e-06,0.0,37,0.06618962432915922,0.047789235572835036,0.08906470713001283,0.006789940856976157,0,0.0,0.0,0.004481554769642852,0.0,0.0
MAR03430,560,0.00044862109233374207,7.250253862973312e-05,3.840889300648501e-06,0.0,37,0.06607142857142857,0.0477031031176237,0.08890769568298923,0.0067899408569803785,0,0.0,0.0,0.0044735734878779895,0.0,0.0
MAR03104,537,0.0004416752155799448,0.00017951309270130994,3.785695163295485e-06,0.0,6,0.0111731843575419,0.00467671432199712,0.022884299881699682,0.03952993179559403,0,0.0,0.0,0.004664642427888463,0.0,0.0
MAR02732,571,0.0004399786544782243,7.115148654489995e-05,3.7668966871527694e-06,0.0,37,0.0647985989492119,0.04677574215044567,0.08721640212482004,0.006789940856979611,0,0.0,0.0,0.00438761958448344,0.0,0.0
MAR03105,554,0.0004281220049979944,0.0001740297362556198,3.6695276222203084e-06,0.0,6,0.010830324909747292,0.0045328142883917615,0.022186437946925906,0.03952993179587827,0,0.0,0.0,0.004521892203603858,0.0,0.0
MAR03102,571,0.00041537581569708225,0.00016887142461632804,3.560277237586437e-06,0.0,6,0.010507880910683012,0.004397505414305413,0.021529878313198296,0.0395299317955893,0,0.0,0.0,0.00438761958448344,0.0,0.0
MAR03103,578,0.0004103453127435092,0.00016683521884917755,3.517159693226101e-06,0.0,6,0.010380622837370242,0.004344109487036048,0.021270688613084565,0.03952993179559405,0,0.0,0.0,0.004334620605899285,0.0,0.0
MAR01806,543,0.00040742121734800454,0.00029074314706048824,3.4925846843812315e-06,0.0,3,0.0055248618784530384,0.0015584266479500247,0.014670134582615041,0.07374324034093148,0,0.0,0.0,0.004613242186326175,0.0,0.0
MAR01805,591,0.0003719486292164976,0.0002671437723659213,3.188501710939219e-06,0.0,2,0.00338409475465313,0.0007038709275568035,0.010811545472136332,0.10991081993598326,0,0.0,0.0,0.00423951629958479,0.0,0.0
MAR03984,573,0.0003691655650244998,0.0001480220600906924,3.1643301626771764e-06,0.0,9,0.015706806282722512,0.007799457940493191,0.028468919068677618,0.02350354097426072,0,0.0,0.0,0.0043723452321952965,0.0,0.0
MAR12665,553,0.0003641713165566043,0.00015306833597267467,3.1111681048058874e-06,0.0,8,0.014466546112115732,0.006862363480078894,0.02711028658045103,0.025173342258330622,0,0.0,0.0,0.00453004698365408,0.0,0.0
MAR03106,566,0.00035820430829012015,0.00015546344576779046,3.0702731994390235e-06,0.0,6,0.01060070671378092,0.004436456142138298,0.021718914978226023,0.03379060641669671,0,0.0,0.0,0.0044262764728495866,0.0,0.0
MAR08097,540,0.0003339910543862098,0.0002359496859007908,2.8636957939122846e-06,0.0,2,0.003703703703703704,0.0007704145413710495,0.011827990106902756,0.0901775846840848,0,0.0,0.0,0.00463879992662872,0.0,0.0
MAR01648,558,0.0003332924413101012,0.0001374430683931952,2.8567859146110786e-06,0.0,7,0.012544802867383513,0.0056282673675342775,0.024471558025683016,0.026568168894318706,0,0.0,0.0,0.004489564580987142,0.0,0.0
MAR03386,560,0.00033210211116426505,0.00013695434304948514,2.8465831077882715e-06,0.0,7,0.0125,0.005608105463438,0.024384726688272882,0.026568168894312582,0,0.0,0.0,0.0044735734878779895,0.0,0.0
MAR08980,547,0.00032763121568142237,0.00014630846253527643,2.8073975739787305e-06,0.0,6,0.010968921389396709,0.004590981014592454,0.022468572779101813,0.029869045831164884,0,0.0,0.0,0.004579600085029117,0.0,0.0
MAR08981,548,0.00032703334850953174,0.00014604245602018096,2.8022745857863857e-06,0.0,6,0.010948905109489052,0.004582580251020721,0.022427829291914655,0.029869045831169616,0,0.0,0.0,0.004571266087298871,0.0,0.0
MAR00067,569,0.0003268491779536992,0.00013479741135396443,2.8015580674753558e-06,0.0,7,0.012302284710017574,0.005519136121185081,0.024001491064773138,0.026568168894328826,0,0.0,0.0,0.004403001029543098,0.0,0.0
MAR01645,574,0.00032400205967381563,0.00013362821720476617,2.7771542515093087e-06,0.0,7,0.012195121951219513,0.0054709178299612495,0.023793742249433855,0.026568168894339,0,0.0,0.0,0.004364747866934595,0.0,0.0
MAR08096,563,0.00032034665961872417,0.00022631914079844145,2.746706445276803e-06,0.0,2,0.003552397868561279,0.0007389107365927911,0.011346895516754241,0.09017758468410615,0,0.0,0.0,0.004449799303901048,0.0,0.0
MAR01693,562,0.0003198750042443014,0.00022587566753323987,2.7426619409594114e-06,0.0,3,0.005338078291814947,0.0015056617613993406,0.014176599883674234,0.05992325079914449,0,0.0,0.0,0.0044576959055467585,0.0,0.0
MAR04785,564,0.0003197786690936081,0.00022591822335919347,2.741836398438258e-06,0.0,2,0.0035460992907801418,0.0007375993485767297,0.011326864565964682,0.09017758468409195,0,0.0,0.0,0.004441930629657058,0.0,0.0
MAR01567,572,0.0003130207117337979,0.00022114516595128492,2.683892528947798e-06,0.0,2,0.0034965034965034965,0.0007272734712394761,0.011169127483471916,0.0895239235609821,0,0.0,0.0,0.004379969091767465,0.0,0.0
MAR03037,535,0.0003107541247632451,0.00014996524123902645,2.663568744448831e-06,0.0,5,0.009345794392523364,0.003574795943170301,0.020362608738300127,0.03325069135008503,0,0.0,0.0,0.004682031321548599,0.0,0.0
MAR09680,585,0.0003063491880010645,0.00013683732668311261,2.6250367059655425e-06,0.0,6,0.010256410256410256,0.0042919947114928355,0.021017665093080545,0.029869045831164866,0,0.0,0.0,0.004282886715357432,0.0,0.0
MAR03035,551,0.00030173041150760544,0.00014562357310515743,2.5862237354244517e-06,0.0,5,0.009074410163339383,0.0034707449773084937,0.019774789585399813,0.033250691350073636,0,0.0,0.0,0.004546445100963565,0.0,0.0
MAR01462,568,0.0002963217035378166,0.0001374961691013101,2.539838325293575e-06,0.0,5,0.008802816901408451,0.003366628635381753,0.019186310139092486,0.03366214552277988,0,0.0,0.0,0.004410732264444036,0.0,0.0
MAR05362,568,0.0002926997478074996,0.00014127777747682498,2.5088191519964603e-06,0.0,5,0.008802816901408451,0.003366628635381753,0.019186310139092486,0.03325069135009352,0,0.0,0.0,0.004410732264444036,0.0,0.0
MAR03214,567,0.00028698077830790765,0.00020101014278302594,2.4148047495804627e-06,0.0,3,0.005291005291005291,0.0014923648726776688,0.014052193017909794,0.054239367100431396,0,0.0,0.0,0.00441849069762059,0.0,0.0
MAR04393,542,0.000241841979590886,0.00012507689377481648,2.0729382736628176e-06,0.0,6,0.01107011070110701,0.004633451116370246,0.022674531003490848,0.021846392158013317,0,0.0,0.0,0.00462173008405905,0.0,0.0
MAR05414,558,0.0002349074425521776,0.00012149927593490963,2.013499183463279e-06,0.0,6,0.010752688172043012,0.004500233166034025,0.02202837652012228,0.021846392158029897,0,0.0,0.0,0.004489564580987142,0.0,0.0
MAR07708,573,0.00022941820694068568,0.00017340081904225924,1.966816856973505e-06,0.0,3,0.005235602094240838,0.0014767153664111267,0.013905756885005928,0.0438188775302516,0,0.0,0.0,0.0043723452321952965,0.0,0.0
MAR00481,581,0.00022560818061956173,0.00011670084636443317,1.9337909541115246e-06,0.0,6,0.010327022375215147,0.004321620414645155,0.021161507837123995,0.021846392158020398,0,0.0,0.0,0.004312296689115291,0.0,0.0
MAR08414,538,0.0002170370731565775,0.0001251035316965036,1.86027236558026e-06,0.0,3,0.0055762081784386614,0.0015729325291679894,0.014805776192388542,0.0389219817864301,0,0.0,0.0,0.004655996327465773,0.0,0.0
MAR08415,575,0.00020307120931699547,0.00011706748346915475,1.7405678829153685e-06,0.0,3,0.0052173913043478265,0.0014715715466770106,0.01385762070351449,0.03892198178642064,0,0.0,0.0,0.004357176858116289,0.0,0.0
MAR02724,547,0.000194718078634914,3.794733934664014e-05,1.6675870398814054e-06,0.0,27,0.04936014625228519,0.033527819653769685,0.06994024367082832,0.003944844037729559,0,0.0,0.0,0.004579600085029117,0.0,0.0
MAR00413,538,0.0001905829190397258,4.9192738909900395e-05,1.6321306219736642e-06,0.0,15,0.027881040892193308,0.016387730180042956,0.04442444342144756,0.006835574030225127,0,0.0,0.0,0.004655996327465773,0.0,0.0
MAR02720,561,0.00018985880394334744,3.702175792450248e-05,1.6259716770170061e-06,0.0,27,0.0481283422459893,0.03268474655925141,0.06821419338935863,0.003944844037725874,0,0.0,0.0,0.004465620583537596,0.0,0.0
MAR03428,569,0.00018718943586722687,3.651283154140998e-05,1.603110915249518e-06,0.0,27,0.04745166959578207,0.03222175859799402,0.06726559104886097,0.003944844037728508,0,0.0,0.0,0.004403001029543098,0.0,0.0
MAR03437,568,0.00018051691981178325,4.6626618206594285e-05,1.5459265399662782e-06,0.0,15,0.02640845070422535,0.015517742373297363,0.04209813696550799,0.0068355740302166144,0,0.0,0.0,0.004410732264444036,0.0,0.0
MAR00412,581,0.00017647781488016592,4.559591713678559e-05,1.511336100926293e-06,0.0,15,0.025817555938037865,0.015168789786266793,0.04116404909392233,0.006835574030225139,0,0.0,0.0,0.004312296689115291,0.0,0.0
MAR00566,583,0.00017587240214673062,4.544137756522641e-05,1.5061514145577522e-06,0.0,15,0.025728987993138937,0.015116492968494072,0.04102400962765421,0.0068355740302204065,0,0.0,0.0,0.004297541386555887,0.0,0.0
MAR00360,550,0.00017543952973025513,3.489858937748513e-05,1.5041949748126234e-06,0.0,25,0.045454545454545456,0.03036786596536766,0.06530343552083938,0.0038596696545146764,0,0.0,0.0,0.0045546887593671224,0.0,0.0
MAR00361,569,0.00016958126776301294,3.375814810270148e-05,1.4539670231890693e-06,0.0,25,0.043936731107205626,0.02934657850519214,0.06314586073523193,0.003859669654530032,0,0.0,0.0,0.004403001029543098,0.0,0.0
MAR00376,554,0.00016802936166272422,4.6086945183363406e-05,1.4398414260358664e-06,0.0,14,0.02527075812274368,0.014555235948077566,0.04091694075470359,0.006649161882993028,0,0.0,0.0,0.004521892203603858,0.0,0.0
MAR00573,557,0.00016712435610174528,4.5841465003920234e-05,1.432086445099724e-06,0.0,14,0.025134649910233394,0.014476450114707053,0.040698430193551474,0.0066491618829818645,0,0.0,0.0,0.004497603075155535,0.0,0.0
MAR07703,549,0.0001663365223568712,0.00016568491149340387,1.4261483953368437e-06,0.0,2,0.0036429872495446266,0.0007577722896811624,0.011634956575945635,0.0456593753929226,0,0.0,0.0,0.004562962366977274,0.0,0.0
MAR04889,531,0.00016615161943137126,5.365760506187054e-05,1.4218036039578002e-06,0.0,10,0.018832391713747645,0.009722633130526431,0.03314868522779617,0.008822650991210379,0,0.0,0.0,0.004717200964344275,0.0,0.0
MAR03768,551,0.00016500806040403327,0.00016306058411994675,1.4148012518148554e-06,0.0,2,0.003629764065335753,0.000755019041601116,0.011592912778088896,0.04545972064417465,0,0.0,0.0,0.004546445100963565,0.0,0.0
MAR00701,587,0.0001643811607367369,3.274437331563004e-05,1.4093820036695476e-06,0.0,25,0.04258943781942078,0.028440455394743335,0.06122934400678671,0.0038596696545192244,0,0.0,0.0,0.004268331649559446,0.0,0.0
MAR00377,570,0.00016331274799934878,4.4807248648813155e-05,1.3994248245816393e-06,0.0,14,0.02456140350877193,0.014144675131654636,0.03977790810260423,0.0066491618829798435,0,0.0,0.0,0.004395296850147243,0.0,0.0
MAR03885,549,0.00016070402532737427,5.191212334510292e-05,1.3751870921494206e-06,0.0,10,0.018214936247723135,0.009402578227612233,0.03207004572803631,0.008822650991223181,0,0.0,0.0,0.004562962366977274,0.0,0.0
MAR03166,552,0.00015983063388944532,5.163218967174713e-05,1.367713249288764e-06,0.0,10,0.018115942028985508,0.009351273211755115,0.031897060001501255,0.00882265099126013,0,0.0,0.0,0.004538231229443332,0.0,0.0
MAR03164,552,0.00015983063388401322,5.163218967156127e-05,1.3677132492454597e-06,0.0,10,0.018115942028985508,0.009351273211755115,0.031897060001501255,0.00882265099122176,0,0.0,0.0,0.004538231229443332,0.0,0.0
MAR09675,573,0.00015936954760697495,0.00015874527714492863,1.366414431203367e-06,0.0,2,0.0034904013961605585,0.0007260030291364225,0.011149718710512123,0.04565937539297235,0,0.0,0.0,0.0043723452321952965,0.0,0.0
MAR08779,571,0.0001593011657482293,0.00015930116575825167,1.3658281501735767e-06,0.0,1,0.0017513134851138354,0.00018902752724047776,0.008156138766443392,0.0909609656479517,0,0.0,0.0,0.00438761958448344,0.0,0.0
MAR03163,557,0.0001583958885220882,5.117228211018966e-05,1.355435751538065e-06,0.0,10,0.017953321364452424,0.00926699785679661,0.03161286034891984,0.008822650991214641,0,0.0,0.0,0.004497603075155535,0.0,0.0
MAR11257,562,0.0001569866724273056,5.072049452092955e-05,1.3433767145645254e-06,0.0,10,0.017793594306049824,0.009184227965174948,0.03133368011258039,0.008822650991221752,0,0.0,0.0,0.0044576959055467585,0.0,0.0
MAR03958,532,0.0001557401136544881,0.00015249150342274765,1.3107527371095785e-06,0.0,3,0.005639097744360902,0.0015907000696124903,0.014971894197721429,0.027617913489213636,0,0.0,0.0,0.004708359112657833,0.0,0.0
MAR00161,575,0.00015343740853908226,4.9582339869283955e-05,1.3130047193587704e-06,0.0,10,0.017391304347826087,0.008975788904784367,0.030630369589449813,0.00882265099123313,0,0.0,0.0,0.004357176858116289,0.0,0.0
MAR09868,559,0.00015274815414704105,8.805259547029948e-05,1.3092379376568848e-06,0.0,3,0.005366726296958855,0.0015137542416732487,0.01425230697857638,0.02846207272564047,0,0.0,0.0,0.004481554769642852,0.0,0.0
MAR09839,561,0.00015220359744842342,8.77392456419402e-05,1.3045704227323123e-06,0.0,3,0.0053475935828877,0.0015083496238391153,0.014201746057970002,0.028462072725678397,0,0.0,0.0,0.004465620583537596,0.0,0.0
MAR04677,582,0.00015159194142685056,4.8990390077444226e-05,1.2972125663920777e-06,0.0,10,0.01718213058419244,0.008867424060863018,0.030264584658747866,0.00882265099121039,0,0.0,0.0,0.004304906394243486,0.0,0.0
MAR10193,549,0.00014622179162099893,0.00010330003937324955,1.253299052754498e-06,0.0,2,0.0036429872495446266,0.0007577722896811624,0.011634956575945635,0.04013788180473905,0,0.0,0.0,0.004562962366977274,0.0,0.0
MAR06280,555,0.0001446410154906551,0.00010218429377467602,1.2397498737682052e-06,0.0,2,0.0036036036036036037,0.0007495721334773993,0.011509730203966763,0.04013788180475325,0,0.0,0.0,0.004513766730450679,0.0,0.0
MAR10186,550,0.00014368969941020018,0.0001436896994261712,1.2089159850360972e-06,0.0,1,0.0018181818181818182,0.00019624751803256043,0.008466374340576151,0.0790293346843782,0,0.0,0.0,0.0045546887593671224,0.0,0.0
MAR11256,551,0.00014342891957051725,0.00014342891957240344,1.2067219452499797e-06,0.0,1,0.0018148820326678765,0.00019589122504018103,0.008451067020723334,0.0790293346843924,0,0.0,0.0,0.004546445100963565,0.0,0.0
MAR04741,551,0.0001434289195490849,0.00014342891957244236,1.2067219450753206e-06,0.0,1,0.0018148820326678765,0.00019589122504018103,0.008451067020723334,0.0790293346843924,0,0.0,0.0,0.004546445100963565,0.0,0.0
MAR09803,552,0.00014316908457155282,0.00014316908457310027,1.2045358547698817e-06,0.0,1,0.0018115942028985507,0.0001955362234237725,0.008435814952354516,0.0790293346843498,0,0.0,0.0,0.004538231229443332,0.0,0.0
MAR02601,554,0.00014265222865382206,0.00014265222867222165,1.2001873497452377e-06,0.0,1,0.0018050541516245488,0.0001948300663369036,0.008405475377803737,0.0790293346843924,0,0.0,0.0,0.004521892203603858,0.0,0.0
MAR02600,556,0.00014213909114389934,0.00014213909115890397,1.1958701290890884e-06,0.0,1,0.0017985611510791368,0.00019412899131147516,0.00837535325375638,0.0790293346843356,0,0.0,0.0,0.0045056704064922026,0.0,0.0
MAR11359,557,0.00014188390426980558,0.0001418839042808216,1.1937231450479644e-06,0.0,1,0.0017953321364452424,0.00019378034245828791,0.008360373006427606,0.0790293346844066,0,0.0,0.0,0.004497603075155535,0.0,0.0
MAR03098,567,0.0001415798299844675,0.0001000235805605955,1.2135117812564072e-06,0.0,2,0.003527336860670194,0.0007336929653979501,0.011267193807953008,0.040137881804739,0,0.0,0.0,0.00441849069762059,0.0,0.0
MAR00112,567,0.0001400318293910611,4.1871286809763865e-05,1.198755974213941e-06,0.0,11,0.019400352733686066,0.010350026143389101,0.033323781823246724,0.007218004296836419,0,0.0,0.0,0.00441849069762059,0.0,0.0
MAR04886,565,0.0001398749286470048,0.00013987492864491347,1.1768208705390217e-06,0.0,1,0.0017699115044247787,0.00019103559666581332,0.008242432959048623,0.0790293346843782,0,0.0,0.0,0.004434089734923025,0.0,0.0
MAR09972,571,0.00013840513954714942,0.00013840513955238497,1.1644549769126034e-06,0.0,1,0.0017513134851138354,0.00018902752724047776,0.008156138766443392,0.0790293346844066,0,0.0,0.0,0.00438761958448344,0.0,0.0
MAR09804,571,0.00013840513953288877,0.00013840513955241,1.1644549767977799e-06,0.0,1,0.0017513134851138354,0.00018902752724047776,0.008156138766443392,0.0790293346844066,0,0.0,0.0,0.00438761958448344,0.0,0.0
MAR02731,556,0.00013798395375096164,4.137055531196898e-05,1.1793004931418044e-06,0.0,11,0.019784172661870502,0.010555660705271787,0.033977972462638874,0.006974461663111973,0,0.0,0.0,0.0045056704064922026,0.0,0.0
MAR12726,564,0.00012939720075232357,9.187362362094176e-05,1.109091793591541e-06,0.0,2,0.0035460992907801418,0.0007375993485767297,0.011326864565964682,0.036490010613398696,0,0.0,0.0,0.004441930629657058,0.0,0.0
MAR13023,537,9.966526075185788e-05,7.874547683286907e-05,8.542528135419494e-07,0.0,2,0.0037243947858473,0.0007747228901416107,0.011893765889924666,0.026760122517259753,0,0.0,0.0,0.004664642427888463,0.0,0.0
MAR12712,541,9.892836418513814e-05,7.816357967479175e-05,8.47936711413141e-07,0.0,2,0.0036968576709796672,0.0007689890540266452,0.011806226217118193,0.02676012251729525,0,0.0,0.0,0.004630249273041442,0.0,0.0
MAR12724,566,9.455873679067182e-05,7.47129636568442e-05,8.104836764478709e-07,0.0,2,0.0035335689045936395,0.0007349904875443157,0.011287014082813424,0.026760122517288147,0,0.0,0.0,0.0044262764728495866,0.0,0.0
MAR12984,567,9.439196655205788e-05,7.458126481446636e-05,8.09054252140622e-07,0.0,2,0.003527336860670194,0.0007336929653979501,0.011267193807953008,0.02676012251729525,0,0.0,0.0,0.00441849069762059,0.0,0.0
MAR12858,568,9.422578349331408e-05,7.44500294537321e-05,8.076298606946368e-07,0.0,2,0.0035211267605633804,0.0007324000163667342,0.011247443020241991,0.02676012251727395,0,0.0,0.0,0.004410732264444036,0.0,0.0
MAR05344,560,7.674808013355e-05,6.147018390977487e-05,6.578642629852006e-07,0.0,2,0.0035714285714285713,0.000742873029108817,0.011407415716412557,0.021489462439163252,0,0.0,0.0,0.0044735734878779895,0.0,0.0
MAR01626,581,7.397405313098738e-05,5.924944043264526e-05,6.340860365325416e-07,0.0,2,0.0034423407917383822,0.0007159970783079979,0.010996843550988483,0.02148946243915615,0,0.0,0.0,0.004312296689115291,0.0,0.0
MAR08772,544,7.378287094672574e-05,7.37828709648099e-05,6.324091726860572e-07,0.0,1,0.001838235294117647,0.0001984127938335734,0.0085593955382206,0.0401378818048385,0,0.0,0.0,0.004604785407758596,0.0,0.0
MAR08773,545,7.364748953563869e-05,7.364748955011077e-05,6.312487889128202e-07,0.0,1,0.001834862385321101,0.000198048602520935,0.008543750316034965,0.0401378818047959,0,0.0,0.0,0.004596359577531593,0.0,0.0
MAR11505,550,7.362848533548746e-05,7.297968131127161e-05,6.310876096292445e-07,0.0,2,0.0036363636363636364,0.0007563931602127227,0.011613896626511126,0.020247833471380202,0,0.0,0.0,0.0045546887593671224,0.0,0.0
MAR04344,548,7.324430984111283e-05,7.324430986280582e-05,6.27793047307847e-07,0.0,1,0.0018248175182481751,0.00019696400643367813,0.008497155940003023,0.0401378818047959,0,0.0,0.0,0.004571266087298871,0.0,0.0
MAR11502,554,7.309687171749325e-05,7.24527607130473e-05,6.265310203442709e-07,0.0,2,0.0036101083032490976,0.0007509264792946119,0.011530413736258667,0.020247833471394448,0,0.0,0.0,0.004521892203603858,0.0,0.0
MAR06284,550,7.297796690251472e-05,7.297796691778686e-05,6.255101635488408e-07,0.0,1,0.0018181818181818182,0.00019624751803256043,0.008466374340576151,0.0401378818047675,0,0.0,0.0,0.0045546887593671224,0.0,0.0
MAR06344,538,7.253150290444583e-05,3.560624249217552e-05,6.217826766283952e-07,0.0,5,0.00929368029739777,0.0035548138219073985,0.02024974551212411,0.0078043897132118595,0,0.0,0.0,0.004655996327465773,0.0,0.0
MAR10367,548,7.251892331006012e-05,7.251892332071177e-05,6.215756002162524e-07,0.0,1,0.0018248175182481751,0.00019696400643367813,0.008497155940003023,0.0397403699797394,0,0.0,0.0,0.004571266087298871,0.0,0.0
MAR10392,556,7.219043488655225e-05,7.219043490058387e-05,6.187600538793199e-07,0.0,1,0.0017985611510791368,0.00019412899131147516,0.00837535325375638,0.0401378818047106,0,0.0,0.0,0.0045056704064922026,0.0,0.0
MAR04109,561,7.218478955280295e-05,7.154872998600184e-05,6.187133428391116e-07,0.0,2,0.0035650623885918,0.0007415475517645725,0.011387170712773455,0.0202478334713589,0,0.0,0.0,0.004465620583537596,0.0,0.0
MAR04788,562,7.20563468583204e-05,7.142142110504296e-05,6.176124293503002e-07,0.0,2,0.0035587188612099642,0.0007402267959871154,0.011366997439736772,0.020247833471394448,0,0.0,0.0,0.0044576959055467585,0.0,0.0
MAR07993,558,7.193168780981227e-05,7.193168782216066e-05,6.165422759220199e-07,0.0,1,0.0017921146953405018,0.00019343294368242116,0.008345446250798376,0.0401378818047533,0,0.0,0.0,0.004489564580987142,0.0,0.0
MAR10438,560,7.16747889227216e-05,7.167478893700872e-05,6.143403392067417e-07,0.0,1,0.0017857142857142857,0.00019274186956587947,0.008315752072668547,0.0401378818047106,0,0.0,0.0,0.0044735734878779895,0.0,0.0
MAR09983,560,7.167478892160515e-05,7.167478893711253e-05,6.14340339196494e-07,0.0,1,0.0017857142857142857,0.00019274186956587947,0.008315752072668547,0.0401378818047675,0,0.0,0.0,0.0044735734878779895,0.0,0.0
MAR07706,565,7.104049875071149e-05,7.104049876953332e-05,6.089036989990554e-07,0.0,1,0.0017699115044247787,0.00019103559666581332,0.008242432959048623,0.0401378818047675,0,0.0,0.0,0.004434089734923025,0.0,0.0
MAR11941,566,7.091498550416946e-05,7.091498552082005e-05,6.078278974284388e-07,0.0,1,0.0017667844522968198,0.00019069796088081286,0.008227924009674635,0.0401378818047675,0,0.0,0.0,0.0044262764728495866,0.0,0.0
MAR11503,572,7.079662051439508e-05,7.01728143880599e-05,6.068150092541086e-07,0.0,2,0.0034965034965034965,0.0007272734712394761,0.011169127483471916,0.02024783347138025,0,0.0,0.0,0.004379969091767465,0.0,0.0
MAR11942,567,7.078991497783497e-05,7.078991499975382e-05,6.067558905112916e-07,0.0,1,0.001763668430335097,0.00019036151646349572,0.008213466049762475,0.0401378818048385,0,0.0,0.0,0.00441849069762059,0.0,0.0
MAR11504,573,7.06730661941713e-05,7.005035065521675e-05,6.057559952056645e-07,0.0,2,0.0034904013961605585,0.0007260030291364225,0.011149718710512123,0.02024783347140155,0,0.0,0.0,0.0043723452321952965,0.0,0.0
MAR12727,568,7.066528485618972e-05,7.066528486759349e-05,6.05687658392442e-07,0.0,1,0.0017605633802816902,0.00019002625711924957,0.00819905881099314,0.0401378818047817,0,0.0,0.0,0.004410732264444036,0.0,0.0
MAR07705,568,7.066528484915937e-05,7.066528486758085e-05,6.056876583376492e-07,0.0,1,0.0017605633802816902,0.00019002625711924957,0.00819905881099314,0.0401378818047675,0,0.0,0.0,0.004410732264444036,0.0,0.0
MAR08775,574,6.992662333629448e-05,6.992662335335742e-05,5.993564284708584e-07,0.0,1,0.0017421602787456446,0.00018803924061887482,0.008113665731250394,0.0401378818048101,0,0.0,0.0,0.004364747866934595,0.0,0.0
MAR07707,577,6.95630533826399e-05,6.956305338782095e-05,5.962401906328358e-07,0.0,1,0.0017331022530329288,0.00018706123430587635,0.008071632758268285,0.0401378818047675,0,0.0,0.0,0.004342113363096878,0.0,0.0
MAR04139,585,6.86117637525576e-05,6.861176376915316e-05,5.880864785357913e-07,0.0,1,0.0017094017094017094,0.00018450227356739518,0.0079616449427644,0.040137881804938,0,0.0,0.0,0.004282886715357432,0.0,0.0
MAR04345,552,6.127169993285681e-05,6.127169993770552e-05,5.153484428211833e-07,0.0,1,0.0018115942028985507,0.0001955362234237725,0.008435814952354516,0.0338219783656086,0,0.0,0.0,0.004538231229443332,0.0,0.0
MAR03022,542,5.738799716290658e-05,5.211982163179021e-05,4.919358974553074e-07,0.0,2,0.0036900369003690036,0.0007675688320628675,0.011784542272001944,0.01555214723267535,0,0.0,0.0,0.00462173008405905,0.0,0.0
MAR00341,543,5.7282310242460226e-05,5.20238554983999e-05,4.910299381561855e-07,0.0,2,0.003683241252302026,0.0007661538463600495,0.011762937831878123,0.0155521472327251,0,0.0,0.0,0.004613242186326175,0.0,0.0
MAR00340,549,5.6656274053609275e-05,5.145539894280253e-05,4.856634906475359e-07,0.0,2,0.0036429872495446266,0.0007577722896811624,0.011634956575945635,0.01555214723269665,0,0.0,0.0,0.004562962366977274,0.0,0.0
MAR00618,554,5.6144935842617264e-05,5.099108920612506e-05,4.812802461655976e-07,0.0,2,0.0036101083032490976,0.0007509264792946119,0.011530413736258667,0.01555214723268245,0,0.0,0.0,0.004521892203603858,0.0,0.0
MAR00777,554,5.6144935840308706e-05,5.0991089206283053e-05,4.812802461478445e-07,0.0,2,0.0036101083032490976,0.0007509264792946119,0.011530413736258667,0.0155521472327251,0,0.0,0.0,0.004521892203603858,0.0,0.0
MAR00872,560,5.554338295600088e-05,5.044485988287481e-05,4.761236720790669e-07,0.0,2,0.0035714285714285713,0.000742873029108817,0.011407415716412557,0.0155521472327251,0,0.0,0.0,0.0044735734878779895,0.0,0.0
MAR01005,560,5.554338295539176e-05,5.044485988274953e-05,4.761236720749238e-07,0.0,2,0.0035714285714285713,0.000742873029108817,0.011407415716412557,0.01555214723268955,0,0.0,0.0,0.0044735734878779895,0.0,0.0
MAR02514,575,4.076955693498626e-05,2.2805580438608855e-05,3.487283036545226e-07,0.0,4,0.006956521739130435,0.0023525687105682013,0.016455253758043117,0.00586062381126945,0,0.0,0.0,0.004357176858116289,0.0,0.0
MAR03429,551,3.9720871728954774e-05,1.1351184589741196e-05,3.405681470775425e-07,0.0,12,0.021778584392014518,0.011959223789765367,0.03658910209878583,0.0018238500275770666,0,0.0,0.0,0.004546445100963565,0.0,0.0
MAR02729,555,3.943459517231757e-05,1.1270204498526993e-05,3.381136018447147e-07,0.0,12,0.021621621621621623,0.011872642402664734,0.03632750790196929,0.0018238500275652332,0,0.0,0.0,0.004513766730450679,0.0,0.0
MAR00365,557,3.929299878911835e-05,1.123014612522679e-05,3.3689954949019963e-07,0.0,12,0.02154398563734291,0.011829820141344234,0.03619810842472365,0.0018238500275735165,0,0.0,0.0,0.004497603075155535,0.0,0.0
MAR02726,563,3.88742456848152e-05,1.111166127215911e-05,3.3330914568889166e-07,0.0,12,0.021314387211367674,0.011703186969766742,0.03581538227467414,0.0018238500275687833,0,0.0,0.0,0.004449799303901048,0.0,0.0
MAR02727,565,3.873663773714838e-05,1.1072719874086079e-05,3.3212929031997343e-07,0.0,12,0.021238938053097345,0.011661576250581566,0.03568959895810748,0.0018238500275616746,0,0.0,0.0,0.004434089734923025,0.0,0.0
MAR00571,565,3.8736637734507425e-05,1.1072719874102462e-05,3.3212929029690354e-07,0.0,12,0.021238938053097345,0.011661576250581566,0.03568959895810748,0.001823850027561675,0,0.0,0.0,0.004434089734923025,0.0,0.0
MAR00364,584,3.7476370411172145e-05,1.0715948975115196e-05,3.213237140740706e-07,0.0,12,0.02054794520547945,0.011280550206548183,0.0345372969399895,0.0018238500275569332,0,0.0,0.0,0.004290201536487618,0.0,0.0
MAR02722,548,3.661081530122327e-05,1.631288032380753e-05,3.1389652364030467e-07,0.0,5,0.009124087591240875,0.003489790612288475,0.019882406559483902,0.00401254535841526,0,0.0,0.0,0.004571266087298871,0.0,0.0
MAR00759,545,3.3140799329025724e-05,2.468403501308343e-05,2.8409616334378586e-07,0.0,2,0.003669724770642202,0.0007633394683282928,0.011719965723965947,0.00903086782074775,0,0.0,0.0,0.004596359577531593,0.0,0.0
MAR01795,560,3.192973248621783e-05,1.7649017430883038e-05,2.7292138769454763e-07,0.0,4,0.007142857142857143,0.0024157054708133408,0.016893651597492138,0.004470162550497,0,0.0,0.0,0.0044735734878779895,0.0,0.0
MAR04079,547,2.7522747298736135e-05,2.7522747307689494e-05,2.359035047838413e-07,0.0,1,0.0018281535648994515,0.00019732421611597548,0.008512630827699149,0.0150549427772972,0,0.0,0.0,0.004579600085029117,0.0,0.0
MAR00972,576,2.3282316202250305e-05,1.4709553253065512e-05,1.9880404009369177e-07,0.0,3,0.005208333333333333,0.0014690130515072224,0.01383367736649547,0.0044702047134610665,0,0.0,0.0,0.004349632068826215,0.0,0.0
MAR00697,551,1.8206680747971402e-05,1.8206680771199692e-05,1.560937339426864e-07,0.0,1,0.0018148820326678765,0.00019589122504018103,0.008451067020723334,0.0100318811049078,0,0.0,0.0,0.004546445100963565,0.0,0.0
MAR02509,562,1.7850322238107725e-05,1.7850322250849364e-05,1.5303851859162975e-07,0.0,1,0.0017793594306049821,0.00019205571584528607,0.008286268455670891,0.0100318811049646,0,0.0,0.0,0.0044576959055467585,0.0,0.0
MAR01799,574,1.772484208063433e-05,1.0533595964329068e-05,1.5197038363985863e-07,0.0,3,0.005226480836236934,0.0014741389693753543,0.01388164706548944,0.0033913531202310666,0,0.0,0.0,0.004364747866934595,0.0,0.0
MAR00373,566,1.7724171556863152e-05,1.772417156347812e-05,1.5195697434394805e-07,0.0,1,0.0017667844522968198,0.00019069796088081286,0.008227924009674635,0.010031881104922,0,0.0,0.0,0.0044262764728495866,0.0,0.0
MAR01001,569,1.7630722483577195e-05,1.7630722504267994e-05,1.5115579509721927e-07,0.0,1,0.0017574692442882249,0.00018969217659772826,0.008184702026926947,0.0100318811049078,0,0.0,0.0,0.004403001029543098,0.0,0.0
MAR00372,584,1.7177878593246735e-05,1.717787860426441e-05,1.472733689269799e-07,0.0,1,0.0017123287671232876,0.00018481830831103014,0.007975229215580665,0.0100318811048794,0,0.0,0.0,0.004290201536487618,0.0,0.0
MAR00833,546,1.633412887261189e-05,1.1980682112127512e-05,1.400426541356884e-07,0.0,2,0.003663003663003663,0.0007619400188238152,0.011698597192799653,0.00445921718288385,0,0.0,0.0,0.004587964526068459,0.0,0.0
MAR00927,562,1.586910029344313e-05,1.163985614350888e-05,1.3605567466564044e-07,0.0,2,0.0035587188612099642,0.0007402267959871154,0.011366997439736772,0.00445921718289095,0,0.0,0.0,0.0044576959055467585,0.0,0.0
MAR00611,552,1.090571933466975e-05,1.0905719352723469e-05,9.349461448240417e-08,0.0,1,0.0018115942028985507,0.0001955362234237725,0.008435814952354516,0.0060199570826853,0,0.0,0.0,0.004538231229443332,0.0,0.0
MAR00217,557,1.0807822400564891e-05,1.0807822410584058e-05,9.265534512040322e-08,0.0,1,0.0017953321364452424,0.00019378034245828791,0.008360373006427606,0.0060199570826853,0,0.0,0.0,0.004497603075155535,0.0,0.0
MAR00216,579,1.0397162472785756e-05,1.0397162491692584e-05,8.913476197952476e-08,0.0,1,0.0017271157167530224,0.00018641486244062232,0.008043851889538385,0.0060199570826711,0,0.0,0.0,0.00432715366313485,0.0,0.0
MAR01633,587,1.0255463501476392e-05,1.02554635138927e-05,8.791997822000856e-08,0.0,1,0.0017035775127768314,0.00018387343549898318,0.007934614754339847,0.0060199570826426,0,0.0,0.0,0.004268331649559446,0.0,0.0
MAR05421,558,5.395479778017174e-06,5.39547978299225e-06,4.62506154290435e-08,0.0,1,0.0017921146953405018,0.00019343294368242116,0.008345446250798376,0.0030106777189047,0,0.0,0.0,0.004489564580987142,0.0,0.0
MAR05431,571,5.272640473765841e-06,5.272640488475322e-06,4.5197624104668435e-08,0.0,1,0.0017513134851138354,0.00018902752724047776,0.008156138766443392,0.0030106777189047,0,0.0,0.0,0.00438761958448344,0.0,0.0
MAR00421,526,3.7730254069142024e-06,3.773025408484163e-06,3.234658318571526e-08,0.0,1,0.0019011406844106464,0.00020520511947707027,0.008851141523621202,0.0019846113648611,0,0.0,0.0,0.00476191306791176,0.0,0.0
MAR00982,549,3.61495693220467e-06,3.614956948775356e-06,3.099144387864245e-08,0.0,1,0.0018214936247723133,0.00019660510946013579,0.00848173721268352,0.0019846113648611,0,0.0,0.0,0.004562962366977274,0.0,0.0
MAR00968,553,3.5888089625275655e-06,3.5888089780771245e-06,3.0767274309576276e-08,0.0,1,0.0018083182640144665,0.0001951825061751891,0.008420617836866456,0.0019846113648611,0,0.0,0.0,0.00453004698365408,0.0,0.0
MAR02407,554,3.58233096503479e-06,3.5823309835628664e-06,3.071173769052676e-08,0.0,1,0.0018050541516245488,0.0001948300663369036,0.008405475377803737,0.0019846113648753,0,0.0,0.0,0.004521892203603858,0.0,0.0
MAR00699,561,3.537631664797851e-06,3.537631666447326e-06,3.032852540935279e-08,0.0,1,0.0017825311942959,0.0001923981809462761,0.008300984084252934,0.0019846113648753,0,0.0,0.0,0.004465620583537596,0.0,0.0
MAR00420,567,3.500196391516376e-06,3.5001964107487338e-06,3.000758849218273e-08,0.0,1,0.001763668430335097,0.00019036151646349572,0.008213466049762475,0.0019846113648753,0,0.0,0.0,0.00441849069762059,0.0,0.0
MAR01772,551,2.5555011648243324e-06,2.55550118123141e-06,2.190376109462587e-08,0.0,1,0.0018148820326678765,0.00019589122504018103,0.008451067020723334,0.0014080811508421,0,0.0,0.0,0.004546445100963565,0.0,0.0
MAR01602,563,2.5010322295865227e-06,2.5010322395745793e-06,2.1436895898855338e-08,0.0,1,0.0017761989342806395,0.0001917144677409968,0.008271604908954351,0.0014080811508705,0,0.0,0.0,0.004449799303901048,0.0,0.0
MAR01604,573,2.4573842019223026e-06,2.457384207462548e-06,2.106277907529684e-08,0.0,1,0.0017452006980802793,0.00018836751925962897,0.008127774173760599,0.0014080811508705,0,0.0,0.0,0.0043723452321952965,0.0,0.0
MAR01802,577,2.4403486103227497e-06,2.4403486150350308e-06,2.0916763283056618e-08,0.0,1,0.0017331022530329288,0.00018706123430587635,0.008071632758268285,0.0014080811508705,0,0.0,0.0,0.004342113363096878,0.0,0.0
MAR02612,551,1.1540902817829199e-06,8.15322851872374e-07,9.90302278816884e-09,0.0,2,0.003629764065335753,0.000755019041601116,0.011592912778088896,0.0003179518735549,0,0.0,0.0,0.004546445100963565,0.0,0.0
MAR03398,552,1.1519995390596318e-06,8.138471629221889e-07,9.885082535615497e-09,0.0,2,0.0036231884057971015,0.0007536499065865668,0.011572004618935414,0.00031795187355494997,0,0.0,0.0,0.004538231229443332,0.0,0.0
MAR10345,568,1.1195488349086355e-06,7.909421803199014e-07,9.606629401221045e-09,0.0,2,0.0035211267605633804,0.0007324000163667342,0.011247443020241991,0.00031795187356204997,0,0.0,0.0,0.004410732264444036,0.0,0.0
MAR02613,578,1.1001794875410094e-06,7.772699592592196e-07,9.440424817129655e-09,0.0,2,0.0034602076124567475,0.0007197168205739239,0.01105367792988528,0.00031795187353359997,0,0.0,0.0,0.004334620605899285,0.0,0.0
MAR11280,584,1.0888762778620696e-06,7.692911815578759e-07,9.343434186125783e-09,0.0,2,0.003424657534246575,0.0007123155881642558,0.010940590624988592,0.00031795187356204997,0,0.0,0.0,0.004290201536487618,0.0,0.0
MAR04198,548,6.528925719413405e-07,6.528925876070541e-07,5.597801595159041e-09,0.0,1,0.0018248175182481751,0.00019696400643367813,0.008497155940003023,0.000357785137993,0,0.0,0.0,0.004571266087298871,0.0,0.0
MAR08777,561,6.377631559022615e-07,6.377631693010675e-07,5.468084283689324e-09,0.0,1,0.0017825311942959,0.0001923981809462761,0.008300984084252934,0.0003577851379645,0,0.0,0.0,0.004465620583537596,0.0,0.0
MAR08778,568,6.299034108335093e-07,6.299034119112284e-07,5.400696018796896e-09,0.0,1,0.0017605633802816902,0.00019002625711924957,0.00819905881099314,0.0003577851379645,0,0.0,0.0,0.004410732264444036,0.0,0.0
MAR08776,570,6.276932127564692e-07,6.276932245197603e-07,5.38174612249938e-09,0.0,1,0.0017543859649122807,0.000189359268692463,0.008170395432987091,0.0003577851379645,0,0.0,0.0,0.004395296850147243,0.0,0.0
MAR00453,555,1.4671504986283153e-07,1.0761354513366197e-07,1.2578794584877783e-09,0.0,2,0.0036036036036036037,0.0007495721334773993,0.011509730203966763,4.0713431950223367e-05,0,0.0,0.0,0.004513766730450679,0.0,0.0
MAR09060,561,1.4514590486851862e-07,1.0646348054000942e-07,1.2444262023242063e-09,0.0,2,0.0035650623885918,0.0007415475517645725,0.011387170712773455,4.0713431928907085e-05,0,0.0,0.0,0.004465620583537596,0.0,0.0
MAR09851,579,1.4063360072488872e-07,1.0315619365009887e-07,1.2057394073998986e-09,0.0,2,0.0034542314335060447,0.0007184726195117348,0.011034667975510372,4.07134319857505e-05,0,0.0,0.0,0.00432715366313485,0.0,0.0
MAR02292,546,1.9182051144878896e-14,2.2518771471505936e-14,1.6709853803359487e-16,0.0,0,0.0,0.0,0.004587964526068459,0.0,0,0.0,0.0,0.004587964526068459,0.0,0.0
MAR02293,559,1.8964754235314303e-14,2.251267832496734e-14,1.6521663866303293e-16,0.0,0,0.0,0.0,0.004481554769642852,0.0,0,0.0,0.0,0.004481554769642852,0.0,0.0
MAR04645,521,1.7320331562674225e-14,1.82729287784221e-14,1.4920872589502748e-16,0.0,0,0.0,0.0,0.004807480890035463,0.0,0,0.0,0.0,0.004807480890035463,0.0,0.0
MAR02275,572,1.7167308755602422e-14,2.1935727595056526e-14,1.4980564605794156e-16,0.0,0,0.0,0.0,0.004379969091767465,0.0,0,0.0,0.0,0.004379969091767465,0.0,0.0
MAR02284,548,1.7115262978162997e-14,2.2825431571007255e-14,1.502793493487219e-16,0.0,0,0.0,0.0,0.004571266087298871,0.0,0,0.0,0.0,0.004571266087298871,0.0,0.0
MAR02272,550,1.6484591469634323e-14,2.285229350265804e-14,1.4456227682709774e-16,0.0,0,0.0,0.0,0.0045546887593671224,0.0,0,0.0,0.0,0.0045546887593671224,0.0,0.0
MAR08370,551,1.5268286735752426e-14,1.3704195466881626e-14,1.3125526500882326e-16,0.0,0,0.0,0.0,0.004546445100963565,0.0,0,0.0,0.0,0.004546445100963565,0.0,0.0
MAR04578,542,1.4604144052338587e-14,1.7454806721784246e-14,1.2655805881907215e-16,0.0,0,0.0,0.0,0.00462173008405905,0.0,0,0.0,0.0,0.00462173008405905,0.0,0.0
MAR07956,567,1.448655030932409e-14,1.325910038823493e-14,1.245793838512805e-16,0.0,0,0.0,0.0,0.00441849069762059,0.0,0,0.0,0.0,0.00441849069762059,0.0,0.0
MAR04829,574,1.4408915408096804e-14,1.675592837789407e-14,1.2557110550985906e-16,0.0,0,0.0,0.0,0.004364747866934595,0.0,0,0.0,0.0,0.004364747866934595,0.0,0.0
MAR04548,562,1.3957992531657482e-14,1.692184071601139e-14,1.2028234084945637e-16,0.0,0,0.0,0.0,0.0044576959055467585,0.0,0,0.0,0.0,0.0044576959055467585,0.0,0.0
MAR08357,571,1.3937090438727009e-14,1.3733119907938804e-14,1.1998800169815555e-16,0.0,0,0.0,0.0,0.00438761958448344,0.0,0,0.0,0.0,0.00438761958448344,0.0,0.0
MAR04782,572,1.3689127531601928e-14,1.65446667277535e-14,1.187280989555654e-16,0.0,0,0.0,0.0,0.004379969091767465,0.0,0,0.0,0.0,0.004379969091767465,0.0,0.0
MAR04791,544,1.3453290768987187e-14,1.7397549499317272e-14,1.168063444132589e-16,0.0,0,0.0,0.0,0.004604785407758596,0.0,0,0.0,0.0,0.004604785407758596,0.0,0.0
MAR02303,548,1.3329159349660274e-14,2.3006746457239807e-14,1.1975448578068848e-16,0.0,0,0.0,0.0,0.004571266087298871,0.0,0,0.0,0.0,0.004571266087298871,0.0,0.0
MAR02289,554,1.2851332513206144e-14,2.282866882182783e-14,1.1539346021515097e-16,0.0,0,0.0,0.0,0.004521892203603858,0.0,0,0.0,0.0,0.004521892203603858,0.0,0.0
MAR04908,563,1.2671135110180115e-14,1.7103772433083173e-14,1.1022365946131955e-16,0.0,0,0.0,0.0,0.004449799303901048,0.0,0,0.0,0.0,0.004449799303901048,0.0,0.0
MAR04875,555,1.1957602075674475e-14,1.7914014074447318e-14,1.0589739034872488e-16,0.0,0,0.0,0.0,0.004513766730450679,0.0,0,0.0,0.0,0.004513766730450679,0.0,0.0
MAR04709,558,1.1765976484629613e-14,1.6932901673016812e-14,1.0210181717587515e-16,0.0,0,0.0,0.0,0.004489564580987142,0.0,0,0.0,0.0,0.004489564580987142,0.0,0.0
MAR04993,541,1.1636614859213468e-14,1.778498797621987e-14,1.0185042030866476e-16,0.0,0,0.0,0.0,0.004630249273041442,0.0,0,0.0,0.0,0.004630249273041442,0.0,0.0
MAR04736,543,1.1489070386691857e-14,1.7629113371250603e-14,1.0088500624799051e-16,0.0,0,0.0,0.0,0.004613242186326175,0.0,0,0.0,0.0,0.004613242186326175,0.0,0.0
MAR00075,556,1.1297118316761307e-14,1.125009700652736e-14,9.749102133887701e-17,0.0,0,0.0,0.0,0.0045056704064922026,0.0,0,0.0,0.0,0.0045056704064922026,0.0,0.0
MAR00221,535,1.0917123902706589e-14,1.124356698997386e-14,9.320607435177079e-17,0.0,0,0.0,0.0,0.004682031321548599,0.0,0,0.0,0.0,0.004682031321548599,0.0,0.0
MAR00214,548,1.0813734336202987e-14,1.1478725920703723e-14,9.314307256300843e-17,0.0,0,0.0,0.0,0.004571266087298871,0.0,0,0.0,0.0,0.004571266087298871,0.0,0.0
MAR08350,535,1.0518688723775689e-14,1.5421699174788528e-14,9.318949233523522e-17,0.0,0,0.0,0.0,0.004682031321548599,0.0,0,0.0,0.0,0.004682031321548599,0.0,0.0
MAR04593,555,1.0165242021504854e-14,1.7282312199969844e-14,8.96072110528027e-17,0.0,0,0.0,0.0,0.004513766730450679,0.0,0,0.0,0.0,0.004513766730450679,0.0,0.0
MAR08448,562,9.811052721527362e-15,1.4434376932548223e-14,8.644198135183273e-17,0.0,0,0.0,0.0,0.0044576959055467585,0.0,0,0.0,0.0,0.0044576959055467585,0.0,0.0
MAR08089,550,9.740894959329373e-15,1.4969296504076368e-14,8.605947996059491e-17,0.0,0,0.0,0.0,0.0045546887593671224,0.0,0,0.0,0.0,0.0045546887593671224,0.0,0.0
MAR04703,561,9.676553478087635e-15,1.7415155357909028e-14,8.685405385430089e-17,0.0,0,0.0,0.0,0.004465620583537596,0.0,0,0.0,0.0,0.004465620583537596,0.0,0.0
MAR04704,579,9.645709677157833e-15,1.7053856657349497e-14,8.661336900515859e-17,0.0,0,0.0,0.0,0.00432715366313485,0.0,0,0.0,0.0,0.00432715366313485,0.0,0.0
MAR04991,572,9.564998366001346e-15,1.6528320146748765e-14,8.66277724941005e-17,0.0,0,0.0,0.0,0.004379969091767465,0.0,0,0.0,0.0,0.004379969091767465,0.0,0.0
MAR04819,563,9.38976546013347e-15,1.774684965934063e-14,8.426559746470108e-17,0.0,0,0.0,0.0,0.004449799303901048,0.0,0,0.0,0.0,0.004449799303901048,0.0,0.0
MAR05001,559,9.329845582252475e-15,1.760268958035985e-14,8.423543462382303e-17,0.0,0,0.0,0.0,0.004481554769642852,0.0,0,0.0,0.0,0.004481554769642852,0.0,0.0
MAR04797,550,9.198298688385295e-15,1.809608918457538e-14,8.20802240842249e-17,0.0,0,0.0,0.0,0.0045546887593671224,0.0,0,0.0,0.0,0.0045546887593671224,0.0,0.0
MAR08098,567,8.972638426882393e-15,1.4356983729475903e-14,8.049388996608149e-17,0.0,0,0.0,0.0,0.00441849069762059,0.0,0,0.0,0.0,0.00441849069762059,0.0,0.0
MAR02281,565,8.803184336850798e-15,2.4351460498333008e-14,8.316399339364348e-17,0.0,0,0.0,0.0,0.004434089734923025,0.0,0,0.0,0.0,0.004434089734923025,0.0,0.0
MAR04560,563,8.733491530124142e-15,1.754987859204019e-14,7.879831747979481e-17,0.0,0,0.0,0.0,0.004449799303901048,0.0,0,0.0,0.0,0.004449799303901048,0.0,0.0
MAR07976,563,8.683008920123427e-15,1.4294591750294867e-14,7.772787865998971e-17,0.0,0,0.0,0.0,0.004449799303901048,0.0,0,0.0,0.0,0.004449799303901048,0.0,0.0
MAR08021,528,8.585724723767877e-15,1.514485154787122e-14,7.80002691327204e-17,0.0,0,0.0,0.0,0.0047439268977446615,0.0,0,0.0,0.0,0.0047439268977446615,0.0,0.0
MAR00327,550,8.5006749114572e-15,1.1001548398191813e-14,7.501557087467374e-17,0.0,0,0.0,0.0,0.0045546887593671224,0.0,0,0.0,0.0,0.0045546887593671224,0.0,0.0
MAR08036,554,8.311041385786009e-15,1.4762137904648453e-14,7.591492728795982e-17,0.0,0,0.0,0.0,0.004521892203603858,0.0,0,0.0,0.0,0.004521892203603858,0.0,0.0
MAR07968,534,7.85056580708725e-15,1.8257821559355122e-14,7.215031832975667e-17,0.0,0,0.0,0.0,0.004690774475909901,0.0,0,0.0,0.0,0.004690774475909901,0.0,0.0
MAR00146,577,7.80734999084755e-15,1.0492688407999092e-14,6.858675706283576e-17,0.0,0,0.0,0.0,0.004342113363096878,0.0,0,0.0,0.0,0.004342113363096878,0.0,0.0
MAR04759,570,7.728710459144947e-15,1.749146858330882e-14,7.051050749094687e-17,0.0,0,0.0,0.0,0.004395296850147243,0.0,0,0.0,0.0,0.004395296850147243,0.0,0.0
MAR04943,555,7.681543089298378e-15,1.773981391470078e-14,7.192800067860813e-17,0.0,0,0.0,0.0,0.004513766730450679,0.0,0,0.0,0.0,0.004513766730450679,0.0,0.0
MAR02288,553,7.657928942369253e-15,2.4856208953327848e-14,7.370047815121827e-17,0.0,0,0.0,0.0,0.00453004698365408,0.0,0,0.0,0.0,0.00453004698365408,0.0,0.0
MAR05374,577,7.585690211927587e-15,9.158933485326739e-15,6.607957288145859e-17,0.0,0,0.0,0.0,0.004342113363096878,0.0,0,0.0,0.0,0.004342113363096878,0.0,0.0
MAR00111,555,7.527912227512415e-15,1.2058578598264085e-14,6.715431244288096e-17,0.0,0,0.0,0.0,0.004513766730450679,0.0,0,0.0,0.0,0.004513766730450679,0.0,0.0
MAR00189,575,7.48850257166297e-15,1.1545809703169137e-14,6.634980352661998e-17,0.0,0,0.0,0.0,0.004357176858116289,0.0,0,0.0,0.0,0.004357176858116289,0.0,0.0
MAR00183,547,7.274294918202126e-15,1.1513040029989344e-14,6.384989639757921e-17,0.0,0,0.0,0.0,0.004579600085029117,0.0,0,0.0,0.0,0.004579600085029117,0.0,0.0
MAR08352,571,6.7445562658839636e-15,1.4455709080360798e-14,6.278784804882703e-17,0.0,0,0.0,0.0,0.00438761958448344,0.0,0,0.0,0.0,0.00438761958448344,0.0,0.0
MAR02278,548,6.742376324730875e-15,2.5482235376416975e-14,6.676989030857668e-17,0.0,0,0.0,0.0,0.004571266087298871,0.0,0,0.0,0.0,0.004571266087298871,0.0,0.0
MAR00162,554,6.7206569230738734e-15,1.1431318046083515e-14,5.964771900134618e-17,0.0,0,0.0,0.0,0.004521892203603858,0.0,0,0.0,0.0,0.004521892203603858,0.0,0.0
MAR02282,549,6.7042101479732555e-15,2.540155483508314e-14,6.680718420105402e-17,0.0,0,0.0,0.0,0.004562962366977274,0.0,0,0.0,0.0,0.004562962366977274,0.0,0.0
MAR08102,556,6.670922806956337e-15,1.465331123539995e-14,6.1762675421151e-17,0.0,0,0.0,0.0,0.0045056704064922026,0.0,0,0.0,0.0,0.0045056704064922026,0.0,0.0
MAR00268,566,6.527954462813644e-15,1.1181247617003727e-14,5.810170974050121e-17,0.0,0,0.0,0.0,0.0044262764728495866,0.0,0,0.0,0.0,0.0044262764728495866,0.0,0.0
MAR04813,561,6.408816832345999e-15,1.781621388253761e-14,5.909831234477345e-17,0.0,0,0.0,0.0,0.004465620583537596,0.0,0,0.0,0.0,0.004465620583537596,0.0,0.0
MAR00206,569,6.16885960396291e-15,1.0639078350540972e-14,5.461074863170648e-17,0.0,0,0.0,0.0,0.004403001029543098,0.0,0,0.0,0.0,0.004403001029543098,0.0,0.0
MAR00294,538,6.0224440056989925e-15,1.1688447762430052e-14,5.381542452397812e-17,0.0,0,0.0,0.0,0.004655996327465773,0.0,0,0.0,0.0,0.004655996327465773,0.0,0.0
MAR07995,571,5.948151097956706e-15,1.7252059969755777e-14,5.642198740292666e-17,0.0,0,0.0,0.0,0.00438761958448344,0.0,0,0.0,0.0,0.00438761958448344,0.0,0.0
MAR00266,580,5.929356622549803e-15,1.0845295383484653e-14,5.27395676730857e-17,0.0,0,0.0,0.0,0.004319712401627411,0.0,0,0.0,0.0,0.004319712401627411,0.0,0.0
MAR07997,549,5.927660709984078e-15,1.485788024975837e-14,5.659799908946805e-17,0.0,0,0.0,0.0,0.004562962366977274,0.0,0,0.0,0.0,0.004562962366977274,0.0,0.0
MAR20173,568,5.579261622341632e-15,5.443988601442989e-15,4.859267243349303e-17,0.0,0,0.0,0.0,0.004410732264444036,0.0,0,0.0,0.0,0.004410732264444036,0.0,0.0
MAR04853,549,5.461731047190567e-15,1.8228195331926966e-14,5.235440841968636e-17,0.0,0,0.0,0.0,0.004562962366977274,0.0,0,0.0,0.0,0.004562962366977274,0.0,0.0
MAR05350,537,5.4250004033825144e-15,1.133302632351873e-14,5.09258050781576e-17,0.0,0,0.0,0.0,0.004664642427888463,0.0,0,0.0,0.0,0.004664642427888463,0.0,0.0
MAR08066,546,5.387631732686474e-15,1.7647454207848387e-14,5.240635649476637e-17,0.0,0,0.0,0.0,0.004587964526068459,0.0,0,0.0,0.0,0.004587964526068459,0.0,0.0
MAR00236,559,5.338603739163545e-15,1.2158812214695682e-14,5.02110977599453e-17,0.0,0,0.0,0.0,0.004481554769642852,0.0,0,0.0,0.0,0.004481554769642852,0.0,0.0
MAR08099,557,5.153667239624425e-15,1.474107107799454e-14,4.9531573640005945e-17,0.0,0,0.0,0.0,0.004497603075155535,0.0,0,0.0,0.0,0.004497603075155535,0.0,0.0
MAR04561,545,5.136767667696867e-15,2.0703792764162615e-14,5.005153030182535e-17,0.0,0,0.0,0.0,0.004596359577531593,0.0,0,0.0,0.0,0.004596359577531593,0.0,0.0
MAR04552,570,5.06105878453685e-15,1.9597586460048034e-14,5.0515698211824956e-17,0.0,0,0.0,0.0,0.004395296850147243,0.0,0,0.0,0.0,0.004395296850147243,0.0,0.0
MAR00264,545,5.006392853795937e-15,1.2193652327069948e-14,4.5602563778808564e-17,0.0,0,0.0,0.0,0.004596359577531593,0.0,0,0.0,0.0,0.004596359577531593,0.0,0.0
MAR02295,558,4.915223942713238e-15,2.5113996830621434e-14,5.173314160591778e-17,0.0,0,0.0,0.0,0.004489564580987142,0.0,0,0.0,0.0,0.004489564580987142,0.0,0.0
MAR00386,546,4.8410603974863986e-15,1.2142892447475488e-14,4.4625222763819265e-17,0.0,0,0.0,0.0,0.004587964526068459,0.0,0,0.0,0.0,0.004587964526068459,0.0,0.0
MAR00156,559,4.779321442679745e-15,1.2227194381801234e-14,4.4724376402632176e-17,0.0,0,0.0,0.0,0.004481554769642852,0.0,0,0.0,0.0,0.004481554769642852,0.0,0.0
MAR05373,559,4.7793214426797434e-15,1.0527732354028938e-14,4.382335741335854e-17,0.0,0,0.0,0.0,0.004481554769642852,0.0,0,0.0,0.0,0.004481554769642852,0.0,0.0
MAR00201,556,4.677313692233754e-15,1.1841304053595213e-14,4.393532846905431e-17,0.0,0,0.0,0.0,0.0045056704064922026,0.0,0,0.0,0.0,0.0045056704064922026,0.0,0.0
MAR00164,561,4.5089699452869115e-15,1.0988846697940806e-14,4.257098016574402e-17,0.0,0,0.0,0.0,0.004465620583537596,0.0,0,0.0,0.0,0.004465620583537596,0.0,0.0
MAR02286,590,4.4800321644535134e-15,2.381956532680432e-14,4.743112329155751e-17,0.0,0,0.0,0.0,0.0042466836008472324,0.0,0,0.0,0.0,0.0042466836008472324,0.0,0.0
MAR05309,553,4.4714081744035235e-15,9.919887117283886e-15,4.111874777787344e-17,0.0,0,0.0,0.0,0.00453004698365408,0.0,0,0.0,0.0,0.00453004698365408,0.0,0.0
MAR00320,556,4.370604597661048e-15,1.230359486414338e-14,4.144430227290119e-17,0.0,0,0.0,0.0,0.0045056704064922026,0.0,0,0.0,0.0,0.0045056704064922026,0.0,0.0
MAR05372,586,4.365108956887988e-15,9.35465769869438e-15,4.0349341574219e-17,0.0,0,0.0,0.0,0.004275596795360198,0.0,0,0.0,0.0,0.004275596795360198,0.0,0.0
MAR00323,583,4.3144447420081566e-15,1.147896433281939e-14,4.059936916467912e-17,0.0,0,0.0,0.0,0.004297541386555887,0.0,0,0.0,0.0,0.004297541386555887,0.0,0.0
MAR00380,557,4.311731502458058e-15,1.1975596928433452e-14,3.973654685418566e-17,0.0,0,0.0,0.0,0.004497603075155535,0.0,0,0.0,0.0,0.004497603075155535,0.0,0.0
MAR04849,549,4.193366965141572e-15,1.8101524157044728e-14,4.137280498511625e-17,0.0,0,0.0,0.0,0.004562962366977274,0.0,0,0.0,0.0,0.004562962366977274,0.0,0.0
MAR00263,562,4.121653591775672e-15,1.2184096821910633e-14,4.0171977645933076e-17,0.0,0,0.0,0.0,0.0044576959055467585,0.0,0,0.0,0.0,0.0044576959055467585,0.0,0.0
MAR04821,563,3.93764358005597e-15,1.7605314590178715e-14,3.954458685974658e-17,0.0,0,0.0,0.0,0.004449799303901048,0.0,0,0.0,0.0,0.004449799303901048,0.0,0.0
MAR08386,557,3.92903344010971e-15,1.8106713682374976e-14,4.0900419906579185e-17,0.0,0,0.0,0.0,0.004497603075155535,0.0,0,0.0,0.0,0.004497603075155535,0.0,0.0
MAR00270,563,3.887160970055257e-15,1.1191923999190102e-14,3.67132448715757e-17,0.0,0,0.0,0.0,0.004449799303901048,0.0,0,0.0,0.0,0.004449799303901048,0.0,0.0
MAR04702,558,3.7182523089955004e-15,2.0720297856929907e-14,3.95603376740722e-17,0.0,0,0.0,0.0,0.004489564580987142,0.0,0,0.0,0.0,0.004489564580987142,0.0,0.0
MAR00237,547,3.663127083808928e-15,1.2228532142401475e-14,3.539593087159597e-17,0.0,0,0.0,0.0,0.004579600085029117,0.0,0,0.0,0.0,0.004579600085029117,0.0,0.0
MAR00302,552,3.6299465848613825e-15,1.1880843683927639e-14,3.630162794259641e-17,0.0,0,0.0,0.0,0.004538231229443332,0.0,0,0.0,0.0,0.004538231229443332,0.0,0.0
MAR00167,572,3.627246133600512e-15,1.1815638326812795e-14,3.503756792233195e-17,0.0,0,0.0,0.0,0.004379969091767465,0.0,0,0.0,0.0,0.004379969091767465,0.0,0.0
MAR10393,551,3.610743484806318e-15,3.909372149800751e-15,3.099977288277055e-17,0.0,0,0.0,0.0,0.004546445100963565,0.0,0,0.0,0.0,0.004546445100963565,0.0,0.0
MAR05403,548,3.604578112067661e-15,1.0738588947495738e-14,3.4396330449741956e-17,0.0,0,0.0,0.0,0.004571266087298871,0.0,0,0.0,0.0,0.004571266087298871,0.0,0.0
MAR03312,562,3.4642119145599197e-15,3.670344259640645e-15,2.967625980277865e-17,0.0,0,0.0,0.0,0.0044576959055467585,0.0,0,0.0,0.0,0.0044576959055467585,0.0,0.0
MAR08360,547,3.3513715873145494e-15,1.803374225088435e-14,3.545380946166841e-17,0.0,0,0.0,0.0,0.004579600085029117,0.0,0,0.0,0.0,0.004579600085029117,0.0,0.0
MAR11260,548,3.3452559457318584e-15,2.0422974054614747e-14,3.7478119398492346e-17,0.0,0,0.0,0.0,0.004571266087298871,0.0,0,0.0,0.0,0.004571266087298871,0.0,0.0
MAR00318,550,3.2814155433284637e-15,1.207082964490913e-14,3.2651543357611795e-17,0.0,0,0.0,0.0,0.0045546887593671224,0.0,0,0.0,0.0,0.0045546887593671224,0.0,0.0
MAR09624,572,3.2297397080004553e-15,3.4293718341929503e-15,2.6839413562025866e-17,0.0,0,0.0,0.0,0.004379969091767465,0.0,0,0.0,0.0,0.004379969091767465,0.0,0.0
MAR04879,558,3.208902677626256e-15,2.0392227030839714e-14,3.4316909616144065e-17,0.0,0,0.0,0.0,0.004489564580987142,0.0,0,0.0,0.0,0.004489564580987142,0.0,0.0
MAR06986,566,3.1133321284188144e-15,3.904486217173289e-15,2.6971293835520912e-17,0.0,0,0.0,0.0,0.0044262764728495866,0.0,0,0.0,0.0,0.0044262764728495866,0.0,0.0
MAR07874,592,3.0966220578734095e-15,1.386070268467052e-14,3.1803701603590205e-17,0.0,0,0.0,0.0,0.004232373150611237,0.0,0,0.0,0.0,0.004232373150611237,0.0,0.0
MAR05407,564,2.998389558703969e-15,1.0810120669723825e-14,3.0024339062652583e-17,0.0,0,0.0,0.0,0.004441930629657058,0.0,0,0.0,0.0,0.004441930629657058,0.0,0.0
MAR00147,583,2.9737980707626848e-15,1.1803951807079633e-14,2.994600207247833e-17,0.0,0,0.0,0.0,0.004297541386555887,0.0,0,0.0,0.0,0.004297541386555887,0.0,0.0
MAR04624,556,2.888177307226302e-15,2.0239247003450065e-14,3.205003351412323e-17,0.0,0,0.0,0.0,0.0045056704064922026,0.0,0,0.0,0.0,0.0045056704064922026,0.0,0.0
MAR02294,568,2.877197697620124e-15,2.469502754169872e-14,3.5303371283725e-17,0.0,0,0.0,0.0,0.004410732264444036,0.0,0,0.0,0.0,0.004410732264444036,0.0,0.0
MAR00226,593,2.7319349705447373e-15,1.1331742254443915e-14,2.7352381960418502e-17,0.0,0,0.0,0.0,0.0042252540320499845,0.0,0,0.0,0.0,0.0042252540320499845,0.0,0.0
MAR03071,559,2.6947237921492182e-15,3.868756399578204e-15,2.294562862474246e-17,0.0,0,0.0,0.0,0.004481554769642852,0.0,0,0.0,0.0,0.004481554769642852,0.0,0.0
MAR00105,582,2.6859003757254657e-15,1.1407029287311021e-14,2.729862154358736e-17,0.0,0,0.0,0.0,0.004304906394243486,0.0,0,0.0,0.0,0.004304906394243486,0.0,0.0
MAR04604,562,2.6803391455719023e-15,2.0122314688861912e-14,3.2084987858796025e-17,0.0,0,0.0,0.0,0.0044576959055467585,0.0,0,0.0,0.0,0.0044576959055467585,0.0,0.0
MAR00078,563,2.5998544150369576e-15,1.2162919816221093e-14,2.6290202594113092e-17,0.0,0,0.0,0.0,0.004449799303901048,0.0,0,0.0,0.0,0.004449799303901048,0.0,0.0
MAR00278,544,2.5861665750091896e-15,1.1244611648090441e-14,2.6719880476731448e-17,0.0,0,0.0,0.0,0.004604785407758596,0.0,0,0.0,0.0,0.004604785407758596,0.0,0.0
MAR02283,557,2.551320415655656e-15,2.5137445309077362e-14,3.2329090599872904e-17,0.0,0,0.0,0.0,0.004497603075155535,0.0,0,0.0,0.0,0.004497603075155535,0.0,0.0
MAR12515,567,2.5313868187573245e-15,4.345854903911344e-15,2.2634740562597578e-17,0.0,0,0.0,0.0,0.00441849069762059,0.0,0,0.0,0.0,0.00441849069762059,0.0,0.0
MAR08740,565,2.515195524814515e-15,4.181676018364541e-15,2.2644511377096167e-17,0.0,0,0.0,0.0,0.004434089734923025,0.0,0,0.0,0.0,0.004434089734923025,0.0,0.0
MAR12455,560,2.5122761014374972e-15,5.959756537444085e-15,2.2156747171119546e-17,0.0,0,0.0,0.0,0.0044735734878779895,0.0,0,0.0,0.0,0.0044735734878779895,0.0,0.0
MAR04971,578,2.483211637085467e-15,1.944443919308473e-14,2.8560252316571295e-17,0.0,0,0.0,0.0,0.004334620605899285,0.0,0,0.0,0.0,0.004334620605899285,0.0,0.0
MAR03258,567,2.4812603470987624e-15,3.613661294555298e-15,2.1771702742548356e-17,0.0,0,0.0,0.0,0.00441849069762059,0.0,0,0.0,0.0,0.00441849069762059,0.0,0.0
MAR00083,560,2.436146522606059e-15,1.2178639664237524e-14,2.5942469818695542e-17,0.0,0,0.0,0.0,0.0044735734878779895,0.0,0,0.0,0.0,0.0044735734878779895,0.0,0.0
MAR04923,553,2.3898905759742943e-15,2.0418101486911546e-14,2.7166822006287386e-17,0.0,0,0.0,0.0,0.00453004698365408,0.0,0,0.0,0.0,0.00453004698365408,0.0,0.0
MAR00170,562,2.3769045253184852e-15,1.1991706394615502e-14,2.551421634600323e-17,0.0,0,0.0,0.0,0.0044576959055467585,0.0,0,0.0,0.0,0.0044576959055467585,0.0,0.0
MAR03173,588,2.3443076656030523e-15,3.8475237959495495e-15,1.980663906894842e-17,0.0,0,0.0,0.0,0.004261091151880009,0.0,0,0.0,0.0,0.004261091151880009,0.0,0.0
MAR05327,536,2.3331254010033133e-15,1.0987046371113752e-14,2.4408129351047606e-17,0.0,0,0.0,0.0,0.004673320699286043,0.0,0,0.0,0.0,0.004673320699286043,0.0,0.0
MAR00374,547,2.2602273495842326e-15,1.2350855241542202e-14,2.4502578951658182e-17,0.0,0,0.0,0.0,0.004579600085029117,0.0,0,0.0,0.0,0.004579600085029117,0.0,0.0
MAR11990,547,2.104349601337043e-15,3.9983568913506264e-15,1.760261144086758e-17,0.0,0,0.0,0.0,0.004579600085029117,0.0,0,0.0,0.0,0.004579600085029117,0.0,0.0
MAR12959,562,2.098756123419513e-15,5.230451376936208e-15,1.9924572934286292e-17,0.0,0,0.0,0.0,0.0044576959055467585,0.0,0,0.0,0.0,0.0044576959055467585,0.0,0.0
MAR00272,567,2.0301221021717163e-15,1.2003745840242905e-14,2.140357386547178e-17,0.0,0,0.0,0.0,0.00441849069762059,0.0,0,0.0,0.0,0.00441849069762059,0.0,0.0
MAR05377,567,2.0301221021717147e-15,1.054085284758953e-14,2.2013695915480004e-17,0.0,0,0.0,0.0,0.00441849069762059,0.0,0,0.0,0.0,0.00441849069762059,0.0,0.0
MAR05368,553,2.0044243540429582e-15,1.112876097911029e-14,2.1698956549451923e-17,0.0,0,0.0,0.0,0.00453004698365408,0.0,0,0.0,0.0,0.00453004698365408,0.0,0.0
MAR00248,578,1.9914865604348842e-15,1.1862310511082262e-14,2.195531980328683e-17,0.0,0,0.0,0.0,0.004334620605899285,0.0,0,0.0,0.0,0.004334620605899285,0.0,0.0
MAR04981,582,1.953382091436696e-15,1.984901439267212e-14,2.5591359691303177e-17,0.0,0,0.0,0.0,0.004304906394243486,0.0,0,0.0,0.0,0.004304906394243486,0.0,0.0
MAR03370,572,1.7887789152002524e-15,4.639401814029271e-15,1.6135914182641243e-17,0.0,0,0.0,0.0,0.004379969091767465,0.0,0,0.0,0.0,0.004379969091767465,0.0,0.0
MAR00019,559,1.7541126571537367e-15,1.202499240106731e-14,1.9579036517973695e-17,0.0,0,0.0,0.0,0.004481554769642852,0.0,0,0.0,0.0,0.004481554769642852,0.0,0.0
MAR09768,542,1.5993766376887864e-15,4.03571388243004e-15,1.3998834128924618e-17,0.0,0,0.0,0.0,0.00462173008405905,0.0,0,0.0,0.0,0.00462173008405905,0.0,0.0
MAR04786,534,1.5701131614174468e-15,2.1243344040123328e-14,2.2401003244772294e-17,0.0,0,0.0,0.0,0.004690774475909901,0.0,0,0.0,0.0,0.004690774475909901,0.0,0.0
MAR00254,560,1.5479681029059336e-15,3.643734433092765e-15,1.2827080511976916e-17,0.0,0,0.0,0.0,0.0044735734878779895,0.0,0,0.0,0.0,0.0044735734878779895,0.0,0.0
MAR05347,550,1.5244371421762149e-15,1.0975695486477968e-14,1.8109199653802736e-17,0.0,0,0.0,0.0,0.0045546887593671224,0.0,0,0.0,0.0,0.0045546887593671224,0.0,0.0
MAR08091,560,1.522591576628786e-15,1.8074063239145092e-14,2.0270690534673562e-17,0.0,0,0.0,0.0,0.0044735734878779895,0.0,0,0.0,0.0,0.0044735734878779895,0.0,0.0
MAR08037,545,1.486272878470669e-15,1.812289450872858e-14,2.0578555885989076e-17,0.0,0,0.0,0.0,0.004596359577531593,0.0,0,0.0,0.0,0.004596359577531593,0.0,0.0
MAR04281,563,1.4639956900208114e-15,3.875827156733134e-15,1.3284741875181207e-17,0.0,0,0.0,0.0,0.004449799303901048,0.0,0,0.0,0.0,0.004449799303901048,0.0,0.0
MAR09309,551,1.3927153441395793e-15,4.423449840396593e-15,1.2609875853419773e-17,0.0,0,0.0,0.0,0.004546445100963565,0.0,0,0.0,0.0,0.004546445100963565,0.0,0.0
MAR06660,562,1.390742009494858e-15,2.0502733204068027e-14,2.161118167152024e-17,0.0,0,0.0,0.0,0.0044576959055467585,0.0,0,0.0,0.0,0.0044576959055467585,0.0,0.0
MAR08373,554,1.3851735642976678e-15,1.7839481011995913e-14,1.8761409816610532e-17,0.0,0,0.0,0.0,0.004521892203603858,0.0,0,0.0,0.0,0.004521892203603858,0.0,0.0
MAR11457,568,1.3510319623607533e-15,5.873146702279356e-15,1.2897090363810478e-17,0.0,0,0.0,0.0,0.004410732264444036,0.0,0,0.0,0.0,0.004410732264444036,0.0,0.0
MAR08345,570,1.3213601752731687e-15,1.7300702254655956e-14,1.9381287511103608e-17,0.0,0,0.0,0.0,0.004395296850147243,0.0,0,0.0,0.0,0.004395296850147243,0.0,0.0
MAR10194,552,1.2614707989943805e-15,4.2620858741572e-15,1.1074505981474179e-17,0.0,0,0.0,0.0,0.004538231229443332,0.0,0,0.0,0.0,0.004538231229443332,0.0,0.0
MAR04701,566,1.2553758582333896e-15,2.0406105055539057e-14,1.8985226063645726e-17,0.0,0,0.0,0.0,0.0044262764728495866,0.0,0,0.0,0.0,0.0044262764728495866,0.0,0.0
MAR03737,583,1.218769701132248e-15,4.699172674102762e-15,1.1740725865769315e-17,0.0,0,0.0,0.0,0.004297541386555887,0.0,0,0.0,0.0,0.004297541386555887,0.0,0.0
MAR03545,566,1.2051608239040577e-15,4.364472056346153e-15,1.291852958750417e-17,0.0,0,0.0,0.0,0.0044262764728495866,0.0,0,0.0,0.0,0.0044262764728495866,0.0,0.0
MAR04823,563,1.1358587250161416e-15,1.9916288973622922e-14,1.848843583417152e-17,0.0,0,0.0,0.0,0.004449799303901048,0.0,0,0.0,0.0,0.004449799303901048,0.0,0.0
MAR12230,580,1.102566314110501e-15,4.570526744786035e-15,1.0018037810851915e-17,0.0,0,0.0,0.0,0.004319712401627411,0.0,0,0.0,0.0,0.004319712401627411,0.0,0.0
MAR08457,552,1.081260684852327e-15,3.483573615436944e-15,8.990357125404222e-18,0.0,0,0.0,0.0,0.004538231229443332,0.0,0,0.0,0.0,0.004538231229443332,0.0,0.0
MAR12820,563,1.0601348100150697e-15,6.721528644775514e-15,1.0906059801066119e-17,0.0,0,0.0,0.0,0.004449799303901048,0.0,0,0.0,0.0,0.004449799303901048,0.0,0.0
MAR11239,556,1.0479227397900758e-15,6.0565321925315906e-15,1.0517943104176493e-17,0.0,0,0.0,0.0,0.0045056704064922026,0.0,0,0.0,0.0,0.0045056704064922026,0.0,0.0
MAR05378,551,1.0316409956589461e-15,1.0850954187235973e-14,1.447731422364282e-17,0.0,0,0.0,0.0,0.004546445100963565,0.0,0,0.0,0.0,0.004546445100963565,0.0,0.0
MAR04234,565,1.0060782099258067e-15,4.3689584053841526e-15,8.800357582473682e-18,0.0,0,0.0,0.0,0.004434089734923025,0.0,0,0.0,0.0,0.004434089734923025,0.0,0.0
MAR02287,582,9.52273769575392e-16,2.403562183178307e-14,1.98532155094133e-17,0.0,0,0.0,0.0,0.004304906394243486,0.0,0,0.0,0.0,0.004304906394243486,0.0,0.0
MAR03511,533,9.331705722928146e-16,3.826286589140894e-15,1.021815850834439e-17,0.0,0,0.0,0.0,0.004699550344959981,0.0,0,0.0,0.0,0.004699550344959981,0.0,0.0
MAR12689,552,9.010505707102724e-16,3.978977912338753e-15,8.30454548435108e-18,0.0,0,0.0,0.0,0.004538231229443332,0.0,0,0.0,0.0,0.004538231229443332,0.0,0.0
MAR04699,555,8.961800270848082e-16,2.0442966400534966e-14,1.575868182661435e-17,0.0,0,0.0,0.0,0.004513766730450679,0.0,0,0.0,0.0,0.004513766730450679,0.0,0.0
MAR06661,547,8.833072400674006e-16,2.1134736259913515e-14,1.8193655860773697e-17,0.0,0,0.0,0.0,0.004579600085029117,0.0,0,0.0,0.0,0.004579600085029117,0.0,0.0
MAR12731,561,8.10601338478546e-16,4.034551426415881e-15,7.019277328489183e-18,0.0,0,0.0,0.0,0.004465620583537596,0.0,0,0.0,0.0,0.004465620583537596,0.0,0.0
MAR00271,579,8.099450873949343e-16,1.1667608495822596e-14,1.2351141253759977e-17,0.0,0,0.0,0.0,0.00432715366313485,0.0,0,0.0,0.0,0.00432715366313485,0.0,0.0
MAR10435,555,7.937594525608332e-16,4.4651480640264375e-15,7.54909739717444e-18,0.0,0,0.0,0.0,0.004513766730450679,0.0,0,0.0,0.0,0.004513766730450679,0.0,0.0
MAR05005,549,7.765494379891775e-16,2.1089182744950175e-14,1.5429696650234205e-17,0.0,0,0.0,0.0,0.004562962366977274,0.0,0,0.0,0.0,0.004562962366977274,0.0,0.0
MAR00174,576,7.648203058528877e-16,1.48142213290538e-14,1.2255885787882104e-17,0.0,0,0.0,0.0,0.004349632068826215,0.0,0,0.0,0.0,0.004349632068826215,0.0,0.0
MAR09356,551,7.479397218527374e-16,3.923583485286917e-15,6.45936422289662e-18,0.0,0,0.0,0.0,0.004546445100963565,0.0,0,0.0,0.0,0.004546445100963565,0.0,0.0
MAR12982,572,7.453245480001044e-16,6.719979416874445e-15,5.568185810562613e-18,0.0,0,0.0,0.0,0.004379969091767465,0.0,0,0.0,0.0,0.004379969091767465,0.0,0.0
MAR00212,539,7.382262189715334e-16,1.2448913430166101e-14,1.1781991485561431e-17,0.0,0,0.0,0.0,0.004647382219459146,0.0,0,0.0,0.0,0.004647382219459146,0.0,0.0
MAR05989,564,7.306999764908831e-16,3.9378279699115654e-15,6.089108786974387e-18,0.0,0,0.0,0.0,0.004441930629657058,0.0,0,0.0,0.0,0.004441930629657058,0.0,0.0
MAR12970,555,6.913388780368543e-16,6.655239930354289e-15,5.6131515091666786e-18,0.0,0,0.0,0.0,0.004513766730450679,0.0,0,0.0,0.0,0.004513766730450679,0.0,0.0
MAR03756,575,6.425777784265256e-16,3.9256993641435795e-15,7.067043426943685e-18,0.0,0,0.0,0.0,0.004357176858116289,0.0,0,0.0,0.0,0.004357176858116289,0.0,0.0
MAR03685,546,6.246529545143734e-16,3.7802742577973475e-15,6.971469986855135e-18,0.0,0,0.0,0.0,0.004587964526068459,0.0,0,0.0,0.0,0.004587964526068459,0.0,0.0
MAR08051,572,5.714154868000805e-16,1.7110918742560407e-14,1.2727434195931922e-17,0.0,0,0.0,0.0,0.004379969091767465,0.0,0,0.0,0.0,0.004379969091767465,0.0,0.0
MAR00330,550,5.684341886080819e-16,1.5560574758376906e-14,1.1241603041421467e-17,0.0,0,0.0,0.0,0.0045546887593671224,0.0,0,0.0,0.0,0.0045546887593671224,0.0,0.0
MAR00397,553,5.139549625751186e-16,3.1298656122666215e-15,4.443994687111772e-18,0.0,0,0.0,0.0,0.00453004698365408,0.0,0,0.0,0.0,0.00453004698365408,0.0,0.0
MAR01152,563,4.795847950068186e-16,3.611776381379838e-15,3.803498451815673e-18,0.0,0,0.0,0.0,0.004449799303901048,0.0,0,0.0,0.0,0.004449799303901048,0.0,0.0
MAR05341,564,4.0314481461565967e-16,1.078743592129535e-14,8.58410189532959e-18,0.0,0,0.0,0.0,0.004441930629657058,0.0,0,0.0,0.0,0.004441930629657058,0.0,0.0
MAR08050,601,4.0197093204398345e-16,1.678521667278178e-14,1.1664163601482692e-17,0.0,0,0.0,0.0,0.004169151820222411,0.0,0,0.0,0.0,0.004169151820222411,0.0,0.0
MAR03158,576,3.9474596431116675e-16,4.29358087355561e-15,4.0522112016961e-18,0.0,0,0.0,0.0,0.004349632068826215,0.0,0,0.0,0.0,0.004349632068826215,0.0,0.0
MAR08512,573,3.720119035393198e-16,3.326636766519119e-15,4.054742785051498e-18,0.0,0,0.0,0.0,0.0043723452321952965,0.0,0,0.0,0.0,0.0043723452321952965,0.0,0.0
MAR00368,559,3.5590691594423693e-16,1.1927717340317558e-14,9.700150982705529e-18,0.0,0,0.0,0.0,0.004481554769642852,0.0,0,0.0,0.0,0.004481554769642852,0.0,0.0
MAR04692,578,3.4420755365540904e-16,1.9514697166096526e-14,1.1157833522269495e-17,0.0,0,0.0,0.0,0.004334620605899285,0.0,0,0.0,0.0,0.004334620605899285,0.0,0.0
MAR02709,568,3.252484353831455e-16,4.582512545692415e-15,4.130201017418425e-18,0.0,0,0.0,0.0,0.004410732264444036,0.0,0,0.0,0.0,0.004410732264444036,0.0,0.0
MAR02064,546,3.1232647725718726e-16,3.629031094275704e-15,3.5924961280604064e-18,0.0,0,0.0,0.0,0.004587964526068459,0.0,0,0.0,0.0,0.004587964526068459,0.0,0.0
MAR03666,570,2.99175888741095e-16,6.023283422575547e-15,4.4676697473918335e-18,0.0,0,0.0,0.0,0.004395296850147243,0.0,0,0.0,0.0,0.004395296850147243,0.0,0.0
MAR04597,570,2.99175888741092e-16,1.9837666647475338e-14,1.0933883651832086e-17,0.0,0,0.0,0.0,0.004395296850147243,0.0,0,0.0,0.0,0.004395296850147243,0.0,0.0
MAR08796,572,2.732856676000389e-16,4.684618091529493e-15,4.2344015281377375e-18,0.0,0,0.0,0.0,0.004379969091767465,0.0,0,0.0,0.0,0.004379969091767465,0.0,0.0
MAR03239,542,2.6219289142439185e-16,3.852866880900552e-15,3.865750668355477e-18,0.0,0,0.0,0.0,0.00462173008405905,0.0,0,0.0,0.0,0.00462173008405905,0.0,0.0
MAR00225,560,2.537652627714654e-16,1.205111275240555e-14,7.389307220199156e-18,0.0,0,0.0,0.0,0.0044735734878779895,0.0,0,0.0,0.0,0.0044735734878779895,0.0,0.0
MAR04878,566,2.0086013731733995e-16,2.0054086701732367e-14,1.0315905865733465e-17,0.0,0,0.0,0.0,0.0044262764728495866,0.0,0,0.0,0.0,0.0044262764728495866,0.0,0.0
MAR02963,543,1.8319702211126083e-16,4.440899009037621e-15,3.0389969714235658e-18,0.0,0,0.0,0.0,0.004613242186326175,0.0,0,0.0,0.0,0.004613242186326175,0.0,0.0
MAR07864,584,1.7033558733975004e-16,4.544380095723275e-15,3.316862124696748e-18,0.0,0,0.0,0.0,0.004290201536487618,0.0,0,0.0,0.0,0.004290201536487618,0.0,0.0
MAR04599,542,1.5731573485463025e-16,2.0660359599932188e-14,1.0497164557721465e-17,0.0,0,0.0,0.0,0.00462173008405905,0.0,0,0.0,0.0,0.00462173008405905,0.0,0.0
MAR11507,554,1.5390817381085222e-16,4.493847405315504e-15,2.644067607081004e-18,0.0,0,0.0,0.0,0.004521892203603858,0.0,0,0.0,0.0,0.004521892203603858,0.0,0.0
MAR01526,556,1.53354547286353e-16,3.703484737853406e-15,1.2762514533185565e-18,0.0,0,0.0,0.0,0.0045056704064922026,0.0,0,0.0,0.0,0.0045056704064922026,0.0,0.0
MAR12743,525,5.413658939124611e-17,4.7148418219190276e-15,1.508650903652769e-18,0.0,0,0.0,0.0,0.0047709573947254695,0.0,0,0.0,0.0,0.0047709573947254695,0.0,0.0
MAR02071,562,2.5286218354452684e-17,2.9869678800135373e-15,1.6431724059030452e-19,0.0,0,0.0,0.0,0.0044576959055467585,0.0,0,0.0,0.0,0.0044576959055467585,0.0,0.0
MAR04213,548,7.370379260459088e-31,4.306804295035555e-15,3.208754233680677e-19,0.0,0,0.0,0.0,0.004571266087298871,0.0,0,0.0,0.0,0.004571266087298871,0.0,0.0
MAR10321,559,-5.084384513489017e-17,4.468568421077604e-15,1.3347792625832002e-18,0.0,0,0.0,0.0,0.004481554769642852,0.0,0,0.0,0.0,0.004481554769642852,0.0,0.0
MAR00408,551,-5.158204978294628e-17,1.2275854780685095e-14,6.319471997438137e-18,0.0,0,0.0,0.0,0.004546445100963565,0.0,0,0.0,0.0,0.004546445100963565,0.0,0.0
MAR05319,534,-7.983626244495469e-17,3.502845042030898e-15,1.496625768122298e-19,0.0,0,0.0,0.0,0.004690774475909901,0.0,0,0.0,0.0,0.004690774475909901,0.0,0.0
MAR08023,588,-9.667248105579526e-17,1.672396081430658e-14,8.029311581048313e-18,0.0,0,0.0,0.0,0.004261091151880009,0.0,0,0.0,0.0,0.004261091151880009,0.0,0.0
MAR12172,564,-1.2598275456739437e-16,5.270147835561053e-15,-2.1558084969543045e-18,0.0,0,0.0,0.0,0.004441930629657058,0.0,0,0.0,0.0,0.004441930629657058,0.0,0.0
MAR03084,555,-1.280257181549723e-16,4.520821618877549e-15,-1.231519069344043e-19,0.0,0,0.0,0.0,0.004513766730450679,0.0,0,0.0,0.0,0.004513766730450679,0.0,0.0
MAR02965,571,-1.493259689863601e-16,4.295852307881459e-15,-6.675713253199157e-19,0.0,0,0.0,0.0,0.00438761958448344,0.0,0,0.0,0.0,0.00438761958448344,0.0,0.0
MAR11874,566,-1.5064510298800648e-16,2.802605214797609e-15,-3.4083484129768806e-19,0.0,0,0.0,0.0,0.0044262764728495866,0.0,0,0.0,0.0,0.0044262764728495866,0.0,0.0
MAR00144,546,-1.5616323862859233e-16,1.23888655870341e-14,4.224796270862938e-18,0.0,0,0.0,0.0,0.004587964526068459,0.0,0,0.0,0.0,0.004587964526068459,0.0,0.0
MAR08603,562,-1.7700352848116303e-16,3.915002959426405e-15,-6.250135917417447e-19,0.0,0,0.0,0.0,0.0044576959055467585,0.0,0,0.0,0.0,0.0044576959055467585,0.0,0.0
MAR09400,554,-1.7955953611266041e-16,3.240378946783774e-15,-3.7306681517930563e-19,0.0,0,0.0,0.0,0.004521892203603858,0.0,0,0.0,0.0,0.004521892203603858,0.0,0.0
MAR00246,552,-1.802101141420533e-16,1.2334416170369226e-14,4.693313968308241e-18,0.0,0,0.0,0.0,0.004538231229443332,0.0,0,0.0,0.0,0.004538231229443332,0.0,0.0
MAR08039,559,-2.0337538053956285e-16,1.8034918406536398e-14,5.766942660433725e-18,0.0,0,0.0,0.0,0.004481554769642852,0.0,0,0.0,0.0,0.004481554769642852,0.0,0.0
MAR12893,574,-2.228182795066527e-16,6.725475862446943e-15,5.765237558501331e-19,0.0,0,0.0,0.0,0.004364747866934595,0.0,0,0.0,0.0,0.004364747866934595,0.0,0.0
MAR11323,580,-2.695162101159004e-16,5.870225841442637e-15,-8.383742451248625e-19,0.0,0,0.0,0.0,0.004319712401627411,0.0,0,0.0,0.0,0.004319712401627411,0.0,0.0
MAR10011,569,-2.747265410671739e-16,5.393053816890223e-15,-3.1591456188125948e-18,0.0,0,0.0,0.0,0.004403001029543098,0.0,0,0.0,0.0,0.004403001029543098,0.0,0.0
MAR05371,532,-3.2054559507974443e-16,1.1472307381779685e-14,3.2219316293950106e-18,0.0,0,0.0,0.0,0.004708359112657833,0.0,0,0.0,0.0,0.004708359112657833,0.0,0.0
MAR12956,570,-3.241072128028529e-16,5.371073380540616e-15,5.138315130086931e-20,0.0,0,0.0,0.0,0.004395296850147243,0.0,0,0.0,0.0,0.004395296850147243,0.0,0.0
MAR12878,563,-3.5337827000502357e-16,7.305622299306546e-15,6.881105198660125e-19,0.0,0,0.0,0.0,0.004449799303901048,0.0,0,0.0,0.0,0.004449799303901048,0.0,0.0
MAR06098,556,-3.5782727700148895e-16,4.206498736492078e-15,-2.224296173702241e-18,0.0,0,0.0,0.0,0.0045056704064922026,0.0,0,0.0,0.0,0.0045056704064922026,0.0,0.0
MAR05383,559,-3.8132883851168314e-16,1.4343870353111978e-14,3.0938672547098166e-18,0.0,0,0.0,0.0,0.004481554769642852,0.0,0,0.0,0.0,0.004481554769642852,0.0,0.0
MAR09410,571,-4.2309024546135494e-16,4.592169391349412e-15,-2.6500136760641287e-18,0.0,0,0.0,0.0,0.00438761958448344,0.0,0,0.0,0.0,0.00438761958448344,0.0,0.0
MAR08080,558,-4.838821498007843e-16,1.8152452327795912e-14,5.0687447463611995e-18,0.0,0,0.0,0.0,0.004489564580987142,0.0,0,0.0,0.0,0.004489564580987142,0.0,0.0
MAR12900,573,-4.960158713857593e-16,4.589491649647345e-15,-3.621427749693003e-18,0.0,0,0.0,0.0,0.0043723452321952965,0.0,0,0.0,0.0,0.0043723452321952965,0.0,0.0
MAR08422,558,-5.093496313692471e-16,1.811488171510003e-14,3.853912071655238e-18,0.0,0,0.0,0.0,0.004489564580987142,0.0,0,0.0,0.0,0.004489564580987142,0.0,0.0
MAR09861,561,-5.319571283765445e-16,4.817255075027645e-15,-3.0714443942636106e-18,0.0,0,0.0,0.0,0.004465620583537596,0.0,0,0.0,0.0,0.004465620583537596,0.0,0.0
MAR03513,556,-5.367409155022338e-16,4.953967392150758e-15,-1.8418423183889595e-18,0.0,0,0.0,0.0,0.0045056704064922026,0.0,0,0.0,0.0,0.0045056704064922026,0.0,0.0
MAR04442,557,-5.612904914442436e-16,6.494273577061548e-15,-2.299292307102042e-18,0.0,0,0.0,0.0,0.004497603075155535,0.0,0,0.0,0.0,0.004497603075155535,0.0,0.0
MAR03100,556,-5.878590979310174e-16,4.558215253107889e-15,-4.667302729306014e-18,0.0,0,0.0,0.0,0.0045056704064922026,0.0,0,0.0,0.0,0.0045056704064922026,0.0,0.0
MAR00378,566,-6.025804119520277e-16,1.1820511024731215e-14,1.1288923369102066e-18,0.0,0,0.0,0.0,0.0044262764728495866,0.0,0,0.0,0.0,0.0044262764728495866,0.0,0.0
MAR11255,563,-6.815152350096869e-16,4.4271223572729824e-15,-4.277259849257191e-18,0.0,0,0.0,0.0,0.004449799303901048,0.0,0,0.0,0.0,0.004449799303901048,0.0,0.0
MAR08504,562,-6.827278955702023e-16,4.649492888003841e-15,-4.201244595765488e-18,0.0,0,0.0,0.0,0.0044576959055467585,0.0,0,0.0,0.0,0.0044576959055467585,0.0,0.0
MAR00507,557,-7.143697163835831e-16,4.309679401054183e-15,-5.503125180161813e-18,0.0,0,0.0,0.0,0.004497603075155535,0.0,0,0.0,0.0,0.004497603075155535,0.0,0.0
MAR04790,568,-7.505733124226439e-16,2.0524719097240094e-14,2.6817888852675825e-18,0.0,0,0.0,0.0,0.004410732264444036,0.0,0,0.0,0.0,0.004410732264444036,0.0,0.0
MAR04974,582,-7.813528365746834e-16,1.9303367997075137e-14,2.190610018237188e-18,0.0,0,0.0,0.0,0.004304906394243486,0.0,0,0.0,0.0,0.004304906394243486,0.0,0.0
MAR05119,569,-7.992044831045063e-16,4.6643706978261884e-15,-4.6239082390420656e-18,0.0,0,0.0,0.0,0.004403001029543098,0.0,0,0.0,0.0,0.004403001029543098,0.0,0.0
MAR04856,570,-8.476650180997715e-16,2.0439141288954858e-14,2.5700001378772124e-18,0.0,0,0.0,0.0,0.004395296850147243,0.0,0,0.0,0.0,0.004395296850147243,0.0,0.0
MAR08055,567,-8.772132540248152e-16,1.7362568689830708e-14,6.873151515245144e-19,0.0,0,0.0,0.0,0.00441849069762059,0.0,0,0.0,0.0,0.00441849069762059,0.0,0.0
MAR08040,583,-8.775141848152177e-16,1.7517509711196197e-14,1.5047651622368312e-18,0.0,0,0.0,0.0,0.004297541386555887,0.0,0,0.0,0.0,0.004297541386555887,0.0,0.0
MAR03722,561,-8.86595213960909e-16,5.948546471614009e-15,-4.7865563411588355e-18,0.0,0,0.0,0.0,0.004465620583537596,0.0,0,0.0,0.0,0.004465620583537596,0.0,0.0
MAR08418,558,-8.91361854896183e-16,1.7677923415780934e-14,1.7552922635512161e-19,0.0,0,0.0,0.0,0.004489564580987142,0.0,0,0.0,0.0,0.004489564580987142,0.0,0.0
MAR04846,552,-9.01050570710275e-16,2.0455731698378513e-14,2.177600302508876e-18,0.0,0,0.0,0.0,0.004538231229443332,0.0,0,0.0,0.0,0.004538231229443332,0.0,0.0
MAR13034,564,-9.070758328852346e-16,6.874350576167588e-15,-3.5202455338099044e-18,0.0,0,0.0,0.0,0.004441930629657058,0.0,0,0.0,0.0,0.004441930629657058,0.0,0.0
MAR05565,575,-9.144376077608242e-16,4.5404376601477786e-15,-5.723783678228835e-18,0.0,0,0.0,0.0,0.004357176858116289,0.0,0,0.0,0.0,0.004357176858116289,0.0,0.0
MAR11576,555,-9.217851707158057e-16,4.466794973970438e-15,-6.024172186590786e-18,0.0,0,0.0,0.0,0.004513766730450679,0.0,0,0.0,0.0,0.004513766730450679,0.0,0.0
MAR02719,568,-9.257070853212564e-16,3.762395409194621e-15,-6.7169497521885405e-18,0.0,0,0.0,0.0,0.004410732264444036,0.0,0,0.0,0.0,0.004410732264444036,0.0,0.0
MAR05439,563,-9.339282850132752e-16,4.465940236006786e-15,-6.671550886562939e-18,0.0,0,0.0,0.0,0.004449799303901048,0.0,0,0.0,0.0,0.004449799303901048,0.0,0.0
MAR07974,561,-9.879203812707277e-16,1.749893502411776e-14,4.510227213871507e-19,0.0,0,0.0,0.0,0.004465620583537596,0.0,0,0.0,0.0,0.004465620583537596,0.0,0.0
MAR12585,557,-9.950149621057059e-16,5.9598450311141936e-15,-7.201467568657803e-18,0.0,0,0.0,0.0,0.004497603075155535,0.0,0,0.0,0.0,0.004497603075155535,0.0,0.0
MAR07946,570,-1.0221842865320744e-15,1.7743268671585978e-14,9.986476874069037e-20,0.0,0,0.0,0.0,0.004395296850147243,0.0,0,0.0,0.0,0.004395296850147243,0.0,0.0
MAR07651,568,-1.0257835269776086e-15,5.264248193740763e-15,-7.851378625889867e-18,0.0,0,0.0,0.0,0.004410732264444036,0.0,0,0.0,0.0,0.004410732264444036,0.0,0.0
MAR07029,574,-1.0398186376977065e-15,4.709799855256891e-15,-8.2353343440324e-18,0.0,0,0.0,0.0,0.004364747866934595,0.0,0,0.0,0.0,0.004364747866934595,0.0,0.0
MAR00344,586,-1.042776028589906e-15,1.488902463428241e-14,-2.1985208138967932e-18,0.0,0,0.0,0.0,0.004275596795360198,0.0,0,0.0,0.0,0.004275596795360198,0.0,0.0
MAR10030,555,-1.0498108888707784e-15,4.616497442089526e-15,-7.376201773345434e-18,0.0,0,0.0,0.0,0.004513766730450679,0.0,0,0.0,0.0,0.004513766730450679,0.0,0.0
MAR11249,550,-1.0851925418881537e-15,5.91683453987054e-15,-7.661062096265895e-18,0.0,0,0.0,0.0,0.0045546887593671224,0.0,0,0.0,0.0,0.0045546887593671224,0.0,0.0
MAR04987,549,-1.0871692131848587e-15,2.092722466929301e-14,8.410254124629225e-19,0.0,0,0.0,0.0,0.004562962366977274,0.0,0,0.0,0.0,0.004562962366977274,0.0,0.0
MAR00200,571,-1.0950571058999775e-15,1.5185238763894696e-14,-2.1328472371016327e-18,0.0,0,0.0,0.0,0.00438761958448344,0.0,0,0.0,0.0,0.00438761958448344,0.0,0.0
MAR08218,581,-1.1006686096111707e-15,4.157739565158581e-15,-7.867640834556949e-18,0.0,0,0.0,0.0,0.004312296689115291,0.0,0,0.0,0.0,0.004312296689115291,0.0,0.0
MAR03074,570,-1.1219095827791059e-15,5.6542838870943e-15,-8.405221911072464e-18,0.0,0,0.0,0.0,0.004395296850147243,0.0,0,0.0,0.0,0.004395296850147243,0.0,0.0
MAR12946,541,-1.1295134061990513e-15,8.036326881623042e-15,-8.097647324702311e-18,0.0,0,0.0,0.0,0.004630249273041442,0.0,0,0.0,0.0,0.004630249273041442,0.0,0.0
MAR08353,549,-1.1389391757174641e-15,1.862170603862258e-14,2.2152362742383937e-19,0.0,0,0.0,0.0,0.004562962366977274,0.0,0,0.0,0.0,0.004562962366977274,0.0,0.0
MAR03372,556,-1.1501591046476447e-15,6.253418154422174e-15,-6.931763489896835e-18,0.0,0,0.0,0.0,0.0045056704064922026,0.0,0,0.0,0.0,0.0045056704064922026,0.0,0.0
MAR08760,560,-1.1673202087487358e-15,4.707442809400903e-15,-8.131227407921741e-18,0.0,0,0.0,0.0,0.0044735734878779895,0.0,0,0.0,0.0,0.0044735734878779895,0.0,0.0
MAR12968,559,-1.1694084381024918e-15,7.918665064616557e-15,-8.268772892015359e-18,0.0,0,0.0,0.0,0.004481554769642852,0.0,0,0.0,0.0,0.004481554769642852,0.0,0.0
MAR03376,568,-1.2009172998762252e-15,6.185620703504079e-15,-7.216712359400836e-18,0.0,0,0.0,0.0,0.004410732264444036,0.0,0,0.0,0.0,0.004410732264444036,0.0,0.0
MAR05128,565,-1.207293851910967e-15,4.601030951594496e-15,-8.028474854714536e-18,0.0,0,0.0,0.0,0.004434089734923025,0.0,0,0.0,0.0,0.004434089734923025,0.0,0.0
MAR04858,574,-1.2131217439806617e-15,1.9669469775008048e-14,-8.6646177613778e-19,0.0,0,0.0,0.0,0.004364747866934595,0.0,0,0.0,0.0,0.004364747866934595,0.0,0.0
MAR09968,558,-1.2224391152861936e-15,4.558700018533655e-15,-8.945174693615845e-18,0.0,0,0.0,0.0,0.004489564580987142,0.0,0,0.0,0.0,0.004489564580987142,0.0,0.0
MAR03284,546,-1.2232787025906479e-15,4.470697777436423e-15,-9.913796946269858e-18,0.0,0,0.0,0.0,0.004587964526068459,0.0,0,0.0,0.0,0.004587964526068459,0.0,0.0
MAR12705,546,-1.249305909028748e-15,5.919144484098509e-15,-8.49854211453509e-18,0.0,0,0.0,0.0,0.004587964526068459,0.0,0,0.0,0.0,0.004587964526068459,0.0,0.0
MAR02054,540,-1.2631870857957337e-15,4.689678175154859e-15,-1.0323417889502374e-17,0.0,0,0.0,0.0,0.00463879992662872,0.0,0,0.0,0.0,0.00463879992662872,0.0,0.0
MAR04825,545,-1.3037481390093612e-15,2.0671717159596395e-14,-8.217375242486848e-19,0.0,0,0.0,0.0,0.004596359577531593,0.0,0,0.0,0.0,0.004596359577531593,0.0,0.0
MAR04700,562,-1.3401695727859569e-15,2.010722059698943e-14,-1.57069506718062e-18,0.0,0,0.0,0.0,0.0044576959055467585,0.0,0,0.0,0.0,0.0044576959055467585,0.0,0.0
MAR08034,591,-1.3465446092238786e-15,1.7275205864118622e-14,-3.0425085100854845e-18,0.0,0,0.0,0.0,0.00423951629958479,0.0,0,0.0,0.0,0.00423951629958479,0.0,0.0
MAR04342,589,-1.3511169168952666e-15,7.232866940317939e-15,-9.38771276318427e-18,0.0,0,0.0,0.0,0.00425387517710073,0.0,0,0.0,0.0,0.00425387517710073,0.0,0.0
MAR03343,555,-1.3570726124427132e-15,4.833485099877964e-15,-9.456015656382568e-18,0.0,0,0.0,0.0,0.004513766730450679,0.0,0,0.0,0.0,0.004513766730450679,0.0,0.0
MAR08104,544,-1.3583905242472503e-15,1.8432701609119147e-14,-1.866108589221909e-18,0.0,0,0.0,0.0,0.004604785407758596,0.0,0,0.0,0.0,0.004604785407758596,0.0,0.0
MAR03588,565,-1.3833575386479819e-15,4.741563596617927e-15,-9.90204632284887e-18,0.0,0,0.0,0.0,0.004434089734923025,0.0,0,0.0,0.0,0.004434089734923025,0.0,0.0
MAR06995,544,-1.3845134189443129e-15,4.545345383898009e-15,-1.138302595192943e-17,0.0,0,0.0,0.0,0.004604785407758596,0.0,0,0.0,0.0,0.004604785407758596,0.0,0.0
MAR04444,554,-1.3851735642976668e-15,4.970577039183864e-15,-1.0394692059484459e-17,0.0,0,0.0,0.0,0.004521892203603858,0.0,0,0.0,0.0,0.004521892203603858,0.0,0.0
MAR00063,545,-1.4080479901301045e-15,1.5795315338766345e-14,-5.3322141532017414e-18,0.0,0,0.0,0.0,0.004596359577531593,0.0,0,0.0,0.0,0.004596359577531593,0.0,0.0
MAR02503,556,-1.4313091080059574e-15,4.342811118841335e-15,-1.0603093964196305e-17,0.0,0,0.0,0.0,0.0045056704064922026,0.0,0,0.0,0.0,0.0045056704064922026,0.0,0.0
MAR07994,563,-1.4387543850204508e-15,1.798415791943785e-14,-3.544914674003194e-18,0.0,0,0.0,0.0,0.004449799303901048,0.0,0,0.0,0.0,0.004449799303901048,0.0,0.0
MAR08349,572,-1.440960792800203e-15,1.785534376526313e-14,-3.2667587528659713e-18,0.0,0,0.0,0.0,0.004379969091767465,0.0,0,0.0,0.0,0.004379969091767465,0.0,0.0
MAR08073,570,-1.4460167955819582e-15,1.7216857315417954e-14,-3.975479458867984e-18,0.0,0,0.0,0.0,0.004395296850147243,0.0,0,0.0,0.0,0.004395296850147243,0.0,0.0
MAR07049,576,-1.4556257433974264e-15,4.203696891995476e-15,-1.0307438859041003e-17,0.0,0,0.0,0.0,0.004349632068826215,0.0,0,0.0,0.0,0.004349632068826215,0.0,0.0
MAR09792,575,-1.4581572664294234e-15,5.890657565751728e-15,-1.1322349549496289e-17,0.0,0,0.0,0.0,0.004357176858116289,0.0,0,0.0,0.0,0.004357176858116289,0.0,0.0
MAR02708,564,-1.486596503895245e-15,5.792277009158274e-15,-1.0709065953988485e-17,0.0,0,0.0,0.0,0.004441930629657058,0.0,0,0.0,0.0,0.004441930629657058,0.0,0.0
MAR09380,547,-1.5068182330561539e-15,4.377065149679381e-15,-1.1603553080563297e-17,0.0,0,0.0,0.0,0.004579600085029117,0.0,0,0.0,0.0,0.004579600085029117,0.0,0.0
MAR09923,593,-1.5576822200474373e-15,5.960630986942253e-15,-1.1374701750776512e-17,0.0,0,0.0,0.0,0.0042252540320499845,0.0,0,0.0,0.0,0.0042252540320499845,0.0,0.0
MAR12299,568,-1.5762039560875468e-15,5.977237704013929e-15,-1.1906435144389814e-17,0.0,0,0.0,0.0,0.004410732264444036,0.0,0,0.0,0.0,0.004410732264444036,0.0,0.0
MAR03764,567,-1.6040470930739478e-15,4.36908858901722e-15,-1.0003852376480152e-17,0.0,0,0.0,0.0,0.00441849069762059,0.0,0,0.0,0.0,0.00441849069762059,0.0,0.0
MAR03711,556,-1.6102227465067015e-15,4.5495791646533006e-15,-1.0922537980282605e-17,0.0,0,0.0,0.0,0.0045056704064922026,0.0,0,0.0,0.0,0.0045056704064922026,0.0,0.0
MAR03110,571,-1.642585658849969e-15,4.6573654033946415e-15,-1.1687705993330942e-17,0.0,0,0.0,0.0,0.00438761958448344,0.0,0,0.0,0.0,0.00438761958448344,0.0,0.0
MAR04922,596,-1.645216401592181e-15,1.9911645854418482e-14,-4.994989602899245e-18,0.0,0,0.0,0.0,0.0042040396523125,0.0,0,0.0,0.0,0.0042040396523125,0.0,0.0
MAR00138,586,-1.6732917668070601e-15,1.4830252851018945e-14,-7.0023070179839e-18,0.0,0,0.0,0.0,0.004275596795360198,0.0,0,0.0,0.0,0.004275596795360198,0.0,0.0
MAR02100,566,-1.6822036500327454e-15,4.6456069141063065e-15,-1.2486050376996415e-17,0.0,0,0.0,0.0,0.0044262764728495866,0.0,0,0.0,0.0,0.0044262764728495866,0.0,0.0
MAR13054,532,-1.709576507091971e-15,8.275706736139896e-15,-1.316522273678119e-17,0.0,0,0.0,0.0,0.004708359112657833,0.0,0,0.0,0.0,0.004708359112657833,0.0,0.0
MAR05159,581,-1.7610697753778731e-15,4.385137521812487e-15,-1.2982091015360294e-17,0.0,0,0.0,0.0,0.004312296689115291,0.0,0,0.0,0.0,0.004312296689115291,0.0,0.0
MAR01759,536,-1.7763568394002497e-15,3.9405030605293165e-15,-1.498912346295341e-17,0.0,0,0.0,0.0,0.004673320699286043,0.0,0,0.0,0.0,0.004673320699286043,0.0,0.0
MAR03599,568,-1.7763568394002505e-15,6.583498782560702e-15,-1.1747671619774201e-17,0.0,0,0.0,0.0,0.004410732264444036,0.0,0,0.0,0.0,0.004410732264444036,0.0,0.0
MAR05326,576,-1.776356839400252e-15,1.0289604292675328e-14,-8.91197335072045e-18,0.0,0,0.0,0.0,0.004349632068826215,0.0,0,0.0,0.0,0.004349632068826215,0.0,0.0
MAR12817,556,-1.7891363850074464e-15,7.155456975479365e-15,-1.1199632534601318e-17,0.0,0,0.0,0.0,0.0045056704064922026,0.0,0,0.0,0.0,0.0045056704064922026,0.0,0.0
MAR10017,543,-1.805799217953846e-15,4.4377552394903665e-15,-1.2360748098479171e-17,0.0,0,0.0,0.0,0.004613242186326175,0.0,0,0.0,0.0,0.004613242186326175,0.0,0.0
MAR00539,571,-1.816799289334056e-15,4.559433552662664e-15,-1.4783001033814896e-17,0.0,0,0.0,0.0,0.00438761958448344,0.0,0,0.0,0.0,0.00438761958448344,0.0,0.0
MAR07978,573,-1.8352587241273092e-15,1.7148180424929157e-14,-6.699146395399093e-18,0.0,0,0.0,0.0,0.0043723452321952965,0.0,0,0.0,0.0,0.0043723452321952965,0.0,0.0
MAR03648,547,-1.844553354258395e-15,4.533235842427381e-15,-1.2399537281609526e-17,0.0,0,0.0,0.0,0.004579600085029117,0.0,0,0.0,0.0,0.004579600085029117,0.0,0.0
MAR10230,550,-1.9120059071362697e-15,6.4913779250891805e-15,-1.385454493948809e-17,0.0,0,0.0,0.0,0.0045546887593671224,0.0,0,0.0,0.0,0.0045546887593671224,0.0,0.0
MAR00290,566,-1.933278821679423e-15,1.5424709671100863e-14,-9.402014886338534e-18,0.0,0,0.0,0.0,0.0044262764728495866,0.0,0,0.0,0.0,0.0044262764728495866,0.0,0.0
MAR05305,569,-1.9480609275672332e-15,4.637170947978718e-15,-1.4718963987149668e-17,0.0,0,0.0,0.0,0.004403001029543098,0.0,0,0.0,0.0,0.004403001029543098,0.0,0.0
MAR03992,573,-1.959262691973749e-15,6.086724487112786e-15,-1.4825922151957607e-17,0.0,0,0.0,0.0,0.0043723452321952965,0.0,0,0.0,0.0,0.0043723452321952965,0.0,0.0
MAR08069,565,-1.9618525093553224e-15,5.967157655030182e-15,-1.4360754758351647e-17,0.0,0,0.0,0.0,0.004434089734923025,0.0,0,0.0,0.0,0.004434089734923025,0.0,0.0
MAR07996,553,-1.978726605914202e-15,1.8265294148018947e-14,-7.880013227138512e-18,0.0,0,0.0,0.0,0.00453004698365408,0.0,0,0.0,0.0,0.00453004698365408,0.0,0.0
MAR11240,555,-1.9972012032175786e-15,4.390966742966787e-15,-1.4781302523981833e-17,0.0,0,0.0,0.0,0.004513766730450679,0.0,0,0.0,0.0,0.004513766730450679,0.0,0.0
MAR02551,582,-2.002216643722619e-15,2.8332016952369936e-15,-1.5589936977333502e-17,0.0,0,0.0,0.0,0.004304906394243486,0.0,0,0.0,0.0,0.004304906394243486,0.0,0.0
MAR03525,566,-2.0086013731734274e-15,4.459849831469099e-15,-1.3698697362459092e-17,0.0,0,0.0,0.0,0.0044262764728495866,0.0,0,0.0,0.0,0.0044262764728495866,0.0,0.0
MAR03431,577,-2.0195668746040975e-15,4.030320587626408e-15,-1.52855033676781e-17,0.0,0,0.0,0.0,0.004342113363096878,0.0,0,0.0,0.0,0.004342113363096878,0.0,0.0
MAR09001,574,-2.0548796887835647e-15,3.690434368406898e-15,-1.508803037400984e-17,0.0,0,0.0,0.0,0.004364747866934595,0.0,0,0.0,0.0,0.004364747866934595,0.0,0.0
MAR08886,535,-2.071862930440666e-15,4.744652473800614e-15,-1.513455342649939e-17,0.0,0,0.0,0.0,0.004682031321548599,0.0,0,0.0,0.0,0.004682031321548599,0.0,0.0
MAR09719,565,-2.087612285596047e-15,5.598924141173353e-15,-1.5902609523349705e-17,0.0,0,0.0,0.0,0.004434089734923025,0.0,0,0.0,0.0,0.004434089734923025,0.0,0.0
MAR08976,562,-2.098756123419513e-15,5.880934551414432e-15,-1.5894177175851406e-17,0.0,0,0.0,0.0,0.0044576959055467585,0.0,0,0.0,0.0,0.0044576959055467585,0.0,0.0
MAR02576,534,-2.1023549110504837e-15,4.225419906446899e-15,-1.6033623838386197e-17,0.0,0,0.0,0.0,0.004690774475909901,0.0,0,0.0,0.0,0.004690774475909901,0.0,0.0
MAR12739,527,-2.1033143601247756e-15,5.998633492281457e-15,-1.8266491733812127e-17,0.0,0,0.0,0.0,0.004752902966888136,0.0,0,0.0,0.0,0.004752902966888136,0.0,0.0
MAR03700,540,-2.1053118096595556e-15,4.8897595892358045e-15,-1.433628066678312e-17,0.0,0,0.0,0.0,0.00463879992662872,0.0,0,0.0,0.0,0.00463879992662872,0.0,0.0
MAR03335,550,-2.1187092484482994e-15,6.825743263879068e-15,-1.4528046974448245e-17,0.0,0,0.0,0.0,0.0045546887593671224,0.0,0,0.0,0.0,0.0045546887593671224,0.0,0.0
MAR12403,566,-2.1341389589967687e-15,5.365077994147904e-15,-1.8703205027837382e-17,0.0,0,0.0,0.0,0.0044262764728495866,0.0,0,0.0,0.0,0.0044262764728495866,0.0,0.0
MAR02702,562,-2.1493285601284163e-15,4.639593740786872e-15,-1.630990210280516e-17,0.0,0,0.0,0.0,0.0044576959055467585,0.0,0,0.0,0.0,0.0044576959055467585,0.0,0.0
MAR02321,574,-2.1539100352309646e-15,4.541680680294821e-15,-1.6979075374113982e-17,0.0,0,0.0,0.0,0.004364747866934595,0.0,0,0.0,0.0,0.004364747866934595,0.0,0.0
MAR09436,554,-2.1547144333519282e-15,6.051532325324419e-15,-1.7232871464873615e-17,0.0,0,0.0,0.0,0.004521892203603858,0.0,0,0.0,0.0,0.004521892203603858,0.0,0.0
MAR06163,567,-2.155438281318116e-15,4.165451839693556e-15,-1.7039938913447367e-17,0.0,0,0.0,0.0,0.00441849069762059,0.0,0,0.0,0.0,0.00441849069762059,0.0,0.0
MAR03739,572,-2.161441189200304e-15,4.5972845860263266e-15,-1.530651625946468e-17,0.0,0,0.0,0.0,0.004379969091767465,0.0,0,0.0,0.0,0.004379969091767465,0.0,0.0
MAR04978,572,-2.1614411892003077e-15,2.0240470056010116e-14,-7.890517104020314e-18,0.0,0,0.0,0.0,0.004379969091767465,0.0,0,0.0,0.0,0.004379969091767465,0.0,0.0
MAR07872,570,-2.169025193372938e-15,1.7761326554990613e-14,-7.623184442755048e-18,0.0,0,0.0,0.0,0.004395296850147243,0.0,0,0.0,0.0,0.004395296850147243,0.0,0.0
MAR04787,550,-2.170385083776309e-15,2.116766536507954e-14,-7.818337916872543e-18,0.0,0,0.0,0.0,0.0045546887593671224,0.0,0,0.0,0.0,0.0045546887593671224,0.0,0.0
MAR03128,567,-2.1805015171473977e-15,3.970756890384149e-15,-1.6226914843370088e-17,0.0,0,0.0,0.0,0.00441849069762059,0.0,0,0.0,0.0,0.00441849069762059,0.0,0.0
MAR01725,559,-2.186285340800308e-15,3.3904294518152106e-15,-1.7861860809854947e-17,0.0,0,0.0,0.0,0.004481554769642852,0.0,0,0.0,0.0,0.004481554769642852,0.0,0.0
MAR03482,566,-2.2094615104907712e-15,6.53847848911856e-15,-1.532910755278785e-17,0.0,0,0.0,0.0,0.0044262764728495866,0.0,0,0.0,0.0,0.0044262764728495866,0.0,0.0
MAR11801,553,-2.210006339073006e-15,6.0920604753880736e-15,-1.6671461907787805e-17,0.0,0,0.0,0.0,0.00453004698365408,0.0,0,0.0,0.0,0.00453004698365408,0.0,0.0
MAR04060,555,-2.2276474958965304e-15,4.480280234142257e-15,-1.6788537925659356e-17,0.0,0,0.0,0.0,0.004513766730450679,0.0,0,0.0,0.0,0.004513766730450679,0.0,0.0
MAR03846,574,-2.252940381678367e-15,4.466894808726895e-15,-1.6618151818616406e-17,0.0,0,0.0,0.0,0.004364747866934595,0.0,0,0.0,0.0,0.004364747866934595,0.0,0.0
MAR09386,566,-2.2596765448201065e-15,6.3846168125057786e-15,-1.6482101648025812e-17,0.0,0,0.0,0.0,0.0044262764728495866,0.0,0,0.0,0.0,0.0044262764728495866,0.0,0.0
MAR01125,534,-2.2620274359403942e-15,4.314499183771918e-15,-1.778470246202476e-17,0.0,0,0.0,0.0,0.004690774475909901,0.0,0,0.0,0.0,0.004690774475909901,0.0,0.0
MAR00529,563,-2.29695875503265e-15,4.156811696634726e-15,-1.8264881306246038e-17,0.0,0,0.0,0.0,0.004449799303901048,0.0,0,0.0,0.0,0.004449799303901048,0.0,0.0
MAR03498,536,-2.306612612355549e-15,6.916527954773959e-15,-1.6618854712850454e-17,0.0,0,0.0,0.0,0.004673320699286043,0.0,0,0.0,0.0,0.004673320699286043,0.0,0.0
MAR11647,548,-2.3079672803886465e-15,4.179993233752232e-15,-1.7617913639168737e-17,0.0,0,0.0,0.0,0.004571266087298871,0.0,0,0.0,0.0,0.004571266087298871,0.0,0.0
MAR03425,560,-2.3092638912203257e-15,4.460452952531811e-15,-1.5957611110036986e-17,0.0,0,0.0,0.0,0.0044735734878779895,0.0,0,0.0,0.0,0.0044735734878779895,0.0,0.0
MAR07113,559,-2.313394953637535e-15,6.39073138250336e-15,-1.657876403844439e-17,0.0,0,0.0,0.0,0.004481554769642852,0.0,0,0.0,0.0,0.004481554769642852,0.0,0.0
MAR00402,583,-2.3156624321512677e-15,1.4954321453363364e-14,-1.2195287542114896e-17,0.0,0,0.0,0.0,0.004297541386555887,0.0,0,0.0,0.0,0.004297541386555887,0.0,0.0
MAR03003,557,-2.3217015782466473e-15,6.114725693532377e-15,-1.7230256154982954e-17,0.0,0,0.0,0.0,0.004497603075155535,0.0,0,0.0,0.0,0.004497603075155535,0.0,0.0
MAR09814,563,-2.3474413650333683e-15,6.175405527652046e-15,-1.8174015397386366e-17,0.0,0,0.0,0.0,0.004449799303901048,0.0,0,0.0,0.0,0.004449799303901048,0.0,0.0
MAR02432,568,-2.351796378924275e-15,4.3777256404329705e-15,-1.8233814748622246e-17,0.0,0,0.0,0.0,0.004410732264444036,0.0,0,0.0,0.0,0.004410732264444036,0.0,0.0
MAR02569,561,-2.3558101399532725e-15,3.4881273599301383e-15,-1.864531890172521e-17,0.0,0,0.0,0.0,0.004465620583537596,0.0,0,0.0,0.0,0.004465620583537596,0.0,0.0
MAR09289,558,-2.3684757858669997e-15,6.561248255034418e-15,-1.6640524618537036e-17,0.0,0,0.0,0.0,0.004489564580987142,0.0,0,0.0,0.0,0.004489564580987142,0.0,0.0
MAR12354,559,-2.3896607213398733e-15,7.20638385711167e-15,-2.0350434237613562e-17,0.0,0,0.0,0.0,0.004481554769642852,0.0,0,0.0,0.0,0.004481554769642852,0.0,0.0
MAR11563,539,-2.399235211657481e-15,6.354040082041253e-15,-1.7397013100999146e-17,0.0,0,0.0,0.0,0.004647382219459146,0.0,0,0.0,0.0,0.004647382219459146,0.0,0.0
MAR07121,595,-2.436146522606059e-15,5.759225035730819e-15,-1.829028670050749e-17,0.0,0,0.0,0.0,0.004211087402744312,0.0,0,0.0,0.0,0.004211087402744312,0.0,0.0
MAR09056,580,-2.450147364690001e-15,3.792117283425595e-15,-1.8730299850569625e-17,0.0,0,0.0,0.0,0.004319712401627411,0.0,0,0.0,0.0,0.004319712401627411,0.0,0.0
MAR06990,555,-2.4580937885754807e-15,5.132524733937314e-15,-1.9987708554029672e-17,0.0,0,0.0,0.0,0.004513766730450679,0.0,0,0.0,0.0,0.004513766730450679,0.0,0.0
MAR07998,549,-2.459073220299071e-15,1.8394341521732094e-14,-1.1958430909123002e-17,0.0,0,0.0,0.0,0.004562962366977274,0.0,0,0.0,0.0,0.004562962366977274,0.0,0.0
MAR08052,560,-2.461523048883204e-15,1.7858776168953406e-14,-1.2122354043464625e-17,0.0,0,0.0,0.0,0.0044735734878779895,0.0,0,0.0,0.0,0.0044735734878779895,0.0,0.0
MAR03453,576,-2.4671622769447926e-15,5.996839261686605e-15,-1.8188832375400292e-17,0.0,0,0.0,0.0,0.004349632068826215,0.0,0,0.0,0.0,0.004349632068826215,0.0,0.0
MAR02646,556,-2.4792318477960326e-15,4.407707020985753e-15,-1.8857423128333352e-17,0.0,0,0.0,0.0,0.0045056704064922026,0.0,0,0.0,0.0,0.0045056704064922026,0.0,0.0
MAR10255,581,-2.4948488484519868e-15,5.6753360979182934e-15,-1.8971230566335774e-17,0.0,0,0.0,0.0,0.004312296689115291,0.0,0,0.0,0.0,0.004312296689115291,0.0,0.0
MAR00242,566,-2.5107517164667832e-15,1.5270529205996567e-14,-1.3959767444057277e-17,0.0,0,0.0,0.0,0.0044262764728495866,0.0,0,0.0,0.0,0.0044262764728495866,0.0,0.0
MAR05357,539,-2.5310613221881135e-15,1.4951651237229673e-14,-1.4462992849299812e-17,0.0,0,0.0,0.0,0.004647382219459146,0.0,0,0.0,0.0,0.004647382219459146,0.0,0.0
MAR12511,544,-2.5339207856150624e-15,6.456213420643703e-15,-2.1716137595497416e-17,0.0,0,0.0,0.0,0.004604785407758596,0.0,0,0.0,0.0,0.004604785407758596,0.0,0.0
MAR06483,554,-2.5651362301808665e-15,4.378390664203135e-15,-1.9875062623936973e-17,0.0,0,0.0,0.0,0.004521892203603858,0.0,0,0.0,0.0,0.004521892203603858,0.0,0.0
MAR08356,554,-2.5651362301808673e-15,1.7605661725190448e-14,-1.1860377709167386e-17,0.0,0,0.0,0.0,0.004521892203603858,0.0,0,0.0,0.0,0.004521892203603858,0.0,0.0
MAR03342,583,-2.583791766400364e-15,5.552548470245689e-15,-1.9309660428491047e-17,0.0,0,0.0,0.0,0.004297541386555887,0.0,0,0.0,0.0,0.004297541386555887,0.0,0.0
MAR03687,544,-2.612289469706251e-15,5.93884498308631e-15,-1.9065969016367247e-17,0.0,0,0.0,0.0,0.004604785407758596,0.0,0,0.0,0.0,0.004604785407758596,0.0,0.0
MAR03799,563,-2.6250957200373143e-15,4.066662772014692e-15,-1.9393645291446584e-17,0.0,0,0.0,0.0,0.004449799303901048,0.0,0,0.0,0.0,0.004449799303901048,0.0,0.0
MAR03645,550,-2.6354676017283724e-15,6.089645852581249e-15,-1.9673342043122853e-17,0.0,0,0.0,0.0,0.0045546887593671224,0.0,0,0.0,0.0,0.0045546887593671224,0.0,0.0
MAR00349,555,-2.637329793992443e-15,1.6185688683045207e-14,-1.454584115156906e-17,0.0,0,0.0,0.0,0.004513766730450679,0.0,0,0.0,0.0,0.004513766730450679,0.0,0.0
MAR06756,550,-2.661305519392375e-15,4.754125310137168e-15,-2.1398582418278456e-17,0.0,0,0.0,0.0,0.0045546887593671224,0.0,0,0.0,0.0,0.0045546887593671224,0.0,0.0
MAR01938,550,-2.687143437056378e-15,5.99641583002868e-15,-2.0512921450209065e-17,0.0,0,0.0,0.0,0.0045546887593671224,0.0,0,0.0,0.0,0.0045546887593671224,0.0,0.0
MAR01824,553,-2.698263553519367e-15,4.626141897663861e-15,-2.1434424477271406e-17,0.0,0,0.0,0.0,0.00453004698365408,0.0,0,0.0,0.0,0.00453004698365408,0.0,0.0
MAR05004,579,-2.699816957983115e-15,1.9917168054421198e-14,-1.2479135225445643e-17,0.0,0,0.0,0.0,0.00432715366313485,0.0,0,0.0,0.0,0.00432715366313485,0.0,0.0
MAR03527,568,-2.7020639247215077e-15,5.736857017663403e-15,-1.9583676951941878e-17,0.0,0,0.0,0.0,0.004410732264444036,0.0,0,0.0,0.0,0.004410732264444036,0.0,0.0
MAR00345,552,-2.7031517121308137e-15,1.5735177669315243e-14,-1.5662004564868948e-17,0.0,0,0.0,0.0,0.004538231229443332,0.0,0,0.0,0.0,0.004538231229443332,0.0,0.0
MAR10004,557,-2.7554260489081086e-15,6.406113485116586e-15,-2.1204701815691698e-17,0.0,0,0.0,0.0,0.004497603075155535,0.0,0,0.0,0.0,0.004497603075155535,0.0,0.0
MAR04913,561,-2.761110809192549e-15,2.0774171975382102e-14,-1.2689234582424798e-17,0.0,0,0.0,0.0,0.004465620583537596,0.0,0,0.0,0.0,0.004465620583537596,0.0,0.0
MAR00220,533,-2.7728497005272184e-15,1.6170856292456618e-14,-1.6746221281314268e-17,0.0,0,0.0,0.0,0.004699550344959981,0.0,0,0.0,0.0,0.004699550344959981,0.0,0.0
MAR11975,578,-2.7782466830758242e-15,6.080649965318846e-15,-2.3034637216768128e-17,0.0,0,0.0,0.0,0.004334620605899285,0.0,0,0.0,0.0,0.004334620605899285,0.0,0.0
MAR04148,556,-2.7859409423687374e-15,5.033219024433821e-15,-2.2689747118494612e-17,0.0,0,0.0,0.0,0.0045056704064922026,0.0,0,0.0,0.0,0.0045056704064922026,0.0,0.0
MAR13059,561,-2.7864421010200015e-15,8.026518712811275e-15,-2.1419343927119644e-17,0.0,0,0.0,0.0,0.004465620583537596,0.0,0,0.0,0.0,0.004465620583537596,0.0,0.0
MAR09026,558,-2.80142297253086e-15,5.855252878931759e-15,-2.140672740292476e-17,0.0,0,0.0,0.0,0.004489564580987142,0.0,0,0.0,0.0,0.004489564580987142,0.0,0.0
MAR00319,535,-2.8421709430403985e-15,1.6278440307838902e-14,-1.7059967903075077e-17,0.0,0,0.0,0.0,0.004682031321548599,0.0,0,0.0,0.0,0.004682031321548599,0.0,0.0
MAR09228,553,-2.8524500422919033e-15,4.6863603589690714e-15,-2.321264767097013e-17,0.0,0,0.0,0.0,0.00453004698365408,0.0,0,0.0,0.0,0.00453004698365408,0.0,0.0
MAR04973,548,-2.8525438296938357e-15,2.104241496680168e-14,-1.3609787064089291e-17,0.0,0,0.0,0.0,0.004571266087298871,0.0,0,0.0,0.0,0.004571266087298871,0.0,0.0
MAR04134,547,-2.8577587178651183e-15,5.209896138489646e-15,-2.2617616526789363e-17,0.0,0,0.0,0.0,0.004579600085029117,0.0,0,0.0,0.0,0.004579600085029117,0.0,0.0
MAR04880,549,-2.8732329205599708e-15,2.1136240808801564e-14,-1.4067435403204545e-17,0.0,0,0.0,0.0,0.004562962366977274,0.0,0,0.0,0.0,0.004562962366977274,0.0,0.0
MAR11274,558,-2.8778254172362488e-15,6.007077790774183e-15,-2.2523169076937634e-17,0.0,0,0.0,0.0,0.004489564580987142,0.0,0,0.0,0.0,0.004489564580987142,0.0,0.0
MAR02454,547,-2.883738342572984e-15,6.023281923823676e-15,-2.2310194241220544e-17,0.0,0,0.0,0.0,0.004579600085029117,0.0,0,0.0,0.0,0.004579600085029117,0.0,0.0
MAR03293,550,-2.893846778368408e-15,6.3744744380521135e-15,-2.0892445788374492e-17,0.0,0,0.0,0.0,0.0045546887593671224,0.0,0,0.0,0.0,0.0045546887593671224,0.0,0.0
MAR05322,535,-2.9218579788265833e-15,1.5770972800330852e-14,-1.6554244854056744e-17,0.0,0,0.0,0.0,0.004682031321548599,0.0,0,0.0,0.0,0.004682031321548599,0.0,0.0
MAR09885,573,-2.926493641175979e-15,6.194470405212188e-15,-2.2058714745826294e-17,0.0,0,0.0,0.0,0.0043723452321952965,0.0,0,0.0,0.0,0.0043723452321952965,0.0,0.0
MAR07085,563,-2.927991380041621e-15,5.868596023607612e-15,-2.238574900725698e-17,0.0,0,0.0,0.0,0.004449799303901048,0.0,0,0.0,0.0,0.004449799303901048,0.0,0.0
MAR03381,595,-2.937706100789658e-15,3.726674202688759e-15,-2.1733836479242372e-17,0.0,0,0.0,0.0,0.004211087402744312,0.0,0,0.0,0.0,0.004211087402744312,0.0,0.0
MAR08450,546,-2.9410743275051764e-15,4.964873569508947e-15,-2.297668245949834e-17,0.0,0,0.0,0.0,0.004587964526068459,0.0,0,0.0,0.0,0.004587964526068459,0.0,0.0
MAR02563,550,-2.945522613696415e-15,4.745723464338534e-15,-2.3414752247541047e-17,0.0,0,0.0,0.0,0.0045546887593671224,0.0,0,0.0,0.0,0.0045546887593671224,0.0,0.0
MAR03899,545,-2.94647079416115e-15,6.216561180507116e-15,-2.2900638356956576e-17,0.0,0,0.0,0.0,0.004596359577531593,0.0,0,0.0,0.0,0.004596359577531593,0.0,0.0
MAR12155,559,-2.948943017823672e-15,5.607650367190026e-15,-2.523660552217951e-17,0.0,0,0.0,0.0,0.004481554769642852,0.0,0,0.0,0.0,0.004481554769642852,0.0,0.0
MAR00429,550,-2.9971984490244218e-15,4.318591936176461e-15,-2.301991493580148e-17,0.0,0,0.0,0.0,0.0045546887593671224,0.0,0,0.0,0.0,0.0045546887593671224,0.0,0.0
MAR00084,553,-3.0323342791931926e-15,1.62691226158829e-14,-1.712695377444194e-17,0.0,0,0.0,0.0,0.00453004698365408,0.0,0,0.0,0.0,0.00453004698365408,0.0,0.0
MAR09984,561,-3.0397550192945454e-15,4.316149014087343e-15,-2.383925363215698e-17,0.0,0,0.0,0.0,0.004465620583537596,0.0,0,0.0,0.0,0.004465620583537596,0.0,0.0
MAR12166,535,-3.05466970513688e-15,6.597714383074049e-15,-2.6039068139567615e-17,0.0,0,0.0,0.0,0.004682031321548599,0.0,0,0.0,0.0,0.004682031321548599,0.0,0.0
MAR03111,543,-3.0620073695739117e-15,4.605413917131625e-15,-2.3460571227140033e-17,0.0,0,0.0,0.0,0.004613242186326175,0.0,0,0.0,0.0,0.004613242186326175,0.0,0.0
MAR10033,552,-3.0635719404149245e-15,4.718742264411819e-15,-2.4011782978452117e-17,0.0,0,0.0,0.0,0.004538231229443332,0.0,0,0.0,0.0,0.004538231229443332,0.0,0.0
MAR03819,564,-3.073979211444405e-15,5.9236876440401624e-15,-2.3648748855456313e-17,0.0,0,0.0,0.0,0.004441930629657058,0.0,0,0.0,0.0,0.004441930629657058,0.0,0.0
MAR03367,582,-3.076576794012805e-15,6.450535882415171e-15,-2.2783310125027698e-17,0.0,0,0.0,0.0,0.004304906394243486,0.0,0,0.0,0.0,0.004304906394243486,0.0,0.0
MAR05000,572,-3.08067479840044e-15,2.0181048040121248e-14,-1.5835654825429437e-17,0.0,0,0.0,0.0,0.004379969091767465,0.0,0,0.0,0.0,0.004379969091767465,0.0,0.0
MAR11557,548,-3.111865996029636e-15,4.165880887144186e-15,-2.41030545794698e-17,0.0,0,0.0,0.0,0.004571266087298871,0.0,0,0.0,0.0,0.004571266087298871,0.0,0.0
MAR05100,589,-3.1123943264194543e-15,6.297327441197786e-15,-2.3164700814622182e-17,0.0,0,0.0,0.0,0.00425387517710073,0.0,0,0.0,0.0,0.00425387517710073,0.0,0.0
MAR02653,551,-3.120714011868316e-15,3.0255195759281165e-15,-2.4047278143522122e-17,0.0,0,0.0,0.0,0.004546445100963565,0.0,0,0.0,0.0,0.004546445100963565,0.0,0.0
MAR04830,569,-3.1218925121269807e-15,2.0426659399555038e-14,-1.6285476810606443e-17,0.0,0,0.0,0.0,0.004403001029543098,0.0,0,0.0,0.0,0.004403001029543098,0.0,0.0
MAR00168,549,-3.132082733223026e-15,1.589796089842446e-14,-1.9063769891486862e-17,0.0,0,0.0,0.0,0.004562962366977274,0.0,0,0.0,0.0,0.004562962366977274,0.0,0.0
MAR09010,575,-3.138745302314182e-15,5.908393093618288e-15,-2.4283252461054412e-17,0.0,0,0.0,0.0,0.004357176858116289,0.0,0,0.0,0.0,0.004357176858116289,0.0,0.0
MAR03174,559,-3.1523183983632357e-15,5.524867869240648e-15,-2.3831344878777685e-17,0.0,0,0.0,0.0,0.004481554769642852,0.0,0,0.0,0.0,0.004481554769642852,0.0,0.0
MAR02107,588,-3.166023754577317e-15,4.0682926350285615e-15,-2.5211837697177357e-17,0.0,0,0.0,0.0,0.004261091151880009,0.0,0,0.0,0.0,0.004261091151880009,0.0,0.0
MAR07018,544,-3.186993153041626e-15,3.944171734840169e-15,-2.4308622610544588e-17,0.0,0,0.0,0.0,0.004604785407758596,0.0,0,0.0,0.0,0.004604785407758596,0.0,0.0
MAR09286,579,-3.2152365590526124e-15,6.0785061692382895e-15,-2.4635411657274916e-17,0.0,0,0.0,0.0,0.00432715366313485,0.0,0,0.0,0.0,0.00432715366313485,0.0,0.0
MAR02810,554,-3.2320716500278927e-15,5.625675511655645e-15,-2.4366980044352195e-17,0.0,0,0.0,0.0,0.004521892203603858,0.0,0,0.0,0.0,0.004521892203603858,0.0,0.0
MAR07955,555,-3.2518532411363135e-15,1.834387786152807e-14,-1.8349491402595365e-17,0.0,0,0.0,0.0,0.004513766730450679,0.0,0,0.0,0.0,0.004513766730450679,0.0,0.0
MAR12608,558,-3.2598376407631844e-15,5.792345804200025e-15,-2.6991933228023942e-17,0.0,0,0.0,0.0,0.004489564580987142,0.0,0,0.0,0.0,0.004489564580987142,0.0,0.0
MAR04740,571,-3.2602836562022137e-15,2.040998823949972e-14,-1.867712004676171e-17,0.0,0,0.0,0.0,0.00438761958448344,0.0,0,0.0,0.0,0.00438761958448344,0.0,0.0
MAR11913,575,-3.2623179520115903e-15,4.330412386769735e-15,-2.4892147051183946e-17,0.0,0,0.0,0.0,0.004357176858116289,0.0,0,0.0,0.0,0.004357176858116289,0.0,0.0
MAR02511,561,-3.2677366457416373e-15,6.02278317877966e-15,-2.581158956027692e-17,0.0,0,0.0,0.0,0.004465620583537596,0.0,0,0.0,0.0,0.004465620583537596,0.0,0.0
MAR12682,561,-3.2930679375690917e-15,5.8721444606863745e-15,-2.8320489440518893e-17,0.0,0,0.0,0.0,0.004465620583537596,0.0,0,0.0,0.0,0.004465620583537596,0.0,0.0
MAR00203,578,-3.3191442673914695e-15,1.4958546187266113e-14,-2.002527359503454e-17,0.0,0,0.0,0.0,0.004334620605899285,0.0,0,0.0,0.0,0.004334620605899285,0.0,0.0
MAR12363,567,-3.3334103652942978e-15,6.137964425988202e-15,-2.7927209888428353e-17,0.0,0,0.0,0.0,0.00441849069762059,0.0,0,0.0,0.0,0.00441849069762059,0.0,0.0
MAR11818,582,-3.36958410772831e-15,5.69581181056714e-15,-2.6230579274032954e-17,0.0,0,0.0,0.0,0.004304906394243486,0.0,0,0.0,0.0,0.004304906394243486,0.0,0.0
MAR12914,544,-3.395976310618126e-15,6.4376147241197725e-15,-2.8734001197771197e-17,0.0,0,0.0,0.0,0.004604785407758596,0.0,0,0.0,0.0,0.004604785407758596,0.0,0.0
MAR09390,577,-3.3987832767727497e-15,6.106743926375319e-15,-2.5139963040853394e-17,0.0,0,0.0,0.0,0.004342113363096878,0.0,0,0.0,0.0,0.004342113363096878,0.0,0.0
MAR01770,557,-3.418769356978579e-15,5.7716056092789945e-15,-2.7664023214544368e-17,0.0,0,0.0,0.0,0.004497603075155535,0.0,0,0.0,0.0,0.004497603075155535,0.0,0.0
MAR05364,569,-3.4215941932911708e-15,1.4908511390860696e-14,-2.0293489742837902e-17,0.0,0,0.0,0.0,0.004403001029543098,0.0,0,0.0,0.0,0.004403001029543098,0.0,0.0
MAR12423,544,-3.4220992053151877e-15,6.373605271734319e-15,-2.9570643841840124e-17,0.0,0,0.0,0.0,0.004604785407758596,0.0,0,0.0,0.0,0.004604785407758596,0.0,0.0
MAR01865,556,-3.4249182227285405e-15,4.618523711119791e-15,-2.7687634937683924e-17,0.0,0,0.0,0.0,0.0045056704064922026,0.0,0,0.0,0.0,0.0045056704064922026,0.0,0.0
MAR00306,564,-3.426730924233105e-15,1.5400960244983692e-14,-2.1375026945245944e-17,0.0,0,0.0,0.0,0.004441930629657058,0.0,0,0.0,0.0,0.004441930629657058,0.0,0.0
MAR08202,558,-3.4381100117424204e-15,1.8187818331382232e-14,-1.8950263708207937e-17,0.0,0,0.0,0.0,0.004489564580987142,0.0,0,0.0,0.0,0.004489564580987142,0.0,0.0
MAR04726,553,-3.4434982492532914e-15,2.0885963173661308e-14,-1.9343477473616618e-17,0.0,0,0.0,0.0,0.00453004698365408,0.0,0,0.0,0.0,0.00453004698365408,0.0,0.0
MAR02091,544,-3.448222100012251e-15,4.150201125351165e-15,-2.7299112221158837e-17,0.0,0,0.0,0.0,0.004604785407758596,0.0,0,0.0,0.0,0.004604785407758596,0.0,0.0
MAR10359,549,-3.4685874896850058e-15,6.423516705607584e-15,-2.568318571844054e-17,0.0,0,0.0,0.0,0.004562962366977274,0.0,0,0.0,0.0,0.004562962366977274,0.0,0.0
MAR00223,549,-3.4685874896850065e-15,4.276666955762837e-15,-2.725017914410346e-17,0.0,0,0.0,0.0,0.004562962366977274,0.0,0,0.0,0.0,0.004562962366977274,0.0,0.0
MAR05438,567,-3.4837897802699796e-15,5.441323336459786e-15,-2.5464287392188432e-17,0.0,0,0.0,0.0,0.00441849069762059,0.0,0,0.0,0.0,0.00441849069762059,0.0,0.0
MAR04153,550,-3.5139568023044956e-15,6.5420940452915e-15,-2.707250683627487e-17,0.0,0,0.0,0.0,0.0045546887593671224,0.0,0,0.0,0.0,0.0045546887593671224,0.0,0.0
MAR03153,562,-3.514784351268824e-15,5.6069364733049235e-15,-2.7081493539672713e-17,0.0,0,0.0,0.0,0.0044576959055467585,0.0,0,0.0,0.0,0.0044576959055467585,0.0,0.0
MAR04826,562,-3.514784351268826e-15,2.074487636935165e-14,-1.9767310803900233e-17,0.0,0,0.0,0.0,0.0044576959055467585,0.0,0,0.0,0.0,0.0044576959055467585,0.0,0.0
MAR04627,556,-3.5271545875861118e-15,2.0891166074284092e-14,-1.904245669774348e-17,0.0,0,0.0,0.0,0.0045056704064922026,0.0,0,0.0,0.0,0.0045056704064922026,0.0,0.0
MAR12308,566,-3.540159920218167e-15,6.0686012700708585e-15,-3.012734285257683e-17,0.0,0,0.0,0.0,0.0044262764728495866,0.0,0,0.0,0.0,0.0044262764728495866,0.0,0.0
MAR06676,545,-3.5461949381054543e-15,6.213190512619756e-15,-2.783001533551739e-17,0.0,0,0.0,0.0,0.004596359577531593,0.0,0,0.0,0.0,0.004596359577531593,0.0,0.0
MAR00720,573,-3.546513480408179e-15,3.437110133444165e-15,-2.7880939085583e-17,0.0,0,0.0,0.0,0.0043723452321952965,0.0,0,0.0,0.0,0.0043723452321952965,0.0,0.0
MAR01333,541,-3.5724144940249024e-15,4.9010418975918665e-15,-2.905913364224253e-17,0.0,0,0.0,0.0,0.004630249273041442,0.0,0,0.0,0.0,0.004630249273041442,0.0,0.0
MAR09827,583,-3.583182921328809e-15,6.197912203678033e-15,-2.752567470025444e-17,0.0,0,0.0,0.0,0.004297541386555887,0.0,0,0.0,0.0,0.004297541386555887,0.0,0.0
MAR01088,562,-3.590643006332178e-15,5.414304331247653e-15,-2.9380962431348414e-17,0.0,0,0.0,0.0,0.0044576959055467585,0.0,0,0.0,0.0,0.0044576959055467585,0.0,0.0
MAR10247,569,-3.596420173970279e-15,5.9834321650880604e-15,-2.799278835949525e-17,0.0,0,0.0,0.0,0.004403001029543098,0.0,0,0.0,0.0,0.004403001029543098,0.0,0.0
MAR11272,569,-3.596420173970279e-15,6.518716588441247e-15,-2.735101352290052e-17,0.0,0,0.0,0.0,0.004403001029543098,0.0,0,0.0,0.0,0.004403001029543098,0.0,0.0
MAR02697,557,-3.5973617860744745e-15,6.376844784778395e-15,-2.790984526837342e-17,0.0,0,0.0,0.0,0.004497603075155535,0.0,0,0.0,0.0,0.004497603075155535,0.0,0.0
MAR10184,548,-3.6045781120676615e-15,6.6340453353497595e-15,-2.811763877342917e-17,0.0,0,0.0,0.0,0.004571266087298871,0.0,0,0.0,0.0,0.004571266087298871,0.0,0.0
MAR02076,540,-3.60534647404199e-15,4.781870190261057e-15,-2.909658965375179e-17,0.0,0,0.0,0.0,0.00463879992662872,0.0,0,0.0,0.0,0.00463879992662872,0.0,0.0
MAR02688,554,-3.616842084555023e-15,6.559085633699802e-15,-2.823467274756353e-17,0.0,0,0.0,0.0,0.004521892203603858,0.0,0,0.0,0.0,0.004521892203603858,0.0,0.0
MAR12945,547,-3.663127083808927e-15,6.5241425360354374e-15,-2.6867970602584103e-17,0.0,0,0.0,0.0,0.004579600085029117,0.0,0,0.0,0.0,0.004579600085029117,0.0,0.0
MAR12986,534,-3.672468072467935e-15,7.225187888930734e-15,-2.952890218098768e-17,0.0,0,0.0,0.0,0.004690774475909901,0.0,0,0.0,0.0,0.004690774475909901,0.0,0.0
MAR06752,564,-3.6786964333678936e-15,5.446831264947269e-15,-2.9493034988827284e-17,0.0,0,0.0,0.0,0.004441930629657058,0.0,0,0.0,0.0,0.004441930629657058,0.0,0.0
MAR03574,552,-3.732923792942556e-15,5.993564433416333e-15,-2.7681850923187407e-17,0.0,0,0.0,0.0,0.004538231229443332,0.0,0,0.0,0.0,0.004538231229443332,0.0,0.0
MAR02700,571,-3.73314922465902e-15,6.276329515431795e-15,-2.923018967056662e-17,0.0,0,0.0,0.0,0.00438761958448344,0.0,0,0.0,0.0,0.00438761958448344,0.0,0.0
MAR01679,550,-3.746498061280528e-15,4.515082278173342e-15,-3.0007516558518296e-17,0.0,0,0.0,0.0,0.0045546887593671224,0.0,0,0.0,0.0,0.0045546887593671224,0.0,0.0
MAR02314,572,-3.751466891600529e-15,5.571910907896777e-15,-2.953595912427656e-17,0.0,0,0.0,0.0,0.004379969091767465,0.0,0,0.0,0.0,0.004379969091767465,0.0,0.0
MAR00665,567,-3.759485374392064e-15,4.2466434505962574e-15,-3.0440020655298204e-17,0.0,0,0.0,0.0,0.00441849069762059,0.0,0,0.0,0.0,0.00441849069762059,0.0,0.0
MAR04469,566,-3.766127574700177e-15,3.8779855816478355e-15,-3.057799992128408e-17,0.0,0,0.0,0.0,0.0044262764728495866,0.0,0,0.0,0.0,0.0044262764728495866,0.0,0.0
MAR03590,556,-3.78274549973003e-15,3.814446091102189e-15,-2.882649832009094e-17,0.0,0,0.0,0.0,0.0045056704064922026,0.0,0,0.0,0.0,0.0045056704064922026,0.0,0.0
MAR00322,536,-3.817841565278149e-15,1.5832566945871926e-14,-2.4263793812296364e-17,0.0,0,0.0,0.0,0.004673320699286043,0.0,0,0.0,0.0,0.004673320699286043,0.0,0.0
MAR01051,547,-3.819004832056114e-15,5.941166002561619e-15,-3.134862322714915e-17,0.0,0,0.0,0.0,0.004579600085029117,0.0,0,0.0,0.0,0.004579600085029117,0.0,0.0
MAR03508,572,-3.82599934640054e-15,5.588719665177155e-15,-2.807374982135042e-17,0.0,0,0.0,0.0,0.004379969091767465,0.0,0,0.0,0.0,0.004379969091767465,0.0,0.0
MAR10206,542,-3.828016214796112e-15,6.331307159442656e-15,-2.925522960374907e-17,0.0,0,0.0,0.0,0.00462173008405905,0.0,0,0.0,0.0,0.00462173008405905,0.0,0.0
MAR00331,579,-3.82883132223059e-15,1.4796744686045416e-14,-2.590602315088394e-17,0.0,0,0.0,0.0,0.00432715366313485,0.0,0,0.0,0.0,0.00432715366313485,0.0,0.0
MAR02775,549,-3.830977227413291e-15,4.421048502837631e-15,-3.143892052501031e-17,0.0,0,0.0,0.0,0.004562962366977274,0.0,0,0.0,0.0,0.004562962366977274,0.0,0.0
MAR06421,546,-3.852026552838638e-15,6.081677842810506e-15,-2.946896291601248e-17,0.0,0,0.0,0.0,0.004587964526068459,0.0,0,0.0,0.0,0.004587964526068459,0.0,0.0
MAR04859,568,-3.85294300376956e-15,2.0509465675483725e-14,-2.159939074698645e-17,0.0,0,0.0,0.0,0.004410732264444036,0.0,0,0.0,0.0,0.004410732264444036,0.0,0.0
MAR00619,542,-3.85423550393855e-15,4.7930975604229195e-15,-3.072865756518347e-17,0.0,0,0.0,0.0,0.00462173008405905,0.0,0,0.0,0.0,0.00462173008405905,0.0,0.0
MAR01224,551,-3.8686537337210525e-15,6.62930051166493e-15,-2.94437330177303e-17,0.0,0,0.0,0.0,0.004546445100963565,0.0,0,0.0,0.0,0.004546445100963565,0.0,0.0
MAR01738,542,-3.88045479308099e-15,4.74939287280011e-15,-3.2285541549992455e-17,0.0,0,0.0,0.0,0.00462173008405905,0.0,0,0.0,0.0,0.00462173008405905,0.0,0.0
MAR06780,560,-3.882608520403404e-15,6.533633681644784e-15,-3.138335373278218e-17,0.0,0,0.0,0.0,0.0044735734878779895,0.0,0,0.0,0.0,0.0044735734878779895,0.0,0.0
MAR00267,567,-3.884801553538465e-15,1.5101112157866786e-14,-2.5302041243891852e-17,0.0,0,0.0,0.0,0.00441849069762059,0.0,0,0.0,0.0,0.00441849069762059,0.0,0.0
MAR05404,569,-3.896121855134469e-15,1.438338527746581e-14,-2.5035548352307718e-17,0.0,0,0.0,0.0,0.004403001029543098,0.0,0,0.0,0.0,0.004403001029543098,0.0,0.0
MAR02580,557,-3.903520235953154e-15,3.8281193708374694e-15,-3.0606226040667384e-17,0.0,0,0.0,0.0,0.004497603075155535,0.0,0,0.0,0.0,0.004497603075155535,0.0,0.0
MAR00191,564,-3.905465391589202e-15,1.5400530697550917e-14,-2.5682376325393932e-17,0.0,0,0.0,0.0,0.004441930629657058,0.0,0,0.0,0.0,0.004441930629657058,0.0,0.0
MAR03309,553,-3.9060577155708945e-15,6.530819384235318e-15,-2.969975417143967e-17,0.0,0,0.0,0.0,0.00453004698365408,0.0,0,0.0,0.0,0.00453004698365408,0.0,0.0
MAR07019,542,-3.906674082223429e-15,6.1234628983444316e-15,-2.996192024911689e-17,0.0,0,0.0,0.0,0.00462173008405905,0.0,0,0.0,0.0,0.00462173008405905,0.0,0.0
MAR04328,545,-3.911244417028075e-15,7.938907929985371e-15,-2.8180636020075826e-17,0.0,0,0.0,0.0,0.004596359577531593,0.0,0,0.0,0.0,0.004596359577531593,0.0,0.0
MAR06156,562,-3.919363844940053e-15,5.5378316508781316e-15,-3.183253486775022e-17,0.0,0,0.0,0.0,0.0044576959055467585,0.0,0,0.0,0.0,0.0044576959055467585,0.0,0.0
MAR00631,561,-3.926350233255456e-15,6.17023346604273e-15,-3.123564703169307e-17,0.0,0,0.0,0.0,0.004465620583537596,0.0,0,0.0,0.0,0.004465620583537596,0.0,0.0
MAR12979,552,-3.938878209104904e-15,6.908162717485525e-15,-3.147156510861186e-17,0.0,0,0.0,0.0,0.004538231229443332,0.0,0,0.0,0.0,0.004538231229443332,0.0,0.0
MAR00077,565,-3.948856973958785e-15,1.5364980778746623e-14,-2.6181988644673884e-17,0.0,0,0.0,0.0,0.004434089734923025,0.0,0,0.0,0.0,0.004434089734923025,0.0,0.0
MAR03692,557,-3.9800598484228235e-15,6.462222614449641e-15,-3.008003264209025e-17,0.0,0,0.0,0.0,0.004497603075155535,0.0,0,0.0,0.0,0.004497603075155535,0.0,0.0
MAR10192,574,-3.9859714445078795e-15,5.939970250738379e-15,-3.0743751346676294e-17,0.0,0,0.0,0.0,0.004364747866934595,0.0,0,0.0,0.0,0.004364747866934595,0.0,0.0
MAR05402,583,-4.021940013736419e-15,1.44942986015574e-14,-2.6215963086924917e-17,0.0,0,0.0,0.0,0.004297541386555887,0.0,0,0.0,0.0,0.004297541386555887,0.0,0.0
MAR12472,557,-4.082112665049051e-15,7.364687520068415e-15,-3.412674246266072e-17,0.0,0,0.0,0.0,0.004497603075155535,0.0,0,0.0,0.0,0.004497603075155535,0.0,0.0
MAR10216,564,-4.107037798897033e-15,4.513685573186371e-15,-3.235913899441583e-17,0.0,0,0.0,0.0,0.004441930629657058,0.0,0,0.0,0.0,0.004441930629657058,0.0,0.0
MAR05425,557,-4.1076258692056045e-15,5.954272887048905e-15,-3.159573532515873e-17,0.0,0,0.0,0.0,0.004497603075155535,0.0,0,0.0,0.0,0.004497603075155535,0.0,0.0
MAR01609,555,-4.1224281245901305e-15,3.1459432906483843e-15,-3.328302169605634e-17,0.0,0,0.0,0.0,0.004513766730450679,0.0,0,0.0,0.0,0.004513766730450679,0.0,0.0
MAR07120,557,-4.1586522775187195e-15,4.9588325168636315e-15,-3.397981233400319e-17,0.0,0,0.0,0.0,0.004497603075155535,0.0,0,0.0,0.0,0.004497603075155535,0.0,0.0
MAR12648,574,-4.159274550790829e-15,4.324150152976735e-15,-3.290961574914029e-17,0.0,0,0.0,0.0,0.004364747866934595,0.0,0,0.0,0.0,0.004364747866934595,0.0,0.0
MAR09229,574,-4.159274550790832e-15,5.651328217127821e-15,-3.2694987304128804e-17,0.0,0,0.0,0.0,0.004364747866934595,0.0,0,0.0,0.0,0.004364747866934595,0.0,0.0
MAR04968,543,-4.1611895022414735e-15,2.1493143278333825e-14,-2.4396343838704893e-17,0.0,0,0.0,0.0,0.004613242186326175,0.0,0,0.0,0.0,0.004613242186326175,0.0,0.0
MAR05293,563,-4.164815325059202e-15,6.102785560194072e-15,-3.1005703476264515e-17,0.0,0,0.0,0.0,0.004449799303901048,0.0,0,0.0,0.0,0.004449799303901048,0.0,0.0
MAR04929,549,-4.167481983875272e-15,2.1048839040869176e-14,-2.538968473492104e-17,0.0,0,0.0,0.0,0.004562962366977274,0.0,0,0.0,0.0,0.004562962366977274,0.0,0.0
MAR09425,566,-4.167847849334863e-15,5.780236643719391e-15,-3.236873564646754e-17,0.0,0,0.0,0.0,0.0044262764728495866,0.0,0,0.0,0.0,0.0044262764728495866,0.0,0.0
MAR09396,540,-4.184307221698368e-15,6.7801943744059564e-15,-3.207900334564644e-17,0.0,0,0.0,0.0,0.00463879992662872,0.0,0,0.0,0.0,0.00463879992662872,0.0,0.0
MAR04988,570,-4.18846244237533e-15,1.9801391985714575e-14,-2.5507212103685967e-17,0.0,0,0.0,0.0,0.004395296850147243,0.0,0,0.0,0.0,0.004395296850147243,0.0,0.0
MAR01682,566,-4.192955366499529e-15,3.911668229892727e-15,-3.4707292710829285e-17,0.0,0,0.0,0.0,0.0044262764728495866,0.0,0,0.0,0.0,0.0044262764728495866,0.0,0.0
MAR04916,566,-4.192955366499534e-15,2.0596317092894947e-14,-2.5504127450978224e-17,0.0,0,0.0,0.0,0.0044262764728495866,0.0,0,0.0,0.0,0.0044262764728495866,0.0,0.0
MAR01623,544,-4.205786046227064e-15,6.4272210785022e-15,-3.324920393675024e-17,0.0,0,0.0,0.0,0.004604785407758596,0.0,0,0.0,0.0,0.004604785407758596,0.0,0.0
MAR00350,556,-4.217250050374693e-15,1.5573432760046048e-14,-2.8203677110386694e-17,0.0,0,0.0,0.0,0.0045056704064922026,0.0,0,0.0,0.0,0.0045056704064922026,0.0,0.0
MAR12446,522,-4.219698239188335e-15,6.662658958473842e-15,-3.329146760803618e-17,0.0,0,0.0,0.0,0.004798297691230617,0.0,0,0.0,0.0,0.004798297691230617,0.0,0.0
MAR06191,550,-4.237418496896597e-15,4.973545214311416e-15,-3.5015461005561e-17,0.0,0,0.0,0.0,0.0045546887593671224,0.0,0,0.0,0.0,0.0045546887593671224,0.0,0.0
MAR00495,569,-4.245773816492689e-15,6.456963946310877e-15,-3.307087568614878e-17,0.0,0,0.0,0.0,0.004403001029543098,0.0,0,0.0,0.0,0.004403001029543098,0.0,0.0
MAR00308,564,-4.258217104377904e-15,1.5262766712054587e-14,-2.748170731128984e-17,0.0,0,0.0,0.0,0.004441930629657058,0.0,0,0.0,0.0,0.004441930629657058,0.0,0.0
MAR06605,537,-4.260610072900413e-15,4.372439353239608e-15,-3.4670711076186794e-17,0.0,0,0.0,0.0,0.004664642427888463,0.0,0,0.0,0.0,0.004664642427888463,0.0,0.0
MAR12657,540,-4.2632564145606e-15,6.630528916445304e-15,-3.274402693056515e-17,0.0,0,0.0,0.0,0.00463879992662872,0.0,0,0.0,0.0,0.00463879992662872,0.0,0.0
MAR02470,567,-4.2858133268069525e-15,4.6993019859408185e-15,-3.489659401986618e-17,0.0,0,0.0,0.0,0.00441849069762059,0.0,0,0.0,0.0,0.00441849069762059,0.0,0.0
MAR08024,560,-4.288632940837747e-15,1.8123367221867536e-14,-2.5928583082147516e-17,0.0,0,0.0,0.0,0.0044735734878779895,0.0,0,0.0,0.0,0.0044735734878779895,0.0,0.0
MAR12228,577,-4.310051256777037e-15,6.3804560758595155e-15,-3.403389759960864e-17,0.0,0,0.0,0.0,0.004342113363096878,0.0,0,0.0,0.0,0.004342113363096878,0.0,0.0
MAR12771,585,-4.323986562916165e-15,6.076258955604316e-15,-3.5860032588614316e-17,0.0,0,0.0,0.0,0.004282886715357432,0.0,0,0.0,0.0,0.004282886715357432,0.0,0.0
MAR06636,548,-4.33068017780791e-15,6.113490592070075e-15,-3.4220412238717834e-17,0.0,0,0.0,0.0,0.004571266087298871,0.0,0,0.0,0.0,0.004571266087298871,0.0,0.0
MAR01718,557,-4.3372447066146154e-15,6.4110513509859646e-15,-3.504409019252476e-17,0.0,0,0.0,0.0,0.004497603075155535,0.0,0,0.0,0.0,0.004497603075155535,0.0,0.0
MAR02562,549,-4.348676852739411e-15,6.062199411237334e-15,-3.467258437887852e-17,0.0,0,0.0,0.0,0.004562962366977274,0.0,0,0.0,0.0,0.004562962366977274,0.0,0.0
MAR12812,549,-4.348676852739413e-15,8.051219992383716e-15,-3.461637067570269e-17,0.0,0,0.0,0.0,0.004562962366977274,0.0,0,0.0,0.0,0.004562962366977274,0.0,0.0
MAR09403,578,-4.351766928357707e-15,6.237263850660987e-15,-3.3492918062627007e-17,0.0,0,0.0,0.0,0.004334620605899285,0.0,0,0.0,0.0,0.004334620605899285,0.0,0.0
MAR09374,545,-4.3545187842912564e-15,6.660074991196249e-15,-3.430897609924717e-17,0.0,0,0.0,0.0,0.004596359577531593,0.0,0,0.0,0.0,0.004596359577531593,0.0,0.0
MAR08358,554,-4.360731591307474e-15,1.834718549130635e-14,-2.6394115424932392e-17,0.0,0,0.0,0.0,0.004521892203603858,0.0,0,0.0,0.0,0.004521892203603858,0.0,0.0
MAR08048,559,-4.372570681600617e-15,1.819039361370907e-14,-2.6238135582030884e-17,0.0,0,0.0,0.0,0.004481554769642852,0.0,0,0.0,0.0,0.004481554769642852,0.0,0.0
MAR02652,552,-4.376531343449894e-15,5.83053404705457e-15,-3.354644908751937e-17,0.0,0,0.0,0.0,0.004538231229443332,0.0,0,0.0,0.0,0.004538231229443332,0.0,0.0
MAR08067,568,-4.378344322465407e-15,5.684238341898938e-15,-3.395925257603188e-17,0.0,0,0.0,0.0,0.004410732264444036,0.0,0,0.0,0.0,0.004410732264444036,0.0,0.0
MAR02087,532,-4.380789799423174e-15,6.132078387691424e-15,-3.4398592921920927e-17,0.0,0,0.0,0.0,0.004708359112657833,0.0,0,0.0,0.0,0.004708359112657833,0.0,0.0
MAR03099,574,-4.382092830297482e-15,6.305043890921571e-15,-3.5186856439135285e-17,0.0,0,0.0,0.0,0.004364747866934595,0.0,0,0.0,0.0,0.004364747866934595,0.0,0.0
MAR02953,576,-4.3915488529617305e-15,5.601626096925837e-15,-3.4418898577285303e-17,0.0,0,0.0,0.0,0.004349632068826215,0.0,0,0.0,0.0,0.004349632068826215,0.0,0.0
MAR04959,561,-4.407644777977095e-15,2.070605029709002e-14,-2.5385760042784614e-17,0.0,0,0.0,0.0,0.004465620583537596,0.0,0,0.0,0.0,0.004465620583537596,0.0,0.0
MAR09417,549,-4.42633179653833e-15,6.6512819910427936e-15,-3.402522297918209e-17,0.0,0,0.0,0.0,0.004562962366977274,0.0,0,0.0,0.0,0.004562962366977274,0.0,0.0
MAR03413,544,-4.440892098500626e-15,6.821538906331529e-15,-3.3639706042645206e-17,0.0,0,0.0,0.0,0.004604785407758596,0.0,0,0.0,0.0,0.004604785407758596,0.0,0.0
MAR05313,540,-4.447471197905815e-15,1.5690276668215965e-14,-2.931320784455259e-17,0.0,0,0.0,0.0,0.00463879992662872,0.0,0,0.0,0.0,0.00463879992662872,0.0,0.0
MAR01749,565,-4.45189607892169e-15,4.209111665529356e-15,-3.6227602453901963e-17,0.0,0,0.0,0.0,0.004434089734923025,0.0,0,0.0,0.0,0.004434089734923025,0.0,0.0
MAR00107,558,-4.456809274480913e-15,1.5589503074650754e-14,-3.033856750473031e-17,0.0,0,0.0,0.0,0.004489564580987142,0.0,0,0.0,0.0,0.004489564580987142,0.0,0.0
MAR12949,544,-4.4670149931976886e-15,7.309051245059438e-15,-3.356835840305525e-17,0.0,0,0.0,0.0,0.004604785407758596,0.0,0,0.0,0.0,0.004604785407758596,0.0,0.0
MAR03250,556,-4.549518236161793e-15,6.274609003105563e-15,-3.42539333213392e-17,0.0,0,0.0,0.0,0.0045056704064922026,0.0,0,0.0,0.0,0.0045056704064922026,0.0,0.0
MAR08551,561,-4.5596325289418195e-15,4.6601711896504785e-15,-3.5898596061566985e-17,0.0,0,0.0,0.0,0.004465620583537596,0.0,0,0.0,0.0,0.004465620583537596,0.0,0.0
MAR04760,573,-4.5633460167489885e-15,2.0322654220947754e-14,-2.7649250228821653e-17,0.0,0,0.0,0.0,0.0043723452321952965,0.0,0,0.0,0.0,0.0043723452321952965,0.0,0.0
MAR07006,566,-4.569568123969549e-15,6.2472255685152434e-15,-3.480812434608373e-17,0.0,0,0.0,0.0,0.0044262764728495866,0.0,0,0.0,0.0,0.0044262764728495866,0.0,0.0
MAR00280,559,-4.5759460621401785e-15,1.5339119701770398e-14,-3.053192489856114e-17,0.0,0,0.0,0.0,0.004481554769642852,0.0,0,0.0,0.0,0.004481554769642852,0.0,0.0
MAR00309,582,-4.590447914876247e-15,1.5375917902271414e-14,-2.940160441995054e-17,0.0,0,0.0,0.0,0.004304906394243486,0.0,0,0.0,0.0,0.004304906394243486,0.0,0.0
MAR01786,572,-4.596168046000649e-15,5.573022045327598e-15,-3.6758274170294405e-17,0.0,0,0.0,0.0,0.004379969091767465,0.0,0,0.0,0.0,0.004379969091767465,0.0,0.0
MAR06161,542,-4.6145948890692836e-15,5.045095478319176e-15,-3.781222117085223e-17,0.0,0,0.0,0.0,0.00462173008405905,0.0,0,0.0,0.0,0.00462173008405905,0.0,0.0
MAR01331,551,-4.61659345557379e-15,5.228231291955859e-15,-3.866838354106092e-17,0.0,0,0.0,0.0,0.004546445100963565,0.0,0,0.0,0.0,0.004546445100963565,0.0,0.0
MAR03678,553,-4.62559466317606e-15,6.827726058186281e-15,-3.5125414696838526e-17,0.0,0,0.0,0.0,0.00453004698365408,0.0,0,0.0,0.0,0.00453004698365408,0.0,0.0
MAR03670,559,-4.626789907275071e-15,6.481594848100716e-15,-3.5214386177776754e-17,0.0,0,0.0,0.0,0.004481554769642852,0.0,0,0.0,0.0,0.004481554769642852,0.0,0.0
MAR01191,562,-4.6273779588647095e-15,3.36000743117655e-15,-3.796189569949815e-17,0.0,0,0.0,0.0,0.0044576959055467585,0.0,0,0.0,0.0,0.0044576959055467585,0.0,0.0
MAR03235,562,-4.677950395573613e-15,6.7053417980976034e-15,-3.536637542588961e-17,0.0,0,0.0,0.0,0.0044576959055467585,0.0,0,0.0,0.0,0.0044576959055467585,0.0,0.0
MAR01756,570,-4.687088923610486e-15,3.2433423517463214e-15,-3.8268348998942024e-17,0.0,0,0.0,0.0,0.004395296850147243,0.0,0,0.0,0.0,0.004395296850147243,0.0,0.0
MAR02978,557,-4.694429564806407e-15,5.9207073563250256e-15,-3.691913999282425e-17,0.0,0,0.0,0.0,0.004497603075155535,0.0,0,0.0,0.0,0.004497603075155535,0.0,0.0
MAR03664,556,-4.702872783448146e-15,6.484905594957884e-15,-3.5634882788289416e-17,0.0,0,0.0,0.0,0.0045056704064922026,0.0,0,0.0,0.0,0.0045056704064922026,0.0,0.0
MAR04616,559,-4.7030556749774105e-15,2.0704190745928185e-14,-2.8413023966257065e-17,0.0,0,0.0,0.0,0.004481554769642852,0.0,0,0.0,0.0,0.004481554769642852,0.0,0.0
MAR04887,575,-4.720475218441017e-15,2.0241488640027778e-14,-2.977263442278931e-17,0.0,0,0.0,0.0,0.004357176858116289,0.0,0,0.0,0.0,0.004357176858116289,0.0,0.0
MAR12229,550,-4.7283389325126656e-15,6.198772213083963e-15,-3.955465159788794e-17,0.0,0,0.0,0.0,0.0045546887593671224,0.0,0,0.0,0.0,0.0045546887593671224,0.0,0.0
MAR07876,581,-4.7451046725459354e-15,1.7502139413732782e-14,-3.0045057201291124e-17,0.0,0,0.0,0.0,0.004312296689115291,0.0,0,0.0,0.0,0.004312296689115291,0.0,0.0
MAR03690,563,-4.745365340067454e-15,6.5292611768031125e-15,-3.664516755567671e-17,0.0,0,0.0,0.0,0.004449799303901048,0.0,0,0.0,0.0,0.004449799303901048,0.0,0.0
MAR06203,560,-4.745410413826384e-15,6.197853553909725e-15,-3.775131447905275e-17,0.0,0,0.0,0.0,0.0044735734878779895,0.0,0,0.0,0.0,0.0044735734878779895,0.0,0.0
MAR04815,530,-4.772702149633883e-15,2.205498326215976e-14,-2.906525901870588e-17,0.0,0,0.0,0.0,0.0047260760867549505,0.0,0,0.0,0.0,0.0047260760867549505,0.0,0.0
MAR09427,565,-4.7788714971475776e-15,5.525049959124395e-15,-3.7875179661363064e-17,0.0,0,0.0,0.0,0.004434089734923025,0.0,0,0.0,0.0,0.004434089734923025,0.0,0.0
MAR06774,556,-4.779550057091321e-15,4.482062991459646e-15,-3.8033075361055566e-17,0.0,0,0.0,0.0,0.0045056704064922026,0.0,0,0.0,0.0,0.0045056704064922026,0.0,0.0
MAR10026,550,-4.780014767840674e-15,5.7692906900281886e-15,-3.776188858212124e-17,0.0,0,0.0,0.0,0.0045546887593671224,0.0,0,0.0,0.0,0.0045546887593671224,0.0,0.0
MAR07042,567,-4.787078043392562e-15,6.454531623197914e-15,-3.865451773071987e-17,0.0,0,0.0,0.0,0.00441849069762059,0.0,0,0.0,0.0,0.00441849069762059,0.0,0.0
MAR00704,566,-4.795535778451559e-15,6.065617707199606e-15,-3.828684673759451e-17,0.0,0,0.0,0.0,0.0044262764728495866,0.0,0,0.0,0.0,0.0044262764728495866,0.0,0.0
MAR06151,558,-4.813354016439388e-15,5.829599716266572e-15,-3.9522121748149804e-17,0.0,0,0.0,0.0,0.004489564580987142,0.0,0,0.0,0.0,0.004489564580987142,0.0,0.0
MAR00534,565,-4.829175407643867e-15,5.6809490377228516e-15,-3.8171982078105293e-17,0.0,0,0.0,0.0,0.004434089734923025,0.0,0,0.0,0.0,0.004434089734923025,0.0,0.0
MAR02757,549,-4.840491496799226e-15,3.886918980724879e-15,-3.818032675659006e-17,0.0,0,0.0,0.0,0.004562962366977274,0.0,0,0.0,0.0,0.004562962366977274,0.0,0.0
MAR12673,571,-4.853093992056727e-15,7.31628483689215e-15,-3.97943945625293e-17,0.0,0,0.0,0.0,0.00438761958448344,0.0,0,0.0,0.0,0.00438761958448344,0.0,0.0
MAR07002,541,-4.859534422019169e-15,5.4379297480084706e-15,-3.927777879858681e-17,0.0,0,0.0,0.0,0.004630249273041442,0.0,0,0.0,0.0,0.004630249273041442,0.0,0.0
MAR12892,567,-4.862267750880404e-15,7.111142778980393e-15,-3.6485997102734346e-17,0.0,0,0.0,0.0,0.00441849069762059,0.0,0,0.0,0.0,0.00441849069762059,0.0,0.0
MAR00356,566,-4.8708583299455614e-15,1.5904546161574884e-14,-3.327724259215865e-17,0.0,0,0.0,0.0,0.0044262764728495866,0.0,0,0.0,0.0,0.0044262764728495866,0.0,0.0
MAR01855,553,-4.882572144463618e-15,6.019746139583354e-15,-3.86338205208854e-17,0.0,0,0.0,0.0,0.00453004698365408,0.0,0,0.0,0.0,0.00453004698365408,0.0,0.0
MAR12785,538,-4.886632197606637e-15,6.637741618010181e-15,-4.01730388668289e-17,0.0,0,0.0,0.0,0.004655996327465773,0.0,0,0.0,0.0,0.004655996327465773,0.0,0.0
MAR00544,568,-4.903745641161254e-15,6.477891305281959e-15,-3.826273049674907e-17,0.0,0,0.0,0.0,0.004410732264444036,0.0,0,0.0,0.0,0.004410732264444036,0.0,0.0
MAR00510,565,-4.904631273388302e-15,5.922729551303546e-15,-3.8514766974432984e-17,0.0,0,0.0,0.0,0.004434089734923025,0.0,0,0.0,0.0,0.004434089734923025,0.0,0.0
MAR03953,582,-4.9078725047347125e-15,6.3446210462341405e-15,-3.863449083145673e-17,0.0,0,0.0,0.0,0.004304906394243486,0.0,0,0.0,0.0,0.004304906394243486,0.0,0.0
MAR03331,561,-4.914270614526184e-15,6.29353602251453e-15,-3.683640697755625e-17,0.0,0,0.0,0.0,0.004465620583537596,0.0,0,0.0,0.0,0.004465620583537596,0.0,0.0
MAR05176,548,-4.927121160380257e-15,6.131427851760795e-15,-3.867549918197783e-17,0.0,0,0.0,0.0,0.004571266087298871,0.0,0,0.0,0.0,0.004571266087298871,0.0,0.0
MAR05335,558,-4.9406914242817e-15,1.4703935518083902e-14,-3.4052837633887026e-17,0.0,0,0.0,0.0,0.004489564580987142,0.0,0,0.0,0.0,0.004489564580987142,0.0,0.0
MAR02764,549,-4.94403142186445e-15,6.0152884911416145e-15,-3.962823806301559e-17,0.0,0,0.0,0.0,0.004562962366977274,0.0,0,0.0,0.0,0.004562962366977274,0.0,0.0
MAR03380,537,-4.948658904548929e-15,6.809030621290192e-15,-3.740649451136183e-17,0.0,0,0.0,0.0,0.004664642427888463,0.0,0,0.0,0.0,0.004664642427888463,0.0,0.0
MAR02098,567,-4.962520694197524e-15,4.162724222870314e-15,-4.0153100147135926e-17,0.0,0,0.0,0.0,0.00441849069762059,0.0,0,0.0,0.0,0.00441849069762059,0.0,0.0
MAR08049,558,-4.966158905850162e-15,1.8308285754238828e-14,-3.1076816335774576e-17,0.0,0,0.0,0.0,0.004489564580987142,0.0,0,0.0,0.0,0.004489564580987142,0.0,0.0
MAR00667,577,-4.975030593536923e-15,5.641688649625244e-15,-3.911520590457376e-17,0.0,0,0.0,0.0,0.004342113363096878,0.0,0,0.0,0.0,0.004342113363096878,0.0,0.0
MAR08144,556,-4.984022786806459e-15,1.8020821558408652e-14,-3.242226258083198e-17,0.0,0,0.0,0.0,0.0045056704064922026,0.0,0,0.0,0.0,0.0045056704064922026,0.0,0.0
MAR01850,553,-4.985363136978641e-15,4.288237144931682e-15,-3.923166471539549e-17,0.0,0,0.0,0.0,0.00453004698365408,0.0,0,0.0,0.0,0.00453004698365408,0.0,0.0
MAR03175,553,-4.985363136978641e-15,6.213312471775062e-15,-3.8657312835599856e-17,0.0,0,0.0,0.0,0.00453004698365408,0.0,0,0.0,0.0,0.00453004698365408,0.0,0.0
MAR03379,570,-4.98626481235158e-15,6.608121425832005e-15,-3.839973664359266e-17,0.0,0,0.0,0.0,0.004395296850147243,0.0,0,0.0,0.0,0.004395296850147243,0.0,0.0
MAR00232,578,-4.99100952800347e-15,1.5581490156343357e-14,-3.378909876023967e-17,0.0,0,0.0,0.0,0.004334620605899285,0.0,0,0.0,0.0,0.004334620605899285,0.0,0.0
MAR12713,558,-4.991626387418626e-15,7.327446690395176e-15,-4.1236668112678296e-17,0.0,0,0.0,0.0,0.004489564580987142,0.0,0,0.0,0.0,0.004489564580987142,0.0,0.0
MAR03836,589,-4.994307174952147e-15,6.126271643426139e-15,-3.816559345654102e-17,0.0,0,0.0,0.0,0.00425387517710073,0.0,0,0.0,0.0,0.00425387517710073,0.0,0.0
MAR03796,552,-4.994394591936936e-15,6.297743979701573e-15,-3.7627141039972056e-17,0.0,0,0.0,0.0,0.004538231229443332,0.0,0,0.0,0.0,0.004538231229443332,0.0,0.0
MAR12696,568,-5.0038220828176066e-15,6.139712197020377e-15,-4.064448667278212e-17,0.0,0,0.0,0.0,0.004410732264444036,0.0,0,0.0,0.0,0.004410732264444036,0.0,0.0
MAR05182,561,-5.015595781836002e-15,5.96717451894793e-15,-3.854893857728896e-17,0.0,0,0.0,0.0,0.004465620583537596,0.0,0,0.0,0.0,0.004465620583537596,0.0,0.0
MAR08701,566,-5.0215034329335704e-15,6.473298920884437e-15,-3.952509595968721e-17,0.0,0,0.0,0.0,0.0044262764728495866,0.0,0,0.0,0.0,0.0044262764728495866,0.0,0.0
MAR10069,562,-5.031957452535942e-15,5.796892536651161e-15,-3.9660325590057434e-17,0.0,0,0.0,0.0,0.0044576959055467585,0.0,0,0.0,0.0,0.0044576959055467585,0.0,0.0
MAR06996,553,-5.036758633236155e-15,6.523740316400174e-15,-3.8697654564819374e-17,0.0,0,0.0,0.0,0.00453004698365408,0.0,0,0.0,0.0,0.00453004698365408,0.0,0.0
MAR08505,555,-5.044213295305937e-15,5.9944384742154935e-15,-4.070172963568411e-17,0.0,0,0.0,0.0,0.004513766730450679,0.0,0,0.0,0.0,0.004513766730450679,0.0,0.0
MAR02717,574,-5.050547668817437e-15,6.352538093871595e-15,-3.9710741821096966e-17,0.0,0,0.0,0.0,0.004364747866934595,0.0,0,0.0,0.0,0.004364747866934595,0.0,0.0
MAR02554,552,-5.071627497997816e-15,5.560961207829788e-15,-4.0330096206982745e-17,0.0,0,0.0,0.0,0.004538231229443332,0.0,0,0.0,0.0,0.004538231229443332,0.0,0.0
MAR03225,554,-5.078969735758117e-15,6.653187340648175e-15,-3.906723117369766e-17,0.0,0,0.0,0.0,0.004521892203603858,0.0,0,0.0,0.0,0.004521892203603858,0.0,0.0
MAR02634,570,-5.085990108598611e-15,6.284398084787551e-15,-3.9628209155281615e-17,0.0,0,0.0,0.0,0.004395296850147243,0.0,0,0.0,0.0,0.004395296850147243,0.0,0.0
MAR09649,533,-5.092445123083646e-15,6.985108936850855e-15,-4.012829853727521e-17,0.0,0,0.0,0.0,0.004699550344959981,0.0,0,0.0,0.0,0.004699550344959981,0.0,0.0
MAR09210,582,-5.103210713878382e-15,5.8564209477755326e-15,-4.125526361537151e-17,0.0,0,0.0,0.0,0.004304906394243486,0.0,0,0.0,0.0,0.004304906394243486,0.0,0.0
MAR02621,543,-5.103345615956521e-15,6.2655659554114514e-15,-4.0023059085224296e-17,0.0,0,0.0,0.0,0.004613242186326175,0.0,0,0.0,0.0,0.004613242186326175,0.0,0.0
MAR11248,549,-5.125226290728592e-15,6.596501079717923e-15,-3.99997867980355e-17,0.0,0,0.0,0.0,0.004562962366977274,0.0,0,0.0,0.0,0.004562962366977274,0.0,0.0
MAR08756,551,-5.1324139534032645e-15,6.501613104424575e-15,-3.998189981144294e-17,0.0,0,0.0,0.0,0.004546445100963565,0.0,0,0.0,0.0,0.004546445100963565,0.0,0.0
MAR05175,548,-5.1345788934488984e-15,6.6541588145798884e-15,-4.0534181851664627e-17,0.0,0,0.0,0.0,0.004571266087298871,0.0,0,0.0,0.0,0.004571266087298871,0.0,0.0
MAR12128,560,-5.151434834260728e-15,7.434008224596499e-15,-4.2136013597296807e-17,0.0,0,0.0,0.0,0.0044735734878779895,0.0,0,0.0,0.0,0.0044735734878779895,0.0,0.0
MAR02045,559,-5.160650281191425e-15,6.329506132190448e-15,-4.060818587513734e-17,0.0,0,0.0,0.0,0.004481554769642852,0.0,0,0.0,0.0,0.004481554769642852,0.0,0.0
MAR02973,550,-5.167583532800728e-15,6.6584678886221675e-15,-3.94375982196408e-17,0.0,0,0.0,0.0,0.0045546887593671224,0.0,0,0.0,0.0,0.0045546887593671224,0.0,0.0
MAR03315,558,-5.1698987583978614e-15,6.576463761593359e-15,-3.8507233270080994e-17,0.0,0,0.0,0.0,0.004489564580987142,0.0,0,0.0,0.0,0.004489564580987142,0.0,0.0
MAR00931,552,-5.174604706078991e-15,6.106434108932163e-15,-4.1723162853276393e-17,0.0,0,0.0,0.0,0.004538231229443332,0.0,0,0.0,0.0,0.004538231229443332,0.0,0.0
MAR00498,554,-5.181575184965351e-15,6.562463184863665e-15,-4.0928421208006766e-17,0.0,0,0.0,0.0,0.004521892203603858,0.0,0,0.0,0.0,0.004521892203603858,0.0,0.0
MAR01048,543,-5.181858625432774e-15,6.07613088947364e-15,-4.253902290599368e-17,0.0,0,0.0,0.0,0.004613242186326175,0.0,0,0.0,0.0,0.004613242186326175,0.0,0.0
MAR13052,566,-5.197256053086247e-15,7.66960299263435e-15,-4.2350402558821945e-17,0.0,0,0.0,0.0,0.0044262764728495866,0.0,0,0.0,0.0,0.0044262764728495866,0.0,0.0
MAR03809,563,-5.1997088300739136e-15,6.401488975040882e-15,-3.8999826916765463e-17,0.0,0,0.0,0.0,0.004449799303901048,0.0,0,0.0,0.0,0.004449799303901048,0.0,0.0
MAR12864,560,-5.227564413092165e-15,1.201455920214538e-14,-3.9030281733687015e-17,0.0,0,0.0,0.0,0.0044735734878779895,0.0,0,0.0,0.0,0.0044735734878779895,0.0,0.0
MAR01840,554,-5.232877909568969e-15,2.737547157973521e-15,-4.2002737094850695e-17,0.0,0,0.0,0.0,0.004521892203603858,0.0,0,0.0,0.0,0.004521892203603858,0.0,0.0
MAR08700,578,-5.236872066328766e-15,6.420284097869361e-15,-4.0919545783251996e-17,0.0,0,0.0,0.0,0.004334620605899285,0.0,0,0.0,0.0,0.004334620605899285,0.0,0.0
MAR12847,558,-5.24630120310325e-15,8.238385187699559e-15,-4.214549099639338e-17,0.0,0,0.0,0.0,0.004489564580987142,0.0,0,0.0,0.0,0.004489564580987142,0.0,0.0
MAR00102,554,-5.258529271870778e-15,6.1066105924156025e-15,-4.231641792492454e-17,0.0,0,0.0,0.0,0.004521892203603858,0.0,0,0.0,0.0,0.004521892203603858,0.0,0.0
MAR08600,567,-5.26327952414889e-15,5.834611601005714e-15,-4.071184913901138e-17,0.0,0,0.0,0.0,0.00441849069762059,0.0,0,0.0,0.0,0.00441849069762059,0.0,0.0
MAR09074,560,-5.278317465646459e-15,6.594740685798658e-15,-4.14229790669167e-17,0.0,0,0.0,0.0,0.0044735734878779895,0.0,0,0.0,0.0,0.0044735734878779895,0.0,0.0
MAR09186,565,-5.307062557358624e-15,1.1310331149031896e-14,-4.0220698705025654e-17,0.0,0,0.0,0.0,0.004434089734923025,0.0,0,0.0,0.0,0.004434089734923025,0.0,0.0
MAR09369,587,-5.326044356634481e-15,6.1514252575037845e-15,-4.114308637103884e-17,0.0,0,0.0,0.0,0.004268331649559446,0.0,0,0.0,0.0,0.004268331649559446,0.0,0.0
MAR02090,571,-5.350847222011262e-15,6.428579544106218e-15,-4.2298898918315775e-17,0.0,0,0.0,0.0,0.00438761958448344,0.0,0,0.0,0.0,0.00438761958448344,0.0,0.0
MAR00219,583,-5.362586684981888e-15,1.5298130211046805e-14,-3.745207211045516e-17,0.0,0,0.0,0.0,0.004297541386555887,0.0,0,0.0,0.0,0.004297541386555887,0.0,0.0
MAR00165,584,-5.37773782886925e-15,1.52493378167458e-14,-3.729880107567745e-17,0.0,0,0.0,0.0,0.004290201536487618,0.0,0,0.0,0.0,0.004290201536487618,0.0,0.0
MAR00541,539,-5.378505309649738e-15,3.882319786303063e-15,-4.2339507565438265e-17,0.0,0,0.0,0.0,0.004647382219459146,0.0,0,0.0,0.0,0.004647382219459146,0.0,0.0
MAR12634,568,-5.3791087390289274e-15,6.563824312848267e-15,-4.254231849273787e-17,0.0,0,0.0,0.0,0.004410732264444036,0.0,0,0.0,0.0,0.004410732264444036,0.0,0.0
MAR00465,552,-5.380559122241338e-15,6.388708393128311e-15,-4.253397914511531e-17,0.0,0,0.0,0.0,0.004538231229443332,0.0,0,0.0,0.0,0.004538231229443332,0.0,0.0
MAR11961,552,-5.3805591222413386e-15,6.285293496272056e-15,-4.2856175049074174e-17,0.0,0,0.0,0.0,0.004538231229443332,0.0,0,0.0,0.0,0.004538231229443332,0.0,0.0
MAR02766,549,-5.409961084657958e-15,4.065538421034267e-15,-4.205329793416306e-17,0.0,0,0.0,0.0,0.004562962366977274,0.0,0,0.0,0.0,0.004562962366977274,0.0,0.0
MAR01852,562,-5.41125072785272e-15,4.139857226675266e-15,-4.328724400977981e-17,0.0,0,0.0,0.0,0.0044576959055467585,0.0,0,0.0,0.0,0.0044576959055467585,0.0,0.0
MAR10211,583,-5.411337473027178e-15,6.159647917095144e-15,-4.2225559645842014e-17,0.0,0,0.0,0.0,0.004297541386555887,0.0,0,0.0,0.0,0.004297541386555887,0.0,0.0
MAR02309,577,-5.418350151376847e-15,5.600765286979771e-15,-4.295017950098339e-17,0.0,0,0.0,0.0,0.004342113363096878,0.0,0,0.0,0.0,0.004342113363096878,0.0,0.0
MAR00521,532,-5.422562983432344e-15,2.644360910512336e-15,-4.3970175441881597e-17,0.0,0,0.0,0.0,0.004708359112657833,0.0,0,0.0,0.0,0.004708359112657833,0.0,0.0
MAR12571,565,-5.43282233359935e-15,6.296551949193857e-15,-4.541490512193634e-17,0.0,0,0.0,0.0,0.004434089734923025,0.0,0,0.0,0.0,0.004434089734923025,0.0,0.0
MAR03952,557,-5.4343124853465475e-15,6.594533695287855e-15,-4.204477806065272e-17,0.0,0,0.0,0.0,0.004497603075155535,0.0,0,0.0,0.0,0.004497603075155535,0.0,0.0
MAR03227,559,-5.440291429433327e-15,6.1606677835244266e-15,-4.215409123678429e-17,0.0,0,0.0,0.0,0.004481554769642852,0.0,0,0.0,0.0,0.004481554769642852,0.0,0.0
MAR00249,569,-5.444580541149448e-15,1.5157292818496374e-14,-3.8377682594917376e-17,0.0,0,0.0,0.0,0.004403001029543098,0.0,0,0.0,0.0,0.004403001029543098,0.0,0.0
MAR00292,568,-5.454166070271191e-15,1.5795642157644488e-14,-3.739179425016756e-17,0.0,0,0.0,0.0,0.004410732264444036,0.0,0,0.0,0.0,0.004410732264444036,0.0,0.0
MAR12876,568,-5.454166070271192e-15,8.156746489634158e-15,-4.3173570930646135e-17,0.0,0,0.0,0.0,0.004410732264444036,0.0,0,0.0,0.0,0.004410732264444036,0.0,0.0
MAR03182,536,-5.461634461439576e-15,4.022591703916386e-15,-4.250588226928309e-17,0.0,0,0.0,0.0,0.004673320699286043,0.0,0,0.0,0.0,0.004673320699286043,0.0,0.0
MAR03212,553,-5.473620351425002e-15,6.396364781979357e-15,-4.285511937105418e-17,0.0,0,0.0,0.0,0.00453004698365408,0.0,0,0.0,0.0,0.00453004698365408,0.0,0.0
MAR01632,568,-5.479185180685279e-15,4.427583726442196e-15,-4.436810453037955e-17,0.0,0,0.0,0.0,0.004410732264444036,0.0,0,0.0,0.0,0.004410732264444036,0.0,0.0
MAR09037,570,-5.484891293586739e-15,5.76344291935437e-15,-4.371048960517378e-17,0.0,0,0.0,0.0,0.004395296850147243,0.0,0,0.0,0.0,0.004395296850147243,0.0,0.0
MAR12868,546,-5.49174055843887e-15,7.877142528649448e-15,-4.5506737789031765e-17,0.0,0,0.0,0.0,0.004587964526068459,0.0,0,0.0,0.0,0.004587964526068459,0.0,0.0
MAR06998,570,-5.509822617648496e-15,6.8785545407313416e-15,-4.411507150241946e-17,0.0,0,0.0,0.0,0.004395296850147243,0.0,0,0.0,0.0,0.004395296850147243,0.0,0.0
MAR01488,573,-5.530576965951216e-15,3.691978455221731e-15,-4.4088112524708793e-17,0.0,0,0.0,0.0,0.0043723452321952965,0.0,0,0.0,0.0,0.0043723452321952965,0.0,0.0
MAR00650,565,-5.558582109840076e-15,5.292974030391753e-15,-4.410741115736277e-17,0.0,0,0.0,0.0,0.004434089734923025,0.0,0,0.0,0.0,0.004434089734923025,0.0,0.0
MAR03277,570,-5.559685265772012e-15,6.3237470426195065e-15,-4.200820336777205e-17,0.0,0,0.0,0.0,0.004395296850147243,0.0,0,0.0,0.0,0.004395296850147243,0.0,0.0
MAR02088,570,-5.559685265772012e-15,6.288199986875535e-15,-4.3959126538229875e-17,0.0,0,0.0,0.0,0.004395296850147243,0.0,0,0.0,0.0,0.004395296850147243,0.0,0.0
MAR03096,544,-5.564176570474313e-15,4.617552269473035e-15,-4.443604999487531e-17,0.0,0,0.0,0.0,0.004604785407758596,0.0,0,0.0,0.0,0.004604785407758596,0.0,0.0
MAR10195,564,-5.568437751878799e-15,6.4172311978196446e-15,-4.351688297776801e-17,0.0,0,0.0,0.0,0.004441930629657058,0.0,0,0.0,0.0,0.004441930629657058,0.0,0.0
MAR12700,579,-5.571440449656055e-15,7.289313340885855e-15,-4.6028397873440514e-17,0.0,0,0.0,0.0,0.00432715366313485,0.0,0,0.0,0.0,0.00432715366313485,0.0,0.0
MAR03662,573,-5.60497934665908e-15,6.12882962045993e-15,-4.2536012883143345e-17,0.0,0,0.0,0.0,0.0043723452321952965,0.0,0,0.0,0.0,0.0043723452321952965,0.0,0.0
MAR12957,573,-5.604979346659082e-15,8.182188050147219e-15,-4.4933479182657345e-17,0.0,0,0.0,0.0,0.0043723452321952965,0.0,0,0.0,0.0,0.0043723452321952965,0.0,0.0
MAR02704,575,-5.610198296262357e-15,6.094180582254464e-15,-4.347014936869248e-17,0.0,0,0.0,0.0,0.004357176858116289,0.0,0,0.0,0.0,0.004357176858116289,0.0,0.0
MAR03157,561,-5.623546785694911e-15,6.408678803210747e-15,-4.347471582884733e-17,0.0,0,0.0,0.0,0.004465620583537596,0.0,0,0.0,0.0,0.004465620583537596,0.0,0.0
MAR00260,553,-5.627806840197537e-15,1.5557754282259653e-14,-3.836161079795854e-17,0.0,0,0.0,0.0,0.00453004698365408,0.0,0,0.0,0.0,0.00453004698365408,0.0,0.0
MAR04674,557,-5.638418118599e-15,4.684981038559847e-15,-4.55279961724561e-17,0.0,0,0.0,0.0,0.004497603075155535,0.0,0,0.0,0.0,0.004497603075155535,0.0,0.0
MAR03644,573,-5.6545809337976556e-15,5.698865479361693e-15,-4.375581348792013e-17,0.0,0,0.0,0.0,0.0043723452321952965,0.0,0,0.0,0.0,0.0043723452321952965,0.0,0.0
MAR03375,565,-5.659189930832657e-15,6.64148820508685e-15,-4.429177557421598e-17,0.0,0,0.0,0.0,0.004434089734923025,0.0,0,0.0,0.0,0.004434089734923025,0.0,0.0
MAR02980,557,-5.663931322755555e-15,6.313859352887156e-15,-4.455018788739403e-17,0.0,0,0.0,0.0,0.004497603075155535,0.0,0,0.0,0.0,0.004497603075155535,0.0,0.0
MAR08635,549,-5.668810897321018e-15,6.013563555838553e-15,-4.528275517191428e-17,0.0,0,0.0,0.0,0.004562962366977274,0.0,0,0.0,0.0,0.004562962366977274,0.0,0.0
MAR08863,557,-5.6894445269121124e-15,6.5835569497544795e-15,-4.510493622201766e-17,0.0,0,0.0,0.0,0.004497603075155535,0.0,0,0.0,0.0,0.004497603075155535,0.0,0.0
MAR10209,579,-5.694159402291648e-15,6.448352865146083e-15,-4.509670969392202e-17,0.0,0,0.0,0.0,0.00432715366313485,0.0,0,0.0,0.0,0.00432715366313485,0.0,0.0
MAR04783,553,-5.704900084583809e-15,2.112929101735622e-14,-3.732599574411414e-17,0.0,0,0.0,0.0,0.00453004698365408,0.0,0,0.0,0.0,0.00453004698365408,0.0,0.0
MAR06174,582,-5.713642617452352e-15,5.589794800696781e-15,-4.499724266209767e-17,0.0,0,0.0,0.0,0.004304906394243486,0.0,0,0.0,0.0,0.004304906394243486,0.0,0.0
MAR00181,549,-5.720580859853629e-15,1.5844198704594238e-14,-4.0456999508070345e-17,0.0,0,0.0,0.0,0.004562962366977274,0.0,0,0.0,0.0,0.004562962366977274,0.0,0.0
MAR12440,566,-5.72451391354427e-15,6.13711731550527e-15,-4.6672158221823045e-17,0.0,0,0.0,0.0,0.0044262764728495866,0.0,0,0.0,0.0,0.0044262764728495866,0.0,0.0
MAR12915,556,-5.72523643202383e-15,8.482995664392233e-15,-4.5155643577387926e-17,0.0,0,0.0,0.0,0.0045056704064922026,0.0,0,0.0,0.0,0.0045056704064922026,0.0,0.0
MAR12227,551,-5.725607525907159e-15,6.348917174567777e-15,-4.746935918397408e-17,0.0,0,0.0,0.0,0.004546445100963565,0.0,0,0.0,0.0,0.004546445100963565,0.0,0.0
MAR06298,572,-5.7389990196008085e-15,5.352681738989413e-15,-4.588968896266872e-17,0.0,0,0.0,0.0,0.004379969091767465,0.0,0,0.0,0.0,0.004379969091767465,0.0,0.0
MAR06135,549,-5.746465841119936e-15,5.91546060524014e-15,-4.699847976040653e-17,0.0,0,0.0,0.0,0.004562962366977274,0.0,0,0.0,0.0,0.004562962366977274,0.0,0.0
MAR02667,566,-5.749621430708938e-15,6.24201097654983e-15,-4.5073746022691833e-17,0.0,0,0.0,0.0,0.0044262764728495866,0.0,0,0.0,0.0,0.0044262764728495866,0.0,0.0
MAR10103,558,-5.755650834472497e-15,6.635837436270676e-15,-4.5854480251370844e-17,0.0,0,0.0,0.0,0.004489564580987142,0.0,0,0.0,0.0,0.004489564580987142,0.0,0.0
MAR09775,552,-5.766723652545741e-15,6.3545927078664035e-15,-4.536542169025991e-17,0.0,0,0.0,0.0,0.004538231229443332,0.0,0,0.0,0.0,0.004538231229443332,0.0,0.0
MAR05333,561,-5.7755345366596404e-15,1.5054182274695328e-14,-4.0277213609422294e-17,0.0,0,0.0,0.0,0.004465620583537596,0.0,0,0.0,0.0,0.004465620583537596,0.0,0.0
MAR01472,560,-5.8112245174665335e-15,6.521782090907752e-15,-4.624084401304744e-17,0.0,0,0.0,0.0,0.0044735734878779895,0.0,0,0.0,0.0,0.0044735734878779895,0.0,0.0
MAR00110,550,-5.813531474400819e-15,1.650054955614474e-14,-3.8725644113067024e-17,0.0,0,0.0,0.0,0.0045546887593671224,0.0,0,0.0,0.0,0.0045546887593671224,0.0,0.0
MAR08662,557,-5.817010547694895e-15,6.585188654348847e-15,-4.533315933843712e-17,0.0,0,0.0,0.0,0.004497603075155535,0.0,0,0.0,0.0,0.004497603075155535,0.0,0.0
MAR03547,561,-5.826197120314548e-15,6.618567416040974e-15,-4.527532949283421e-17,0.0,0,0.0,0.0,0.004465620583537596,0.0,0,0.0,0.0,0.004465620583537596,0.0,0.0
MAR10136,563,-5.830741455082882e-15,6.64000511810855e-15,-4.6094312700185264e-17,0.0,0,0.0,0.0,0.004449799303901048,0.0,0,0.0,0.0,0.004449799303901048,0.0,0.0
MAR08498,572,-5.838375626000822e-15,6.440145055132585e-15,-4.586652947724955e-17,0.0,0,0.0,0.0,0.004379969091767465,0.0,0,0.0,0.0,0.004379969091767465,0.0,0.0
MAR09832,545,-5.840791662761925e-15,5.903545997304897e-15,-4.6447886867608047e-17,0.0,0,0.0,0.0,0.004596359577531593,0.0,0,0.0,0.0,0.004596359577531593,0.0,0.0
MAR03657,554,-5.848510604812378e-15,6.339177994405229e-15,-4.449453057074772e-17,0.0,0,0.0,0.0,0.004521892203603858,0.0,0,0.0,0.0,0.004521892203603858,0.0,0.0
MAR01768,568,-5.8544718368966e-15,5.855435728156984e-15,-4.6870045629897824e-17,0.0,0,0.0,0.0,0.004410732264444036,0.0,0,0.0,0.0,0.004410732264444036,0.0,0.0
MAR03279,553,-5.859086573356341e-15,6.732816228762482e-15,-4.5888321459127493e-17,0.0,0,0.0,0.0,0.00453004698365408,0.0,0,0.0,0.0,0.00453004698365408,0.0,0.0
MAR12597,556,-5.87859097931018e-15,6.372094430924024e-15,-4.604275512953231e-17,0.0,0,0.0,0.0,0.0045056704064922026,0.0,0,0.0,0.0,0.0045056704064922026,0.0,0.0
MAR02043,548,-5.886613175822728e-15,6.63522458320166e-15,-4.690983828502624e-17,0.0,0,0.0,0.0,0.004571266087298871,0.0,0,0.0,0.0,0.004571266087298871,0.0,0.0
MAR12620,576,-5.896517841898055e-15,6.906639443227781e-15,-4.7996254694278903e-17,0.0,0,0.0,0.0,0.004349632068826215,0.0,0,0.0,0.0,0.004349632068826215,0.0,0.0
MAR11304,559,-5.897886035647343e-15,6.629585720224201e-15,-4.618368884793643e-17,0.0,0,0.0,0.0,0.004481554769642852,0.0,0,0.0,0.0,0.004481554769642852,0.0,0.0
MAR03234,578,-5.9252871736395914e-15,6.2360849717443995e-15,-4.6080598103184876e-17,0.0,0,0.0,0.0,0.004334620605899285,0.0,0,0.0,0.0,0.004334620605899285,0.0,0.0
MAR02982,561,-5.9275222876243644e-15,6.2074296104326374e-15,-4.6753159606103304e-17,0.0,0,0.0,0.0,0.004465620583537596,0.0,0,0.0,0.0,0.004465620583537596,0.0,0.0
MAR09297,560,-5.938107148852267e-15,6.153754293035908e-15,-4.6212637800988125e-17,0.0,0,0.0,0.0,0.0044735734878779895,0.0,0,0.0,0.0,0.0044735734878779895,0.0,0.0
MAR04954,545,-5.945091513882674e-15,5.936148007029278e-15,-4.652527164046038e-17,0.0,0,0.0,0.0,0.004596359577531593,0.0,0,0.0,0.0,0.004596359577531593,0.0,0.0
MAR00492,564,-5.9463860155809794e-15,6.409835806062507e-15,-4.63353331236006e-17,0.0,0,0.0,0.0,0.004441930629657058,0.0,0,0.0,0.0,0.004441930629657058,0.0,0.0
MAR03179,559,-5.9487298807822344e-15,6.5540728788133235e-15,-4.677831506310704e-17,0.0,0,0.0,0.0,0.004481554769642852,0.0,0,0.0,0.0,0.004481554769642852,0.0,0.0
MAR03408,562,-5.967547531650663e-15,6.550463392179354e-15,-4.7013168790013473e-17,0.0,0,0.0,0.0,0.0044576959055467585,0.0,0,0.0,0.0,0.0044576959055467585,0.0,0.0
MAR02105,550,-5.968558980384842e-15,5.712860309224548e-15,-4.7137033496707775e-17,0.0,0,0.0,0.0,0.0045546887593671224,0.0,0,0.0,0.0,0.0045546887593671224,0.0,0.0
MAR12401,554,-5.976767416321421e-15,5.956992656044133e-15,-4.908490013386181e-17,0.0,0,0.0,0.0,0.004521892203603858,0.0,0,0.0,0.0,0.004521892203603858,0.0,0.0
MAR00288,587,-5.9796952549487136e-15,1.534933844520132e-14,-4.194860744432929e-17,0.0,0,0.0,0.0,0.004268331649559446,0.0,0,0.0,0.0,0.004268331649559446,0.0,0.0
MAR03694,563,-5.9821892850850365e-15,5.676604375192642e-15,-4.570621591458525e-17,0.0,0,0.0,0.0,0.004449799303901048,0.0,0,0.0,0.0,0.004449799303901048,0.0,0.0
MAR03171,572,-5.987440535600845e-15,5.928076777831532e-15,-4.692773074723902e-17,0.0,0,0.0,0.0,0.004379969091767465,0.0,0,0.0,0.0,0.004379969091767465,0.0,0.0
MAR12125,543,-5.993159723354068e-15,5.836545528171826e-15,-4.751158361124906e-17,0.0,0,0.0,0.0,0.004613242186326175,0.0,0,0.0,0.0,0.004613242186326175,0.0,0.0
MAR01810,545,-5.997241439443047e-15,6.556749182827088e-15,-4.7459061669598026e-17,0.0,0,0.0,0.0,0.004596359577531593,0.0,0,0.0,0.0,0.004596359577531593,0.0,0.0
MAR11489,551,-6.0093087997133706e-15,7.161290197714196e-15,-4.8718921991159944e-17,0.0,0,0.0,0.0,0.004546445100963565,0.0,0,0.0,0.0,0.004546445100963565,0.0,0.0
MAR12392,560,-6.014236727683705e-15,6.651816041786858e-15,-4.79251744345699e-17,0.0,0,0.0,0.0,0.0044735734878779895,0.0,0,0.0,0.0,0.0044735734878779895,0.0,0.0
MAR03357,569,-6.0190087633808135e-15,6.481676609069282e-15,-4.640957137335522e-17,0.0,0,0.0,0.0,0.004403001029543098,0.0,0,0.0,0.0,0.004403001029543098,0.0,0.0
MAR03118,580,-6.051863990784303e-15,1.0967229065335428e-14,-4.7864892769981115e-17,0.0,0,0.0,0.0,0.004319712401627411,0.0,0,0.0,0.0,0.004319712401627411,0.0,0.0
MAR03187,533,-6.052277711727682e-15,6.718799880158295e-15,-4.7304206534337234e-17,0.0,0,0.0,0.0,0.004699550344959981,0.0,0,0.0,0.0,0.004699550344959981,0.0,0.0
MAR03635,544,-6.060511569718501e-15,6.6061809650188145e-15,-4.678843907817112e-17,0.0,0,0.0,0.0,0.004604785407758596,0.0,0,0.0,0.0,0.004604785407758596,0.0,0.0
MAR11393,554,-6.079372865528656e-15,6.486754486869413e-15,-4.6681185330013887e-17,0.0,0,0.0,0.0,0.004521892203603858,0.0,0,0.0,0.0,0.004521892203603858,0.0,0.0
MAR03319,563,-6.0831545050864704e-15,6.704555932173601e-15,-4.7221207562699865e-17,0.0,0,0.0,0.0,0.004449799303901048,0.0,0,0.0,0.0,0.004449799303901048,0.0,0.0
MAR06449,576,-6.093890824053636e-15,6.2752989087995196e-15,-4.9337075323370294e-17,0.0,0,0.0,0.0,0.004349632068826215,0.0,0,0.0,0.0,0.004349632068826215,0.0,0.0
MAR03627,562,-6.0939786234229234e-15,6.656231370470651e-15,-4.6682730521482605e-17,0.0,0,0.0,0.0,0.0044576959055467585,0.0,0,0.0,0.0,0.0044576959055467585,0.0,0.0
MAR11944,566,-6.101126671014288e-15,6.249913664746465e-15,-5.0565905650797186e-17,0.0,0,0.0,0.0,0.0044262764728495866,0.0,0,0.0,0.0,0.0044262764728495866,0.0,0.0
MAR05994,559,-6.101261416186906e-15,6.867001395615476e-15,-4.892354159289433e-17,0.0,0,0.0,0.0,0.004481554769642852,0.0,0,0.0,0.0,0.004481554769642852,0.0,0.0
MAR00459,579,-6.111403841252675e-15,6.413581818090042e-15,-4.837618701034119e-17,0.0,0,0.0,0.0,0.00432715366313485,0.0,0,0.0,0.0,0.00432715366313485,0.0,0.0
MAR01593,541,-6.1203865963809e-15,5.9070405462750624e-15,-4.877515533262654e-17,0.0,0,0.0,0.0,0.004630249273041442,0.0,0,0.0,0.0,0.004630249273041442,0.0,0.0
MAR13012,578,-6.121977204299825e-15,1.1233278638156484e-14,-4.578081848997909e-17,0.0,0,0.0,0.0,0.004334620605899285,0.0,0,0.0,0.0,0.004334620605899285,0.0,0.0
MAR01842,571,-6.122364728440793e-15,6.388882690903392e-15,-4.846760779841959e-17,0.0,0,0.0,0.0,0.00438761958448344,0.0,0,0.0,0.0,0.00438761958448344,0.0,0.0
MAR03193,564,-6.122761871975332e-15,6.2425000255631796e-15,-4.7556025687603043e-17,0.0,0,0.0,0.0,0.004441930629657058,0.0,0,0.0,0.0,0.004441930629657058,0.0,0.0
MAR12676,566,-6.126234188178955e-15,6.2141506046183815e-15,-5.074845040771806e-17,0.0,0,0.0,0.0,0.0044262764728495866,0.0,0,0.0,0.0,0.0044262764728495866,0.0,0.0
MAR05312,538,-6.128100918079676e-15,1.479595691029714e-14,-4.302735167301145e-17,0.0,0,0.0,0.0,0.004655996327465773,0.0,0,0.0,0.0,0.004655996327465773,0.0,0.0
MAR10449,559,-6.152105261321798e-15,6.032444074067045e-15,-4.8060793878842104e-17,0.0,0,0.0,0.0,0.004481554769642852,0.0,0,0.0,0.0,0.004481554769642852,0.0,0.0
MAR00229,554,-6.156326952434081e-15,1.618408992664337e-14,-4.329564468706038e-17,0.0,0,0.0,0.0,0.004521892203603858,0.0,0,0.0,0.0,0.004521892203603858,0.0,0.0
MAR02336,593,-6.158835854649098e-15,6.217957020148398e-15,-4.830510709395011e-17,0.0,0,0.0,0.0,0.0042252540320499845,0.0,0,0.0,0.0,0.0042252540320499845,0.0,0.0
MAR00258,567,-6.190619249832266e-15,1.57658167231983e-14,-4.3415029373389035e-17,0.0,0,0.0,0.0,0.00441849069762059,0.0,0,0.0,0.0,0.00441849069762059,0.0,0.0
MAR05045,555,-6.196444758700693e-15,6.703854441779586e-15,-4.884182025756368e-17,0.0,0,0.0,0.0,0.004513766730450679,0.0,0,0.0,0.0,0.004513766730450679,0.0,0.0
MAR04924,564,-6.19835152471577e-15,2.0639103075038363e-14,-4.202565097883288e-17,0.0,0,0.0,0.0,0.004441930629657058,0.0,0,0.0,0.0,0.004441930629657058,0.0,0.0
MAR03551,541,-6.1991898572785085e-15,6.69085514223915e-15,-4.783452679582436e-17,0.0,0,0.0,0.0,0.004630249273041442,0.0,0,0.0,0.0,0.004630249273041442,0.0,0.0
MAR01722,575,-6.2033470148099175e-15,6.3866654684583056e-15,-5.035456548352512e-17,0.0,0,0.0,0.0,0.004357176858116289,0.0,0,0.0,0.0,0.004357176858116289,0.0,0.0
MAR00016,558,-6.214065502704818e-15,1.6291559462178142e-14,-4.365094172212149e-17,0.0,0,0.0,0.0,0.004489564580987142,0.0,0,0.0,0.0,0.004489564580987142,0.0,0.0
MAR02057,552,-6.230121088911024e-15,5.844198298153897e-15,-4.955181469451366e-17,0.0,0,0.0,0.0,0.004538231229443332,0.0,0,0.0,0.0,0.004538231229443332,0.0,0.0
MAR01448,545,-6.2319161044647315e-15,5.851875031929508e-15,-5.0345614440908634e-17,0.0,0,0.0,0.0,0.004596359577531593,0.0,0,0.0,0.0,0.004596359577531593,0.0,0.0
MAR01103,545,-6.231916104464732e-15,5.972159568514869e-15,-5.0172171896371444e-17,0.0,0,0.0,0.0,0.004596359577531593,0.0,0,0.0,0.0,0.004596359577531593,0.0,0.0
MAR12267,563,-6.234602335088624e-15,7.395189752609301e-15,-5.1707534716991146e-17,0.0,0,0.0,0.0,0.004449799303901048,0.0,0,0.0,0.0,0.004449799303901048,0.0,0.0
MAR00222,546,-6.246529545143736e-15,1.5733737952395348e-14,-4.459170619408123e-17,0.0,0,0.0,0.0,0.004587964526068459,0.0,0,0.0,0.0,0.004587964526068459,0.0,0.0
MAR12649,548,-6.2496642086928534e-15,7.885088123332616e-15,-5.055436755711756e-17,0.0,0,0.0,0.0,0.004571266087298871,0.0,0,0.0,0.0,0.004571266087298871,0.0,0.0
MAR01164,577,-6.255731538407814e-15,6.460721875649613e-15,-4.98664874009487e-17,0.0,0,0.0,0.0,0.004342113363096878,0.0,0,0.0,0.0,0.004342113363096878,0.0,0.0
MAR04696,547,-6.261089554595401e-15,2.116480380442168e-14,-4.056602986780173e-17,0.0,0,0.0,0.0,0.004579600085029117,0.0,0,0.0,0.0,0.004579600085029117,0.0,0.0
MAR01072,569,-6.2687601643509715e-15,5.37491916202589e-15,-5.156149969849158e-17,0.0,0,0.0,0.0,0.004403001029543098,0.0,0,0.0,0.0,0.004403001029543098,0.0,0.0
MAR01295,548,-6.2755964253264325e-15,5.589696117079143e-15,-5.179927571457172e-17,0.0,0,0.0,0.0,0.004571266087298871,0.0,0,0.0,0.0,0.004571266087298871,0.0,0.0
MAR00522,552,-6.281609692951611e-15,6.258206191845937e-15,-4.9553185543592875e-17,0.0,0,0.0,0.0,0.004538231229443332,0.0,0,0.0,0.0,0.004538231229443332,0.0,0.0
MAR06718,580,-6.296878727253302e-15,5.1012433007925956e-15,-5.071021190268401e-17,0.0,0,0.0,0.0,0.004319712401627411,0.0,0,0.0,0.0,0.004319712401627411,0.0,0.0
MAR03015,558,-6.315935428978668e-15,6.3341182765297125e-15,-4.945725900480036e-17,0.0,0,0.0,0.0,0.004489564580987142,0.0,0,0.0,0.0,0.004489564580987142,0.0,0.0
MAR00188,560,-6.318755043009462e-15,1.6201797923098864e-14,-4.403587607465019e-17,0.0,0,0.0,0.0,0.0044735734878779895,0.0,0,0.0,0.0,0.0044735734878779895,0.0,0.0
MAR07114,571,-6.321466020422607e-15,6.453960683867207e-15,-5.004656838049207e-17,0.0,0,0.0,0.0,0.00438761958448344,0.0,0,0.0,0.0,0.00438761958448344,0.0,0.0
MAR09856,571,-6.321466020422608e-15,5.698068772943015e-15,-4.9359133865120374e-17,0.0,0,0.0,0.0,0.00438761958448344,0.0,0,0.0,0.0,0.00438761958448344,0.0,0.0
MAR09618,573,-6.324202360168431e-15,6.173637429764553e-15,-5.0331274673419185e-17,0.0,0,0.0,0.0,0.0043723452321952965,0.0,0,0.0,0.0,0.0043723452321952965,0.0,0.0
MAR09935,561,-6.3328229568636394e-15,5.652759198800704e-15,-5.022525077719232e-17,0.0,0,0.0,0.0,0.004465620583537596,0.0,0,0.0,0.0,0.004465620583537596,0.0,0.0
MAR02459,540,-6.342251826599414e-15,6.223982482823704e-15,-5.018174967457997e-17,0.0,0,0.0,0.0,0.00463879992662872,0.0,0,0.0,0.0,0.00463879992662872,0.0,0.0
MAR06207,569,-6.343685584642019e-15,5.752629561686886e-15,-5.106606421427525e-17,0.0,0,0.0,0.0,0.004403001029543098,0.0,0,0.0,0.0,0.004403001029543098,0.0,0.0
MAR04216,593,-6.350550589424167e-15,6.07366770573401e-15,-4.9193098025095285e-17,0.0,0,0.0,0.0,0.0042252540320499845,0.0,0,0.0,0.0,0.0042252540320499845,0.0,0.0
MAR01290,550,-6.356127745344896e-15,5.283712250389052e-15,-5.2294753970403986e-17,0.0,0,0.0,0.0,0.0045546887593671224,0.0,0,0.0,0.0,0.0045546887593671224,0.0,0.0
MAR03695,572,-6.360102809600896e-15,6.387749687078237e-15,-5.0262059158959836e-17,0.0,0,0.0,0.0,0.004379969091767465,0.0,0,0.0,0.0,0.004379969091767465,0.0,0.0
MAR03629,574,-6.362699759245496e-15,6.393025350884221e-15,-4.8958767877930735e-17,0.0,0,0.0,0.0,0.004364747866934595,0.0,0,0.0,0.0,0.004364747866934595,0.0,0.0
MAR00233,575,-6.3763487243862905e-15,1.5878775491803657e-14,-4.451492299574811e-17,0.0,0,0.0,0.0,0.004357176858116289,0.0,0,0.0,0.0,0.004357176858116289,0.0,0.0
MAR01502,560,-6.394884621840902e-15,3.878568967870407e-15,-5.130279220371805e-17,0.0,0,0.0,0.0,0.0044735734878779895,0.0,0,0.0,0.0,0.0044735734878779895,0.0,0.0
MAR05527,566,-6.4024168769903026e-15,6.0771407446816045e-15,-5.038701368800693e-17,0.0,0,0.0,0.0,0.0044262764728495866,0.0,0,0.0,0.0,0.0044262764728495866,0.0,0.0
MAR03649,587,-6.415462520491535e-15,6.200373325895554e-15,-4.929338767023941e-17,0.0,0,0.0,0.0,0.004268331649559446,0.0,0,0.0,0.0,0.004268331649559446,0.0,0.0
MAR07052,549,-6.419475354043893e-15,6.865530019378068e-15,-5.165312821956766e-17,0.0,0,0.0,0.0,0.004562962366977274,0.0,0,0.0,0.0,0.004562962366977274,0.0,0.0
MAR11322,560,-6.420261148118048e-15,6.243388204434685e-15,-5.044810665666113e-17,0.0,0,0.0,0.0,0.0044735734878779895,0.0,0,0.0,0.0,0.0044735734878779895,0.0,0.0
MAR07871,562,-6.422699462030799e-15,1.8396641152614736e-14,-4.4397209522998904e-17,0.0,0,0.0,0.0,0.0044576959055467585,0.0,0,0.0,0.0,0.0044576959055467585,0.0,0.0
MAR03684,575,-6.450492314204736e-15,6.61579622294236e-15,-4.9557867968668464e-17,0.0,0,0.0,0.0,0.004357176858116289,0.0,0,0.0,0.0,0.004357176858116289,0.0,0.0
MAR08994,568,-6.454930486834715e-15,6.356846672786426e-15,-5.000271178297515e-17,0.0,0,0.0,0.0,0.004410732264444036,0.0,0,0.0,0.0,0.004410732264444036,0.0,0.0
MAR03577,560,-6.471014200672342e-15,1.1548877328564477e-14,-4.9238160407192384e-17,0.0,0,0.0,0.0,0.0044735734878779895,0.0,0,0.0,0.0,0.0044735734878779895,0.0,0.0
MAR00328,533,-6.478869973347253e-15,1.7014634367526834e-14,-4.494079042720824e-17,0.0,0,0.0,0.0,0.004699550344959981,0.0,0,0.0,0.0,0.004699550344959981,0.0,0.0
MAR03278,559,-6.482590254698588e-15,6.768511689423794e-15,-5.057930532555798e-17,0.0,0,0.0,0.0,0.004481554769642852,0.0,0,0.0,0.0,0.004481554769642852,0.0,0.0
MAR00342,539,-6.485844638107037e-15,4.634962793670299e-15,-5.185595060557526e-17,0.0,0,0.0,0.0,0.004647382219459146,0.0,0,0.0,0.0,0.004647382219459146,0.0,0.0
MAR08654,556,-6.492009168455592e-15,5.53011338045136e-15,-5.1884676362517826e-17,0.0,0,0.0,0.0,0.0045056704064922026,0.0,0,0.0,0.0,0.0045056704064922026,0.0,0.0
MAR08068,580,-6.492890516428502e-15,5.982209426501078e-15,-5.1452137025948386e-17,0.0,0,0.0,0.0,0.004319712401627411,0.0,0,0.0,0.0,0.004319712401627411,0.0,0.0
MAR05453,566,-6.502846945648973e-15,6.597425829453731e-15,-5.1298889762349174e-17,0.0,0,0.0,0.0,0.0044262764728495866,0.0,0,0.0,0.0,0.0044262764728495866,0.0,0.0
MAR04828,572,-6.509167719200921e-15,2.0326832710908784e-14,-4.4382971468590794e-17,0.0,0,0.0,0.0,0.004379969091767465,0.0,0,0.0,0.0,0.004379969091767465,0.0,0.0
MAR07053,561,-6.560804583310729e-15,5.156974699314055e-15,-5.2862827107327376e-17,0.0,0,0.0,0.0,0.004465620583537596,0.0,0,0.0,0.0,0.004465620583537596,0.0,0.0
MAR01133,547,-6.5988246757976395e-15,4.801418291857033e-15,-5.4259677282988755e-17,0.0,0,0.0,0.0,0.004579600085029117,0.0,0,0.0,0.0,0.004579600085029117,0.0,0.0
MAR00662,566,-6.603277014307645e-15,6.428633601463632e-15,-5.271541947247491e-17,0.0,0,0.0,0.0,0.0044262764728495866,0.0,0,0.0,0.0,0.0044262764728495866,0.0,0.0
MAR01491,577,-6.649793367598858e-15,6.001795833844383e-15,-5.2854338990555855e-17,0.0,0,0.0,0.0,0.004342113363096878,0.0,0,0.0,0.0,0.004342113363096878,0.0,0.0
MAR12783,568,-6.655083370147417e-15,5.951870487388473e-15,-5.557300204451795e-17,0.0,0,0.0,0.0,0.004410732264444036,0.0,0,0.0,0.0,0.004410732264444036,0.0,0.0
MAR09049,546,-6.6629648481533204e-15,6.408668468004198e-15,-5.404178036868573e-17,0.0,0,0.0,0.0,0.004587964526068459,0.0,0,0.0,0.0,0.004587964526068459,0.0,0.0
MAR00392,552,-6.667774223256012e-15,1.6386798523368388e-14,-4.632327761803083e-17,0.0,0,0.0,0.0,0.004538231229443332,0.0,0,0.0,0.0,0.004538231229443332,0.0,0.0
MAR00504,583,-6.678857962204715e-15,6.066362440928109e-15,-5.352489906396655e-17,0.0,0,0.0,0.0,0.004297541386555887,0.0,0,0.0,0.0,0.004297541386555887,0.0,0.0
MAR03276,544,-6.687461042448002e-15,6.738686780675451e-15,-5.174090425759593e-17,0.0,0,0.0,0.0,0.004604785407758596,0.0,0,0.0,0.0,0.004604785407758596,0.0,0.0
MAR02061,546,-6.688992054591419e-15,6.669381721634841e-15,-5.323925867277215e-17,0.0,0,0.0,0.0,0.004587964526068459,0.0,0,0.0,0.0,0.004587964526068459,0.0,0.0
MAR09283,558,-6.697947652505604e-15,6.575667998636699e-15,-5.361953271554347e-17,0.0,0,0.0,0.0,0.004489564580987142,0.0,0,0.0,0.0,0.004489564580987142,0.0,0.0
MAR07088,574,-6.709305971811399e-15,6.4612897439184565e-15,-5.4568987151982224e-17,0.0,0,0.0,0.0,0.004364747866934595,0.0,0,0.0,0.0,0.004364747866934595,0.0,0.0
MAR05086,548,-6.7164441080972975e-15,6.51749688797866e-15,-5.1959989100098244e-17,0.0,0,0.0,0.0,0.004571266087298871,0.0,0,0.0,0.0,0.004571266087298871,0.0,0.0
MAR12751,535,-6.720273351301136e-15,7.735156762635183e-15,-5.4987999485402246e-17,0.0,0,0.0,0.0,0.004682031321548599,0.0,0,0.0,0.0,0.004682031321548599,0.0,0.0
MAR01917,551,-6.731457496674633e-15,6.306202135023158e-15,-5.2600301740451386e-17,0.0,0,0.0,0.0,0.004546445100963565,0.0,0,0.0,0.0,0.004546445100963565,0.0,0.0
MAR06177,577,-6.748308824896619e-15,5.922107106876629e-15,-5.308191616265948e-17,0.0,0,0.0,0.0,0.004342113363096878,0.0,0,0.0,0.0,0.004342113363096878,0.0,0.0
MAR00626,570,-6.756388820736391e-15,5.737839065511999e-15,-5.426528401758388e-17,0.0,0,0.0,0.0,0.004395296850147243,0.0,0,0.0,0.0,0.004395296850147243,0.0,0.0
MAR03246,551,-6.757248521566107e-15,6.710837292022761e-15,-5.273092054527904e-17,0.0,0,0.0,0.0,0.004546445100963565,0.0,0,0.0,0.0,0.004546445100963565,0.0,0.0
MAR02408,540,-6.763314188531324e-15,5.803630972273133e-15,-5.342696692466866e-17,0.0,0,0.0,0.0,0.00463879992662872,0.0,0,0.0,0.0,0.00463879992662872,0.0,0.0
MAR02596,563,-6.764669740096158e-15,6.4923627635367206e-15,-5.317797695483019e-17,0.0,0,0.0,0.0,0.004449799303901048,0.0,0,0.0,0.0,0.004449799303901048,0.0,0.0
MAR00275,544,-6.765829726539189e-15,1.6693907408636824e-14,-4.797552525054844e-17,0.0,0,0.0,0.0,0.004604785407758596,0.0,0,0.0,0.0,0.004604785407758596,0.0,0.0
MAR00199,569,-6.768262966291288e-15,1.593467459780136e-14,-4.718514877450286e-17,0.0,0,0.0,0.0,0.004403001029543098,0.0,0,0.0,0.0,0.004403001029543098,0.0,0.0
MAR07768,571,-6.76944392738169e-15,6.631184718970095e-15,-5.359076045647045e-17,0.0,0,0.0,0.0,0.00438761958448344,0.0,0,0.0,0.0,0.00438761958448344,0.0,0.0
MAR00326,575,-6.7717812034179966e-15,1.5056705835831423e-14,-4.86829513879532e-17,0.0,0,0.0,0.0,0.004357176858116289,0.0,0,0.0,0.0,0.004357176858116289,0.0,0.0
MAR11247,563,-6.7899110450965184e-15,5.7691298208338015e-15,-5.354721274481701e-17,0.0,0,0.0,0.0,0.004449799303901048,0.0,0,0.0,0.0,0.004449799303901048,0.0,0.0
MAR03136,577,-6.7975665535454994e-15,6.125272190285862e-15,-5.3896883530712894e-17,0.0,0,0.0,0.0,0.004342113363096878,0.0,0,0.0,0.0,0.004342113363096878,0.0,0.0
MAR02734,538,-6.8148708485541206e-15,6.623556691525802e-15,-5.419245149143289e-17,0.0,0,0.0,0.0,0.004655996327465773,0.0,0,0.0,0.0,0.004655996327465773,0.0,0.0
MAR00196,546,-6.8191280867819125e-15,1.645966700263127e-14,-4.87667659099145e-17,0.0,0,0.0,0.0,0.004587964526068459,0.0,0,0.0,0.0,0.004587964526068459,0.0,0.0
MAR13057,553,-6.835601002249065e-15,8.495026574059321e-15,-5.45000730298407e-17,0.0,0,0.0,0.0,0.00453004698365408,0.0,0,0.0,0.0,0.00453004698365408,0.0,0.0
MAR10153,573,-6.845019025123478e-15,6.256790133643066e-15,-5.377489294386055e-17,0.0,0,0.0,0.0,0.0043723452321952965,0.0,0,0.0,0.0,0.0043723452321952965,0.0,0.0
MAR12692,550,-6.847048180960965e-15,6.7060121039562714e-15,-5.370742032885267e-17,0.0,0,0.0,0.0,0.0045546887593671224,0.0,0,0.0,0.0,0.0045546887593671224,0.0,0.0
MAR00337,568,-6.88025536387421e-15,1.5993402277315866e-14,-4.8696392486862265e-17,0.0,0,0.0,0.0,0.004410732264444036,0.0,0,0.0,0.0,0.004410732264444036,0.0,0.0
MAR12274,546,-6.897209706096212e-15,7.570891244290727e-15,-5.6987408723352e-17,0.0,0,0.0,0.0,0.004587964526068459,0.0,0,0.0,0.0,0.004587964526068459,0.0,0.0
MAR01197,561,-6.915442668895093e-15,6.501985007967204e-15,-5.4807186959298624e-17,0.0,0,0.0,0.0,0.004465620583537596,0.0,0,0.0,0.0,0.004465620583537596,0.0,0.0
MAR03822,577,-6.9207108751677e-15,6.011633340542174e-15,-5.395264793185454e-17,0.0,0,0.0,0.0,0.004342113363096878,0.0,0,0.0,0.0,0.004342113363096878,0.0,0.0
MAR09036,564,-6.929051501206651e-15,6.681391129516664e-15,-5.513976423063748e-17,0.0,0,0.0,0.0,0.004441930629657058,0.0,0,0.0,0.0,0.004441930629657058,0.0,0.0
MAR02768,566,-6.929674737448327e-15,6.351182934448422e-15,-5.460900958195652e-17,0.0,0,0.0,0.0,0.0044262764728495866,0.0,0,0.0,0.0,0.0044262764728495866,0.0,0.0
MAR05193,539,-6.934053413911182e-15,6.6399724816808205e-15,-5.425299394426771e-17,0.0,0,0.0,0.0,0.004647382219459146,0.0,0,0.0,0.0,0.004647382219459146,0.0,0.0
MAR02987,555,-6.938993923999537e-15,6.1294202404527005e-15,-5.465716398163359e-17,0.0,0,0.0,0.0,0.004513766730450679,0.0,0,0.0,0.0,0.004513766730450679,0.0,0.0
MAR11401,561,-6.940773960722547e-15,1.1607328810713482e-14,-5.336853244899007e-17,0.0,0,0.0,0.0,0.004465620583537596,0.0,0,0.0,0.0,0.004465620583537596,0.0,0.0
MAR02376,568,-6.955312695116474e-15,6.335361715537605e-15,-5.558890920057798e-17,0.0,0,0.0,0.0,0.004410732264444036,0.0,0,0.0,0.0,0.004410732264444036,0.0,0.0
MAR08088,568,-6.955312695116474e-15,1.7916946930574098e-14,-4.7639001109144957e-17,0.0,0,0.0,0.0,0.004410732264444036,0.0,0,0.0,0.0,0.004410732264444036,0.0,0.0
MAR00305,567,-6.967579560539959e-15,1.595026362165304e-14,-4.9624778794038975e-17,0.0,0,0.0,0.0,0.00441849069762059,0.0,0,0.0,0.0,0.00441849069762059,0.0,0.0
MAR01182,556,-6.9776319015290414e-15,5.8522644315723435e-15,-5.718497302311837e-17,0.0,0,0.0,0.0,0.0045056704064922026,0.0,0,0.0,0.0,0.0045056704064922026,0.0,0.0
MAR01844,562,-6.978996265828743e-15,5.702080791109479e-15,-5.603655583346017e-17,0.0,0,0.0,0.0,0.0044576959055467585,0.0,0,0.0,0.0,0.0044576959055467585,0.0,0.0
MAR01742,570,-6.980770737292212e-15,6.319152013688201e-15,-5.58503836277663e-17,0.0,0,0.0,0.0,0.004395296850147243,0.0,0,0.0,0.0,0.004395296850147243,0.0,0.0
MAR07030,543,-6.987657843386621e-15,5.231012544484586e-15,-5.65687286295778e-17,0.0,0,0.0,0.0,0.004613242186326175,0.0,0,0.0,0.0,0.004613242186326175,0.0,0.0
MAR00422,549,-6.988944941902625e-15,6.575843303119667e-15,-5.575550945716239e-17,0.0,0,0.0,0.0,0.004562962366977274,0.0,0,0.0,0.0,0.004562962366977274,0.0,0.0
MAR05379,542,-7.000550201031248e-15,1.5660790699685995e-14,-5.109990625967857e-17,0.0,0,0.0,0.0,0.00462173008405905,0.0,0,0.0,0.0,0.00462173008405905,0.0,0.0
MAR11347,556,-7.003190992743433e-15,1.1505322529012006e-14,-5.4959112925077517e-17,0.0,0,0.0,0.0,0.0045056704064922026,0.0,0,0.0,0.0,0.0045056704064922026,0.0,0.0
MAR01198,572,-7.006050751200988e-15,4.9733641583746445e-15,-5.82825275958594e-17,0.0,0,0.0,0.0,0.004379969091767465,0.0,0,0.0,0.0,0.004379969091767465,0.0,0.0
MAR03726,535,-7.012459149183792e-15,5.61082797272401e-15,-5.5022971588816695e-17,0.0,0,0.0,0.0,0.004682031321548599,0.0,0,0.0,0.0,0.004682031321548599,0.0,0.0
MAR00533,545,-7.014164987870347e-15,6.435922601683733e-15,-5.521666464811335e-17,0.0,0,0.0,0.0,0.004596359577531593,0.0,0,0.0,0.0,0.004596359577531593,0.0,0.0
MAR07045,557,-7.016131143053054e-15,6.3129147446190924e-15,-5.514618105175326e-17,0.0,0,0.0,0.0,0.004497603075155535,0.0,0,0.0,0.0,0.004497603075155535,0.0,0.0
MAR12411,542,-7.026769490173686e-15,7.500204373121265e-15,-5.787170161380054e-17,0.0,0,0.0,0.0,0.00462173008405905,0.0,0,0.0,0.0,0.00462173008405905,0.0,0.0
MAR04820,561,-7.0420991280323655e-15,6.597386512156059e-15,-5.649076823538024e-17,0.0,0,0.0,0.0,0.004465620583537596,0.0,0,0.0,0.0,0.004465620583537596,0.0,0.0
MAR02949,540,-7.052794562359513e-15,6.473890577880378e-15,-5.5278583304802346e-17,0.0,0,0.0,0.0,0.00463879992662872,0.0,0,0.0,0.0,0.00463879992662872,0.0,0.0
MAR08758,558,-7.0544923944640774e-15,6.445753306755875e-15,-5.493972349444091e-17,0.0,0,0.0,0.0,0.004489564580987142,0.0,0,0.0,0.0,0.004489564580987142,0.0,0.0
MAR01611,571,-7.068095865354411e-15,5.4899701981908165e-15,-5.608371478335053e-17,0.0,0,0.0,0.0,0.00438761958448344,0.0,0,0.0,0.0,0.00438761958448344,0.0,0.0
MAR00245,540,-7.079110959980258e-15,1.648961335838789e-14,-5.0559629419802265e-17,0.0,0,0.0,0.0,0.00463879992662872,0.0,0,0.0,0.0,0.00463879992662872,0.0,0.0
MAR04984,560,-7.080050831323859e-15,2.0757079532466e-14,-4.8544199128981226e-17,0.0,0,0.0,0.0,0.0044735734878779895,0.0,0,0.0,0.0,0.0044735734878779895,0.0,0.0
MAR08041,547,-7.09243754524707e-15,1.84808805783433e-14,-4.811658563808242e-17,0.0,0,0.0,0.0,0.004579600085029117,0.0,0,0.0,0.0,0.004579600085029117,0.0,0.0
MAR00424,582,-7.105427357601002e-15,6.451312556132809e-15,-5.652483021284617e-17,0.0,0,0.0,0.0,0.004304906394243486,0.0,0,0.0,0.0,0.004304906394243486,0.0,0.0
MAR00293,564,-7.105427357601002e-15,6.594590348659457e-15,-5.718502831751564e-17,0.0,0,0.0,0.0,0.004441930629657058,0.0,0,0.0,0.0,0.004441930629657058,0.0,0.0
MAR03679,523,-7.14618506710923e-15,6.859069562251254e-15,-5.57551222237868e-17,0.0,0,0.0,0.0,0.004789149508756816,0.0,0,0.0,0.0,0.004789149508756816,0.0,0.0
MAR02126,568,-7.205503799257354e-15,6.174867161323592e-15,-5.662714051878974e-17,0.0,0,0.0,0.0,0.004410732264444036,0.0,0,0.0,0.0,0.004410732264444036,0.0,0.0
MAR12888,552,-7.208404565682176e-15,8.43015733907937e-15,-5.797052349157839e-17,0.0,0,0.0,0.0,0.004538231229443332,0.0,0,0.0,0.0,0.004538231229443332,0.0,0.0
MAR08562,563,-7.219013230102616e-15,6.62684696293714e-15,-5.703963962279986e-17,0.0,0,0.0,0.0,0.004449799303901048,0.0,0,0.0,0.0,0.004449799303901048,0.0,0.0
MAR03716,559,-7.219826009154506e-15,6.6093395911550954e-15,-5.555240000114182e-17,0.0,0,0.0,0.0,0.004481554769642852,0.0,0,0.0,0.0,0.004481554769642852,0.0,0.0
MAR01180,551,-7.221486969612633e-15,7.17909911690796e-15,-5.906765435220581e-17,0.0,0,0.0,0.0,0.004546445100963565,0.0,0,0.0,0.0,0.004546445100963565,0.0,0.0
MAR01723,580,-7.227934725835501e-15,6.353818560246037e-15,-5.885394370236175e-17,0.0,0,0.0,0.0,0.004319712401627411,0.0,0,0.0,0.0,0.004319712401627411,0.0,0.0
MAR06994,572,-7.254492267201022e-15,6.846613181834608e-15,-5.833421070683188e-17,0.0,0,0.0,0.0,0.004379969091767465,0.0,0,0.0,0.0,0.004379969091767465,0.0,0.0
MAR12160,554,-7.259335531411854e-15,6.597830251121456e-15,-5.738779720289107e-17,0.0,0,0.0,0.0,0.004521892203603858,0.0,0,0.0,0.0,0.004521892203603858,0.0,0.0
MAR01671,550,-7.260454863585023e-15,4.5300674435286446e-15,-5.900985763383571e-17,0.0,0,0.0,0.0,0.0045546887593671224,0.0,0,0.0,0.0,0.0045546887593671224,0.0,0.0
MAR02753,548,-7.261020657402484e-15,6.378552454893276e-15,-5.731742699379249e-17,0.0,0,0.0,0.0,0.004571266087298871,0.0,0,0.0,0.0,0.004571266087298871,0.0,0.0
MAR00300,583,-7.263867418748194e-15,1.537591255146728e-14,-5.282614771213714e-17,0.0,0,0.0,0.0,0.004297541386555887,0.0,0,0.0,0.0,0.004297541386555887,0.0,0.0
MAR01745,543,-7.275538878132886e-15,6.786090879481663e-15,-5.843958165254854e-17,0.0,0,0.0,0.0,0.004613242186326175,0.0,0,0.0,0.0,0.004613242186326175,0.0,0.0
MAR03581,554,-7.284986893713664e-15,1.1534313485872112e-14,-5.63193599372625e-17,0.0,0,0.0,0.0,0.004521892203603858,0.0,0,0.0,0.0,0.004521892203603858,0.0,0.0
MAR09890,548,-7.286952874036064e-15,1.155131048287988e-14,-5.621935562382143e-17,0.0,0,0.0,0.0,0.004571266087298871,0.0,0,0.0,0.0,0.004571266087298871,0.0,0.0
MAR02083,561,-7.295412046306912e-15,6.209591185390282e-15,-5.830529441723913e-17,0.0,0,0.0,0.0,0.004465620583537596,0.0,0,0.0,0.0,0.004465620583537596,0.0,0.0
MAR00426,564,-7.306999764908832e-15,6.1566649981858424e-15,-5.799715358175212e-17,0.0,0,0.0,0.0,0.004441930629657058,0.0,0,0.0,0.0,0.004441930629657058,0.0,0.0
MAR09744,560,-7.308439567818173e-15,1.141840557619741e-14,-5.739660223729411e-17,0.0,0,0.0,0.0,0.0044735734878779895,0.0,0,0.0,0.0,0.0044735734878779895,0.0,0.0
MAR05366,558,-7.309167210148701e-15,1.5395388261014604e-14,-5.2607029113964914e-17,0.0,0,0.0,0.0,0.004489564580987142,0.0,0,0.0,0.0,0.004489564580987142,0.0,0.0
MAR06198,563,-7.319978450104052e-15,5.696548673954027e-15,-5.919943511551215e-17,0.0,0,0.0,0.0,0.004449799303901048,0.0,0,0.0,0.0,0.004449799303901048,0.0,0.0
MAR09626,555,-7.323071078464455e-15,6.551043005796681e-15,-5.794236421483902e-17,0.0,0,0.0,0.0,0.004513766730450679,0.0,0,0.0,0.0,0.004513766730450679,0.0,0.0
MAR09771,586,-7.323682805445401e-15,1.090067160919891e-14,-5.725954697852102e-17,0.0,0,0.0,0.0,0.004275596795360198,0.0,0,0.0,0.0,0.004275596795360198,0.0,0.0
MAR11816,554,-7.33628961831728e-15,6.079738363114726e-15,-5.864298585656829e-17,0.0,0,0.0,0.0,0.004521892203603858,0.0,0,0.0,0.0,0.004521892203603858,0.0,0.0
MAR07065,550,-7.337968616577036e-15,6.7837542568942545e-15,-5.860418424281419e-17,0.0,0,0.0,0.0,0.0045546887593671224,0.0,0,0.0,0.0,0.0045546887593671224,0.0,0.0
MAR11266,575,-7.340215392026078e-15,1.1028328018814417e-14,-5.705146652101976e-17,0.0,0,0.0,0.0,0.004357176858116289,0.0,0,0.0,0.0,0.004357176858116289,0.0,0.0
MAR03117,567,-7.368591333808446e-15,5.432216069317863e-15,-5.790629739616792e-17,0.0,0,0.0,0.0,0.00441849069762059,0.0,0,0.0,0.0,0.00441849069762059,0.0,0.0
MAR13053,576,-7.376815208064929e-15,6.2407441488969995e-15,-5.784944853682659e-17,0.0,0,0.0,0.0,0.004349632068826215,0.0,0,0.0,0.0,0.004349632068826215,0.0,0.0
MAR11940,557,-7.398829205401404e-15,7.855465934858069e-15,-5.962116057699143e-17,0.0,0,0.0,0.0,0.004497603075155535,0.0,0,0.0,0.0,0.004497603075155535,0.0,0.0
MAR05405,555,-7.425491652988434e-15,1.5289957887158154e-14,-5.2231184080967446e-17,0.0,0,0.0,0.0,0.004513766730450679,0.0,0,0.0,0.0,0.004513766730450679,0.0,0.0
MAR06184,574,-7.427275983555055e-15,5.83533687996869e-15,-5.96192776136016e-17,0.0,0,0.0,0.0,0.004364747866934595,0.0,0,0.0,0.0,0.004364747866934595,0.0,0.0
MAR05346,564,-7.432982519476225e-15,1.4340912422759898e-14,-5.38820959694675e-17,0.0,0,0.0,0.0,0.004441930629657058,0.0,0,0.0,0.0,0.004441930629657058,0.0,0.0
MAR13013,575,-7.439073511784006e-15,8.140807433807534e-15,-5.903126879924472e-17,0.0,0,0.0,0.0,0.004357176858116289,0.0,0,0.0,0.0,0.004357176858116289,0.0,0.0
MAR01207,531,-7.439957835830805e-15,6.3979630056803955e-15,-5.930963393416093e-17,0.0,0,0.0,0.0,0.004717200964344275,0.0,0,0.0,0.0,0.004717200964344275,0.0,0.0
MAR12196,559,-7.448623312261515e-15,6.027407870328254e-15,-6.12166943769895e-17,0.0,0,0.0,0.0,0.004481554769642852,0.0,0,0.0,0.0,0.004481554769642852,0.0,0.0
MAR03305,552,-7.465847585885112e-15,1.1764553282203334e-14,-5.772949189467219e-17,0.0,0,0.0,0.0,0.004538231229443332,0.0,0,0.0,0.0,0.004538231229443332,0.0,0.0
MAR09370,564,-7.483375621303182e-15,5.939716476403032e-15,-5.868377583227587e-17,0.0,0,0.0,0.0,0.004441930629657058,0.0,0,0.0,0.0,0.004441930629657058,0.0,0.0
MAR06249,580,-7.497450935951403e-15,6.275422998903999e-15,-5.992564639756361e-17,0.0,0,0.0,0.0,0.004319712401627411,0.0,0,0.0,0.0,0.004319712401627411,0.0,0.0
MAR04936,568,-7.50573312422641e-15,6.124781360843412e-15,-6.158188604346526e-17,0.0,0,0.0,0.0,0.004410732264444036,0.0,0,0.0,0.0,0.004410732264444036,0.0,0.0
MAR00358,568,-7.50573312422641e-15,1.6065336890012467e-14,-5.4722427794001587e-17,0.0,0,0.0,0.0,0.004410732264444036,0.0,0,0.0,0.0,0.004410732264444036,0.0,0.0
MAR01035,552,-7.517336189925698e-15,5.066443234448975e-15,-6.199397979371885e-17,0.0,0,0.0,0.0,0.004538231229443332,0.0,0,0.0,0.0,0.004538231229443332,0.0,0.0
MAR00514,567,-7.518970748784129e-15,6.48539306617193e-15,-6.032692375383528e-17,0.0,0,0.0,0.0,0.00441849069762059,0.0,0,0.0,0.0,0.00441849069762059,0.0,0.0
MAR03264,562,-7.535293069626685e-15,6.193768476849491e-15,-5.871551465805846e-17,0.0,0,0.0,0.0,0.0044576959055467585,0.0,0,0.0,0.0,0.0044576959055467585,0.0,0.0
MAR02572,556,-7.539931908245668e-15,5.80102017940615e-15,-6.006440456241137e-17,0.0,0,0.0,0.0,0.0045056704064922026,0.0,0,0.0,0.0,0.0045056704064922026,0.0,0.0
MAR03432,574,-7.551063916614306e-15,1.1199612259950263e-14,-5.893065329137149e-17,0.0,0,0.0,0.0,0.004364747866934595,0.0,0,0.0,0.0,0.004364747866934595,0.0,0.0
MAR00192,519,-7.557217536408001e-15,1.720364320607861e-14,-5.4533222405264696e-17,0.0,0,0.0,0.0,0.004825953143914684,0.0,0,0.0,0.0,0.004825953143914684,0.0,0.0
MAR01039,571,-7.565849095308948e-15,4.938373405475593e-15,-6.196929391316471e-17,0.0,0,0.0,0.0,0.00438761958448344,0.0,0,0.0,0.0,0.00438761958448344,0.0,0.0
MAR06345,554,-7.567151879033558e-15,6.310504101740569e-15,-5.93709142826055e-17,0.0,0,0.0,0.0,0.004521892203603858,0.0,0,0.0,0.0,0.004521892203603858,0.0,0.0
MAR10348,549,-7.61018449229397e-15,6.4573515169901206e-15,-5.960748506280783e-17,0.0,0,0.0,0.0,0.004562962366977274,0.0,0,0.0,0.0,0.004562962366977274,0.0,0.0
MAR02296,556,-7.642168273103236e-15,6.3900092323307984e-15,-6.195163226184605e-17,0.0,0,0.0,0.0,0.0045056704064922026,0.0,0,0.0,0.0,0.0045056704064922026,0.0,0.0
MAR00404,579,-7.657662644461184e-15,1.56553711654487e-14,-5.571770728631313e-17,0.0,0,0.0,0.0,0.00432715366313485,0.0,0,0.0,0.0,0.00432715366313485,0.0,0.0
MAR04784,551,-7.65993439276769e-15,2.114235704699286e-14,-5.329357888802533e-17,0.0,0,0.0,0.0,0.004546445100963565,0.0,0,0.0,0.0,0.004546445100963565,0.0,0.0
MAR11271,562,-7.661724161398945e-15,6.3562568717023345e-15,-6.037842057797658e-17,0.0,0,0.0,0.0,0.0044576959055467585,0.0,0,0.0,0.0,0.0044576959055467585,0.0,0.0
MAR01260,573,-7.66344521290998e-15,6.3759610239207075e-15,-6.159617233548807e-17,0.0,0,0.0,0.0,0.0043723452321952965,0.0,0,0.0,0.0,0.0043723452321952965,0.0,0.0
MAR03177,544,-7.680131040936377e-15,1.1908519736931069e-14,-5.957399381907104e-17,0.0,0,0.0,0.0,0.004604785407758596,0.0,0,0.0,0.0,0.004604785407758596,0.0,0.0
MAR10168,571,-7.690287402797582e-15,1.128814074412683e-14,-6.056553670661294e-17,0.0,0,0.0,0.0,0.00438761958448344,0.0,0,0.0,0.0,0.00438761958448344,0.0,0.0
MAR12671,545,-7.718188982935402e-15,7.38129980332072e-15,-6.35591086518307e-17,0.0,0,0.0,0.0,0.004596359577531593,0.0,0,0.0,0.0,0.004596359577531593,0.0,0.0
MAR02471,564,-7.73534113043797e-15,6.440454066442043e-15,-6.185428234553388e-17,0.0,0,0.0,0.0,0.004441930629657058,0.0,0,0.0,0.0,0.004441930629657058,0.0,0.0
MAR01251,567,-7.744539871247653e-15,6.9888121258250385e-15,-6.343037701131374e-17,0.0,0,0.0,0.0,0.00441849069762059,0.0,0,0.0,0.0,0.00441849069762059,0.0,0.0
MAR06285,572,-7.751375299201092e-15,6.456511359082078e-15,-6.33933773329165e-17,0.0,0,0.0,0.0,0.004379969091767465,0.0,0,0.0,0.0,0.004379969091767465,0.0,0.0
MAR01667,568,-7.755924228367291e-15,6.436349176482833e-15,-6.201543349771789e-17,0.0,0,0.0,0.0,0.004410732264444036,0.0,0,0.0,0.0,0.004410732264444036,0.0,0.0
MAR12305,569,-7.767268570171922e-15,7.029081154196452e-15,-6.333644693057782e-17,0.0,0,0.0,0.0,0.004403001029543098,0.0,0,0.0,0.0,0.004403001029543098,0.0,0.0
MAR00671,536,-7.768247073795126e-15,6.918867142882937e-15,-6.190839583785479e-17,0.0,0,0.0,0.0,0.004673320699286043,0.0,0,0.0,0.0,0.004673320699286043,0.0,0.0
MAR02335,572,-7.776219450801096e-15,6.302105754882538e-15,-6.211303420743958e-17,0.0,0,0.0,0.0,0.004379969091767465,0.0,0,0.0,0.0,0.004379969091767465,0.0,0.0
MAR00193,548,-7.77966499007409e-15,1.6222999442325883e-14,-5.573793457116556e-17,0.0,0,0.0,0.0,0.004571266087298871,0.0,0,0.0,0.0,0.004571266087298871,0.0,0.0
MAR12936,544,-7.784622619724628e-15,8.392342584942801e-15,-6.208723808431182e-17,0.0,0,0.0,0.0,0.004604785407758596,0.0,0,0.0,0.0,0.004604785407758596,0.0,0.0
MAR00179,562,-7.788155253171205e-15,1.6023518010465188e-14,-5.584109623455715e-17,0.0,0,0.0,0.0,0.0044576959055467585,0.0,0,0.0,0.0,0.0044576959055467585,0.0,0.0
MAR00104,560,-7.815970093361103e-15,1.6087000958243394e-14,-5.626831105698362e-17,0.0,0,0.0,0.0,0.0044735734878779895,0.0,0,0.0,0.0,0.0044735734878779895,0.0,0.0
MAR12335,567,-7.819729578735494e-15,1.1360993861277608e-14,-6.171180878446315e-17,0.0,0,0.0,0.0,0.00441849069762059,0.0,0,0.0,0.0,0.00441849069762059,0.0,0.0
MAR11350,545,-7.82248883405615e-15,6.197757334710481e-15,-6.17879376640588e-17,0.0,0,0.0,0.0,0.004596359577531593,0.0,0,0.0,0.0,0.004596359577531593,0.0,0.0
MAR07044,551,-7.840471567008002e-15,4.78788838849873e-15,-6.358004624045889e-17,0.0,0,0.0,0.0,0.004546445100963565,0.0,0,0.0,0.0,0.004546445100963565,0.0,0.0
MAR00166,547,-7.845846661775146e-15,1.6549962163921907e-14,-5.5481961124736865e-17,0.0,0,0.0,0.0,0.004579600085029117,0.0,0,0.0,0.0,0.004579600085029117,0.0,0.0
MAR08463,559,-7.855374073340643e-15,5.531525800596899e-15,-6.116199992889287e-17,0.0,0,0.0,0.0,0.004481554769642852,0.0,0,0.0,0.0,0.004481554769642852,0.0,0.0
MAR00178,575,-7.859220520755195e-15,1.5863468120554044e-14,-5.690079050142683e-17,0.0,0,0.0,0.0,0.004357176858116289,0.0,0,0.0,0.0,0.004357176858116289,0.0,0.0
MAR03488,553,-7.8635109273993e-15,6.381957315187634e-15,-6.093390600744529e-17,0.0,0,0.0,0.0,0.00453004698365408,0.0,0,0.0,0.0,0.00453004698365408,0.0,0.0
MAR09825,542,-7.865786742731737e-15,6.646603443168199e-15,-6.323187247924884e-17,0.0,0,0.0,0.0,0.00462173008405905,0.0,0,0.0,0.0,0.00462173008405905,0.0,0.0
MAR00259,556,-7.872200094032765e-15,1.612812129038098e-14,-5.674886128229754e-17,0.0,0,0.0,0.0,0.0045056704064922026,0.0,0,0.0,0.0,0.0045056704064922026,0.0,0.0
MAR00955,572,-7.87559605720111e-15,5.526683776357815e-15,-6.325809376186262e-17,0.0,0,0.0,0.0,0.004379969091767465,0.0,0,0.0,0.0,0.004379969091767465,0.0,0.0
MAR03365,546,-7.886243550743971e-15,6.607265753307176e-15,-6.138568957033659e-17,0.0,0,0.0,0.0,0.004587964526068459,0.0,0,0.0,0.0,0.004587964526068459,0.0,0.0
MAR11533,573,-7.886652355033573e-15,6.898479956480684e-15,-6.464396425573596e-17,0.0,0,0.0,0.0,0.0043723452321952965,0.0,0,0.0,0.0,0.0043723452321952965,0.0,0.0
MAR04693,544,-7.88911419851288e-15,2.1372468393486097e-14,-5.5131662961521314e-17,0.0,0,0.0,0.0,0.004604785407758596,0.0,0,0.0,0.0,0.004604785407758596,0.0,0.0
MAR12396,548,-7.90932607324199e-15,6.34521117184833e-15,-6.190430865586019e-17,0.0,0,0.0,0.0,0.004571266087298871,0.0,0,0.0,0.0,0.004571266087298871,0.0,0.0
MAR13009,564,-7.911716986832321e-15,1.1927273468616415e-14,-6.109738641000236e-17,0.0,0,0.0,0.0,0.004441930629657058,0.0,0,0.0,0.0,0.004441930629657058,0.0,0.0
MAR06493,546,-7.912270757182068e-15,4.455627769396333e-15,-6.478466520864625e-17,0.0,0,0.0,0.0,0.004587964526068459,0.0,0,0.0,0.0,0.004587964526068459,0.0,0.0
MAR06719,555,-7.937594525608326e-15,6.8277431697493144e-15,-6.264234603901955e-17,0.0,0,0.0,0.0,0.004513766730450679,0.0,0,0.0,0.0,0.004513766730450679,0.0,0.0
MAR07178,567,-7.945045757881897e-15,5.5400491871612256e-15,-6.179002821040878e-17,0.0,0,0.0,0.0,0.00441849069762059,0.0,0,0.0,0.0,0.00441849069762059,0.0,0.0
MAR03260,563,-7.951011075113022e-15,6.250660454016056e-15,-6.237149715249152e-17,0.0,0,0.0,0.0,0.004449799303901048,0.0,0,0.0,0.0,0.004449799303901048,0.0,0.0
MAR02109,551,-7.969426691465371e-15,6.374641183614413e-15,-6.359302829835698e-17,0.0,0,0.0,0.0,0.004546445100963565,0.0,0,0.0,0.0,0.004546445100963565,0.0,0.0
MAR03281,554,-7.977573675862498e-15,1.1662700123678417e-14,-6.171156667462823e-17,0.0,0,0.0,0.0,0.004521892203603858,0.0,0,0.0,0.0,0.004521892203603858,0.0,0.0
MAR01293,541,-7.98539710429096e-15,6.1285429130291685e-15,-6.670690809200485e-17,0.0,0,0.0,0.0,0.004630249273041442,0.0,0,0.0,0.0,0.004630249273041442,0.0,0.0
MAR01741,568,-8.006115332508171e-15,6.371670678374356e-15,-6.445418263977684e-17,0.0,0,0.0,0.0,0.004410732264444036,0.0,0,0.0,0.0,0.004410732264444036,0.0,0.0
MAR10188,559,-8.033327531312761e-15,1.1310712676740115e-14,-6.345927085831784e-17,0.0,0,0.0,0.0,0.004481554769642852,0.0,0,0.0,0.0,0.004481554769642852,0.0,0.0
MAR04999,574,-8.046215648851309e-15,6.579466690538087e-15,-6.502361813785373e-17,0.0,0,0.0,0.0,0.004364747866934595,0.0,0,0.0,0.0,0.004364747866934595,0.0,0.0
MAR00381,559,-8.058749453880205e-15,1.5408042235535565e-14,-5.866764645409116e-17,0.0,0,0.0,0.0,0.004481554769642852,0.0,0,0.0,0.0,0.004481554769642852,0.0,0.0
MAR07117,559,-8.058749453880207e-15,7.091140924987147e-15,-6.385075347509778e-17,0.0,0,0.0,0.0,0.004481554769642852,0.0,0,0.0,0.0,0.004481554769642852,0.0,0.0
MAR01572,556,-8.076672823747902e-15,6.196068867962569e-15,-6.502862391488656e-17,0.0,0,0.0,0.0,0.0045056704064922026,0.0,0,0.0,0.0,0.0045056704064922026,0.0,0.0
MAR02712,570,-8.07774899600956e-15,6.1120539225316894e-15,-6.430948458080965e-17,0.0,0,0.0,0.0,0.004395296850147243,0.0,0,0.0,0.0,0.004395296850147243,0.0,0.0
MAR02409,580,-8.085486303477002e-15,6.271669397722821e-15,-6.491540739951735e-17,0.0,0,0.0,0.0,0.004319712401627411,0.0,0,0.0,0.0,0.004319712401627411,0.0,0.0
MAR03727,586,-8.099702175558822e-15,6.206136663788827e-15,-6.403347992284851e-17,0.0,0,0.0,0.0,0.004275596795360198,0.0,0,0.0,0.0,0.004275596795360198,0.0,0.0
MAR07080,566,-8.109728044187715e-15,1.125134699363109e-14,-6.296866925187689e-17,0.0,0,0.0,0.0,0.0044262764728495866,0.0,0,0.0,0.0,0.0044262764728495866,0.0,0.0
MAR12961,587,-8.110112997602506e-15,1.1395282259326563e-14,-6.227152964477639e-17,0.0,0,0.0,0.0,0.004268331649559446,0.0,0,0.0,0.0,0.004268331649559446,0.0,0.0
MAR00076,548,-8.142716022944214e-15,1.655205909038749e-14,-5.880266993568984e-17,0.0,0,0.0,0.0,0.004571266087298871,0.0,0,0.0,0.0,0.004571266087298871,0.0,0.0
MAR02996,584,-8.151774536973752e-15,5.8443142201340674e-15,-6.400382310082863e-17,0.0,0,0.0,0.0,0.004290201536487618,0.0,0,0.0,0.0,0.004290201536487618,0.0,0.0
MAR03770,573,-8.159461084295741e-15,1.1556612090183138e-14,-6.24835129492194e-17,0.0,0,0.0,0.0,0.0043723452321952965,0.0,0,0.0,0.0,0.0043723452321952965,0.0,0.0
MAR09138,566,-8.159943078517051e-15,8.274833258592614e-15,-6.732467726759048e-17,0.0,0,0.0,0.0,0.0044262764728495866,0.0,0,0.0,0.0,0.0044262764728495866,0.0,0.0
MAR00255,557,-8.1642253300981e-15,6.6494139417609515e-15,-6.514239464555931e-17,0.0,0,0.0,0.0,0.004497603075155535,0.0,0,0.0,0.0,0.004497603075155535,0.0,0.0
MAR00250,579,-8.173082245530687e-15,1.5678088778399972e-14,-5.950287286888526e-17,0.0,0,0.0,0.0,0.00432715366313485,0.0,0,0.0,0.0,0.00432715366313485,0.0,0.0
MAR01294,551,-8.17575489059716e-15,6.100335803015553e-15,-6.735230290488256e-17,0.0,0,0.0,0.0,0.004546445100963565,0.0,0,0.0,0.0,0.004546445100963565,0.0,0.0
MAR12736,556,-8.178909188605471e-15,7.073618089893395e-15,-6.760815880960639e-17,0.0,0,0.0,0.0,0.0045056704064922026,0.0,0,0.0,0.0,0.0045056704064922026,0.0,0.0
MAR12250,549,-8.179654080152702e-15,1.172454829912395e-14,-6.491094169293725e-17,0.0,0,0.0,0.0,0.004562962366977274,0.0,0,0.0,0.0,0.004562962366977274,0.0,0.0
MAR03862,542,-8.180418212441005e-15,1.1768170504050717e-14,-6.381519455943824e-17,0.0,0,0.0,0.0,0.00462173008405905,0.0,0,0.0,0.0,0.00462173008405905,0.0,0.0
MAR01309,550,-8.190619899489156e-15,7.022716085929366e-15,-6.714913937220425e-17,0.0,0,0.0,0.0,0.0045546887593671224,0.0,0,0.0,0.0,0.0045546887593671224,0.0,0.0
MAR01973,574,-8.19476116852241e-15,6.102329295376298e-15,-6.515361813551842e-17,0.0,0,0.0,0.0,0.004364747866934595,0.0,0,0.0,0.0,0.004364747866934595,0.0,0.0
MAR12385,574,-8.194761168522412e-15,6.870053075589704e-15,-6.745402430364314e-17,0.0,0,0.0,0.0,0.004364747866934595,0.0,0,0.0,0.0,0.004364747866934595,0.0,0.0
MAR02710,564,-8.239272148707544e-15,6.229297859871038e-15,-6.51483159947722e-17,0.0,0,0.0,0.0,0.004441930629657058,0.0,0,0.0,0.0,0.004441930629657058,0.0,0.0
MAR06186,564,-8.239272148707544e-15,7.159659692616684e-15,-6.637474857519416e-17,0.0,0,0.0,0.0,0.004441930629657058,0.0,0,0.0,0.0,0.004441930629657058,0.0,0.0
MAR06243,538,-8.241239165693355e-15,5.310389227271041e-15,-6.662576934330306e-17,0.0,0,0.0,0.0,0.004655996327465773,0.0,0,0.0,0.0,0.004655996327465773,0.0,0.0
MAR07648,548,-8.246444889478535e-15,7.37163683342187e-15,-6.636703009074788e-17,0.0,0,0.0,0.0,0.004571266087298871,0.0,0,0.0,0.0,0.004571266087298871,0.0,0.0
MAR03697,547,-8.261520657100984e-15,1.187006662566262e-14,-6.458306997048933e-17,0.0,0,0.0,0.0,0.004579600085029117,0.0,0,0.0,0.0,0.004579600085029117,0.0,0.0
MAR06150,581,-8.267244223301682e-15,5.336462453022293e-15,-6.752097678320885e-17,0.0,0,0.0,0.0,0.004312296689115291,0.0,0,0.0,0.0,0.004312296689115291,0.0,0.0
MAR01299,554,-8.2853900234842e-15,4.63911959281621e-15,-6.755200242244326e-17,0.0,0,0.0,0.0,0.004521892203603858,0.0,0,0.0,0.0,0.004521892203603858,0.0,0.0
MAR07089,534,-8.302971294275328e-15,7.116912094495592e-15,-6.701142936393163e-17,0.0,0,0.0,0.0,0.004690774475909901,0.0,0,0.0,0.0,0.004690774475909901,0.0,0.0
MAR01071,543,-8.32237900448294e-15,5.953835989289858e-15,-6.855002047880424e-17,0.0,0,0.0,0.0,0.004613242186326175,0.0,0,0.0,0.0,0.004613242186326175,0.0,0.0
MAR07017,558,-8.327866472887196e-15,6.3758130282787954e-15,-6.721535953159669e-17,0.0,0,0.0,0.0,0.004489564580987142,0.0,0,0.0,0.0,0.004489564580987142,0.0,0.0
MAR07071,580,-8.330501039946001e-15,6.920103868328071e-15,-6.763237722401602e-17,0.0,0,0.0,0.0,0.004319712401627411,0.0,0,0.0,0.0,0.004319712401627411,0.0,0.0
MAR12246,569,-8.341696792403285e-15,1.1567479554148251e-14,-6.574998166564597e-17,0.0,0,0.0,0.0,0.004403001029543098,0.0,0,0.0,0.0,0.004403001029543098,0.0,0.0
MAR06195,545,-8.343988089659893e-15,5.630965346836912e-15,-6.772472342661765e-17,0.0,0,0.0,0.0,0.004596359577531593,0.0,0,0.0,0.0,0.004596359577531593,0.0,0.0
MAR12348,534,-8.356195469238633e-15,7.465567557542108e-15,-6.774330640810746e-17,0.0,0,0.0,0.0,0.004690774475909901,0.0,0,0.0,0.0,0.004690774475909901,0.0,0.0
MAR04164,583,-8.360760149767217e-15,6.425605158532466e-15,-6.719961735927878e-17,0.0,0,0.0,0.0,0.004297541386555887,0.0,0,0.0,0.0,0.004297541386555887,0.0,0.0
MAR10225,549,-8.360848949016843e-15,6.177064142703891e-15,-6.63957422599034e-17,0.0,0,0.0,0.0,0.004562962366977274,0.0,0,0.0,0.0,0.004562962366977274,0.0,0.0
MAR03283,552,-8.366898156595382e-15,5.709128663920928e-15,-6.606581539219482e-17,0.0,0,0.0,0.0,0.004538231229443332,0.0,0,0.0,0.0,0.004538231229443332,0.0,0.0
MAR10022,578,-8.433085064557592e-15,5.954389218277815e-15,-6.942287573879777e-17,0.0,0,0.0,0.0,0.004334620605899285,0.0,0,0.0,0.0,0.004334620605899285,0.0,0.0
MAR09027,539,-8.436871073960374e-15,6.726842000127927e-15,-6.667981381455836e-17,0.0,0,0.0,0.0,0.004647382219459146,0.0,0,0.0,0.0,0.004647382219459146,0.0,0.0
MAR07010,576,-8.43769498715119e-15,6.97171206436873e-15,-6.71700850940296e-17,0.0,0,0.0,0.0,0.004349632068826215,0.0,0,0.0,0.0,0.004349632068826215,0.0,0.0
MAR11449,544,-8.437694987151191e-15,7.454180560616767e-15,-6.779338011959798e-17,0.0,0,0.0,0.0,0.004604785407758596,0.0,0,0.0,0.0,0.004604785407758596,0.0,0.0
MAR12242,545,-8.448287940780641e-15,7.71793069683187e-15,-6.962593464325456e-17,0.0,0,0.0,0.0,0.004596359577531593,0.0,0,0.0,0.0,0.004596359577531593,0.0,0.0
MAR02687,557,-8.470383779976779e-15,1.1436430079939936e-14,-6.746811126858858e-17,0.0,0,0.0,0.0,0.004497603075155535,0.0,0,0.0,0.0,0.004497603075155535,0.0,0.0
MAR03201,578,-8.48225757222265e-15,5.959554068689219e-15,-6.726587246417058e-17,0.0,0,0.0,0.0,0.004334620605899285,0.0,0,0.0,0.0,0.004334620605899285,0.0,0.0
MAR09219,546,-8.484869298820244e-15,6.363256995422889e-15,-6.722481271817444e-17,0.0,0,0.0,0.0,0.004587964526068459,0.0,0,0.0,0.0,0.004587964526068459,0.0,0.0
MAR01504,556,-8.485618283178174e-15,6.332682820663659e-15,-6.778398279261935e-17,0.0,0,0.0,0.0,0.0045056704064922026,0.0,0,0.0,0.0,0.0045056704064922026,0.0,0.0
MAR03713,570,-8.501581505059444e-15,6.2613695765081564e-15,-6.569428869098816e-17,0.0,0,0.0,0.0,0.004395296850147243,0.0,0,0.0,0.0,0.004395296850147243,0.0,0.0
MAR01187,538,-8.505381446645066e-15,7.395653242223608e-15,-6.887524745461603e-17,0.0,0,0.0,0.0,0.004655996327465773,0.0,0,0.0,0.0,0.004655996327465773,0.0,0.0
MAR13062,566,-8.511448318822402e-15,1.1559181347451194e-14,-6.712768854447113e-17,0.0,0,0.0,0.0,0.0044262764728495866,0.0,0,0.0,0.0,0.0044262764728495866,0.0,0.0
MAR03327,559,-8.516344060094226e-15,1.1587431094880594e-14,-6.652618986440735e-17,0.0,0,0.0,0.0,0.004481554769642852,0.0,0,0.0,0.0,0.004481554769642852,0.0,0.0
MAR09053,557,-8.521410188289891e-15,6.165785900316255e-15,-6.822380161165391e-17,0.0,0,0.0,0.0,0.004497603075155535,0.0,0,0.0,0.0,0.004497603075155535,0.0,0.0
MAR05375,566,-8.53655583598707e-15,1.5255498334999056e-14,-6.248882012123734e-17,0.0,0,0.0,0.0,0.0044262764728495866,0.0,0,0.0,0.0,0.0044262764728495866,0.0,0.0
MAR12899,537,-8.547683562402695e-15,8.697566244249149e-15,-6.845293708210241e-17,0.0,0,0.0,0.0,0.004664642427888463,0.0,0,0.0,0.0,0.004664642427888463,0.0,0.0
MAR00297,576,-8.56105310099843e-15,1.565209271992535e-14,-6.306575369858963e-17,0.0,0,0.0,0.0,0.004349632068826215,0.0,0,0.0,0.0,0.004349632068826215,0.0,0.0
MAR04838,556,-8.562295556821352e-15,6.648452318081546e-15,-6.863875158468257e-17,0.0,0,0.0,0.0,0.0045056704064922026,0.0,0,0.0,0.0,0.0045056704064922026,0.0,0.0
MAR03642,541,-8.563287684206755e-15,1.2845215528459505e-14,-6.597038040754898e-17,0.0,0,0.0,0.0,0.004630249273041442,0.0,0,0.0,0.0,0.004630249273041442,0.0,0.0
MAR09075,539,-8.568697184491004e-15,6.64030619037733e-15,-6.782365032739677e-17,0.0,0,0.0,0.0,0.004647382219459146,0.0,0,0.0,0.0,0.004647382219459146,0.0,0.0
MAR03827,537,-8.574146979004561e-15,1.1970112099810333e-14,-6.768881764798647e-17,0.0,0,0.0,0.0,0.004664642427888463,0.0,0,0.0,0.0,0.004664642427888463,0.0,0.0
MAR10151,547,-8.599255778303224e-15,6.386825048758992e-15,-6.797607588756956e-17,0.0,0,0.0,0.0,0.004579600085029117,0.0,0,0.0,0.0,0.004579600085029117,0.0,0.0
MAR05311,565,-8.601968694865637e-15,1.5165198631811895e-14,-6.29010956967555e-17,0.0,0,0.0,0.0,0.004434089734923025,0.0,0,0.0,0.0,0.004434089734923025,0.0,0.0
MAR09132,554,-8.618857733407713e-15,8.20197097525011e-15,-7.120046381980177e-17,0.0,0,0.0,0.0,0.004521892203603858,0.0,0,0.0,0.0,0.004521892203603858,0.0,0.0
MAR00428,539,-8.621427628703257e-15,1.187673796620349e-14,-6.725697919648738e-17,0.0,0,0.0,0.0,0.004647382219459146,0.0,0,0.0,0.0,0.004647382219459146,0.0,0.0
MAR00289,542,-8.62614612786247e-15,1.655579268372921e-14,-6.281360987281761e-17,0.0,0,0.0,0.0,0.00462173008405905,0.0,0,0.0,0.0,0.00462173008405905,0.0,0.0
MAR01834,546,-8.641032537448837e-15,6.734599320647773e-15,-6.952175251943567e-17,0.0,0,0.0,0.0,0.004587964526068459,0.0,0,0.0,0.0,0.004587964526068459,0.0,0.0
MAR00530,562,-8.647886677222572e-15,6.486541942597344e-15,-6.942341285264554e-17,0.0,0,0.0,0.0,0.0044576959055467585,0.0,0,0.0,0.0,0.0044576959055467585,0.0,0.0
MAR03226,545,-8.65688764302214e-15,6.526386720037951e-15,-6.808856970880378e-17,0.0,0,0.0,0.0,0.004596359577531593,0.0,0,0.0,0.0,0.004596359577531593,0.0,0.0
MAR03416,569,-8.666373613664493e-15,6.125231143282823e-15,-6.732467331772145e-17,0.0,0,0.0,0.0,0.004403001029543098,0.0,0,0.0,0.0,0.004403001029543098,0.0,0.0
MAR02985,565,-8.677424560610072e-15,6.008915002516158e-15,-6.838184119544384e-17,0.0,0,0.0,0.0,0.004434089734923025,0.0,0,0.0,0.0,0.004434089734923025,0.0,0.0
MAR00390,558,-8.68441121484567e-15,1.6194941571006164e-14,-6.366217897087851e-17,0.0,0,0.0,0.0,0.004489564580987142,0.0,0,0.0,0.0,0.004489564580987142,0.0,0.0
MAR03528,549,-8.697353705478824e-15,1.1850067125848669e-14,-6.678696519551483e-17,0.0,0,0.0,0.0,0.004562962366977274,0.0,0,0.0,0.0,0.004562962366977274,0.0,0.0
MAR00400,583,-8.702015666084246e-15,1.556371632157194e-14,-6.403291025266866e-17,0.0,0,0.0,0.0,0.004297541386555887,0.0,0,0.0,0.0,0.004297541386555887,0.0,0.0
MAR12953,555,-8.705748834538165e-15,8.31239362041359e-15,-6.93316254811977e-17,0.0,0,0.0,0.0,0.004513766730450679,0.0,0,0.0,0.0,0.004513766730450679,0.0,0.0
MAR10029,540,-8.710727612466413e-15,6.182747634000069e-15,-6.895332423047706e-17,0.0,0,0.0,0.0,0.00463879992662872,0.0,0,0.0,0.0,0.00463879992662872,0.0,0.0
MAR03686,567,-8.72200606858959e-15,1.1459714140420452e-14,-6.765062413084014e-17,0.0,0,0.0,0.0,0.00441849069762059,0.0,0,0.0,0.0,0.00441849069762059,0.0,0.0
MAR12533,549,-8.723238686745129e-15,7.814870925963655e-15,-7.097513296458397e-17,0.0,0,0.0,0.0,0.004562962366977274,0.0,0,0.0,0.0,0.004562962366977274,0.0,0.0
MAR01811,526,-8.726437401160165e-15,6.54366375662642e-15,-6.92864342239669e-17,0.0,0,0.0,0.0,0.00476191306791176,0.0,0,0.0,0.0,0.00476191306791176,0.0,0.0
MAR08470,555,-8.73135397816916e-15,6.650194861095747e-15,-6.949323118359758e-17,0.0,0,0.0,0.0,0.004513766730450679,0.0,0,0.0,0.0,0.004513766730450679,0.0,0.0
MAR10002,568,-8.731669534516724e-15,7.539201982384563e-15,-7.204663218498876e-17,0.0,0,0.0,0.0,0.004410732264444036,0.0,0,0.0,0.0,0.004410732264444036,0.0,0.0
MAR11438,553,-8.737234363777002e-15,7.844486014174376e-15,-7.116303231266923e-17,0.0,0,0.0,0.0,0.00453004698365408,0.0,0,0.0,0.0,0.00453004698365408,0.0,0.0
MAR02587,561,-8.73929568047182e-15,6.053841844833517e-15,-6.880822900473047e-17,0.0,0,0.0,0.0,0.004465620583537596,0.0,0,0.0,0.0,0.004465620583537596,0.0,0.0
MAR12432,562,-8.74903155064038e-15,7.28641285259713e-15,-7.126009850043465e-17,0.0,0,0.0,0.0,0.0044576959055467585,0.0,0,0.0,0.0,0.0044576959055467585,0.0,0.0
MAR06136,565,-8.752880426354508e-15,7.406690892887508e-15,-7.013616407573793e-17,0.0,0,0.0,0.0,0.004434089734923025,0.0,0,0.0,0.0,0.004434089734923025,0.0,0.0
MAR01375,552,-8.753062686899784e-15,6.5164442752400266e-15,-7.03916709637724e-17,0.0,0,0.0,0.0,0.004538231229443332,0.0,0,0.0,0.0,0.004538231229443332,0.0,0.0
MAR04181,561,-8.764626972299274e-15,6.837030500779187e-15,-7.090115858427551e-17,0.0,0,0.0,0.0,0.004465620583537596,0.0,0,0.0,0.0,0.004465620583537596,0.0,0.0
MAR02705,580,-8.771527565590202e-15,6.057387078541099e-15,-6.944092903243029e-17,0.0,0,0.0,0.0,0.004319712401627411,0.0,0,0.0,0.0,0.004319712401627411,0.0,0.0
MAR03625,555,-8.78256426543115e-15,1.1634573484309443e-14,-6.808465001040192e-17,0.0,0,0.0,0.0,0.004513766730450679,0.0,0,0.0,0.0,0.004513766730450679,0.0,0.0
MAR11806,535,-8.792136281741802e-15,7.81212489169708e-15,-7.250781419321208e-17,0.0,0,0.0,0.0,0.004682031321548599,0.0,0,0.0,0.0,0.004682031321548599,0.0,0.0
MAR09786,562,-8.799603987349284e-15,6.3765237493446726e-15,-7.042604464338617e-17,0.0,0,0.0,0.0,0.0044576959055467585,0.0,0,0.0,0.0,0.0044576959055467585,0.0,0.0
MAR10013,555,-8.808169409062144e-15,5.992778712758279e-15,-7.264448906502111e-17,0.0,0,0.0,0.0,0.004513766730450679,0.0,0,0.0,0.0,0.004513766730450679,0.0,0.0
MAR01257,542,-8.835900441001984e-15,7.213742030031397e-15,-7.189312352951275e-17,0.0,0,0.0,0.0,0.00462173008405905,0.0,0,0.0,0.0,0.00462173008405905,0.0,0.0
MAR01089,574,-8.838458420430514e-15,6.326264269803494e-15,-7.029466234068771e-17,0.0,0,0.0,0.0,0.004364747866934595,0.0,0,0.0,0.0,0.004364747866934595,0.0,0.0
MAR00283,553,-8.840025356292024e-15,1.611556546284604e-14,-6.561071476486703e-17,0.0,0,0.0,0.0,0.00453004698365408,0.0,0,0.0,0.0,0.00453004698365408,0.0,0.0
MAR08563,562,-8.850176424058187e-15,5.604274492252985e-15,-7.055619024017778e-17,0.0,0,0.0,0.0,0.0044576959055467585,0.0,0,0.0,0.0,0.0044576959055467585,0.0,0.0
MAR12288,555,-8.859379696324133e-15,8.019645722404591e-15,-7.308314477297258e-17,0.0,0,0.0,0.0,0.004513766730450679,0.0,0,0.0,0.0,0.004513766730450679,0.0,0.0
MAR01008,582,-8.863471239894033e-15,6.078532459668451e-15,-7.098838554706935e-17,0.0,0,0.0,0.0,0.004304906394243486,0.0,0,0.0,0.0,0.004304906394243486,0.0,0.0
MAR04460,567,-8.872385483565272e-15,6.218893838436872e-15,-7.017654921371542e-17,0.0,0,0.0,0.0,0.00441849069762059,0.0,0,0.0,0.0,0.00441849069762059,0.0,0.0
MAR03210,557,-8.878595046481685e-15,1.1375556095289478e-14,-6.982865199777392e-17,0.0,0,0.0,0.0,0.004497603075155535,0.0,0,0.0,0.0,0.004497603075155535,0.0,0.0
MAR03337,534,-8.888437218871665e-15,1.2291113556248497e-14,-6.869564924712716e-17,0.0,0,0.0,0.0,0.004690774475909901,0.0,0,0.0,0.0,0.004690774475909901,0.0,0.0
MAR07072,561,-8.916614723264002e-15,7.128059980170392e-15,-7.151149004803307e-17,0.0,0,0.0,0.0,0.004465620583537596,0.0,0,0.0,0.0,0.004465620583537596,0.0,0.0
MAR04355,575,-8.921945308152912e-15,1.1165041286371798e-14,-7.098640699213829e-17,0.0,0,0.0,0.0,0.004357176858116289,0.0,0,0.0,0.0,0.004357176858116289,0.0,0.0
MAR01573,581,-8.927645389068384e-15,5.822301729962882e-15,-7.190189707461452e-17,0.0,0,0.0,0.0,0.004312296689115291,0.0,0,0.0,0.0,0.004312296689115291,0.0,0.0
MAR12688,569,-8.941100154731665e-15,7.785096947535225e-15,-7.28334786232922e-17,0.0,0,0.0,0.0,0.004403001029543098,0.0,0,0.0,0.0,0.004403001029543098,0.0,0.0
MAR01739,534,-8.941661393834968e-15,6.400908159004806e-15,-7.108694244192793e-17,0.0,0,0.0,0.0,0.004690774475909901,0.0,0,0.0,0.0,0.004690774475909901,0.0,0.0
MAR08465,588,-8.942204497661125e-15,1.0841156701078781e-14,-7.026687339981389e-17,0.0,0,0.0,0.0,0.004261091151880009,0.0,0,0.0,0.0,0.004261091151880009,0.0,0.0
MAR08711,575,-8.946659838092392e-15,1.1113180232573865e-14,-7.003075986745389e-17,0.0,0,0.0,0.0,0.004357176858116289,0.0,0,0.0,0.0,0.004357176858116289,0.0,0.0
MAR07873,540,-8.947575191053114e-15,1.2125179895252573e-14,-6.974887492104336e-17,0.0,0,0.0,0.0,0.00463879992662872,0.0,0,0.0,0.0,0.00463879992662872,0.0,0.0
MAR12337,566,-8.963383627786425e-15,7.238575049577267e-15,-7.376043423339314e-17,0.0,0,0.0,0.0,0.0044262764728495866,0.0,0,0.0,0.0,0.0044262764728495866,0.0,0.0
MAR01562,543,-8.976654083451727e-15,6.7306886888237255e-15,-7.262042736509637e-17,0.0,0,0.0,0.0,0.004613242186326175,0.0,0,0.0,0.0,0.004613242186326175,0.0,0.0
MAR08092,553,-8.99421184506456e-15,1.1502456137294484e-14,-7.065588519316525e-17,0.0,0,0.0,0.0,0.00453004698365408,0.0,0,0.0,0.0,0.00453004698365408,0.0,0.0
MAR09048,557,-9.006161067264465e-15,6.159837488920439e-15,-7.175667129654037e-17,0.0,0,0.0,0.0,0.004497603075155535,0.0,0,0.0,0.0,0.004497603075155535,0.0,0.0
MAR06491,538,-9.007251780453314e-15,7.501677237322578e-15,-7.247634392184245e-17,0.0,0,0.0,0.0,0.004655996327465773,0.0,0,0.0,0.0,0.004655996327465773,0.0,0.0
MAR00503,571,-9.009333462177102e-15,6.044464637099985e-15,-7.163311141985198e-17,0.0,0,0.0,0.0,0.00438761958448344,0.0,0,0.0,0.0,0.00438761958448344,0.0,0.0
MAR11787,552,-9.01050570710272e-15,7.358642541161782e-15,-7.432955396021013e-17,0.0,0,0.0,0.0,0.004538231229443332,0.0,0,0.0,0.0,0.004538231229443332,0.0,0.0
MAR03790,536,-9.014348140240078e-15,6.4042070443103144e-15,-7.17362270243418e-17,0.0,0,0.0,0.0,0.004673320699286043,0.0,0,0.0,0.0,0.004673320699286043,0.0,0.0
MAR01338,562,-9.027179952539351e-15,6.997409068255754e-15,-7.346711931212421e-17,0.0,0,0.0,0.0,0.0044576959055467585,0.0,0,0.0,0.0,0.0044576959055467585,0.0,0.0
MAR08970,554,-9.029279530236653e-15,1.1664845819849414e-14,-7.201863026042284e-17,0.0,0,0.0,0.0,0.004521892203603858,0.0,0,0.0,0.0,0.004521892203603858,0.0,0.0
MAR03067,575,-9.045517957850318e-15,1.1387264577660306e-14,-7.102884040875087e-17,0.0,0,0.0,0.0,0.004357176858116289,0.0,0,0.0,0.0,0.004357176858116289,0.0,0.0
MAR00310,553,-9.045607341322071e-15,1.6230346233909478e-14,-6.70109934320683e-17,0.0,0,0.0,0.0,0.00453004698365408,0.0,0,0.0,0.0,0.00453004698365408,0.0,0.0
MAR01162,567,-9.047828134370235e-15,6.996666161562451e-15,-7.488426331251027e-17,0.0,0,0.0,0.0,0.00441849069762059,0.0,0,0.0,0.0,0.00441849069762059,0.0,0.0
MAR01460,560,-9.059419880941277e-15,6.21359540859974e-15,-7.229486405811558e-17,0.0,0,0.0,0.0,0.0044735734878779895,0.0,0,0.0,0.0,0.0044735734878779895,0.0,0.0
MAR03222,575,-9.070232487789801e-15,6.077660720217693e-15,-7.191921930465386e-17,0.0,0,0.0,0.0,0.004357176858116289,0.0,0,0.0,0.0,0.004357176858116289,0.0,0.0
MAR03245,540,-9.079157179156835e-15,6.1780591509021715e-15,-7.152925935513313e-17,0.0,0,0.0,0.0,0.00463879992662872,0.0,0,0.0,0.0,0.00463879992662872,0.0,0.0
MAR09366,529,-9.106767010309035e-15,1.2379588462210212e-14,-7.210420222303904e-17,0.0,0,0.0,0.0,0.004734984668033456,0.0,0,0.0,0.0,0.004734984668033456,0.0,0.0
MAR12795,570,-9.124864606603393e-15,6.907987185589611e-15,-7.452546268837861e-17,0.0,0,0.0,0.0,0.004395296850147243,0.0,0,0.0,0.0,0.004395296850147243,0.0,0.0
MAR03890,576,-9.128500424695732e-15,6.0531933197096955e-15,-7.278061185089104e-17,0.0,0,0.0,0.0,0.004349632068826215,0.0,0,0.0,0.0,0.004349632068826215,0.0,0.0
MAR12264,529,-9.133630629808472e-15,5.866341714141994e-15,-7.52848908880831e-17,0.0,0,0.0,0.0,0.004734984668033456,0.0,0,0.0,0.0,0.004734984668033456,0.0,0.0
MAR01159,574,-9.135549459772717e-15,6.247292205247508e-15,-7.274522569923574e-17,0.0,0,0.0,0.0,0.004364747866934595,0.0,0,0.0,0.0,0.004364747866934595,0.0,0.0
MAR01598,574,-9.135549459772717e-15,5.645510166597708e-15,-7.349089282214695e-17,0.0,0,0.0,0.0,0.004364747866934595,0.0,0,0.0,0.0,0.004364747866934595,0.0,0.0
MAR12189,544,-9.143013143971878e-15,8.029060750070564e-15,-7.493907758211202e-17,0.0,0,0.0,0.0,0.004604785407758596,0.0,0,0.0,0.0,0.004604785407758596,0.0,0.0
MAR06188,578,-9.146086425700943e-15,6.772960731284548e-15,-7.491720129377245e-17,0.0,0,0.0,0.0,0.004334620605899285,0.0,0,0.0,0.0,0.004334620605899285,0.0,0.0
MAR11477,548,-9.154072471653847e-15,7.666780504527362e-15,-7.358025392356335e-17,0.0,0,0.0,0.0,0.004571266087298871,0.0,0,0.0,0.0,0.004571266087298871,0.0,0.0
MAR03669,573,-9.176293620636548e-15,6.440895020778381e-15,-7.205219336015637e-17,0.0,0,0.0,0.0,0.0043723452321952965,0.0,0,0.0,0.0,0.0043723452321952965,0.0,0.0
MAR00155,582,-9.180895829752498e-15,1.5588195817629823e-14,-6.801450973698443e-17,0.0,0,0.0,0.0,0.004304906394243486,0.0,0,0.0,0.0,0.004304906394243486,0.0,0.0
MAR00960,554,-9.183187704047504e-15,6.088314155451407e-15,-7.345879659631361e-17,0.0,0,0.0,0.0,0.004521892203603858,0.0,0,0.0,0.0,0.004521892203603858,0.0,0.0
MAR11872,553,-9.199793830094607e-15,1.158977152654957e-14,-7.287319451531126e-17,0.0,0,0.0,0.0,0.00453004698365408,0.0,0,0.0,0.0,0.00453004698365408,0.0,0.0
MAR00362,554,-9.208839066349313e-15,6.6006235034345376e-15,-7.303487920418258e-17,0.0,0,0.0,0.0,0.004521892203603858,0.0,0,0.0,0.0,0.004521892203603858,0.0,0.0
MAR03334,558,-9.219228327783379e-15,6.519007626112611e-15,-7.350448627000756e-17,0.0,0,0.0,0.0,0.004489564580987142,0.0,0,0.0,0.0,0.004489564580987142,0.0,0.0
MAR12506,557,-9.235779904673477e-15,7.991005010941679e-15,-7.5544102631447e-17,0.0,0,0.0,0.0,0.004497603075155535,0.0,0,0.0,0.0,0.004497603075155535,0.0,0.0
MAR01068,563,-9.238317630131322e-15,6.867841469416243e-15,-7.56556601514438e-17,0.0,0,0.0,0.0,0.004449799303901048,0.0,0,0.0,0.0,0.004449799303901048,0.0,0.0
MAR01230,572,-9.242024395201303e-15,5.446827489295252e-15,-7.562487931430208e-17,0.0,0,0.0,0.0,0.004379969091767465,0.0,0,0.0,0.0,0.004379969091767465,0.0,0.0
MAR12981,567,-9.248334021004479e-15,1.2604014067106772e-14,-7.0768966815767e-17,0.0,0,0.0,0.0,0.00441849069762059,0.0,0,0.0,0.0,0.00441849069762059,0.0,0.0
MAR08462,548,-9.257801338188166e-15,6.298918511264014e-15,-7.325734802795162e-17,0.0,0,0.0,0.0,0.004571266087298871,0.0,0,0.0,0.0,0.004571266087298871,0.0,0.0
MAR03811,569,-9.26577697599287e-15,6.138973018234976e-15,-7.312147491277583e-17,0.0,0,0.0,0.0,0.004403001029543098,0.0,0,0.0,0.0,0.004403001029543098,0.0,0.0
MAR06388,552,-9.267948727305655e-15,7.529677538430948e-15,-7.485986454560611e-17,0.0,0,0.0,0.0,0.004538231229443332,0.0,0,0.0,0.0,0.004538231229443332,0.0,0.0
MAR08458,550,-9.275812441377308e-15,6.2815444218946844e-15,-7.336897858961532e-17,0.0,0,0.0,0.0,0.0045546887593671224,0.0,0,0.0,0.0,0.0045546887593671224,0.0,0.0
MAR10027,574,-9.284094979443817e-15,1.1282938335498747e-14,-7.406062315121384e-17,0.0,0,0.0,0.0,0.004364747866934595,0.0,0,0.0,0.0,0.004364747866934595,0.0,0.0
MAR00169,532,-9.295822257312589e-15,1.6784415141778215e-14,-6.755588548683413e-17,0.0,0,0.0,0.0,0.004708359112657833,0.0,0,0.0,0.0,0.004708359112657833,0.0,0.0
MAR02713,557,-9.312319517143144e-15,1.1733676367612213e-14,-7.3021692359138e-17,0.0,0,0.0,0.0,0.004497603075155535,0.0,0,0.0,0.0,0.004497603075155535,0.0,0.0
MAR00346,531,-9.313328513917697e-15,1.7061076310548715e-14,-6.87287945539074e-17,0.0,0,0.0,0.0,0.004717200964344275,0.0,0,0.0,0.0,0.004717200964344275,0.0,0.0
MAR05188,559,-9.329845582252478e-15,1.1560015364546174e-14,-7.23631478092273e-17,0.0,0,0.0,0.0,0.004481554769642852,0.0,0,0.0,0.0,0.004481554769642852,0.0,0.0
MAR06134,551,-9.336351010713476e-15,5.724071898519621e-15,-7.56077191936515e-17,0.0,0,0.0,0.0,0.004546445100963565,0.0,0,0.0,0.0,0.004546445100963565,0.0,0.0
MAR06145,553,-9.353980318867141e-15,6.904087841295071e-15,-7.547414735008751e-17,0.0,0,0.0,0.0,0.00453004698365408,0.0,0,0.0,0.0,0.00453004698365408,0.0,0.0
MAR12384,550,-9.379164112033324e-15,7.982912166865424e-15,-7.710498784502236e-17,0.0,0,0.0,0.0,0.0045546887593671224,0.0,0,0.0,0.0,0.0045546887593671224,0.0,0.0
MAR03455,559,-9.38068942738737e-15,1.1866216566490489e-14,-7.2715396328296e-17,0.0,0,0.0,0.0,0.004481554769642852,0.0,0,0.0,0.0,0.004481554769642852,0.0,0.0
MAR02382,539,-9.386019069780915e-15,6.672208358656249e-15,-7.484307140742283e-17,0.0,0,0.0,0.0,0.004647382219459146,0.0,0,0.0,0.0,0.004647382219459146,0.0,0.0
MAR01621,554,-9.388398602461973e-15,6.340115671058471e-15,-7.529661053693057e-17,0.0,0,0.0,0.0,0.004521892203603858,0.0,0,0.0,0.0,0.004521892203603858,0.0,0.0
MAR07103,568,-9.407185515697101e-15,6.095201195828178e-15,-7.419681412536549e-17,0.0,0,0.0,0.0,0.004410732264444036,0.0,0,0.0,0.0,0.004410732264444036,0.0,0.0
MAR11486,580,-9.408565880409602e-15,1.1304896350316507e-14,-7.444821696835845e-17,0.0,0,0.0,0.0,0.004319712401627411,0.0,0,0.0,0.0,0.004319712401627411,0.0,0.0
MAR12186,580,-9.433067354056503e-15,7.678653128724746e-15,-7.719935541104588e-17,0.0,0,0.0,0.0,0.004319712401627411,0.0,0,0.0,0.0,0.004319712401627411,0.0,0.0
MAR00227,553,-9.456771311382165e-15,1.632032546026858e-14,-7.007091927385574e-17,0.0,0,0.0,0.0,0.00453004698365408,0.0,0,0.0,0.0,0.00453004698365408,0.0,0.0
MAR02068,551,-9.465306135170845e-15,6.387425902775482e-15,-7.581202896292783e-17,0.0,0,0.0,0.0,0.004546445100963565,0.0,0,0.0,0.0,0.004546445100963565,0.0,0.0
MAR00204,553,-9.482469059510922e-15,1.6320034957563382e-14,-6.933298387180276e-17,0.0,0,0.0,0.0,0.00453004698365408,0.0,0,0.0,0.0,0.00453004698365408,0.0,0.0
MAR12307,557,-9.49091194623904e-15,5.9777231267768586e-15,-7.80744040625046e-17,0.0,0,0.0,0.0,0.004497603075155535,0.0,0,0.0,0.0,0.004497603075155535,0.0,0.0
MAR01176,551,-9.516888184953793e-15,5.3942886614063416e-15,-7.735380731528877e-17,0.0,0,0.0,0.0,0.004546445100963565,0.0,0,0.0,0.0,0.004546445100963565,0.0,0.0
MAR01238,555,-9.525113430729992e-15,6.60993362616781e-15,-7.646769397421709e-17,0.0,0,0.0,0.0,0.004513766730450679,0.0,0,0.0,0.0,0.004513766730450679,0.0,0.0
MAR00171,556,-9.533541022968251e-15,1.6409097491244084e-14,-7.117324557925023e-17,0.0,0,0.0,0.0,0.0045056704064922026,0.0,0,0.0,0.0,0.0045056704064922026,0.0,0.0
MAR08859,553,-9.533864555768433e-15,6.175834728637537e-15,-7.596179322299381e-17,0.0,0,0.0,0.0,0.00453004698365408,0.0,0,0.0,0.0,0.00453004698365408,0.0,0.0
MAR03709,575,-9.539808556639955e-15,1.1083320000640784e-14,-7.476415169853308e-17,0.0,0,0.0,0.0,0.004357176858116289,0.0,0,0.0,0.0,0.004357176858116289,0.0,0.0
MAR00511,582,-9.54715497189688e-15,6.049267586127672e-15,-7.634947746619545e-17,0.0,0,0.0,0.0,0.004304906394243486,0.0,0,0.0,0.0,0.004304906394243486,0.0,0.0
MAR08959,558,-9.550305588173389e-15,6.270258308748774e-15,-7.535627933333361e-17,0.0,0,0.0,0.0,0.004489564580987142,0.0,0,0.0,0.0,0.004489564580987142,0.0,0.0
MAR03646,558,-9.55030558817339e-15,1.1559717838736026e-14,-7.352289006437002e-17,0.0,0,0.0,0.0,0.004489564580987142,0.0,0,0.0,0.0,0.004489564580987142,0.0,0.0
MAR01122,549,-9.55155808726692e-15,7.4555978611731e-15,-7.667165626219713e-17,0.0,0,0.0,0.0,0.004562962366977274,0.0,0,0.0,0.0,0.004562962366977274,0.0,0.0
MAR12907,553,-9.55956230389719e-15,7.787979924057429e-15,-7.858587524096116e-17,0.0,0,0.0,0.0,0.00453004698365408,0.0,0,0.0,0.0,0.00453004698365408,0.0,0.0
MAR01149,561,-9.575228310777821e-15,5.79564314538572e-15,-7.847371726168402e-17,0.0,0,0.0,0.0,0.004465620583537596,0.0,0,0.0,0.0,0.004465620583537596,0.0,0.0
MAR04146,549,-9.577443068533227e-15,6.406740600233749e-15,-7.550253144336082e-17,0.0,0,0.0,0.0,0.004562962366977274,0.0,0,0.0,0.0,0.004562962366977274,0.0,0.0
MAR03199,574,-9.581186018786022e-15,1.1160705777115864e-14,-7.509636090192246e-17,0.0,0,0.0,0.0,0.004364747866934595,0.0,0,0.0,0.0,0.004364747866934595,0.0,0.0
MAR00348,568,-9.582319288595718e-15,1.58078330382177e-14,-7.023137631706748e-17,0.0,0,0.0,0.0,0.004410732264444036,0.0,0,0.0,0.0,0.004410732264444036,0.0,0.0
MAR02947,575,-9.58923761651892e-15,1.1108942334090453e-14,-7.611044686859974e-17,0.0,0,0.0,0.0,0.004357176858116289,0.0,0,0.0,0.0,0.004357176858116289,0.0,0.0
MAR06205,563,-9.591695900136343e-15,7.346476449807867e-15,-7.844238641607283e-17,0.0,0,0.0,0.0,0.004449799303901048,0.0,0,0.0,0.0,0.004449799303901048,0.0,0.0
MAR02736,567,-9.599219322614405e-15,6.038975203921885e-15,-7.673302926627253e-17,0.0,0,0.0,0.0,0.00441849069762059,0.0,0,0.0,0.0,0.00441849069762059,0.0,0.0
MAR00172,564,-9.599885898035395e-15,1.6112138030859365e-14,-7.136938659256949e-17,0.0,0,0.0,0.0,0.004441930629657058,0.0,0,0.0,0.0,0.004441930629657058,0.0,0.0
MAR03240,559,-9.609486730494378e-15,6.680692396634762e-15,-7.617359421268105e-17,0.0,0,0.0,0.0,0.004481554769642852,0.0,0,0.0,0.0,0.004481554769642852,0.0,0.0
MAR03452,573,-9.62270790488373e-15,1.1501221709768344e-14,-7.550564038813931e-17,0.0,0,0.0,0.0,0.0043723452321952965,0.0,0,0.0,0.0,0.0043723452321952965,0.0,0.0
MAR05412,555,-9.627534005253971e-15,1.1414131852524648e-14,-7.585525575149648e-17,0.0,0,0.0,0.0,0.004513766730450679,0.0,0,0.0,0.0,0.004513766730450679,0.0,0.0
MAR02441,568,-9.632357509423894e-15,1.126930368915944e-14,-7.622257318059833e-17,0.0,0,0.0,0.0,0.004410732264444036,0.0,0,0.0,0.0,0.004410732264444036,0.0,0.0
MAR00315,550,-9.63754328867336e-15,1.658418147424665e-14,-7.193185336498658e-17,0.0,0,0.0,0.0,0.0045546887593671224,0.0,0,0.0,0.0,0.0045546887593671224,0.0,0.0
MAR03719,538,-9.64119325473742e-15,1.2010362618189364e-14,-7.507764505322347e-17,0.0,0,0.0,0.0,0.004655996327465773,0.0,0,0.0,0.0,0.004655996327465773,0.0,0.0
MAR02733,560,-9.643079985315646e-15,1.1696776458871247e-14,-7.537571937961037e-17,0.0,0,0.0,0.0,0.0044735734878779895,0.0,0,0.0,0.0,0.0044735734878779895,0.0,0.0
MAR09833,552,-9.654113257610059e-15,5.958083406224301e-15,-7.697739710980978e-17,0.0,0,0.0,0.0,0.004538231229443332,0.0,0,0.0,0.0,0.004538231229443332,0.0,0.0
MAR00543,549,-9.655098012332145e-15,6.029278477756685e-15,-7.709151508149289e-17,0.0,0,0.0,0.0,0.004562962366977274,0.0,0,0.0,0.0,0.004562962366977274,0.0,0.0
MAR11451,547,-9.664420391325677e-15,1.1490416194566581e-14,-7.668715265144943e-17,0.0,0,0.0,0.0,0.004579600085029117,0.0,0,0.0,0.0,0.004579600085029117,0.0,0.0
MAR03218,555,-9.67874429251596e-15,1.1988993525719926e-14,-7.561268978842904e-17,0.0,0,0.0,0.0,0.004513766730450679,0.0,0,0.0,0.0,0.004513766730450679,0.0,0.0
MAR03094,549,-9.680982993598451e-15,1.1281910024028565e-14,-7.654119524899013e-17,0.0,0,0.0,0.0,0.004562962366977274,0.0,0,0.0,0.0,0.004562962366977274,0.0,0.0
MAR12387,590,-9.6826501618834e-15,1.10972780587245e-14,-7.685479590786038e-17,0.0,0,0.0,0.0,0.0042466836008472324,0.0,0,0.0,0.0,0.0042466836008472324,0.0,0.0
MAR00213,563,-9.692661120137779e-15,1.614177962483738e-14,-7.205247033668755e-17,0.0,0,0.0,0.0,0.004449799303901048,0.0,0,0.0,0.0,0.004449799303901048,0.0,0.0
MAR01854,567,-9.699472265931527e-15,1.1241739382887156e-14,-7.69714962380593e-17,0.0,0,0.0,0.0,0.00441849069762059,0.0,0,0.0,0.0,0.00441849069762059,0.0,0.0
MAR03484,564,-9.70067210168931e-15,1.1488378107228898e-14,-7.577724676785405e-17,0.0,0,0.0,0.0,0.004441930629657058,0.0,0,0.0,0.0,0.004441930629657058,0.0,0.0
MAR01379,577,-9.703772543829445e-15,6.743583298506556e-15,-7.862402094851795e-17,0.0,0,0.0,0.0,0.004342113363096878,0.0,0,0.0,0.0,0.004342113363096878,0.0,0.0
MAR09975,555,-9.72995457977795e-15,7.53582859328312e-15,-7.902460578216717e-17,0.0,0,0.0,0.0,0.004513766730450679,0.0,0,0.0,0.0,0.004513766730450679,0.0,0.0
MAR01996,556,-9.738013752683388e-15,1.1446268318554833e-14,-7.732499282863231e-17,0.0,0,0.0,0.0,0.0045056704064922026,0.0,0,0.0,0.0,0.0045056704064922026,0.0,0.0
MAR02381,570,-9.74814770814734e-15,6.008639995589804e-15,-7.747571208594319e-17,0.0,0,0.0,0.0,0.004395296850147243,0.0,0,0.0,0.0,0.004395296850147243,0.0,0.0
MAR03181,539,-9.755132179266683e-15,1.2101345896749801e-14,-7.632697620527389e-17,0.0,0,0.0,0.0,0.004647382219459146,0.0,0,0.0,0.0,0.004647382219459146,0.0,0.0
MAR09093,553,-9.765144288927235e-15,1.1405142151585105e-14,-7.750136101167582e-17,0.0,0,0.0,0.0,0.00453004698365408,0.0,0,0.0,0.0,0.00453004698365408,0.0,0.0
MAR08653,550,-9.766732876993377e-15,1.1495059300144588e-14,-7.696630048312345e-17,0.0,0,0.0,0.0,0.0045546887593671224,0.0,0,0.0,0.0,0.0045546887593671224,0.0,0.0
MAR02981,550,-9.766732876993377e-15,6.375576963376975e-15,-7.718694827981294e-17,0.0,0,0.0,0.0,0.0045546887593671224,0.0,0,0.0,0.0,0.0045546887593671224,0.0,0.0
MAR00994,560,-9.769962616701378e-15,6.637622522907858e-15,-7.916420111447326e-17,0.0,0,0.0,0.0,0.0044735734878779895,0.0,0,0.0,0.0,0.0044735734878779895,0.0,0.0
MAR01923,567,-9.774661973419369e-15,1.1246968879431038e-14,-7.719551499512015e-17,0.0,0,0.0,0.0,0.00441849069762059,0.0,0,0.0,0.0,0.00441849069762059,0.0,0.0
MAR00304,562,-9.78576650317291e-15,1.6115064084576833e-14,-7.186833395372381e-17,0.0,0,0.0,0.0,0.0044576959055467585,0.0,0,0.0,0.0,0.0044576959055467585,0.0,0.0
MAR01843,554,-9.798820399290913e-15,6.162136741720069e-15,-7.863832506856847e-17,0.0,0,0.0,0.0,0.004521892203603858,0.0,0,0.0,0.0,0.004521892203603858,0.0,0.0
MAR02333,567,-9.79972520924865e-15,1.1073971114417839e-14,-7.751952026459791e-17,0.0,0,0.0,0.0,0.00441849069762059,0.0,0,0.0,0.0,0.00441849069762059,0.0,0.0
MAR03362,559,-9.812862111033941e-15,6.25201812109319e-15,-7.827368568005134e-17,0.0,0,0.0,0.0,0.004481554769642852,0.0,0,0.0,0.0,0.004481554769642852,0.0,0.0
MAR04059,566,-9.81703921138513e-15,1.1408034809743629e-14,-7.83387435439311e-17,0.0,0,0.0,0.0,0.0044262764728495866,0.0,0,0.0,0.0,0.0044262764728495866,0.0,0.0
MAR07023,535,-9.828067746962133e-15,1.179327943063019e-14,-7.674585085810891e-17,0.0,0,0.0,0.0,0.004682031321548599,0.0,0,0.0,0.0,0.004682031321548599,0.0,0.0
MAR01171,565,-9.834414502024752e-15,5.394953335204924e-15,-7.977048244050984e-17,0.0,0,0.0,0.0,0.004434089734923025,0.0,0,0.0,0.0,0.004434089734923025,0.0,0.0
MAR12145,562,-9.836338939881815e-15,7.273248341219534e-15,-8.053731430446932e-17,0.0,0,0.0,0.0,0.0044576959055467585,0.0,0,0.0,0.0,0.0044576959055467585,0.0,0.0
MAR12991,553,-9.842237533313503e-15,1.2580856285668574e-14,-7.870536684707136e-17,0.0,0,0.0,0.0,0.00453004698365408,0.0,0,0.0,0.0,0.00453004698365408,0.0,0.0
MAR00416,541,-9.85040761220102e-15,6.3393359417995315e-15,-7.894958534477582e-17,0.0,0,0.0,0.0,0.004630249273041442,0.0,0,0.0,0.0,0.004630249273041442,0.0,0.0
MAR01151,555,-9.857980297932922e-15,5.6166167786614615e-15,-8.08127744710886e-17,0.0,0,0.0,0.0,0.004513766730450679,0.0,0,0.0,0.0,0.004513766730450679,0.0,0.0
MAR05306,566,-9.867254245714466e-15,1.120459293464859e-14,-7.803105287382317e-17,0.0,0,0.0,0.0,0.0044262764728495866,0.0,0,0.0,0.0,0.0044262764728495866,0.0,0.0
MAR01297,566,-9.867254245714466e-15,6.20394478189865e-15,-7.869296283403232e-17,0.0,0,0.0,0.0,0.0044262764728495866,0.0,0,0.0,0.0,0.0044262764728495866,0.0,0.0
MAR01329,567,-9.89997815256577e-15,7.079400878424617e-15,-8.076816993675419e-17,0.0,0,0.0,0.0,0.00441849069762059,0.0,0,0.0,0.0,0.00441849069762059,0.0,0.0
MAR01303,578,-9.908260294509356e-15,7.258685636327869e-15,-8.064429797094886e-17,0.0,0,0.0,0.0,0.004334620605899285,0.0,0,0.0,0.0,0.004334620605899285,0.0,0.0
MAR06168,545,-9.908485856471122e-15,6.0991694286931535e-15,-8.169722859838415e-17,0.0,0,0.0,0.0,0.004596359577531593,0.0,0,0.0,0.0,0.004596359577531593,0.0,0.0
MAR04230,595,-9.91177261648543e-15,1.1066583593296306e-14,-7.79778702359594e-17,0.0,0,0.0,0.0,0.004211087402744312,0.0,0,0.0,0.0,0.004211087402744312,0.0,0.0
MAR11419,557,-9.924636416900503e-15,7.751945652274401e-15,-8.128495926748637e-17,0.0,0,0.0,0.0,0.004497603075155535,0.0,0,0.0,0.0,0.004497603075155535,0.0,0.0
MAR10406,577,-9.925432322749406e-15,1.1370881573519552e-14,-7.793167404378606e-17,0.0,0,0.0,0.0,0.004342113363096878,0.0,0,0.0,0.0,0.004342113363096878,0.0,0.0
MAR12604,563,-9.945074170141367e-15,1.1691857663844566e-14,-7.815511893782899e-17,0.0,0,0.0,0.0,0.004449799303901048,0.0,0,0.0,0.0,0.004449799303901048,0.0,0.0
MAR03198,572,-9.962504791601405e-15,1.144414596717814e-14,-7.860153286160266e-17,0.0,0,0.0,0.0,0.004379969091767465,0.0,0,0.0,0.0,0.004379969091767465,0.0,0.0
MAR03873,552,-9.963044881853579e-15,1.1182973705866683e-14,-7.897752935125524e-17,0.0,0,0.0,0.0,0.004538231229443332,0.0,0,0.0,0.0,0.004538231229443332,0.0,0.0
MAR00109,569,-9.965080898709314e-15,1.58904052605581e-14,-7.383866991002558e-17,0.0,0,0.0,0.0,0.004403001029543098,0.0,0,0.0,0.0,0.004403001029543098,0.0,0.0
MAR07048,561,-9.980528980017093e-15,7.089182602129966e-15,-7.996052574292991e-17,0.0,0,0.0,0.0,0.004465620583537596,0.0,0,0.0,0.0,0.004465620583537596,0.0,0.0
MAR00425,568,-9.982625055221126e-15,6.23764857896968e-15,-8.010431435838408e-17,0.0,0,0.0,0.0,0.004410732264444036,0.0,0,0.0,0.0,0.004410732264444036,0.0,0.0
MAR12976,549,-9.991602768794124e-15,7.954173069026924e-15,-8.118914284992579e-17,0.0,0,0.0,0.0,0.004562962366977274,0.0,0,0.0,0.0,0.004562962366977274,0.0,0.0
MAR02466,561,-1.0005860271844548e-14,1.1439551109908358e-14,-7.925512703230291e-17,0.0,0,0.0,0.0,0.004465620583537596,0.0,0,0.0,0.0,0.004465620583537596,0.0,0.0
MAR03360,554,-1.0029682660007192e-14,1.1549979858124001e-14,-7.894951321462102e-17,0.0,0,0.0,0.0,0.004521892203603858,0.0,0,0.0,0.0,0.004521892203603858,0.0,0.0
MAR11562,575,-1.0034099155429589e-14,1.1233035238086997e-14,-7.856763165604635e-17,0.0,0,0.0,0.0,0.004357176858116289,0.0,0,0.0,0.0,0.004357176858116289,0.0,0.0
MAR03593,556,-1.0070281938470485e-14,1.1819287800674952e-14,-7.822627721975577e-17,0.0,0,0.0,0.0,0.0045056704064922026,0.0,0,0.0,0.0,0.0045056704064922026,0.0,0.0
MAR03658,540,-1.0079180288745125e-14,1.2137517387654368e-14,-7.895688358308889e-17,0.0,0,0.0,0.0,0.00463879992662872,0.0,0,0.0,0.0,0.00463879992662872,0.0,0.0
MAR02063,540,-1.0079180288745125e-14,6.6736040865279244e-15,-8.072390314021275e-17,0.0,0,0.0,0.0,0.00463879992662872,0.0,0,0.0,0.0,0.00463879992662872,0.0,0.0
MAR01158,568,-1.0082701496877478e-14,5.84683381760425e-15,-8.113837252100898e-17,0.0,0,0.0,0.0,0.004410732264444036,0.0,0,0.0,0.0,0.004410732264444036,0.0,0.0
MAR12143,551,-1.0084290732566215e-14,7.400674914185608e-15,-8.204700051412897e-17,0.0,0,0.0,0.0,0.004546445100963565,0.0,0,0.0,0.0,0.004546445100963565,0.0,0.0
MAR02683,558,-1.00851227011111e-14,1.1651981174453741e-14,-7.994515656423355e-17,0.0,0,0.0,0.0,0.004489564580987142,0.0,0,0.0,0.0,0.004489564580987142,0.0,0.0
MAR12818,548,-1.008763227046274e-14,1.2849482719713128e-14,-8.0942838972086e-17,0.0,0,0.0,0.0,0.004571266087298871,0.0,0,0.0,0.0,0.004571266087298871,0.0,0.0
MAR01249,564,-1.010381691630497e-14,6.417205893803369e-15,-8.148163380697767e-17,0.0,0,0.0,0.0,0.004441930629657058,0.0,0,0.0,0.0,0.004441930629657058,0.0,0.0
MAR00035,565,-1.0111086009754346e-14,1.1193510760712879e-14,-8.079290838657467e-17,0.0,0,0.0,0.0,0.004434089734923025,0.0,0,0.0,0.0,0.004434089734923025,0.0,0.0
MAR12569,562,-1.0114487341780786e-14,1.172648147479297e-14,-7.936099205465919e-17,0.0,0,0.0,0.0,0.0044576959055467585,0.0,0,0.0,0.0,0.0044576959055467585,0.0,0.0
MAR06646,580,-1.0119108616169703e-14,1.1003006491054392e-14,-7.95801872200681e-17,0.0,0,0.0,0.0,0.004319712401627411,0.0,0,0.0,0.0,0.004319712401627411,0.0,0.0
MAR04348,556,-1.0121400120899269e-14,1.1601702922340681e-14,-8.006876100454079e-17,0.0,0,0.0,0.0,0.0045056704064922026,0.0,0,0.0,0.0,0.0045056704064922026,0.0,0.0
MAR01028,554,-1.0132288109214425e-14,6.230687092841887e-15,-8.155715471003897e-17,0.0,0,0.0,0.0,0.004521892203603858,0.0,0,0.0,0.0,0.004521892203603858,0.0,0.0
MAR05324,561,-1.0132516730981821e-14,1.530864965757674e-14,-7.571986031301185e-17,0.0,0,0.0,0.0,0.004465620583537596,0.0,0,0.0,0.0,0.004465620583537596,0.0,0.0
MAR02311,573,-1.0143524569838778e-14,1.1238493495506073e-14,-8.077942686186751e-17,0.0,0,0.0,0.0,0.0043723452321952965,0.0,0,0.0,0.0,0.0043723452321952965,0.0,0.0
MAR11885,574,-1.0150610510858574e-14,1.1843233778996089e-14,-8.27162830813896e-17,0.0,0,0.0,0.0,0.004364747866934595,0.0,0,0.0,0.0,0.004364747866934595,0.0,0.0
MAR02682,566,-1.016854445169048e-14,5.912336430439831e-15,-8.064897502232481e-17,0.0,0,0.0,0.0,0.0044262764728495866,0.0,0,0.0,0.0,0.0044262764728495866,0.0,0.0
MAR00244,552,-1.0168999298015926e-14,1.6297105361101907e-14,-7.543614603075608e-17,0.0,0,0.0,0.0,0.004538231229443332,0.0,0,0.0,0.0,0.004538231229443332,0.0,0.0
MAR11317,552,-1.019474360003622e-14,1.1716376734099698e-14,-7.937917915706817e-17,0.0,0,0.0,0.0,0.004538231229443332,0.0,0,0.0,0.0,0.004538231229443332,0.0,0.0
MAR03750,558,-1.021246010895341e-14,1.169778070465972e-14,-7.899721076096445e-17,0.0,0,0.0,0.0,0.004489564580987142,0.0,0,0.0,0.0,0.004489564580987142,0.0,0.0
MAR00279,551,-1.0239036881915055e-14,1.6242424129554994e-14,-7.662786143194458e-17,0.0,0,0.0,0.0,0.004546445100963565,0.0,0,0.0,0.0,0.004546445100963565,0.0,0.0
MAR12734,562,-1.0240918433553045e-14,7.68457610090845e-15,-8.373145315405215e-17,0.0,0,0.0,0.0,0.0044576959055467585,0.0,0,0.0,0.0,0.0044576959055467585,0.0,0.0
MAR00208,588,-1.024728299191437e-14,1.5439141086508082e-14,-7.653849742755241e-17,0.0,0,0.0,0.0,0.004261091151880009,0.0,0,0.0,0.0,0.004261091151880009,0.0,0.0
MAR02456,583,-1.0286416277556167e-14,5.735188597972397e-15,-8.128419700670756e-17,0.0,0,0.0,0.0,0.004297541386555887,0.0,0,0.0,0.0,0.004297541386555887,0.0,0.0
MAR01166,580,-1.0290618931698003e-14,6.169175615479219e-15,-8.251681413333008e-17,0.0,0,0.0,0.0,0.004319712401627411,0.0,0,0.0,0.0,0.004319712401627411,0.0,0.0
MAR12408,544,-1.0292420510642627e-14,6.2297042345310824e-15,-8.434036099110876e-17,0.0,0,0.0,0.0,0.004604785407758596,0.0,0,0.0,0.0,0.004604785407758596,0.0,0.0
MAR01205,575,-1.0305958984763888e-14,6.7978957921388404e-15,-8.406551280033062e-17,0.0,0,0.0,0.0,0.004357176858116289,0.0,0,0.0,0.0,0.004357176858116289,0.0,0.0
MAR09813,536,-1.0313474783980559e-14,1.2217963262161138e-14,-8.17206406092838e-17,0.0,0,0.0,0.0,0.004673320699286043,0.0,0,0.0,0.0,0.004673320699286043,0.0,0.0
MAR08782,569,-1.0314732860067535e-14,1.1670500621616998e-14,-8.123298671552237e-17,0.0,0,0.0,0.0,0.004403001029543098,0.0,0,0.0,0.0,0.004403001029543098,0.0,0.0
MAR06241,592,-1.0322073526244698e-14,6.406364000342179e-15,-8.344241678619686e-17,0.0,0,0.0,0.0,0.004232373150611237,0.0,0,0.0,0.0,0.004232373150611237,0.0,0.0
MAR08753,561,-1.0335167065601458e-14,1.185373473359764e-14,-8.113182398902385e-17,0.0,0,0.0,0.0,0.004465620583537596,0.0,0,0.0,0.0,0.004465620583537596,0.0,0.0
MAR11423,567,-1.0351116397492818e-14,7.566479036891468e-15,-8.474930822675816e-17,0.0,0,0.0,0.0,0.00441849069762059,0.0,0,0.0,0.0,0.00441849069762059,0.0,0.0
MAR03326,571,-1.0353267183054351e-14,1.1063314281626966e-14,-8.210390188774169e-17,0.0,0,0.0,0.0,0.00438761958448344,0.0,0,0.0,0.0,0.00438761958448344,0.0,0.0
MAR03509,547,-1.0365870258438027e-14,1.1818596237790281e-14,-8.137528419622341e-17,0.0,0,0.0,0.0,0.004579600085029117,0.0,0,0.0,0.0,0.004579600085029117,0.0,0.0
MAR11581,577,-1.0368751880589331e-14,7.440771241678022e-15,-8.470066127866434e-17,0.0,0,0.0,0.0,0.004342113363096878,0.0,0,0.0,0.0,0.004342113363096878,0.0,0.0
MAR01841,549,-1.040576246905502e-14,1.1892003575377442e-14,-8.272023022180975e-17,0.0,0,0.0,0.0,0.004562962366977274,0.0,0,0.0,0.0,0.004562962366977274,0.0,0.0
MAR02078,543,-1.0416059257183053e-14,6.512970330749359e-15,-8.367443168833653e-17,0.0,0,0.0,0.0,0.004613242186326175,0.0,0,0.0,0.0,0.004613242186326175,0.0,0.0
MAR06133,574,-1.0422943963588924e-14,7.09144555961722e-15,-8.390384129275147e-17,0.0,0,0.0,0.0,0.004364747866934595,0.0,0,0.0,0.0,0.004364747866934595,0.0,0.0
MAR01878,564,-1.0431372078180196e-14,1.1278866292138554e-14,-8.315979025436003e-17,0.0,0,0.0,0.0,0.004441930629657058,0.0,0,0.0,0.0,0.004441930629657058,0.0,0.0
MAR11384,562,-1.0443208180388661e-14,1.1594153960389635e-14,-8.327877426488724e-17,0.0,0,0.0,0.0,0.0044576959055467585,0.0,0,0.0,0.0,0.0044576959055467585,0.0,0.0
MAR02365,571,-1.0452817829045257e-14,1.1386142713584257e-14,-8.308651849790989e-17,0.0,0,0.0,0.0,0.00438761958448344,0.0,0,0.0,0.0,0.00438761958448344,0.0,0.0
MAR02042,575,-1.0454246164400779e-14,1.1378201209825351e-14,-8.286103865243102e-17,0.0,0,0.0,0.0,0.004357176858116289,0.0,0,0.0,0.0,0.004357176858116289,0.0,0.0
MAR12318,581,-1.0468581442524024e-14,7.454776204306263e-15,-8.593838644200143e-17,0.0,0,0.0,0.0,0.004312296689115291,0.0,0,0.0,0.0,0.004312296689115291,0.0,0.0
MAR12778,566,-1.0469834657666494e-14,1.1585206575225745e-14,-8.216356275084126e-17,0.0,0,0.0,0.0,0.0044262764728495866,0.0,0,0.0,0.0,0.0044262764728495866,0.0,0.0
MAR00177,561,-1.0487154816566184e-14,1.6110931186794446e-14,-7.821657168870531e-17,0.0,0,0.0,0.0,0.004465620583537596,0.0,0,0.0,0.0,0.004465620583537596,0.0,0.0
MAR07039,577,-1.0491896202211531e-14,6.589569837945508e-15,-8.400528307665998e-17,0.0,0,0.0,0.0,0.004342113363096878,0.0,0,0.0,0.0,0.004342113363096878,0.0,0.0
MAR12883,551,-1.0496947130829793e-14,7.922826233566554e-15,-8.601653238505552e-17,0.0,0,0.0,0.0,0.004546445100963565,0.0,0,0.0,0.0,0.004546445100963565,0.0,0.0
MAR02579,555,-1.0498108888707787e-14,6.152225882792322e-15,-8.342107760686292e-17,0.0,0,0.0,0.0,0.004513766730450679,0.0,0,0.0,0.0,0.004513766730450679,0.0,0.0
MAR01533,549,-1.0509302394120244e-14,6.334517473556637e-15,-8.455779388629382e-17,0.0,0,0.0,0.0,0.004562962366977274,0.0,0,0.0,0.0,0.004562962366977274,0.0,0.0
MAR03925,546,-1.051499140099196e-14,6.084310076969931e-15,-8.372585038718854e-17,0.0,0,0.0,0.0,0.004587964526068459,0.0,0,0.0,0.0,0.004587964526068459,0.0,0.0
MAR06348,581,-1.051750004739563e-14,6.439957011215902e-15,-8.484427587354534e-17,0.0,0,0.0,0.0,0.004312296689115291,0.0,0,0.0,0.0,0.004312296689115291,0.0,0.0
MAR07076,572,-1.0533920278401485e-14,6.833812028562613e-15,-8.400585082717381e-17,0.0,0,0.0,0.0,0.004379969091767465,0.0,0,0.0,0.0,0.004379969091767465,0.0,0.0
MAR10202,592,-1.0538116925631216e-14,1.1041561892981775e-14,-8.406015777741487e-17,0.0,0,0.0,0.0,0.004232373150611237,0.0,0,0.0,0.0,0.004232373150611237,0.0,0.0
MAR07050,562,-1.0544353053806469e-14,7.012559071925288e-15,-8.518415738329852e-17,0.0,0,0.0,0.0,0.0044576959055467585,0.0,0,0.0,0.0,0.0044576959055467585,0.0,0.0
MAR02577,548,-1.0554412169867185e-14,1.248856190166708e-14,-8.28124440686289e-17,0.0,0,0.0,0.0,0.004571266087298871,0.0,0,0.0,0.0,0.004571266087298871,0.0,0.0
MAR09267,549,-1.0586957337919161e-14,1.1950076122738077e-14,-8.409174902492607e-17,0.0,0,0.0,0.0,0.004562962366977274,0.0,0,0.0,0.0,0.004562962366977274,0.0,0.0
MAR00274,581,-1.0590877954703042e-14,1.5585992287316605e-14,-7.922671102127275e-17,0.0,0,0.0,0.0,0.004312296689115291,0.0,0,0.0,0.0,0.004312296689115291,0.0,0.0
MAR01156,540,-1.0605508241160015e-14,7.794929159947621e-15,-8.639995058732392e-17,0.0,0,0.0,0.0,0.00463879992662872,0.0,0,0.0,0.0,0.00463879992662872,0.0,0.0
MAR00085,546,-1.0619100226744353e-14,1.6642194177039987e-14,-7.860615344289401e-17,0.0,0,0.0,0.0,0.004587964526068459,0.0,0,0.0,0.0,0.004587964526068459,0.0,0.0
MAR02464,551,-1.0625902255287161e-14,1.1503809247025028e-14,-8.384524288868014e-17,0.0,0,0.0,0.0,0.004546445100963565,0.0,0,0.0,0.0,0.004546445100963565,0.0,0.0
MAR01264,563,-1.0626589405151055e-14,6.64740076241399e-15,-8.741286098245934e-17,0.0,0,0.0,0.0,0.004449799303901048,0.0,0,0.0,0.0,0.004449799303901048,0.0,0.0
MAR08038,560,-1.0632764510124356e-14,1.1555484073745716e-14,-8.328837677164972e-17,0.0,0,0.0,0.0,0.0044735734878779895,0.0,0,0.0,0.0,0.0044735734878779895,0.0,0.0
MAR11996,564,-1.0632944485488026e-14,7.85901153732213e-15,-8.782333997882954e-17,0.0,0,0.0,0.0,0.004441930629657058,0.0,0,0.0,0.0,0.004441930629657058,0.0,0.0
MAR03329,551,-1.0651693280178636e-14,1.16334589561702e-14,-8.348400811695615e-17,0.0,0,0.0,0.0,0.004546445100963565,0.0,0,0.0,0.0,0.004546445100963565,0.0,0.0
MAR09656,576,-1.0658141036401503e-14,1.1075769613164547e-14,-8.445306427538728e-17,0.0,0,0.0,0.0,0.004349632068826215,0.0,0,0.0,0.0,0.004349632068826215,0.0,0.0
MAR01864,553,-1.0664565473433693e-14,1.1559058343890863e-14,-8.539945547101177e-17,0.0,0,0.0,0.0,0.00453004698365408,0.0,0,0.0,0.0,0.00453004698365408,0.0,0.0
MAR01365,570,-1.0670606698432382e-14,7.461999251968541e-15,-8.634930627088115e-17,0.0,0,0.0,0.0,0.004395296850147243,0.0,0,0.0,0.0,0.004395296850147243,0.0,0.0
MAR11952,546,-1.0671154639620552e-14,7.813764287516328e-15,-8.736706901654262e-17,0.0,0,0.0,0.0,0.004587964526068459,0.0,0,0.0,0.0,0.004587964526068459,0.0,0.0
MAR09047,559,-1.0677207478327087e-14,1.1788678051201687e-14,-8.427661582403299e-17,0.0,0,0.0,0.0,0.004481554769642852,0.0,0,0.0,0.0,0.004481554769642852,0.0,0.0
MAR00143,535,-1.0678062795348048e-14,1.696659374750912e-14,-8.030490183229387e-17,0.0,0,0.0,0.0,0.004682031321548599,0.0,0,0.0,0.0,0.004682031321548599,0.0,0.0
MAR02499,580,-1.0682642510048402e-14,1.1394083829800072e-14,-8.449254587144519e-17,0.0,0,0.0,0.0,0.004319712401627411,0.0,0,0.0,0.0,0.004319712401627411,0.0,0.0
MAR04008,561,-1.068980515118582e-14,1.1204546299990052e-14,-8.570208833527206e-17,0.0,0,0.0,0.0,0.004465620583537596,0.0,0,0.0,0.0,0.004465620583537596,0.0,0.0
MAR03650,580,-1.0707143983695304e-14,1.1451559311590545e-14,-8.350823251093227e-17,0.0,0,0.0,0.0,0.004319712401627411,0.0,0,0.0,0.0,0.004319712401627411,0.0,0.0
MAR02574,568,-1.070817925722968e-14,1.128241262129751e-14,-8.570061977404269e-17,0.0,0,0.0,0.0,0.004410732264444036,0.0,0,0.0,0.0,0.004410732264444036,0.0,0.0
MAR07055,561,-1.0715136443013276e-14,1.1627521788544902e-14,-8.501159620861767e-17,0.0,0,0.0,0.0,0.004465620583537596,0.0,0,0.0,0.0,0.004465620583537596,0.0,0.0
MAR00513,551,-1.0729066354853056e-14,6.227329930529078e-15,-8.622381810489461e-17,0.0,0,0.0,0.0,0.004546445100963565,0.0,0,0.0,0.0,0.004546445100963565,0.0,0.0
MAR03735,543,-1.0730111295088069e-14,1.212889696743444e-14,-8.422657306307801e-17,0.0,0,0.0,0.0,0.004613242186326175,0.0,0,0.0,0.0,0.004613242186326175,0.0,0.0
MAR00949,542,-1.074990854840004e-14,6.219759111148104e-15,-8.657759484174979e-17,0.0,0,0.0,0.0,0.00462173008405905,0.0,0,0.0,0.0,0.00462173008405905,0.0,0.0
MAR03378,585,-1.0761382288605961e-14,1.116914188383053e-14,-8.448339535239342e-17,0.0,0,0.0,0.0,0.004282886715357432,0.0,0,0.0,0.0,0.004282886715357432,0.0,0.0
MAR00489,559,-1.0778895168596868e-14,6.1376266298652075e-15,-8.568204436575612e-17,0.0,0,0.0,0.0,0.004481554769642852,0.0,0,0.0,0.0,0.004481554769642852,0.0,0.0
MAR01334,581,-1.0786552374189474e-14,6.2524375965235325e-15,-8.760775453325768e-17,0.0,0,0.0,0.0,0.004312296689115291,0.0,0,0.0,0.0,0.004312296689115291,0.0,0.0
MAR11945,562,-1.079721523735099e-14,7.330129636662993e-15,-8.90161364141924e-17,0.0,0,0.0,0.0,0.0044576959055467585,0.0,0,0.0,0.0,0.0044576959055467585,0.0,0.0
MAR09842,558,-1.0798212185028045e-14,1.1694586262860337e-14,-8.477462464342762e-17,0.0,0,0.0,0.0,0.004489564580987142,0.0,0,0.0,0.0,0.004489564580987142,0.0,0.0
MAR11528,583,-1.0798299552031712e-14,1.1202679800912476e-14,-8.529181900552443e-17,0.0,0,0.0,0.0,0.004297541386555887,0.0,0,0.0,0.0,0.004297541386555887,0.0,0.0
MAR11530,557,-1.0817598562379982e-14,7.672121684353274e-15,-8.786176817858974e-17,0.0,0,0.0,0.0,0.004497603075155535,0.0,0,0.0,0.0,0.004497603075155535,0.0,0.0
MAR02553,571,-1.082613275151116e-14,5.985412829546335e-15,-8.61423470801759e-17,0.0,0,0.0,0.0,0.00438761958448344,0.0,0,0.0,0.0,0.00438761958448344,0.0,0.0
MAR07004,539,-1.0836106285617854e-14,1.218517999625554e-14,-8.539862472392922e-17,0.0,0,0.0,0.0,0.004647382219459146,0.0,0,0.0,0.0,0.004647382219459146,0.0,0.0
MAR03298,577,-1.0836700302753698e-14,1.198555308289265e-14,-8.470741353914932e-17,0.0,0,0.0,0.0,0.004342113363096878,0.0,0,0.0,0.0,0.004342113363096878,0.0,0.0
MAR11276,540,-1.0842355819746714e-14,1.2139240940094428e-14,-8.545393023474145e-17,0.0,0,0.0,0.0,0.00463879992662872,0.0,0,0.0,0.0,0.00463879992662872,0.0,0.0
MAR02665,570,-1.0894988614988204e-14,1.1150711660730378e-14,-8.658648467541244e-17,0.0,0,0.0,0.0,0.004395296850147243,0.0,0,0.0,0.0,0.004395296850147243,0.0,0.0
MAR03998,566,-1.0896662449465847e-14,1.2220832055938722e-14,-8.56200309977839e-17,0.0,0,0.0,0.0,0.0044262764728495866,0.0,0,0.0,0.0,0.0044262764728495866,0.0,0.0
MAR00538,553,-1.0921542954721251e-14,1.1802789595807992e-14,-8.681587761615994e-17,0.0,0,0.0,0.0,0.00453004698365408,0.0,0,0.0,0.0,0.00453004698365408,0.0,0.0
MAR02983,559,-1.0956848626568988e-14,1.1652465762070652e-14,-8.71975432974429e-17,0.0,0,0.0,0.0,0.004481554769642852,0.0,0,0.0,0.0,0.004481554769642852,0.0,0.0
MAR00050,571,-1.097545872049752e-14,1.1419100559002837e-14,-8.73898096673093e-17,0.0,0,0.0,0.0,0.00438761958448344,0.0,0,0.0,0.0,0.00438761958448344,0.0,0.0
MAR07000,564,-1.0985696198276726e-14,7.0728590288438215e-15,-8.852166481419193e-17,0.0,0,0.0,0.0,0.004441930629657058,0.0,0,0.0,0.0,0.004441930629657058,0.0,0.0
MAR02686,555,-1.1010211761327678e-14,1.1746372958488985e-14,-8.722123419389112e-17,0.0,0,0.0,0.0,0.004513766730450679,0.0,0,0.0,0.0,0.004513766730450679,0.0,0.0
MAR12595,542,-1.1012101439824432e-14,1.1512754202463109e-14,-8.720803555787921e-17,0.0,0,0.0,0.0,0.00462173008405905,0.0,0,0.0,0.0,0.00462173008405905,0.0,0.0
MAR01494,587,-1.1015228101221315e-14,1.1131760766101335e-14,-8.778192457838395e-17,0.0,0,0.0,0.0,0.004268331649559446,0.0,0,0.0,0.0,0.004268331649559446,0.0,0.0
MAR03088,557,-1.1021704195632433e-14,1.1769443322914102e-14,-8.819666818803544e-17,0.0,0,0.0,0.0,0.004497603075155535,0.0,0,0.0,0.0,0.004497603075155535,0.0,0.0
MAR12780,572,-1.1030803310401556e-14,1.1451747374467768e-14,-8.687835396576249e-17,0.0,0,0.0,0.0,0.004379969091767465,0.0,0,0.0,0.0,0.004379969091767465,0.0,0.0
MAR03151,541,-1.103245652566514e-14,1.2095605198692997e-14,-8.743749876535916e-17,0.0,0,0.0,0.0,0.004630249273041442,0.0,0,0.0,0.0,0.004630249273041442,0.0,0.0
MAR02948,543,-1.1070334336151837e-14,1.1698451698701517e-14,-8.845239391089982e-17,0.0,0,0.0,0.0,0.004613242186326175,0.0,0,0.0,0.0,0.004613242186326175,0.0,0.0
MAR12594,557,-1.1072730603945547e-14,7.70429278449154e-15,-9.073129480239896e-17,0.0,0,0.0,0.0,0.004497603075155535,0.0,0,0.0,0.0,0.004497603075155535,0.0,0.0
MAR00389,557,-1.1072730603945547e-14,1.6071866264052435e-14,-8.267229542410792e-17,0.0,0,0.0,0.0,0.004497603075155535,0.0,0,0.0,0.0,0.004497603075155535,0.0,0.0
MAR12156,553,-1.1075729443493788e-14,1.2206920490290629e-14,-8.96641639850063e-17,0.0,0,0.0,0.0,0.00453004698365408,0.0,0,0.0,0.0,0.00453004698365408,0.0,0.0
MAR03521,553,-1.1075729443493788e-14,1.2473421449337487e-14,-8.623277423869754e-17,0.0,0,0.0,0.0,0.00453004698365408,0.0,0,0.0,0.0,0.00453004698365408,0.0,0.0
MAR11541,554,-1.1081388514381347e-14,7.669564258380511e-15,-9.021201033118496e-17,0.0,0,0.0,0.0,0.004521892203603858,0.0,0,0.0,0.0,0.004521892203603858,0.0,0.0
MAR12997,556,-1.1092645587046169e-14,7.793488472549907e-15,-9.053502616929277e-17,0.0,0,0.0,0.0,0.0045056704064922026,0.0,0,0.0,0.0,0.0045056704064922026,0.0,0.0
MAR06320,544,-1.1102230246251565e-14,1.2179224816985135e-14,-8.87401070926675e-17,0.0,0,0.0,0.0,0.004604785407758596,0.0,0,0.0,0.0,0.004604785407758596,0.0,0.0
MAR03013,544,-1.1102230246251567e-14,1.1438709134275016e-14,-8.72836106717196e-17,0.0,0,0.0,0.0,0.004604785407758596,0.0,0,0.0,0.0,0.004604785407758596,0.0,0.0
MAR00354,559,-1.110938016197366e-14,1.6146323621444352e-14,-8.312487344742776e-17,0.0,0,0.0,0.0,0.004481554769642852,0.0,0,0.0,0.0,0.004481554769642852,0.0,0.0
MAR05235,574,-1.1116156388720731e-14,1.1211744911178661e-14,-8.734161309118446e-17,0.0,0,0.0,0.0,0.004364747866934595,0.0,0,0.0,0.0,0.004364747866934595,0.0,0.0
MAR12669,563,-1.113141550515823e-14,7.370418146192878e-15,-9.11132804768895e-17,0.0,0,0.0,0.0,0.004449799303901048,0.0,0,0.0,0.0,0.004449799303901048,0.0,0.0
MAR11998,564,-1.1136875503757598e-14,7.601720265763773e-15,-9.161069504881293e-17,0.0,0,0.0,0.0,0.004441930629657058,0.0,0,0.0,0.0,0.004441930629657058,0.0,0.0
MAR10162,558,-1.1154756926986519e-14,5.8178406949944525e-15,-8.898182052731349e-17,0.0,0,0.0,0.0,0.004489564580987142,0.0,0,0.0,0.0,0.004489564580987142,0.0,0.0
MAR00240,601,-1.1160604701456482e-14,1.0586115940477135e-14,-8.93975946552513e-17,0.0,0,0.0,0.0,0.004169151820222411,0.0,0,0.0,0.0,0.004169151820222411,0.0,0.0
MAR00952,560,-1.1165671561944433e-14,1.1267759215331427e-14,-8.939746631301003e-17,0.0,0,0.0,0.0,0.0044735734878779895,0.0,0,0.0,0.0,0.0044735734878779895,0.0,0.0
MAR03478,556,-1.1169322860689348e-14,1.2405647912534194e-14,-8.745789501516855e-17,0.0,0,0.0,0.0,0.0045056704064922026,0.0,0,0.0,0.0,0.0045056704064922026,0.0,0.0
MAR00332,552,-1.1173027076807373e-14,1.6401688440126856e-14,-8.397420620454478e-17,0.0,0,0.0,0.0,0.004538231229443332,0.0,0,0.0,0.0,0.004538231229443332,0.0,0.0
MAR12497,558,-1.1180224408554982e-14,1.2478490830452774e-14,-8.990726041219433e-17,0.0,0,0.0,0.0,0.004489564580987142,0.0,0,0.0,0.0,0.004489564580987142,0.0,0.0
MAR01253,568,-1.1183542355097352e-14,1.1481126926888533e-14,-8.954260670131819e-17,0.0,0,0.0,0.0,0.004410732264444036,0.0,0,0.0,0.0,0.004410732264444036,0.0,0.0
MAR08469,573,-1.1185157899748873e-14,1.2096310611146365e-14,-8.784399385855483e-17,0.0,0,0.0,0.0,0.0043723452321952965,0.0,0,0.0,0.0,0.0043723452321952965,0.0,0.0
MAR03517,571,-1.1199447673977062e-14,1.1648622508103864e-14,-8.76951775145929e-17,0.0,0,0.0,0.0,0.00438761958448344,0.0,0,0.0,0.0,0.00438761958448344,0.0,0.0
MAR01514,567,-1.1203266415688352e-14,1.1380205560179054e-14,-8.949306380433197e-17,0.0,0,0.0,0.0,0.00441849069762059,0.0,0,0.0,0.0,0.00441849069762059,0.0,0.0
MAR08020,553,-1.1204218184137566e-14,1.2408096960809019e-14,-8.824099967949519e-17,0.0,0,0.0,0.0,0.00453004698365408,0.0,0,0.0,0.0,0.00453004698365408,0.0,0.0
MAR12431,554,-1.120964532589039e-14,7.868160619369222e-15,-9.108430237584067e-17,0.0,0,0.0,0.0,0.004521892203603858,0.0,0,0.0,0.0,0.004521892203603858,0.0,0.0
MAR00487,559,-1.121106785224344e-14,1.1557523872873264e-14,-8.908838958741145e-17,0.0,0,0.0,0.0,0.004481554769642852,0.0,0,0.0,0.0,0.004481554769642852,0.0,0.0
MAR03273,555,-1.1215052910375636e-14,1.1903603730667491e-14,-8.753284644017842e-17,0.0,0,0.0,0.0,0.004513766730450679,0.0,0,0.0,0.0,0.004513766730450679,0.0,0.0
MAR03033,580,-1.1221674930280206e-14,1.1848318846378035e-14,-8.825802779167123e-17,0.0,0,0.0,0.0,0.004319712401627411,0.0,0,0.0,0.0,0.004319712401627411,0.0,0.0
MAR03554,566,-1.1223060172606532e-14,1.2342609860155625e-14,-8.78008151799056e-17,0.0,0,0.0,0.0,0.0044262764728495866,0.0,0,0.0,0.0,0.0044262764728495866,0.0,0.0
MAR09816,576,-1.1225588360098805e-14,1.1421593420543788e-14,-8.894657252347785e-17,0.0,0,0.0,0.0,0.004349632068826215,0.0,0,0.0,0.0,0.004349632068826215,0.0,0.0
MAR01179,562,-1.1227080949376672e-14,7.512359636716072e-15,-9.123431409349775e-17,0.0,0,0.0,0.0,0.0044576959055467585,0.0,0,0.0,0.0,0.0044576959055467585,0.0,0.0
MAR09441,568,-1.1233580575925528e-14,1.1128369329961627e-14,-8.965435574062873e-17,0.0,0,0.0,0.0,0.004410732264444036,0.0,0,0.0,0.0,0.004410732264444036,0.0,0.0
MAR03929,555,-1.124065805400663e-14,1.175802303820676e-14,-8.913566286796325e-17,0.0,0,0.0,0.0,0.004513766730450679,0.0,0,0.0,0.0,0.004513766730450679,0.0,0.0
MAR09960,536,-1.1241422386652329e-14,1.1921377517607886e-14,-8.917791221200142e-17,0.0,0,0.0,0.0,0.004673320699286043,0.0,0,0.0,0.0,0.004673320699286043,0.0,0.0
MAR09737,584,-1.1242148764423504e-14,1.1005722225825622e-14,-8.811131186220559e-17,0.0,0,0.0,0.0,0.004290201536487618,0.0,0,0.0,0.0,0.004290201536487618,0.0,0.0
MAR09305,570,-1.1244027151852815e-14,1.2157166861853993e-14,-8.875166597055081e-17,0.0,0,0.0,0.0,0.004395296850147243,0.0,0,0.0,0.0,0.004395296850147243,0.0,0.0
MAR02104,596,-1.1278077651494209e-14,1.0618792813840073e-14,-8.944603778790365e-17,0.0,0,0.0,0.0,0.0042040396523125,0.0,0,0.0,0.0,0.0042040396523125,0.0,0.0
MAR03063,548,-1.1280514235607429e-14,6.075440713759564e-15,-8.965126941979368e-17,0.0,0,0.0,0.0,0.004571266087298871,0.0,0,0.0,0.0,0.004571266087298871,0.0,0.0
MAR01916,558,-1.1282094334828834e-14,1.2284576474518731e-14,-8.907703595539927e-17,0.0,0,0.0,0.0,0.004489564580987142,0.0,0,0.0,0.0,0.004489564580987142,0.0,0.0
MAR07649,552,-1.1327492888929133e-14,7.143696642844658e-15,-9.12736693604082e-17,0.0,0,0.0,0.0,0.004538231229443332,0.0,0,0.0,0.0,0.004538231229443332,0.0,0.0
MAR09581,543,-1.133204436773935e-14,1.1722073156625348e-14,-8.994605921420598e-17,0.0,0,0.0,0.0,0.004613242186326175,0.0,0,0.0,0.0,0.004613242186326175,0.0,0.0
MAR04202,568,-1.133365701758188e-14,6.3349549004277725e-15,-9.108425455772761e-17,0.0,0,0.0,0.0,0.004410732264444036,0.0,0,0.0,0.0,0.004410732264444036,0.0,0.0
MAR01220,549,-1.1337621794642036e-14,6.940724478901131e-15,-9.262345530118033e-17,0.0,0,0.0,0.0,0.004562962366977274,0.0,0,0.0,0.0,0.004562962366977274,0.0,0.0
MAR06376,550,-1.13428458544976e-14,6.333919791861414e-15,-9.067533729452093e-17,0.0,0,0.0,0.0,0.0045546887593671224,0.0,0,0.0,0.0,0.0045546887593671224,0.0,0.0
MAR08472,570,-1.1343752448099846e-14,1.13507762470877e-14,-8.998338162196819e-17,0.0,0,0.0,0.0,0.004395296850147243,0.0,0,0.0,0.0,0.004395296850147243,0.0,0.0
MAR03784,553,-1.13584046729101e-14,1.1905766141327035e-14,-8.982122841690066e-17,0.0,0,0.0,0.0,0.00453004698365408,0.0,0,0.0,0.0,0.00453004698365408,0.0,0.0
MAR00524,571,-1.1373661304461149e-14,5.759169480239012e-15,-9.036873233203403e-17,0.0,0,0.0,0.0,0.00438761958448344,0.0,0,0.0,0.0,0.00438761958448344,0.0,0.0
MAR02671,557,-1.1378889053824225e-14,1.1786272735073082e-14,-9.033930743889267e-17,0.0,0,0.0,0.0,0.004497603075155535,0.0,0,0.0,0.0,0.004497603075155535,0.0,0.0
MAR03653,552,-1.1378981492969722e-14,1.1975004277507157e-14,-8.877419158088897e-17,0.0,0,0.0,0.0,0.004538231229443332,0.0,0,0.0,0.0,0.004538231229443332,0.0,0.0
MAR08905,573,-1.1383564248303176e-14,1.202312891824648e-14,-8.976046333417505e-17,0.0,0,0.0,0.0,0.0043723452321952965,0.0,0,0.0,0.0,0.0043723452321952965,0.0,0.0
MAR03533,559,-1.1389021310215563e-14,1.2477890074432253e-14,-8.91320297161076e-17,0.0,0,0.0,0.0,0.004481554769642852,0.0,0,0.0,0.0,0.004481554769642852,0.0,0.0
MAR13060,581,-1.1422494237520371e-14,1.2560262706731103e-14,-8.909608010282494e-17,0.0,0,0.0,0.0,0.004312296689115291,0.0,0,0.0,0.0,0.004312296689115291,0.0,0.0
MAR02693,566,-1.1423920309923873e-14,1.1507912054289013e-14,-9.011361749358794e-17,0.0,0,0.0,0.0,0.0044262764728495866,0.0,0,0.0,0.0,0.0044262764728495866,0.0,0.0
MAR02458,532,-1.1432792891177555e-14,1.2863259589840765e-14,-9.084682542727331e-17,0.0,0,0.0,0.0,0.004708359112657833,0.0,0,0.0,0.0,0.004708359112657833,0.0,0.0
MAR03933,550,-1.1446197525153613e-14,1.1897278917137345e-14,-9.020988335865588e-17,0.0,0,0.0,0.0,0.0045546887593671224,0.0,0,0.0,0.0,0.0045546887593671224,0.0,0.0
MAR12869,581,-1.1446953539956175e-14,1.2162955568521387e-14,-9.116326186867522e-17,0.0,0,0.0,0.0,0.004312296689115291,0.0,0,0.0,0.0,0.004312296689115291,0.0,0.0
MAR03292,571,-1.1448324288954328e-14,1.1517543349857808e-14,-9.002285325105917e-17,0.0,0,0.0,0.0,0.00438761958448344,0.0,0,0.0,0.0,0.00438761958448344,0.0,0.0
MAR02745,557,-1.1455428666293895e-14,1.1598216156658668e-14,-8.991512595109321e-17,0.0,0,0.0,0.0,0.004497603075155535,0.0,0,0.0,0.0,0.004497603075155535,0.0,0.0
MAR06182,538,-1.146377499330422e-14,1.189399492352678e-14,-9.173503641942805e-17,0.0,0,0.0,0.0,0.004655996327465773,0.0,0,0.0,0.0,0.004655996327465773,0.0,0.0
MAR07869,559,-1.1465287077917895e-14,1.1393914089158711e-14,-9.152206709580328e-17,0.0,0,0.0,0.0,0.004481554769642852,0.0,0,0.0,0.0,0.004481554769642852,0.0,0.0
MAR07078,559,-1.1465287077917895e-14,6.70317380052069e-15,-9.13115798757646e-17,0.0,0,0.0,0.0,0.004481554769642852,0.0,0,0.0,0.0,0.004481554769642852,0.0,0.0
MAR02004,574,-1.1487520187898484e-14,1.1120053714045974e-14,-9.190754967107007e-17,0.0,0,0.0,0.0,0.004364747866934595,0.0,0,0.0,0.0,0.004364747866934595,0.0,0.0
MAR03665,574,-1.1487520187898484e-14,1.1177660708308377e-14,-8.992083489610142e-17,0.0,0,0.0,0.0,0.004364747866934595,0.0,0,0.0,0.0,0.004364747866934595,0.0,0.0
MAR06593,570,-1.1493340392470392e-14,7.279422390311472e-15,-9.313195245411475e-17,0.0,0,0.0,0.0,0.004395296850147243,0.0,0,0.0,0.0,0.004395296850147243,0.0,0.0
MAR01087,555,-1.1496709490316575e-14,7.642707819833704e-15,-9.332826003667911e-17,0.0,0,0.0,0.0,0.004513766730450679,0.0,0,0.0,0.0,0.004513766730450679,0.0,0.0
MAR07084,577,-1.1501679639513581e-14,1.1241183324896866e-14,-9.108842674735171e-17,0.0,0,0.0,0.0,0.004342113363096878,0.0,0,0.0,0.0,0.004342113363096878,0.0,0.0
MAR12601,564,-1.151482376745978e-14,1.2077800357251444e-14,-9.445922291351164e-17,0.0,0,0.0,0.0,0.004441930629657058,0.0,0,0.0,0.0,0.004441930629657058,0.0,0.0
MAR12272,573,-1.1532369009718905e-14,7.360839500869828e-15,-9.450999878017204e-17,0.0,0,0.0,0.0,0.0043723452321952965,0.0,0,0.0,0.0,0.0043723452321952965,0.0,0.0
MAR04120,547,-1.1534953370291937e-14,1.1452001133357591e-14,-9.149864384118645e-17,0.0,0,0.0,0.0,0.004579600085029117,0.0,0,0.0,0.0,0.004579600085029117,0.0,0.0
MAR03753,574,-1.1537035361122186e-14,1.2085984839916168e-14,-9.035686570356144e-17,0.0,0,0.0,0.0,0.004364747866934595,0.0,0,0.0,0.0,0.004364747866934595,0.0,0.0
MAR12675,566,-1.1549457895747213e-14,7.485797023209552e-15,-9.427644530626186e-17,0.0,0,0.0,0.0,0.0044262764728495866,0.0,0,0.0,0.0,0.0044262764728495866,0.0,0.0
MAR07021,561,-1.157640036514673e-14,6.6814484974440165e-15,-9.328329952796454e-17,0.0,0,0.0,0.0,0.004465620583537596,0.0,0,0.0,0.0,0.004465620583537596,0.0,0.0
MAR00173,562,-1.1581088006339e-14,6.206618434415555e-15,-9.252587568715343e-17,0.0,0,0.0,0.0,0.0044576959055467585,0.0,0,0.0,0.0,0.0044576959055467585,0.0,0.0
MAR00466,558,-1.1587704113650379e-14,1.1230509076057063e-14,-9.126807382923408e-17,0.0,0,0.0,0.0,0.004489564580987142,0.0,0,0.0,0.0,0.004489564580987142,0.0,0.0
MAR01866,564,-1.1590413420200217e-14,1.143462627589268e-14,-9.274626691482304e-17,0.0,0,0.0,0.0,0.004441930629657058,0.0,0,0.0,0.0,0.004441930629657058,0.0,0.0
MAR02774,571,-1.159765025794069e-14,1.1190034435471703e-14,-9.200741593783748e-17,0.0,0,0.0,0.0,0.00438761958448344,0.0,0,0.0,0.0,0.00438761958448344,0.0,0.0
MAR02092,567,-1.1604278188956839e-14,1.1581751746560502e-14,-9.273901253231857e-17,0.0,0,0.0,0.0,0.00441849069762059,0.0,0,0.0,0.0,0.00441849069762059,0.0,0.0
MAR00505,562,-1.1606374224693451e-14,1.1647581696551743e-14,-9.244675557710137e-17,0.0,0,0.0,0.0,0.0044576959055467585,0.0,0,0.0,0.0,0.0044576959055467585,0.0,0.0
MAR12277,541,-1.1610347105580935e-14,7.902542749125446e-15,-9.542652433422158e-17,0.0,0,0.0,0.0,0.004630249273041442,0.0,0,0.0,0.0,0.004630249273041442,0.0,0.0
MAR03792,563,-1.161100030016505e-14,1.2390013434875387e-14,-9.139186298215518e-17,0.0,0,0.0,0.0,0.004449799303901048,0.0,0,0.0,0.0,0.004449799303901048,0.0,0.0
MAR07126,565,-1.1620203324643054e-14,6.815120190284538e-15,-9.321588148295642e-17,0.0,0,0.0,0.0,0.004434089734923025,0.0,0,0.0,0.0,0.004434089734923025,0.0,0.0
MAR09221,562,-1.1631660443047904e-14,1.1688955283370287e-14,-9.304454297313899e-17,0.0,0,0.0,0.0,0.0044576959055467585,0.0,0,0.0,0.0,0.0044576959055467585,0.0,0.0
MAR11531,542,-1.164136437924297e-14,1.2834828094163145e-14,-9.369427935995569e-17,0.0,0,0.0,0.0,0.00462173008405905,0.0,0,0.0,0.0,0.00462173008405905,0.0,0.0
MAR00234,551,-1.1683334275837581e-14,1.1433229272115704e-14,-9.339865769774901e-17,0.0,0,0.0,0.0,0.004546445100963565,0.0,0,0.0,0.0,0.004546445100963565,0.0,0.0
MAR11534,564,-1.169119962385413e-14,1.1654640489073775e-14,-9.23837682343246e-17,0.0,0,0.0,0.0,0.004441930629657058,0.0,0,0.0,0.0,0.004441930629657058,0.0,0.0
MAR00567,561,-1.1703056824284003e-14,1.1366170986869606e-14,-9.367569569030608e-17,0.0,0,0.0,0.0,0.004465620583537596,0.0,0,0.0,0.0,0.004465620583537596,0.0,0.0
MAR02097,573,-1.170597456470392e-14,5.792373610278206e-15,-9.43648635960624e-17,0.0,0,0.0,0.0,0.0043723452321952965,0.0,0,0.0,0.0,0.0043723452321952965,0.0,0.0
MAR01066,579,-1.1707388081435848e-14,7.059184281604822e-15,-9.413311048320018e-17,0.0,0,0.0,0.0,0.00432715366313485,0.0,0,0.0,0.0,0.00432715366313485,0.0,0.0
MAR09071,562,-1.1707519098111259e-14,1.1585091816758834e-14,-9.204016742810103e-17,0.0,0,0.0,0.0,0.0044576959055467585,0.0,0,0.0,0.0,0.0044576959055467585,0.0,0.0
MAR09787,564,-1.171639617476761e-14,1.142552321181633e-14,-9.324208894396495e-17,0.0,0,0.0,0.0,0.004441930629657058,0.0,0,0.0,0.0,0.004441930629657058,0.0,0.0
MAR11487,571,-1.1722088565429323e-14,1.2031937583705927e-14,-9.287003070403093e-17,0.0,0,0.0,0.0,0.00438761958448344,0.0,0,0.0,0.0,0.00438761958448344,0.0,0.0
MAR11906,568,-1.1733962784207288e-14,1.2094693846657435e-14,-9.261094566951004e-17,0.0,0,0.0,0.0,0.004410732264444036,0.0,0,0.0,0.0,0.004410732264444036,0.0,0.0
MAR03377,568,-1.1733962784207291e-14,1.2252366291256991e-14,-9.197581523400233e-17,0.0,0,0.0,0.0,0.004410732264444036,0.0,0,0.0,0.0,0.004410732264444036,0.0,0.0
MAR07003,560,-1.1749331666318799e-14,1.1565325158980186e-14,-9.396043483184811e-17,0.0,0,0.0,0.0,0.0044735734878779895,0.0,0,0.0,0.0,0.0044735734878779895,0.0,0.0
MAR11319,572,-1.1751283706801656e-14,1.1428195994887752e-14,-9.408574459062342e-17,0.0,0,0.0,0.0,0.004379969091767465,0.0,0,0.0,0.0,0.004379969091767465,0.0,0.0
MAR01848,578,-1.1752229331949064e-14,1.1093358012700103e-14,-9.437800116274085e-17,0.0,0,0.0,0.0,0.004334620605899285,0.0,0,0.0,0.0,0.004334620605899285,0.0,0.0
MAR03552,561,-1.1753719407938913e-14,1.164779830086072e-14,-9.123670468989345e-17,0.0,0,0.0,0.0,0.004465620583537596,0.0,0,0.0,0.0,0.004465620583537596,0.0,0.0
MAR01831,574,-1.1759853640628837e-14,1.1113840293009882e-14,-9.439263678920538e-17,0.0,0,0.0,0.0,0.004364747866934595,0.0,0,0.0,0.0,0.004364747866934595,0.0,0.0
MAR02414,551,-1.1760707350512003e-14,6.237311146989758e-15,-9.48196017989756e-17,0.0,0,0.0,0.0,0.004546445100963565,0.0,0,0.0,0.0,0.004546445100963565,0.0,0.0
MAR11366,557,-1.1761587116172575e-14,1.1626809862817021e-14,-9.25582594413804e-17,0.0,0,0.0,0.0,0.004497603075155535,0.0,0,0.0,0.0,0.004497603075155535,0.0,0.0
MAR02075,559,-1.1770350148727241e-14,1.1689323387622677e-14,-9.436118670409352e-17,0.0,0,0.0,0.0,0.004481554769642852,0.0,0,0.0,0.0,0.004481554769642852,0.0,0.0
MAR06196,561,-1.1779050699766366e-14,7.091734007466746e-15,-9.500368192640052e-17,0.0,0,0.0,0.0,0.004465620583537596,0.0,0,0.0,0.0,0.004465620583537596,0.0,0.0
MAR11480,562,-1.1783377753174615e-14,1.2173732660474811e-14,-9.320141822451989e-17,0.0,0,0.0,0.0,0.0044576959055467585,0.0,0,0.0,0.0,0.0044576959055467585,0.0,0.0
MAR10487,541,-1.1794221381008686e-14,1.1839674644224623e-14,-9.360597861005745e-17,0.0,0,0.0,0.0,0.004630249273041442,0.0,0,0.0,0.0,0.004630249273041442,0.0,0.0
MAR03738,565,-1.179626701138007e-14,1.1629783485931356e-14,-9.329219329059612e-17,0.0,0,0.0,0.0,0.004434089734923025,0.0,0,0.0,0.0,0.004434089734923025,0.0,0.0
MAR10135,554,-1.1825278021133797e-14,1.1917508284184596e-14,-9.432248031502869e-17,0.0,0,0.0,0.0,0.004521892203603858,0.0,0,0.0,0.0,0.004521892203603858,0.0,0.0
MAR13041,579,-1.1830107034071443e-14,1.1939575584197956e-14,-9.474843683502283e-17,0.0,0,0.0,0.0,0.00432715366313485,0.0,0,0.0,0.0,0.00432715366313485,0.0,0.0
MAR06717,556,-1.183385923226354e-14,6.7985595880946294e-15,-9.488269959462272e-17,0.0,0,0.0,0.0,0.0045056704064922026,0.0,0,0.0,0.0,0.0045056704064922026,0.0,0.0
MAR12244,562,-1.1833950189883519e-14,7.737288507600196e-15,-9.62950030473519e-17,0.0,0,0.0,0.0,0.0044576959055467585,0.0,0,0.0,0.0,0.0044576959055467585,0.0,0.0
MAR03659,557,-1.1838126728642247e-14,1.2428873070515806e-14,-9.226789529397823e-17,0.0,0,0.0,0.0,0.004497603075155535,0.0,0,0.0,0.0,0.004497603075155535,0.0,0.0
MAR02315,564,-1.1842378929335004e-14,6.327704113113783e-15,-9.556786033963675e-17,0.0,0,0.0,0.0,0.004441930629657058,0.0,0,0.0,0.0,0.004441930629657058,0.0,0.0
MAR02718,566,-1.1850748101723228e-14,1.1077860318130755e-14,-9.405329638462427e-17,0.0,0,0.0,0.0,0.0044262764728495866,0.0,0,0.0,0.0,0.0044262764728495866,0.0,0.0
MAR13018,562,-1.1859236408237972e-14,1.2794605972838975e-14,-9.420577075929635e-17,0.0,0,0.0,0.0,0.0044576959055467585,0.0,0,0.0,0.0,0.0044576959055467585,0.0,0.0
MAR03505,565,-1.1871722877124507e-14,1.1299497468791529e-14,-9.267670080593978e-17,0.0,0,0.0,0.0,0.004434089734923025,0.0,0,0.0,0.0,0.004434089734923025,0.0,0.0
MAR07856,548,-1.1876955218179776e-14,1.1952949248396037e-14,-9.591934827596625e-17,0.0,0,0.0,0.0,0.004571266087298871,0.0,0,0.0,0.0,0.004571266087298871,0.0,0.0
MAR03092,585,-1.1878817018348344e-14,1.1827800864279228e-14,-9.440534752997005e-17,0.0,0,0.0,0.0,0.004282886715357432,0.0,0,0.0,0.0,0.004282886715357432,0.0,0.0
MAR13043,562,-1.1884522626592423e-14,1.3460515945651318e-14,-9.401047921095302e-17,0.0,0,0.0,0.0,0.0044576959055467585,0.0,0,0.0,0.0,0.0044576959055467585,0.0,0.0
MAR11540,564,-1.189277203116196e-14,1.1868629244930827e-14,-9.340146451643244e-17,0.0,0,0.0,0.0,0.004441930629657058,0.0,0,0.0,0.0,0.004441930629657058,0.0,0.0
MAR01310,548,-1.1902887434813357e-14,7.287952930196762e-15,-9.579790011107336e-17,0.0,0,0.0,0.0,0.004571266087298871,0.0,0,0.0,0.0,0.004571266087298871,0.0,0.0
MAR20016,589,-1.191878137404039e-14,1.0999956653151104e-14,-9.415210159640278e-17,0.0,0,0.0,0.0,0.00425387517710073,0.0,0,0.0,0.0,0.00425387517710073,0.0,0.0
MAR00954,577,-1.1920370333029064e-14,1.1371802850747152e-14,-9.507812108278366e-17,0.0,0,0.0,0.0,0.004342113363096878,0.0,0,0.0,0.0,0.004342113363096878,0.0,0.0
MAR12586,565,-1.1922026787620798e-14,7.52833389636609e-15,-9.721664875001869e-17,0.0,0,0.0,0.0,0.004434089734923025,0.0,0,0.0,0.0,0.004434089734923025,0.0,0.0
MAR09031,568,-1.1934115667519993e-14,1.1495132920825436e-14,-9.39074860482601e-17,0.0,0,0.0,0.0,0.004410732264444036,0.0,0,0.0,0.0,0.004410732264444036,0.0,0.0
MAR02431,550,-1.1937117960769683e-14,1.159901875429606e-14,-9.492349538812661e-17,0.0,0,0.0,0.0,0.0045546887593671224,0.0,0,0.0,0.0,0.0045546887593671224,0.0,0.0
MAR03699,561,-1.195636974255855e-14,1.1722247910660362e-14,-9.437051457984092e-17,0.0,0,0.0,0.0,0.004465620583537596,0.0,0,0.0,0.0,0.004465620583537596,0.0,0.0
MAR09690,577,-1.1994256926002384e-14,1.1302877324534053e-14,-9.538146158771202e-17,0.0,0,0.0,0.0,0.004342113363096878,0.0,0,0.0,0.0,0.004342113363096878,0.0,0.0
MAR01317,559,-1.199914745183425e-14,1.1637698327155462e-14,-9.67665381745056e-17,0.0,0,0.0,0.0,0.004481554769642852,0.0,0,0.0,0.0,0.004481554769642852,0.0,0.0
MAR12977,567,-1.2005289962225326e-14,1.2239765645729856e-14,-9.65704332322891e-17,0.0,0,0.0,0.0,0.00441849069762059,0.0,0,0.0,0.0,0.00441849069762059,0.0,0.0
MAR00669,581,-1.2009517495979661e-14,1.126661559679807e-14,-9.570998258526568e-17,0.0,0,0.0,0.0,0.004312296689115291,0.0,0,0.0,0.0,0.004312296689115291,0.0,0.0
MAR01175,575,-1.2011261550588128e-14,7.138877898400963e-15,-9.724295912353758e-17,0.0,0,0.0,0.0,0.004357176858116289,0.0,0,0.0,0.0,0.004357176858116289,0.0,0.0
MAR11428,566,-1.2026500721875901e-14,1.2213399330156957e-14,-9.776829761153125e-17,0.0,0,0.0,0.0,0.0044262764728495866,0.0,0,0.0,0.0,0.0044262764728495866,0.0,0.0
MAR06993,554,-1.2030488919548267e-14,6.82807547123408e-15,-9.668035597679386e-17,0.0,0,0.0,0.0,0.004521892203603858,0.0,0,0.0,0.0,0.004521892203603858,0.0,0.0
MAR12180,563,-1.204010248517115e-14,1.2168866659348384e-14,-9.776623717232129e-17,0.0,0,0.0,0.0,0.004449799303901048,0.0,0,0.0,0.0,0.004449799303901048,0.0,0.0
MAR03002,566,-1.205160823904057e-14,1.162903531090333e-14,-9.539093269730556e-17,0.0,0,0.0,0.0,0.0044262764728495866,0.0,0,0.0,0.0,0.0044262764728495866,0.0,0.0
MAR06192,580,-1.2054725034274804e-14,7.26518239441655e-15,-9.821548410255647e-17,0.0,0,0.0,0.0,0.004319712401627411,0.0,0,0.0,0.0,0.004319712401627411,0.0,0.0
MAR12235,549,-1.2062401270098604e-14,1.2026789288306121e-14,-9.529443633156096e-17,0.0,0,0.0,0.0,0.004562962366977274,0.0,0,0.0,0.0,0.004562962366977274,0.0,0.0
MAR04024,589,-1.2063543900850596e-14,1.2006225959930604e-14,-9.489347208084544e-17,0.0,0,0.0,0.0,0.00425387517710073,0.0,0,0.0,0.0,0.00425387517710073,0.0,0.0
MAR02998,565,-1.207293851910967e-14,1.2168933684725755e-14,-9.571131287638212e-17,0.0,0,0.0,0.0,0.004434089734923025,0.0,0,0.0,0.0,0.004434089734923025,0.0,0.0
MAR02544,572,-1.2074257677601703e-14,1.1449741721991724e-14,-9.635866657329563e-17,0.0,0,0.0,0.0,0.004379969091767465,0.0,0,0.0,0.0,0.004379969091767465,0.0,0.0
MAR12895,546,-1.2076623787277893e-14,1.3127923758060525e-14,-9.619882792618986e-17,0.0,0,0.0,0.0,0.004587964526068459,0.0,0,0.0,0.0,0.004587964526068459,0.0,0.0
MAR01216,548,-1.208441295124842e-14,7.30472029182003e-15,-9.847815742582174e-17,0.0,0,0.0,0.0,0.004571266087298871,0.0,0,0.0,0.0,0.004571266087298871,0.0,0.0
MAR12404,556,-1.208945014440746e-14,1.1588796422663098e-14,-9.60345298590976e-17,0.0,0,0.0,0.0,0.0045056704064922026,0.0,0,0.0,0.0,0.0045056704064922026,0.0,0.0
MAR07762,563,-1.2090585095171864e-14,1.1401244999521334e-14,-9.627611204095691e-17,0.0,0,0.0,0.0,0.004449799303901048,0.0,0,0.0,0.0,0.004449799303901048,0.0,0.0
MAR00003,558,-1.2122521226588088e-14,1.6151700394213184e-14,-9.143444004916594e-17,0.0,0,0.0,0.0,0.004489564580987142,0.0,0,0.0,0.0,0.004489564580987142,0.0,0.0
MAR09139,553,-1.2129337116772777e-14,1.2576738062569005e-14,-9.535132187937497e-17,0.0,0,0.0,0.0,0.00453004698365408,0.0,0,0.0,0.0,0.00453004698365408,0.0,0.0
MAR02501,560,-1.2129979560475999e-14,1.2234936050452456e-14,-9.628981902413481e-17,0.0,0,0.0,0.0,0.0044735734878779895,0.0,0,0.0,0.0,0.0044735734878779895,0.0,0.0
MAR02550,562,-1.2137384810136945e-14,1.1298534603922247e-14,-9.689132025928739e-17,0.0,0,0.0,0.0,0.0044576959055467585,0.0,0,0.0,0.0,0.0044576959055467585,0.0,0.0
MAR07027,528,-1.2138438402568378e-14,1.3014115221207114e-14,-9.578053877927106e-17,0.0,0,0.0,0.0,0.0047439268977446615,0.0,0,0.0,0.0,0.0047439268977446615,0.0,0.0
MAR00336,542,-1.2139530872949313e-14,1.6676454719761482e-14,-9.188750616033192e-17,0.0,0,0.0,0.0,0.00462173008405905,0.0,0,0.0,0.0,0.00462173008405905,0.0,0.0
MAR13055,559,-1.2151678987238923e-14,1.2624036171790037e-14,-9.509558824463995e-17,0.0,0,0.0,0.0,0.004481554769642852,0.0,0,0.0,0.0,0.004481554769642852,0.0,0.0
MAR01503,563,-1.2166309010172941e-14,6.285616667849751e-15,-9.784877171152946e-17,0.0,0,0.0,0.0,0.004449799303901048,0.0,0,0.0,0.0,0.004449799303901048,0.0,0.0
MAR01206,566,-1.2177145824863908e-14,5.083626762857415e-15,-9.814526341557604e-17,0.0,0,0.0,0.0,0.0044262764728495866,0.0,0,0.0,0.0,0.0044262764728495866,0.0,0.0
MAR09584,575,-1.21842632601645e-14,1.131241763569801e-14,-9.666793839521708e-17,0.0,0,0.0,0.0,0.004357176858116289,0.0,0,0.0,0.0,0.004357176858116289,0.0,0.0
MAR12999,568,-1.2184306771660873e-14,1.1269509802143022e-14,-9.658099452005289e-17,0.0,0,0.0,0.0,0.004410732264444036,0.0,0,0.0,0.0,0.004410732264444036,0.0,0.0
MAR03272,559,-1.2202522832373815e-14,1.173261986034311e-14,-9.543807527458714e-17,0.0,0,0.0,0.0,0.004481554769642852,0.0,0,0.0,0.0,0.004481554769642852,0.0,0.0
MAR09693,561,-1.2209682660833093e-14,1.2338413785634252e-14,-9.71965005047101e-17,0.0,0,0.0,0.0,0.004465620583537596,0.0,0,0.0,0.0,0.004465620583537596,0.0,0.0
MAR02975,547,-1.2210423612696423e-14,1.2561721359161415e-14,-9.6456470485931e-17,0.0,0,0.0,0.0,0.004579600085029117,0.0,0,0.0,0.0,0.004579600085029117,0.0,0.0
MAR06602,555,-1.2213653511984425e-14,7.147065673730195e-15,-9.84573932461314e-17,0.0,0,0.0,0.0,0.004513766730450679,0.0,0,0.0,0.0,0.004513766730450679,0.0,0.0
MAR06257,557,-1.2220824790990592e-14,1.17660112497327e-14,-9.813247389158664e-17,0.0,0,0.0,0.0,0.004497603075155535,0.0,0,0.0,0.0,0.004497603075155535,0.0,0.0
MAR03347,550,-1.2221335055073726e-14,1.2675277107371568e-14,-9.631702424985469e-17,0.0,0,0.0,0.0,0.0045546887593671224,0.0,0,0.0,0.0,0.0045546887593671224,0.0,0.0
MAR08678,579,-1.222280768250535e-14,1.1283276807029671e-14,-9.66456202347348e-17,0.0,0,0.0,0.0,0.00432715366313485,0.0,0,0.0,0.0,0.00432715366313485,0.0,0.0
MAR02748,561,-1.2235013952660549e-14,1.1311054761616208e-14,-9.703129568185993e-17,0.0,0,0.0,0.0,0.004465620583537596,0.0,0,0.0,0.0,0.004465620583537596,0.0,0.0
MAR07127,554,-1.2261351180264545e-14,6.977790246862465e-15,-9.857652919378104e-17,0.0,0,0.0,0.0,0.004521892203603858,0.0,0,0.0,0.0,0.004521892203603858,0.0,0.0
MAR02044,556,-1.2293922874122596e-14,1.1288085045359987e-14,-9.920539609882342e-17,0.0,0,0.0,0.0,0.0045056704064922026,0.0,0,0.0,0.0,0.0045056704064922026,0.0,0.0
MAR01027,539,-1.2312558723560921e-14,1.1807100680759844e-14,-9.868878940524375e-17,0.0,0,0.0,0.0,0.004647382219459146,0.0,0,0.0,0.0,0.004647382219459146,0.0,0.0
MAR03192,578,-1.2317713170097238e-14,1.1295072916519341e-14,-9.757043449214105e-17,0.0,0,0.0,0.0,0.004334620605899285,0.0,0,0.0,0.0,0.004334620605899285,0.0,0.0
MAR01561,574,-1.232927813270139e-14,1.1453610037377744e-14,-9.841009726131399e-17,0.0,0,0.0,0.0,0.004364747866934595,0.0,0,0.0,0.0,0.004364747866934595,0.0,0.0
MAR05192,538,-1.2335444520444861e-14,1.2864909956319973e-14,-9.617964360331837e-17,0.0,0,0.0,0.0,0.004655996327465773,0.0,0,0.0,0.0,0.004655996327465773,0.0,0.0
MAR11953,561,-1.233633911997037e-14,1.2115297383999481e-14,-1.0108073564002309e-16,0.0,0,0.0,0.0,0.004465620583537596,0.0,0,0.0,0.0,0.004465620583537596,0.0,0.0
MAR01114,539,-1.2365289167773171e-14,7.762295941901511e-15,-1.0086258486749411e-16,0.0,0,0.0,0.0,0.004647382219459146,0.0,0,0.0,0.0,0.004647382219459146,0.0,0.0
MAR01212,541,-1.237211196092448e-14,6.562856492620874e-15,-1.0019128276173582e-16,0.0,0,0.0,0.0,0.004630249273041442,0.0,0,0.0,0.0,0.004630249273041442,0.0,0.0
MAR02970,560,-1.238374482324746e-14,1.1777206288956379e-14,-9.892620142380779e-17,0.0,0,0.0,0.0,0.0044735734878779895,0.0,0,0.0,0.0,0.0044735734878779895,0.0,0.0
MAR02984,554,-1.2389607991773587e-14,1.1862081483810806e-14,-9.869642597595263e-17,0.0,0,0.0,0.0,0.004521892203603858,0.0,0,0.0,0.0,0.004521892203603858,0.0,0.0
MAR06633,550,-1.2402200478721748e-14,1.1900452075384428e-14,-9.787888659773598e-17,0.0,0,0.0,0.0,0.0045546887593671224,0.0,0,0.0,0.0,0.0045546887593671224,0.0,0.0
MAR03707,567,-1.2406301735493816e-14,1.2207294593666869e-14,-9.721152462352813e-17,0.0,0,0.0,0.0,0.00441849069762059,0.0,0,0.0,0.0,0.00441849069762059,0.0,0.0
MAR09811,544,-1.2408374981104691e-14,1.1876589901914016e-14,-9.908492348071719e-17,0.0,0,0.0,0.0,0.004604785407758596,0.0,0,0.0,0.0,0.004604785407758596,0.0,0.0
MAR01105,564,-1.2421899600345014e-14,1.163650347371708e-14,-9.978285544362638e-17,0.0,0,0.0,0.0,0.004441930629657058,0.0,0,0.0,0.0,0.004441930629657058,0.0,0.0
MAR12088,551,-1.2431273997690321e-14,7.521731378035239e-15,-1.0177440647386526e-16,0.0,0,0.0,0.0,0.004546445100963565,0.0,0,0.0,0.0,0.004546445100963565,0.0,0.0
MAR02959,576,-1.2434497875801753e-14,1.1349278533273657e-14,-9.91251548035073e-17,0.0,0,0.0,0.0,0.004349632068826215,0.0,0,0.0,0.0,0.004349632068826215,0.0,0.0
MAR00357,565,-1.2450217847831844e-14,1.1171730320927297e-14,-1.0009239584533271e-16,0.0,0,0.0,0.0,0.004434089734923025,0.0,0,0.0,0.0,0.004434089734923025,0.0,0.0
MAR00696,541,-1.2450915221822088e-14,6.4707704266068836e-15,-1.00385009708242e-16,0.0,0,0.0,0.0,0.004630249273041442,0.0,0,0.0,0.0,0.004630249273041442,0.0,0.0
MAR03356,566,-1.2453328513675254e-14,1.1555995399286535e-14,-9.909778648720195e-17,0.0,0,0.0,0.0,0.0044262764728495866,0.0,0,0.0,0.0,0.0044262764728495866,0.0,0.0
MAR12926,575,-1.2456123089498799e-14,1.1511175784247922e-14,-9.745375907874465e-17,0.0,0,0.0,0.0,0.004357176858116289,0.0,0,0.0,0.0,0.004357176858116289,0.0,0.0
MAR06720,561,-1.2462995579107639e-14,7.067897340690779e-15,-1.0080290485479675e-16,0.0,0,0.0,0.0,0.004465620583537596,0.0,0,0.0,0.0,0.004465620583537596,0.0,0.0
MAR03160,555,-1.2469704948294371e-14,1.1664980237718872e-14,-9.923877994257203e-17,0.0,0,0.0,0.0,0.004513766730450679,0.0,0,0.0,0.0,0.004513766730450679,0.0,0.0
MAR03059,565,-1.2475369803079992e-14,1.2208614455808745e-14,-9.929201394842782e-17,0.0,0,0.0,0.0,0.004434089734923025,0.0,0,0.0,0.0,0.004434089734923025,0.0,0.0
MAR03715,557,-1.247595683255616e-14,1.276566036305661e-14,-9.759738848089046e-17,0.0,0,0.0,0.0,0.004497603075155535,0.0,0,0.0,0.0,0.004497603075155535,0.0,0.0
MAR02740,570,-1.2490593354940711e-14,1.1412400619764281e-14,-9.92377866770446e-17,0.0,0,0.0,0.0,0.004395296850147243,0.0,0,0.0,0.0,0.004395296850147243,0.0,0.0
MAR01678,549,-1.2502445951625805e-14,1.1636679226340949e-14,-9.981947828892025e-17,0.0,0,0.0,0.0,0.004562962366977274,0.0,0,0.0,0.0,0.004562962366977274,0.0,0.0
MAR03755,566,-1.2503543548004592e-14,1.2146729000429007e-14,-9.779894605903804e-17,0.0,0,0.0,0.0,0.0044262764728495866,0.0,0,0.0,0.0,0.0044262764728495866,0.0,0.0
MAR11264,573,-1.2524400752490426e-14,1.2151753858425699e-14,-9.871521302752269e-17,0.0,0,0.0,0.0,0.0043723452321952965,0.0,0,0.0,0.0,0.0043723452321952965,0.0,0.0
MAR00499,544,-1.2538989454590003e-14,1.1989574809360108e-14,-9.88946200703142e-17,0.0,0,0.0,0.0,0.004604785407758596,0.0,0,0.0,0.0,0.004604785407758596,0.0,0.0
MAR00150,563,-1.2544928585178323e-14,1.1273360410071633e-14,-9.980948774515176e-17,0.0,0,0.0,0.0,0.004449799303901048,0.0,0,0.0,0.0,0.004449799303901048,0.0,0.0
MAR01457,573,-1.254920154605971e-14,7.206862042788758e-15,-1.0231245462157253e-16,0.0,0,0.0,0.0,0.0043723452321952965,0.0,0,0.0,0.0,0.0043723452321952965,0.0,0.0
MAR03424,556,-1.2549513786266517e-14,1.1651502616582267e-14,-9.828150140547385e-17,0.0,0,0.0,0.0,0.0045056704064922026,0.0,0,0.0,0.0,0.0045056704064922026,0.0,0.0
MAR01364,541,-1.2555986236352234e-14,1.1562042961284709e-14,-1.0013314907045606e-16,0.0,0,0.0,0.0,0.004630249273041442,0.0,0,0.0,0.0,0.004630249273041442,0.0,0.0
MAR12702,569,-1.2562495468798959e-14,7.501981493337596e-15,-1.0360249750433599e-16,0.0,0,0.0,0.0,0.004403001029543098,0.0,0,0.0,0.0,0.004403001029543098,0.0,0.0
MAR10201,552,-1.256321938590322e-14,1.2404029399356466e-14,-9.902885079943463e-17,0.0,0,0.0,0.0,0.004538231229443332,0.0,0,0.0,0.0,0.004538231229443332,0.0,0.0
MAR12994,570,-1.2565387327125982e-14,1.2680223935635443e-14,-9.738485085061082e-17,0.0,0,0.0,0.0,0.004395296850147243,0.0,0,0.0,0.0,0.004395296850147243,0.0,0.0
MAR11348,562,-1.2567250522162626e-14,1.2293264914980792e-14,-9.942959285356705e-17,0.0,0,0.0,0.0,0.0044576959055467585,0.0,0,0.0,0.0,0.0044576959055467585,0.0,0.0
MAR03630,545,-1.2568132060050213e-14,1.1830260195385657e-14,-9.856486626140771e-17,0.0,0,0.0,0.0,0.004596359577531593,0.0,0,0.0,0.0,0.004596359577531593,0.0,0.0
MAR08798,546,-1.2571140709601772e-14,1.2046071978393554e-14,-9.970592237149831e-17,0.0,0,0.0,0.0,0.004587964526068459,0.0,0,0.0,0.0,0.004587964526068459,0.0,0.0
MAR11905,565,-1.257597762407257e-14,1.2106312196839512e-14,-9.993943470656685e-17,0.0,0,0.0,0.0,0.004434089734923025,0.0,0,0.0,0.0,0.004434089734923025,0.0,0.0
MAR03275,548,-1.2577125067286446e-14,1.1831561204487757e-14,-9.955333212328787e-17,0.0,0,0.0,0.0,0.004571266087298871,0.0,0,0.0,0.0,0.004571266087298871,0.0,0.0
MAR01553,558,-1.2580935894820412e-14,1.1742515616801805e-14,-1.0023740618203917e-16,0.0,0,0.0,0.0,0.004489564580987142,0.0,0,0.0,0.0,0.004489564580987142,0.0,0.0
MAR02771,542,-1.2585258788370778e-14,1.1754131241805619e-14,-1.012044217062711e-16,0.0,0,0.0,0.0,0.00462173008405905,0.0,0,0.0,0.0,0.00462173008405905,0.0,0.0
MAR12603,554,-1.2594818890188058e-14,7.944844052788466e-15,-1.0278807258226848e-16,0.0,0,0.0,0.0,0.004521892203603858,0.0,0,0.0,0.0,0.004521892203603858,0.0,0.0
MAR12921,572,-1.2595984861201776e-14,1.2379361749115229e-14,-1.0028809682830206e-16,0.0,0,0.0,0.0,0.004379969091767465,0.0,0,0.0,0.0,0.004379969091767465,0.0,0.0
MAR03655,545,-1.2620281985610589e-14,1.2736009057165836e-14,-9.880415915440492e-17,0.0,0,0.0,0.0,0.004596359577531593,0.0,0,0.0,0.0,0.004596359577531593,0.0,0.0
MAR12653,563,-1.2620652500179403e-14,1.2053006041452239e-14,-9.932348399589288e-17,0.0,0,0.0,0.0,0.004449799303901048,0.0,0,0.0,0.0,0.004449799303901048,0.0,0.0
MAR03708,577,-1.2634607398437832e-14,1.208396877668773e-14,-9.882019720031705e-17,0.0,0,0.0,0.0,0.004342113363096878,0.0,0,0.0,0.0,0.004342113363096878,0.0,0.0
MAR00393,550,-1.2634741737697781e-14,1.1872632336765215e-14,-1.0088368339562884e-16,0.0,0,0.0,0.0,0.0045546887593671224,0.0,0,0.0,0.0,0.0045546887593671224,0.0,0.0
MAR10019,563,-1.2645893805179758e-14,1.1727692928774757e-14,-1.0095936392973291e-16,0.0,0,0.0,0.0,0.004449799303901048,0.0,0,0.0,0.0,0.004449799303901048,0.0,0.0
MAR00197,564,-1.2648668558566323e-14,1.1522401509763964e-14,-1.014002052734785e-16,0.0,0,0.0,0.0,0.004441930629657058,0.0,0,0.0,0.0,0.004441930629657058,0.0,0.0
MAR10218,566,-1.2654188650992597e-14,1.2155963466284883e-14,-1.0031811689048189e-16,0.0,0,0.0,0.0,0.0044262764728495866,0.0,0,0.0,0.0,0.0044262764728495866,0.0,0.0
MAR12517,576,-1.2656542480726785e-14,1.1236189629489098e-14,-1.0012700291410674e-16,0.0,0,0.0,0.0,0.004349632068826215,0.0,0,0.0,0.0,0.004349632068826215,0.0,0.0
MAR03503,576,-1.2656542480726788e-14,1.2127290631650483e-14,-9.859082631285035e-17,0.0,0,0.0,0.0,0.004349632068826215,0.0,0,0.0,0.0,0.004349632068826215,0.0,0.0
MAR03079,567,-1.26819973296159e-14,1.1928044065371212e-14,-1.0057046518459864e-16,0.0,0,0.0,0.0,0.00441849069762059,0.0,0,0.0,0.0,0.00441849069762059,0.0,0.0
MAR00210,560,-1.2688263138573218e-14,1.605390227878031e-14,-9.604945213729086e-17,0.0,0,0.0,0.0,0.0044735734878779895,0.0,0,0.0,0.0,0.0044735734878779895,0.0,0.0
MAR01687,543,-1.2692936531994424e-14,1.16244967726759e-14,-1.0164465272846998e-16,0.0,0,0.0,0.0,0.004613242186326175,0.0,0,0.0,0.0,0.004613242186326175,0.0,0.0
MAR01367,553,-1.2694687575605407e-14,6.062891359621491e-15,-1.0115428337074761e-16,0.0,0,0.0,0.0,0.00453004698365408,0.0,0,0.0,0.0,0.00453004698365408,0.0,0.0
MAR00490,582,-1.269698359433856e-14,1.1157390328793061e-14,-1.0102210729422218e-16,0.0,0,0.0,0.0,0.004304906394243486,0.0,0,0.0,0.0,0.004304906394243486,0.0,0.0
MAR03172,553,-1.2720385323734165e-14,1.2377766691433638e-14,-1.0030093515245642e-16,0.0,0,0.0,0.0,0.00453004698365408,0.0,0,0.0,0.0,0.00453004698365408,0.0,0.0
MAR12602,564,-1.2724258211306761e-14,7.614477514367418e-15,-1.0364924743138937e-16,0.0,0,0.0,0.0,0.004441930629657058,0.0,0,0.0,0.0,0.004441930629657058,0.0,0.0
MAR03294,555,-1.2725756384604318e-14,1.1689230468135128e-14,-9.982901592640675e-17,0.0,0,0.0,0.0,0.004513766730450679,0.0,0,0.0,0.0,0.004513766730450679,0.0,0.0
MAR02609,567,-1.2732123801274458e-14,1.1356466093922905e-14,-1.013753110948954e-16,0.0,0,0.0,0.0,0.00441849069762059,0.0,0,0.0,0.0,0.00441849069762059,0.0,0.0
MAR02340,570,-1.2739906595558288e-14,1.1420043194664087e-14,-1.0166168242939636e-16,0.0,0,0.0,0.0,0.004395296850147243,0.0,0,0.0,0.0,0.004395296850147243,0.0,0.0
MAR10110,564,-1.2749454762220238e-14,1.1708316527405782e-14,-1.0201288120113484e-16,0.0,0,0.0,0.0,0.004441930629657058,0.0,0,0.0,0.0,0.004441930629657058,0.0,0.0
MAR12622,577,-1.275775172006003e-14,1.1227497575301638e-14,-1.0079277779973633e-16,0.0,0,0.0,0.0,0.004342113363096878,0.0,0,0.0,0.0,0.004342113363096878,0.0,0.0
MAR02312,562,-1.2769540268998242e-14,1.1538934365915248e-14,-1.0113263093930426e-16,0.0,0,0.0,0.0,0.0044576959055467585,0.0,0,0.0,0.0,0.0044576959055467585,0.0,0.0
MAR00517,553,-1.2771780819991674e-14,1.2370774007171458e-14,-1.0109219510092927e-16,0.0,0,0.0,0.0,0.00453004698365408,0.0,0,0.0,0.0,0.00453004698365408,0.0,0.0
MAR11512,599,-1.278739681384621e-14,1.2177750893258579e-14,-1.0303619975090001e-16,0.0,0,0.0,0.0,0.00418303723654066,0.0,0,0.0,0.0,0.00418303723654066,0.0,0.0
MAR06165,540,-1.2789769243681804e-14,1.1898830007444169e-14,-1.0320536506973335e-16,0.0,0,0.0,0.0,0.00463879992662872,0.0,0,0.0,0.0,0.00463879992662872,0.0,0.0
MAR11481,575,-1.2802126508651544e-14,1.211888055523496e-14,-1.0367431976029092e-16,0.0,0,0.0,0.0,0.004357176858116289,0.0,0,0.0,0.0,0.004357176858116289,0.0,0.0
MAR11856,557,-1.2807628486591392e-14,1.229048665677412e-14,-1.0175186076961977e-16,0.0,0,0.0,0.0,0.004497603075155535,0.0,0,0.0,0.0,0.004497603075155535,0.0,0.0
MAR03188,578,-1.2809438246747827e-14,1.1347879842451586e-14,-1.0223241572773733e-16,0.0,0,0.0,0.0,0.004334620605899285,0.0,0,0.0,0.0,0.004334620605899285,0.0,0.0
MAR12036,549,-1.281306572682148e-14,7.684536545005036e-15,-1.0424697281428254e-16,0.0,0,0.0,0.0,0.004562962366977274,0.0,0,0.0,0.0,0.004562962366977274,0.0,0.0
MAR06769,561,-1.2817633664692004e-14,1.1855262143222922e-14,-1.0252865625178538e-16,0.0,0,0.0,0.0,0.004465620583537596,0.0,0,0.0,0.0,0.004465620583537596,0.0,0.0
MAR09934,550,-1.2841445079009811e-14,1.2750656917593754e-14,-1.0127035314167573e-16,0.0,0,0.0,0.0,0.0045546887593671224,0.0,0,0.0,0.0,0.0045546887593671224,0.0,0.0
MAR09268,584,-1.2848170016484003e-14,1.1272606201002546e-14,-1.0246259436683363e-16,0.0,0,0.0,0.0,0.004290201536487618,0.0,0,0.0,0.0,0.004290201536487618,0.0,0.0
MAR02773,556,-1.2856222880839226e-14,1.1657470275345932e-14,-1.0220891065441874e-16,0.0,0,0.0,0.0,0.0045056704064922026,0.0,0,0.0,0.0,0.0045056704064922026,0.0,0.0
MAR12279,577,-1.2856267177357795e-14,1.2092937581296373e-14,-1.0229620022590308e-16,0.0,0,0.0,0.0,0.004342113363096878,0.0,0,0.0,0.0,0.004342113363096878,0.0,0.0
MAR01277,557,-1.2858654894904507e-14,6.861382722659347e-15,-1.0519146459345634e-16,0.0,0,0.0,0.0,0.004497603075155535,0.0,0,0.0,0.0,0.004497603075155535,0.0,0.0
MAR02661,571,-1.2866920994324757e-14,1.1291084160992329e-14,-1.0184106978791428e-16,0.0,0,0.0,0.0,0.00438761958448344,0.0,0,0.0,0.0,0.00438761958448344,0.0,0.0
MAR11389,575,-1.2876270098469989e-14,1.1679159707513247e-14,-1.0199375947666202e-16,0.0,0,0.0,0.0,0.004357176858116289,0.0,0,0.0,0.0,0.004357176858116289,0.0,0.0
MAR06248,547,-1.2885893855100903e-14,1.1656901576111426e-14,-1.0193820782308076e-16,0.0,0,0.0,0.0,0.004579600085029117,0.0,0,0.0,0.0,0.004579600085029117,0.0,0.0
MAR03076,569,-1.2887172290060165e-14,1.140811128079298e-14,-1.0334256562142471e-16,0.0,0,0.0,0.0,0.004403001029543098,0.0,0,0.0,0.0,0.004403001029543098,0.0,0.0
MAR01747,548,-1.2888311666889408e-14,1.1919225500524929e-14,-1.0342297921929494e-16,0.0,0,0.0,0.0,0.004571266087298871,0.0,0,0.0,0.0,0.004571266087298871,0.0,0.0
MAR12627,549,-1.2890720670620397e-14,1.1928879606208633e-14,-1.0275826661077572e-16,0.0,0,0.0,0.0,0.004562962366977274,0.0,0,0.0,0.0,0.004562962366977274,0.0,0.0
MAR00935,560,-1.2891275348790389e-14,1.1598104806140386e-14,-1.0371552876937835e-16,0.0,0,0.0,0.0,0.0044735734878779895,0.0,0,0.0,0.0,0.0044735734878779895,0.0,0.0
MAR05258,520,-1.2899083510721819e-14,1.2563950853575682e-14,-1.0152325228569754e-16,0.0,0,0.0,0.0,0.004816699306603465,0.0,0,0.0,0.0,0.004816699306603465,0.0,0.0
MAR07056,554,-1.2902635237809762e-14,1.2068082221488941e-14,-1.0265626826267654e-16,0.0,0,0.0,0.0,0.004521892203603858,0.0,0,0.0,0.0,0.004521892203603858,0.0,0.0
MAR12248,570,-1.2914425863990595e-14,1.1982257235585014e-14,-1.0209922347142229e-16,0.0,0,0.0,0.0,0.004395296850147243,0.0,0,0.0,0.0,0.004395296850147243,0.0,0.0
MAR03170,562,-1.2921257579124955e-14,1.1243247894308575e-14,-1.03084782345191e-16,0.0,0,0.0,0.0,0.0044576959055467585,0.0,0,0.0,0.0,0.0044576959055467585,0.0,0.0
MAR04321,552,-1.292363961418733e-14,1.3588411676840726e-14,-1.0065390152771351e-16,0.0,0,0.0,0.0,0.004538231229443332,0.0,0,0.0,0.0,0.004538231229443332,0.0,0.0
MAR03113,530,-1.2923833910806354e-14,1.2903642556529778e-14,-1.0232668927971647e-16,0.0,0,0.0,0.0,0.0047260760867549505,0.0,0,0.0,0.0,0.0047260760867549505,0.0,0.0
MAR02670,557,-1.2935194507374177e-14,1.1370594568632202e-14,-1.0347370213920731e-16,0.0,0,0.0,0.0,0.004497603075155535,0.0,0,0.0,0.0,0.004497603075155535,0.0,0.0
MAR12672,571,-1.2941583978817936e-14,1.1439297291694467e-14,-1.0252319681648548e-16,0.0,0,0.0,0.0,0.00438761958448344,0.0,0,0.0,0.0,0.00438761958448344,0.0,0.0
MAR00241,549,-1.2942490633153008e-14,1.6444804164489057e-14,-9.811644152506149e-17,0.0,0,0.0,0.0,0.004562962366977274,0.0,0,0.0,0.0,0.004562962366977274,0.0,0.0
MAR02463,544,-1.2956955769743005e-14,1.1762860909641899e-14,-1.0272870566124113e-16,0.0,0,0.0,0.0,0.004604785407758596,0.0,0,0.0,0.0,0.004604785407758596,0.0,0.0
MAR01160,535,-1.2962424487885191e-14,1.2108972189087642e-14,-1.0362606083444822e-16,0.0,0,0.0,0.0,0.004682031321548599,0.0,0,0.0,0.0,0.004682031321548599,0.0,0.0
MAR11404,553,-1.2977362805021721e-14,1.1755821524317144e-14,-1.0288651204667446e-16,0.0,0,0.0,0.0,0.00453004698365408,0.0,0,0.0,0.0,0.00453004698365408,0.0,0.0
MAR08765,545,-1.2985331464533208e-14,1.2680715803580537e-14,-1.0245542808113056e-16,0.0,0,0.0,0.0,0.004596359577531593,0.0,0,0.0,0.0,0.004596359577531593,0.0,0.0
MAR03075,557,-1.2986220915687292e-14,1.2349511106744747e-14,-1.0282602971630076e-16,0.0,0,0.0,0.0,0.004497603075155535,0.0,0,0.0,0.0,0.004497603075155535,0.0,0.0
MAR02555,570,-1.2989219836175866e-14,1.150602768412685e-14,-1.0329029413322147e-16,0.0,0,0.0,0.0,0.004395296850147243,0.0,0,0.0,0.0,0.004395296850147243,0.0,0.0
MAR02564,547,-1.2989812353932363e-14,1.159999501092652e-14,-1.0366564896011946e-16,0.0,0,0.0,0.0,0.004579600085029117,0.0,0,0.0,0.0,0.004579600085029117,0.0,0.0
MAR01316,567,-1.3007819395396543e-14,1.1492601066496496e-14,-1.0337108634791547e-16,0.0,0,0.0,0.0,0.00441849069762059,0.0,0,0.0,0.0,0.00441849069762059,0.0,0.0
MAR10138,545,-1.3011406427313394e-14,1.1858853036353222e-14,-1.0386383672921136e-16,0.0,0,0.0,0.0,0.004596359577531593,0.0,0,0.0,0.0,0.004596359577531593,0.0,0.0
MAR10397,559,-1.3016024354532068e-14,1.2460602259846835e-14,-1.0222243194362085e-16,0.0,0,0.0,0.0,0.004481554769642852,0.0,0,0.0,0.0,0.004481554769642852,0.0,0.0
MAR12190,588,-1.3026616822268506e-14,1.183509537421164e-14,-1.0339651297856869e-16,0.0,0,0.0,0.0,0.004261091151880009,0.0,0,0.0,0.0,0.004261091151880009,0.0,0.0
MAR06899,581,-1.3036808198283422e-14,1.1089693659816306e-14,-1.0341670163854338e-16,0.0,0,0.0,0.0,0.004312296689115291,0.0,0,0.0,0.0,0.004312296689115291,0.0,0.0
MAR05069,557,-1.3037247324000403e-14,1.1804994807064678e-14,-1.0495270243459727e-16,0.0,0,0.0,0.0,0.004497603075155535,0.0,0,0.0,0.0,0.004497603075155535,0.0,0.0
MAR03310,558,-1.3039350563052735e-14,1.2576946845884026e-14,-1.0336088797423605e-16,0.0,0,0.0,0.0,0.004489564580987142,0.0,0,0.0,0.0,0.004489564580987142,0.0,0.0
MAR03231,571,-1.3041134624808844e-14,1.1464780936016345e-14,-1.0292060098273799e-16,0.0,0,0.0,0.0,0.00438761958448344,0.0,0,0.0,0.0,0.00438761958448344,0.0,0.0
MAR00993,574,-1.3072005731056895e-14,1.1001741731475393e-14,-1.0507164283988307e-16,0.0,0,0.0,0.0,0.004364747866934595,0.0,0,0.0,0.0,0.004364747866934595,0.0,0.0
MAR00722,566,-1.308101644279195e-14,1.1382668230939068e-14,-1.0334107611164738e-16,0.0,0,0.0,0.0,0.0044262764728495866,0.0,0,0.0,0.0,0.0044262764728495866,0.0,0.0
MAR08507,550,-1.3099824255649848e-14,1.1656471935363587e-14,-1.0462734416100786e-16,0.0,0,0.0,0.0,0.0045546887593671224,0.0,0,0.0,0.0,0.0045546887593671224,0.0,0.0
MAR12273,550,-1.309982425564985e-14,1.2611784448889072e-14,-1.0436164643093699e-16,0.0,0,0.0,0.0,0.0045546887593671224,0.0,0,0.0,0.0,0.0045546887593671224,0.0,0.0
MAR00523,551,-1.3101840644868636e-14,1.253476537751934e-14,-1.0369038421734264e-16,0.0,0,0.0,0.0,0.004546445100963565,0.0,0,0.0,0.0,0.004546445100963565,0.0,0.0
MAR00621,552,-1.3103849728329384e-14,6.168953171494261e-15,-1.0516061639331546e-16,0.0,0,0.0,0.0,0.004538231229443332,0.0,0,0.0,0.0,0.004538231229443332,0.0,0.0
MAR03330,566,-1.3106123959956621e-14,1.257698443611404e-14,-1.0150671241988638e-16,0.0,0,0.0,0.0,0.0044262764728495866,0.0,0,0.0,0.0,0.0044262764728495866,0.0,0.0
MAR03628,555,-1.310983353906924e-14,1.285673856079073e-14,-1.0211940961321294e-16,0.0,0,0.0,0.0,0.004513766730450679,0.0,0,0.0,0.0,0.004513766730450679,0.0,0.0
MAR01188,571,-1.3115797609302025e-14,7.187351115134321e-15,-1.0653442945302966e-16,0.0,0,0.0,0.0,0.00438761958448344,0.0,0,0.0,0.0,0.00438761958448344,0.0,0.0
MAR09922,573,-1.3119619798153333e-14,1.2060616966525499e-14,-1.0340829009718891e-16,0.0,0,0.0,0.0,0.0043723452321952965,0.0,0,0.0,0.0,0.0043723452321952965,0.0,0.0
MAR06724,574,-1.3121520904280595e-14,1.1288232578148002e-14,-1.0515307508369286e-16,0.0,0,0.0,0.0,0.004364747866934595,0.0,0,0.0,0.0,0.004364747866934595,0.0,0.0
MAR12740,561,-1.3121609166621461e-14,1.2228091217022279e-14,-1.070754115714091e-16,0.0,0,0.0,0.0,0.004465620583537596,0.0,0,0.0,0.0,0.004465620583537596,0.0,0.0
MAR01271,543,-1.3137843585693196e-14,5.701153396976049e-15,-1.0726680653656506e-16,0.0,0,0.0,0.0,0.004613242186326175,0.0,0,0.0,0.0,0.004613242186326175,0.0,0.0
MAR03696,558,-1.3141220489326583e-14,1.1768167402076028e-14,-1.0291766303147068e-16,0.0,0,0.0,0.0,0.004489564580987142,0.0,0,0.0,0.0,0.004489564580987142,0.0,0.0
MAR01045,546,-1.3143739251239949e-14,1.1848397218208825e-14,-1.0550375141608007e-16,0.0,0,0.0,0.0,0.004587964526068459,0.0,0,0.0,0.0,0.004587964526068459,0.0,0.0
MAR02759,547,-1.314569010217955e-14,1.1946800871585125e-14,-1.0394209865772561e-16,0.0,0,0.0,0.0,0.004579600085029117,0.0,0,0.0,0.0,0.004579600085029117,0.0,0.0
MAR02944,562,-1.3148833544315021e-14,1.1578989045638972e-14,-1.0376825057953887e-16,0.0,0,0.0,0.0,0.0044576959055467585,0.0,0,0.0,0.0,0.0044576959055467585,0.0,0.0
MAR02971,561,-1.317227175027637e-14,1.2232881941275786e-14,-1.0432175988947075e-16,0.0,0,0.0,0.0,0.004465620583537596,0.0,0,0.0,0.0,0.004465620583537596,0.0,0.0
MAR10208,554,-1.3184800223129656e-14,1.179345371239185e-14,-1.0536800992556013e-16,0.0,0,0.0,0.0,0.004521892203603858,0.0,0,0.0,0.0,0.004521892203603858,0.0,0.0
MAR01201,568,-1.3185071188224395e-14,7.471338202322993e-15,-1.0798553193278127e-16,0.0,0,0.0,0.0,0.004410732264444036,0.0,0,0.0,0.0,0.004410732264444036,0.0,0.0
MAR05428,574,-1.3195793664116147e-14,1.1229099901811547e-14,-1.0513186753956575e-16,0.0,0,0.0,0.0,0.004364747866934595,0.0,0,0.0,0.0,0.004364747866934595,0.0,0.0
MAR03358,564,-1.3202992678662855e-14,1.1525877764516437e-14,-1.0336188047649134e-16,0.0,0,0.0,0.0,0.004441930629657058,0.0,0,0.0,0.0,0.004441930629657058,0.0,0.0
MAR01276,586,-1.3216579897244184e-14,1.0832684347953025e-14,-1.0606991024579912e-16,0.0,0,0.0,0.0,0.004275596795360198,0.0,0,0.0,0.0,0.004275596795360198,0.0,0.0
MAR11578,535,-1.322804794050579e-14,1.2707083001127795e-14,-1.0740795692198575e-16,0.0,0,0.0,0.0,0.004682031321548599,0.0,0,0.0,0.0,0.004682031321548599,0.0,0.0
MAR03220,552,-1.3232571238430855e-14,1.2470995189458726e-14,-1.0350979721830749e-16,0.0,0,0.0,0.0,0.004538231229443332,0.0,0,0.0,0.0,0.004538231229443332,0.0,0.0
MAR02468,573,-1.3243623765999776e-14,1.2108232267636725e-14,-1.0539586668468478e-16,0.0,0,0.0,0.0,0.0043723452321952965,0.0,0,0.0,0.0,0.0043723452321952965,0.0,0.0
MAR02716,545,-1.324608109233508e-14,1.1841332026542803e-14,-1.055538908811048e-16,0.0,0,0.0,0.0,0.004596359577531593,0.0,0,0.0,0.0,0.004596359577531593,0.0,0.0
MAR11238,530,-1.3272402045330173e-14,1.3242628724590138e-14,-1.0475317194941878e-16,0.0,0,0.0,0.0,0.0047260760867549505,0.0,0,0.0,0.0,0.0047260760867549505,0.0,0.0
MAR00370,548,-1.3277294916393113e-14,1.1585051456972952e-14,-1.0703920783782783e-16,0.0,0,0.0,0.0,0.004571266087298871,0.0,0,0.0,0.0,0.004571266087298871,0.0,0.0
MAR08556,549,-1.3278995389614988e-14,1.260637568368484e-14,-1.0455376614218189e-16,0.0,0,0.0,0.0,0.004562962366977274,0.0,0,0.0,0.0,0.004562962366977274,0.0,0.0
MAR11989,537,-1.3284635134136696e-14,1.222122516182617e-14,-1.0616074926304894e-16,0.0,0,0.0,0.0,0.004664642427888463,0.0,0,0.0,0.0,0.004664642427888463,0.0,0.0
MAR09623,570,-1.3288395724916962e-14,1.1349975314632272e-14,-1.0595971523610419e-16,0.0,0,0.0,0.0,0.004395296850147243,0.0,0,0.0,0.0,0.004395296850147243,0.0,0.0
MAR03626,556,-1.3290727431483888e-14,1.273135058528817e-14,-1.0459101427314852e-16,0.0,0,0.0,0.0,0.0045056704064922026,0.0,0,0.0,0.0,0.0045056704064922026,0.0,0.0
MAR02465,564,-1.330377888231677e-14,1.1624736850171512e-14,-1.0646007203116495e-16,0.0,0,0.0,0.0,0.004441930629657058,0.0,0,0.0,0.0,0.004441930629657058,0.0,0.0
MAR03332,582,-1.3307415497912532e-14,1.1985690902075423e-14,-1.0474866457622838e-16,0.0,0,0.0,0.0,0.004304906394243486,0.0,0,0.0,0.0,0.004304906394243486,0.0,0.0
MAR12943,570,-1.331332704897872e-14,1.2771363642717551e-14,-1.0502347318523497e-16,0.0,0,0.0,0.0,0.004395296850147243,0.0,0,0.0,0.0,0.004395296850147243,0.0,0.0
MAR07789,562,-1.3325837072796185e-14,1.2081389185724964e-14,-1.059056280710717e-16,0.0,0,0.0,0.0,0.0044576959055467585,0.0,0,0.0,0.0,0.0044576959055467585,0.0,0.0
MAR09397,547,-1.3327547475134602e-14,1.175922971768168e-14,-1.0545305768023433e-16,0.0,0,0.0,0.0,0.004579600085029117,0.0,0,0.0,0.0,0.004579600085029117,0.0,0.0
MAR09104,564,-1.3328975433230248e-14,8.526487021421053e-15,-1.0877403640189672e-16,0.0,0,0.0,0.0,0.004441930629657058,0.0,0,0.0,0.0,0.004441930629657058,0.0,0.0
MAR12152,557,-1.334340577387908e-14,1.2544922795671941e-14,-1.076740170006002e-16,0.0,0,0.0,0.0,0.004497603075155535,0.0,0,0.0,0.0,0.004497603075155535,0.0,0.0
MAR00398,544,-1.3348799190198941e-14,1.6516360611446202e-14,-1.0158009428233941e-16,0.0,0,0.0,0.0,0.004604785407758596,0.0,0,0.0,0.0,0.004604785407758596,0.0,0.0
MAR01588,565,-1.3355688236765069e-14,6.061817358539306e-15,-1.0737024694389386e-16,0.0,0,0.0,0.0,0.004434089734923025,0.0,0,0.0,0.0,0.004434089734923025,0.0,0.0
MAR06297,571,-1.3364674224279293e-14,1.1710953865618856e-14,-1.076060405148748e-16,0.0,0,0.0,0.0,0.00438761958448344,0.0,0,0.0,0.0,0.00438761958448344,0.0,0.0
MAR01610,555,-1.3365884975379184e-14,1.1483999123606306e-14,-1.0708523650409529e-16,0.0,0,0.0,0.0,0.004513766730450679,0.0,0,0.0,0.0,0.004513766730450679,0.0,0.0
MAR03849,557,-1.3368918978035637e-14,1.1720865765979876e-14,-1.0630640741776428e-16,0.0,0,0.0,0.0,0.004497603075155535,0.0,0,0.0,0.0,0.004497603075155535,0.0,0.0
MAR03244,558,-1.3370427823442748e-14,1.2499130685295985e-14,-1.0555945961947874e-16,0.0,0,0.0,0.0,0.004489564580987142,0.0,0,0.0,0.0,0.004489564580987142,0.0,0.0
MAR09835,564,-1.3379368535057206e-14,1.2242559255641454e-14,-1.0675124648413752e-16,0.0,0,0.0,0.0,0.004441930629657058,0.0,0,0.0,0.0,0.004441930629657058,0.0,0.0
MAR03078,545,-1.3402530869016202e-14,1.158366400203833e-14,-1.0699723745777157e-16,0.0,0,0.0,0.0,0.004596359577531593,0.0,0,0.0,0.0,0.004596359577531593,0.0,0.0
MAR12647,545,-1.3402530869016202e-14,1.2370205241384902e-14,-1.0944890808420974e-16,0.0,0,0.0,0.0,0.004596359577531593,0.0,0,0.0,0.0,0.004596359577531593,0.0,0.0
MAR12890,549,-1.3408420295946517e-14,1.3175357745441335e-14,-1.0515076667171431e-16,0.0,0,0.0,0.0,0.004562962366977274,0.0,0,0.0,0.0,0.004562962366977274,0.0,0.0
MAR12282,534,-1.3412492090752456e-14,1.2626808818783759e-14,-1.087913905245823e-16,0.0,0,0.0,0.0,0.004690774475909901,0.0,0,0.0,0.0,0.004690774475909901,0.0,0.0
MAR00956,559,-1.3422775115611194e-14,1.1531788150533316e-14,-1.0747604885162694e-16,0.0,0,0.0,0.0,0.004481554769642852,0.0,0,0.0,0.0,0.004481554769642852,0.0,0.0
MAR11488,561,-1.3425584668550912e-14,1.2264246936079696e-14,-1.0909685518013614e-16,0.0,0,0.0,0.0,0.004465620583537596,0.0,0,0.0,0.0,0.004465620583537596,0.0,0.0
MAR00385,563,-1.3428374260190881e-14,1.158549743797372e-14,-1.0760737792683742e-16,0.0,0,0.0,0.0,0.004449799303901048,0.0,0,0.0,0.0,0.004449799303901048,0.0,0.0
MAR03532,545,-1.3428605831796392e-14,1.2732911406289165e-14,-1.0563757985999133e-16,0.0,0,0.0,0.0,0.004596359577531593,0.0,0,0.0,0.0,0.004596359577531593,0.0,0.0
MAR08596,578,-1.3448680846393591e-14,1.1043591409785434e-14,-1.0647225323718875e-16,0.0,0,0.0,0.0,0.004334620605899285,0.0,0,0.0,0.0,0.004334620605899285,0.0,0.0
MAR02337,539,-1.3472628496230471e-14,1.1990997646341967e-14,-1.073592949287886e-16,0.0,0,0.0,0.0,0.004647382219459146,0.0,0,0.0,0.0,0.004647382219459146,0.0,0.0
MAR12752,559,-1.3473618960746089e-14,1.2247952372544808e-14,-1.0906146659726659e-16,0.0,0,0.0,0.0,0.004481554769642852,0.0,0,0.0,0.0,0.004481554769642852,0.0,0.0
MAR04884,543,-1.3478066626756965e-14,1.2193056120085759e-14,-1.0681705826187294e-16,0.0,0,0.0,0.0,0.004613242186326175,0.0,0,0.0,0.0,0.004613242186326175,0.0,0.0
MAR03530,566,-1.3482736717426639e-14,1.2583633996524934e-14,-1.0589824331676406e-16,0.0,0,0.0,0.0,0.0044262764728495866,0.0,0,0.0,0.0,0.0044262764728495866,0.0,0.0
MAR11315,558,-1.3497765231285057e-14,1.17372559506159e-14,-1.0716880168400672e-16,0.0,0,0.0,0.0,0.004489564580987142,0.0,0,0.0,0.0,0.004489564580987142,0.0,0.0
MAR12268,558,-1.3497765231285057e-14,1.1729669382244213e-14,-1.0756623271055519e-16,0.0,0,0.0,0.0,0.004489564580987142,0.0,0,0.0,0.0,0.004489564580987142,0.0,0.0
MAR12293,563,-1.3504098175191957e-14,1.257172128928283e-14,-1.0670539321172362e-16,0.0,0,0.0,0.0,0.004449799303901048,0.0,0,0.0,0.0,0.004449799303901048,0.0,0.0
MAR03486,570,-1.3512777641472782e-14,1.2471585252654375e-14,-1.061411294916343e-16,0.0,0,0.0,0.0,0.004395296850147243,0.0,0,0.0,0.0,0.004395296850147243,0.0,0.0
MAR13048,554,-1.351826793305317e-14,1.2618815009013958e-14,-1.0576928401885593e-16,0.0,0,0.0,0.0,0.004521892203603858,0.0,0,0.0,0.0,0.004521892203603858,0.0,0.0
MAR01129,564,-1.3530547840538078e-14,1.1972685184185923e-14,-1.0903864005229028e-16,0.0,0,0.0,0.0,0.004441930629657058,0.0,0,0.0,0.0,0.004441930629657058,0.0,0.0
MAR00531,567,-1.3534147347811431e-14,1.145425737935709e-14,-1.0859749322798781e-16,0.0,0,0.0,0.0,0.00441849069762059,0.0,0,0.0,0.0,0.00441849069762059,0.0,0.0
MAR12757,548,-1.3536617082728916e-14,1.2655915499068193e-14,-1.093008985944407e-16,0.0,0,0.0,0.0,0.004571266087298871,0.0,0,0.0,0.0,0.004571266087298871,0.0,0.0
MAR09050,571,-1.353888785476338e-14,1.1336845291940887e-14,-1.0806976614648762e-16,0.0,0,0.0,0.0,0.00438761958448344,0.0,0,0.0,0.0,0.00438761958448344,0.0,0.0
MAR02951,556,-1.3546318343627809e-14,1.1808928510551397e-14,-1.0802694588132527e-16,0.0,0,0.0,0.0,0.0045056704064922026,0.0,0,0.0,0.0,0.0045056704064922026,0.0,0.0
MAR09831,578,-1.3547025861723709e-14,1.1848828824022876e-14,-1.0824858731139752e-16,0.0,0,0.0,0.0,0.004334620605899285,0.0,0,0.0,0.0,0.004334620605899285,0.0,0.0
MAR09368,558,-1.3548700194421982e-14,1.2609879430300542e-14,-1.0679407966916526e-16,0.0,0,0.0,0.0,0.004489564580987142,0.0,0,0.0,0.0,0.004489564580987142,0.0,0.0
MAR06883,521,-1.3556228010471008e-14,1.353840048205823e-14,-1.0817782451230945e-16,0.0,0,0.0,0.0,0.004807480890035463,0.0,0,0.0,0.0,0.004807480890035463,0.0,0.0
MAR10066,556,-1.35718774348422e-14,1.2733309108260153e-14,-1.0709054007515988e-16,0.0,0,0.0,0.0,0.0045056704064922026,0.0,0,0.0,0.0,0.0045056704064922026,0.0,0.0
MAR03717,556,-1.35718774348422e-14,1.2776613896445307e-14,-1.0657010712472481e-16,0.0,0,0.0,0.0,0.0045056704064922026,0.0,0,0.0,0.0,0.0045056704064922026,0.0,0.0
MAR10254,557,-1.3573024611288089e-14,1.2194137378413513e-14,-1.0690991403210009e-16,0.0,0,0.0,0.0,0.004497603075155535,0.0,0,0.0,0.0,0.004497603075155535,0.0,0.0
MAR11827,564,-1.3580940942365035e-14,1.2254159848945319e-14,-1.076974182986751e-16,0.0,0,0.0,0.0,0.004441930629657058,0.0,0,0.0,0.0,0.004441930629657058,0.0,0.0
MAR03433,523,-1.358590316940918e-14,1.338066400096016e-14,-1.057127720384341e-16,0.0,0,0.0,0.0,0.004789149508756816,0.0,0,0.0,0.0,0.004789149508756816,0.0,0.0
MAR10082,546,-1.358620176068763e-14,1.2580617364801914e-14,-1.07846848140286e-16,0.0,0,0.0,0.0,0.004587964526068459,0.0,0,0.0,0.0,0.004587964526068459,0.0,0.0
MAR11382,577,-1.3595133107090999e-14,1.1925107628146054e-14,-1.0819957962989462e-16,0.0,0,0.0,0.0,0.004342113363096878,0.0,0,0.0,0.0,0.004342113363096878,0.0,0.0
MAR11826,558,-1.3599635157558907e-14,1.2200658667631569e-14,-1.0764500296559122e-16,0.0,0,0.0,0.0,0.004489564580987142,0.0,0,0.0,0.0,0.004489564580987142,0.0,0.0
MAR10036,558,-1.3599635157558907e-14,1.1660008375731467e-14,-1.0861061151443754e-16,0.0,0,0.0,0.0,0.004489564580987142,0.0,0,0.0,0.0,0.004489564580987142,0.0,0.0
MAR09793,566,-1.3608274303249976e-14,1.2433983997968747e-14,-1.079865694752655e-16,0.0,0,0.0,0.0,0.0044262764728495866,0.0,0,0.0,0.0,0.0044262764728495866,0.0,0.0
MAR01285,556,-1.3622995617270986e-14,6.9184370922057515e-15,-1.1162456378244745e-16,0.0,0,0.0,0.0,0.0045056704064922026,0.0,0,0.0,0.0,0.0045056704064922026,0.0,0.0
MAR08054,557,-1.3624051019601203e-14,1.2397158256938415e-14,-1.0823317502502519e-16,0.0,0,0.0,0.0,0.004497603075155535,0.0,0,0.0,0.0,0.004497603075155535,0.0,0.0
MAR10139,562,-1.3629271693049608e-14,1.2380660894996605e-14,-1.0840128412901956e-16,0.0,0,0.0,0.0,0.0044576959055467585,0.0,0,0.0,0.0,0.0044576959055467585,0.0,0.0
MAR03493,589,-1.3631804607961177e-14,1.1746533695132422e-14,-1.0735402405782899e-16,0.0,0,0.0,0.0,0.00425387517710073,0.0,0,0.0,0.0,0.00425387517710073,0.0,0.0
MAR01750,576,-1.3643407391504701e-14,1.0992605793133719e-14,-1.0982893290531781e-16,0.0,0,0.0,0.0,0.004349632068826215,0.0,0,0.0,0.0,0.004349632068826215,0.0,0.0
MAR12973,583,-1.365022065268117e-14,1.204674902787164e-14,-1.0915821265909902e-16,0.0,0,0.0,0.0,0.004297541386555887,0.0,0,0.0,0.0,0.004297541386555887,0.0,0.0
MAR01225,558,-1.3650570120695831e-14,1.1164216656470803e-14,-1.099038621434151e-16,0.0,0,0.0,0.0,0.004489564580987142,0.0,0,0.0,0.0,0.004489564580987142,0.0,0.0
MAR03875,559,-1.3651572418718203e-14,1.2225403511001384e-14,-1.0768904690619659e-16,0.0,0,0.0,0.0,0.004481554769642852,0.0,0,0.0,0.0,0.004481554769642852,0.0,0.0
MAR03336,559,-1.3651572418718207e-14,1.2368296316482874e-14,-1.0842105148699317e-16,0.0,0,0.0,0.0,0.004481554769642852,0.0,0,0.0,0.0,0.004481554769642852,0.0,0.0
MAR10432,560,-1.3652571137104783e-14,1.161733339255438e-14,-1.0832332428764902e-16,0.0,0,0.0,0.0,0.0044735734878779895,0.0,0,0.0,0.0,0.0044735734878779895,0.0,0.0
MAR02058,560,-1.3652571137104783e-14,1.1740843759226481e-14,-1.0975285384089757e-16,0.0,0,0.0,0.0,0.0044735734878779895,0.0,0,0.0,0.0,0.0044735734878779895,0.0,0.0
MAR10445,587,-1.3654040987008398e-14,1.196164435322449e-14,-1.0787702720143053e-16,0.0,0,0.0,0.0,0.004268331649559446,0.0,0,0.0,0.0,0.004268331649559446,0.0,0.0
MAR00230,566,-1.365848933757931e-14,1.1508403548500947e-14,-1.094953315461341e-16,0.0,0,0.0,0.0,0.0044262764728495866,0.0,0,0.0,0.0,0.0044262764728495866,0.0,0.0
MAR12201,570,-1.366236558584333e-14,7.669418729121112e-15,-1.1140129336956442e-16,0.0,0,0.0,0.0,0.004395296850147243,0.0,0,0.0,0.0,0.004395296850147243,0.0,0.0
MAR09852,578,-1.3669957130886356e-14,1.2017788294660026e-14,-1.0794548762712489e-16,0.0,0,0.0,0.0,0.004334620605899285,0.0,0,0.0,0.0,0.004334620605899285,0.0,0.0
MAR08364,559,-1.3676994341285649e-14,1.1755783903172285e-14,-1.0921044758873633e-16,0.0,0,0.0,0.0,0.004481554769642852,0.0,0,0.0,0.0,0.004481554769642852,0.0,0.0
MAR00575,562,-1.3679844129758512e-14,1.2274720878596845e-14,-1.09358762656394e-16,0.0,0,0.0,0.0,0.0044576959055467585,0.0,0,0.0,0.0,0.0044576959055467585,0.0,0.0
MAR02616,567,-1.3684526762787114e-14,1.1621057673882058e-14,-1.0928943663136918e-16,0.0,0,0.0,0.0,0.00441849069762059,0.0,0,0.0,0.0,0.00441849069762059,0.0,0.0
MAR03491,556,-1.3699672890914165e-14,1.2477494863855705e-14,-1.0803604834478393e-16,0.0,0,0.0,0.0,0.0045056704064922026,0.0,0,0.0,0.0,0.0045056704064922026,0.0,0.0
MAR12629,557,-1.3700590632070875e-14,1.2248119717350163e-14,-1.1168883041640943e-16,0.0,0,0.0,0.0,0.004497603075155535,0.0,0,0.0,0.0,0.004497603075155535,0.0,0.0
MAR03314,559,-1.3702416263853098e-14,1.242533071194168e-14,-1.0731797692632349e-16,0.0,0,0.0,0.0,0.004481554769642852,0.0,0,0.0,0.0,0.004481554769642852,0.0,0.0
MAR12368,561,-1.3704228878652916e-14,1.2143995879005473e-14,-1.0962118382927416e-16,0.0,0,0.0,0.0,0.004465620583537596,0.0,0,0.0,0.0,0.004465620583537596,0.0,0.0
MAR01199,563,-1.3706028615194828e-14,1.1611251324045833e-14,-1.0992440058212819e-16,0.0,0,0.0,0.0,0.004449799303901048,0.0,0,0.0,0.0,0.004449799303901048,0.0,0.0
MAR01181,566,-1.3708704371908646e-14,5.884826790212316e-15,-1.1020455225577635e-16,0.0,0,0.0,0.0,0.0044262764728495866,0.0,0,0.0,0.0,0.0044262764728495866,0.0,0.0
MAR13047,556,-1.3725231982128554e-14,1.2331168719809404e-14,-1.1084530795981577e-16,0.0,0,0.0,0.0,0.0045056704064922026,0.0,0,0.0,0.0,0.0045056704064922026,0.0,0.0
MAR12885,578,-1.3743715892383946e-14,1.2335585214408056e-14,-1.1019583671958045e-16,0.0,0,0.0,0.0,0.004334620605899285,0.0,0,0.0,0.0,0.004334620605899285,0.0,0.0
MAR02738,563,-1.3756511225195545e-14,1.1606746714589641e-14,-1.0981991418759377e-16,0.0,0,0.0,0.0,0.004449799303901048,0.0,0,0.0,0.0,0.004449799303901048,0.0,0.0
MAR03302,570,-1.3762090882090365e-14,1.211965020898358e-14,-1.0834749606763517e-16,0.0,0,0.0,0.0,0.004395296850147243,0.0,0,0.0,0.0,0.004395296850147243,0.0,0.0
MAR03710,584,-1.3772848919185507e-14,1.1855808408837072e-14,-1.0800010768216065e-16,0.0,0,0.0,0.0,0.004290201536487618,0.0,0,0.0,0.0,0.004290201536487618,0.0,0.0
MAR08586,556,-1.380190925577173e-14,1.1619277550804259e-14,-1.0982596019591735e-16,0.0,0,0.0,0.0,0.0045056704064922026,0.0,0,0.0,0.0,0.0045056704064922026,0.0,0.0
MAR03724,557,-1.3802643448697099e-14,1.141878130089117e-14,-1.0859149613394984e-16,0.0,0,0.0,0.0,0.004497603075155535,0.0,0,0.0,0.0,0.004497603075155535,0.0,0.0
MAR00176,562,-1.3806275221530772e-14,1.1142677495178668e-14,-1.1078851850219106e-16,0.0,0,0.0,0.0,0.0044576959055467585,0.0,0,0.0,0.0,0.0044576959055467585,0.0,0.0
MAR08605,568,-1.3810548948576596e-14,1.2005025964549828e-14,-1.095183531774059e-16,0.0,0,0.0,0.0,0.004410732264444036,0.0,0,0.0,0.0,0.004410732264444036,0.0,0.0
MAR01144,575,-1.3815422236170295e-14,7.034157951012196e-15,-1.121817136816001e-16,0.0,0,0.0,0.0,0.004357176858116289,0.0,0,0.0,0.0,0.004357176858116289,0.0,0.0
MAR00601,586,-1.3822845030145294e-14,1.1083402617258306e-14,-1.09629965026845e-16,0.0,0,0.0,0.0,0.004275596795360198,0.0,0,0.0,0.0,0.004275596795360198,0.0,0.0
MAR12863,554,-1.3826084280674873e-14,1.2444359239850799e-14,-1.108227628206646e-16,0.0,0,0.0,0.0,0.004521892203603858,0.0,0,0.0,0.0,0.004521892203603858,0.0,0.0
MAR01766,561,-1.3830885337790185e-14,1.1722240188425928e-14,-1.113714358511278e-16,0.0,0,0.0,0.0,0.004465620583537596,0.0,0,0.0,0.0,0.004465620583537596,0.0,0.0
MAR09424,565,-1.3833575386479826e-14,1.109343529060627e-14,-1.1087125997682255e-16,0.0,0,0.0,0.0,0.004434089734923025,0.0,0,0.0,0.0,0.004434089734923025,0.0,0.0
MAR03247,559,-1.385494779925777e-14,1.2753341780052319e-14,-1.0853267780449928e-16,0.0,0,0.0,0.0,0.004481554769642852,0.0,0,0.0,0.0,0.004481554769642852,0.0,0.0
MAR02439,571,-1.3862427454233831e-14,1.199974524432778e-14,-1.10570177513131e-16,0.0,0,0.0,0.0,0.00438761958448344,0.0,0,0.0,0.0,0.00438761958448344,0.0,0.0
MAR11252,573,-1.388844439880126e-14,1.181973405708829e-14,-1.1057340377677191e-16,0.0,0,0.0,0.0,0.0043723452321952965,0.0,0,0.0,0.0,0.0043723452321952965,0.0,0.0
MAR02096,538,-1.3893883978059952e-14,1.2060032003043653e-14,-1.1057778244192106e-16,0.0,0,0.0,0.0,0.004655996327465773,0.0,0,0.0,0.0,0.004655996327465773,0.0,0.0
MAR12592,556,-1.3904145620629299e-14,1.2698256556100445e-14,-1.1054672528929017e-16,0.0,0,0.0,0.0,0.0045056704064922026,0.0,0,0.0,0.0,0.0045056704064922026,0.0,0.0
MAR01332,559,-1.3905791644392658e-14,1.1756486931533664e-14,-1.1158123839441654e-16,0.0,0,0.0,0.0,0.004481554769642852,0.0,0,0.0,0.0,0.004481554769642852,0.0,0.0
MAR12355,562,-1.3907420094948583e-14,1.2319348337182402e-14,-1.1042530597878502e-16,0.0,0,0.0,0.0,0.0044576959055467585,0.0,0,0.0,0.0,0.0044576959055467585,0.0,0.0
MAR10217,569,-1.3911153034037814e-14,1.1146296162025e-14,-1.1025371510182713e-16,0.0,0,0.0,0.0,0.004403001029543098,0.0,0,0.0,0.0,0.004403001029543098,0.0,0.0
MAR03946,577,-1.391530834330872e-14,1.1200371801105942e-14,-1.1093144073949956e-16,0.0,0,0.0,0.0,0.004342113363096878,0.0,0,0.0,0.0,0.004342113363096878,0.0,0.0
MAR06772,580,-1.3916837031439203e-14,1.126514294245278e-14,-1.1089609200010904e-16,0.0,0,0.0,0.0,0.004319712401627411,0.0,0,0.0,0.0,0.004319712401627411,0.0,0.0
MAR08474,581,-1.3917343085972358e-14,1.1714513667995837e-14,-1.103064684377455e-16,0.0,0,0.0,0.0,0.004312296689115291,0.0,0,0.0,0.0,0.004312296689115291,0.0,0.0
MAR02603,544,-1.3923502873534316e-14,1.2048002177548701e-14,-1.110075965617913e-16,0.0,0,0.0,0.0,0.004604785407758596,0.0,0,0.0,0.0,0.004604785407758596,0.0,0.0
MAR03414,549,-1.3926119921272641e-14,1.272617560843549e-14,-1.0902053348311688e-16,0.0,0,0.0,0.0,0.004562962366977274,0.0,0,0.0,0.0,0.004562962366977274,0.0,0.0
MAR00639,562,-1.3932706313303032e-14,1.1431340845471719e-14,-1.1167027097029933e-16,0.0,0,0.0,0.0,0.0044576959055467585,0.0,0,0.0,0.0,0.0044576959055467585,0.0,0.0
MAR02074,572,-1.3937569047601965e-14,1.1459126682752423e-14,-1.1187615091471174e-16,0.0,0,0.0,0.0,0.004379969091767465,0.0,0,0.0,0.0,0.004379969091767465,0.0,0.0
MAR11177,573,-1.3938045985939836e-14,1.2328715190843995e-14,-1.1005414951924937e-16,0.0,0,0.0,0.0,0.0043723452321952965,0.0,0,0.0,0.0,0.0043723452321952965,0.0,0.0
MAR09911,577,-1.3939937207633162e-14,1.2016750044049886e-14,-1.1061495257049634e-16,0.0,0,0.0,0.0,0.004342113363096878,0.0,0,0.0,0.0,0.004342113363096878,0.0,0.0
MAR08502,589,-1.3945456749383291e-14,1.1117726871494741e-14,-1.11020116563879e-16,0.0,0,0.0,0.0,0.00425387517710073,0.0,0,0.0,0.0,0.00425387517710073,0.0,0.0
MAR08604,537,-1.3946220549183345e-14,1.29136932327812e-14,-1.1064602651244588e-16,0.0,0,0.0,0.0,0.004664642427888463,0.0,0,0.0,0.0,0.004664642427888463,0.0,0.0
MAR02969,556,-1.3955263803058083e-14,1.262439582027037e-14,-1.1070951477230593e-16,0.0,0,0.0,0.0,0.0045056704064922026,0.0,0,0.0,0.0,0.0045056704064922026,0.0,0.0
MAR03652,571,-1.3961978100224736e-14,1.2440979606104366e-14,-1.0916385095795768e-16,0.0,0,0.0,0.0,0.00438761958448344,0.0,0,0.0,0.0,0.00438761958448344,0.0,0.0
MAR04377,580,-1.3965839978733003e-14,1.1325571780168961e-14,-1.121430591209027e-16,0.0,0,0.0,0.0,0.004319712401627411,0.0,0,0.0,0.0,0.004319712401627411,0.0,0.0
MAR02003,547,-1.3977038092831224e-14,1.2478731606357975e-14,-1.1071265933718238e-16,0.0,0,0.0,0.0,0.004579600085029117,0.0,0,0.0,0.0,0.004579600085029117,0.0,0.0
MAR01833,535,-1.3998355953105526e-14,1.2028113730128118e-14,-1.1198891819301072e-16,0.0,0,0.0,0.0,0.004682031321548599,0.0,0,0.0,0.0,0.004682031321548599,0.0,0.0
MAR09287,541,-1.4000712686141716e-14,1.2626156740492129e-14,-1.108953374238681e-16,0.0,0,0.0,0.0,0.004630249273041442,0.0,0,0.0,0.0,0.004630249273041442,0.0,0.0
MAR06807,559,-1.400747933466244e-14,1.1552279213684549e-14,-1.1033401240647504e-16,0.0,0,0.0,0.0,0.004481554769642852,0.0,0,0.0,0.0,0.004481554769642852,0.0,0.0
MAR01613,560,-1.4007842504984833e-14,1.1142872553941113e-14,-1.124457437739153e-16,0.0,0,0.0,0.0,0.0044735734878779895,0.0,0,0.0,0.0,0.0044735734878779895,0.0,0.0
MAR01287,561,-1.4008204380582367e-14,7.324244492536014e-15,-1.1455274778428926e-16,0.0,0,0.0,0.0,0.004465620583537596,0.0,0,0.0,0.0,0.004465620583537596,0.0,0.0
MAR01721,578,-1.4014164684541769e-14,1.1968528647814753e-14,-1.1223881312154187e-16,0.0,0,0.0,0.0,0.004334620605899285,0.0,0,0.0,0.0,0.004334620605899285,0.0,0.0
MAR09379,581,-1.4015180295715573e-14,1.200636910115407e-14,-1.1163114047058119e-16,0.0,0,0.0,0.0,0.004312296689115291,0.0,0,0.0,0.0,0.004312296689115291,0.0,0.0
MAR00056,540,-1.4026639931856793e-14,1.1773980705555866e-14,-1.1292463357540637e-16,0.0,0,0.0,0.0,0.00463879992662872,0.0,0,0.0,0.0,0.00463879992662872,0.0,0.0
MAR09843,546,-1.4028664270135312e-14,1.1796934966392132e-14,-1.1117434928329837e-16,0.0,0,0.0,0.0,0.004587964526068459,0.0,0,0.0,0.0,0.004587964526068459,0.0,0.0
MAR03363,549,-1.4029659846337861e-14,1.1895990003521358e-14,-1.1068575765776522e-16,0.0,0,0.0,0.0,0.004562962366977274,0.0,0,0.0,0.0,0.004562962366977274,0.0,0.0
MAR09262,564,-1.4034478858807652e-14,1.2286684637754204e-14,-1.113011392411592e-16,0.0,0,0.0,0.0,0.004441930629657058,0.0,0,0.0,0.0,0.004441930629657058,0.0,0.0
MAR03997,566,-1.4035102095049329e-14,1.2393335810732431e-14,-1.112422408440743e-16,0.0,0,0.0,0.0,0.0044262764728495866,0.0,0,0.0,0.0,0.0044262764728495866,0.0,0.0
MAR03473,573,-1.4037249160216991e-14,1.2121622686688314e-14,-1.1061953067112384e-16,0.0,0,0.0,0.0,0.0043723452321952965,0.0,0,0.0,0.0,0.0043723452321952965,0.0,0.0
MAR09007,552,-1.4056388903080242e-14,1.2628304074659897e-14,-1.1098593219062273e-16,0.0,0,0.0,0.0,0.004538231229443332,0.0,0,0.0,0.0,0.004538231229443332,0.0,0.0
MAR09952,553,-1.4056668226429468e-14,1.2576443464880775e-14,-1.1121342574909794e-16,0.0,0,0.0,0.0,0.00453004698365408,0.0,0,0.0,0.0,0.00453004698365408,0.0,0.0
MAR06105,557,-1.4057775490262664e-14,6.279498460318058e-15,-1.1304339159550497e-16,0.0,0,0.0,0.0,0.004497603075155535,0.0,0,0.0,0.0,0.004497603075155535,0.0,0.0
MAR12469,561,-1.4058866964237276e-14,1.224448788525572e-14,-1.1367751476566106e-16,0.0,0,0.0,0.0,0.004465620583537596,0.0,0,0.0,0.0,0.004465620583537596,0.0,0.0
MAR09936,563,-1.4059406885199851e-14,1.1364475062575743e-14,-1.1146076597666588e-16,0.0,0,0.0,0.0,0.004449799303901048,0.0,0,0.0,0.0,0.004449799303901048,0.0,0.0
MAR00434,567,-1.4060475300226321e-14,1.1432762501415978e-14,-1.12508530388139e-16,0.0,0,0.0,0.0,0.00441849069762059,0.0,0,0.0,0.0,0.00441849069762059,0.0,0.0
MAR03348,568,-1.4060740052717476e-14,1.1616885208411399e-14,-1.110632626404143e-16,0.0,0,0.0,0.0,0.004410732264444036,0.0,0,0.0,0.0,0.004410732264444036,0.0,0.0
MAR06377,581,-1.4064098900587182e-14,1.1408065098193188e-14,-1.1286605201944163e-16,0.0,0,0.0,0.0,0.004312296689115291,0.0,0,0.0,0.0,0.004312296689115291,0.0,0.0
MAR02677,574,-1.4087066782142755e-14,1.2286750089019317e-14,-1.114624321352261e-16,0.0,0,0.0,0.0,0.004364747866934595,0.0,0,0.0,0.0,0.004364747866934595,0.0,0.0
MAR06854,578,-1.4087923446039356e-14,1.2393876696979503e-14,-1.123490560169427e-16,0.0,0,0.0,0.0,0.004334620605899285,0.0,0,0.0,0.0,0.004334620605899285,0.0,0.0
MAR06627,581,-1.4088558203022985e-14,1.1867833141875133e-14,-1.1183833604753704e-16,0.0,0,0.0,0.0,0.004312296689115291,0.0,0,0.0,0.0,0.004312296689115291,0.0,0.0
MAR13061,591,-1.4090627517949872e-14,1.2880468411728194e-14,-1.1202525296554652e-16,0.0,0,0.0,0.0,0.00423951629958479,0.0,0,0.0,0.0,0.00423951629958479,0.0,0.0
MAR07751,537,-1.410500104879454e-14,1.2027167679900765e-14,-1.1140659931432197e-16,0.0,0,0.0,0.0,0.004664642427888463,0.0,0,0.0,0.0,0.004664642427888463,0.0,0.0
MAR03368,543,-1.4106170702566998e-14,1.2911995528830223e-14,-1.1038747612667607e-16,0.0,0,0.0,0.0,0.004613242186326175,0.0,0,0.0,0.0,0.004613242186326175,0.0,0.0
MAR02571,550,-1.4107503044545988e-14,1.2699519362821745e-14,-1.1187685882234631e-16,0.0,0,0.0,0.0,0.0045546887593671224,0.0,0,0.0,0.0,0.0045546887593671224,0.0,0.0
MAR03654,555,-1.4108434140678028e-14,1.2881958328297659e-14,-1.1042885996497843e-16,0.0,0,0.0,0.0,0.004513766730450679,0.0,0,0.0,0.0,0.004513766730450679,0.0,0.0
MAR06502,557,-1.4108801898575777e-14,1.1750119217059634e-14,-1.124520494361907e-16,0.0,0,0.0,0.0,0.004497603075155535,0.0,0,0.0,0.0,0.004497603075155535,0.0,0.0
MAR03515,542,-1.4132196847774689e-14,1.3075458168977726e-14,-1.1059124455939133e-16,0.0,0,0.0,0.0,0.00462173008405905,0.0,0,0.0,0.0,0.00462173008405905,0.0,0.0
MAR03681,545,-1.4132629826861445e-14,1.2864065834771397e-14,-1.1100459693701411e-16,0.0,0,0.0,0.0,0.004596359577531593,0.0,0,0.0,0.0,0.004596359577531593,0.0,0.0
MAR11243,552,-1.4133621809141123e-14,1.2698590671196589e-14,-1.12239545642153e-16,0.0,0,0.0,0.0,0.004538231229443332,0.0,0,0.0,0.0,0.004538231229443332,0.0,0.0
MAR09095,541,-1.4158319207936931e-14,1.307770539818052e-14,-1.1560726582318345e-16,0.0,0,0.0,0.0,0.004630249273041442,0.0,0,0.0,0.0,0.004630249273041442,0.0,0.0
MAR03290,547,-1.4158895465786274e-14,1.1856069586999675e-14,-1.1307940026437834e-16,0.0,0,0.0,0.0,0.004579600085029117,0.0,0,0.0,0.0,0.004579600085029117,0.0,0.0
MAR12185,547,-1.4158895465786274e-14,1.1957325513321719e-14,-1.1339186044565113e-16,0.0,0,0.0,0.0,0.004579600085029117,0.0,0,0.0,0.0,0.004579600085029117,0.0,0.0
MAR02082,551,-1.415927266541906e-14,1.2337853759921542e-14,-1.1251477430056992e-16,0.0,0,0.0,0.0,0.004546445100963565,0.0,0,0.0,0.0,0.004546445100963565,0.0,0.0
MAR03080,558,-1.4159919752065082e-14,1.228993574929067e-14,-1.1184018999810523e-16,0.0,0,0.0,0.0,0.004489564580987142,0.0,0,0.0,0.0,0.004489564580987142,0.0,0.0
MAR01278,567,-1.4160728243543443e-14,7.325699919349986e-15,-1.1552409239797722e-16,0.0,0,0.0,0.0,0.00441849069762059,0.0,0,0.0,0.0,0.00441849069762059,0.0,0.0
MAR04559,574,-1.4161339541978304e-14,6.466558789695857e-15,-1.142555045561406e-16,0.0,0,0.0,0.0,0.004364747866934595,0.0,0,0.0,0.0,0.004364747866934595,0.0,0.0
MAR03355,588,-1.4162518474674109e-14,1.1695729156656179e-14,-1.122210914868841e-16,0.0,0,0.0,0.0,0.004261091151880009,0.0,0,0.0,0.0,0.004261091151880009,0.0,0.0
MAR02334,549,-1.41849697339357e-14,1.2637788605356224e-14,-1.1329670873124655e-16,0.0,0,0.0,0.0,0.004562962366977274,0.0,0,0.0,0.0,0.004562962366977274,0.0,0.0
MAR03070,551,-1.4185063690310533e-14,1.24242668068572e-14,-1.1198598700144985e-16,0.0,0,0.0,0.0,0.004546445100963565,0.0,0,0.0,0.0,0.004546445100963565,0.0,0.0
MAR03083,557,-1.418534151104545e-14,1.2436937797525661e-14,-1.1306645910085114e-16,0.0,0,0.0,0.0,0.004497603075155535,0.0,0,0.0,0.0,0.004497603075155535,0.0,0.0
MAR00061,543,-1.4210854715202004e-14,1.1871686057465807e-14,-1.1294799299568515e-16,0.0,0,0.0,0.0,0.004613242186326175,0.0,0,0.0,0.0,0.004613242186326175,0.0,0.0
MAR03633,546,-1.4210854715202004e-14,1.211254468274073e-14,-1.1237032622085958e-16,0.0,0,0.0,0.0,0.004587964526068459,0.0,0,0.0,0.0,0.004587964526068459,0.0,0.0
MAR03771,555,-1.4210854715202007e-14,1.2793756266443584e-14,-1.116095005681304e-16,0.0,0,0.0,0.0,0.004513766730450679,0.0,0,0.0,0.0,0.004513766730450679,0.0,0.0
MAR03439,576,-1.4235526337971455e-14,1.1976595680839546e-14,-1.1088042860695064e-16,0.0,0,0.0,0.0,0.004349632068826215,0.0,0,0.0,0.0,0.004349632068826215,0.0,0.0
MAR10037,575,-1.4235569245141487e-14,1.2220384223145356e-14,-1.1276139065483369e-16,0.0,0,0.0,0.0,0.004357176858116289,0.0,0,0.0,0.0,0.004357176858116289,0.0,0.0
MAR08501,573,-1.423565550877129e-14,1.1066894076238332e-14,-1.1341704491896209e-16,0.0,0,0.0,0.0,0.0043723452321952965,0.0,0,0.0,0.0,0.0043723452321952965,0.0,0.0
MAR08855,563,-1.4236096020202362e-14,1.1469214561890404e-14,-1.1308339762907802e-16,0.0,0,0.0,0.0,0.004449799303901048,0.0,0,0.0,0.0,0.004449799303901048,0.0,0.0
MAR12371,558,-1.4236322196770467e-14,1.2647444041732289e-14,-1.1363820128930308e-16,0.0,0,0.0,0.0,0.004489564580987142,0.0,0,0.0,0.0,0.004489564580987142,0.0,0.0
MAR08547,541,-1.423712246883454e-14,1.2607723348882923e-14,-1.1210028694926362e-16,0.0,0,0.0,0.0,0.004630249273041442,0.0,0,0.0,0.0,0.004630249273041442,0.0,0.0
MAR00456,567,-1.4260981186860566e-14,1.137028644829171e-14,-1.1478245846875944e-16,0.0,0,0.0,0.0,0.00441849069762059,0.0,0,0.0,0.0,0.00441849069762059,0.0,0.0
MAR06183,562,-1.426142715191091e-14,1.1909102337973448e-14,-1.1518954366297258e-16,0.0,0,0.0,0.0,0.0044576959055467585,0.0,0,0.0,0.0,0.0044576959055467585,0.0,0.0
MAR02760,558,-1.4261789678338927e-14,1.2404026254372073e-14,-1.1283902730605966e-16,0.0,0,0.0,0.0,0.004489564580987142,0.0,0,0.0,0.0,0.004489564580987142,0.0,0.0
MAR02638,556,-1.4261972897630788e-14,1.2622845011023569e-14,-1.1356138804021445e-16,0.0,0,0.0,0.0,0.0045056704064922026,0.0,0,0.0,0.0,0.0045056704064922026,0.0,0.0
MAR03920,555,-1.4262065002463992e-14,1.2437700392003209e-14,-1.128659210643996e-16,0.0,0,0.0,0.0,0.004513766730450679,0.0,0,0.0,0.0,0.004513766730450679,0.0,0.0
MAR12187,554,-1.4262157439805625e-14,1.2486172631470588e-14,-1.1320326336486006e-16,0.0,0,0.0,0.0,0.004521892203603858,0.0,0,0.0,0.0,0.004521892203603858,0.0,0.0
MAR04897,552,-1.426234331924259e-14,1.170872598869803e-14,-1.1505810846392663e-16,0.0,0,0.0,0.0,0.004538231229443332,0.0,0,0.0,0.0,0.004538231229443332,0.0,0.0
MAR05203,552,-1.426234331924259e-14,1.2748661623504086e-14,-1.1308317455496545e-16,0.0,0,0.0,0.0,0.004538231229443332,0.0,0,0.0,0.0,0.004538231229443332,0.0,0.0
MAR03196,566,-1.428617726669601e-14,1.1988406771923766e-14,-1.1226695740644145e-16,0.0,0,0.0,0.0,0.0044262764728495866,0.0,0,0.0,0.0,0.0044262764728495866,0.0,0.0
MAR12905,563,-1.428657863020308e-14,1.2332463166916732e-14,-1.1571083718265544e-16,0.0,0,0.0,0.0,0.004449799303901048,0.0,0,0.0,0.0,0.004449799303901048,0.0,0.0
MAR03116,554,-1.4287808802107434e-14,1.2426452699816358e-14,-1.1382391779189656e-16,0.0,0,0.0,0.0,0.004521892203603858,0.0,0,0.0,0.0,0.004521892203603858,0.0,0.0
MAR08915,553,-1.428794795958827e-14,1.2427562304071175e-14,-1.1308370020745977e-16,0.0,0,0.0,0.0,0.00453004698365408,0.0,0,0.0,0.0,0.00453004698365408,0.0,0.0
MAR03191,575,-1.4309712834959932e-14,1.2223112069355064e-14,-1.1330081357977727e-16,0.0,0,0.0,0.0,0.004357176858116289,0.0,0,0.0,0.0,0.004357176858116289,0.0,0.0
MAR02073,568,-1.4310931156858356e-14,1.1559202065617065e-14,-1.151000584048406e-16,0.0,0,0.0,0.0,0.004410732264444036,0.0,0,0.0,0.0,0.004410732264444036,0.0,0.0
MAR07116,558,-1.4312724641475854e-14,1.1911323718886802e-14,-1.1488268835442492e-16,0.0,0,0.0,0.0,0.004489564580987142,0.0,0,0.0,0.0,0.004489564580987142,0.0,0.0
MAR07028,555,-1.431327528972598e-14,1.2317616213800558e-14,-1.1360415804581185e-16,0.0,0,0.0,0.0,0.004513766730450679,0.0,0,0.0,0.0,0.004513766730450679,0.0,0.0
MAR12378,539,-1.4316315603626507e-14,1.3102751186562956e-14,-1.1281137030944166e-16,0.0,0,0.0,0.0,0.004647382219459146,0.0,0,0.0,0.0,0.004647382219459146,0.0,0.0
MAR03816,530,-1.431810644890164e-14,1.175834477113831e-14,-1.1301988386482253e-16,0.0,0,0.0,0.0,0.0047260760867549505,0.0,0,0.0,0.0,0.0047260760867549505,0.0,0.0
MAR09810,576,-1.4334212829049244e-14,1.2248930046780903e-14,-1.132985907570831e-16,0.0,0,0.0,0.0,0.004349632068826215,0.0,0,0.0,0.0,0.004349632068826215,0.0,0.0
MAR08989,556,-1.4338650171273963e-14,1.2466256972795335e-14,-1.132480650725563e-16,0.0,0,0.0,0.0,0.0045056704064922026,0.0,0,0.0,0.0,0.0045056704064922026,0.0,0.0
MAR03242,553,-1.4339343455845783e-14,1.1737041888091387e-14,-1.1377502129463977e-16,0.0,0,0.0,0.0,0.00453004698365408,0.0,0,0.0,0.0,0.00453004698365408,0.0,0.0
MAR06202,549,-1.4340279621533535e-14,1.2394733425819808e-14,-1.1412487429412219e-16,0.0,0,0.0,0.0,0.004562962366977274,0.0,0,0.0,0.0,0.004562962366977274,0.0,0.0
MAR09419,577,-1.4358627901148644e-14,1.2005649494554747e-14,-1.14680552537527e-16,0.0,0,0.0,0.0,0.004342113363096878,0.0,0,0.0,0.0,0.004342113363096878,0.0,0.0
MAR07109,570,-1.4360442659572552e-14,1.1541774104615522e-14,-1.146757242224157e-16,0.0,0,0.0,0.0,0.004395296850147243,0.0,0,0.0,0.0,0.004395296850147243,0.0,0.0
MAR05196,546,-1.4367017953830597e-14,1.2684062419860621e-14,-1.141962000437989e-16,0.0,0,0.0,0.0,0.004587964526068459,0.0,0,0.0,0.0,0.004587964526068459,0.0,0.0
MAR03991,575,-1.4383856424778377e-14,1.2036544998676609e-14,-1.1418245171030339e-16,0.0,0,0.0,0.0,0.004357176858116289,0.0,0,0.0,0.0,0.004357176858116289,0.0,0.0
MAR06732,569,-1.4385680695881115e-14,1.234652339231368e-14,-1.1342073797608803e-16,0.0,0,0.0,0.0,0.004403001029543098,0.0,0,0.0,0.0,0.004403001029543098,0.0,0.0
MAR12146,568,-1.438598848810062e-14,1.2302296035792227e-14,-1.163584246769332e-16,0.0,0,0.0,0.0,0.004410732264444036,0.0,0,0.0,0.0,0.004410732264444036,0.0,0.0
MAR13021,558,-1.438912708618124e-14,1.2957789691841886e-14,-1.1252289760402686e-16,0.0,0,0.0,0.0,0.004489564580987142,0.0,0,0.0,0.0,0.004489564580987142,0.0,0.0
MAR05380,557,-1.43894471442979e-14,1.2344891238102259e-14,-1.1464109880375062e-16,0.0,0,0.0,0.0,0.004497603075155535,0.0,0,0.0,0.0,0.004497603075155535,0.0,0.0
MAR03531,554,-1.4390414251314667e-14,1.2445532946589826e-14,-1.1359540727143682e-16,0.0,0,0.0,0.0,0.004521892203603858,0.0,0,0.0,0.0,0.004521892203603858,0.0,0.0
MAR03883,553,-1.4390738952103296e-14,1.2305157859726463e-14,-1.1429873811075165e-16,0.0,0,0.0,0.0,0.00453004698365408,0.0,0,0.0,0.0,0.00453004698365408,0.0,0.0
MAR08594,549,-1.4392049584066145e-14,1.1519592040460886e-14,-1.150236002618811e-16,0.0,0,0.0,0.0,0.004562962366977274,0.0,0,0.0,0.0,0.004562962366977274,0.0,0.0
MAR03967,567,-1.4411360601836247e-14,1.2333224750735332e-14,-1.1458787637799184e-16,0.0,0,0.0,0.0,0.00441849069762059,0.0,0,0.0,0.0,0.00441849069762059,0.0,0.0
MAR02467,565,-1.4412070357187166e-14,1.1939649842783949e-14,-1.1299841828368657e-16,0.0,0,0.0,0.0,0.004434089734923025,0.0,0,0.0,0.0,0.004434089734923025,0.0,0.0
MAR02049,555,-1.4415695864249962e-14,1.1827868044118153e-14,-1.1459221381338596e-16,0.0,0,0.0,0.0,0.004513766730450679,0.0,0,0.0,0.0,0.004513766730450679,0.0,0.0
MAR03801,552,-1.4416809131364353e-14,1.1608145555423083e-14,-1.143912804824158e-16,0.0,0,0.0,0.0,0.004538231229443332,0.0,0,0.0,0.0,0.004538231229443332,0.0,0.0
MAR11963,548,-1.4418312448270646e-14,1.1956123898308776e-14,-1.1417297286226376e-16,0.0,0,0.0,0.0,0.004571266087298871,0.0,0,0.0,0.0,0.004571266087298871,0.0,0.0
MAR02942,534,-1.4423751415055218e-14,1.2304867642575946e-14,-1.1501979438277514e-16,0.0,0,0.0,0.0,0.004690774475909901,0.0,0,0.0,0.0,0.004690774475909901,0.0,0.0
MAR09854,577,-1.4432514494121967e-14,1.1900852793368357e-14,-1.144979962447609e-16,0.0,0,0.0,0.0,0.004342113363096878,0.0,0,0.0,0.0,0.004342113363096878,0.0,0.0
MAR02610,565,-1.4437222312435314e-14,1.1967403549617659e-14,-1.1438991267025774e-16,0.0,0,0.0,0.0,0.004434089734923025,0.0,0,0.0,0.0,0.004434089734923025,0.0,0.0
MAR01599,586,-1.4453360768362448e-14,1.1262517320437495e-14,-1.1633997631664296e-16,0.0,0,0.0,0.0,0.004275596795360198,0.0,0,0.0,0.0,0.004275596795360198,0.0,0.0
MAR03863,563,-1.4463267765205593e-14,1.1867667793146212e-14,-1.1482749178448257e-16,0.0,0,0.0,0.0,0.004449799303901048,0.0,0,0.0,0.0,0.004449799303901048,0.0,0.0
MAR03186,558,-1.446552953088663e-14,1.2365040094834698e-14,-1.1478250699690744e-16,0.0,0,0.0,0.0,0.004489564580987142,0.0,0,0.0,0.0,0.004489564580987142,0.0,0.0
MAR06158,546,-1.449715398602109e-14,1.2213725166856627e-14,-1.1696651940144404e-16,0.0,0,0.0,0.0,0.004587964526068459,0.0,0,0.0,0.0,0.004587964526068459,0.0,0.0
MAR03280,586,-1.4501861978994537e-14,1.2166731838598038e-14,-1.141121699296611e-16,0.0,0,0.0,0.0,0.004275596795360198,0.0,0,0.0,0.0,0.004275596795360198,0.0,0.0
MAR03575,585,-1.450235942730871e-14,1.212096701944068e-14,-1.1462852367458403e-16,0.0,0,0.0,0.0,0.004282886715357432,0.0,0,0.0,0.0,0.004282886715357432,0.0,0.0
MAR02015,568,-1.451108404017106e-14,1.1522955923945675e-14,-1.1681299502483977e-16,0.0,0,0.0,0.0,0.004410732264444036,0.0,0,0.0,0.0,0.004410732264444036,0.0,0.0
MAR12792,554,-1.451867106282371e-14,1.2593350849087437e-14,-1.1594936046701407e-16,0.0,0,0.0,0.0,0.004521892203603858,0.0,0,0.0,0.0,0.004521892203603858,0.0,0.0
MAR05437,551,-1.4520347013899686e-14,1.1811963194102338e-14,-1.1485886596426772e-16,0.0,0,0.0,0.0,0.004546445100963565,0.0,0,0.0,0.0,0.004546445100963565,0.0,0.0
MAR03682,545,-1.4523754268564253e-14,1.273642523247632e-14,-1.1486203253125014e-16,0.0,0,0.0,0.0,0.004596359577531593,0.0,0,0.0,0.0,0.004596359577531593,0.0,0.0
MAR06107,541,-1.4526067758792437e-14,1.2698488269647874e-14,-1.1639487714167962e-16,0.0,0,0.0,0.0,0.004630249273041442,0.0,0,0.0,0.0,0.004630249273041442,0.0,0.0
MAR01708,583,-1.452773483749639e-14,1.1277297992949956e-14,-1.1741109336887903e-16,0.0,0,0.0,0.0,0.004297541386555887,0.0,0,0.0,0.0,0.004297541386555887,0.0,0.0
MAR09837,571,-1.4559281976170178e-14,1.1866320848871032e-14,-1.1604688743367825e-16,0.0,0,0.0,0.0,0.00438761958448344,0.0,0,0.0,0.0,0.00438761958448344,0.0,0.0
MAR11379,566,-1.4562359955507353e-14,1.199832342348082e-14,-1.1555602291500247e-16,0.0,0,0.0,0.0,0.0044262764728495866,0.0,0,0.0,0.0,0.0044262764728495866,0.0,0.0
MAR12456,560,-1.4566126083082053e-14,1.2317379015222818e-14,-1.174089409036258e-16,0.0,0,0.0,0.0,0.0044735734878779895,0.0,0,0.0,0.0,0.0044735734878779895,0.0,0.0
MAR01385,558,-1.4567399457160476e-14,1.2059315762768333e-14,-1.1800929361692611e-16,0.0,0,0.0,0.0,0.004489564580987142,0.0,0,0.0,0.0,0.004489564580987142,0.0,0.0
MAR05427,558,-1.456739945716048e-14,1.2404593439612463e-14,-1.1606946188698453e-16,0.0,0,0.0,0.0,0.004489564580987142,0.0,0,0.0,0.0,0.004489564580987142,0.0,0.0
MAR03072,558,-1.456739945716048e-14,1.2195456614159321e-14,-1.1512264726848528e-16,0.0,0,0.0,0.0,0.004489564580987142,0.0,0,0.0,0.0,0.004489564580987142,0.0,0.0
MAR06797,557,-1.4568039573393796e-14,1.2148537855698113e-14,-1.1724745013151588e-16,0.0,0,0.0,0.0,0.004497603075155535,0.0,0,0.0,0.0,0.004497603075155535,0.0,0.0
MAR10475,557,-1.4568039573393796e-14,1.2641642773310636e-14,-1.15367313017463e-16,0.0,0,0.0,0.0,0.004497603075155535,0.0,0,0.0,0.0,0.004497603075155535,0.0,0.0
MAR03082,587,-1.4573994103154357e-14,1.164355438015214e-14,-1.1554097648758328e-16,0.0,0,0.0,0.0,0.004268331649559446,0.0,0,0.0,0.0,0.004268331649559446,0.0,0.0
MAR09920,578,-1.4579648522689946e-14,1.1693962619880678e-14,-1.1491333287653432e-16,0.0,0,0.0,0.0,0.004334620605899285,0.0,0,0.0,0.0,0.004334620605899285,0.0,0.0
MAR11476,574,-1.4582218514379755e-14,1.2055487976310932e-14,-1.182439182950281e-16,0.0,0,0.0,0.0,0.004364747866934595,0.0,0,0.0,0.0,0.004364747866934595,0.0,0.0
MAR11412,554,-1.4621276512030942e-14,1.2389013076858979e-14,-1.1821266733297947e-16,0.0,0,0.0,0.0,0.004521892203603858,0.0,0,0.0,0.0,0.004521892203603858,0.0,0.0
MAR03458,577,-1.4629545408717487e-14,1.1410169797679447e-14,-1.1556116632006954e-16,0.0,0,0.0,0.0,0.004342113363096878,0.0,0,0.0,0.0,0.004342113363096878,0.0,0.0
MAR09058,573,-1.4632468205879898e-14,1.2085977905732335e-14,-1.1572519551175427e-16,0.0,0,0.0,0.0,0.0043723452321952965,0.0,0,0.0,0.0,0.0043723452321952965,0.0,0.0
MAR10446,555,-1.464614215692891e-14,1.2444259666981477e-14,-1.1641024441022164e-16,0.0,0,0.0,0.0,0.004513766730450679,0.0,0,0.0,0.0,0.004513766730450679,0.0,0.0
MAR00509,553,-1.4647716433390854e-14,1.2510688713066925e-14,-1.1705978088736566e-16,0.0,0,0.0,0.0,0.00453004698365408,0.0,0,0.0,0.0,0.00453004698365408,0.0,0.0
MAR03736,560,-1.466763218819064e-14,1.1579630246130579e-14,-1.1656114926229034e-16,0.0,0,0.0,0.0,0.0044735734878779895,0.0,0,0.0,0.0,0.0044735734878779895,0.0,0.0
MAR02968,556,-1.4670918357061062e-14,1.2660414388737233e-14,-1.1637175313622693e-16,0.0,0,0.0,0.0,0.0045056704064922026,0.0,0,0.0,0.0,0.0045056704064922026,0.0,0.0
MAR10149,556,-1.4670918357061062e-14,1.2134265605276973e-14,-1.166906064055961e-16,0.0,0,0.0,0.0,0.0045056704064922026,0.0,0,0.0,0.0,0.0045056704064922026,0.0,0.0
MAR06176,546,-1.4679344431087786e-14,1.2124232561220571e-14,-1.1789926839693794e-16,0.0,0,0.0,0.0,0.004587964526068459,0.0,0,0.0,0.0,0.004587964526068459,0.0,0.0
MAR02080,544,-1.468106681974913e-14,1.2075226742433144e-14,-1.1796435481347946e-16,0.0,0,0.0,0.0,0.004604785407758596,0.0,0,0.0,0.0,0.004604785407758596,0.0,0.0
MAR04906,567,-1.4687056195958333e-14,1.163361741402105e-14,-1.175459281465268e-16,0.0,0,0.0,0.0,0.00441849069762059,0.0,0,0.0,0.0,0.00441849069762059,0.0,0.0
MAR11949,557,-1.4695605594176577e-14,1.2596496738172835e-14,-1.191901209695238e-16,0.0,0,0.0,0.0,0.004497603075155535,0.0,0,0.0,0.0,0.004497603075155535,0.0,0.0
MAR05408,549,-1.4702669359261818e-14,1.1965570668027549e-14,-1.1693961922776303e-16,0.0,0,0.0,0.0,0.004562962366977274,0.0,0,0.0,0.0,0.004562962366977274,0.0,0.0
MAR09280,568,-1.4711236923483764e-14,1.1839553571349798e-14,-1.1746468250445656e-16,0.0,0,0.0,0.0,0.004410732264444036,0.0,0,0.0,0.0,0.004410732264444036,0.0,0.0
MAR00451,567,-1.4712119431787612e-14,1.2402406602945036e-14,-1.167485315963878e-16,0.0,0,0.0,0.0,0.00441849069762059,0.0,0,0.0,0.0,0.00441849069762059,0.0,0.0
MAR13051,557,-1.4721118798333134e-14,1.2839657276103225e-14,-1.1444685142935578e-16,0.0,0,0.0,0.0,0.004497603075155535,0.0,0,0.0,0.0,0.004497603075155535,0.0,0.0
MAR01274,554,-1.472388196123818e-14,1.2531368342496736e-14,-1.1696980060730007e-16,0.0,0,0.0,0.0,0.004521892203603858,0.0,0,0.0,0.0,0.004521892203603858,0.0,0.0
MAR06350,548,-1.472949904787361e-14,1.2284448980100445e-14,-1.1848217165078996e-16,0.0,0,0.0,0.0,0.004571266087298871,0.0,0,0.0,0.0,0.004571266087298871,0.0,0.0
MAR09444,575,-1.4729859843931122e-14,1.2213353272290229e-14,-1.1711549263143413e-16,0.0,0,0.0,0.0,0.004357176858116289,0.0,0,0.0,0.0,0.004357176858116289,0.0,0.0
MAR04062,545,-1.4732353970805747e-14,1.2721375691209117e-14,-1.175084877253288e-16,0.0,0,0.0,0.0,0.004596359577531593,0.0,0,0.0,0.0,0.004596359577531593,0.0,0.0
MAR09919,544,-1.4733312609143255e-14,1.2675070696895534e-14,-1.16453399013112e-16,0.0,0,0.0,0.0,0.004604785407758596,0.0,0,0.0,0.0,0.004604785407758596,0.0,0.0
MAR04003,566,-1.473811257566003e-14,1.2024415754900245e-14,-1.1672315383634056e-16,0.0,0,0.0,0.0,0.0044262764728495866,0.0,0,0.0,0.0,0.0044262764728495866,0.0,0.0
MAR02578,561,-1.474281184357855e-14,1.2235304461143189e-14,-1.1699421562296167e-16,0.0,0,0.0,0.0,0.004465620583537596,0.0,0,0.0,0.0,0.004465620583537596,0.0,0.0
MAR02972,559,-1.4744715089118357e-14,1.2552519521160014e-14,-1.1739572975555104e-16,0.0,0,0.0,0.0,0.004481554769642852,0.0,0,0.0,0.0,0.004481554769642852,0.0,0.0
MAR03427,552,-1.4751485057628168e-14,1.1541613355456392e-14,-1.1694097564057002e-16,0.0,0,0.0,0.0,0.004538231229443332,0.0,0,0.0,0.0,0.004538231229443332,0.0,0.0
MAR02681,577,-1.4752689730339687e-14,1.2116916902956855e-14,-1.1687980991303346e-16,0.0,0,0.0,0.0,0.004342113363096878,0.0,0,0.0,0.0,0.004342113363096878,0.0,0.0
MAR03241,574,-1.475552162066271e-14,1.2438387450179111e-14,-1.1625088931200714e-16,0.0,0,0.0,0.0,0.004364747866934595,0.0,0,0.0,0.0,0.004364747866934595,0.0,0.0
MAR08645,572,-1.4757426050402082e-14,1.233637108595403e-14,-1.1724769021137563e-16,0.0,0,0.0,0.0,0.004379969091767465,0.0,0,0.0,0.0,0.004379969091767465,0.0,0.0
MAR09769,578,-1.477633855335018e-14,1.2149305463573259e-14,-1.1660354910576743e-16,0.0,0,0.0,0.0,0.004334620605899285,0.0,0,0.0,0.0,0.004334620605899285,0.0,0.0
MAR02455,574,-1.4780279207274558e-14,1.2138007188454836e-14,-1.1721321816511e-16,0.0,0,0.0,0.0,0.004364747866934595,0.0,0,0.0,0.0,0.004364747866934595,0.0,0.0
MAR03912,573,-1.4781272967295628e-14,1.1184222826945271e-14,-1.1812378061235012e-16,0.0,0,0.0,0.0,0.0043723452321952965,0.0,0,0.0,0.0,0.0043723452321952965,0.0,0.0
MAR03184,581,-1.47978779736613e-14,1.1709070655723738e-14,-1.1708793230119527e-16,0.0,0,0.0,0.0,0.004312296689115291,0.0,0,0.0,0.0,0.004312296689115291,0.0,0.0
MAR04338,531,-1.4799628356886456e-14,1.3993658537724239e-14,-1.154978341621168e-16,0.0,0,0.0,0.0,0.004717200964344275,0.0,0,0.0,0.0,0.004717200964344275,0.0,0.0
MAR03340,575,-1.4804003433749564e-14,1.2271498723045645e-14,-1.164188262861034e-16,0.0,0,0.0,0.0,0.004357176858116289,0.0,0,0.0,0.0,0.004357176858116289,0.0,0.0
MAR00418,544,-1.481168129323444e-14,1.178852976491184e-14,-1.1906590500343138e-16,0.0,0,0.0,0.0,0.004604785407758596,0.0,0,0.0,0.0,0.004604785407758596,0.0,0.0
MAR03935,563,-1.4816646035210615e-14,1.1400503495891526e-14,-1.1837341841829561e-16,0.0,0,0.0,0.0,0.004449799303901048,0.0,0,0.0,0.0,0.004449799303901048,0.0,0.0
MAR01296,562,-1.4817723955708852e-14,1.2128962914709833e-14,-1.1905883430103356e-16,0.0,0,0.0,0.0,0.0044576959055467585,0.0,0,0.0,0.0,0.0044576959055467585,0.0,0.0
MAR02659,558,-1.4822074272845103e-14,1.2059728450183862e-14,-1.1716123027462794e-16,0.0,0,0.0,0.0,0.004489564580987142,0.0,0,0.0,0.0,0.004489564580987142,0.0,0.0
MAR09311,575,-1.4828717963689047e-14,1.2302844214288019e-14,-1.184009650047232e-16,0.0,0,0.0,0.0,0.004357176858116289,0.0,0,0.0,0.0,0.004357176858116289,0.0,0.0
MAR13040,565,-1.4839653596405633e-14,1.3499683959411334e-14,-1.181241651449659e-16,0.0,0,0.0,0.0,0.004434089734923025,0.0,0,0.0,0.0,0.004434089734923025,0.0,0.0
MAR02101,552,-1.4854462265709345e-14,1.2510716056467898e-14,-1.1900632630518595e-16,0.0,0,0.0,0.0,0.004538231229443332,0.0,0,0.0,0.0,0.004538231229443332,0.0,0.0
MAR03135,593,-1.4857891945067864e-14,1.184706275102662e-14,-1.1712970383788337e-16,0.0,0,0.0,0.0,0.0042252540320499845,0.0,0,0.0,0.0,0.0042252540320499845,0.0,0.0
MAR12425,562,-1.4868296392417757e-14,1.1985041589997827e-14,-1.209310476937287e-16,0.0,0,0.0,0.0,0.0044576959055467585,0.0,0,0.0,0.0,0.0044576959055467585,0.0,0.0
MAR02561,539,-1.486998526785516e-14,1.274838535345918e-14,-1.1855431281857116e-16,0.0,0,0.0,0.0,0.004647382219459146,0.0,0,0.0,0.0,0.004647382219459146,0.0,0.0
MAR07124,560,-1.4870644398407812e-14,6.851142876102854e-15,-1.203628007241352e-16,0.0,0,0.0,0.0,0.0044735734878779895,0.0,0,0.0,0.0,0.0044735734878779895,0.0,0.0
MAR09002,558,-1.4873009235982027e-14,1.2764137094051152e-14,-1.1724889335437828e-16,0.0,0,0.0,0.0,0.004489564580987142,0.0,0,0.0,0.0,0.004489564580987142,0.0,0.0
MAR11529,549,-1.488386422812596e-14,1.2865401645943628e-14,-1.172631607570695e-16,0.0,0,0.0,0.0,0.004562962366977274,0.0,0,0.0,0.0,0.004562962366977274,0.0,0.0
MAR02460,564,-1.489116158986593e-14,1.1400616488152713e-14,-1.1891982957289752e-16,0.0,0,0.0,0.0,0.004441930629657058,0.0,0,0.0,0.0,0.004441930629657058,0.0,0.0
MAR03510,583,-1.4893365747836065e-14,1.211175395024066e-14,-1.1702456044951525e-16,0.0,0,0.0,0.0,0.004297541386555887,0.0,0,0.0,0.0,0.004297541386555887,0.0,0.0
MAR01262,562,-1.4893582610772207e-14,1.2125971582739831e-14,-1.2047191579838397e-16,0.0,0,0.0,0.0,0.0044576959055467585,0.0,0,0.0,0.0,0.0044576959055467585,0.0,0.0
MAR06201,581,-1.489571518340451e-14,1.189163607973516e-14,-1.1887115377322992e-16,0.0,0,0.0,0.0,0.004312296689115291,0.0,0,0.0,0.0,0.004312296689115291,0.0,0.0
MAR00525,577,-1.490046291628633e-14,1.1752311451097256e-14,-1.184370730138537e-16,0.0,0,0.0,0.0,0.004342113363096878,0.0,0,0.0,0.0,0.004342113363096878,0.0,0.0
MAR05177,552,-1.490595086974993e-14,1.2507685571235838e-14,-1.1845179925798674e-16,0.0,0,0.0,0.0,0.004538231229443332,0.0,0,0.0,0.0,0.004538231229443332,0.0,0.0
MAR08454,551,-1.4907212387271792e-14,1.1860604918777055e-14,-1.1818897211038457e-16,0.0,0,0.0,0.0,0.004546445100963565,0.0,0,0.0,0.0,0.004546445100963565,0.0,0.0
MAR06679,561,-1.492013088637073e-14,1.1957276218068312e-14,-1.1926242867862716e-16,0.0,0,0.0,0.0,0.004465620583537596,0.0,0,0.0,0.0,0.004465620583537596,0.0,0.0
MAR09231,580,-1.4921397450962105e-14,1.2012670364825944e-14,-1.1941965953870157e-16,0.0,0,0.0,0.0,0.004319712401627411,0.0,0,0.0,0.0,0.004319712401627411,0.0,0.0
MAR12239,553,-1.493039166280717e-14,1.2684257292256055e-14,-1.1833007306617452e-16,0.0,0,0.0,0.0,0.00453004698365408,0.0,0,0.0,0.0,0.00453004698365408,0.0,0.0
MAR00394,549,-1.4935634190658572e-14,1.1323581716817497e-14,-1.1942658672544496e-16,0.0,0,0.0,0.0,0.004562962366977274,0.0,0,0.0,0.0,0.004562962366977274,0.0,0.0
MAR09362,548,-1.4936956780942253e-14,1.1847915290459145e-14,-1.193347031074759e-16,0.0,0,0.0,0.0,0.004571266087298871,0.0,0,0.0,0.0,0.004571266087298871,0.0,0.0
MAR00313,564,-1.4941554691692886e-14,1.1576541226762642e-14,-1.1995225083207145e-16,0.0,0,0.0,0.0,0.004441930629657058,0.0,0,0.0,0.0,0.004441930629657058,0.0,0.0
MAR09293,561,-1.4945462178198187e-14,1.2534560996707988e-14,-1.183053290040048e-16,0.0,0,0.0,0.0,0.004465620583537596,0.0,0,0.0,0.0,0.004465620583537596,0.0,0.0
MAR02479,566,-1.4964080230142038e-14,1.2337145034759454e-14,-1.1906823810361746e-16,0.0,0,0.0,0.0,0.0044262764728495866,0.0,0,0.0,0.0,0.0044262764728495866,0.0,0.0
MAR01804,562,-1.4969441265835565e-14,1.2242538703487114e-14,-1.207163197039485e-16,0.0,0,0.0,0.0,0.0044576959055467585,0.0,0,0.0,0.0,0.0044576959055467585,0.0,0.0
MAR03304,560,-1.49721505035164e-14,1.2415576387771989e-14,-1.1856313386201209e-16,0.0,0,0.0,0.0,0.0044735734878779895,0.0,0,0.0,0.0,0.0044735734878779895,0.0,0.0
MAR00593,555,-1.497900902413184e-14,1.1706760659922847e-14,-1.193401042075133e-16,0.0,0,0.0,0.0,0.004513766730450679,0.0,0,0.0,0.0,0.004513766730450679,0.0,0.0
MAR01570,570,-1.4983725761116498e-14,1.098189347533154e-14,-1.1960964476087784e-16,0.0,0,0.0,0.0,0.004395296850147243,0.0,0,0.0,0.0,0.004395296850147243,0.0,0.0
MAR11948,564,-1.4991947793519846e-14,1.2254196289484571e-14,-1.198328575806688e-16,0.0,0,0.0,0.0,0.004441930629657058,0.0,0,0.0,0.0,0.004441930629657058,0.0,0.0
MAR03203,563,-1.499333517021313e-14,1.2411711041850132e-14,-1.191993135958289e-16,0.0,0,0.0,0.0,0.004449799303901048,0.0,0,0.0,0.0,0.004449799303901048,0.0,0.0
MAR09035,586,-1.501112469063147e-14,1.2162019482353027e-14,-1.1865655699892708e-16,0.0,0,0.0,0.0,0.004275596795360198,0.0,0,0.0,0.0,0.004275596795360198,0.0,0.0
MAR10181,563,-1.5018576475213485e-14,1.2476512949642202e-14,-1.1868843769745223e-16,0.0,0,0.0,0.0,0.004449799303901048,0.0,0,0.0,0.0,0.004449799303901048,0.0,0.0
MAR09012,558,-1.50258141253928e-14,1.252336084725144e-14,-1.1926793840073996e-16,0.0,0,0.0,0.0,0.004489564580987142,0.0,0,0.0,0.0,0.004489564580987142,0.0,0.0
MAR10384,553,-1.5033182655322192e-14,1.224709688263303e-14,-1.195639791984981e-16,0.0,0,0.0,0.0,0.00453004698365408,0.0,0,0.0,0.0,0.00453004698365408,0.0,0.0
MAR12342,570,-1.5033588409240017e-14,1.1967849815571733e-14,-1.2225724544122506e-16,0.0,0,0.0,0.0,0.004395296850147243,0.0,0,0.0,0.0,0.004395296850147243,0.0,0.0
MAR03501,586,-1.5035375295947515e-14,1.1829326833712744e-14,-1.185133924368297e-16,0.0,0,0.0,0.0,0.004275596795360198,0.0,0,0.0,0.0,0.004275596795360198,0.0,0.0
MAR02374,565,-1.5040869238390796e-14,1.209504033972623e-14,-1.1974688318126138e-16,0.0,0,0.0,0.0,0.004434089734923025,0.0,0,0.0,0.0,0.004434089734923025,0.0,0.0
MAR02979,546,-1.5043725321221172e-14,1.2396592333448368e-14,-1.1970949863518395e-16,0.0,0,0.0,0.0,0.004587964526068459,0.0,0,0.0,0.0,0.004587964526068459,0.0,0.0
MAR04590,561,-1.5046787345508004e-14,1.1269774117751193e-14,-1.2145382996384991e-16,0.0,0,0.0,0.0,0.004465620583537596,0.0,0,0.0,0.0,0.004465620583537596,0.0,0.0
MAR00526,577,-1.504823610223297e-14,1.1827386791453974e-14,-1.1934746106056715e-16,0.0,0,0.0,0.0,0.004342113363096878,0.0,0,0.0,0.0,0.004342113363096878,0.0,0.0
MAR02649,560,-1.5048280082347836e-14,1.1685600089252907e-14,-1.2035943285719442e-16,0.0,0,0.0,0.0,0.0044735734878779895,0.0,0,0.0,0.0,0.0044735734878779895,0.0,0.0
MAR09266,575,-1.5051148733144383e-14,1.2129141667451925e-14,-1.1875012050233894e-16,0.0,0,0.0,0.0,0.004357176858116289,0.0,0,0.0,0.0,0.004357176858116289,0.0,0.0
MAR08682,581,-1.5066930300455138e-14,1.1219197471448167e-14,-1.2005086773303073e-16,0.0,0,0.0,0.0,0.004312296689115291,0.0,0,0.0,0.0,0.004312296689115291,0.0,0.0
MAR05436,562,-1.507058613925337e-14,1.254762410957019e-14,-1.1978183667798003e-16,0.0,0,0.0,0.0,0.0044576959055467585,0.0,0,0.0,0.0,0.0044576959055467585,0.0,0.0
MAR10227,574,-1.507737024661676e-14,1.2141870992404424e-14,-1.196447122948292e-16,0.0,0,0.0,0.0,0.004364747866934595,0.0,0,0.0,0.0,0.004364747866934595,0.0,0.0
MAR03865,556,-1.5079863816491336e-14,1.2630462211862353e-14,-1.198553732646621e-16,0.0,0,0.0,0.0,0.0045056704064922026,0.0,0,0.0,0.0,0.0045056704064922026,0.0,0.0
MAR03714,556,-1.507986381649134e-14,1.2849042604065402e-14,-1.1848394355887447e-16,0.0,0,0.0,0.0,0.0045056704064922026,0.0,0,0.0,0.0,0.0045056704064922026,0.0,0.0
MAR12920,555,-1.508142959865582e-14,1.3409080456465736e-14,-1.2017510902125242e-16,0.0,0,0.0,0.0,0.004513766730450679,0.0,0,0.0,0.0,0.004513766730450679,0.0,0.0
MAR08752,567,-1.508806796922682e-14,1.2532465430740678e-14,-1.1892648452585297e-16,0.0,0,0.0,0.0,0.00441849069762059,0.0,0,0.0,0.0,0.00441849069762059,0.0,0.0
MAR02036,583,-1.508836890001722e-14,1.1051664353528088e-14,-1.1998728527501717e-16,0.0,0,0.0,0.0,0.004297541386555887,0.0,0,0.0,0.0,0.004297541386555887,0.0,0.0
MAR02113,590,-1.51020439092062e-14,1.1711027837514389e-14,-1.2038411970417237e-16,0.0,0,0.0,0.0,0.0042466836008472324,0.0,0,0.0,0.0,0.0042466836008472324,0.0,0.0
MAR02943,558,-1.510221657009819e-14,1.2388952124594252e-14,-1.1994003729215613e-16,0.0,0,0.0,0.0,0.004489564580987142,0.0,0,0.0,0.0,0.004489564580987142,0.0,0.0
MAR08601,555,-1.5107034742286815e-14,1.2633834426324353e-14,-1.2000786512715246e-16,0.0,0,0.0,0.0,0.004513766730450679,0.0,0,0.0,0.0,0.004513766730450679,0.0,0.0
MAR10440,552,-1.5111905285912275e-14,1.1633882128778026e-14,-1.2011071360737155e-16,0.0,0,0.0,0.0,0.004538231229443332,0.0,0,0.0,0.0,0.004538231229443332,0.0,0.0
MAR00515,567,-1.51131312050561e-14,1.1233307727178086e-14,-1.206614779136244e-16,0.0,0,0.0,0.0,0.00441849069762059,0.0,0,0.0,0.0,0.00441849069762059,0.0,0.0
MAR05120,562,-1.5121158575962275e-14,1.2523346409177535e-14,-1.1941492293061255e-16,0.0,0,0.0,0.0,0.0044576959055467585,0.0,0,0.0,0.0,0.0044576959055467585,0.0,0.0
MAR00528,543,-1.51268398257583e-14,1.2745615544243608e-14,-1.2081542387822887e-16,0.0,0,0.0,0.0,0.004613242186326175,0.0,0,0.0,0.0,0.004613242186326175,0.0,0.0
MAR03637,542,-1.512852983518737e-14,1.3132949476584236e-14,-1.1855480083808723e-16,0.0,0,0.0,0.0,0.00462173008405905,0.0,0,0.0,0.0,0.00462173008405905,0.0,0.0
MAR03752,558,-1.5153151533235115e-14,1.2569307218555793e-14,-1.1876724162212894e-16,0.0,0,0.0,0.0,0.004489564580987142,0.0,0,0.0,0.0,0.004489564580987142,0.0,0.0
MAR03656,567,-1.516325767671466e-14,1.2550995235643273e-14,-1.1953070793305521e-16,0.0,0,0.0,0.0,0.00441849069762059,0.0,0,0.0,0.0,0.00441849069762059,0.0,0.0
MAR01595,566,-1.5164940367459383e-14,1.1441491532334286e-14,-1.209577284688725e-16,0.0,0,0.0,0.0,0.0044262764728495866,0.0,0,0.0,0.0,0.0044262764728495866,0.0,0.0
MAR03205,565,-1.5166629014631522e-14,1.247010766352799e-14,-1.1969266478399277e-16,0.0,0,0.0,0.0,0.004434089734923025,0.0,0,0.0,0.0,0.004434089734923025,0.0,0.0
MAR01863,542,-1.5180968413472252e-14,1.187467288446503e-14,-1.2109714958995294e-16,0.0,0,0.0,0.0,0.00462173008405905,0.0,0,0.0,0.0,0.00462173008405905,0.0,0.0
MAR00436,569,-1.5184885178985622e-14,1.2147989354212362e-14,-1.210759690483721e-16,0.0,0,0.0,0.0,0.004403001029543098,0.0,0,0.0,0.0,0.004403001029543098,0.0,0.0
MAR02016,568,-1.5186600021351438e-14,1.1325482393299081e-14,-1.21046957349023e-16,0.0,0,0.0,0.0,0.004410732264444036,0.0,0,0.0,0.0,0.004410732264444036,0.0,0.0
MAR12989,552,-1.5189138191973157e-14,1.2839051649268933e-14,-1.2180539038547604e-16,0.0,0,0.0,0.0,0.004538231229443332,0.0,0,0.0,0.0,0.004538231229443332,0.0,0.0
MAR12794,566,-1.519004788462405e-14,7.250973974845891e-15,-1.2374987856145299e-16,0.0,0,0.0,0.0,0.0044262764728495866,0.0,0,0.0,0.0,0.0044262764728495866,0.0,0.0
MAR03202,559,-1.5202309695332375e-14,1.2532596401811999e-14,-1.2053072369823275e-16,0.0,0,0.0,0.0,0.004481554769642852,0.0,0,0.0,0.0,0.004481554769642852,0.0,0.0
MAR03647,556,-1.5207659272563295e-14,1.2829631100601207e-14,-1.2004003412169666e-16,0.0,0,0.0,0.0,0.0045056704064922026,0.0,0,0.0,0.0,0.0045056704064922026,0.0,0.0
MAR03407,570,-1.5208107677672323e-14,1.2483576051699259e-14,-1.1909036920685594e-16,0.0,0,0.0,0.0,0.004395296850147243,0.0,0,0.0,0.0,0.004395296850147243,0.0,0.0
MAR03200,554,-1.521125784497254e-14,1.1581646109408763e-14,-1.2158584165119344e-16,0.0,0,0.0,0.0,0.004521892203603858,0.0,0,0.0,0.0,0.004521892203603858,0.0,0.0
MAR02110,568,-1.5211619131765524e-14,1.2338540833831012e-14,-1.2132444940331508e-16,0.0,0,0.0,0.0,0.004410732264444036,0.0,0,0.0,0.0,0.004410732264444036,0.0,0.0
MAR05382,538,-1.52145953828185e-14,1.3079312517657814e-14,-1.208215490345628e-16,0.0,0,0.0,0.0,0.004655996327465773,0.0,0,0.0,0.0,0.004655996327465773,0.0,0.0
MAR07766,563,-1.5220506915216354e-14,1.1902878149246113e-14,-1.2180751731058144e-16,0.0,0,0.0,0.0,0.004449799303901048,0.0,0,0.0,0.0,0.004449799303901048,0.0,0.0
MAR02512,577,-1.5220638152504053e-14,1.1158039206472412e-14,-1.2138498603684818e-16,0.0,0,0.0,0.0,0.004342113363096878,0.0,0,0.0,0.0,0.004342113363096878,0.0,0.0
MAR02989,561,-1.5224106388300186e-14,1.2469199796805382e-14,-1.2012274427976387e-16,0.0,0,0.0,0.0,0.004465620583537596,0.0,0,0.0,0.0,0.004465620583537596,0.0,0.0
MAR12434,555,-1.523506046044179e-14,1.2242553177996419e-14,-1.2078910167342765e-16,0.0,0,0.0,0.0,0.004513766730450679,0.0,0,0.0,0.0,0.004513766730450679,0.0,0.0
MAR03454,558,-1.5255021459508962e-14,1.1826030620105487e-14,-1.219263199216857e-16,0.0,0,0.0,0.0,0.004489564580987142,0.0,0,0.0,0.0,0.004489564580987142,0.0,0.0
MAR10492,544,-1.5255770503084503e-14,1.2882006382213993e-14,-1.2047639413302115e-16,0.0,0,0.0,0.0,0.004604785407758596,0.0,0,0.0,0.0,0.004604785407758596,0.0,0.0
MAR10320,544,-1.5255770503084503e-14,1.2524766941740688e-14,-1.2092499283187394e-16,0.0,0,0.0,0.0,0.004604785407758596,0.0,0,0.0,0.0,0.004604785407758596,0.0,0.0
MAR09463,583,-1.5258996658175737e-14,1.1604084450572769e-14,-1.2092465719301202e-16,0.0,0,0.0,0.0,0.004297541386555887,0.0,0,0.0,0.0,0.004297541386555887,0.0,0.0
MAR03333,582,-1.526079758934923e-14,1.2233643533812045e-14,-1.205939132370585e-16,0.0,0,0.0,0.0,0.004304906394243486,0.0,0,0.0,0.0,0.004304906394243486,0.0,0.0
MAR02762,554,-1.5262560569576158e-14,1.171215115817457e-14,-1.227671906743273e-16,0.0,0,0.0,0.0,0.004521892203603858,0.0,0,0.0,0.0,0.004521892203603858,0.0,0.0
MAR03908,575,-1.527357950259972e-14,1.2227411653262618e-14,-1.2027025842259993e-16,0.0,0,0.0,0.0,0.004357176858116289,0.0,0,0.0,0.0,0.004357176858116289,0.0,0.0
MAR10212,559,-1.5278575463034713e-14,1.2508773158848623e-14,-1.2188949884190711e-16,0.0,0,0.0,0.0,0.004481554769642852,0.0,0,0.0,0.0,0.004481554769642852,0.0,0.0
MAR02669,571,-1.5281024159604258e-14,1.1868049019247359e-14,-1.2132958045068074e-16,0.0,0,0.0,0.0,0.00438761958448344,0.0,0,0.0,0.0,0.00438761958448344,0.0,0.0
MAR00284,571,-1.5281024159604258e-14,1.0862127451866878e-14,-1.2228441599501292e-16,0.0,0,0.0,0.0,0.00438761958448344,0.0,0,0.0,0.0,0.00438761958448344,0.0,0.0
MAR09640,543,-1.528386584471081e-14,1.252220350951548e-14,-1.2205129185020156e-16,0.0,0,0.0,0.0,0.004613242186326175,0.0,0,0.0,0.0,0.004613242186326175,0.0,0.0
MAR02545,556,-1.528433654620647e-14,1.2600345422256798e-14,-1.2133514344321242e-16,0.0,0,0.0,0.0,0.0045056704064922026,0.0,0,0.0,0.0,0.0045056704064922026,0.0,0.0
MAR03339,545,-1.5306003151969863e-14,1.2010572314356098e-14,-1.2200978794824822e-16,0.0,0,0.0,0.0,0.004596359577531593,0.0,0,0.0,0.0,0.004596359577531593,0.0,0.0
MAR02398,570,-1.5307832973919355e-14,1.201529671495954e-14,-1.2252719154503265e-16,0.0,0,0.0,0.0,0.004395296850147243,0.0,0,0.0,0.0,0.004395296850147243,0.0,0.0
MAR03587,556,-1.5309895637420863e-14,1.2757847689667924e-14,-1.2066654764100162e-16,0.0,0,0.0,0.0,0.0045056704064922026,0.0,0,0.0,0.0,0.0045056704064922026,0.0,0.0
MAR00700,550,-1.532188517475416e-14,1.1790820666481336e-14,-1.2210383544316105e-16,0.0,0,0.0,0.0,0.0045546887593671224,0.0,0,0.0,0.0,0.0045546887593671224,0.0,0.0
MAR12941,562,-1.532344832279789e-14,1.2370011429350217e-14,-1.2208921449746318e-16,0.0,0,0.0,0.0,0.0044576959055467585,0.0,0,0.0,0.0,0.0044576959055467585,0.0,0.0
MAR03820,573,-1.532689042581996e-14,1.1907112426801982e-14,-1.2108698002761564e-16,0.0,0,0.0,0.0,0.0043723452321952965,0.0,0,0.0,0.0,0.0043723452321952965,0.0,0.0
MAR09355,560,-1.5327421871396446e-14,1.2550618764758294e-14,-1.2180763220780248e-16,0.0,0,0.0,0.0,0.0044735734878779895,0.0,0,0.0,0.0,0.0044735734878779895,0.0,0.0
MAR03520,593,-1.5337178782005538e-14,1.1624015948415656e-14,-1.2089139514005757e-16,0.0,0,0.0,0.0,0.0042252540320499845,0.0,0,0.0,0.0,0.0042252540320499845,0.0,0.0
MAR03523,564,-1.5344699506308546e-14,1.2469101463130653e-14,-1.2021929736527637e-16,0.0,0,0.0,0.0,0.004441930629657058,0.0,0,0.0,0.0,0.004441930629657058,0.0,0.0
MAR11378,548,-1.5351872247079537e-14,1.175113413700611e-14,-1.2128424458934677e-16,0.0,0,0.0,0.0,0.004571266087298871,0.0,0,0.0,0.0,0.004571266087298871,0.0,0.0
MAR07036,544,-1.5360262081872753e-14,1.2477499594286896e-14,-1.2194505202047627e-16,0.0,0,0.0,0.0,0.004604785407758596,0.0,0,0.0,0.0,0.004604785407758596,0.0,0.0
MAR02546,554,-1.5365166018783395e-14,1.2711034986324481e-14,-1.2214600095354677e-16,0.0,0,0.0,0.0,0.004521892203603858,0.0,0,0.0,0.0,0.004521892203603858,0.0,0.0
MAR12808,564,-1.5369896057222028e-14,1.2545245720685645e-14,-1.2249042469657096e-16,0.0,0,0.0,0.0,0.004441930629657058,0.0,0,0.0,0.0,0.004441930629657058,0.0,0.0
MAR03108,571,-1.5380574805595167e-14,1.2097424105233239e-14,-1.2193742221552353e-16,0.0,0,0.0,0.0,0.00438761958448344,0.0,0,0.0,0.0,0.00438761958448344,0.0,0.0
MAR06742,558,-1.5382358867351273e-14,1.210718908466943e-14,-1.2368022683015602e-16,0.0,0,0.0,0.0,0.004489564580987142,0.0,0,0.0,0.0,0.004489564580987142,0.0,0.0
MAR02618,570,-1.5382626946104626e-14,1.2373103217571694e-14,-1.218233532035856e-16,0.0,0,0.0,0.0,0.004395296850147243,0.0,0,0.0,0.0,0.004395296850147243,0.0,0.0
MAR00500,567,-1.5388826799178185e-14,1.213232448314365e-14,-1.2274981258356611e-16,0.0,0,0.0,0.0,0.00441849069762059,0.0,0,0.0,0.0,0.00441849069762059,0.0,0.0
MAR03307,559,-1.5405685075871943e-14,1.2757843875898853e-14,-1.2156134588555294e-16,0.0,0,0.0,0.0,0.004481554769642852,0.0,0,0.0,0.0,0.004481554769642852,0.0,0.0
MAR10385,576,-1.5419764230904952e-14,1.2132134600687404e-14,-1.2270000309396656e-16,0.0,0,0.0,0.0,0.004349632068826215,0.0,0,0.0,0.0,0.004349632068826215,0.0,0.0
MAR00256,537,-1.5428171878887837e-14,1.287544830682729e-14,-1.235020721036388e-16,0.0,0,0.0,0.0,0.004664642427888463,0.0,0,0.0,0.0,0.004664642427888463,0.0,0.0
MAR03114,571,-1.5430350128590617e-14,1.1353883310697271e-14,-1.2278331120983664e-16,0.0,0,0.0,0.0,0.00438761958448344,0.0,0,0.0,0.0,0.00438761958448344,0.0,0.0
MAR02737,559,-1.5431106998439384e-14,1.2592420380460644e-14,-1.220789966164776e-16,0.0,0,0.0,0.0,0.004481554769642852,0.0,0,0.0,0.0,0.004481554769642852,0.0,0.0
MAR02065,559,-1.5431106998439387e-14,1.2324214148542048e-14,-1.2340732069634126e-16,0.0,0,0.0,0.0,0.004481554769642852,0.0,0,0.0,0.0,0.004481554769642852,0.0,0.0
MAR09398,547,-1.5431897076471646e-14,1.2774765367628789e-14,-1.2270446127620661e-16,0.0,0,0.0,0.0,0.004579600085029117,0.0,0,0.0,0.0,0.004579600085029117,0.0,0.0
MAR09685,545,-1.54363779658708e-14,1.2627317400517613e-14,-1.2164256138945702e-16,0.0,0,0.0,0.0,0.004596359577531593,0.0,0,0.0,0.0,0.004596359577531593,0.0,0.0
MAR12806,555,-1.5439901609489745e-14,1.2729521207950373e-14,-1.2263699517482477e-16,0.0,0,0.0,0.0,0.004513766730450679,0.0,0,0.0,0.0,0.004513766730450679,0.0,0.0
MAR03189,578,-1.5440167406828475e-14,1.2191437377770062e-14,-1.2241303363375207e-16,0.0,0,0.0,0.0,0.004334620605899285,0.0,0,0.0,0.0,0.004334620605899285,0.0,0.0
MAR01691,564,-1.5445485709962463e-14,1.2281295714110604e-14,-1.238050659324106e-16,0.0,0,0.0,0.0,0.004441930629657058,0.0,0,0.0,0.0,0.004441930629657058,0.0,0.0
MAR10174,562,-1.544987941457015e-14,1.2139777647023528e-14,-1.2246985492098872e-16,0.0,0,0.0,0.0,0.0044576959055467585,0.0,0,0.0,0.0,0.0044576959055467585,0.0,0.0
MAR06422,568,-1.5461810235906405e-14,1.1768110622251782e-14,-1.2538033299389395e-16,0.0,0,0.0,0.0,0.004410732264444036,0.0,0,0.0,0.0,0.004410732264444036,0.0,0.0
MAR01997,542,-1.5469380594039083e-14,1.2773925787560846e-14,-1.2348882251842138e-16,0.0,0,0.0,0.0,0.00462173008405905,0.0,0,0.0,0.0,0.00462173008405905,0.0,0.0
MAR09853,549,-1.5479218797251e-14,1.274272306120186e-14,-1.2216939206250056e-16,0.0,0,0.0,0.0,0.004562962366977274,0.0,0,0.0,0.0,0.004562962366977274,0.0,0.0
MAR03729,546,-1.5486187830668852e-14,1.2504694529056364e-14,-1.2183551831863194e-16,0.0,0,0.0,0.0,0.004587964526068459,0.0,0,0.0,0.0,0.004587964526068459,0.0,0.0
MAR01003,552,-1.5498069816216677e-14,1.1394940644008199e-14,-1.2451232226237562e-16,0.0,0,0.0,0.0,0.004538231229443332,0.0,0,0.0,0.0,0.004538231229443332,0.0,0.0
MAR03807,563,-1.5498161270220302e-14,1.2648699906120621e-14,-1.2236807474956768e-16,0.0,0,0.0,0.0,0.004449799303901048,0.0,0,0.0,0.0,0.004449799303901048,0.0,0.0
MAR09812,550,-1.5502750598402185e-14,1.2701822795518e-14,-1.2306699760897834e-16,0.0,0,0.0,0.0,0.0045546887593671224,0.0,0,0.0,0.0,0.0045546887593671224,0.0,0.0
MAR03905,572,-1.5502750598402185e-14,1.2315606442580199e-14,-1.2331371224175083e-16,0.0,0,0.0,0.0,0.004379969091767465,0.0,0,0.0,0.0,0.004379969091767465,0.0,0.0
MAR03017,588,-1.551593320945525e-14,1.1987764338032622e-14,-1.23853128730293e-16,0.0,0,0.0,0.0,0.004261091151880009,0.0,0,0.0,0.0,0.004261091151880009,0.0,0.0
MAR02986,551,-1.552619698466716e-14,1.2564624333911872e-14,-1.231501410087274e-16,0.0,0,0.0,0.0,0.004546445100963565,0.0,0,0.0,0.0,0.004546445100963565,0.0,0.0
MAR04918,571,-1.5529900774581523e-14,1.1462154405232787e-14,-1.249249950157115e-16,0.0,0,0.0,0.0,0.00438761958448344,0.0,0,0.0,0.0,0.00438761958448344,0.0,0.0
MAR03338,570,-1.5532214890475177e-14,1.2127062585175038e-14,-1.2312129531830134e-16,0.0,0,0.0,0.0,0.004395296850147243,0.0,0,0.0,0.0,0.004395296850147243,0.0,0.0
MAR09783,537,-1.55340255452953e-14,1.2102227215782896e-14,-1.2403124024182934e-16,0.0,0,0.0,0.0,0.004664642427888463,0.0,0,0.0,0.0,0.004664642427888463,0.0,0.0
MAR04972,568,-1.553686756714867e-14,1.129420471343449e-14,-1.2481603868096747e-16,0.0,0,0.0,0.0,0.004410732264444036,0.0,0,0.0,0.0,0.004410732264444036,0.0,0.0
MAR02656,545,-1.554067781699155e-14,1.291910208887343e-14,-1.2317876314951813e-16,0.0,0,0.0,0.0,0.004596359577531593,0.0,0,0.0,0.0,0.004596359577531593,0.0,0.0
MAR07709,545,-1.554067781699155e-14,1.1941794387373422e-14,-1.2402013467260793e-16,0.0,0,0.0,0.0,0.004596359577531593,0.0,0,0.0,0.0,0.004596359577531593,0.0,0.0
MAR07075,551,-1.5551988009558636e-14,1.2801190156124528e-14,-1.2269183566577496e-16,0.0,0,0.0,0.0,0.004546445100963565,0.0,0,0.0,0.0,0.004546445100963565,0.0,0.0
MAR01387,571,-1.555478843607925e-14,1.1601319862575959e-14,-1.2578056943260104e-16,0.0,0,0.0,0.0,0.00438761958448344,0.0,0,0.0,0.0,0.00438761958448344,0.0,0.0
MAR02994,580,-1.5558435765781508e-14,1.1826205828679923e-14,-1.238888693338197e-16,0.0,0,0.0,0.0,0.004319712401627411,0.0,0,0.0,0.0,0.004319712401627411,0.0,0.0
MAR09639,557,-1.5563054535499502e-14,1.241203276464178e-14,-1.2426277074632613e-16,0.0,0,0.0,0.0,0.004497603075155535,0.0,0,0.0,0.0,0.004497603075155535,0.0,0.0
MAR01753,578,-1.5563098675991122e-14,1.1945888767346888e-14,-1.2524633254598513e-16,0.0,0,0.0,0.0,0.004334620605899285,0.0,0,0.0,0.0,0.004334620605899285,0.0,0.0
MAR02640,574,-1.5572521978853767e-14,1.1971389458754457e-14,-1.2361682198701458e-16,0.0,0,0.0,0.0,0.004364747866934595,0.0,0,0.0,0.0,0.004364747866934595,0.0,0.0
MAR07663,572,-1.5577283053202198e-14,1.1799849676069855e-14,-1.2516963756831253e-16,0.0,0,0.0,0.0,0.004379969091767465,0.0,0,0.0,0.0,0.004379969091767465,0.0,0.0
MAR01121,581,-1.5580575651607017e-14,1.1817472910071502e-14,-1.2638828477818583e-16,0.0,0,0.0,0.0,0.004312296689115291,0.0,0,0.0,0.0,0.004312296689115291,0.0,0.0
MAR00438,558,-1.558609871989897e-14,1.1507093207672494e-14,-1.2512144879927135e-16,0.0,0,0.0,0.0,0.004489564580987142,0.0,0,0.0,0.0,0.004489564580987142,0.0,0.0
MAR10355,558,-1.558609871989897e-14,1.262862118635345e-14,-1.2351683084281042e-16,0.0,0,0.0,0.0,0.004489564580987142,0.0,0,0.0,0.0,0.004489564580987142,0.0,0.0
MAR05329,558,-1.5586098719898974e-14,1.2394142440977157e-14,-1.232716519694959e-16,0.0,0,0.0,0.0,0.004489564580987142,0.0,0,0.0,0.0,0.004489564580987142,0.0,0.0
MAR00440,567,-1.5589332685812428e-14,1.2160936254253441e-14,-1.2447654713203604e-16,0.0,0,0.0,0.0,0.00441849069762059,0.0,0,0.0,0.0,0.00441849069762059,0.0,0.0
MAR04329,565,-1.5594212253849985e-14,1.3100953978213343e-14,-1.2305080589981506e-16,0.0,0,0.0,0.0,0.004434089734923025,0.0,0,0.0,0.0,0.004434089734923025,0.0,0.0
MAR01061,543,-1.559791788261583e-14,1.2200180660154842e-14,-1.262282446347152e-16,0.0,0,0.0,0.0,0.004613242186326175,0.0,0,0.0,0.0,0.004613242186326175,0.0,0.0
MAR02332,573,-1.559969915508213e-14,1.1320744890880201e-14,-1.246863167046774e-16,0.0,0,0.0,0.0,0.0043723452321952965,0.0,0,0.0,0.0,0.0043723452321952965,0.0,0.0
MAR09140,573,-1.559969915508213e-14,1.2340297918981594e-14,-1.2720690306035898e-16,0.0,0,0.0,0.0,0.0043723452321952965,0.0,0,0.0,0.0,0.0043723452321952965,0.0,0.0
MAR07058,559,-1.5609060456411504e-14,1.210374836611574e-14,-1.2561430607103724e-16,0.0,0,0.0,0.0,0.004481554769642852,0.0,0,0.0,0.0,0.004481554769642852,0.0,0.0
MAR04738,526,-1.5615730086286612e-14,1.238486473831383e-14,-1.2572474801288172e-16,0.0,0,0.0,0.0,0.00476191306791176,0.0,0,0.0,0.0,0.00476191306791176,0.0,0.0
MAR00460,564,-1.562186156635681e-14,1.242083403518032e-14,-1.2471882538811495e-16,0.0,0,0.0,0.0,0.004441930629657058,0.0,0,0.0,0.0,0.004441930629657058,0.0,0.0
MAR02956,564,-1.5621861566356815e-14,1.2163950815081073e-14,-1.2433462752942323e-16,0.0,0,0.0,0.0,0.004441930629657058,0.0,0,0.0,0.0,0.004441930629657058,0.0,0.0
MAR09438,563,-1.5624367795222097e-14,1.1349483657446353e-14,-1.2482731071124546e-16,0.0,0,0.0,0.0,0.004449799303901048,0.0,0,0.0,0.0,0.004449799303901048,0.0,0.0
MAR03457,550,-1.563194018672221e-14,1.2588000524711568e-14,-1.2357733487717738e-16,0.0,0,0.0,0.0,0.0045546887593671224,0.0,0,0.0,0.0,0.0045546887593671224,0.0,0.0
MAR02895,569,-1.563443770073191e-14,1.213628085144681e-14,-1.2410387221975551e-16,0.0,0,0.0,0.0,0.004403001029543098,0.0,0,0.0,0.0,0.004403001029543098,0.0,0.0
MAR06688,577,-1.5639328846019537e-14,1.2469173533605541e-14,-1.2525044328262097e-16,0.0,0,0.0,0.0,0.004342113363096878,0.0,0,0.0,0.0,0.004342113363096878,0.0,0.0
MAR02707,575,-1.5644297451691944e-14,1.2145277833076018e-14,-1.2384930339165797e-16,0.0,0,0.0,0.0,0.004357176858116289,0.0,0,0.0,0.0,0.004357176858116289,0.0,0.0
MAR09848,555,-1.5644742758537703e-14,1.2428993487495425e-14,-1.2454439414186599e-16,0.0,0,0.0,0.0,0.004513766730450679,0.0,0,0.0,0.0,0.004513766730450679,0.0,0.0
MAR06768,563,-1.5649609100222455e-14,1.2357906345552308e-14,-1.242659081529161e-16,0.0,0,0.0,0.0,0.004449799303901048,0.0,0,0.0,0.0,0.004449799303901048,0.0,0.0
MAR10119,560,-1.5657316712999352e-14,1.1594934613201124e-14,-1.250382838158822e-16,0.0,0,0.0,0.0,0.0044735734878779895,0.0,0,0.0,0.0,0.0044735734878779895,0.0,0.0
MAR04315,559,-1.5659904301546393e-14,1.3400325350441861e-14,-1.227476003093529e-16,0.0,0,0.0,0.0,0.004481554769642852,0.0,0,0.0,0.0,0.004481554769642852,0.0,0.0
MAR01112,564,-1.567225466818377e-14,1.2143793768068106e-14,-1.266254449702797e-16,0.0,0,0.0,0.0,0.004441930629657058,0.0,0,0.0,0.0,0.004441930629657058,0.0,0.0
MAR03095,534,-1.5674519526692846e-14,1.310004479506362e-14,-1.2446759193416035e-16,0.0,0,0.0,0.0,0.004690774475909901,0.0,0,0.0,0.0,0.004690774475909901,0.0,0.0
MAR00576,579,-1.5683482146829153e-14,1.188519665571233e-14,-1.255754447600812e-16,0.0,0,0.0,0.0,0.00432715366313485,0.0,0,0.0,0.0,0.00432715366313485,0.0,0.0
MAR06876,549,-1.5686298647381445e-14,1.2334966514079163e-14,-1.2609902708406534e-16,0.0,0,0.0,0.0,0.004562962366977274,0.0,0,0.0,0.0,0.004562962366977274,0.0,0.0
MAR02744,568,-1.5686982229633198e-14,1.2336398237543851e-14,-1.243080458452786e-16,0.0,0,0.0,0.0,0.004410732264444036,0.0,0,0.0,0.0,0.004410732264444036,0.0,0.0
MAR12768,581,-1.5702872163786036e-14,1.2197239079280595e-14,-1.250701386392489e-16,0.0,0,0.0,0.0,0.004312296689115291,0.0,0,0.0,0.0,0.004312296689115291,0.0,0.0
MAR03423,560,-1.5708069765553648e-14,1.2339438740769442e-14,-1.2374667814543282e-16,0.0,0,0.0,0.0,0.0044735734878779895,0.0,0,0.0,0.0,0.0044735734878779895,0.0,0.0
MAR07676,569,-1.5709363121022952e-14,1.1796034574376753e-14,-1.2539191618523257e-16,0.0,0,0.0,0.0,0.004403001029543098,0.0,0,0.0,0.0,0.004403001029543098,0.0,0.0
MAR09226,568,-1.5712001340047287e-14,1.2415308356214179e-14,-1.2480781963447748e-16,0.0,0,0.0,0.0,0.004410732264444036,0.0,0,0.0,0.0,0.004410732264444036,0.0,0.0
MAR03514,558,-1.5713436127741284e-14,1.2796420192813266e-14,-1.2400274200152214e-16,0.0,0,0.0,0.0,0.004489564580987142,0.0,0,0.0,0.0,0.004489564580987142,0.0,0.0
MAR03701,576,-1.5715823704138326e-14,1.2129614065179455e-14,-1.2346613345154268e-16,0.0,0,0.0,0.0,0.004349632068826215,0.0,0,0.0,0.0,0.004349632068826215,0.0,0.0
MAR09459,554,-1.5724285091008715e-14,1.1753859204064465e-14,-1.2532789734809245e-16,0.0,0,0.0,0.0,0.004521892203603858,0.0,0,0.0,0.0,0.004521892203603858,0.0,0.0
MAR10450,544,-1.572598260763163e-14,1.292377878501028e-14,-1.2509322508712992e-16,0.0,0,0.0,0.0,0.004604785407758596,0.0,0,0.0,0.0,0.004604785407758596,0.0,0.0
MAR08659,562,-1.5728027816469123e-14,1.2406954859597386e-14,-1.2454201594575492e-16,0.0,0,0.0,0.0,0.0044576959055467585,0.0,0,0.0,0.0,0.0044576959055467585,0.0,0.0
MAR11779,562,-1.5728027816469123e-14,1.1918661535267485e-14,-1.2793627815611908e-16,0.0,0,0.0,0.0,0.0044576959055467585,0.0,0,0.0,0.0,0.0044576959055467585,0.0,0.0
MAR08460,552,-1.5729768534399318e-14,1.2788356417627977e-14,-1.2457931134568781e-16,0.0,0,0.0,0.0,0.004538231229443332,0.0,0,0.0,0.0,0.004538231229443332,0.0,0.0
MAR05097,550,-1.5735291857378217e-14,1.281038664016887e-14,-1.2427716380519343e-16,0.0,0,0.0,0.0,0.0045546887593671224,0.0,0,0.0,0.0,0.0045546887593671224,0.0,0.0
MAR00353,572,-1.575119211440222e-14,1.1190352090411918e-14,-1.2586311469192933e-16,0.0,0,0.0,0.0,0.004379969091767465,0.0,0,0.0,0.0,0.004379969091767465,0.0,0.0
MAR00532,562,-1.5753314034823572e-14,1.2284531645611698e-14,-1.2564462906894984e-16,0.0,0,0.0,0.0,0.0044576959055467585,0.0,0,0.0,0.0,0.0044576959055467585,0.0,0.0
MAR11385,570,-1.5756596807030992e-14,1.2354674241688184e-14,-1.2485664355833831e-16,0.0,0,0.0,0.0,0.004395296850147243,0.0,0,0.0,0.0,0.004395296850147243,0.0,0.0
MAR09213,544,-1.5778228397025755e-14,1.2431360323128534e-14,-1.2543666951536193e-16,0.0,0,0.0,0.0,0.004604785407758596,0.0,0,0.0,0.0,0.004604785407758596,0.0,0.0
MAR09939,553,-1.5778417351056114e-14,1.2810466682856928e-14,-1.2519810788570586e-16,0.0,0,0.0,0.0,0.00453004698365408,0.0,0,0.0,0.0,0.00453004698365408,0.0,0.0
MAR01867,553,-1.5778417351056117e-14,1.2322547796361785e-14,-1.2574511942034894e-16,0.0,0,0.0,0.0,0.00453004698365408,0.0,0,0.0,0.0,0.00453004698365408,0.0,0.0
MAR08455,580,-1.5778949028603604e-14,1.1930626245364938e-14,-1.2528166491539608e-16,0.0,0,0.0,0.0,0.004319712401627411,0.0,0,0.0,0.0,0.004319712401627411,0.0,0.0
MAR02085,561,-1.578139480850419e-14,1.2330264690582046e-14,-1.2600886160688132e-16,0.0,0,0.0,0.0,0.004465620583537596,0.0,0,0.0,0.0,0.004465620583537596,0.0,0.0
MAR09030,570,-1.578152813109275e-14,1.1972712076865883e-14,-1.2483380339612447e-16,0.0,0,0.0,0.0,0.004395296850147243,0.0,0,0.0,0.0,0.004395296850147243,0.0,0.0
MAR02093,570,-1.578152813109275e-14,1.1391085565954042e-14,-1.261404107596743e-16,0.0,0,0.0,0.0,0.004395296850147243,0.0,0,0.0,0.0,0.004395296850147243,0.0,0.0
MAR10503,577,-1.5787102031966177e-14,1.2091710081014945e-14,-1.258760119263525e-16,0.0,0,0.0,0.0,0.004342113363096878,0.0,0,0.0,0.0,0.004342113363096878,0.0,0.0
MAR02128,584,-1.5792542311928253e-14,1.1120650729151934e-14,-1.2675478979075397e-16,0.0,0,0.0,0.0,0.004290201536487618,0.0,0,0.0,0.0,0.004290201536487618,0.0,0.0
MAR11506,556,-1.5795518370494313e-14,1.30422360492139e-14,-1.2846477247106944e-16,0.0,0,0.0,0.0,0.0045056704064922026,0.0,0,0.0,0.0,0.0045056704064922026,0.0,0.0
MAR02310,545,-1.580142744479342e-14,1.1861381637108003e-14,-1.2540263926611796e-16,0.0,0,0.0,0.0,0.004596359577531593,0.0,0,0.0,0.0,0.004596359577531593,0.0,0.0
MAR12800,579,-1.5806201099464752e-14,1.1966104307086118e-14,-1.281596874214755e-16,0.0,0,0.0,0.0,0.00432715366313485,0.0,0,0.0,0.0,0.00432715366313485,0.0,0.0
MAR03150,561,-1.580672610033164e-14,1.2291907144372143e-14,-1.2567920507294784e-16,0.0,0,0.0,0.0,0.004465620583537596,0.0,0,0.0,0.0,0.004465620583537596,0.0,0.0
MAR07793,560,-1.580957587066223e-14,1.2079400414517216e-14,-1.2502828011482213e-16,0.0,0,0.0,0.0,0.0044735734878779895,0.0,0,0.0,0.0,0.0044735734878779895,0.0,0.0
MAR02339,551,-1.5809898258473375e-14,1.2245228201585748e-14,-1.2591335659117857e-16,0.0,0,0.0,0.0,0.004546445100963565,0.0,0,0.0,0.0,0.004546445100963565,0.0,0.0
MAR01092,559,-1.5812435836951066e-14,7.120418669753725e-15,-1.2953419586427578e-16,0.0,0,0.0,0.0,0.004481554769642852,0.0,0,0.0,0.0,0.004481554769642852,0.0,0.0
MAR08539,550,-1.581280561037023e-14,1.193765276245223e-14,-1.266412180334956e-16,0.0,0,0.0,0.0,0.0045546887593671224,0.0,0,0.0,0.0,0.0045546887593671224,0.0,0.0
MAR12352,558,-1.5815306054015135e-14,1.2173492394691248e-14,-1.2494133177090743e-16,0.0,0,0.0,0.0,0.004489564580987142,0.0,0,0.0,0.0,0.004489564580987142,0.0,0.0
MAR03725,573,-1.5822906297205725e-14,1.2376471809682357e-14,-1.256724420840466e-16,0.0,0,0.0,0.0,0.0043723452321952965,0.0,0,0.0,0.0,0.0043723452321952965,0.0,0.0
MAR12891,561,-1.5832057392159094e-14,1.3485717141038752e-14,-1.262211008318296e-16,0.0,0,0.0,0.0,0.004465620583537596,0.0,0,0.0,0.0,0.004465620583537596,0.0,0.0
MAR12699,569,-1.5834238821508032e-14,1.2379847039245111e-14,-1.2615307479760706e-16,0.0,0,0.0,0.0,0.004403001029543098,0.0,0,0.0,0.0,0.004403001029543098,0.0,0.0
MAR12439,542,-1.583645064203323e-14,1.251314420149048e-14,-1.2811403734313167e-16,0.0,0,0.0,0.0,0.00462173008405905,0.0,0,0.0,0.0,0.00462173008405905,0.0,0.0
MAR03374,559,-1.5837857759518517e-14,1.2778725343012888e-14,-1.2487185556211522e-16,0.0,0,0.0,0.0,0.004481554769642852,0.0,0,0.0,0.0,0.004481554769642852,0.0,0.0
MAR03639,575,-1.58420136912078e-14,1.22809544072206e-14,-1.2496687074887222e-16,0.0,0,0.0,0.0,0.004357176858116289,0.0,0,0.0,0.0,0.004357176858116289,0.0,0.0
MAR05029,555,-1.5849583907585657e-14,1.1788618837105143e-14,-1.2691770784890708e-16,0.0,0,0.0,0.0,0.004513766730450679,0.0,0,0.0,0.0,0.004513766730450679,0.0,0.0
MAR06282,579,-1.585528868051899e-14,1.1821342955900446e-14,-1.2608934992703284e-16,0.0,0,0.0,0.0,0.00432715366313485,0.0,0,0.0,0.0,0.00432715366313485,0.0,0.0
MAR03586,561,-1.585738868398655e-14,1.2584104999879848e-14,-1.2565312341541467e-16,0.0,0,0.0,0.0,0.004465620583537596,0.0,0,0.0,0.0,0.004465620583537596,0.0,0.0
MAR12191,565,-1.5870883761579582e-14,1.3162742278119656e-14,-1.2741189579319719e-16,0.0,0,0.0,0.0,0.004434089734923025,0.0,0,0.0,0.0,0.004434089734923025,0.0,0.0
MAR11825,564,-1.5873827075491598e-14,1.2107924714287061e-14,-1.2580790864021176e-16,0.0,0,0.0,0.0,0.004441930629657058,0.0,0,0.0,0.0,0.004441930629657058,0.0,0.0
MAR03712,569,-1.5884189101702066e-14,1.238074382288674e-14,-1.2506081196252873e-16,0.0,0,0.0,0.0,0.004403001029543098,0.0,0,0.0,0.0,0.004403001029543098,0.0,0.0
MAR03256,584,-1.5889876933265254e-14,1.2181077216945458e-14,-1.2581061578004389e-16,0.0,0,0.0,0.0,0.004290201536487618,0.0,0,0.0,0.0,0.004290201536487618,0.0,0.0
MAR00712,559,-1.591412352722085e-14,1.153986121830012e-14,-1.269995679961144e-16,0.0,0,0.0,0.0,0.004481554769642852,0.0,0,0.0,0.0,0.004481554769642852,0.0,0.0
MAR04002,558,-1.5917175980288982e-14,1.2483002762243263e-14,-1.2649232015506832e-16,0.0,0,0.0,0.0,0.004489564580987142,0.0,0,0.0,0.0,0.004489564580987142,0.0,0.0
MAR09725,574,-1.5919128191419666e-14,1.113566304456295e-14,-1.2646683450228132e-16,0.0,0,0.0,0.0,0.004364747866934595,0.0,0,0.0,0.0,0.004364747866934595,0.0,0.0
MAR01616,548,-1.5922381013018304e-14,1.1852732940331539e-14,-1.2764515378239297e-16,0.0,0,0.0,0.0,0.004571266087298871,0.0,0,0.0,0.0,0.004571266087298871,0.0,0.0
MAR03107,588,-1.5926791253942383e-14,1.1945211284293743e-14,-1.2706360070316838e-16,0.0,0,0.0,0.0,0.004261091151880009,0.0,0,0.0,0.0,0.004261091151880009,0.0,0.0
MAR01638,554,-1.5929495989423187e-14,1.2489733124600715e-14,-1.2787320561178149e-16,0.0,0,0.0,0.0,0.004521892203603858,0.0,0,0.0,0.0,0.004521892203603858,0.0,0.0
MAR04970,545,-1.5931802258694358e-14,1.2643087470200079e-14,-1.2734738134740388e-16,0.0,0,0.0,0.0,0.004596359577531593,0.0,0,0.0,0.0,0.004596359577531593,0.0,0.0
MAR10241,561,-1.5933382559468912e-14,1.2139719994369953e-14,-1.2710348716493197e-16,0.0,0,0.0,0.0,0.004465620583537596,0.0,0,0.0,0.0,0.004465620583537596,0.0,0.0
MAR01773,552,-1.5935722950561667e-14,1.1922012927126751e-14,-1.2807661620397085e-16,0.0,0,0.0,0.0,0.004538231229443332,0.0,0,0.0,0.0,0.004538231229443332,0.0,0.0
MAR11797,559,-1.5939545449788293e-14,1.2501444208699641e-14,-1.2621196304245182e-16,0.0,0,0.0,0.0,0.004481554769642852,0.0,0,0.0,0.0,0.004481554769642852,0.0,0.0
MAR02679,549,-1.5945148460044508e-14,1.2699247809245538e-14,-1.2593196302519807e-16,0.0,0,0.0,0.0,0.004562962366977274,0.0,0,0.0,0.0,0.004562962366977274,0.0,0.0
MAR09774,573,-1.594691026505216e-14,1.2083197922933445e-14,-1.269310696868817e-16,0.0,0,0.0,0.0,0.0043723452321952965,0.0,0,0.0,0.0,0.0043723452321952965,0.0,0.0
MAR11535,580,-1.5950459344131905e-14,1.1858464718255658e-14,-1.2726171905168105e-16,0.0,0,0.0,0.0,0.004319712401627411,0.0,0,0.0,0.0,0.004319712401627411,0.0,0.0
MAR03168,555,-1.5952004482109638e-14,1.2451783521351092e-14,-1.2714990671462867e-16,0.0,0,0.0,0.0,0.004513766730450679,0.0,0,0.0,0.0,0.004513766730450679,0.0,0.0
MAR02053,586,-1.59568982979572e-14,1.1995858326558049e-14,-1.2774567982025663e-16,0.0,0,0.0,0.0,0.004275596795360198,0.0,0,0.0,0.0,0.004275596795360198,0.0,0.0
MAR08762,561,-1.595871385129637e-14,1.2580299960075104e-14,-1.2612488239645402e-16,0.0,0,0.0,0.0,0.004465620583537596,0.0,0,0.0,0.0,0.004465620583537596,0.0,0.0
MAR01108,552,-1.5961467252581962e-14,1.2458270393872632e-14,-1.2886417698061755e-16,0.0,0,0.0,0.0,0.004538231229443332,0.0,0,0.0,0.0,0.004538231229443332,0.0,0.0
MAR05300,560,-1.5961835028325108e-14,1.2602784487299683e-14,-1.2693706214547625e-16,0.0,0,0.0,0.0,0.0044735734878779895,0.0,0,0.0,0.0,0.0044735734878779895,0.0,0.0
MAR09317,560,-1.5961835028325108e-14,1.2548664209857535e-14,-1.2620874648208311e-16,0.0,0,0.0,0.0,0.0044735734878779895,0.0,0,0.0,0.0,0.0044735734878779895,0.0,0.0
MAR12756,551,-1.5964644407822214e-14,1.2368483897822618e-14,-1.2941968817306177e-16,0.0,0,0.0,0.0,0.004546445100963565,0.0,0,0.0,0.0,0.004546445100963565,0.0,0.0
MAR04951,574,-1.5968643364643366e-14,1.221521166213517e-14,-1.2696497228577944e-16,0.0,0,0.0,0.0,0.004364747866934595,0.0,0,0.0,0.0,0.004364747866934595,0.0,0.0
MAR11381,532,-1.5973855488140597e-14,1.3196458003680595e-14,-1.275672267390125e-16,0.0,0,0.0,0.0,0.004708359112657833,0.0,0,0.0,0.0,0.004708359112657833,0.0,0.0
MAR03149,556,-1.597443200899506e-14,1.2679500767269215e-14,-1.264753372506494e-16,0.0,0,0.0,0.0,0.0045056704064922026,0.0,0,0.0,0.0,0.0045056704064922026,0.0,0.0
MAR00366,572,-1.5974789478802253e-14,1.2328174390866207e-14,-1.269087482473187e-16,0.0,0,0.0,0.0,0.004379969091767465,0.0,0,0.0,0.0,0.004379969091767465,0.0,0.0
MAR10178,588,-1.597512749447028e-14,1.1931133333200701e-14,-1.2627431852769287e-16,0.0,0,0.0,0.0,0.004261091151880009,0.0,0,0.0,0.0,0.004261091151880009,0.0,0.0
MAR03232,555,-1.5977609625740635e-14,1.2734694651990134e-14,-1.2591346111622867e-16,0.0,0,0.0,0.0,0.004513766730450679,0.0,0,0.0,0.0,0.004513766730450679,0.0,0.0
MAR03688,563,-1.5977746065227122e-14,1.2227637463848742e-14,-1.2654676048320994e-16,0.0,0,0.0,0.0,0.004449799303901048,0.0,0,0.0,0.0,0.004449799303901048,0.0,0.0
MAR00352,562,-1.598089000001364e-14,1.138340203417933e-14,-1.2747949281670864e-16,0.0,0,0.0,0.0,0.0044576959055467585,0.0,0,0.0,0.0,0.0044576959055467585,0.0,0.0
MAR06456,558,-1.599357842499437e-14,1.2610302725352125e-14,-1.2666530093704098e-16,0.0,0,0.0,0.0,0.004489564580987142,0.0,0,0.0,0.0,0.004489564580987142,0.0,0.0
MAR09281,555,-1.6003214769371626e-14,1.2647094223950072e-14,-1.27861671948863e-16,0.0,0,0.0,0.0,0.004513766730450679,0.0,0,0.0,0.0,0.004513766730450679,0.0,0.0
MAR03282,570,-1.6005910047648575e-14,1.2374456371999478e-14,-1.2668286689573119e-16,0.0,0,0.0,0.0,0.004395296850147243,0.0,0,0.0,0.0,0.004395296850147243,0.0,0.0
MAR00312,562,-1.6006176218368093e-14,1.2103456646020482e-14,-1.2746060938928274e-16,0.0,0,0.0,0.0,0.0044576959055467585,0.0,0,0.0,0.0,0.0044576959055467585,0.0,0.0
MAR09243,562,-1.6006176218368093e-14,1.2522996975109936e-14,-1.268572465689702e-16,0.0,0,0.0,0.0,0.0044576959055467585,0.0,0,0.0,0.0,0.0044576959055467585,0.0,0.0
MAR04404,568,-1.6012230665016343e-14,1.2449938443676778e-14,-1.2775098225869216e-16,0.0,0,0.0,0.0,0.004410732264444036,0.0,0,0.0,0.0,0.004410732264444036,0.0,0.0
MAR12367,558,-1.6019045906562836e-14,1.3163528753582618e-14,-1.2988686542792176e-16,0.0,0,0.0,0.0,0.004489564580987142,0.0,0,0.0,0.0,0.004489564580987142,0.0,0.0
MAR07082,547,-1.6029428444752534e-14,1.202744025737196e-14,-1.2956228353355556e-16,0.0,0,0.0,0.0,0.004579600085029117,0.0,0,0.0,0.0,0.004579600085029117,0.0,0.0
MAR00301,570,-1.6055772695772088e-14,1.228409386957298e-14,-1.2855013454215715e-16,0.0,0,0.0,0.0,0.004395296850147243,0.0,0,0.0,0.0,0.004395296850147243,0.0,0.0
MAR12193,575,-1.6064444460663133e-14,7.228482020651973e-15,-1.3049507569416974e-16,0.0,0,0.0,0.0,0.004357176858116289,0.0,0,0.0,0.0,0.004357176858116289,0.0,0.0
MAR08499,582,-1.606656770206687e-14,1.2148899980831786e-14,-1.273525936234362e-16,0.0,0,0.0,0.0,0.004304906394243486,0.0,0,0.0,0.0,0.004304906394243486,0.0,0.0
MAR12346,597,-1.6067549301107795e-14,1.2284730971363776e-14,-1.309186374474351e-16,0.0,0,0.0,0.0,0.004197015452904686,0.0,0,0.0,0.0,0.004197015452904686,0.0,0.0
MAR13063,551,-1.606780850738811e-14,1.3462645671628512e-14,-1.2818573164763818e-16,0.0,0,0.0,0.0,0.004546445100963565,0.0,0,0.0,0.0,0.004546445100963565,0.0,0.0
MAR02019,556,-1.607666837385263e-14,1.2455344854748908e-14,-1.2836159265693657e-16,0.0,0,0.0,0.0,0.0045056704064922026,0.0,0,0.0,0.0,0.0045056704064922026,0.0,0.0
MAR02094,571,-1.6077429327531515e-14,1.2380417838176795e-14,-1.2839806305970532e-16,0.0,0,0.0,0.0,0.00438761958448344,0.0,0,0.0,0.0,0.00438761958448344,0.0,0.0
MAR06126,571,-1.6077429327531515e-14,1.2050453896242602e-14,-1.2931577815042412e-16,0.0,0,0.0,0.0,0.00438761958448344,0.0,0,0.0,0.0,0.00438761958448344,0.0,0.0
MAR01434,563,-1.6078711285228555e-14,1.2137024830182255e-14,-1.3048438788060254e-16,0.0,0,0.0,0.0,0.004449799303901048,0.0,0,0.0,0.0,0.004449799303901048,0.0,0.0
MAR03371,563,-1.6078711285228555e-14,1.1304118077779107e-14,-1.2790986353672437e-16,0.0,0,0.0,0.0,0.004449799303901048,0.0,0,0.0,0.0,0.004449799303901048,0.0,0.0
MAR03359,562,-1.6082034873431448e-14,1.2626914543814867e-14,-1.2735762063634705e-16,0.0,0,0.0,0.0,0.0044576959055467585,0.0,0,0.0,0.0,0.0044576959055467585,0.0,0.0
MAR08847,552,-1.609018876268343e-14,1.2872776287145037e-14,-1.2772167222466667e-16,0.0,0,0.0,0.0,0.004538231229443332,0.0,0,0.0,0.0,0.004538231229443332,0.0,0.0
MAR10118,588,-1.6095968095790025e-14,1.207070915451421e-14,-1.28899388493958e-16,0.0,0,0.0,0.0,0.004261091151880009,0.0,0,0.0,0.0,0.004261091151880009,0.0,0.0
MAR09107,580,-1.6097468186013304e-14,1.2161756898676424e-14,-1.3074253200431204e-16,0.0,0,0.0,0.0,0.004319712401627411,0.0,0,0.0,0.0,0.004319712401627411,0.0,0.0
MAR02961,584,-1.6108879831273504e-14,1.208994030555647e-14,-1.2823087337846873e-16,0.0,0,0.0,0.0,0.004290201536487618,0.0,0,0.0,0.0,0.004290201536487618,0.0,0.0
MAR08958,546,-1.6110840785183224e-14,1.2483147159905754e-14,-1.2744448328560036e-16,0.0,0,0.0,0.0,0.004587964526068459,0.0,0,0.0,0.0,0.004587964526068459,0.0,0.0
MAR07007,574,-1.6117188884314466e-14,1.2306316850722143e-14,-1.2728218067377596e-16,0.0,0,0.0,0.0,0.004364747866934595,0.0,0,0.0,0.0,0.004364747866934595,0.0,0.0
MAR12058,565,-1.6122403314061033e-14,1.2564337852696313e-14,-1.2826431389502806e-16,0.0,0,0.0,0.0,0.004434089734923025,0.0,0,0.0,0.0,0.004434089734923025,0.0,0.0
MAR05219,572,-1.6123854388402273e-14,1.2231510096950043e-14,-1.275685486141471e-16,0.0,0,0.0,0.0,0.004379969091767465,0.0,0,0.0,0.0,0.004379969091767465,0.0,0.0
MAR01320,556,-1.612778655628141e-14,1.264695346411538e-14,-1.286871463630303e-16,0.0,0,0.0,0.0,0.0045056704064922026,0.0,0,0.0,0.0,0.0045056704064922026,0.0,0.0
MAR01167,563,-1.6129193895229272e-14,1.1699265094106827e-14,-1.3081543743696539e-16,0.0,0,0.0,0.0,0.004449799303901048,0.0,0,0.0,0.0,0.004449799303901048,0.0,0.0
MAR08869,561,-1.613603289408855e-14,1.2471430696335576e-14,-1.2784239012024655e-16,0.0,0,0.0,0.0,0.004465620583537596,0.0,0,0.0,0.0,0.004465620583537596,0.0,0.0
MAR06537,546,-1.6136867991621322e-14,1.2452194411220088e-14,-1.3058578236741855e-16,0.0,0,0.0,0.0,0.004587964526068459,0.0,0,0.0,0.0,0.004587964526068459,0.0,0.0
MAR01625,557,-1.61498582311003e-14,1.1688624844147252e-14,-1.296969190822886e-16,0.0,0,0.0,0.0,0.004497603075155535,0.0,0,0.0,0.0,0.004497603075155535,0.0,0.0
MAR12747,557,-1.61498582311003e-14,1.2456443796016328e-14,-1.3154417212187905e-16,0.0,0,0.0,0.0,0.004497603075155535,0.0,0,0.0,0.0,0.004497603075155535,0.0,0.0
MAR04121,571,-1.6152092312024693e-14,1.2371849602570331e-14,-1.29206900593559e-16,0.0,0,0.0,0.0,0.00438761958448344,0.0,0,0.0,0.0,0.00438761958448344,0.0,0.0
MAR04465,600,-1.6153004859612945e-14,1.1908325842027874e-14,-1.2885576585084344e-16,0.0,0,0.0,0.0,0.0041760829862302375,0.0,0,0.0,0.0,0.0041760829862302375,0.0,0.0
MAR01254,556,-1.6153345647495806e-14,1.217884594284488e-14,-1.2956056090078856e-16,0.0,0,0.0,0.0,0.0045056704064922026,0.0,0,0.0,0.0,0.0045056704064922026,0.0,0.0
MAR01797,585,-1.6154219462580055e-14,1.1988454777310253e-14,-1.297085649290582e-16,0.0,0,0.0,0.0,0.004282886715357432,0.0,0,0.0,0.0,0.004282886715357432,0.0,0.0
MAR04103,563,-1.615443520022963e-14,1.248674745069012e-14,-1.2813102594791014e-16,0.0,0,0.0,0.0,0.004449799303901048,0.0,0,0.0,0.0,0.004449799303901048,0.0,0.0
MAR13031,554,-1.6160358250139462e-14,1.3179661224208576e-14,-1.3054485366080587e-16,0.0,0,0.0,0.0,0.004521892203603858,0.0,0,0.0,0.0,0.004521892203603858,0.0,0.0
MAR05353,568,-1.616234532750087e-14,1.2354389564131073e-14,-1.2809377231667256e-16,0.0,0,0.0,0.0,0.004410732264444036,0.0,0,0.0,0.0,0.004410732264444036,0.0,0.0
MAR02427,582,-1.6164236806638705e-14,1.2136676009637954e-14,-1.286478352865683e-16,0.0,0,0.0,0.0,0.004304906394243486,0.0,0,0.0,0.0,0.004304906394243486,0.0,0.0
MAR03762,573,-1.6170117407175756e-14,1.2297172195015342e-14,-1.272542440950571e-16,0.0,0,0.0,0.0,0.0043723452321952965,0.0,0,0.0,0.0,0.0043723452321952965,0.0,0.0
MAR01809,551,-1.6170972606954005e-14,1.1773248388322963e-14,-1.2929489287180268e-16,0.0,0,0.0,0.0,0.004546445100963565,0.0,0,0.0,0.0,0.004546445100963565,0.0,0.0
MAR08720,558,-1.6171850795973607e-14,1.2214321987805364e-14,-1.2835241108998794e-16,0.0,0,0.0,0.0,0.004489564580987142,0.0,0,0.0,0.0,0.004489564580987142,0.0,0.0
MAR09421,557,-1.6175371435256858e-14,1.2645786980806892e-14,-1.293195486054636e-16,0.0,0,0.0,0.0,0.004497603075155535,0.0,0,0.0,0.0,0.004497603075155535,0.0,0.0
MAR11914,542,-1.6177301400884938e-14,1.2758304056939328e-14,-1.3123723772329003e-16,0.0,0,0.0,0.0,0.00462173008405905,0.0,0,0.0,0.0,0.00462173008405905,0.0,0.0
MAR03524,563,-1.617967650522999e-14,1.2530596562761772e-14,-1.280853934549705e-16,0.0,0,0.0,0.0,0.004449799303901048,0.0,0,0.0,0.0,0.004449799303901048,0.0,0.0
MAR06148,554,-1.618600961244127e-14,1.2291708011471543e-14,-1.3161604569367922e-16,0.0,0,0.0,0.0,0.004521892203603858,0.0,0,0.0,0.0,0.004521892203603858,0.0,0.0
MAR01505,562,-1.6208465965203708e-14,1.1516727544755886e-14,-1.303495259267034e-16,0.0,0,0.0,0.0,0.0044576959055467585,0.0,0,0.0,0.0,0.0044576959055467585,0.0,0.0
MAR11479,562,-1.6208465965203708e-14,1.2964647550755576e-14,-1.3051965263877588e-16,0.0,0,0.0,0.0,0.0044576959055467585,0.0,0,0.0,0.0,0.0044576959055467585,0.0,0.0
MAR11390,547,-1.6211285817707586e-14,1.2753925419112069e-14,-1.2787767762351875e-16,0.0,0,0.0,0.0,0.004579600085029117,0.0,0,0.0,0.0,0.004579600085029117,0.0,0.0
MAR02761,554,-1.621166097474308e-14,1.2657603104771459e-14,-1.2942976531597427e-16,0.0,0,0.0,0.0,0.004521892203603858,0.0,0,0.0,0.0,0.004521892203603858,0.0,0.0
MAR02598,568,-1.621238354832905e-14,1.2058008787852074e-14,-1.2976557153596695e-16,0.0,0,0.0,0.0,0.004410732264444036,0.0,0,0.0,0.0,0.004410732264444036,0.0,0.0
MAR03866,538,-1.6218336050435e-14,1.2595346956524428e-14,-1.286743475017601e-16,0.0,0,0.0,0.0,0.004655996327465773,0.0,0,0.0,0.0,0.004655996327465773,0.0,0.0
MAR13044,553,-1.6240976817373718e-14,1.3805350866998382e-14,-1.290471552820583e-16,0.0,0,0.0,0.0,0.00453004698365408,0.0,0,0.0,0.0,0.00453004698365408,0.0,0.0
MAR09973,553,-1.6240976817373718e-14,1.280998750554773e-14,-1.2914448645859686e-16,0.0,0,0.0,0.0,0.00453004698365408,0.0,0,0.0,0.0,0.00453004698365408,0.0,0.0
MAR03091,567,-1.6240976817373718e-14,1.234050716234264e-14,-1.2973531517661989e-16,0.0,0,0.0,0.0,0.00441849069762059,0.0,0,0.0,0.0,0.00441849069762059,0.0,0.0
MAR11510,560,-1.6240976817373718e-14,1.2344503418358989e-14,-1.3134896866595574e-16,0.0,0,0.0,0.0,0.0044735734878779895,0.0,0,0.0,0.0,0.0044735734878779895,0.0,0.0
MAR03090,579,-1.6247989328952895e-14,1.1963718746761502e-14,-1.2834046694261773e-16,0.0,0,0.0,0.0,0.00432715366313485,0.0,0,0.0,0.0,0.00432715366313485,0.0,0.0
MAR02002,585,-1.6251387699948957e-14,1.2045094982103754e-14,-1.2960372958465933e-16,0.0,0,0.0,0.0,0.004282886715357432,0.0,0,0.0,0.0,0.004282886715357432,0.0,0.0
MAR03741,577,-1.6255050454130543e-14,1.1905809521983796e-14,-1.2902625102259658e-16,0.0,0,0.0,0.0,0.004342113363096878,0.0,0,0.0,0.0,0.004342113363096878,0.0,0.0
MAR03667,582,-1.6261905911210543e-14,1.2100721909248881e-14,-1.2814438115359806e-16,0.0,0,0.0,0.0,0.004304906394243486,0.0,0,0.0,0.0,0.004304906394243486,0.0,0.0
MAR03178,554,-1.6262963699346698e-14,1.2501907032412377e-14,-1.2905279908578514e-16,0.0,0,0.0,0.0,0.004521892203603858,0.0,0,0.0,0.0,0.004521892203603858,0.0,0.0
MAR02396,547,-1.626324506712332e-14,1.2697001876938201e-14,-1.3018706392780652e-16,0.0,0,0.0,0.0,0.004579600085029117,0.0,0,0.0,0.0,0.004579600085029117,0.0,0.0
MAR01787,574,-1.626573440398557e-14,1.2105916794060937e-14,-1.299210719718572e-16,0.0,0,0.0,0.0,0.004364747866934595,0.0,0,0.0,0.0,0.004364747866934595,0.0,0.0
MAR02954,572,-1.6272919298002296e-14,1.2297712293549206e-14,-1.2944971395604504e-16,0.0,0,0.0,0.0,0.004379969091767465,0.0,0,0.0,0.0,0.004379969091767465,0.0,0.0
MAR00974,564,-1.6276971890107262e-14,1.2286197148680422e-14,-1.3012548009932415e-16,0.0,0,0.0,0.0,0.004441930629657058,0.0,0,0.0,0.0,0.004441930629657058,0.0,0.0
MAR02706,543,-1.6278363964743363e-14,1.286635880217706e-14,-1.297304997270756e-16,0.0,0,0.0,0.0,0.004613242186326175,0.0,0,0.0,0.0,0.004613242186326175,0.0,0.0
MAR03183,556,-1.6281141103567766e-14,1.225741237948882e-14,-1.2930665321155067e-16,0.0,0,0.0,0.0,0.0045056704064922026,0.0,0,0.0,0.0,0.0045056704064922026,0.0,0.0
MAR12851,555,-1.6284871349312567e-14,1.2505667968061007e-14,-1.3175388704293353e-16,0.0,0,0.0,0.0,0.004513766730450679,0.0,0,0.0,0.0,0.004513766730450679,0.0,0.0
MAR12289,575,-1.628687523011847e-14,1.2366434533365333e-14,-1.2981683337917504e-16,0.0,0,0.0,0.0,0.004357176858116289,0.0,0,0.0,0.0,0.004357176858116289,0.0,0.0
MAR06199,561,-1.6288020645053278e-14,1.2464014231995706e-14,-1.297928023202099e-16,0.0,0,0.0,0.0,0.004465620583537596,0.0,0,0.0,0.0,0.004465620583537596,0.0,0.0
MAR04203,547,-1.628922469183118e-14,1.262036877995827e-14,-1.3109945756561848e-16,0.0,0,0.0,0.0,0.004579600085029117,0.0,0,0.0,0.0,0.004579600085029117,0.0,0.0
MAR08698,574,-1.6290491990597418e-14,1.2265662078007539e-14,-1.2913265880510164e-16,0.0,0,0.0,0.0,0.004364747866934595,0.0,0,0.0,0.0,0.004364747866934595,0.0,0.0
MAR03996,560,-1.629172986992801e-14,1.2645543951974665e-14,-1.3007802554039866e-16,0.0,0,0.0,0.0,0.0044735734878779895,0.0,0,0.0,0.0,0.0044735734878779895,0.0,0.0
MAR12835,571,-1.6301418281011055e-14,1.2216206946576022e-14,-1.2917724448112591e-16,0.0,0,0.0,0.0,0.00438761958448344,0.0,0,0.0,0.0,0.00438761958448344,0.0,0.0
MAR05320,564,-1.6302168441020737e-14,1.2444629857078158e-14,-1.290256471131991e-16,0.0,0,0.0,0.0,0.004441930629657058,0.0,0,0.0,0.0,0.004441930629657058,0.0,0.0
MAR00702,550,-1.6303726045986298e-14,1.2819165140724253e-14,-1.2967518706933568e-16,0.0,0,0.0,0.0,0.0045546887593671224,0.0,0,0.0,0.0,0.0045546887593671224,0.0,0.0
MAR01681,556,-1.6306700194782155e-14,1.2138754453263741e-14,-1.2991666586479548e-16,0.0,0,0.0,0.0,0.0045056704064922026,0.0,0,0.0,0.0,0.0045056704064922026,0.0,0.0
MAR10137,549,-1.630753819777279e-14,1.2938248012853063e-14,-1.2946511010191553e-16,0.0,0,0.0,0.0,0.004562962366977274,0.0,0,0.0,0.0,0.004562962366977274,0.0,0.0
MAR01184,555,-1.6310476492943562e-14,1.2214267807590603e-14,-1.308492546387683e-16,0.0,0,0.0,0.0,0.004513766730450679,0.0,0,0.0,0.0,0.004513766730450679,0.0,0.0
MAR07791,594,-1.631616652486156e-14,1.1962761880102708e-14,-1.3028447008928498e-16,0.0,0,0.0,0.0,0.004218158822843073,0.0,0,0.0,0.0,0.004218158822843073,0.0,0.0
MAR07863,553,-1.6318070061759987e-14,1.306935954177123e-14,-1.3070422318838735e-16,0.0,0,0.0,0.0,0.00453004698365408,0.0,0,0.0,0.0,0.00453004698365408,0.0,0.0
MAR09928,559,-1.6320874288299975e-14,1.2634632814945902e-14,-1.302383649281187e-16,0.0,0,0.0,0.0,0.004481554769642852,0.0,0,0.0,0.0,0.004481554769642852,0.0,0.0
MAR12090,579,-1.6321620700534253e-14,1.2053419498421727e-14,-1.325103676203468e-16,0.0,0,0.0,0.0,0.00432715366313485,0.0,0,0.0,0.0,0.00432715366313485,0.0,0.0
MAR11357,577,-1.6328937047103863e-14,1.2137460516563744e-14,-1.3019174169084588e-16,0.0,0,0.0,0.0,0.004342113363096878,0.0,0,0.0,0.0,0.004342113363096878,0.0,0.0
MAR03519,570,-1.6330017260451426e-14,1.2356364217008428e-14,-1.2960396302482512e-16,0.0,0,0.0,0.0,0.004395296850147243,0.0,0,0.0,0.0,0.004395296850147243,0.0,0.0
MAR01642,555,-1.6336081636574556e-14,1.1632020612248806e-14,-1.306791006580978e-16,0.0,0,0.0,0.0,0.004513766730450679,0.0,0,0.0,0.0,0.004513766730450679,0.0,0.0
MAR02014,567,-1.6341229760690843e-14,1.214256800644745e-14,-1.3019790938786396e-16,0.0,0,0.0,0.0,0.00441849069762059,0.0,0,0.0,0.0,0.00441849069762059,0.0,0.0
MAR12395,564,-1.6352561542847697e-14,1.237594319373477e-14,-1.3032734118878849e-16,0.0,0,0.0,0.0,0.004441930629657058,0.0,0,0.0,0.0,0.004441930629657058,0.0,0.0
MAR01720,543,-1.6356876974219618e-14,1.1672736076576563e-14,-1.3173269669881916e-16,0.0,0,0.0,0.0,0.004613242186326175,0.0,0,0.0,0.0,0.004613242186326175,0.0,0.0
MAR05256,535,-1.636240468142885e-14,1.321394069626098e-14,-1.293850204963497e-16,0.0,0,0.0,0.0,0.004682031321548599,0.0,0,0.0,0.0,0.004682031321548599,0.0,0.0
MAR09826,568,-1.6362498210813573e-14,1.2416402211196745e-14,-1.305585564119989e-16,0.0,0,0.0,0.0,0.004410732264444036,0.0,0,0.0,0.0,0.004410732264444036,0.0,0.0
MAR02776,585,-1.6372847996660085e-14,1.2106711228179451e-14,-1.3038856736868392e-16,0.0,0,0.0,0.0,0.004282886715357432,0.0,0,0.0,0.0,0.004282886715357432,0.0,0.0
MAR07122,565,-1.6373922866542485e-14,1.2713239816582213e-14,-1.3106347896414003e-16,0.0,0,0.0,0.0,0.004434089734923025,0.0,0,0.0,0.0,0.004434089734923025,0.0,0.0
MAR01002,571,-1.6376081265504237e-14,1.2184932576442747e-14,-1.299745362885786e-16,0.0,0,0.0,0.0,0.00438761958448344,0.0,0,0.0,0.0,0.00438761958448344,0.0,0.0
MAR02548,564,-1.6377758093761175e-14,1.1439465966141433e-14,-1.3097587512311773e-16,0.0,0,0.0,0.0,0.004441930629657058,0.0,0,0.0,0.0,0.004441930629657058,0.0,0.0
MAR07118,564,-1.6377758093761175e-14,1.2515315554573206e-14,-1.293307018670442e-16,0.0,0,0.0,0.0,0.004441930629657058,0.0,0,0.0,0.0,0.004441930629657058,0.0,0.0
MAR03576,543,-1.638304797737837e-14,1.2498739409587285e-14,-1.2932054698205688e-16,0.0,0,0.0,0.0,0.004613242186326175,0.0,0,0.0,0.0,0.004613242186326175,0.0,0.0
MAR06714,562,-1.6385469493684874e-14,1.2858955691486762e-14,-1.3113815319623689e-16,0.0,0,0.0,0.0,0.0044576959055467585,0.0,0,0.0,0.0,0.0044576959055467585,0.0,0.0
MAR10120,588,-1.6385985538957413e-14,1.2066505195521052e-14,-1.3034101084073953e-16,0.0,0,0.0,0.0,0.004261091151880009,0.0,0,0.0,0.0,0.004261091151880009,0.0,0.0
MAR08879,567,-1.6391356232349402e-14,1.23385749548094e-14,-1.3048175215619266e-16,0.0,0,0.0,0.0,0.00441849069762059,0.0,0,0.0,0.0,0.00441849069762059,0.0,0.0
MAR03698,559,-1.639714005600231e-14,1.2676635614559257e-14,-1.2912562346442472e-16,0.0,0,0.0,0.0,0.004481554769642852,0.0,0,0.0,0.0,0.004481554769642852,0.0,0.0
MAR12129,559,-1.639714005600231e-14,1.2501471168391116e-14,-1.3377168672566283e-16,0.0,0,0.0,0.0,0.004481554769642852,0.0,0,0.0,0.0,0.004481554769642852,0.0,0.0
MAR02099,539,-1.6399168150010477e-14,1.2788810839134832e-14,-1.3141255566892253e-16,0.0,0,0.0,0.0,0.004647382219459146,0.0,0,0.0,0.0,0.004647382219459146,0.0,0.0
MAR06674,571,-1.640096892700196e-14,1.1150839093990318e-14,-1.3046540035310473e-16,0.0,0,0.0,0.0,0.00438761958448344,0.0,0,0.0,0.0,0.00438761958448344,0.0,0.0
MAR08240,551,-1.6403091830977268e-14,1.2749048057826663e-14,-1.297027844585977e-16,0.0,0,0.0,0.0,0.004546445100963565,0.0,0,0.0,0.0,0.004546445100963565,0.0,0.0
MAR01740,575,-1.6410447879815878e-14,1.1336108441431397e-14,-1.321667833036952e-16,0.0,0,0.0,0.0,0.004357176858116289,0.0,0,0.0,0.0,0.004357176858116289,0.0,0.0
MAR10434,565,-1.6424226777038778e-14,1.2216494891473126e-14,-1.3012811963900532e-16,0.0,0,0.0,0.0,0.004434089734923025,0.0,0,0.0,0.0,0.004434089734923025,0.0,0.0
MAR09864,564,-1.6428151195588132e-14,1.2283717139162094e-14,-1.2966727775589515e-16,0.0,0,0.0,0.0,0.004441930629657058,0.0,0,0.0,0.0,0.004441930629657058,0.0,0.0
MAR09365,563,-1.6432089555233578e-14,1.2528025348116385e-14,-1.306164068750176e-16,0.0,0,0.0,0.0,0.004449799303901048,0.0,0,0.0,0.0,0.004449799303901048,0.0,0.0
MAR00516,568,-1.643755554205584e-14,1.2366914014669891e-14,-1.3068546790833557e-16,0.0,0,0.0,0.0,0.004410732264444036,0.0,0,0.0,0.0,0.004410732264444036,0.0,0.0
MAR03112,574,-1.643903751026852e-14,1.2333160768347389e-14,-1.3105057883218414e-16,0.0,0,0.0,0.0,0.004364747866934595,0.0,0,0.0,0.0,0.004364747866934595,0.0,0.0
MAR03023,567,-1.6441482704007964e-14,1.2401029884088554e-14,-1.312922847622211e-16,0.0,0,0.0,0.0,0.00441849069762059,0.0,0,0.0,0.0,0.00441849069762059,0.0,0.0
MAR00942,559,-1.6447983901137202e-14,1.2203008595553427e-14,-1.318546984112527e-16,0.0,0,0.0,0.0,0.004481554769642852,0.0,0,0.0,0.0,0.004481554769642852,0.0,0.0
MAR08552,559,-1.647340582370465e-14,1.2622486404913584e-14,-1.304566252754699e-16,0.0,0,0.0,0.0,0.004481554769642852,0.0,0,0.0,0.0,0.004481554769642852,0.0,0.0
MAR02086,551,-1.6480464905651688e-14,1.1756437790684466e-14,-1.3230170283441876e-16,0.0,0,0.0,0.0,0.004546445100963565,0.0,0,0.0,0.0,0.004546445100963565,0.0,0.0
MAR07111,562,-1.648661436710268e-14,1.2595864859037532e-14,-1.325248059190357e-16,0.0,0,0.0,0.0,0.0044576959055467585,0.0,0,0.0,0.0,0.0044576959055467585,0.0,0.0
MAR03805,574,-1.648855268349222e-14,1.229245315004035e-14,-1.3118717340657126e-16,0.0,0,0.0,0.0,0.004364747866934595,0.0,0,0.0,0.0,0.004364747866934595,0.0,0.0
MAR03289,555,-1.6489712498360525e-14,1.2603330993021678e-14,-1.3003560316649412e-16,0.0,0,0.0,0.0,0.004513766730450679,0.0,0,0.0,0.0,0.004513766730450679,0.0,0.0
MAR12697,567,-1.6491609175666523e-14,1.2338644934370067e-14,-1.312955609978828e-16,0.0,0,0.0,0.0,0.00441849069762059,0.0,0,0.0,0.0,0.00441849069762059,0.0,0.0
MAR03589,548,-1.649288977895707e-14,1.2844002575486435e-14,-1.3091813547987048e-16,0.0,0,0.0,0.0,0.004571266087298871,0.0,0,0.0,0.0,0.004571266087298871,0.0,0.0
MAR00737,558,-1.6502928056363618e-14,1.148614537048741e-14,-1.3180632758096192e-16,0.0,0,0.0,0.0,0.004489564580987142,0.0,0,0.0,0.0,0.004489564580987142,0.0,0.0
MAR12633,545,-1.6505451439858474e-14,1.2782816981878596e-14,-1.3118931138058606e-16,0.0,0,0.0,0.0,0.004596359577531593,0.0,0,0.0,0.0,0.004596359577531593,0.0,0.0
MAR05308,551,-1.6506255930543163e-14,1.2572056419952504e-14,-1.3099177463332984e-16,0.0,0,0.0,0.0,0.004546445100963565,0.0,0,0.0,0.0,0.004546445100963565,0.0,0.0
MAR00527,579,-1.6517971024751206e-14,1.2054158240934829e-14,-1.3163440901184934e-16,0.0,0,0.0,0.0,0.00432715366313485,0.0,0,0.0,0.0,0.00432715366313485,0.0,0.0
MAR02052,541,-1.6522417034865177e-14,1.3060453920319377e-14,-1.3148494787984766e-16,0.0,0,0.0,0.0,0.004630249273041442,0.0,0,0.0,0.0,0.004630249273041442,0.0,0.0
MAR03323,547,-1.6523041314201964e-14,1.2840483320982257e-14,-1.3045155713387863e-16,0.0,0,0.0,0.0,0.004579600085029117,0.0,0,0.0,0.0,0.004579600085029117,0.0,0.0
MAR10215,565,-1.6524834598031356e-14,1.2533613792406445e-14,-1.321131565529923e-16,0.0,0,0.0,0.0,0.004434089734923025,0.0,0,0.0,0.0,0.004434089734923025,0.0,0.0
MAR08546,557,-1.653255629344865e-14,1.2704225339282795e-14,-1.3073771557552797e-16,0.0,0,0.0,0.0,0.004497603075155535,0.0,0,0.0,0.0,0.004497603075155535,0.0,0.0
MAR07969,555,-1.6540922785622514e-14,1.2511625049755566e-14,-1.307115530825707e-16,0.0,0,0.0,0.0,0.004513766730450679,0.0,0,0.0,0.0,0.004513766730450679,0.0,0.0
MAR01130,567,-1.6541735647325083e-14,1.1365740509848356e-14,-1.3295301794770748e-16,0.0,0,0.0,0.0,0.00441849069762059,0.0,0,0.0,0.0,0.00441849069762059,0.0,0.0
MAR06997,548,-1.654475421222423e-14,1.2686074582240165e-14,-1.307151358546287e-16,0.0,0,0.0,0.0,0.004571266087298871,0.0,0,0.0,0.0,0.004571266087298871,0.0,0.0
MAR10370,548,-1.654475421222423e-14,1.2813105884559312e-14,-1.314389906336001e-16,0.0,0,0.0,0.0,0.004571266087298871,0.0,0,0.0,0.0,0.004571266087298871,0.0,0.0
MAR06817,560,-1.6545495132699477e-14,1.197353782783533e-14,-1.3290280419334652e-16,0.0,0,0.0,0.0,0.0044735734878779895,0.0,0,0.0,0.0,0.0044735734878779895,0.0,0.0
MAR02808,559,-1.6549671591406984e-14,1.2651229215527919e-14,-1.3168811518367376e-16,0.0,0,0.0,0.0,0.004481554769642852,0.0,0,0.0,0.0,0.004481554769642852,0.0,0.0
MAR00750,559,-1.6549671591406984e-14,1.1599566619162264e-14,-1.3226333822220314e-16,0.0,0,0.0,0.0,0.004481554769642852,0.0,0,0.0,0.0,0.004481554769642852,0.0,0.0
MAR02952,558,-1.6553863019500545e-14,1.2272234044838609e-14,-1.3234901412238973e-16,0.0,0,0.0,0.0,0.004489564580987142,0.0,0,0.0,0.0,0.004489564580987142,0.0,0.0
MAR12663,544,-1.6561915237937634e-14,1.2333960137858946e-14,-1.340021533326068e-16,0.0,0,0.0,0.0,0.004604785407758596,0.0,0,0.0,0.0,0.004604785407758596,0.0,0.0
MAR03661,568,-1.656265109412628e-14,1.2557648946305529e-14,-1.30463674481399e-16,0.0,0,0.0,0.0,0.004410732264444036,0.0,0,0.0,0.0,0.004410732264444036,0.0,0.0
MAR10059,585,-1.6567184471397893e-14,1.2097906190036002e-14,-1.3193624349865473e-16,0.0,0,0.0,0.0,0.004282886715357432,0.0,0,0.0,0.0,0.004282886715357432,0.0,0.0
MAR05298,558,-1.6579330501069005e-14,1.2394371162005264e-14,-1.3182303225413001e-16,0.0,0,0.0,0.0,0.004489564580987142,0.0,0,0.0,0.0,0.004489564580987142,0.0,0.0
MAR12963,573,-1.6591730897853648e-14,1.1932607941484778e-14,-1.3465181640711385e-16,0.0,0,0.0,0.0,0.0043723452321952965,0.0,0,0.0,0.0,0.0043723452321952965,0.0,0.0
MAR09277,537,-1.6592562209369936e-14,1.2701886681356356e-14,-1.3240217693764364e-16,0.0,0,0.0,0.0,0.004664642427888463,0.0,0,0.0,0.0,0.004664642427888463,0.0,0.0
MAR02413,560,-1.659624818525377e-14,1.1413046467189025e-14,-1.324452771582844e-16,0.0,0,0.0,0.0,0.0044735734878779895,0.0,0,0.0,0.0,0.0044735734878779895,0.0,0.0
MAR00540,558,-1.6604797982637466e-14,1.2598676893202606e-14,-1.326903781434264e-16,0.0,0,0.0,0.0,0.004489564580987142,0.0,0,0.0,0.0,0.004489564580987142,0.0,0.0
MAR12270,575,-1.6608164119331734e-14,1.2050153886944086e-14,-1.3411735666976478e-16,0.0,0,0.0,0.0,0.004357176858116289,0.0,0,0.0,0.0,0.004357176858116289,0.0,0.0
MAR03129,550,-1.6613781057954344e-14,1.2475813091947525e-14,-1.3124660867392648e-16,0.0,0,0.0,0.0,0.0045546887593671224,0.0,0,0.0,0.0,0.0045546887593671224,0.0,0.0
MAR12674,538,-1.6614549471862565e-14,1.3018144239146735e-14,-1.3251935470776628e-16,0.0,0,0.0,0.0,0.004655996327465773,0.0,0,0.0,0.0,0.004655996327465773,0.0,0.0
MAR01752,555,-1.664334336014649e-14,1.2258734482460967e-14,-1.338271773010189e-16,0.0,0,0.0,0.0,0.004513766730450679,0.0,0,0.0,0.0,0.004513766730450679,0.0,0.0
MAR05026,560,-1.6647001237808062e-14,1.1677108672761701e-14,-1.3408978071651594e-16,0.0,0,0.0,0.0,0.0044735734878779895,0.0,0,0.0,0.0,0.0044735734878779895,0.0,0.0
MAR09730,553,-1.6652140787433812e-14,1.2732361529055734e-14,-1.3229654698824885e-16,0.0,0,0.0,0.0,0.00453004698365408,0.0,0,0.0,0.0,0.00453004698365408,0.0,0.0
MAR02650,547,-1.665293943774129e-14,1.2425161627304348e-14,-1.3210029665100338e-16,0.0,0,0.0,0.0,0.004579600085029117,0.0,0,0.0,0.0,0.004579600085029117,0.0,0.0
MAR00430,540,-1.665827969393124e-14,1.2810107006928681e-14,-1.3293347756758165e-16,0.0,0,0.0,0.0,0.00463879992662872,0.0,0,0.0,0.0,0.00463879992662872,0.0,0.0
MAR01508,563,-1.665926130023681e-14,1.1443846171270478e-14,-1.333917547260191e-16,0.0,0,0.0,0.0,0.004449799303901048,0.0,0,0.0,0.0,0.004449799303901048,0.0,0.0
MAR12427,578,-1.6669480098454945e-14,1.1852225786588183e-14,-1.3518649576624439e-16,0.0,0,0.0,0.0,0.004334620605899285,0.0,0,0.0,0.0,0.004334620605899285,0.0,0.0
MAR12236,583,-1.6672769511489144e-14,1.2101795102267444e-14,-1.3275399065077582e-16,0.0,0,0.0,0.0,0.004297541386555887,0.0,0,0.0,0.0,0.004297541386555887,0.0,0.0
MAR07041,557,-1.668563551838799e-14,1.198099691183748e-14,-1.3456715531150414e-16,0.0,0,0.0,0.0,0.004497603075155535,0.0,0,0.0,0.0,0.004497603075155535,0.0,0.0
MAR12906,574,-1.668661337638702e-14,1.2716538839256043e-14,-1.3561603040989254e-16,0.0,0,0.0,0.0,0.004364747866934595,0.0,0,0.0,0.0,0.004364747866934595,0.0,0.0
MAR02691,574,-1.668661337638702e-14,1.2182252138559122e-14,-1.3236652453494108e-16,0.0,0,0.0,0.0,0.004364747866934595,0.0,0,0.0,0.0,0.004364747866934595,0.0,0.0
MAR11798,568,-1.6687746646196718e-14,1.2441092743342305e-14,-1.325620478106139e-16,0.0,0,0.0,0.0,0.004410732264444036,0.0,0,0.0,0.0,0.004410732264444036,0.0,0.0
MAR07079,562,-1.6688904113938296e-14,1.2565299015749642e-14,-1.343080838525084e-16,0.0,0,0.0,0.0,0.0044576959055467585,0.0,0,0.0,0.0,0.0044576959055467585,0.0,0.0
MAR02779,556,-1.669008656299804e-14,1.2456518139227543e-14,-1.3281098913230514e-16,0.0,0,0.0,0.0,0.0045056704064922026,0.0,0,0.0,0.0,0.0045056704064922026,0.0,0.0
MAR04503,550,-1.6691294810946357e-14,1.2828453071855989e-14,-1.3312035155483858e-16,0.0,0,0.0,0.0,0.0045546887593671224,0.0,0,0.0,0.0,0.0045546887593671224,0.0,0.0
MAR03703,567,-1.669211506230077e-14,1.2460225487923026e-14,-1.3116296215671434e-16,0.0,0,0.0,0.0,0.00441849069762059,0.0,0,0.0,0.0,0.00441849069762059,0.0,0.0
MAR01104,566,-1.669649891450412e-14,1.2140380802764672e-14,-1.3529832651616727e-16,0.0,0,0.0,0.0,0.0044262764728495866,0.0,0,0.0,0.0,0.0044262764728495866,0.0,0.0
MAR03578,543,-1.6697100015283387e-14,1.1487466608143938e-14,-1.3246274716287715e-16,0.0,0,0.0,0.0,0.004613242186326175,0.0,0,0.0,0.0,0.004613242186326175,0.0,0.0
MAR00414,552,-1.6708052011170472e-14,1.1485436775834973e-14,-1.3329261825892283e-16,0.0,0,0.0,0.0,0.004538231229443332,0.0,0,0.0,0.0,0.004538231229443332,0.0,0.0
MAR01652,557,-1.671114872254455e-14,1.2274856481306353e-14,-1.3364897649847316e-16,0.0,0,0.0,0.0,0.004497603075155535,0.0,0,0.0,0.0,0.004497603075155535,0.0,0.0
MAR02629,549,-1.6721697898033686e-14,1.2847939613511269e-14,-1.3301096298469386e-16,0.0,0,0.0,0.0,0.004562962366977274,0.0,0,0.0,0.0,0.004562962366977274,0.0,0.0
MAR10035,553,-1.672923403182008e-14,1.2450422620944023e-14,-1.3325875184014105e-16,0.0,0,0.0,0.0,0.00453004698365408,0.0,0,0.0,0.0,0.00453004698365408,0.0,0.0
MAR06167,558,-1.673213539047978e-14,1.2543560239735914e-14,-1.332148820293731e-16,0.0,0,0.0,0.0,0.004489564580987142,0.0,0,0.0,0.0,0.004489564580987142,0.0,0.0
MAR04220,524,-1.6733010227632894e-14,1.3468576902927444e-14,-1.338458211193489e-16,0.0,0,0.0,0.0,0.004780036142715172,0.0,0,0.0,0.0,0.004780036142715172,0.0,0.0
MAR11999,552,-1.6733796313190764e-14,1.2580542967668553e-14,-1.3555527228817792e-16,0.0,0,0.0,0.0,0.004538231229443332,0.0,0,0.0,0.0,0.004538231229443332,0.0,0.0
MAR02331,557,-1.6736661926701103e-14,1.252618220105693e-14,-1.3310741149400316e-16,0.0,0,0.0,0.0,0.004497603075155535,0.0,0,0.0,0.0,0.004497603075155535,0.0,0.0
MAR01456,551,-1.6738375154566426e-14,1.2024179847953664e-14,-1.361336784654128e-16,0.0,0,0.0,0.0,0.004546445100963565,0.0,0,0.0,0.0,0.004546445100963565,0.0,0.0
MAR06211,567,-1.6742241533959326e-14,1.2385339580833267e-14,-1.3388575625612629e-16,0.0,0,0.0,0.0,0.00441849069762059,0.0,0,0.0,0.0,0.00441849069762059,0.0,0.0
MAR09987,567,-1.6742241533959326e-14,1.2244563195373511e-14,-1.3556384438099894e-16,0.0,0,0.0,0.0,0.00441849069762059,0.0,0,0.0,0.0,0.00441849069762059,0.0,0.0
MAR09100,533,-1.6743746268568213e-14,1.308063786992015e-14,-1.3644158862613921e-16,0.0,0,0.0,0.0,0.004699550344959981,0.0,0,0.0,0.0,0.004699550344959981,0.0,0.0
MAR01025,549,-1.6747582879299994e-14,1.279009428120884e-14,-1.3392212196268692e-16,0.0,0,0.0,0.0,0.004562962366977274,0.0,0,0.0,0.0,0.004562962366977274,0.0,0.0
MAR00396,542,-1.6754125762018597e-14,1.2974851961528604e-14,-1.3403946831052887e-16,0.0,0,0.0,0.0,0.00462173008405905,0.0,0,0.0,0.0,0.00462173008405905,0.0,0.0
MAR12955,581,-1.6754622168525597e-14,1.3107074350636643e-14,-1.3352380643369563e-16,0.0,0,0.0,0.0,0.004312296689115291,0.0,0,0.0,0.0,0.004312296689115291,0.0,0.0
MAR12967,541,-1.6758826817558e-14,1.3679799452769498e-14,-1.3414329013876716e-16,0.0,0,0.0,0.0,0.004630249273041442,0.0,0,0.0,0.0,0.004630249273041442,0.0,0.0
MAR09218,583,-1.6770271087579722e-14,1.2098317163122626e-14,-1.3321990171900166e-16,0.0,0,0.0,0.0,0.004297541386555887,0.0,0,0.0,0.0,0.004297541386555887,0.0,0.0
MAR07690,563,-1.67854678252386e-14,1.2318391869181464e-14,-1.338914918382907e-16,0.0,0,0.0,0.0,0.004449799303901048,0.0,0,0.0,0.0,0.004449799303901048,0.0,0.0
MAR03705,563,-1.67854678252386e-14,1.2537733878824576e-14,-1.32530329241809e-16,0.0,0,0.0,0.0,0.004449799303901048,0.0,0,0.0,0.0,0.004449799303901048,0.0,0.0
MAR02946,573,-1.6790137246407953e-14,1.2344356505863336e-14,-1.3378068475466737e-16,0.0,0,0.0,0.0,0.0043723452321952965,0.0,0,0.0,0.0,0.0043723452321952965,0.0,0.0
MAR07870,577,-1.6796885469268226e-14,1.2441847530838159e-14,-1.3404477215132265e-16,0.0,0,0.0,0.0,0.004342113363096878,0.0,0,0.0,0.0,0.004342113363096878,0.0,0.0
MAR06825,555,-1.6796974221932457e-14,1.2095678525604545e-14,-1.3267665171333356e-16,0.0,0,0.0,0.0,0.004513766730450679,0.0,0,0.0,0.0,0.004513766730450679,0.0,0.0
MAR11936,548,-1.6804076378560035e-14,1.2471315049221427e-14,-1.3700527563485294e-16,0.0,0,0.0,0.0,0.004571266087298871,0.0,0,0.0,0.0,0.004571266087298871,0.0,0.0
MAR06103,586,-1.680566948401875e-14,1.1945226537253918e-14,-1.332156811801131e-16,0.0,0,0.0,0.0,0.004275596795360198,0.0,0,0.0,0.0,0.004275596795360198,0.0,0.0
MAR03795,564,-1.6806099459290317e-14,1.2180977317447673e-14,-1.3305931524276185e-16,0.0,0,0.0,0.0,0.004441930629657058,0.0,0,0.0,0.0,0.004441930629657058,0.0,0.0
MAR06849,542,-1.6806564340303478e-14,1.3180276666537388e-14,-1.3463231937935817e-16,0.0,0,0.0,0.0,0.00462173008405905,0.0,0,0.0,0.0,0.00462173008405905,0.0,0.0
MAR02658,569,-1.680826928529165e-14,1.2334828933645026e-14,-1.3425771384332499e-16,0.0,0,0.0,0.0,0.004403001029543098,0.0,0,0.0,0.0,0.004403001029543098,0.0,0.0
MAR08709,541,-1.6811362324823074e-14,1.1743723194513565e-14,-1.3362543490305587e-16,0.0,0,0.0,0.0,0.004630249273041442,0.0,0,0.0,0.0,0.004630249273041442,0.0,0.0
MAR00655,565,-1.68266580610091e-14,1.2421310803451456e-14,-1.3448495176424404e-16,0.0,0,0.0,0.0,0.004434089734923025,0.0,0,0.0,0.0,0.004434089734923025,0.0,0.0
MAR06452,583,-1.6843397269647656e-14,1.1011043158611564e-14,-1.3494240591052396e-16,0.0,0,0.0,0.0,0.004297541386555887,0.0,0,0.0,0.0,0.004297541386555887,0.0,0.0
MAR00946,549,-1.6851122804365217e-14,1.1968899861603312e-14,-1.353395920927121e-16,0.0,0,0.0,0.0,0.004562962366977274,0.0,0,0.0,0.0,0.004562962366977274,0.0,0.0
MAR01767,565,-1.6851810016257244e-14,1.2539337966070716e-14,-1.345127010932337e-16,0.0,0,0.0,0.0,0.004434089734923025,0.0,0,0.0,0.0,0.004434089734923025,0.0,0.0
MAR01512,553,-1.6857722772463863e-14,1.2430778077181712e-14,-1.3497698825939601e-16,0.0,0,0.0,0.0,0.00453004698365408,0.0,0,0.0,0.0,0.00453004698365408,0.0,0.0
MAR12436,574,-1.6859916482669972e-14,1.2021071236256314e-14,-1.3582901066119288e-16,0.0,0,0.0,0.0,0.004364747866934595,0.0,0,0.0,0.0,0.004364747866934595,0.0,0.0
MAR02418,557,-1.6864227947483885e-14,1.2617657986928383e-14,-1.3482468914666299e-16,0.0,0,0.0,0.0,0.004497603075155535,0.0,0,0.0,0.0,0.004497603075155535,0.0,0.0
MAR02416,560,-1.6875389974302383e-14,1.2629957231787248e-14,-1.3490499979061366e-16,0.0,0,0.0,0.0,0.0044735734878779895,0.0,0,0.0,0.0,0.0044735734878779895,0.0,0.0
MAR03351,559,-1.688015658478378e-14,1.2508784362331202e-14,-1.3335738929684357e-16,0.0,0,0.0,0.0,0.004481554769642852,0.0,0,0.0,0.0,0.004481554769642852,0.0,0.0
MAR01769,553,-1.6883420520592617e-14,1.2793624391217361e-14,-1.3508828896775342e-16,0.0,0,0.0,0.0,0.00453004698365408,0.0,0,0.0,0.0,0.00453004698365408,0.0,0.0
MAR08468,574,-1.6884674069281823e-14,1.217668401032766e-14,-1.3443977154897696e-16,0.0,0,0.0,0.0,0.004364747866934595,0.0,0,0.0,0.0,0.004364747866934595,0.0,0.0
MAR06487,542,-1.6885222207730793e-14,1.247455394349572e-14,-1.3474320526363444e-16,0.0,0,0.0,0.0,0.00462173008405905,0.0,0,0.0,0.0,0.00462173008405905,0.0,0.0
MAR03663,589,-1.6888961461190835e-14,1.192304682399903e-14,-1.340599397135082e-16,0.0,0,0.0,0.0,0.00425387517710073,0.0,0,0.0,0.0,0.00425387517710073,0.0,0.0
MAR00975,572,-1.689402308800238e-14,1.2331469632851895e-14,-1.3493790974078808e-16,0.0,0,0.0,0.0,0.004379969091767465,0.0,0,0.0,0.0,0.004379969091767465,0.0,0.0
MAR08476,566,-1.6897359051821464e-14,1.242986410946976e-14,-1.3364432907098336e-16,0.0,0,0.0,0.0,0.0044262764728495866,0.0,0,0.0,0.0,0.0044262764728495866,0.0,0.0
MAR12259,549,-1.6902892766897834e-14,1.2260493043393999e-14,-1.3691983997851157e-16,0.0,0,0.0,0.0,0.004562962366977274,0.0,0,0.0,0.0,0.004562962366977274,0.0,0.0
MAR00064,559,-1.690557850735122e-14,1.2451320379813455e-14,-1.3408093732913202e-16,0.0,0,0.0,0.0,0.004481554769642852,0.0,0,0.0,0.0,0.004481554769642852,0.0,0.0
MAR03818,543,-1.6906468040553398e-14,1.3108079651622653e-14,-1.3309939720192791e-16,0.0,0,0.0,0.0,0.004613242186326175,0.0,0,0.0,0.0,0.004613242186326175,0.0,0.0
MAR00714,567,-1.691768418476429e-14,1.2280393346985503e-14,-1.3412825760186153e-16,0.0,0,0.0,0.0,0.00441849069762059,0.0,0,0.0,0.0,0.00441849069762059,0.0,0.0
MAR10398,572,-1.6918867239602387e-14,1.1938899708864627e-14,-1.3380368048530336e-16,0.0,0,0.0,0.0,0.004379969091767465,0.0,0,0.0,0.0,0.004379969091767465,0.0,0.0
MAR08508,572,-1.6918867239602387e-14,1.0934726382292747e-14,-1.356329317649499e-16,0.0,0,0.0,0.0,0.004379969091767465,0.0,0,0.0,0.0,0.004379969091767465,0.0,0.0
MAR02668,551,-1.691891232880674e-14,1.2649585944202002e-14,-1.3389692128581974e-16,0.0,0,0.0,0.0,0.004546445100963565,0.0,0,0.0,0.0,0.004546445100963565,0.0,0.0
MAR12295,577,-1.6920029790890427e-14,1.2793757259440296e-14,-1.366327534717624e-16,0.0,0,0.0,0.0,0.004342113363096878,0.0,0,0.0,0.0,0.004342113363096878,0.0,0.0
MAR01042,544,-1.6927635763696504e-14,1.2634575843914524e-14,-1.3614528982701426e-16,0.0,0,0.0,0.0,0.004604785407758596,0.0,0,0.0,0.0,0.004604785407758596,0.0,0.0
MAR03806,549,-1.6928777748164135e-14,1.2714675433777889e-14,-1.3456742363975364e-16,0.0,0,0.0,0.0,0.004562962366977274,0.0,0,0.0,0.0,0.004562962366977274,0.0,0.0
MAR10235,568,-1.69379377503376e-14,1.2314247228746488e-14,-1.3466755737895908e-16,0.0,0,0.0,0.0,0.004410732264444036,0.0,0,0.0,0.0,0.004410732264444036,0.0,0.0
MAR05307,573,-1.693894200782368e-14,1.2040785143930404e-14,-1.3457166919743368e-16,0.0,0,0.0,0.0,0.0043723452321952965,0.0,0,0.0,0.0,0.0043723452321952965,0.0,0.0
MAR02079,573,-1.693894200782368e-14,1.1211262236194204e-14,-1.363152394444275e-16,0.0,0,0.0,0.0,0.0043723452321952965,0.0,0,0.0,0.0,0.0043723452321952965,0.0,0.0
MAR00298,577,-1.6944658655214867e-14,1.2185936159216405e-14,-1.354467933527071e-16,0.0,0,0.0,0.0,0.004342113363096878,0.0,0,0.0,0.0,0.004342113363096878,0.0,0.0
MAR06152,555,-1.6950605083718426e-14,1.2526899643136245e-14,-1.36525077818835e-16,0.0,0,0.0,0.0,0.004513766730450679,0.0,0,0.0,0.0,0.004513766730450679,0.0,0.0
MAR03506,558,-1.696134272459594e-14,1.2606692256703754e-14,-1.3361668471868759e-16,0.0,0,0.0,0.0,0.004489564580987142,0.0,0,0.0,0.0,0.004489564580987142,0.0,0.0
MAR04458,555,-1.697621022734942e-14,1.2727021987887722e-14,-1.3465791728498221e-16,0.0,0,0.0,0.0,0.004513766730450679,0.0,0,0.0,0.0,0.004513766730450679,0.0,0.0
MAR01376,569,-1.698309526597076e-14,1.2059996851144672e-14,-1.3709788198163406e-16,0.0,0,0.0,0.0,0.004403001029543098,0.0,0,0.0,0.0,0.004403001029543098,0.0,0.0
MAR02599,574,-1.6983704415729223e-14,1.2274930495133512e-14,-1.3512970595473325e-16,0.0,0,0.0,0.0,0.004364747866934595,0.0,0,0.0,0.0,0.004364747866934595,0.0,0.0
MAR00951,563,-1.6987398265241473e-14,1.164706925935653e-14,-1.3658617772373877e-16,0.0,0,0.0,0.0,0.004449799303901048,0.0,0,0.0,0.0,0.004449799303901048,0.0,0.0
MAR02967,573,-1.6988543594962254e-14,1.2268076645121878e-14,-1.3606730359325176e-16,0.0,0,0.0,0.0,0.0043723452321952965,0.0,0,0.0,0.0,0.0043723452321952965,0.0,0.0
MAR01668,567,-1.6992873892252132e-14,1.1586704415400541e-14,-1.3684560824270776e-16,0.0,0,0.0,0.0,0.00441849069762059,0.0,0,0.0,0.0,0.00441849069762059,0.0,0.0
MAR03243,556,-1.699679565757074e-14,1.2655301363954776e-14,-1.3421403827947884e-16,0.0,0,0.0,0.0,0.0045056704064922026,0.0,0,0.0,0.0,0.0045056704064922026,0.0,0.0
MAR12807,566,-1.699778912048014e-14,1.350785864805121e-14,-1.356097579316363e-16,0.0,0,0.0,0.0,0.0044262764728495866,0.0,0,0.0,0.0,0.0044262764728495866,0.0,0.0
MAR12031,571,-1.6998272802947404e-14,1.243754297361165e-14,-1.35630603197577e-16,0.0,0,0.0,0.0,0.00438761958448344,0.0,0,0.0,0.0,0.00438761958448344,0.0,0.0
MAR03874,540,-1.7000392863000914e-14,1.2656834359311224e-14,-1.3581551114293444e-16,0.0,0,0.0,0.0,0.00463879992662872,0.0,0,0.0,0.0,0.00463879992662872,0.0,0.0
MAR12706,550,-1.70013498229144e-14,1.2239178089805719e-14,-1.353915654238059e-16,0.0,0,0.0,0.0,0.0045546887593671224,0.0,0,0.0,0.0,0.0045546887593671224,0.0,0.0
MAR09318,555,-1.7001815370980415e-14,1.2514971559315964e-14,-1.3498966494642603e-16,0.0,0,0.0,0.0,0.004513766730450679,0.0,0,0.0,0.0,0.004513766730450679,0.0,0.0
MAR03759,570,-1.700316301011889e-14,1.2313599739802711e-14,-1.3396570267783138e-16,0.0,0,0.0,0.0,0.004395296850147243,0.0,0,0.0,0.0,0.004395296850147243,0.0,0.0
MAR06155,580,-1.7004022710948605e-14,1.2310297937075155e-14,-1.3645391917120012e-16,0.0,0,0.0,0.0,0.004319712401627411,0.0,0,0.0,0.0,0.004319712401627411,0.0,0.0
MAR08865,564,-1.7007671866598144e-14,1.1505719321752092e-14,-1.3711336364258153e-16,0.0,0,0.0,0.0,0.004441930629657058,0.0,0,0.0,0.0,0.004441930629657058,0.0,0.0
MAR02739,574,-1.7008462002341075e-14,1.217247469427362e-14,-1.3535536592769154e-16,0.0,0,0.0,0.0,0.004364747866934595,0.0,0,0.0,0.0,0.004364747866934595,0.0,0.0
MAR05410,551,-1.7022076428372637e-14,1.2709563949600636e-14,-1.3454218711560205e-16,0.0,0,0.0,0.0,0.004546445100963565,0.0,0,0.0,0.0,0.004546445100963565,0.0,0.0
MAR06180,586,-1.7023924931863152e-14,1.2132094241793237e-14,-1.3583769151224096e-16,0.0,0,0.0,0.0,0.004275596795360198,0.0,0,0.0,0.0,0.004275596795360198,0.0,0.0
MAR02429,540,-1.7026709260621664e-14,1.2522544124936511e-14,-1.3547201103500734e-16,0.0,0,0.0,0.0,0.00463879992662872,0.0,0,0.0,0.0,0.00463879992662872,0.0,0.0
MAR08999,560,-1.7027649131965257e-14,1.2658928601682642e-14,-1.3451260176035935e-16,0.0,0,0.0,0.0,0.0044735734878779895,0.0,0,0.0,0.0,0.0044735734878779895,0.0,0.0
MAR12762,539,-1.7031933480557507e-14,1.2713537549558748e-14,-1.356325251776095e-16,0.0,0,0.0,0.0,0.004647382219459146,0.0,0,0.0,0.0,0.004647382219459146,0.0,0.0
MAR12679,552,-1.7042727937434287e-14,1.2760168749754866e-14,-1.3504836845508878e-16,0.0,0,0.0,0.0,0.004538231229443332,0.0,0,0.0,0.0,0.004538231229443332,0.0,0.0
MAR09726,566,-1.7048004154809472e-14,1.2347890422995679e-14,-1.3596134066027724e-16,0.0,0,0.0,0.0,0.0044262764728495866,0.0,0,0.0,0.0,0.0044262764728495866,0.0,0.0
MAR00583,576,-1.7048091333688513e-14,1.1827748155911536e-14,-1.3591552916176734e-16,0.0,0,0.0,0.0,0.004349632068826215,0.0,0,0.0,0.0,0.004349632068826215,0.0,0.0
MAR04822,559,-1.7058110042755893e-14,1.1606226288666574e-14,-1.366719378309014e-16,0.0,0,0.0,0.0,0.004481554769642852,0.0,0,0.0,0.0,0.004481554769642852,0.0,0.0
MAR01775,546,-1.7073847423392883e-14,1.2902564204779821e-14,-1.370264524936836e-16,0.0,0,0.0,0.0,0.004587964526068459,0.0,0,0.0,0.0,0.004587964526068459,0.0,0.0
MAR02041,585,-1.707731771758463e-14,1.2110000108763069e-14,-1.366495974632034e-16,0.0,0,0.0,0.0,0.004282886715357432,0.0,0,0.0,0.0,0.004282886715357432,0.0,0.0
MAR00934,575,-1.7077740188181887e-14,1.1795869303412737e-14,-1.3664800068347811e-16,0.0,0,0.0,0.0,0.004357176858116289,0.0,0,0.0,0.0,0.004357176858116289,0.0,0.0
MAR12245,565,-1.7078177613490548e-14,1.2605661321888413e-14,-1.3651495814193265e-16,0.0,0,0.0,0.0,0.004434089734923025,0.0,0,0.0,0.0,0.004434089734923025,0.0,0.0
MAR06322,559,-1.708353196532334e-14,1.2818473055584275e-14,-1.367765930889132e-16,0.0,0,0.0,0.0,0.004481554769642852,0.0,0,0.0,0.0,0.004481554769642852,0.0,0.0
MAR08660,549,-1.7084087635761972e-14,1.1279093634384069e-14,-1.370029358660671e-16,0.0,0,0.0,0.0,0.004562962366977274,0.0,0,0.0,0.0,0.004562962366977274,0.0,0.0
MAR02549,558,-1.7088680132438254e-14,1.2182515504482372e-14,-1.3656073385302409e-16,0.0,0,0.0,0.0,0.004489564580987142,0.0,0,0.0,0.0,0.004489564580987142,0.0,0.0
MAR10127,557,-1.7093846784892895e-14,1.2640828438941984e-14,-1.3643630710715723e-16,0.0,0,0.0,0.0,0.004497603075155535,0.0,0,0.0,0.0,0.004497603075155535,0.0,0.0
MAR01957,565,-1.7103329568738696e-14,1.2174280487926715e-14,-1.3672700791446888e-16,0.0,0,0.0,0.0,0.004434089734923025,0.0,0,0.0,0.0,0.004434089734923025,0.0,0.0
MAR01288,596,-1.7119788062944695e-14,1.1871320002872689e-14,-1.3737821093503358e-16,0.0,0,0.0,0.0,0.0042040396523125,0.0,0,0.0,0.0,0.0042040396523125,0.0,0.0
MAR03534,542,-1.712119581001275e-14,1.3120869811619396e-14,-1.3518462462472486e-16,0.0,0,0.0,0.0,0.00462173008405905,0.0,0,0.0,0.0,0.00462173008405905,0.0,0.0
MAR12777,537,-1.7121830541407254e-14,1.2453444913344286e-14,-1.3861071381432926e-16,0.0,0,0.0,0.0,0.004664642427888463,0.0,0,0.0,0.0,0.004664642427888463,0.0,0.0
MAR10383,580,-1.7126530079183105e-14,1.1926987648018145e-14,-1.3629160513868182e-16,0.0,0,0.0,0.0,0.004319712401627411,0.0,0,0.0,0.0,0.004319712401627411,0.0,0.0
MAR12353,555,-1.7129841089135387e-14,1.2270993719245655e-14,-1.3901646540057157e-16,0.0,0,0.0,0.0,0.004513766730450679,0.0,0,0.0,0.0,0.004513766730450679,0.0,0.0
MAR10242,545,-1.7131250546582966e-14,1.2789028500661401e-14,-1.3575501964274035e-16,0.0,0,0.0,0.0,0.004596359577531593,0.0,0,0.0,0.0,0.004596359577531593,0.0,0.0
MAR02676,564,-1.7133654621165536e-14,1.2554111691902425e-14,-1.3672296497142397e-16,0.0,0,0.0,0.0,0.004441930629657058,0.0,0,0.0,0.0,0.004441930629657058,0.0,0.0
MAR04543,592,-1.7139443017997012e-14,1.1078443613400339e-14,-1.373483457056178e-16,0.0,0,0.0,0.0,0.004232373150611237,0.0,0,0.0,0.0,0.004232373150611237,0.0,0.0
MAR06055,553,-1.7140398001880175e-14,1.2758673248064455e-14,-1.3626576222620355e-16,0.0,0,0.0,0.0,0.00453004698365408,0.0,0,0.0,0.0,0.00453004698365408,0.0,0.0
MAR00940,577,-1.714168956981039e-14,1.1095739875875217e-14,-1.3762588065604045e-16,0.0,0,0.0,0.0,0.004342113363096878,0.0,0,0.0,0.0,0.004342113363096878,0.0,0.0
MAR03522,566,-1.714843422346814e-14,1.2469987431337911e-14,-1.346676754016367e-16,0.0,0,0.0,0.0,0.0044262764728495866,0.0,0,0.0,0.0,0.0044262764728495866,0.0,0.0
MAR09296,565,-1.7153633479234985e-14,1.2503891551993778e-14,-1.364457469421558e-16,0.0,0,0.0,0.0,0.004434089734923025,0.0,0,0.0,0.0,0.004434089734923025,0.0,0.0
MAR01099,560,-1.715453176335099e-14,1.2268371890513459e-14,-1.3887983387567117e-16,0.0,0,0.0,0.0,0.0044735734878779895,0.0,0,0.0,0.0,0.0044735734878779895,0.0,0.0
MAR03706,545,-1.7157325509363152e-14,1.2901568331699537e-14,-1.3576549424417292e-16,0.0,0,0.0,0.0,0.004596359577531593,0.0,0,0.0,0.0,0.004596359577531593,0.0,0.0
MAR03223,564,-1.7158851172079014e-14,1.2522830240903096e-14,-1.355259906319738e-16,0.0,0,0.0,0.0,0.004441930629657058,0.0,0,0.0,0.0,0.004441930629657058,0.0,0.0
MAR02570,559,-1.7159797733025676e-14,1.2590107805605549e-14,-1.366130012953914e-16,0.0,0,0.0,0.0,0.004481554769642852,0.0,0,0.0,0.0,0.004481554769642852,0.0,0.0
MAR01292,563,-1.7164087400243984e-14,1.1483999126791748e-14,-1.3819883510065083e-16,0.0,0,0.0,0.0,0.004449799303901048,0.0,0,0.0,0.0,0.004449799303901048,0.0,0.0
MAR09158,566,-1.717354174063281e-14,1.2425814957591945e-14,-1.3986039287604274e-16,0.0,0,0.0,0.0,0.0044262764728495866,0.0,0,0.0,0.0,0.0044262764728495866,0.0,0.0
MAR08610,566,-1.717354174063281e-14,1.2392023288374473e-14,-1.361911783065625e-16,0.0,0,0.0,0.0,0.0044262764728495866,0.0,0,0.0,0.0,0.0044262764728495866,0.0,0.0
MAR01445,563,-1.7189328705244342e-14,1.3028633789784978e-14,-1.3762802552979547e-16,0.0,0,0.0,0.0,0.004449799303901048,0.0,0,0.0,0.0,0.004449799303901048,0.0,0.0
MAR01754,563,-1.7189328705244342e-14,1.2073833937047418e-14,-1.389286550755321e-16,0.0,0,0.0,0.0,0.004449799303901048,0.0,0,0.0,0.0,0.004449799303901048,0.0,0.0
MAR08452,563,-1.7189328705244342e-14,1.2416132060539024e-14,-1.3604301014482778e-16,0.0,0,0.0,0.0,0.004449799303901048,0.0,0,0.0,0.0,0.004449799303901048,0.0,0.0
MAR12684,548,-1.719305962806374e-14,1.3435759438363431e-14,-1.391435955342312e-16,0.0,0,0.0,0.0,0.004571266087298871,0.0,0,0.0,0.0,0.004571266087298871,0.0,0.0
MAR06586,552,-1.719719374955605e-14,1.275182858987872e-14,-1.3789156481537238e-16,0.0,0,0.0,0.0,0.004538231229443332,0.0,0,0.0,0.0,0.004538231229443332,0.0,0.0
MAR03951,568,-1.7213147964892567e-14,1.23314610511596e-14,-1.369553163322095e-16,0.0,0,0.0,0.0,0.004410732264444036,0.0,0,0.0,0.0,0.004410732264444036,0.0,0.0
MAR07110,542,-1.72260729665825e-14,1.296728459420916e-14,-1.358276766581812e-16,0.0,0,0.0,0.0,0.00462173008405905,0.0,0,0.0,0.0,0.00462173008405905,0.0,0.0
MAR12197,551,-1.7228404627504427e-14,1.321574724578298e-14,-1.3942148554410287e-16,0.0,0,0.0,0.0,0.004546445100963565,0.0,0,0.0,0.0,0.004546445100963565,0.0,0.0
MAR02510,565,-1.7229089344979422e-14,1.2456761780716614e-14,-1.3747523368240933e-16,0.0,0,0.0,0.0,0.004434089734923025,0.0,0,0.0,0.0,0.004434089734923025,0.0,0.0
MAR01233,573,-1.7236551530655135e-14,1.140126898987707e-14,-1.3860366584731486e-16,0.0,0,0.0,0.0,0.0043723452321952965,0.0,0,0.0,0.0,0.0043723452321952965,0.0,0.0
MAR00493,570,-1.7252476250736468e-14,1.2297556849603607e-14,-1.3761122649292546e-16,0.0,0,0.0,0.0,0.004395296850147243,0.0,0,0.0,0.0,0.004395296850147243,0.0,0.0
MAR02371,568,-1.7263186185720745e-14,1.2193781489754744e-14,-1.3778460101427064e-16,0.0,0,0.0,0.0,0.004410732264444036,0.0,0,0.0,0.0,0.004410732264444036,0.0,0.0
MAR03321,575,-1.727545642769774e-14,1.2226147421272522e-14,-1.374636987728619e-16,0.0,0,0.0,0.0,0.004357176858116289,0.0,0,0.0,0.0,0.004357176858116289,0.0,0.0
MAR02695,574,-1.7280795455071426e-14,1.2270554508450799e-14,-1.3718347360613505e-16,0.0,0,0.0,0.0,0.004364747866934595,0.0,0,0.0,0.0,0.004364747866934595,0.0,0.0
MAR00981,555,-1.7283471950921356e-14,1.1489803231804e-14,-1.3893264011949358e-16,0.0,0,0.0,0.0,0.004513766730450679,0.0,0,0.0,0.0,0.004513766730450679,0.0,0.0
MAR09981,561,-1.730127231815146e-14,1.248970915187794e-14,-1.4040512374484385e-16,0.0,0,0.0,0.0,0.004465620583537596,0.0,0,0.0,0.0,0.004465620583537596,0.0,0.0
MAR03848,573,-1.7310953911362998e-14,1.2175050782285626e-14,-1.3776647725182898e-16,0.0,0,0.0,0.0,0.0043723452321952965,0.0,0,0.0,0.0,0.0043723452321952965,0.0,0.0
MAR03121,545,-1.7313775286044277e-14,1.2894952485148897e-14,-1.3714262989661728e-16,0.0,0,0.0,0.0,0.004596359577531593,0.0,0,0.0,0.0,0.004596359577531593,0.0,0.0
MAR01153,576,-1.7319479184152442e-14,1.2266079104130441e-14,-1.3837597697263362e-16,0.0,0,0.0,0.0,0.004349632068826215,0.0,0,0.0,0.0,0.004349632068826215,0.0,0.0
MAR03512,571,-1.7321812402417856e-14,1.2256772804504394e-14,-1.3655694084930326e-16,0.0,0,0.0,0.0,0.00438761958448344,0.0,0,0.0,0.0,0.00438761958448344,0.0,0.0
MAR07100,566,-1.7324186843620817e-14,1.1693583851261015e-14,-1.389321565785187e-16,0.0,0,0.0,0.0,0.0044262764728495866,0.0,0,0.0,0.0,0.0044262764728495866,0.0,0.0
MAR10488,556,-1.732906384335784e-14,1.2532653888819531e-14,-1.3830123841913924e-16,0.0,0,0.0,0.0,0.0045056704064922026,0.0,0,0.0,0.0,0.0045056704064922026,0.0,0.0
MAR00497,556,-1.732906384335784e-14,1.2644530095686645e-14,-1.388827658591991e-16,0.0,0,0.0,0.0,0.0045056704064922026,0.0,0,0.0,0.0,0.0045056704064922026,0.0,0.0
MAR03228,565,-1.7329697165972003e-14,1.2501053305822545e-14,-1.3678997824138773e-16,0.0,0,0.0,0.0,0.004434089734923025,0.0,0,0.0,0.0,0.004434089734923025,0.0,0.0
MAR08927,555,-1.7334682238183345e-14,1.275038375239989e-14,-1.371524585944212e-16,0.0,0,0.0,0.0,0.004513766730450679,0.0,0,0.0,0.0,0.004513766730450679,0.0,0.0
MAR03346,541,-1.7336717397473796e-14,1.2893378110836264e-14,-1.363786885718332e-16,0.0,0,0.0,0.0,0.004630249273041442,0.0,0,0.0,0.0,0.004630249273041442,0.0,0.0
MAR00252,595,-1.7339631131490177e-14,1.1755223947595535e-14,-1.3859799039384526e-16,0.0,0,0.0,0.0,0.004211087402744312,0.0,0,0.0,0.0,0.004211087402744312,0.0,0.0
MAR12844,567,-1.7343759193862056e-14,1.336886352537993e-14,-1.393632044244938e-16,0.0,0,0.0,0.0,0.00441849069762059,0.0,0,0.0,0.0,0.00441849069762059,0.0,0.0
MAR09395,530,-1.734796792591641e-14,1.3171906652407283e-14,-1.368271111922357e-16,0.0,0,0.0,0.0,0.0047260760867549505,0.0,0,0.0,0.0,0.0047260760867549505,0.0,0.0
MAR12779,556,-1.735462293457223e-14,1.2410348935223087e-14,-1.4066519904807132e-16,0.0,0,0.0,0.0,0.0045056704064922026,0.0,0,0.0,0.0,0.0045056704064922026,0.0,0.0
MAR01729,564,-1.7360423579386844e-14,1.2503835999714976e-14,-1.3973292994473422e-16,0.0,0,0.0,0.0,0.004441930629657058,0.0,0,0.0,0.0,0.004441930629657058,0.0,0.0
MAR09820,573,-1.7360555498501577e-14,1.2005988067530333e-14,-1.3863378673374884e-16,0.0,0,0.0,0.0,0.0043723452321952965,0.0,0,0.0,0.0,0.0043723452321952965,0.0,0.0
MAR06277,573,-1.7360555498501577e-14,1.2290474873839323e-14,-1.3955251963899695e-16,0.0,0,0.0,0.0,0.0043723452321952965,0.0,0,0.0,0.0,0.0043723452321952965,0.0,0.0
MAR12825,575,-1.737431454745567e-14,1.3271288040308654e-14,-1.3984486111482088e-16,0.0,0,0.0,0.0,0.004357176858116289,0.0,0,0.0,0.0,0.004357176858116289,0.0,0.0
MAR06970,588,-1.737687846977932e-14,1.1678753482612785e-14,-1.3857640072813393e-16,0.0,0,0.0,0.0,0.004261091151880009,0.0,0,0.0,0.0,0.004261091151880009,0.0,0.0
MAR03252,555,-1.7385892525445333e-14,1.2604726719098645e-14,-1.3731896381738294e-16,0.0,0,0.0,0.0,0.004513766730450679,0.0,0,0.0,0.0,0.004513766730450679,0.0,0.0
MAR03898,577,-1.738797821305479e-14,1.1955596386942069e-14,-1.380412212929192e-16,0.0,0,0.0,0.0,0.004342113363096878,0.0,0,0.0,0.0,0.004342113363096878,0.0,0.0
MAR03262,558,-1.73942899112598e-14,1.2560269201864112e-14,-1.3800173215857753e-16,0.0,0,0.0,0.0,0.004489564580987142,0.0,0,0.0,0.0,0.004489564580987142,0.0,0.0
MAR04136,561,-1.7402597485461277e-14,1.2231192309127558e-14,-1.386899345519965e-16,0.0,0,0.0,0.0,0.004465620583537596,0.0,0,0.0,0.0,0.004465620583537596,0.0,0.0
MAR01115,552,-1.7403148165718397e-14,1.2207019848963252e-14,-1.4069848504378666e-16,0.0,0,0.0,0.0,0.004538231229443332,0.0,0,0.0,0.0,0.004538231229443332,0.0,0.0
MAR02770,578,-1.7407067713430827e-14,1.1115826000655565e-14,-1.3906716932659256e-16,0.0,0,0.0,0.0,0.004334620605899285,0.0,0,0.0,0.0,0.004334620605899285,0.0,0.0
MAR01839,546,-1.741220110708817e-14,1.171247960702145e-14,-1.397829791763835e-16,0.0,0,0.0,0.0,0.004587964526068459,0.0,0,0.0,0.0,0.004587964526068459,0.0,0.0
MAR07037,568,-1.741330084820527e-14,1.1706286041626411e-14,-1.3959703623486199e-16,0.0,0,0.0,0.0,0.004410732264444036,0.0,0,0.0,0.0,0.004410732264444036,0.0,0.0
MAR08761,563,-1.741650045024757e-14,1.2630722548045236e-14,-1.390584490708472e-16,0.0,0,0.0,0.0,0.004449799303901048,0.0,0,0.0,0.0,0.004449799303901048,0.0,0.0
MAR02699,562,-1.7422204446217405e-14,1.2570023368489638e-14,-1.389935810493439e-16,0.0,0,0.0,0.0,0.0044576959055467585,0.0,0,0.0,0.0,0.0044576959055467585,0.0,0.0
MAR11509,566,-1.742461691227949e-14,1.2438860530425577e-14,-1.3890001626189762e-16,0.0,0,0.0,0.0,0.0044262764728495866,0.0,0,0.0,0.0,0.0044262764728495866,0.0,0.0
MAR01646,557,-1.742551843892813e-14,1.256568680042513e-14,-1.3875331030147538e-16,0.0,0,0.0,0.0,0.004497603075155535,0.0,0,0.0,0.0,0.004497603075155535,0.0,0.0
MAR12583,562,-1.7447490664571854e-14,1.2948999892716275e-14,-1.4083389647395658e-16,0.0,0,0.0,0.0,0.0044576959055467585,0.0,0,0.0,0.0,0.0044576959055467585,0.0,0.0
MAR02990,539,-1.7453777034255523e-14,1.3071433690534465e-14,-1.3865662963366028e-16,0.0,0,0.0,0.0,0.004647382219459146,0.0,0,0.0,0.0,0.004647382219459146,0.0,0.0
MAR09078,552,-1.745463676975898e-14,1.2836927409866147e-14,-1.3860111095663138e-16,0.0,0,0.0,0.0,0.004538231229443332,0.0,0,0.0,0.0,0.004538231229443332,0.0,0.0
MAR12829,569,-1.745762292781406e-14,1.3356843266874268e-14,-1.3963341948749072e-16,0.0,0,0.0,0.0,0.004403001029543098,0.0,0,0.0,0.0,0.004403001029543098,0.0,0.0
MAR02018,573,-1.745975867277873e-14,1.1988891235211063e-14,-1.3972229219509595e-16,0.0,0,0.0,0.0,0.0043723452321952965,0.0,0,0.0,0.0,0.0043723452321952965,0.0,0.0
MAR01830,564,-1.7461209783040764e-14,1.2188371040325957e-14,-1.4055353084810805e-16,0.0,0,0.0,0.0,0.004441930629657058,0.0,0,0.0,0.0,0.004441930629657058,0.0,0.0
MAR04336,542,-1.7462046568864455e-14,1.2912277232599701e-14,-1.3833613987521076e-16,0.0,0,0.0,0.0,0.00462173008405905,0.0,0,0.0,0.0,0.00462173008405905,0.0,0.0
MAR01619,583,-1.7477157514236427e-14,1.2104984036113658e-14,-1.4031315259093555e-16,0.0,0,0.0,0.0,0.004297541386555887,0.0,0,0.0,0.0,0.004297541386555887,0.0,0.0
MAR04249,552,-1.7480381071779277e-14,1.245161085446534e-14,-1.3970836057307437e-16,0.0,0,0.0,0.0,0.004538231229443332,0.0,0,0.0,0.0,0.004538231229443332,0.0,0.0
MAR05202,565,-1.748060889746087e-14,1.2333994214178828e-14,-1.3804069440083637e-16,0.0,0,0.0,0.0,0.004434089734923025,0.0,0,0.0,0.0,0.004434089734923025,0.0,0.0
MAR02750,543,-1.7482230110045927e-14,1.2872456326165954e-14,-1.3905679929280614e-16,0.0,0,0.0,0.0,0.004613242186326175,0.0,0,0.0,0.0,0.004613242186326175,0.0,0.0
MAR12360,555,-1.7488313099969314e-14,1.3432096125587236e-14,-1.4116195741553198e-16,0.0,0,0.0,0.0,0.004513766730450679,0.0,0,0.0,0.0,0.004513766730450679,0.0,0.0
MAR01139,559,-1.7490282726402467e-14,1.2146029215522803e-14,-1.4119846806773916e-16,0.0,0,0.0,0.0,0.004481554769642852,0.0,0,0.0,0.0,0.004481554769642852,0.0,0.0
MAR00409,559,-1.7490282726402467e-14,1.2452602846479637e-14,-1.398770826254651e-16,0.0,0,0.0,0.0,0.004481554769642852,0.0,0,0.0,0.0,0.004481554769642852,0.0,0.0
MAR03176,576,-1.749218054353858e-14,1.1921210508730659e-14,-1.3931516231159622e-16,0.0,0,0.0,0.0,0.004349632068826215,0.0,0,0.0,0.0,0.004349632068826215,0.0,0.0
MAR01734,549,-1.7498247336022867e-14,1.1572459509997495e-14,-1.413877496699045e-16,0.0,0,0.0,0.0,0.004562962366977274,0.0,0,0.0,0.0,0.004562962366977274,0.0,0.0
MAR07735,553,-1.7500166475682756e-14,1.2539261623615703e-14,-1.3894740154036234e-16,0.0,0,0.0,0.0,0.00453004698365408,0.0,0,0.0,0.0,0.00453004698365408,0.0,0.0
MAR02703,564,-1.751160288486772e-14,1.1957186977606494e-14,-1.3938082244725492e-16,0.0,0,0.0,0.0,0.004441930629657058,0.0,0,0.0,0.0,0.004441930629657058,0.0,0.0
MAR06197,551,-1.7512105901310638e-14,1.2787418266159264e-14,-1.3894181089240217e-16,0.0,0,0.0,0.0,0.004546445100963565,0.0,0,0.0,0.0,0.004546445100963565,0.0,0.0
MAR02769,550,-1.7518108176194472e-14,1.2684823780480724e-14,-1.3917568324440424e-16,0.0,0,0.0,0.0,0.0045546887593671224,0.0,0,0.0,0.0,0.0045546887593671224,0.0,0.0
MAR01670,540,-1.7526720815415805e-14,1.2810150788854661e-14,-1.4104486692999204e-16,0.0,0,0.0,0.0,0.00463879992662872,0.0,0,0.0,0.0,0.00463879992662872,0.0,0.0
MAR00175,548,-1.753017844430028e-14,1.2833828747903975e-14,-1.4017166744944882e-16,0.0,0,0.0,0.0,0.004571266087298871,0.0,0,0.0,0.0,0.004571266087298871,0.0,0.0
MAR09092,554,-1.754553181443713e-14,1.2960063989774779e-14,-1.4282542566862966e-16,0.0,0,0.0,0.0,0.004521892203603858,0.0,0,0.0,0.0,0.004521892203603858,0.0,0.0
MAR01726,571,-1.7545801355897397e-14,1.2272277058118628e-14,-1.4144419656571958e-16,0.0,0,0.0,0.0,0.00438761958448344,0.0,0,0.0,0.0,0.00438761958448344,0.0,0.0
MAR05178,532,-1.7549871330616007e-14,1.3071536481940062e-14,-1.386398130240302e-16,0.0,0,0.0,0.0,0.004708359112657833,0.0,0,0.0,0.0,0.004708359112657833,0.0,0.0
MAR12815,553,-1.755156197194027e-14,1.2859309629897639e-14,-1.3994040551708756e-16,0.0,0,0.0,0.0,0.00453004698365408,0.0,0,0.0,0.0,0.00453004698365408,0.0,0.0
MAR03829,587,-1.7551737084363633e-14,1.1852467383315363e-14,-1.3829265538726857e-16,0.0,0,0.0,0.0,0.004268331649559446,0.0,0,0.0,0.0,0.004268331649559446,0.0,0.0
MAR08530,557,-1.7553084459710912e-14,1.2725100538095606e-14,-1.4004792675453823e-16,0.0,0,0.0,0.0,0.004497603075155535,0.0,0,0.0,0.0,0.004497603075155535,0.0,0.0
MAR08549,535,-1.755771021822154e-14,1.298169994446072e-14,-1.3894333052679802e-16,0.0,0,0.0,0.0,0.004682031321548599,0.0,0,0.0,0.0,0.004682031321548599,0.0,0.0
MAR01236,559,-1.7566548494104802e-14,1.218794977192328e-14,-1.419720500223465e-16,0.0,0,0.0,0.0,0.004481554769642852,0.0,0,0.0,0.0,0.004481554769642852,0.0,0.0
MAR12753,558,-1.7572562282239037e-14,1.2259996061544584e-14,-1.422331625166095e-16,0.0,0,0.0,0.0,0.004489564580987142,0.0,0,0.0,0.0,0.004489564580987142,0.0,0.0
MAR03529,549,-1.757590227982179e-14,1.277430597312621e-14,-1.3786406805335924e-16,0.0,0,0.0,0.0,0.004562962366977274,0.0,0,0.0,0.0,0.004562962366977274,0.0,0.0
MAR03631,570,-1.757658346353932e-14,1.2275084049044517e-14,-1.4010430615744883e-16,0.0,0,0.0,0.0,0.004395296850147243,0.0,0,0.0,0.0,0.004395296850147243,0.0,0.0
MAR12630,552,-1.758335827986045e-14,1.2551251816980794e-14,-1.4270721548267237e-16,0.0,0,0.0,0.0,0.004538231229443332,0.0,0,0.0,0.0,0.004538231229443332,0.0,0.0
MAR06149,573,-1.7583762640625166e-14,1.2406308803712641e-14,-1.4130472499374641e-16,0.0,0,0.0,0.0,0.0043723452321952965,0.0,0,0.0,0.0,0.0043723452321952965,0.0,0.0
MAR12826,560,-1.758593271006248e-14,1.3181517145142995e-14,-1.4324970987558526e-16,0.0,0,0.0,0.0,0.0044735734878779895,0.0,0,0.0,0.0,0.0044735734878779895,0.0,0.0
MAR12543,551,-1.7589478975985058e-14,1.2897310001780363e-14,-1.4084605594282782e-16,0.0,0,0.0,0.0,0.004546445100963565,0.0,0,0.0,0.0,0.004546445100963565,0.0,0.0
MAR03406,555,-1.7590733674493294e-14,1.2726857401486948e-14,-1.3923707147876185e-16,0.0,0,0.0,0.0,0.004513766730450679,0.0,0,0.0,0.0,0.004513766730450679,0.0,0.0
MAR03237,567,-1.7594391552154866e-14,1.223170448416398e-14,-1.399432077787119e-16,0.0,0,0.0,0.0,0.00441849069762059,0.0,0,0.0,0.0,0.00441849069762059,0.0,0.0
MAR02338,533,-1.759693079180736e-14,1.313656239878434e-14,-1.407140298155766e-16,0.0,0,0.0,0.0,0.004699550344959981,0.0,0,0.0,0.0,0.004699550344959981,0.0,0.0
MAR06140,586,-1.7605939459448216e-14,1.2009046481449431e-14,-1.4051686306798297e-16,0.0,0,0.0,0.0,0.004275596795360198,0.0,0,0.0,0.0,0.004275596795360198,0.0,0.0
MAR04766,544,-1.760683102582013e-14,1.1879487476122409e-14,-1.4133725119883763e-16,0.0,0,0.0,0.0,0.004604785407758596,0.0,0,0.0,0.0,0.004604785407758596,0.0,0.0
MAR00282,562,-1.762449419305302e-14,1.240491483235438e-14,-1.408384660082458e-16,0.0,0,0.0,0.0,0.0044576959055467585,0.0,0,0.0,0.0,0.0044576959055467585,0.0,0.0
MAR02974,537,-1.7624635456842707e-14,1.3112381294913885e-14,-1.401778492713469e-16,0.0,0,0.0,0.0,0.004664642427888463,0.0,0,0.0,0.0,0.004664642427888463,0.0,0.0
MAR01172,564,-1.7637585639435113e-14,1.2138114543670844e-14,-1.4120645211446174e-16,0.0,0,0.0,0.0,0.004441930629657058,0.0,0,0.0,0.0,0.004441930629657058,0.0,0.0
MAR03636,568,-1.7638472841932067e-14,1.2540347516329042e-14,-1.3947671166268287e-16,0.0,0,0.0,0.0,0.004410732264444036,0.0,0,0.0,0.0,0.004410732264444036,0.0,0.0
MAR06247,547,-1.7640165176640146e-14,1.2510425446662114e-14,-1.4223363958903905e-16,0.0,0,0.0,0.0,0.004579600085029117,0.0,0,0.0,0.0,0.004579600085029117,0.0,0.0
MAR01070,559,-1.7642814261807138e-14,1.2226972633082283e-14,-1.4277601764495258e-16,0.0,0,0.0,0.0,0.004481554769642852,0.0,0,0.0,0.0,0.004481554769642852,0.0,0.0
MAR13049,575,-1.7646174376789967e-14,1.3326542578426318e-14,-1.4148165118383846e-16,0.0,0,0.0,0.0,0.004357176858116289,0.0,0,0.0,0.0,0.004357176858116289,0.0,0.0
MAR06096,533,-1.7650254824509805e-14,1.2849530582443356e-14,-1.4252482779273459e-16,0.0,0,0.0,0.0,0.004699550344959981,0.0,0,0.0,0.0,0.004699550344959981,0.0,0.0
MAR03219,553,-1.7654352964455295e-14,1.2430078589802134e-14,-1.3950349210574858e-16,0.0,0,0.0,0.0,0.00453004698365408,0.0,0,0.0,0.0,0.00453004698365408,0.0,0.0
MAR01022,571,-1.767023966338603e-14,1.2357091322473734e-14,-1.4125755764391416e-16,0.0,0,0.0,0.0,0.00438761958448344,0.0,0,0.0,0.0,0.00438761958448344,0.0,0.0
MAR00520,575,-1.7670888906729447e-14,1.2222109375845367e-14,-1.4134791209666627e-16,0.0,0,0.0,0.0,0.004357176858116289,0.0,0,0.0,0.0,0.004357176858116289,0.0,0.0
MAR12319,546,-1.767247317146916e-14,1.2792711294627113e-14,-1.410016230395479e-16,0.0,0,0.0,0.0,0.004587964526068459,0.0,0,0.0,0.0,0.004587964526068459,0.0,0.0
MAR09014,561,-1.7681241695563276e-14,1.2556901930354916e-14,-1.3934063725672047e-16,0.0,0,0.0,0.0,0.004465620583537596,0.0,0,0.0,0.0,0.004465620583537596,0.0,0.0
MAR09214,569,-1.7682399188687202e-14,1.2394966500234858e-14,-1.407787283064829e-16,0.0,0,0.0,0.0,0.004403001029543098,0.0,0,0.0,0.0,0.004403001029543098,0.0,0.0
MAR03421,560,-1.768743881517107e-14,1.2668161672385232e-14,-1.3999562031971794e-16,0.0,0,0.0,0.0,0.0044735734878779895,0.0,0,0.0,0.0,0.0044735734878779895,0.0,0.0
MAR05025,535,-1.769052194453184e-14,1.3172368197702804e-14,-1.4088404145137607e-16,0.0,0,0.0,0.0,0.004682031321548599,0.0,0,0.0,0.0,0.004682031321548599,0.0,0.0
MAR02106,558,-1.769989969008135e-14,1.2281404245090056e-14,-1.4128668073407575e-16,0.0,0,0.0,0.0,0.004489564580987142,0.0,0,0.0,0.0,0.004489564580987142,0.0,0.0
MAR05153,570,-1.770124008384811e-14,1.2236028693561256e-14,-1.4054504507767967e-16,0.0,0,0.0,0.0,0.004395296850147243,0.0,0,0.0,0.0,0.004395296850147243,0.0,0.0
MAR00401,553,-1.7705748460712805e-14,1.1472799455095972e-14,-1.4096050422799023e-16,0.0,0,0.0,0.0,0.00453004698365408,0.0,0,0.0,0.0,0.00453004698365408,0.0,0.0
MAR10442,552,-1.7712079789961917e-14,1.2645552572664161e-14,-1.4053340881604054e-16,0.0,0,0.0,0.0,0.004538231229443332,0.0,0,0.0,0.0,0.004538231229443332,0.0,0.0
MAR11960,559,-1.7719080029509476e-14,1.2548643384790491e-14,-1.4180066006483743e-16,0.0,0,0.0,0.0,0.004481554769642852,0.0,0,0.0,0.0,0.004481554769642852,0.0,0.0
MAR02818,563,-1.7719396110251876e-14,1.2137666606252598e-14,-1.4098877892218846e-16,0.0,0,0.0,0.0,0.004449799303901048,0.0,0,0.0,0.0,0.004449799303901048,0.0,0.0
MAR03142,603,-1.7722326278328205e-14,1.1649103588483407e-14,-1.4109239191598207e-16,0.0,0,0.0,0.0,0.004155358282872983,0.0,0,0.0,0.0,0.004155358282872983,0.0,0.0
MAR00992,554,-1.7725091350549794e-14,1.2440134853363286e-14,-1.4218561178297992e-16,0.0,0,0.0,0.0,0.004521892203603858,0.0,0,0.0,0.0,0.004521892203603858,0.0,0.0
MAR12748,562,-1.772563906647083e-14,1.2951467358277037e-14,-1.4350790014547458e-16,0.0,0,0.0,0.0,0.0044576959055467585,0.0,0,0.0,0.0,0.0044576959055467585,0.0,0.0
MAR02991,552,-1.7737824091982213e-14,1.276882747350628e-14,-1.409115843644869e-16,0.0,0,0.0,0.0,0.004538231229443332,0.0,0,0.0,0.0,0.004538231229443332,0.0,0.0
MAR09431,555,-1.7744364536279257e-14,1.2557046086391102e-14,-1.4147741800713566e-16,0.0,0,0.0,0.0,0.004513766730450679,0.0,0,0.0,0.0,0.004513766730450679,0.0,0.0
MAR01384,563,-1.7744637415252234e-14,1.280763045287477e-14,-1.4319257341060238e-16,0.0,0,0.0,0.0,0.004449799303901048,0.0,0,0.0,0.0,0.004449799303901048,0.0,0.0
MAR03761,566,-1.7751014635420174e-14,1.249990770752996e-14,-1.4056706259034109e-16,0.0,0,0.0,0.0,0.0044262764728495866,0.0,0,0.0,0.0,0.0044262764728495866,0.0,0.0
MAR00577,545,-1.7757049653307458e-14,1.2893659461843309e-14,-1.422648362917827e-16,0.0,0,0.0,0.0,0.004596359577531593,0.0,0,0.0,0.0,0.004596359577531593,0.0,0.0
MAR07106,549,-1.7757097148685927e-14,1.3168568808381232e-14,-1.4180541631138944e-16,0.0,0,0.0,0.0,0.004562962366977274,0.0,0,0.0,0.0,0.004562962366977274,0.0,0.0
MAR06204,561,-1.775723557104564e-14,1.2423748429232324e-14,-1.425884059982013e-16,0.0,0,0.0,0.0,0.004465620583537596,0.0,0,0.0,0.0,0.004465620583537596,0.0,0.0
MAR01447,561,-1.775723557104564e-14,1.1900923087752696e-14,-1.4368326294001261e-16,0.0,0,0.0,0.0,0.004465620583537596,0.0,0,0.0,0.0,0.004465620583537596,0.0,0.0
MAR00991,576,-1.7763568394002505e-14,1.2305672957190743e-14,-1.4230395008407805e-16,0.0,0,0.0,0.0,0.004349632068826215,0.0,0,0.0,0.0,0.004349632068826215,0.0,0.0
MAR01689,559,-1.7769923874644367e-14,1.2506187385904394e-14,-1.428614141764532e-16,0.0,0,0.0,0.0,0.004481554769642852,0.0,0,0.0,0.0,0.004481554769642852,0.0,0.0
MAR09259,522,-1.7777180323806337e-14,1.3379157755301067e-14,-1.4161077593420072e-16,0.0,0,0.0,0.0,0.004798297691230617,0.0,0,0.0,0.0,0.004798297691230617,0.0,0.0
MAR12381,573,-1.778216898917947e-14,1.1949787729498733e-14,-1.4339989201776843e-16,0.0,0,0.0,0.0,0.0043723452321952965,0.0,0,0.0,0.0,0.0043723452321952965,0.0,0.0
MAR01699,552,-1.7789312696022797e-14,1.2635349238549452e-14,-1.4289212682751578e-16,0.0,0,0.0,0.0,0.004538231229443332,0.0,0,0.0,0.0,0.004538231229443332,0.0,0.0
MAR01315,548,-1.778950061063609e-14,1.2573254066616695e-14,-1.4181095856933646e-16,0.0,0,0.0,0.0,0.004571266087298871,0.0,0,0.0,0.0,0.004571266087298871,0.0,0.0
MAR00980,566,-1.7801229669749507e-14,1.2475861933006754e-14,-1.4247192588544253e-16,0.0,0,0.0,0.0,0.0044262764728495866,0.0,0,0.0,0.0,0.0044262764728495866,0.0,0.0
MAR02457,562,-1.7801497721534182e-14,1.2614984501213448e-14,-1.421038031035275e-16,0.0,0,0.0,0.0,0.0044576959055467585,0.0,0,0.0,0.0,0.0044576959055467585,0.0,0.0
MAR13026,562,-1.7801497721534182e-14,1.343344037233454e-14,-1.4275606021172398e-16,0.0,0,0.0,0.0,0.0044576959055467585,0.0,0,0.0,0.0,0.0044576959055467585,0.0,0.0
MAR01223,542,-1.7802897327716164e-14,1.2312720314764289e-14,-1.4483555553830884e-16,0.0,0,0.0,0.0,0.00462173008405905,0.0,0,0.0,0.0,0.00462173008405905,0.0,0.0
MAR11440,569,-1.7807274889172282e-14,1.2044344852819156e-14,-1.4373603180276464e-16,0.0,0,0.0,0.0,0.004403001029543098,0.0,0,0.0,0.0,0.004403001029543098,0.0,0.0
MAR03680,565,-1.780758431568676e-14,1.254245390580981e-14,-1.4073553965910153e-16,0.0,0,0.0,0.0,0.004434089734923025,0.0,0,0.0,0.0,0.004434089734923025,0.0,0.0
MAR09352,575,-1.7819176086366338e-14,1.2274787389765516e-14,-1.430327473718901e-16,0.0,0,0.0,0.0,0.004357176858116289,0.0,0,0.0,0.0,0.004357176858116289,0.0,0.0
MAR03540,551,-1.782159820000832e-14,1.2647727171132133e-14,-1.410877296411398e-16,0.0,0,0.0,0.0,0.004546445100963565,0.0,0,0.0,0.0,0.004546445100963565,0.0,0.0
MAR12925,572,-1.7838100848802515e-14,1.3222783785818395e-14,-1.4255721726430145e-16,0.0,0,0.0,0.0,0.004379969091767465,0.0,0,0.0,0.0,0.004379969091767465,0.0,0.0
MAR02103,568,-1.783862572524477e-14,1.200921523958022e-14,-1.4289083216242166e-16,0.0,0,0.0,0.0,0.004410732264444036,0.0,0,0.0,0.0,0.004410732264444036,0.0,0.0
MAR02089,552,-1.7840801300063384e-14,1.2685041094638818e-14,-1.431889168294059e-16,0.0,0,0.0,0.0,0.004538231229443332,0.0,0,0.0,0.0,0.004538231229443332,0.0,0.0
MAR02420,559,-1.7846189642346706e-14,1.2092211176664559e-14,-1.4236661496554655e-16,0.0,0,0.0,0.0,0.004481554769642852,0.0,0,0.0,0.0,0.004481554769642852,0.0,0.0
MAR12761,574,-1.7850219947143984e-14,1.26818905881186e-14,-1.4397881348781176e-16,0.0,0,0.0,0.0,0.004364747866934595,0.0,0,0.0,0.0,0.004364747866934595,0.0,0.0
MAR02067,558,-1.7852704579492125e-14,1.2639564704978018e-14,-1.4270686647988583e-16,0.0,0,0.0,0.0,0.004489564580987142,0.0,0,0.0,0.0,0.004489564580987142,0.0,0.0
MAR02741,569,-1.7857225169366313e-14,1.2273062870371334e-14,-1.4202481333166626e-16,0.0,0,0.0,0.0,0.004403001029543098,0.0,0,0.0,0.0,0.004403001029543098,0.0,0.0
MAR12405,557,-1.7859242909589592e-14,1.2470378290295723e-14,-1.447846368877726e-16,0.0,0,0.0,0.0,0.004497603075155535,0.0,0,0.0,0.0,0.004497603075155535,0.0,0.0
MAR11539,564,-1.7864354597656418e-14,1.2234573388721233e-14,-1.4442762396762986e-16,0.0,0,0.0,0.0,0.004441930629657058,0.0,0,0.0,0.0,0.004441930629657058,0.0,0.0
MAR01168,544,-1.7868059972790754e-14,1.2905519618413155e-14,-1.4322003942600529e-16,0.0,0,0.0,0.0,0.004604785407758596,0.0,0,0.0,0.0,0.004604785407758596,0.0,0.0
MAR00945,570,-1.7875759352280414e-14,1.241379780522733e-14,-1.4319195512809588e-16,0.0,0,0.0,0.0,0.004395296850147243,0.0,0,0.0,0.0,0.004395296850147243,0.0,0.0
MAR04565,566,-1.787655222124351e-14,1.2508908875456405e-14,-1.4251543321239068e-16,0.0,0,0.0,0.0,0.0044262764728495866,0.0,0,0.0,0.0,0.0044262764728495866,0.0,0.0
MAR08643,561,-1.7883892030182915e-14,1.2600390958472311e-14,-1.4255905650711577e-16,0.0,0,0.0,0.0,0.004465620583537596,0.0,0,0.0,0.0,0.004465620583537596,0.0,0.0
MAR11370,545,-1.7887424467208393e-14,1.2887859131841589e-14,-1.4192125392015128e-16,0.0,0,0.0,0.0,0.004596359577531593,0.0,0,0.0,0.0,0.004596359577531593,0.0,0.0
MAR02701,537,-1.7889269622861368e-14,1.30281837200402e-14,-1.4264756908592999e-16,0.0,0,0.0,0.0,0.004664642427888463,0.0,0,0.0,0.0,0.004664642427888463,0.0,0.0
MAR04439,556,-1.7891363850074464e-14,1.287089438086302e-14,-1.4305879546935707e-16,0.0,0,0.0,0.0,0.0045056704064922026,0.0,0,0.0,0.0,0.0045056704064922026,0.0,0.0
MAR12379,583,-1.789153921262139e-14,1.2775056206347513e-14,-1.448518767596132e-16,0.0,0,0.0,0.0,0.004297541386555887,0.0,0,0.0,0.0,0.004297541386555887,0.0,0.0
MAR11313,567,-1.7895150382106227e-14,1.2281250608909002e-14,-1.4191354356936044e-16,0.0,0,0.0,0.0,0.00441849069762059,0.0,0,0.0,0.0,0.00441849069762059,0.0,0.0
MAR02069,559,-1.7897033487481594e-14,1.25512087840606e-14,-1.4343228235112373e-16,0.0,0,0.0,0.0,0.004481554769642852,0.0,0,0.0,0.0,0.004481554769642852,0.0,0.0
MAR01117,547,-1.7899961423718793e-14,1.2170291719273953e-14,-1.4458730455860367e-16,0.0,0,0.0,0.0,0.004579600085029117,0.0,0,0.0,0.0,0.004579600085029117,0.0,0.0
MAR03058,566,-1.790165973840818e-14,1.2246683366777147e-14,-1.4281821545314404e-16,0.0,0,0.0,0.0,0.0044262764728495866,0.0,0,0.0,0.0,0.0044262764728495866,0.0,0.0
MAR04553,577,-1.790518436386804e-14,1.228489640799595e-14,-1.4286295535501556e-16,0.0,0,0.0,0.0,0.004342113363096878,0.0,0,0.0,0.0,0.004342113363096878,0.0,0.0
MAR04071,579,-1.7916967084796998e-14,1.2284314846244831e-14,-1.4355308732463274e-16,0.0,0,0.0,0.0,0.00432715366313485,0.0,0,0.0,0.0,0.00432715366313485,0.0,0.0
MAR02048,586,-1.7921197328556793e-14,1.2091968799689859e-14,-1.4354050541976716e-16,0.0,0,0.0,0.0,0.004275596795360198,0.0,0,0.0,0.0,0.004275596795360198,0.0,0.0
MAR03718,562,-1.7927928813306445e-14,1.2613065771922143e-14,-1.4311853726876716e-16,0.0,0,0.0,0.0,0.0044576959055467585,0.0,0,0.0,0.0,0.0044576959055467585,0.0,0.0
MAR04658,558,-1.792910702419751e-14,1.1833550244752027e-14,-1.4476010924050838e-16,0.0,0,0.0,0.0,0.004489564580987142,0.0,0,0.0,0.0,0.004489564580987142,0.0,0.0
MAR01710,546,-1.7932745235850147e-14,1.2840815681360845e-14,-1.43532921833427e-16,0.0,0,0.0,0.0,0.004587964526068459,0.0,0,0.0,0.0,0.004587964526068459,0.0,0.0
MAR01344,552,-1.7943778508144558e-14,1.2694928154578195e-14,-1.4390283334695084e-16,0.0,0,0.0,0.0,0.004538231229443332,0.0,0,0.0,0.0,0.004538231229443332,0.0,0.0
MAR12617,548,-1.7945093910437565e-14,1.18345902089295e-14,-1.4350311843218556e-16,0.0,0,0.0,0.0,0.004571266087298871,0.0,0,0.0,0.0,0.004571266087298871,0.0,0.0
MAR12375,561,-1.795988590566528e-14,1.263023646622766e-14,-1.4380150884566828e-16,0.0,0,0.0,0.0,0.004465620583537596,0.0,0,0.0,0.0,0.004465620583537596,0.0,0.0
MAR12301,572,-1.7962321606802532e-14,1.2202016136863449e-14,-1.428019454988926e-16,0.0,0,0.0,0.0,0.004379969091767465,0.0,0,0.0,0.0,0.004379969091767465,0.0,0.0
MAR02319,579,-1.796605466585124e-14,1.2164830810018224e-14,-1.4358924155080397e-16,0.0,0,0.0,0.0,0.00432715366313485,0.0,0,0.0,0.0,0.00432715366313485,0.0,0.0
MAR12414,552,-1.7969522810164853e-14,1.3464119736831162e-14,-1.4507099255896514e-16,0.0,0,0.0,0.0,0.004538231229443332,0.0,0,0.0,0.0,0.004538231229443332,0.0,0.0
MAR02999,559,-1.797329925518393e-14,1.2366193958758433e-14,-1.421822746629711e-16,0.0,0,0.0,0.0,0.004481554769642852,0.0,0,0.0,0.0,0.004481554769642852,0.0,0.0
MAR10031,547,-1.797790029784239e-14,1.2878448712955831e-14,-1.4303314423262932e-16,0.0,0,0.0,0.0,0.004579600085029117,0.0,0,0.0,0.0,0.004579600085029117,0.0,0.0
MAR10169,560,-1.7991957130496822e-14,1.2184142484771809e-14,-1.432981802144953e-16,0.0,0,0.0,0.0,0.0044735734878779895,0.0,0,0.0,0.0,0.0044735734878779895,0.0,0.0
MAR02469,567,-1.799540332542335e-14,1.236514665696456e-14,-1.4381104308468543e-16,0.0,0,0.0,0.0,0.00441849069762059,0.0,0,0.0,0.0,0.00441849069762059,0.0,0.0
MAR02046,555,-1.8000415972589207e-14,1.218612917143053e-14,-1.4347694882394257e-16,0.0,0,0.0,0.0,0.004513766730450679,0.0,0,0.0,0.0,0.004513766730450679,0.0,0.0
MAR12773,557,-1.801232213452893e-14,1.2649210156807805e-14,-1.4378161588414268e-16,0.0,0,0.0,0.0,0.004497603075155535,0.0,0,0.0,0.0,0.004497603075155535,0.0,0.0
MAR01706,583,-1.8013416182734615e-14,1.1764601994990069e-14,-1.4566393504679391e-16,0.0,0,0.0,0.0,0.004297541386555887,0.0,0,0.0,0.0,0.004297541386555887,0.0,0.0
MAR06106,553,-1.8014121438257873e-14,1.2679296425008328e-14,-1.4291468014777577e-16,0.0,0,0.0,0.0,0.00453004698365408,0.0,0,0.0,0.0,0.00453004698365408,0.0,0.0
MAR12372,571,-1.8018666924354208e-14,1.2589569318616332e-14,-1.4546455680897734e-16,0.0,0,0.0,0.0,0.00438761958448344,0.0,0,0.0,0.0,0.00438761958448344,0.0,0.0
MAR03651,556,-1.8019159306146427e-14,1.2614989900619086e-14,-1.4184041194120668e-16,0.0,0,0.0,0.0,0.0045056704064922026,0.0,0,0.0,0.0,0.0045056704064922026,0.0,0.0
MAR12738,563,-1.8022291770256182e-14,1.3250795639826623e-14,-1.4552494948357905e-16,0.0,0,0.0,0.0,0.004449799303901048,0.0,0,0.0,0.0,0.004449799303901048,0.0,0.0
MAR02055,570,-1.8025347296650965e-14,1.1912385404686979e-14,-1.4431363836058757e-16,0.0,0,0.0,0.0,0.004395296850147243,0.0,0,0.0,0.0,0.004395296850147243,0.0,0.0
MAR03254,554,-1.8032907698171496e-14,1.2712683510572087e-14,-1.4298279939931538e-16,0.0,0,0.0,0.0,0.004521892203603858,0.0,0,0.0,0.0,0.004521892203603858,0.0,0.0
MAR06206,575,-1.8041606855821674e-14,1.200091578593995e-14,-1.463414175912989e-16,0.0,0,0.0,0.0,0.004357176858116289,0.0,0,0.0,0.0,0.004357176858116289,0.0,0.0
MAR00932,549,-1.8041831942615294e-14,1.2489769689411754e-14,-1.453605815767895e-16,0.0,0,0.0,0.0,0.004562962366977274,0.0,0,0.0,0.0,0.004562962366977274,0.0,0.0
MAR11246,556,-1.804471839736082e-14,1.2327749899200834e-14,-1.4289104253200488e-16,0.0,0,0.0,0.0,0.0045056704064922026,0.0,0,0.0,0.0,0.0045056704064922026,0.0,0.0
MAR00410,543,-1.805799217953846e-14,1.2330626436393601e-14,-1.4408656729547802e-16,0.0,0,0.0,0.0,0.004613242186326175,0.0,0,0.0,0.0,0.004613242186326175,0.0,0.0
MAR12258,529,-1.8079215923120885e-14,1.344551277088529e-14,-1.4505874341081112e-16,0.0,0,0.0,0.0,0.004734984668033456,0.0,0,0.0,0.0,0.004734984668033456,0.0,0.0
MAR11957,535,-1.8088957123462737e-14,1.3226169888572038e-14,-1.4405766404525875e-16,0.0,0,0.0,0.0,0.004682031321548599,0.0,0,0.0,0.0,0.004682031321548599,0.0,0.0
MAR04512,567,-1.8095656268740474e-14,1.2073819923939146e-14,-1.439049492209557e-16,0.0,0,0.0,0.0,0.00441849069762059,0.0,0,0.0,0.0,0.00441849069762059,0.0,0.0
MAR09144,559,-1.8100408868021155e-14,1.2552697781904958e-14,-1.4344430941625758e-16,0.0,0,0.0,0.0,0.004481554769642852,0.0,0,0.0,0.0,0.004481554769642852,0.0,0.0
MAR12575,548,-1.8100687210239048e-14,1.2518203038388659e-14,-1.4643109511289324e-16,0.0,0,0.0,0.0,0.004571266087298871,0.0,0,0.0,0.0,0.004571266087298871,0.0,0.0
MAR00668,555,-1.8102836547113184e-14,1.2723806123438278e-14,-1.447236206285476e-16,0.0,0,0.0,0.0,0.004513766730450679,0.0,0,0.0,0.0,0.004513766730450679,0.0,0.0
MAR04312,533,-1.81035091024806e-14,1.2965024704185748e-14,-1.44020273581622e-16,0.0,0,0.0,0.0,0.004699550344959981,0.0,0,0.0,0.0,0.004699550344959981,0.0,0.0
MAR03317,535,-1.8115519468724797e-14,1.3122842299016183e-14,-1.4291349327390578e-16,0.0,0,0.0,0.0,0.004682031321548599,0.0,0,0.0,0.0,0.004682031321548599,0.0,0.0
MAR03236,571,-1.8118217570345114e-14,1.2448059884763566e-14,-1.4339704378904197e-16,0.0,0,0.0,0.0,0.00438761958448344,0.0,0,0.0,0.0,0.00438761958448344,0.0,0.0
MAR06489,545,-1.8122099132230077e-14,1.2490471834951676e-14,-1.4547539453977314e-16,0.0,0,0.0,0.0,0.004596359577531593,0.0,0,0.0,0.0,0.004596359577531593,0.0,0.0
MAR01803,581,-1.812434310493061e-14,1.1825516551804309e-14,-1.4531714817162788e-16,0.0,0,0.0,0.0,0.004312296689115291,0.0,0,0.0,0.0,0.004312296689115291,0.0,0.0
MAR12333,554,-1.8135513147378733e-14,1.3152053261847783e-14,-1.4641409498718774e-16,0.0,0,0.0,0.0,0.004521892203603858,0.0,0,0.0,0.0,0.004521892203603858,0.0,0.0
MAR03109,560,-1.81442162881597e-14,1.2309846480436222e-14,-1.4358975391139153e-16,0.0,0,0.0,0.0,0.0044735734878779895,0.0,0,0.0,0.0,0.0044735734878779895,0.0,0.0
MAR06130,551,-1.815688152359748e-14,1.1887342327848542e-14,-1.4643690139014596e-16,0.0,0,0.0,0.0,0.004546445100963565,0.0,0,0.0,0.0,0.004546445100963565,0.0,0.0
MAR03361,558,-1.8158314358313673e-14,1.2241039079887542e-14,-1.4484134341949975e-16,0.0,0,0.0,0.0,0.004489564580987142,0.0,0,0.0,0.0,0.004489564580987142,0.0,0.0
MAR06153,579,-1.8162404990068192e-14,1.2456526226175527e-14,-1.4682251012073664e-16,0.0,0,0.0,0.0,0.00432715366313485,0.0,0,0.0,0.0,0.00432715366313485,0.0,0.0
MAR07054,555,-1.8179651978006167e-14,1.2995861993256595e-14,-1.4565809154450902e-16,0.0,0,0.0,0.0,0.004513766730450679,0.0,0,0.0,0.0,0.004513766730450679,0.0,0.0
MAR02962,555,-1.817965197800617e-14,1.2277659214154076e-14,-1.4454781011586814e-16,0.0,0,0.0,0.0,0.004513766730450679,0.0,0,0.0,0.0,0.004513766730450679,0.0,0.0
MAR06164,547,-1.8185737295505307e-14,1.2225809949122375e-14,-1.4638910714463311e-16,0.0,0,0.0,0.0,0.004579600085029117,0.0,0,0.0,0.0,0.004579600085029117,0.0,0.0
MAR01148,571,-1.8192880554838292e-14,1.2320230557680284e-14,-1.4599874238385291e-16,0.0,0,0.0,0.0,0.00438761958448344,0.0,0,0.0,0.0,0.00438761958448344,0.0,0.0
MAR12263,570,-1.8199866565083268e-14,1.3044715314394172e-14,-1.4727329250676007e-16,0.0,0,0.0,0.0,0.004395296850147243,0.0,0,0.0,0.0,0.004395296850147243,0.0,0.0
MAR10125,552,-1.8201221528347494e-14,1.2757811273876662e-14,-1.4570500607207308e-16,0.0,0,0.0,0.0,0.004538231229443332,0.0,0,0.0,0.0,0.004538231229443332,0.0,0.0
MAR05189,551,-1.8208463573380426e-14,1.2408283744245227e-14,-1.4508012740509033e-16,0.0,0,0.0,0.0,0.004546445100963565,0.0,0,0.0,0.0,0.004546445100963565,0.0,0.0
MAR03221,546,-1.8219044506669237e-14,1.2753073267813806e-14,-1.4379814036970775e-16,0.0,0,0.0,0.0,0.004587964526068459,0.0,0,0.0,0.0,0.004587964526068459,0.0,0.0
MAR03782,570,-1.8224797889145026e-14,1.2424036924173052e-14,-1.4518722529763584e-16,0.0,0,0.0,0.0,0.004395296850147243,0.0,0,0.0,0.0,0.004395296850147243,0.0,0.0
MAR09449,570,-1.8224797889145026e-14,1.203344476748331e-14,-1.448010524709087e-16,0.0,0,0.0,0.0,0.004395296850147243,0.0,0,0.0,0.0,0.004395296850147243,0.0,0.0
MAR00518,570,-1.8224797889145026e-14,1.2353521774856661e-14,-1.4586312597474081e-16,0.0,0,0.0,0.0,0.004395296850147243,0.0,0,0.0,0.0,0.004395296850147243,0.0,0.0
MAR00683,545,-1.8226398983350825e-14,1.1937066502426997e-14,-1.4667398248030655e-16,0.0,0,0.0,0.0,0.004596359577531593,0.0,0,0.0,0.0,0.004596359577531593,0.0,0.0
MAR09393,559,-1.8227518480858385e-14,1.257975225771821e-14,-1.450674044800638e-16,0.0,0,0.0,0.0,0.004481554769642852,0.0,0,0.0,0.0,0.004481554769642852,0.0,0.0
MAR11490,559,-1.8227518480858385e-14,1.3064984367588951e-14,-1.4773636336614277e-16,0.0,0,0.0,0.0,0.004481554769642852,0.0,0,0.0,0.0,0.004481554769642852,0.0,0.0
MAR06992,539,-1.8244733697439306e-14,1.2819034525024635e-14,-1.4429002729112291e-16,0.0,0,0.0,0.0,0.004647382219459146,0.0,0,0.0,0.0,0.004647382219459146,0.0,0.0
MAR20176,546,-1.8245071713107336e-14,1.2978115662896803e-14,-1.4298491650354565e-16,0.0,0,0.0,0.0,0.004587964526068459,0.0,0,0.0,0.0,0.004587964526068459,0.0,0.0
MAR12343,560,-1.8245722393268288e-14,1.2539802128506794e-14,-1.457371276737552e-16,0.0,0,0.0,0.0,0.0044735734878779895,0.0,0,0.0,0.0,0.0044735734878779895,0.0,0.0
MAR01097,566,-1.8253164978713528e-14,1.2126732243600441e-14,-1.47994368198009e-16,0.0,0,0.0,0.0,0.0044262764728495866,0.0,0,0.0,0.0,0.0044262764728495866,0.0,0.0
MAR03411,565,-1.826031951015337e-14,1.245962596058669e-14,-1.452780226914032e-16,0.0,0,0.0,0.0,0.004434089734923025,0.0,0,0.0,0.0,0.004434089734923025,0.0,0.0
MAR01023,574,-1.8271098919545435e-14,1.179991615826869e-14,-1.4597628903042276e-16,0.0,0,0.0,0.0,0.004364747866934595,0.0,0,0.0,0.0,0.004364747866934595,0.0,0.0
MAR01589,556,-1.827475021829035e-14,1.241645771757908e-14,-1.4615064032265338e-16,0.0,0,0.0,0.0,0.0045056704064922026,0.0,0,0.0,0.0,0.0045056704064922026,0.0,0.0
MAR09216,573,-1.827818486056523e-14,1.2139048932761925e-14,-1.4537529918739223e-16,0.0,0,0.0,0.0,0.0043723452321952965,0.0,0,0.0,0.0,0.0043723452321952965,0.0,0.0
MAR07064,555,-1.8282072552530145e-14,1.2655927025549456e-14,-1.4666904438699396e-16,0.0,0,0.0,0.0,0.004513766730450679,0.0,0,0.0,0.0,0.004513766730450679,0.0,0.0
MAR02992,553,-1.829679666767419e-14,1.2188376642099403e-14,-1.4522584801615593e-16,0.0,0,0.0,0.0,0.00453004698365408,0.0,0,0.0,0.0,0.00453004698365408,0.0,0.0
MAR05068,556,-1.8300309309504738e-14,1.2438639123027938e-14,-1.4715552156736086e-16,0.0,0,0.0,0.0,0.0045056704064922026,0.0,0,0.0,0.0,0.0045056704064922026,0.0,0.0
MAR00496,573,-1.8302985654134517e-14,1.2257609938893313e-14,-1.467819490837242e-16,0.0,0,0.0,0.0,0.0043723452321952965,0.0,0,0.0,0.0,0.0043723452321952965,0.0,0.0
MAR11538,565,-1.8310623420649663e-14,1.286800286230297e-14,-1.4840324053093597e-16,0.0,0,0.0,0.0,0.004434089734923025,0.0,0,0.0,0.0,0.004434089734923025,0.0,0.0
MAR05190,551,-1.831162767294632e-14,1.2734698027627936e-14,-1.4549793072898402e-16,0.0,0,0.0,0.0,0.004546445100963565,0.0,0,0.0,0.0,0.004546445100963565,0.0,0.0
MAR01255,575,-1.8313466685155973e-14,1.2469718673709967e-14,-1.4769471457776124e-16,0.0,0,0.0,0.0,0.004357176858116289,0.0,0,0.0,0.0,0.004357176858116289,0.0,0.0
MAR07032,567,-1.8321225391203994e-14,1.2769574403082106e-14,-1.4656541295279292e-16,0.0,0,0.0,0.0,0.00441849069762059,0.0,0,0.0,0.0,0.00441849069762059,0.0,0.0
MAR00462,563,-1.8325187430260488e-14,1.2485708225225494e-14,-1.4639077598372585e-16,0.0,0,0.0,0.0,0.004449799303901048,0.0,0,0.0,0.0,0.004449799303901048,0.0,0.0
MAR07104,563,-1.8325187430260488e-14,1.1882609172836997e-14,-1.477457677789814e-16,0.0,0,0.0,0.0,0.004449799303901048,0.0,0,0.0,0.0,0.004449799303901048,0.0,0.0
MAR03328,562,-1.8332508306977676e-14,1.2538630831971146e-14,-1.4430334129517011e-16,0.0,0,0.0,0.0,0.0044576959055467585,0.0,0,0.0,0.0,0.0044576959055467585,0.0,0.0
MAR01921,553,-1.8348192163931704e-14,1.2414330378594254e-14,-1.4637757726083043e-16,0.0,0,0.0,0.0,0.00453004698365408,0.0,0,0.0,0.0,0.00453004698365408,0.0,0.0
MAR01067,582,-1.8361791659505e-14,1.1702908964319965e-14,-1.4769767128888395e-16,0.0,0,0.0,0.0,0.004304906394243486,0.0,0,0.0,0.0,0.004304906394243486,0.0,0.0
MAR01451,546,-1.837520774529783e-14,1.2798240895139731e-14,-1.4648450511537778e-16,0.0,0,0.0,0.0,0.004587964526068459,0.0,0,0.0,0.0,0.004587964526068459,0.0,0.0
MAR12584,548,-1.838594159320843e-14,1.3598362823383942e-14,-1.4828432101215467e-16,0.0,0,0.0,0.0,0.004571266087298871,0.0,0,0.0,0.0,0.004571266087298871,0.0,0.0
MAR02945,544,-1.8390517866732006e-14,1.2934542671546111e-14,-1.4643727487278473e-16,0.0,0,0.0,0.0,0.004604785407758596,0.0,0,0.0,0.0,0.004604785407758596,0.0,0.0
MAR07822,564,-1.8393482166839473e-14,1.2486169824517925e-14,-1.4795888764904134e-16,0.0,0,0.0,0.0,0.004441930629657058,0.0,0,0.0,0.0,0.004441930629657058,0.0,0.0
MAR02406,540,-1.8395161936900372e-14,1.1831686911028336e-14,-1.481275645456176e-16,0.0,0,0.0,0.0,0.00463879992662872,0.0,0,0.0,0.0,0.00463879992662872,0.0,0.0
MAR02604,560,-1.8397981550931166e-14,1.2556729965670555e-14,-1.4647872364690823e-16,0.0,0,0.0,0.0,0.0044735734878779895,0.0,0,0.0,0.0,0.0044735734878779895,0.0,0.0
MAR07061,566,-1.8403810081701536e-14,1.2206781757401792e-14,-1.4719751478855605e-16,0.0,0,0.0,0.0,0.0044262764728495866,0.0,0,0.0,0.0,0.0044262764728495866,0.0,0.0
MAR01531,576,-1.840503058600815e-14,1.22764986026271e-14,-1.473427148457248e-16,0.0,0,0.0,0.0,0.004349632068826215,0.0,0,0.0,0.0,0.004349632068826215,0.0,0.0
MAR12683,552,-1.8407175944509843e-14,1.3523989247408437e-14,-1.4850013750486707e-16,0.0,0,0.0,0.0,0.004538231229443332,0.0,0,0.0,0.0,0.004538231229443332,0.0,0.0
MAR06169,565,-1.841123124164224e-14,1.1674543790335938e-14,-1.4832561296235595e-16,0.0,0,0.0,0.0,0.004434089734923025,0.0,0,0.0,0.0,0.004434089734923025,0.0,0.0
MAR04200,554,-1.8417678132698626e-14,1.259679750124407e-14,-1.4717685950189975e-16,0.0,0,0.0,0.0,0.004521892203603858,0.0,0,0.0,0.0,0.004521892203603858,0.0,0.0
MAR12369,574,-1.8419644439216535e-14,1.2246222353553815e-14,-1.4747757202505227e-16,0.0,0,0.0,0.0,0.004364747866934595,0.0,0,0.0,0.0,0.004364747866934595,0.0,0.0
MAR03456,557,-1.8420533401033837e-14,1.255885103345683e-14,-1.4571357688097286e-16,0.0,0,0.0,0.0,0.004497603075155535,0.0,0,0.0,0.0,0.004497603075155535,0.0,0.0
MAR01221,576,-1.84297022087776e-14,1.1825794019310725e-14,-1.4904537028324511e-16,0.0,0,0.0,0.0,0.004349632068826215,0.0,0,0.0,0.0,0.004349632068826215,0.0,0.0
MAR09958,565,-1.843638319689039e-14,1.2331320980867307e-14,-1.4581773848522688e-16,0.0,0,0.0,0.0,0.004434089734923025,0.0,0,0.0,0.0,0.004434089734923025,0.0,0.0
MAR02624,550,-1.84482732120986e-14,1.2714233921187763e-14,-1.463263523110238e-16,0.0,0,0.0,0.0,0.0045546887593671224,0.0,0,0.0,0.0,0.0045546887593671224,0.0,0.0
MAR11577,553,-1.8450983156446724e-14,1.3401013121992438e-14,-1.4822034298271529e-16,0.0,0,0.0,0.0,0.00453004698365408,0.0,0,0.0,0.0,0.00453004698365408,0.0,0.0
MAR08453,563,-1.8451393955262282e-14,1.2526945836250813e-14,-1.4642494803946504e-16,0.0,0,0.0,0.0,0.004449799303901048,0.0,0,0.0,0.0,0.004449799303901048,0.0,0.0
MAR13042,546,-1.8453289364612126e-14,1.3953757061783287e-14,-1.4834020937409614e-16,0.0,0,0.0,0.0,0.004587964526068459,0.0,0,0.0,0.0,0.004587964526068459,0.0,0.0
MAR01974,566,-1.845402511603087e-14,1.2360467625784196e-14,-1.4726759274583119e-16,0.0,0,0.0,0.0,0.0044262764728495866,0.0,0,0.0,0.0,0.0044262764728495866,0.0,0.0
MAR02966,549,-1.845599164287619e-14,1.2610298591231591e-14,-1.4713019842282817e-16,0.0,0,0.0,0.0,0.004562962366977274,0.0,0,0.0,0.0,0.004562962366977274,0.0,0.0
MAR00180,569,-1.8456628531694695e-14,1.2328095122734834e-14,-1.4752629245439546e-16,0.0,0,0.0,0.0,0.004403001029543098,0.0,0,0.0,0.0,0.004403001029543098,0.0,0.0
MAR08503,579,-1.8456930476393623e-14,1.2141164403477901e-14,-1.4714874707088418e-16,0.0,0,0.0,0.0,0.00432715366313485,0.0,0,0.0,0.0,0.00432715366313485,0.0,0.0
MAR01318,542,-1.845837955627714e-14,1.298753057836378e-14,-1.4774413099678017e-16,0.0,0,0.0,0.0,0.00462173008405905,0.0,0,0.0,0.0,0.00462173008405905,0.0,0.0
MAR03316,552,-1.845866454855043e-14,1.2824467363047562e-14,-1.4665168899219087e-16,0.0,0,0.0,0.0,0.004538231229443332,0.0,0,0.0,0.0,0.004538231229443332,0.0,0.0
MAR02059,541,-1.8466230803672844e-14,1.201807616298427e-14,-1.484924495172448e-16,0.0,0,0.0,0.0,0.004630249273041442,0.0,0,0.0,0.0,0.004630249273041442,0.0,0.0
MAR12298,571,-1.8466644831313288e-14,1.3009567298142223e-14,-1.500646026967763e-16,0.0,0,0.0,0.0,0.00438761958448344,0.0,0,0.0,0.0,0.00438761958448344,0.0,0.0
MAR08072,550,-1.8474111129762605e-14,1.2252741942078936e-14,-1.4719555025504807e-16,0.0,0,0.0,0.0,0.0045546887593671224,0.0,0,0.0,0.0,0.0045546887593671224,0.0,0.0
MAR01437,542,-1.848459884541958e-14,1.225439801699059e-14,-1.5035402776744148e-16,0.0,0,0.0,0.0,0.00462173008405905,0.0,0,0.0,0.0,0.00462173008405905,0.0,0.0
MAR11244,565,-1.8486687107386678e-14,1.2301240084681739e-14,-1.4749099764968433e-16,0.0,0,0.0,0.0,0.004434089734923025,0.0,0,0.0,0.0,0.004434089734923025,0.0,0.0
MAR04214,548,-1.8489670459742754e-14,1.278136364645875e-14,-1.474235329463194e-16,0.0,0,0.0,0.0,0.004571266087298871,0.0,0,0.0,0.0,0.004571266087298871,0.0,0.0
MAR11456,565,-1.8511839062634822e-14,1.2019936548007054e-14,-1.4939801732076477e-16,0.0,0,0.0,0.0,0.004434089734923025,0.0,0,0.0,0.0,0.004434089734923025,0.0,0.0
MAR03689,561,-1.851717432586928e-14,1.2442708057326058e-14,-1.4652039310776947e-16,0.0,0,0.0,0.0,0.004465620583537596,0.0,0,0.0,0.0,0.004465620583537596,0.0,0.0
MAR12600,563,-1.8527117870263357e-14,1.2212536823693841e-14,-1.5050913115656733e-16,0.0,0,0.0,0.0,0.004449799303901048,0.0,0,0.0,0.0,0.004449799303901048,0.0,0.0
MAR12564,549,-1.853364658667511e-14,1.331787624793042e-14,-1.5013474002700722e-16,0.0,0,0.0,0.0,0.004562962366977274,0.0,0,0.0,0.0,0.004562962366977274,0.0,0.0
MAR05315,578,-1.853803538972718e-14,1.2261288202717401e-14,-1.4750754012443413e-16,0.0,0,0.0,0.0,0.004334620605899285,0.0,0,0.0,0.0,0.004334620605899285,0.0,0.0
MAR00519,568,-1.8539160816839235e-14,1.2190451611621162e-14,-1.4786740288269319e-16,0.0,0,0.0,0.0,0.004410732264444036,0.0,0,0.0,0.0,0.004410732264444036,0.0,0.0
MAR01758,554,-1.8545934944207668e-14,1.245020717091431e-14,-1.501276635291952e-16,0.0,0,0.0,0.0,0.004521892203603858,0.0,0,0.0,0.0,0.004521892203603858,0.0,0.0
MAR02452,554,-1.8545934944207668e-14,1.2748838501494515e-14,-1.4808481452389508e-16,0.0,0,0.0,0.0,0.004521892203603858,0.0,0,0.0,0.0,0.004521892203603858,0.0,0.0
MAR10455,572,-1.8558581245202618e-14,1.2276992677241496e-14,-1.4802064306743134e-16,0.0,0,0.0,0.0,0.004379969091767465,0.0,0,0.0,0.0,0.004379969091767465,0.0,0.0
MAR08632,555,-1.8563729132471086e-14,1.2370132474753237e-14,-1.4795278881468867e-16,0.0,0,0.0,0.0,0.004513766730450679,0.0,0,0.0,0.0,0.004513766730450679,0.0,0.0
MAR02422,558,-1.856579406340907e-14,1.2446921760338636e-14,-1.4800928283581515e-16,0.0,0,0.0,0.0,0.004489564580987142,0.0,0,0.0,0.0,0.004489564580987142,0.0,0.0
MAR00535,538,-1.856920235090522e-14,1.285906128650515e-14,-1.4719330513897915e-16,0.0,0,0.0,0.0,0.004655996327465773,0.0,0,0.0,0.0,0.004655996327465773,0.0,0.0
MAR01744,567,-1.85718577494968e-14,1.1931477082946743e-14,-1.4939953286085652e-16,0.0,0,0.0,0.0,0.00441849069762059,0.0,0,0.0,0.0,0.00441849069762059,0.0,0.0
MAR09423,531,-1.8573132151318628e-14,1.2201806482679337e-14,-1.4981710024192963e-16,0.0,0,0.0,0.0,0.004717200964344275,0.0,0,0.0,0.0,0.004717200964344275,0.0,0.0
MAR12173,569,-1.858150423217977e-14,1.3126251203955088e-14,-1.5015790503022655e-16,0.0,0,0.0,0.0,0.004403001029543098,0.0,0,0.0,0.0,0.004403001029543098,0.0,0.0
MAR00491,555,-1.858933427610208e-14,1.2581204542865623e-14,-1.48193988664137e-16,0.0,0,0.0,0.0,0.004513766730450679,0.0,0,0.0,0.0,0.004513766730450679,0.0,0.0
MAR10060,558,-1.8591261544977532e-14,1.2647751871122249e-14,-1.480959131457531e-16,0.0,0,0.0,0.0,0.004489564580987142,0.0,0,0.0,0.0,0.004489564580987142,0.0,0.0
MAR12518,563,-1.8602841785264435e-14,1.2597729284994638e-14,-1.483774440907082e-16,0.0,0,0.0,0.0,0.004449799303901048,0.0,0,0.0,0.0,0.004449799303901048,0.0,0.0
MAR00184,556,-1.8607018404077445e-14,1.2651348837488515e-14,-1.482728312767237e-16,0.0,0,0.0,0.0,0.0045056704064922026,0.0,0,0.0,0.0,0.0045056704064922026,0.0,0.0
MAR09066,578,-1.861179415122477e-14,1.1910144774541908e-14,-1.4860517358446951e-16,0.0,0,0.0,0.0,0.004334620605899285,0.0,0,0.0,0.0,0.004334620605899285,0.0,0.0
MAR03062,571,-1.8615970800299647e-14,1.213508964166239e-14,-1.4783368109397757e-16,0.0,0,0.0,0.0,0.00438761958448344,0.0,0,0.0,0.0,0.00438761958448344,0.0,0.0
MAR12896,545,-1.8617523425053634e-14,1.2593818897332428e-14,-1.4907117412538226e-16,0.0,0,0.0,0.0,0.004596359577531593,0.0,0,0.0,0.0,0.004596359577531593,0.0,0.0
MAR02412,566,-1.8629777736183545e-14,1.2532284798672559e-14,-1.4943552290846622e-16,0.0,0,0.0,0.0,0.0044262764728495866,0.0,0,0.0,0.0,0.0044262764728495866,0.0,0.0
MAR01631,574,-1.8642462718723186e-14,1.2241346107834128e-14,-1.484398954696145e-16,0.0,0,0.0,0.0,0.004364747866934595,0.0,0,0.0,0.0,0.004364747866934595,0.0,0.0
MAR12402,542,-1.8668133869416654e-14,1.2597395512341787e-14,-1.5075216026586534e-16,0.0,0,0.0,0.0,0.00462173008405905,0.0,0,0.0,0.0,0.00462173008405905,0.0,0.0
MAR02715,551,-1.8672702021426952e-14,1.2598744334111685e-14,-1.493675628400869e-16,0.0,0,0.0,0.0,0.004546445100963565,0.0,0,0.0,0.0,0.004546445100963565,0.0,0.0
MAR03230,547,-1.8679350164954737e-14,1.2839466860310168e-14,-1.4923065086780428e-16,0.0,0,0.0,0.0,0.004579600085029117,0.0,0,0.0,0.0,0.004579600085029117,0.0,0.0
MAR01509,534,-1.868168541211949e-14,1.1967567323840818e-14,-1.4974356555629775e-16,0.0,0,0.0,0.0,0.004690774475909901,0.0,0,0.0,0.0,0.004690774475909901,0.0,0.0
MAR01196,562,-1.868651536394e-14,1.2233977580295036e-14,-1.5128610728293987e-16,0.0,0,0.0,0.0,0.0044576959055467585,0.0,0,0.0,0.0,0.0044576959055467585,0.0,0.0
MAR04173,548,-1.8697128192811396e-14,1.2666387867997469e-14,-1.4931362249267604e-16,0.0,0,0.0,0.0,0.004571266087298871,0.0,0,0.0,0.0,0.004571266087298871,0.0,0.0
MAR06162,560,-1.8702499866256923e-14,1.2118408196629613e-14,-1.5099150387489097e-16,0.0,0,0.0,0.0,0.0044735734878779895,0.0,0,0.0,0.0,0.0044735734878779895,0.0,0.0
MAR02689,569,-1.8706379932664854e-14,1.1966311603970187e-14,-1.4988222779792715e-16,0.0,0,0.0,0.0,0.004403001029543098,0.0,0,0.0,0.0,0.004403001029543098,0.0,0.0
MAR01222,534,-1.870829749960114e-14,1.212952410115438e-14,-1.501935766819347e-16,0.0,0,0.0,0.0,0.004690774475909901,0.0,0,0.0,0.0,0.004690774475909901,0.0,0.0
MAR03115,540,-1.8710958708349308e-14,1.254338897993612e-14,-1.4912922775521887e-16,0.0,0,0.0,0.0,0.00463879992662872,0.0,0,0.0,0.0,0.00463879992662872,0.0,0.0
MAR06459,565,-1.8713054704619985e-14,1.2021387544642017e-14,-1.5124292955730778e-16,0.0,0,0.0,0.0,0.004434089734923025,0.0,0,0.0,0.0,0.004434089734923025,0.0,0.0
MAR00936,565,-1.8713054704619985e-14,1.2443164960134797e-14,-1.4938139092952853e-16,0.0,0,0.0,0.0,0.004434089734923025,0.0,0,0.0,0.0,0.004434089734923025,0.0,0.0
MAR07020,549,-1.871484145553925e-14,1.2811131507245999e-14,-1.5054461433877993e-16,0.0,0,0.0,0.0,0.004562962366977274,0.0,0,0.0,0.0,0.004562962366977274,0.0,0.0
MAR01328,552,-1.8716107568753363e-14,1.2288104924588948e-14,-1.5099838072539306e-16,0.0,0,0.0,0.0,0.004538231229443332,0.0,0,0.0,0.0,0.004538231229443332,0.0,0.0
MAR06187,555,-1.8717359994257055e-14,1.2187359438232469e-14,-1.5018127184452983e-16,0.0,0,0.0,0.0,0.004513766730450679,0.0,0,0.0,0.0,0.004513766730450679,0.0,0.0
MAR03483,558,-1.8718598952819846e-14,1.2146373644476854e-14,-1.488469339514807e-16,0.0,0,0.0,0.0,0.004489564580987142,0.0,0,0.0,0.0,0.004489564580987142,0.0,0.0
MAR01155,580,-1.8719125866231604e-14,1.2606909161181771e-14,-1.5049669937520484e-16,0.0,0,0.0,0.0,0.004319712401627411,0.0,0,0.0,0.0,0.004319712401627411,0.0,0.0
MAR03185,592,-1.8723761280164802e-14,1.1838518778839401e-14,-1.4895011706012055e-16,0.0,0,0.0,0.0,0.004232373150611237,0.0,0,0.0,0.0,0.004232373150611237,0.0,0.0
MAR06175,557,-1.8726691850912514e-14,1.254702340675669e-14,-1.4965101405496763e-16,0.0,0,0.0,0.0,0.004497603075155535,0.0,0,0.0,0.0,0.004497603075155535,0.0,0.0
MAR12181,530,-1.87422404640117e-14,1.3147219386182861e-14,-1.5195812922023015e-16,0.0,0,0.0,0.0,0.0047260760867549505,0.0,0,0.0,0.0,0.0047260760867549505,0.0,0.0
MAR00486,566,-1.8755315322006886e-14,1.2352867600251434e-14,-1.501009768742725e-16,0.0,0,0.0,0.0,0.0044262764728495866,0.0,0,0.0,0.0,0.0044262764728495866,0.0,0.0
MAR02735,544,-1.875623839249088e-14,1.2872802866619417e-14,-1.506060002182863e-16,0.0,0,0.0,0.0,0.004604785407758596,0.0,0,0.0,0.0,0.004604785407758596,0.0,0.0
MAR05242,556,-1.8760372951363796e-14,1.2199554444321854e-14,-1.4889961759020376e-16,0.0,0,0.0,0.0,0.0045056704064922026,0.0,0,0.0,0.0,0.0045056704064922026,0.0,0.0
MAR02102,559,-1.8761378854774738e-14,1.258099613208763e-14,-1.4954429381170606e-16,0.0,0,0.0,0.0,0.004481554769642852,0.0,0,0.0,0.0,0.004481554769642852,0.0,0.0
MAR13050,593,-1.8764079666109896e-14,1.2789584002270264e-14,-1.5000148816201025e-16,0.0,0,0.0,0.0,0.0042252540320499845,0.0,0,0.0,0.0,0.0042252540320499845,0.0,0.0
MAR01771,577,-1.8767194615223446e-14,1.1804134342553206e-14,-1.5104582293809935e-16,0.0,0,0.0,0.0,0.004342113363096878,0.0,0,0.0,0.0,0.004342113363096878,0.0,0.0
MAR12192,538,-1.878051617566659e-14,1.3859470047235771e-14,-1.5081476001702607e-16,0.0,0,0.0,0.0,0.004655996327465773,0.0,0,0.0,0.0,0.004655996327465773,0.0,0.0
MAR03087,556,-1.8785932042578188e-14,1.246296016281046e-14,-1.4949018005298673e-16,0.0,0,0.0,0.0,0.0045056704064922026,0.0,0,0.0,0.0,0.0045056704064922026,0.0,0.0
MAR03728,549,-1.8792496399338168e-14,1.2788819631280105e-14,-1.490338494197537e-16,0.0,0,0.0,0.0,0.004562962366977274,0.0,0,0.0,0.0,0.004562962366977274,0.0,0.0
MAR04467,552,-1.8793340474814245e-14,1.2495494528374748e-14,-1.5101031921495285e-16,0.0,0,0.0,0.0,0.004538231229443332,0.0,0,0.0,0.0,0.004538231229443332,0.0,0.0
MAR12032,548,-1.8800857059345715e-14,1.3564138056643256e-14,-1.521491516707798e-16,0.0,0,0.0,0.0,0.004571266087298871,0.0,0,0.0,0.0,0.004571266087298871,0.0,0.0
MAR10190,572,-1.880702276120265e-14,1.2144519539315003e-14,-1.4956837980251952e-16,0.0,0,0.0,0.0,0.004379969091767465,0.0,0,0.0,0.0,0.004379969091767465,0.0,0.0
MAR11977,576,-1.8824448173088767e-14,1.2691522785363332e-14,-1.5283253860124245e-16,0.0,0,0.0,0.0,0.004349632068826215,0.0,0,0.0,0.0,0.004349632068826215,0.0,0.0
MAR12886,560,-1.8829382497642654e-14,1.3253446547269165e-14,-1.5200069223610742e-16,0.0,0,0.0,0.0,0.0044735734878779895,0.0,0,0.0,0.0,0.0044735734878779895,0.0,0.0
MAR06193,569,-1.883125563314993e-14,1.225365772262322e-14,-1.4933040222195237e-16,0.0,0,0.0,0.0,0.004403001029543098,0.0,0,0.0,0.0,0.004403001029543098,0.0,0.0
MAR04468,541,-1.8833979354528347e-14,1.2138130765358041e-14,-1.5217860891032752e-16,0.0,0,0.0,0.0,0.004630249273041442,0.0,0,0.0,0.0,0.004630249273041442,0.0,0.0
MAR01663,576,-1.8849119795858213e-14,1.2212528899947304e-14,-1.5107193054258568e-16,0.0,0,0.0,0.0,0.004349632068826215,0.0,0,0.0,0.0,0.004349632068826215,0.0,0.0
MAR01761,551,-1.8853239195667267e-14,1.232761986872261e-14,-1.5219585962077163e-16,0.0,0,0.0,0.0,0.004546445100963565,0.0,0,0.0,0.0,0.004546445100963565,0.0,0.0
MAR02957,537,-1.886841603713041e-14,1.3084160313225736e-14,-1.5069872773281094e-16,0.0,0,0.0,0.0,0.004664642427888463,0.0,0,0.0,0.0,0.004664642427888463,0.0,0.0
MAR12406,573,-1.887340390622814e-14,1.3015312837588376e-14,-1.5163574696714466e-16,0.0,0,0.0,0.0,0.0043723452321952965,0.0,0,0.0,0.0,0.0043723452321952965,0.0,0.0
MAR01234,560,-1.8880135550196947e-14,1.2925718363516104e-14,-1.521938780683028e-16,0.0,0,0.0,0.0,0.0044735734878779895,0.0,0,0.0,0.0,0.0044735734878779895,0.0,0.0
MAR02692,578,-1.8882242943382592e-14,1.1993992005544072e-14,-1.5044720151920388e-16,0.0,0,0.0,0.0,0.004334620605899285,0.0,0,0.0,0.0,0.004334620605899285,0.0,0.0
MAR02635,550,-1.8887517812386663e-14,1.2851429097981523e-14,-1.51449774751916e-16,0.0,0,0.0,0.0,0.0045546887593671224,0.0,0,0.0,0.0,0.0045546887593671224,0.0,0.0
MAR00494,559,-1.8888488467611965e-14,1.2493095859071647e-14,-1.5166667654549523e-16,0.0,0,0.0,0.0,0.004481554769642852,0.0,0,0.0,0.0,0.004481554769642852,0.0,0.0
MAR00542,589,-1.8891509748732035e-14,1.1775861548269408e-14,-1.5082340607516264e-16,0.0,0,0.0,0.0,0.00425387517710073,0.0,0,0.0,0.0,0.00425387517710073,0.0,0.0
MAR09822,535,-1.891238982658659e-14,1.3013083964179361e-14,-1.5148524514313459e-16,0.0,0,0.0,0.0,0.004682031321548599,0.0,0,0.0,0.0,0.004682031321548599,0.0,0.0
MAR01743,555,-1.892220114330501e-14,1.2402348321122912e-14,-1.515305632025593e-16,0.0,0,0.0,0.0,0.004513766730450679,0.0,0,0.0,0.0,0.004513766730450679,0.0,0.0
MAR03815,561,-1.892247499510855e-14,1.260602209117936e-14,-1.5003650888339717e-16,0.0,0,0.0,0.0,0.004465620583537596,0.0,0,0.0,0.0,0.004465620583537596,0.0,0.0
MAR00672,582,-1.8923389010793045e-14,1.2011284182271855e-14,-1.5148123020638603e-16,0.0,0,0.0,0.0,0.004304906394243486,0.0,0,0.0,0.0,0.004304906394243486,0.0,0.0
MAR03344,560,-1.8930888602751243e-14,1.2479216376837185e-14,-1.495624619656005e-16,0.0,0,0.0,0.0,0.0044735734878779895,0.0,0,0.0,0.0,0.0044735734878779895,0.0,0.0
MAR01846,569,-1.8931156193537997e-14,1.211548643084943e-14,-1.5209176252832738e-16,0.0,0,0.0,0.0,0.004403001029543098,0.0,0,0.0,0.0,0.004403001029543098,0.0,0.0
MAR10179,544,-1.8939098655370318e-14,1.2790925333275154e-14,-1.5132651412108115e-16,0.0,0,0.0,0.0,0.004604785407758596,0.0,0,0.0,0.0,0.004604785407758596,0.0,0.0
MAR02119,562,-1.893937754748452e-14,1.2522146534074839e-14,-1.520349053603787e-16,0.0,0,0.0,0.0,0.0044576959055467585,0.0,0,0.0,0.0,0.0044576959055467585,0.0,0.0
MAR01608,565,-1.8939422301853292e-14,1.2165944828572559e-14,-1.5199960212017501e-16,0.0,0,0.0,0.0,0.004434089734923025,0.0,0,0.0,0.0,0.004434089734923025,0.0,0.0
MAR12302,574,-1.893955375806539e-14,1.2835028247718658e-14,-1.5280154755127574e-16,0.0,0,0.0,0.0,0.004364747866934595,0.0,0,0.0,0.0,0.004364747866934595,0.0,0.0
MAR12474,543,-1.8947806286936004e-14,1.3630148784641035e-14,-1.537896629945464e-16,0.0,0,0.0,0.0,0.004613242186326175,0.0,0,0.0,0.0,0.004613242186326175,0.0,0.0
MAR13010,555,-1.8947806286936004e-14,1.3699280539417806e-14,-1.5161612914450835e-16,0.0,0,0.0,0.0,0.004513766730450679,0.0,0,0.0,0.0,0.004513766730450679,0.0,0.0
MAR02220,560,-1.8956265129028386e-14,1.1628251720168954e-14,-1.5303532061911593e-16,0.0,0,0.0,0.0,0.0044735734878779895,0.0,0,0.0,0.0,0.0044735734878779895,0.0,0.0
MAR01100,545,-1.8956497941196066e-14,1.1852679805585774e-14,-1.5222881715947993e-16,0.0,0,0.0,0.0,0.004596359577531593,0.0,0,0.0,0.0,0.004596359577531593,0.0,0.0
MAR04101,574,-1.8964311344677237e-14,1.195517216641993e-14,-1.5235812788901674e-16,0.0,0,0.0,0.0,0.004364747866934595,0.0,0,0.0,0.0,0.004364747866934595,0.0,0.0
MAR12755,566,-1.8981282976488898e-14,1.2960075488514204e-14,-1.5398989239376243e-16,0.0,0,0.0,0.0,0.0044262764728495866,0.0,0,0.0,0.0,0.0044262764728495866,0.0,0.0
MAR01109,557,-1.898182389247808e-14,1.1854771040805973e-14,-1.5414933954369433e-16,0.0,0,0.0,0.0,0.004497603075155535,0.0,0,0.0,0.0,0.004497603075155535,0.0,0.0
MAR12457,562,-1.898994998419343e-14,1.2999470233062256e-14,-1.5394477636133418e-16,0.0,0,0.0,0.0,0.0044576959055467585,0.0,0,0.0,0.0,0.0044576959055467585,0.0,0.0
MAR03886,547,-1.8991105661449112e-14,1.2776912702047544e-14,-1.5142331069598316e-16,0.0,0,0.0,0.0,0.004579600085029117,0.0,0,0.0,0.0,0.004579600085029117,0.0,0.0
MAR03086,564,-1.8998199388762964e-14,1.1957969371558768e-14,-1.521789503946006e-16,0.0,0,0.0,0.0,0.004441930629657058,0.0,0,0.0,0.0,0.004441930629657058,0.0,0.0
MAR11478,555,-1.8999016574197993e-14,1.2291621274382808e-14,-1.5344506305236165e-16,0.0,0,0.0,0.0,0.004513766730450679,0.0,0,0.0,0.0,0.004513766730450679,0.0,0.0
MAR03064,531,-1.9001331163452773e-14,1.3102340109162096e-14,-1.5118024773375132e-16,0.0,0,0.0,0.0,0.004717200964344275,0.0,0,0.0,0.0,0.004717200964344275,0.0,0.0
MAR09959,569,-1.9006081613829042e-14,1.2307855078483328e-14,-1.514834888839572e-16,0.0,0,0.0,0.0,0.004403001029543098,0.0,0,0.0,0.0,0.004403001029543098,0.0,0.0
MAR01832,550,-1.901670740070668e-14,1.2643971831174697e-14,-1.5253168336820636e-16,0.0,0,0.0,0.0,0.0045546887593671224,0.0,0,0.0,0.0,0.0045546887593671224,0.0,0.0
MAR12247,550,-1.901670740070668e-14,1.2620941148533899e-14,-1.5389106022022413e-16,0.0,0,0.0,0.0,0.0045546887593671224,0.0,0,0.0,0.0,0.0045546887593671224,0.0,0.0
MAR02317,567,-1.9022995994423846e-14,1.2310220000307266e-14,-1.5184260990662258e-16,0.0,0,0.0,0.0,0.00441849069762059,0.0,0,0.0,0.0,0.00441849069762059,0.0,0.0
MAR03143,561,-1.9023800162418368e-14,1.2505710125169126e-14,-1.518193469438385e-16,0.0,0,0.0,0.0,0.004465620583537596,0.0,0,0.0,0.0,0.004465620583537596,0.0,0.0
MAR00599,561,-1.9023800162418368e-14,1.2438759539204058e-14,-1.5160009771690088e-16,0.0,0,0.0,0.0,0.004465620583537596,0.0,0,0.0,0.0,0.004465620583537596,0.0,0.0
MAR05078,555,-1.902462171782899e-14,1.2627321892655435e-14,-1.5131413571430966e-16,0.0,0,0.0,0.0,0.004513766730450679,0.0,0,0.0,0.0,0.004513766730450679,0.0,0.0
MAR11241,572,-1.9030620125602683e-14,1.2120644306904644e-14,-1.5167229079146823e-16,0.0,0,0.0,0.0,0.004379969091767465,0.0,0,0.0,0.0,0.004379969091767465,0.0,0.0
MAR09974,566,-1.903149801081823e-14,1.2858291144399389e-14,-1.5309393537207152e-16,0.0,0,0.0,0.0,0.0044262764728495866,0.0,0,0.0,0.0,0.0044262764728495866,0.0,0.0
MAR12902,544,-1.9043590234158568e-14,1.2635440735751478e-14,-1.517521700260516e-16,0.0,0,0.0,0.0,0.004604785407758596,0.0,0,0.0,0.0,0.004604785407758596,0.0,0.0
MAR02955,541,-1.9044121383588638e-14,1.2814769967663481e-14,-1.52080686831662e-16,0.0,0,0.0,0.0,0.004630249273041442,0.0,0,0.0,0.0,0.004630249273041442,0.0,0.0
MAR05367,555,-1.9050226861459984e-14,1.2699528298650521e-14,-1.5220149088314925e-16,0.0,0,0.0,0.0,0.004513766730450679,0.0,0,0.0,0.0,0.004513766730450679,0.0,0.0
MAR12790,555,-1.9050226861459984e-14,1.3385418808462105e-14,-1.541302162636383e-16,0.0,0,0.0,0.0,0.004513766730450679,0.0,0,0.0,0.0,0.004513766730450679,0.0,0.0
MAR12460,566,-1.90566055279829e-14,1.2452969644102504e-14,-1.519667572112129e-16,0.0,0,0.0,0.0,0.0044262764728495866,0.0,0,0.0,0.0,0.0044262764728495866,0.0,0.0
MAR06212,560,-1.905777123413697e-14,1.1684517993420799e-14,-1.5333293111189521e-16,0.0,0,0.0,0.0,0.0044735734878779895,0.0,0,0.0,0.0,0.0044735734878779895,0.0,0.0
MAR02964,553,-1.9067729111536866e-14,1.2765409871792758e-14,-1.5203335968393757e-16,0.0,0,0.0,0.0,0.00453004698365408,0.0,0,0.0,0.0,0.00453004698365408,0.0,0.0
MAR04201,543,-1.9078661302729762e-14,1.3042133604160777e-14,-1.5306301634425898e-16,0.0,0,0.0,0.0,0.004613242186326175,0.0,0,0.0,0.0,0.004613242186326175,0.0,0.0
MAR06157,574,-1.908809927773649e-14,1.2744773304408335e-14,-1.542390270130697e-16,0.0,0,0.0,0.0,0.004364747866934595,0.0,0,0.0,0.0,0.004364747866934595,0.0,0.0
MAR09583,574,-1.908809927773649e-14,1.2278312522531751e-14,-1.5306280346590743e-16,0.0,0,0.0,0.0,0.004364747866934595,0.0,0,0.0,0.0,0.004364747866934595,0.0,0.0
MAR12400,556,-1.9092641137150895e-14,1.3244402766801491e-14,-1.5367748868824964e-16,0.0,0,0.0,0.0,0.0045056704064922026,0.0,0,0.0,0.0,0.0045056704064922026,0.0,0.0
MAR06127,570,-1.9097394231306552e-14,1.211829307646145e-14,-1.5296570199191605e-16,0.0,0,0.0,0.0,0.004395296850147243,0.0,0,0.0,0.0,0.004395296850147243,0.0,0.0
MAR12918,555,-1.9101437148721973e-14,1.3711259902066634e-14,-1.526513880867151e-16,0.0,0,0.0,0.0,0.004513766730450679,0.0,0,0.0,0.0,0.004513766730450679,0.0,0.0
MAR12144,581,-1.9102715202362764e-14,1.2875496057097157e-14,-1.5412337042496813e-16,0.0,0,0.0,0.0,0.004312296689115291,0.0,0,0.0,0.0,0.004312296689115291,0.0,0.0
MAR11242,533,-1.9116665723827085e-14,1.2993625898924385e-14,-1.5193176834916016e-16,0.0,0,0.0,0.0,0.004699550344959981,0.0,0,0.0,0.0,0.004699550344959981,0.0,0.0
MAR02305,556,-1.9118200228365287e-14,1.2698925421641003e-14,-1.5283025020909913e-16,0.0,0,0.0,0.0,0.0045056704064922026,0.0,0,0.0,0.0,0.0045056704064922026,0.0,0.0
MAR11410,531,-1.9135143354744695e-14,1.3156218417785991e-14,-1.5173637755767842e-16,0.0,0,0.0,0.0,0.004717200964344275,0.0,0,0.0,0.0,0.004717200964344275,0.0,0.0
MAR07868,562,-1.9141667294320136e-14,1.2702250627720237e-14,-1.5338803323126942e-16,0.0,0,0.0,0.0,0.0044576959055467585,0.0,0,0.0,0.0,0.0044576959055467585,0.0,0.0
MAR03660,556,-1.9143759319579682e-14,1.2627147823210012e-14,-1.5207883163379243e-16,0.0,0,0.0,0.0,0.0045056704064922026,0.0,0,0.0,0.0,0.0045056704064922026,0.0,0.0
MAR12178,547,-1.9146983409696302e-14,1.2797480014447412e-14,-1.531335732552568e-16,0.0,0,0.0,0.0,0.004579600085029117,0.0,0,0.0,0.0,0.004579600085029117,0.0,0.0
MAR03057,570,-1.9147256879430068e-14,1.2204070374329782e-14,-1.531657003185415e-16,0.0,0,0.0,0.0,0.004395296850147243,0.0,0,0.0,0.0,0.004395296850147243,0.0,0.0
MAR01107,564,-1.9149378694243834e-14,1.2244190809978301e-14,-1.5280331750536752e-16,0.0,0,0.0,0.0,0.004441930629657058,0.0,0,0.0,0.0,0.004441930629657058,0.0,0.0
MAR02804,566,-1.915703559664157e-14,1.240065893191552e-14,-1.5283739225823598e-16,0.0,0,0.0,0.0,0.0044262764728495866,0.0,0,0.0,0.0,0.0044262764728495866,0.0,0.0
MAR03194,571,-1.9163499353249637e-14,1.2070479815981695e-14,-1.5226761807570997e-16,0.0,0,0.0,0.0,0.00438761958448344,0.0,0,0.0,0.0,0.00438761958448344,0.0,0.0
MAR12678,548,-1.916390809221584e-14,1.287367152220323e-14,-1.5318378407090555e-16,0.0,0,0.0,0.0,0.004571266087298871,0.0,0,0.0,0.0,0.004571266087298871,0.0,0.0
MAR07066,588,-1.9165319369311546e-14,1.2281798515370136e-14,-1.535047913977592e-16,0.0,0,0.0,0.0,0.004261091151880009,0.0,0,0.0,0.0,0.004261091151880009,0.0,0.0
MAR12424,573,-1.9171013429059597e-14,1.2840489871503584e-14,-1.5496860153760608e-16,0.0,0,0.0,0.0,0.0043723452321952965,0.0,0,0.0,0.0,0.0043723452321952965,0.0,0.0
MAR06721,561,-1.9175787913383096e-14,1.1739307592178211e-14,-1.542490882666093e-16,0.0,0,0.0,0.0,0.004465620583537596,0.0,0,0.0,0.0,0.004465620583537596,0.0,0.0
MAR00933,543,-1.9183345315364767e-14,1.2505742852741255e-14,-1.538838525773291e-16,0.0,0,0.0,0.0,0.004613242186326175,0.0,0,0.0,0.0,0.004613242186326175,0.0,0.0
MAR02988,565,-1.919094185433474e-14,1.2297163331400029e-14,-1.519652676775999e-16,0.0,0,0.0,0.0,0.004434089734923025,0.0,0,0.0,0.0,0.004434089734923025,0.0,0.0
MAR12182,539,-1.919388169325985e-14,1.3758755703490281e-14,-1.5526602141897426e-16,0.0,0,0.0,0.0,0.004647382219459146,0.0,0,0.0,0.0,0.004647382219459146,0.0,0.0
MAR06713,553,-1.9196217852180646e-14,1.2474080623734763e-14,-1.517410537272535e-16,0.0,0,0.0,0.0,0.00453004698365408,0.0,0,0.0,0.0,0.00453004698365408,0.0,0.0
MAR02081,550,-1.9197572824354706e-14,1.2817761705665321e-14,-1.5330001516603825e-16,0.0,0,0.0,0.0,0.0045546887593671224,0.0,0,0.0,0.0,0.0045546887593671224,0.0,0.0
MAR01860,567,-1.919843864522881e-14,1.2421820643753374e-14,-1.5329696545444842e-16,0.0,0,0.0,0.0,0.00441849069762059,0.0,0,0.0,0.0,0.00441849069762059,0.0,0.0
MAR03068,555,-1.920385772324595e-14,1.2641518340186233e-14,-1.5320149916873763e-16,0.0,0,0.0,0.0,0.004513766730450679,0.0,0,0.0,0.0,0.004513766730450679,0.0,0.0
MAR09845,554,-1.9212870364054693e-14,1.2301519799473544e-14,-1.5428756264794397e-16,0.0,0,0.0,0.0,0.004521892203603858,0.0,0,0.0,0.0,0.004521892203603858,0.0,0.0
MAR05180,568,-1.921467679801961e-14,1.2343123914753021e-14,-1.5325509947182567e-16,0.0,0,0.0,0.0,0.004410732264444036,0.0,0,0.0,0.0,0.004410732264444036,0.0,0.0
MAR12332,559,-1.9218973460988756e-14,1.2479825684800503e-14,-1.531243023285603e-16,0.0,0,0.0,0.0,0.004481554769642852,0.0,0,0.0,0.0,0.004481554769642852,0.0,0.0
MAR12939,550,-1.922341074201871e-14,1.2486109686327637e-14,-1.5550508728594544e-16,0.0,0,0.0,0.0,0.0045546887593671224,0.0,0,0.0,0.0,0.0045546887593671224,0.0,0.0
MAR01006,575,-1.92279042929168e-14,1.1856009973032864e-14,-1.5385625408800536e-16,0.0,0,0.0,0.0,0.004357176858116289,0.0,0,0.0,0.0,0.004357176858116289,0.0,0.0
MAR06129,558,-1.9253416065757552e-14,1.2686806192097518e-14,-1.548836562557958e-16,0.0,0,0.0,0.0,0.004489564580987142,0.0,0,0.0,0.0,0.004489564580987142,0.0,0.0
MAR02453,535,-1.9257700314993373e-14,1.2728317737929352e-14,-1.5463643972067854e-16,0.0,0,0.0,0.0,0.004682031321548599,0.0,0,0.0,0.0,0.004682031321548599,0.0,0.0
MAR01195,532,-1.925944783770798e-14,1.2891410724260195e-14,-1.553661411245979e-16,0.0,0,0.0,0.0,0.004708359112657833,0.0,0,0.0,0.0,0.004708359112657833,0.0,0.0
MAR02442,548,-1.9267636958750163e-14,1.27957531478306e-14,-1.5396619507276804e-16,0.0,0,0.0,0.0,0.004571266087298871,0.0,0,0.0,0.0,0.004571266087298871,0.0,0.0
MAR01057,558,-1.927888354732602e-14,1.2979311686781262e-14,-1.556196588520315e-16,0.0,0,0.0,0.0,0.004489564580987142,0.0,0,0.0,0.0,0.004489564580987142,0.0,0.0
MAR04623,555,-1.9280673154138937e-14,1.2269783412450753e-14,-1.5474766084677986e-16,0.0,0,0.0,0.0,0.004513766730450679,0.0,0,0.0,0.0,0.004513766730450679,0.0,0.0
MAR01978,568,-1.9289734129261874e-14,1.2271970061193418e-14,-1.5421312735203523e-16,0.0,0,0.0,0.0,0.004410732264444036,0.0,0,0.0,0.0,0.004410732264444036,0.0,0.0
MAR08631,573,-1.9295017396906035e-14,1.2111318501462656e-14,-1.546924206298184e-16,0.0,0,0.0,0.0,0.0043723452321952965,0.0,0,0.0,0.0,0.0043723452321952965,0.0,0.0
MAR00506,541,-1.9333066673546532e-14,1.2901039741841131e-14,-1.5506571868252945e-16,0.0,0,0.0,0.0,0.004630249273041442,0.0,0,0.0,0.0,0.004630249273041442,0.0,0.0
MAR07043,543,-1.9340371334317275e-14,1.288702813194626e-14,-1.5417137626871999e-16,0.0,0,0.0,0.0,0.004613242186326175,0.0,0,0.0,0.0,0.004613242186326175,0.0,0.0
MAR10494,565,-1.934185358582361e-14,1.236156196696642e-14,-1.5460549074677496e-16,0.0,0,0.0,0.0,0.004434089734923025,0.0,0,0.0,0.0,0.004434089734923025,0.0,0.0
MAR01186,570,-1.934670747192413e-14,1.1827920912762757e-14,-1.5637236386901991e-16,0.0,0,0.0,0.0,0.004395296850147243,0.0,0,0.0,0.0,0.004395296850147243,0.0,0.0
MAR00502,575,-1.9351476942614206e-14,1.2157327870783771e-14,-1.5453389040988792e-16,0.0,0,0.0,0.0,0.004357176858116289,0.0,0,0.0,0.0,0.004357176858116289,0.0,0.0
MAR11536,575,-1.9351476942614206e-14,1.2745013857089768e-14,-1.5542138138591747e-16,0.0,0,0.0,0.0,0.004357176858116289,0.0,0,0.0,0.0,0.004357176858116289,0.0,0.0
MAR07125,550,-1.935260033033873e-14,1.2446823222552313e-14,-1.5445489585729082e-16,0.0,0,0.0,0.0,0.0045546887593671224,0.0,0,0.0,0.0,0.0045546887593671224,0.0,0.0
MAR11935,541,-1.935933442717907e-14,1.3437559807521074e-14,-1.5744378729931998e-16,0.0,0,0.0,0.0,0.004630249273041442,0.0,0,0.0,0.0,0.004630249273041442,0.0,0.0
MAR01849,538,-1.9388043421855523e-14,1.2939106378198847e-14,-1.5530189290145635e-16,0.0,0,0.0,0.0,0.004655996327465773,0.0,0,0.0,0.0,0.004655996327465773,0.0,0.0
MAR00508,576,-1.9391895496786067e-14,1.2091573361265927e-14,-1.5496411394669791e-16,0.0,0,0.0,0.0,0.004349632068826215,0.0,0,0.0,0.0,0.004349632068826215,0.0,0.0
MAR01700,554,-1.9392429900167356e-14,1.2545170721436263e-14,-1.562985075228683e-16,0.0,0,0.0,0.0,0.004521892203603858,0.0,0,0.0,0.0,0.004521892203603858,0.0,0.0
MAR02039,570,-1.9396570120047648e-14,1.2193067265746646e-14,-1.5524178580208843e-16,0.0,0,0.0,0.0,0.004395296850147243,0.0,0,0.0,0.0,0.004395296850147243,0.0,0.0
MAR07112,559,-1.9396926918960874e-14,1.242809900424193e-14,-1.5421531225138753e-16,0.0,0,0.0,0.0,0.004481554769642852,0.0,0,0.0,0.0,0.004481554769642852,0.0,0.0
MAR09582,550,-1.9404276165666736e-14,1.2637899128035585e-14,-1.546525327740773e-16,0.0,0,0.0,0.0,0.0045546887593671224,0.0,0,0.0,0.0,0.0045546887593671224,0.0,0.0
MAR00195,552,-1.941120372330129e-14,1.217990042011769e-14,-1.5518553187682745e-16,0.0,0,0.0,0.0,0.004538231229443332,0.0,0,0.0,0.0,0.004538231229443332,0.0,0.0
MAR06190,562,-1.941981569621911e-14,1.2046231305864696e-14,-1.5702471661743134e-16,0.0,0,0.0,0.0,0.0044576959055467585,0.0,0,0.0,0.0,0.0044576959055467585,0.0,0.0
MAR12860,563,-1.9435804850276275e-14,1.2924499112836846e-14,-1.5736806954467548e-16,0.0,0,0.0,0.0,0.004449799303901048,0.0,0,0.0,0.0,0.004449799303901048,0.0,0.0
MAR00405,533,-1.9436609920041764e-14,1.2785524360351879e-14,-1.5538340318421752e-16,0.0,0,0.0,0.0,0.004699550344959981,0.0,0,0.0,0.0,0.004699550344959981,0.0,0.0
MAR12555,565,-1.9442461406816193e-14,1.3221569728384628e-14,-1.5672741390225847e-16,0.0,0,0.0,0.0,0.004434089734923025,0.0,0,0.0,0.0,0.004434089734923025,0.0,0.0
MAR12393,543,-1.9445055346952284e-14,1.3152418829684493e-14,-1.5746390733674078e-16,0.0,0,0.0,0.0,0.004613242186326175,0.0,0,0.0,0.0,0.004613242186326175,0.0,0.0
MAR01138,548,-1.9449162475185223e-14,1.2717112270851284e-14,-1.563845512161514e-16,0.0,0,0.0,0.0,0.004571266087298871,0.0,0,0.0,0.0,0.004571266087298871,0.0,0.0
MAR07046,553,-1.9453195333468204e-14,1.2999949994730207e-14,-1.5704829501407798e-16,0.0,0,0.0,0.0,0.00453004698365408,0.0,0,0.0,0.0,0.00453004698365408,0.0,0.0
MAR00709,550,-1.9455952000994744e-14,1.2326389580367475e-14,-1.5583846141329661e-16,0.0,0,0.0,0.0,0.0045546887593671224,0.0,0,0.0,0.0,0.0045546887593671224,0.0,0.0
MAR01298,570,-1.947136409223292e-14,1.2229953203040418e-14,-1.5575748407081536e-16,0.0,0,0.0,0.0,0.004395296850147243,0.0,0,0.0,0.0,0.004395296850147243,0.0,0.0
MAR03677,567,-1.9474134239350895e-14,1.2353829298017049e-14,-1.5416888315023448e-16,0.0,0,0.0,0.0,0.00441849069762059,0.0,0,0.0,0.0,0.00441849069762059,0.0,0.0
MAR02655,564,-1.9502130407032538e-14,1.2360146733780483e-14,-1.5587094577452546e-16,0.0,0,0.0,0.0,0.004441930629657058,0.0,0,0.0,0.0,0.004441930629657058,0.0,0.0
MAR00458,569,-1.9505584415769358e-14,1.2170053405806491e-14,-1.566436974693291e-16,0.0,0,0.0,0.0,0.004403001029543098,0.0,0,0.0,0.0,0.004403001029543098,0.0,0.0
MAR05997,535,-1.952332376761397e-14,1.2730558702459123e-14,-1.5569178135666602e-16,0.0,0,0.0,0.0,0.004682031321548599,0.0,0,0.0,0.0,0.004682031321548599,0.0,0.0
MAR01007,588,-1.952784117327078e-14,1.1876027013525826e-14,-1.5608057415721797e-16,0.0,0,0.0,0.0,0.004261091151880009,0.0,0,0.0,0.0,0.004261091151880009,0.0,0.0
MAR01110,537,-1.9530001452177055e-14,1.2524407721708605e-14,-1.5816841670358179e-16,0.0,0,0.0,0.0,0.004664642427888463,0.0,0,0.0,0.0,0.004664642427888463,0.0,0.0
MAR02685,550,-1.9533465753986754e-14,1.266769309737042e-14,-1.5597640068486395e-16,0.0,0,0.0,0.0,0.0045546887593671224,0.0,0,0.0,0.0,0.0045546887593671224,0.0,0.0
MAR04949,549,-1.9543160856061044e-14,1.2558122888497241e-14,-1.5798997208823402e-16,0.0,0,0.0,0.0,0.004562962366977274,0.0,0,0.0,0.0,0.004562962366977274,0.0,0.0
MAR01256,570,-1.9546158064418195e-14,1.2412808798139121e-14,-1.5689958965659188e-16,0.0,0,0.0,0.0,0.004395296850147243,0.0,0,0.0,0.0,0.004395296850147243,0.0,0.0
MAR04523,551,-1.954959686773706e-14,1.2751121593900055e-14,-1.5702082802497102e-16,0.0,0,0.0,0.0,0.004546445100963565,0.0,0,0.0,0.0,0.004546445100963565,0.0,0.0
MAR10439,556,-1.9552704779009953e-14,1.2484813591473315e-14,-1.5588426187659015e-16,0.0,0,0.0,0.0,0.0045056704064922026,0.0,0,0.0,0.0,0.0045056704064922026,0.0,0.0
MAR00962,563,-1.9562011375278073e-14,1.2042628384528576e-14,-1.566123770408276e-16,0.0,0,0.0,0.0,0.004449799303901048,0.0,0,0.0,0.0,0.004449799303901048,0.0,0.0
MAR01247,568,-1.9564944343816844e-14,1.2184356288068272e-14,-1.5662140949974976e-16,0.0,0,0.0,0.0,0.004410732264444036,0.0,0,0.0,0.0,0.004410732264444036,0.0,0.0
MAR06209,560,-1.95653017596799e-14,1.2400007180524835e-14,-1.5666884397094034e-16,0.0,0,0.0,0.0,0.0044735734878779895,0.0,0,0.0,0.0,0.0044735734878779895,0.0,0.0
MAR12810,552,-1.956566953542305e-14,1.3919676137171092e-14,-1.573151464166166e-16,0.0,0,0.0,0.0,0.004538231229443332,0.0,0,0.0,0.0,0.004538231229443332,0.0,0.0
MAR00187,570,-1.9571089388479953e-14,1.1969379706146671e-14,-1.564462238583498e-16,0.0,0,0.0,0.0,0.004395296850147243,0.0,0,0.0,0.0,0.004395296850147243,0.0,0.0
MAR01484,566,-1.9583863388440924e-14,1.2256586766722405e-14,-1.569013441936911e-16,0.0,0,0.0,0.0,0.0044262764728495866,0.0,0,0.0,0.0,0.0044262764728495866,0.0,0.0
MAR03859,568,-1.9589963454230933e-14,1.2268320406809819e-14,-1.5642779178545848e-16,0.0,0,0.0,0.0,0.004410732264444036,0.0,0,0.0,0.0,0.004410732264444036,0.0,0.0
MAR00455,567,-1.9599450418497297e-14,1.2404288336859837e-14,-1.5685567053891098e-16,0.0,0,0.0,0.0,0.00441849069762059,0.0,0,0.0,0.0,0.00441849069762059,0.0,0.0
MAR03066,535,-1.960301080340015e-14,1.29529077949274e-14,-1.5596762892915855e-16,0.0,0,0.0,0.0,0.004682031321548599,0.0,0,0.0,0.0,0.004682031321548599,0.0,0.0
MAR13046,550,-1.9610979506978764e-14,1.3842601257124447e-14,-1.5697571093484356e-16,0.0,0,0.0,0.0,0.0045546887593671224,0.0,0,0.0,0.0,0.0045546887593671224,0.0,0.0
MAR04927,580,-1.9625680391166906e-14,1.2073570687263181e-14,-1.5742949258373068e-16,0.0,0,0.0,0.0,0.004319712401627411,0.0,0,0.0,0.0,0.004319712401627411,0.0,0.0
MAR01489,555,-1.963914516497286e-14,1.2689500732966608e-14,-1.5785280753847615e-16,0.0,0,0.0,0.0,0.004513766730450679,0.0,0,0.0,0.0,0.004513766730450679,0.0,0.0
MAR08506,565,-1.9643677048801355e-14,1.2333360519649866e-14,-1.569187351315659e-16,0.0,0,0.0,0.0,0.004434089734923025,0.0,0,0.0,0.0,0.004434089734923025,0.0,0.0
MAR12746,583,-1.9646567582251825e-14,1.280153367547617e-14,-1.5788783165054083e-16,0.0,0,0.0,0.0,0.004297541386555887,0.0,0,0.0,0.0,0.004297541386555887,0.0,0.0
MAR01487,549,-1.9646700781126267e-14,1.2689170394664568e-14,-1.5792139626324794e-16,0.0,0,0.0,0.0,0.004562962366977274,0.0,0,0.0,0.0,0.004562962366977274,0.0,0.0
MAR10021,579,-1.965957621222246e-14,1.1901511281490598e-14,-1.5878645615109297e-16,0.0,0,0.0,0.0,0.00432715366313485,0.0,0,0.0,0.0,0.00432715366313485,0.0,0.0
MAR12578,584,-1.9661593510074005e-14,1.2746374628911967e-14,-1.5878342626795434e-16,0.0,0,0.0,0.0,0.004290201536487618,0.0,0,0.0,0.0,0.004290201536487618,0.0,0.0
MAR12978,560,-1.9666807864788487e-14,1.2864606888463935e-14,-1.5993646405154273e-16,0.0,0,0.0,0.0,0.0044735734878779895,0.0,0,0.0,0.0,0.0044735734878779895,0.0,0.0
MAR00443,552,-1.966864674350422e-14,1.2695076390490019e-14,-1.575020794703302e-16,0.0,0,0.0,0.0,0.004538231229443332,0.0,0,0.0,0.0,0.004538231229443332,0.0,0.0
MAR01590,541,-1.9674547470769502e-14,1.2774210718027693e-14,-1.5793841352835496e-16,0.0,0,0.0,0.0,0.004630249273041442,0.0,0,0.0,0.0,0.004630249273041442,0.0,0.0
MAR12260,564,-1.967850626342689e-14,1.3214364330169117e-14,-1.5975694995999577e-16,0.0,0,0.0,0.0,0.004441930629657058,0.0,0,0.0,0.0,0.004441930629657058,0.0,0.0
MAR10210,561,-1.9682413749932187e-14,1.2438118281780744e-14,-1.5765724244263114e-16,0.0,0,0.0,0.0,0.004465620583537596,0.0,0,0.0,0.0,0.004465620583537596,0.0,0.0
MAR01697,588,-1.9697018015118423e-14,1.1895020867087315e-14,-1.5738954402714144e-16,0.0,0,0.0,0.0,0.004261091151880009,0.0,0,0.0,0.0,0.004261091151880009,0.0,0.0
MAR03974,564,-1.9703702814340368e-14,1.1936402896610777e-14,-1.5702193249388698e-16,0.0,0,0.0,0.0,0.004441930629657058,0.0,0,0.0,0.0,0.004441930629657058,0.0,0.0
MAR00536,564,-1.9703702814340368e-14,1.2177257890609127e-14,-1.5690737201973857e-16,0.0,0,0.0,0.0,0.004441930629657058,0.0,0,0.0,0.0,0.004441930629657058,0.0,0.0
MAR07047,576,-1.971262659278889e-14,1.2481525064072757e-14,-1.576057748202164e-16,0.0,0,0.0,0.0,0.004349632068826215,0.0,0,0.0,0.0,0.004349632068826215,0.0,0.0
MAR07057,555,-1.9715960595865844e-14,1.2667709025397647e-14,-1.5757585802007368e-16,0.0,0,0.0,0.0,0.004513766730450679,0.0,0,0.0,0.0,0.004513766730450679,0.0,0.0
MAR06194,555,-1.9715960595865844e-14,1.2789795221416847e-14,-1.5902720445172526e-16,0.0,0,0.0,0.0,0.004513766730450679,0.0,0,0.0,0.0,0.004513766730450679,0.0,0.0
MAR07190,557,-1.972170681301822e-14,1.2902858017067563e-14,-1.57694640741183e-16,0.0,0,0.0,0.0,0.004497603075155535,0.0,0,0.0,0.0,0.004497603075155535,0.0,0.0
MAR09445,562,-1.972325031647253e-14,1.2397602824680782e-14,-1.582661772221368e-16,0.0,0,0.0,0.0,0.0044576959055467585,0.0,0,0.0,0.0,0.0044576959055467585,0.0,0.0
MAR06160,543,-1.9732936381698547e-14,1.3260406059176665e-14,-1.6018516081816389e-16,0.0,0,0.0,0.0,0.004613242186326175,0.0,0,0.0,0.0,0.004613242186326175,0.0,0.0
MAR01037,555,-1.9741565739496838e-14,1.2584222217466941e-14,-1.5921035153149107e-16,0.0,0,0.0,0.0,0.004513766730450679,0.0,0,0.0,0.0,0.004513766730450679,0.0,0.0
MAR02690,560,-1.9768313969897072e-14,1.2448915300505917e-14,-1.5788162126183818e-16,0.0,0,0.0,0.0,0.0044735734878779895,0.0,0,0.0,0.0,0.0044735734878779895,0.0,0.0
MAR06680,556,-1.978273659993948e-14,1.2888013805448573e-14,-1.585035129586936e-16,0.0,0,0.0,0.0,0.0045056704064922026,0.0,0,0.0,0.0,0.0045056704064922026,0.0,0.0
MAR06185,564,-1.9804489017994278e-14,1.3000116613116356e-14,-1.592562845075775e-16,0.0,0,0.0,0.0,0.004441930629657058,0.0,0,0.0,0.0,0.004441930629657058,0.0,0.0
MAR01163,570,-1.982040262909753e-14,1.1904601197329685e-14,-1.599678253306571e-16,0.0,0,0.0,0.0,0.004395296850147243,0.0,0,0.0,0.0,0.004395296850147243,0.0,0.0
MAR03757,552,-1.9823112555625983e-14,1.2663743785615067e-14,-1.5712214703885406e-16,0.0,0,0.0,0.0,0.004538231229443332,0.0,0,0.0,0.0,0.004538231229443332,0.0,0.0
MAR07013,582,-1.982682822808252e-14,1.2222881215248872e-14,-1.5929760291193698e-16,0.0,0,0.0,0.0,0.004304906394243486,0.0,0,0.0,0.0,0.004304906394243486,0.0,0.0
MAR00963,561,-1.9834401500896918e-14,1.2103669615698893e-14,-1.5949846764574536e-16,0.0,0,0.0,0.0,0.004465620583537596,0.0,0,0.0,0.0,0.004465620583537596,0.0,0.0
MAR07253,550,-1.98435207659548e-14,1.3114671741405744e-14,-1.5859905799763989e-16,0.0,0,0.0,0.0,0.0045546887593671224,0.0,0,0.0,0.0,0.0045546887593671224,0.0,0.0
MAR02112,560,-1.984444354872851e-14,1.2555435442008085e-14,-1.5878647451765655e-16,0.0,0,0.0,0.0,0.0044735734878779895,0.0,0,0.0,0.0,0.0044735734878779895,0.0,0.0
MAR01335,577,-1.9850864645498813e-14,1.2638339167813777e-14,-1.609777554602093e-16,0.0,0,0.0,0.0,0.004342113363096878,0.0,0,0.0,0.0,0.004342113363096878,0.0,0.0
MAR07119,541,-1.9858421746197254e-14,1.3079755203937078e-14,-1.5969906028796675e-16,0.0,0,0.0,0.0,0.004630249273041442,0.0,0,0.0,0.0,0.004630249273041442,0.0,0.0
MAR03350,551,-1.9884880191326217e-14,1.2717916810677377e-14,-1.589815896611963e-16,0.0,0,0.0,0.0,0.004546445100963565,0.0,0,0.0,0.0,0.004546445100963565,0.0,0.0
MAR12349,558,-1.9890103104969112e-14,1.3196015048260877e-14,-1.607393550650336e-16,0.0,0,0.0,0.0,0.004489564580987142,0.0,0,0.0,0.0,0.004489564580987142,0.0,0.0
MAR04566,570,-1.9895196601282804e-14,1.247114028522657e-14,-1.597010529489838e-16,0.0,0,0.0,0.0,0.004395296850147243,0.0,0,0.0,0.0,0.004395296850147243,0.0,0.0
MAR12917,570,-1.9895196601282804e-14,1.2556277070250027e-14,-1.611958193921304e-16,0.0,0,0.0,0.0,0.004395296850147243,0.0,0,0.0,0.0,0.004395296850147243,0.0,0.0
MAR08931,552,-1.9900345461686862e-14,1.2661190512093375e-14,-1.5866955799566833e-16,0.0,0,0.0,0.0,0.004538231229443332,0.0,0,0.0,0.0,0.004538231229443332,0.0,0.0
MAR02622,568,-1.9915211889614074e-14,1.229259664680406e-14,-1.5913092837563606e-16,0.0,0,0.0,0.0,0.004410732264444036,0.0,0,0.0,0.0,0.004410732264444036,0.0,0.0
MAR07797,560,-1.992057312755995e-14,1.2901865804710804e-14,-1.6025195912002116e-16,0.0,0,0.0,0.0,0.0044735734878779895,0.0,0,0.0,0.0,0.0044735734878779895,0.0,0.0
MAR11555,545,-1.9921271564062993e-14,1.3552125293805907e-14,-1.6055991863273566e-16,0.0,0,0.0,0.0,0.004596359577531593,0.0,0,0.0,0.0,0.004596359577531593,0.0,0.0
MAR00433,569,-1.993016179741863e-14,1.2050446408824335e-14,-1.5983951020533866e-16,0.0,0,0.0,0.0,0.004403001029543098,0.0,0,0.0,0.0,0.004403001029543098,0.0,0.0
MAR01050,559,-1.9930787292877233e-14,1.292836847791147e-14,-1.6065566879417236e-16,0.0,0,0.0,0.0,0.004481554769642852,0.0,0,0.0,0.0,0.004481554769642852,0.0,0.0
MAR00950,556,-1.9936091147225832e-14,1.2648424869203293e-14,-1.596548001430147e-16,0.0,0,0.0,0.0,0.0045056704064922026,0.0,0,0.0,0.0,0.0045056704064922026,0.0,0.0
MAR05017,558,-1.994103806810604e-14,1.2616974994042725e-14,-1.6028755753670085e-16,0.0,0,0.0,0.0,0.004489564580987142,0.0,0,0.0,0.0,0.004489564580987142,0.0,0.0
MAR12306,570,-1.994505924940632e-14,1.3063129764852627e-14,-1.6098313567590483e-16,0.0,0,0.0,0.0,0.004395296850147243,0.0,0,0.0,0.0,0.004395296850147243,0.0,0.0
MAR01054,557,-1.9951325650427234e-14,1.2855209899578323e-14,-1.6153679710584737e-16,0.0,0,0.0,0.0,0.004497603075155535,0.0,0,0.0,0.0,0.004497603075155535,0.0,0.0
MAR01266,568,-1.9965250110442252e-14,1.2697397565296277e-14,-1.6123712158040552e-16,0.0,0,0.0,0.0,0.004410732264444036,0.0,0,0.0,0.0,0.004410732264444036,0.0,0.0
MAR12336,547,-1.997833140034797e-14,1.2716114262431885e-14,-1.592686006747772e-16,0.0,0,0.0,0.0,0.004579600085029117,0.0,0,0.0,0.0,0.004579600085029117,0.0,0.0
MAR02575,564,-1.9980864874388633e-14,1.2367970876180404e-14,-1.595782909393107e-16,0.0,0,0.0,0.0,0.004441930629657058,0.0,0,0.0,0.0,0.004441930629657058,0.0,0.0
MAR06246,564,-1.9980864874388633e-14,1.2257795639099382e-14,-1.605600022005943e-16,0.0,0,0.0,0.0,0.004441930629657058,0.0,0,0.0,0.0,0.004441930629657058,0.0,0.0
MAR12271,560,-1.9996702706391392e-14,1.3309749851173342e-14,-1.6196653209761966e-16,0.0,0,0.0,0.0,0.0044735734878779895,0.0,0,0.0,0.0,0.0044735734878779895,0.0,0.0
MAR01383,555,-1.9997617175806784e-14,1.3184229402492775e-14,-1.6169612573494845e-16,0.0,0,0.0,0.0,0.004513766730450679,0.0,0,0.0,0.0,0.004513766730450679,0.0,0.0
MAR03197,545,-1.9999496452403553e-14,1.2618376548071249e-14,-1.5889916595216315e-16,0.0,0,0.0,0.0,0.004596359577531593,0.0,0,0.0,0.0,0.004596359577531593,0.0,0.0
MAR09420,562,-2.0001398718371505e-14,1.2444690795112576e-14,-1.5964540926431426e-16,0.0,0,0.0,0.0,0.0044576959055467585,0.0,0,0.0,0.0,0.0044576959055467585,0.0,0.0
MAR01862,532,-2.0007387559560716e-14,1.3091561107754183e-14,-1.6012751557840751e-16,0.0,0,0.0,0.0,0.004708359112657833,0.0,0,0.0,0.0,0.004708359112657833,0.0,0.0
MAR03190,556,-2.0012768420869007e-14,1.2447537279149906e-14,-1.590128900453579e-16,0.0,0,0.0,0.0,0.0045056704064922026,0.0,0,0.0,0.0,0.0045056704064922026,0.0,0.0
MAR06251,582,-2.0022166437226192e-14,1.2505444904015505e-14,-1.61450706418393e-16,0.0,0,0.0,0.0,0.004304906394243486,0.0,0,0.0,0.0,0.004304906394243486,0.0,0.0
MAR12093,555,-2.0023222319437782e-14,1.3023236873434073e-14,-1.6255827761008868e-16,0.0,0,0.0,0.0,0.004513766730450679,0.0,0,0.0,0.0,0.004513766730450679,0.0,0.0
MAR12610,567,-2.0025525427595063e-14,1.3082134729367454e-14,-1.6212822098047752e-16,0.0,0,0.0,0.0,0.00441849069762059,0.0,0,0.0,0.0,0.00441849069762059,0.0,0.0
MAR01490,545,-2.0025571415183742e-14,1.296120063649629e-14,-1.6033160272440158e-16,0.0,0,0.0,0.0,0.004596359577531593,0.0,0,0.0,0.0,0.004596359577531593,0.0,0.0
MAR10693,518,-2.002688019709935e-14,1.3401258527326505e-14,-1.5963686950308105e-16,0.0,0,0.0,0.0,0.004835242606512042,0.0,0,0.0,0.0,0.004835242606512042,0.0,0.0
MAR00417,547,-2.0030290649763702e-14,1.2783001610439281e-14,-1.6053872979039566e-16,0.0,0,0.0,0.0,0.004579600085029117,0.0,0,0.0,0.0,0.004579600085029117,0.0,0.0
MAR02377,559,-2.003247498314701e-14,1.2445736929426401e-14,-1.599699194735129e-16,0.0,0,0.0,0.0,0.004481554769642852,0.0,0,0.0,0.0,0.004481554769642852,0.0,0.0
MAR02051,556,-2.00383275120834e-14,1.2644459534552034e-14,-1.5967192613043416e-16,0.0,0,0.0,0.0,0.0045056704064922026,0.0,0,0.0,0.0,0.0045056704064922026,0.0,0.0
MAR06131,546,-2.004094895733616e-14,1.2918446181431826e-14,-1.6050244521306314e-16,0.0,0,0.0,0.0,0.004587964526068459,0.0,0,0.0,0.0,0.004587964526068459,0.0,0.0
MAR00296,541,-2.0042296021625008e-14,1.2964171502658214e-14,-1.6076437460910347e-16,0.0,0,0.0,0.0,0.004630249273041442,0.0,0,0.0,0.0,0.004630249273041442,0.0,0.0
MAR06841,564,-2.0056454527129068e-14,1.280422279745749e-14,-1.608567096111649e-16,0.0,0,0.0,0.0,0.004441930629657058,0.0,0,0.0,0.0,0.004441930629657058,0.0,0.0
MAR02117,566,-2.0086013731734282e-14,1.2420219700526007e-14,-1.6063471036104292e-16,0.0,0,0.0,0.0,0.0044262764728495866,0.0,0,0.0,0.0,0.0044262764728495866,0.0,0.0
MAR05435,570,-2.0094647193776868e-14,1.2117154503875875e-14,-1.5958234313128445e-16,0.0,0,0.0,0.0,0.004395296850147243,0.0,0,0.0,0.0,0.004395296850147243,0.0,0.0
MAR01241,562,-2.0102543591789312e-14,1.2536093609380115e-14,-1.603381058518234e-16,0.0,0,0.0,0.0,0.0044576959055467585,0.0,0,0.0,0.0,0.0044576959055467585,0.0,0.0
MAR08864,532,-2.0114236091253965e-14,1.2926447223662549e-14,-1.6046844443691417e-16,0.0,0,0.0,0.0,0.004708359112657833,0.0,0,0.0,0.0,0.004708359112657833,0.0,0.0
MAR00979,578,-2.0136141888841594e-14,1.103687740553758e-14,-1.6217863473836154e-16,0.0,0,0.0,0.0,0.004334620605899285,0.0,0,0.0,0.0,0.004334620605899285,0.0,0.0
MAR12624,556,-2.014056387694097e-14,1.3074063481678136e-14,-1.630807698724574e-16,0.0,0,0.0,0.0,0.0045056704064922026,0.0,0,0.0,0.0,0.0045056704064922026,0.0,0.0
MAR00238,565,-2.0146716153764256e-14,1.2345481285780729e-14,-1.6111488670825154e-16,0.0,0,0.0,0.0,0.004434089734923025,0.0,0,0.0,0.0,0.004434089734923025,0.0,0.0
MAR00937,572,-2.0148606947602842e-14,1.1827626391285706e-14,-1.6167685454547138e-16,0.0,0,0.0,0.0,0.004379969091767465,0.0,0,0.0,0.0,0.004379969091767465,0.0,0.0
MAR06281,562,-2.0153116028498214e-14,1.2277291136213484e-14,-1.6238647344482465e-16,0.0,0,0.0,0.0,0.0044576959055467585,0.0,0,0.0,0.0,0.0044576959055467585,0.0,0.0
MAR06485,564,-2.0157240730782985e-14,1.1965924787774775e-14,-1.6299872374886103e-16,0.0,0,0.0,0.0,0.004441930629657058,0.0,0,0.0,0.0,0.004441930629657058,0.0,0.0
MAR01140,573,-2.0163045171831115e-14,1.2276846885230967e-14,-1.616263534964017e-16,0.0,0,0.0,0.0,0.0043723452321952965,0.0,0,0.0,0.0,0.0043723452321952965,0.0,0.0
MAR06662,551,-2.0168581465132427e-14,1.2508115964183306e-14,-1.6050463553770665e-16,0.0,0,0.0,0.0,0.004546445100963565,0.0,0,0.0,0.0,0.004546445100963565,0.0,0.0
MAR01500,558,-2.01702454022222e-14,1.2661176017213195e-14,-1.6188291679472946e-16,0.0,0,0.0,0.0,0.004489564580987142,0.0,0,0.0,0.0,0.004489564580987142,0.0,0.0
MAR01695,572,-2.0173451099202844e-14,1.230601413297308e-14,-1.6192013364080965e-16,0.0,0,0.0,0.0,0.004379969091767465,0.0,0,0.0,0.0,0.004379969091767465,0.0,0.0
MAR02977,561,-2.0189039586481278e-14,1.2463104067762761e-14,-1.6061824654567168e-16,0.0,0,0.0,0.0,0.004465620583537596,0.0,0,0.0,0.0,0.004465620583537596,0.0,0.0
MAR01748,577,-2.0195668746040976e-14,1.2194086513086053e-14,-1.6241415814513508e-16,0.0,0,0.0,0.0,0.004342113363096878,0.0,0,0.0,0.0,0.004342113363096878,0.0,0.0
MAR11646,572,-2.0198295250802847e-14,1.2857314998858034e-14,-1.6214700221283277e-16,0.0,0,0.0,0.0,0.004379969091767465,0.0,0,0.0,0.0,0.004379969091767465,0.0,0.0
MAR02206,579,-2.0199539603819083e-14,1.1889546851897338e-14,-1.6144963590924022e-16,0.0,0,0.0,0.0,0.00432715366313485,0.0,0,0.0,0.0,0.00432715366313485,0.0,0.0
MAR02072,560,-2.0199714916608563e-14,1.2367058258463089e-14,-1.6100047580500025e-16,0.0,0,0.0,0.0,0.0044735734878779895,0.0,0,0.0,0.0,0.0044735734878779895,0.0,0.0
MAR12656,536,-2.0202744949596878e-14,1.3052072701469903e-14,-1.607329003385903e-16,0.0,0,0.0,0.0,0.004673320699286043,0.0,0,0.0,0.0,0.004673320699286043,0.0,0.0
MAR12310,557,-2.0206457691992794e-14,1.3294444034743873e-14,-1.6418469028541494e-16,0.0,0,0.0,0.0,0.004497603075155535,0.0,0,0.0,0.0,0.004497603075155535,0.0,0.0
MAR02662,561,-2.021437087830873e-14,1.2370179438741187e-14,-1.612259789845586e-16,0.0,0,0.0,0.0,0.004465620583537596,0.0,0,0.0,0.0,0.004465620583537596,0.0,0.0
MAR07086,558,-2.0221180365359123e-14,1.2752102539324719e-14,-1.6253082838788085e-16,0.0,0,0.0,0.0,0.004489564580987142,0.0,0,0.0,0.0,0.004489564580987142,0.0,0.0
MAR01074,562,-2.0228974683561572e-14,1.2883449173112964e-14,-1.6389163318821509e-16,0.0,0,0.0,0.0,0.0044576959055467585,0.0,0,0.0,0.0,0.0044576959055467585,0.0,0.0
MAR07008,550,-2.0231089530914852e-14,1.3082879682712408e-14,-1.626382683757756e-16,0.0,0,0.0,0.0,0.0045546887593671224,0.0,0,0.0,0.0,0.0045546887593671224,0.0,0.0
MAR01673,553,-2.0249825525459636e-14,1.2752102776776673e-14,-1.6296050042637806e-16,0.0,0,0.0,0.0,0.00453004698365408,0.0,0,0.0,0.0,0.00453004698365408,0.0,0.0
MAR01065,562,-2.0254260901916022e-14,1.2085114219480753e-14,-1.6439449374298136e-16,0.0,0,0.0,0.0,0.0044576959055467585,0.0,0,0.0,0.0,0.0044576959055467585,0.0,0.0
MAR03180,561,-2.0265033461963642e-14,1.2261885268627132e-14,-1.6108331307403364e-16,0.0,0,0.0,0.0,0.004465620583537596,0.0,0,0.0,0.0,0.004465620583537596,0.0,0.0
MAR01614,549,-2.0267940331517612e-14,1.2881761048396941e-14,-1.623702298563591e-16,0.0,0,0.0,0.0,0.004562962366977274,0.0,0,0.0,0.0,0.004562962366977274,0.0,0.0
MAR01746,570,-2.0269166462209174e-14,1.2402464624537443e-14,-1.6337728008392267e-16,0.0,0,0.0,0.0,0.004395296850147243,0.0,0,0.0,0.0,0.004395296850147243,0.0,0.0
MAR06166,557,-2.0282997304462466e-14,1.2865153282063792e-14,-1.6402055085758856e-16,0.0,0,0.0,0.0,0.004497603075155535,0.0,0,0.0,0.0,0.004497603075155535,0.0,0.0
MAR02410,549,-2.0293825312783917e-14,1.2703570441357465e-14,-1.6208098312766414e-16,0.0,0,0.0,0.0,0.004562962366977274,0.0,0,0.0,0.0,0.004562962366977274,0.0,0.0
MAR12362,548,-2.0304925624093373e-14,1.35764600157876e-14,-1.6432989022477787e-16,0.0,0,0.0,0.0,0.004571266087298871,0.0,0,0.0,0.0,0.004571266087298871,0.0,0.0
MAR01336,557,-2.0308510508619022e-14,1.2932546000900812e-14,-1.6372010440361798e-16,0.0,0,0.0,0.0,0.004497603075155535,0.0,0,0.0,0.0,0.004497603075155535,0.0,0.0
MAR01859,557,-2.0308510508619022e-14,1.251626229627962e-14,-1.6332402787156877e-16,0.0,0,0.0,0.0,0.004497603075155535,0.0,0,0.0,0.0,0.004497603075155535,0.0,0.0
MAR05032,566,-2.031198138621629e-14,1.2278916959822808e-14,-1.624511330137146e-16,0.0,0,0.0,0.0,0.0044262764728495866,0.0,0,0.0,0.0,0.0044262764728495866,0.0,0.0
MAR07022,554,-2.031587894303247e-14,1.2652413420811859e-14,-1.6316482948488146e-16,0.0,0,0.0,0.0,0.004521892203603858,0.0,0,0.0,0.0,0.004521892203603858,0.0,0.0
MAR00437,551,-2.0323327614481267e-14,1.264763843274666e-14,-1.6353736525761697e-16,0.0,0,0.0,0.0,0.004546445100963565,0.0,0,0.0,0.0,0.004546445100963565,0.0,0.0
MAR00432,546,-2.0327248228155247e-14,1.2501417484546765e-14,-1.620851885245793e-16,0.0,0,0.0,0.0,0.004587964526068459,0.0,0,0.0,0.0,0.004587964526068459,0.0,0.0
MAR01210,562,-2.033011955697938e-14,1.2567921028868539e-14,-1.6475369319252306e-16,0.0,0,0.0,0.0,0.0044576959055467585,0.0,0,0.0,0.0,0.0044576959055467585,0.0,0.0
MAR02527,554,-2.0341530305334275e-14,1.2636621089052762e-14,-1.6215209763202531e-16,0.0,0,0.0,0.0,0.004521892203603858,0.0,0,0.0,0.0,0.004521892203603858,0.0,0.0
MAR11375,556,-2.0345036606656106e-14,1.2548861954125991e-14,-1.620594401536058e-16,0.0,0,0.0,0.0,0.0045056704064922026,0.0,0,0.0,0.0,0.0045056704064922026,0.0,0.0
MAR04004,562,-2.0355405775333832e-14,1.2309834613119356e-14,-1.624918883938059e-16,0.0,0,0.0,0.0,0.0044576959055467585,0.0,0,0.0,0.0,0.0044576959055467585,0.0,0.0
MAR00338,557,-2.038505012108869e-14,1.2574748546083937e-14,-1.6360103782271266e-16,0.0,0,0.0,0.0,0.004497603075155535,0.0,0,0.0,0.0,0.004497603075155535,0.0,0.0
MAR12832,552,-2.038948720007244e-14,1.3321693419950956e-14,-1.6563147215931742e-16,0.0,0,0.0,0.0,0.004538231229443332,0.0,0,0.0,0.0,0.004538231229443332,0.0,0.0
MAR11569,550,-2.0411954954562877e-14,1.312292256340417e-14,-1.651232579552041e-16,0.0,0,0.0,0.0,0.0045546887593671224,0.0,0,0.0,0.0,0.0045546887593671224,0.0,0.0
MAR01627,566,-2.0412411454874963e-14,1.2472022959932454e-14,-1.6334393750765808e-16,0.0,0,0.0,0.0,0.0044262764728495866,0.0,0,0.0,0.0,0.0044262764728495866,0.0,0.0
MAR01715,568,-2.0415594097895838e-14,1.217056491897578e-14,-1.6409360172607155e-16,0.0,0,0.0,0.0,0.004410732264444036,0.0,0,0.0,0.0,0.004410732264444036,0.0,0.0
MAR12296,563,-2.0420215745290267e-14,1.3091707124930443e-14,-1.6479768015673533e-16,0.0,0,0.0,0.0,0.004449799303901048,0.0,0,0.0,0.0,0.004449799303901048,0.0,0.0
MAR01127,556,-2.042171388029928e-14,1.2100331143286496e-14,-1.6486472995590513e-16,0.0,0,0.0,0.0,0.0045056704064922026,0.0,0,0.0,0.0,0.0045056704064922026,0.0,0.0
MAR01492,558,-2.042492021790682e-14,1.2697494464749705e-14,-1.6423019136906107e-16,0.0,0,0.0,0.0,0.004489564580987142,0.0,0,0.0,0.0,0.004489564580987142,0.0,0.0
MAR03704,551,-2.0426491714047163e-14,1.2534072791445709e-14,-1.6282739093579296e-16,0.0,0,0.0,0.0,0.004546445100963565,0.0,0,0.0,0.0,0.004546445100963565,0.0,0.0
MAR03740,552,-2.0440975804113026e-14,1.2502594374508615e-14,-1.6234880088516015e-16,0.0,0,0.0,0.0,0.004538231229443332,0.0,0,0.0,0.0,0.004538231229443332,0.0,0.0
MAR00695,562,-2.045655064875164e-14,1.2394270067873978e-14,-1.6380188537097693e-16,0.0,0,0.0,0.0,0.0044576959055467585,0.0,0,0.0,0.0,0.0044576959055467585,0.0,0.0
MAR02772,543,-2.0465724470143587e-14,1.2601134370775287e-14,-1.6304619279145112e-16,0.0,0,0.0,0.0,0.004613242186326175,0.0,0,0.0,0.0,0.004613242186326175,0.0,0.0
MAR12937,555,-2.048411490479568e-14,1.3310581039984409e-14,-1.6478500252187676e-16,0.0,0,0.0,0.0,0.004513766730450679,0.0,0,0.0,0.0,0.004513766730450679,0.0,0.0
MAR00388,564,-2.0484795892658207e-14,1.2426993078099482e-14,-1.6287189714020836e-16,0.0,0,0.0,0.0,0.004441930629657058,0.0,0,0.0,0.0,0.004441930629657058,0.0,0.0
MAR02095,548,-2.0486451140528437e-14,1.2794318856005059e-14,-1.6498116032696274e-16,0.0,0,0.0,0.0,0.004571266087298871,0.0,0,0.0,0.0,0.004571266087298871,0.0,0.0
MAR00957,575,-2.0488345319830367e-14,1.2058964602601363e-14,-1.6408513322974563e-16,0.0,0,0.0,0.0,0.004357176858116289,0.0,0,0.0,0.0,0.004357176858116289,0.0,0.0
MAR08794,568,-2.04906514291381e-14,1.221269843354488e-14,-1.6347084687998628e-16,0.0,0,0.0,0.0,0.004410732264444036,0.0,0,0.0,0.0,0.004410732264444036,0.0,0.0
MAR07038,563,-2.0495939660291345e-14,1.2656279138070438e-14,-1.6461843974158074e-16,0.0,0,0.0,0.0,0.004449799303901048,0.0,0,0.0,0.0,0.004449799303901048,0.0,0.0
MAR13045,551,-2.0503864788721586e-14,1.3342104751089756e-14,-1.6603144340028132e-16,0.0,0,0.0,0.0,0.004546445100963565,0.0,0,0.0,0.0,0.004546445100963565,0.0,0.0
MAR12526,535,-2.050613054231018e-14,1.3865017254186664e-14,-1.659665118393063e-16,0.0,0,0.0,0.0,0.004682031321548599,0.0,0,0.0,0.0,0.004682031321548599,0.0,0.0
MAR01177,573,-2.0510256281801147e-14,1.2768241848979133e-14,-1.6526429541927958e-16,0.0,0,0.0,0.0,0.0043723452321952965,0.0,0,0.0,0.0,0.0043723452321952965,0.0,0.0
MAR06213,550,-2.0515306625218892e-14,1.283091646069474e-14,-1.6549114474394048e-16,0.0,0,0.0,0.0,0.0045546887593671224,0.0,0,0.0,0.0,0.0045546887593671224,0.0,0.0
MAR00512,559,-2.0515491511928474e-14,1.2325792585568222e-14,-1.6443487549666648e-16,0.0,0,0.0,0.0,0.004481554769642852,0.0,0,0.0,0.0,0.004481554769642852,0.0,0.0
MAR03850,556,-2.052395024515685e-14,1.2342068172422492e-14,-1.6363070518252886e-16,0.0,0,0.0,0.0,0.0045056704064922026,0.0,0,0.0,0.0,0.0045056704064922026,0.0,0.0
MAR06367,567,-2.0526790144180672e-14,1.2792208912576284e-14,-1.6508256863518859e-16,0.0,0,0.0,0.0,0.00441849069762059,0.0,0,0.0,0.0,0.00441849069762059,0.0,0.0
MAR02547,567,-2.0526790144180672e-14,1.2337308777902242e-14,-1.641327717568282e-16,0.0,0,0.0,0.0,0.00441849069762059,0.0,0,0.0,0.0,0.00441849069762059,0.0,0.0
MAR06375,569,-2.0529565159747007e-14,1.2872046315940215e-14,-1.6529023446981864e-16,0.0,0,0.0,0.0,0.004403001029543098,0.0,0,0.0,0.0,0.004403001029543098,0.0,0.0
MAR00637,553,-2.053250075487595e-14,1.2702915335751955e-14,-1.6499300254575748e-16,0.0,0,0.0,0.0,0.00453004698365408,0.0,0,0.0,0.0,0.00453004698365408,0.0,0.0
MAR00209,548,-2.0538315573795597e-14,1.2677259572451135e-14,-1.6431256495239156e-16,0.0,0,0.0,0.0,0.004571266087298871,0.0,0,0.0,0.0,0.004571266087298871,0.0,0.0
MAR12238,550,-2.0541144542882898e-14,1.3552525636984981e-14,-1.6660579832027226e-16,0.0,0,0.0,0.0,0.0045546887593671224,0.0,0,0.0,0.0,0.0045546887593671224,0.0,0.0
MAR09099,533,-2.055641460679314e-14,1.4171552226467056e-14,-1.6668607217510204e-16,0.0,0,0.0,0.0,0.004699550344959981,0.0,0,0.0,0.0,0.004699550344959981,0.0,0.0
MAR01038,555,-2.0560930335688666e-14,1.3209293995642363e-14,-1.6596333246446421e-16,0.0,0,0.0,0.0,0.004513766730450679,0.0,0,0.0,0.0,0.004513766730450679,0.0,0.0
MAR06245,556,-2.0575068427585636e-14,1.1952662575385606e-14,-1.6559774054907266e-16,0.0,0,0.0,0.0,0.0045056704064922026,0.0,0,0.0,0.0,0.0045056704064922026,0.0,0.0
MAR01343,582,-2.0583763788514245e-14,1.2283826967085924e-14,-1.6678572576534706e-16,0.0,0,0.0,0.0,0.004304906394243486,0.0,0,0.0,0.0,0.004304906394243486,0.0,0.0
MAR12764,568,-2.0590727870794453e-14,1.3036914496919888e-14,-1.6620262144371842e-16,0.0,0,0.0,0.0,0.004410732264444036,0.0,0,0.0,0.0,0.004410732264444036,0.0,0.0
MAR12252,572,-2.0595801676402908e-14,1.2626282802217104e-14,-1.6681574894257477e-16,0.0,0,0.0,0.0,0.004379969091767465,0.0,0,0.0,0.0,0.004379969091767465,0.0,0.0
MAR02070,558,-2.0603192588886062e-14,1.2196960210165718e-14,-1.6564601810461684e-16,0.0,0,0.0,0.0,0.004489564580987142,0.0,0,0.0,0.0,0.004489564580987142,0.0,0.0
MAR07014,550,-2.0618658295874907e-14,1.2524365966406274e-14,-1.6409415541140727e-16,0.0,0,0.0,0.0,0.0045546887593671224,0.0,0,0.0,0.0,0.0045546887593671224,0.0,0.0
MAR03156,562,-2.0633554177232802e-14,1.2275111920383568e-14,-1.6408092598028745e-16,0.0,0,0.0,0.0,0.0044576959055467585,0.0,0,0.0,0.0,0.0044576959055467585,0.0,0.0
MAR12661,557,-2.0640182162654258e-14,1.3255296784095125e-14,-1.6694388920026117e-16,0.0,0,0.0,0.0,0.004497603075155535,0.0,0,0.0,0.0,0.004497603075155535,0.0,0.0
MAR06726,550,-2.064449621353891e-14,1.2843798422267759e-14,-1.654131722821001e-16,0.0,0,0.0,0.0,0.0045546887593671224,0.0,0,0.0,0.0,0.0045546887593671224,0.0,0.0
MAR07005,558,-2.0654127552022982e-14,1.2902044307845673e-14,-1.6578189785081284e-16,0.0,0,0.0,0.0,0.004489564580987142,0.0,0,0.0,0.0,0.004489564580987142,0.0,0.0
MAR09101,580,-2.0654742284336706e-14,1.3265305278880241e-14,-1.6783871895833986e-16,0.0,0,0.0,0.0,0.004319712401627411,0.0,0,0.0,0.0,0.004319712401627411,0.0,0.0
MAR06178,580,-2.0654742284336706e-14,1.2266159700616725e-14,-1.6695278854397549e-16,0.0,0,0.0,0.0,0.004319712401627411,0.0,0,0.0,0.0,0.004319712401627411,0.0,0.0
MAR01055,564,-2.066117174905256e-14,1.2663910177551206e-14,-1.6692269684952898e-16,0.0,0,0.0,0.0,0.004441930629657058,0.0,0,0.0,0.0,0.004441930629657058,0.0,0.0
MAR03950,535,-2.066550461388254e-14,1.2809808724051127e-14,-1.6418851881449533e-16,0.0,0,0.0,0.0,0.004682031321548599,0.0,0,0.0,0.0,0.004682031321548599,0.0,0.0
MAR01258,548,-2.0667976656963498e-14,1.1910846025491175e-14,-1.679519992853402e-16,0.0,0,0.0,0.0,0.004571266087298871,0.0,0,0.0,0.0,0.004571266087298871,0.0,0.0
MAR07123,565,-2.0674907213975304e-14,1.2730605059837176e-14,-1.6542187839437937e-16,0.0,0,0.0,0.0,0.004434089734923025,0.0,0,0.0,0.0,0.004434089734923025,0.0,0.0
MAR07077,569,-2.06794160003291e-14,1.2591181540511983e-14,-1.6576346268363523e-16,0.0,0,0.0,0.0,0.004403001029543098,0.0,0,0.0,0.0,0.004403001029543098,0.0,0.0
MAR01835,547,-2.067978126746032e-14,1.2793348809349133e-14,-1.658177347726399e-16,0.0,0,0.0,0.0,0.004579600085029117,0.0,0,0.0,0.0,0.004579600085029117,0.0,0.0
MAR01208,561,-2.069566542303037e-14,1.241976675904515e-14,-1.653036217480865e-16,0.0,0,0.0,0.0,0.004465620583537596,0.0,0,0.0,0.0,0.004465620583537596,0.0,0.0
MAR12510,549,-2.0707985013044813e-14,1.3592857373545996e-14,-1.6805492165026392e-16,0.0,0,0.0,0.0,0.004562962366977274,0.0,0,0.0,0.0,0.004562962366977274,0.0,0.0
MAR12241,555,-2.0714561197474632e-14,1.3308185338565618e-14,-1.6743336451118961e-16,0.0,0,0.0,0.0,0.004513766730450679,0.0,0,0.0,0.0,0.004513766730450679,0.0,0.0
MAR07155,556,-2.0728422974871988e-14,1.2835286500243141e-14,-1.6607657637284813e-16,0.0,0,0.0,0.0,0.0045056704064922026,0.0,0,0.0,0.0,0.0045056704064922026,0.0,0.0
MAR00369,553,-2.0738082739906e-14,1.2512562050875105e-14,-1.662673877033969e-16,0.0,0,0.0,0.0,0.00453004698365408,0.0,0,0.0,0.0,0.00453004698365408,0.0,0.0
MAR01301,550,-2.0747847884194925e-14,1.285291703442774e-14,-1.663091052678001e-16,0.0,0,0.0,0.0,0.0045546887593671224,0.0,0,0.0,0.0,0.0045546887593671224,0.0,0.0
MAR03352,550,-2.0747847884194928e-14,1.2586967614213022e-14,-1.6552771399124317e-16,0.0,0,0.0,0.0,0.0045546887593671224,0.0,0,0.0,0.0,0.0045546887593671224,0.0,0.0
MAR11237,541,-2.075152536970348e-14,1.2619708749010457e-14,-1.6478081135829583e-16,0.0,0,0.0,0.0,0.004630249273041442,0.0,0,0.0,0.0,0.004630249273041442,0.0,0.0
MAR07090,558,-2.0755997478296833e-14,1.1904903180992651e-14,-1.6726656315319698e-16,0.0,0,0.0,0.0,0.004489564580987142,0.0,0,0.0,0.0,0.004489564580987142,0.0,0.0
MAR12151,536,-2.0759513511199945e-14,1.3630262413692422e-14,-1.685543876456036e-16,0.0,0,0.0,0.0,0.004673320699286043,0.0,0,0.0,0.0,0.004673320699286043,0.0,0.0
MAR12598,575,-2.0760205149164666e-14,1.2863241797819394e-14,-1.6728393938186293e-16,0.0,0,0.0,0.0,0.004357176858116289,0.0,0,0.0,0.0,0.004357176858116289,0.0,0.0
MAR06147,575,-2.076020514916467e-14,1.2343830443613293e-14,-1.6721517652160145e-16,0.0,0,0.0,0.0,0.004357176858116289,0.0,0,0.0,0.0,0.004357176858116289,0.0,0.0
MAR01401,566,-2.0763916695180312e-14,1.2983405006961768e-14,-1.675854682111752e-16,0.0,0,0.0,0.0,0.0044262764728495866,0.0,0,0.0,0.0,0.0044262764728495866,0.0,0.0
MAR05070,572,-2.0769710737602927e-14,1.2357178866409183e-14,-1.6724313021490177e-16,0.0,0,0.0,0.0,0.004379969091767465,0.0,0,0.0,0.0,0.004379969091767465,0.0,0.0
MAR01228,535,-2.0771753994930782e-14,1.2759170592648037e-14,-1.6627254887902352e-16,0.0,0,0.0,0.0,0.004682031321548599,0.0,0,0.0,0.0,0.004682031321548599,0.0,0.0
MAR07087,576,-2.0773506371875152e-14,1.2442982257850087e-14,-1.6661801171525773e-16,0.0,0,0.0,0.0,0.004349632068826215,0.0,0,0.0,0.0,0.004349632068826215,0.0,0.0
MAR01345,563,-2.0773594015295293e-14,1.2024163889944788e-14,-1.6778225315625506e-16,0.0,0,0.0,0.0,0.004449799303901048,0.0,0,0.0,0.0,0.004449799303901048,0.0,0.0
MAR01040,550,-2.077368580185893e-14,1.2710593233325029e-14,-1.6651143069458885e-16,0.0,0,0.0,0.0,0.0045546887593671224,0.0,0,0.0,0.0,0.0045546887593671224,0.0,0.0
MAR01219,569,-2.0779316560717167e-14,1.2184688484120416e-14,-1.6693611945108005e-16,0.0,0,0.0,0.0,0.004403001029543098,0.0,0,0.0,0.0,0.004403001029543098,0.0,0.0
MAR07062,555,-2.0791376628367615e-14,1.2530297324237675e-14,-1.6779667505110435e-16,0.0,0,0.0,0.0,0.004513766730450679,0.0,0,0.0,0.0,0.004513766730450679,0.0,0.0
MAR08595,544,-2.0793824178861754e-14,1.3015011338959568e-14,-1.666558939013893e-16,0.0,0,0.0,0.0,0.004604785407758596,0.0,0,0.0,0.0,0.004604785407758596,0.0,0.0
MAR12165,552,-2.0801396032397137e-14,1.3378332984680586e-14,-1.6707964221777117e-16,0.0,0,0.0,0.0,0.004538231229443332,0.0,0,0.0,0.0,0.004538231229443332,0.0,0.0
MAR11939,567,-2.0802485738302757e-14,1.3173353109495045e-14,-1.6791601092586534e-16,0.0,0,0.0,0.0,0.00441849069762059,0.0,0,0.0,0.0,0.00441849069762059,0.0,0.0
MAR12429,532,-2.0808751547260076e-14,1.3841293492257425e-14,-1.67415479054422e-16,0.0,0,0.0,0.0,0.004708359112657833,0.0,0,0.0,0.0,0.004708359112657833,0.0,0.0
MAR01461,523,-2.081360365553487e-14,1.3764840761444916e-14,-1.6863415770871599e-16,0.0,0,0.0,0.0,0.004789149508756816,0.0,0,0.0,0.0,0.004789149508756816,0.0,0.0
MAR13014,545,-2.0833895261369542e-14,1.368184881533888e-14,-1.6736981473236785e-16,0.0,0,0.0,0.0,0.004596359577531593,0.0,0,0.0,0.0,0.004596359577531593,0.0,0.0
MAR01342,549,-2.0837409919376344e-14,1.3115136842934157e-14,-1.6865043570908637e-16,0.0,0,0.0,0.0,0.004562962366977274,0.0,0,0.0,0.0,0.004562962366977274,0.0,0.0
MAR01189,553,-2.0840873732421022e-14,1.2905379831890476e-14,-1.6856026341596427e-16,0.0,0,0.0,0.0,0.00453004698365408,0.0,0,0.0,0.0,0.00453004698365408,0.0,0.0
MAR02307,546,-2.0847792356917224e-14,1.2763907089651662e-14,-1.674194077285483e-16,0.0,0,0.0,0.0,0.004587964526068459,0.0,0,0.0,0.0,0.004587964526068459,0.0,0.0
MAR01145,573,-2.0857467391771178e-14,1.2773868465447941e-14,-1.6851895475281158e-16,0.0,0,0.0,0.0,0.0043723452321952965,0.0,0,0.0,0.0,0.0043723452321952965,0.0,0.0
MAR09110,560,-2.0884881126091518e-14,1.3586359612977473e-14,-1.6968683850996376e-16,0.0,0,0.0,0.0,0.0044735734878779895,0.0,0,0.0,0.0,0.0044735734878779895,0.0,0.0
MAR01813,545,-2.0886045186929918e-14,1.2840289575320955e-14,-1.6755513381177986e-16,0.0,0,0.0,0.0,0.004596359577531593,0.0,0,0.0,0.0,0.004596359577531593,0.0,0.0
MAR01304,561,-2.0898315757650007e-14,1.2469112588911785e-14,-1.6788822462406294e-16,0.0,0,0.0,0.0,0.004465620583537596,0.0,0,0.0,0.0,0.004465620583537596,0.0,0.0
MAR10483,553,-2.0917966976807288e-14,1.2490931212642627e-14,-1.6666869327490326e-16,0.0,0,0.0,0.0,0.00453004698365408,0.0,0,0.0,0.0,0.00453004698365408,0.0,0.0
MAR10012,548,-2.09272988232993e-14,1.3629610871294541e-14,-1.6936212873479549e-16,0.0,0,0.0,0.0,0.004571266087298871,0.0,0,0.0,0.0,0.004571266087298871,0.0,0.0
MAR12251,556,-2.0932895704587123e-14,1.3109840123334325e-14,-1.6844805619860538e-16,0.0,0,0.0,0.0,0.0045056704064922026,0.0,0,0.0,0.0,0.0045056704064922026,0.0,0.0
MAR01300,562,-2.0936988797486225e-14,1.3103970272136864e-14,-1.6923720541859583e-16,0.0,0,0.0,0.0,0.0044576959055467585,0.0,0,0.0,0.0,0.0044576959055467585,0.0,0.0
MAR12286,540,-2.0947852506112584e-14,1.3678120993316604e-14,-1.6909235314805172e-16,0.0,0,0.0,0.0,0.00463879992662872,0.0,0,0.0,0.0,0.00463879992662872,0.0,0.0
MAR01259,582,-2.0950022930658625e-14,1.2610036894128466e-14,-1.6865997400994995e-16,0.0,0,0.0,0.0,0.004304906394243486,0.0,0,0.0,0.0,0.004304906394243486,0.0,0.0
MAR12742,548,-2.095323103993288e-14,1.3324780300981824e-14,-1.687368121281111e-16,0.0,0,0.0,0.0,0.004571266087298871,0.0,0,0.0,0.0,0.004571266087298871,0.0,0.0
MAR06146,577,-2.0959163540098622e-14,1.2201888017642649e-14,-1.687266108073054e-16,0.0,0,0.0,0.0,0.004342113363096878,0.0,0,0.0,0.0,0.004342113363096878,0.0,0.0
MAR02066,547,-2.0965557139246833e-14,1.2685409028055695e-14,-1.6715772940286506e-16,0.0,0,0.0,0.0,0.004579600085029117,0.0,0,0.0,0.0,0.004579600085029117,0.0,0.0
MAR06154,530,-2.096771393827918e-14,1.3305993127067625e-14,-1.6878836481685672e-16,0.0,0,0.0,0.0,0.0047260760867549505,0.0,0,0.0,0.0,0.0047260760867549505,0.0,0.0
MAR07040,546,-2.097792838910772e-14,1.2958469978472272e-14,-1.6812868947921427e-16,0.0,0,0.0,0.0,0.004587964526068459,0.0,0,0.0,0.0,0.004587964526068459,0.0,0.0
MAR03204,556,-2.0984013887015907e-14,1.2464780164131956e-14,-1.6730839464410074e-16,0.0,0,0.0,0.0,0.0045056704064922026,0.0,0,0.0,0.0,0.0045056704064922026,0.0,0.0
MAR00938,585,-2.1012631331025186e-14,1.2016451213930378e-14,-1.6873244503493733e-16,0.0,0,0.0,0.0,0.004282886715357432,0.0,0,0.0,0.0,0.004282886715357432,0.0,0.0
MAR02400,547,-2.101751638866256e-14,1.2633333636008846e-14,-1.6832955590233327e-16,0.0,0,0.0,0.0,0.004579600085029117,0.0,0,0.0,0.0,0.004579600085029117,0.0,0.0
MAR05468,553,-2.1020757969322317e-14,1.2229849103553182e-14,-1.6739522442685983e-16,0.0,0,0.0,0.0,0.00453004698365408,0.0,0,0.0,0.0,0.00453004698365408,0.0,0.0
MAR00286,534,-2.1023549110504838e-14,1.283173643199866e-14,-1.6771154116698004e-16,0.0,0,0.0,0.0,0.004690774475909901,0.0,0,0.0,0.0,0.004690774475909901,0.0,0.0
MAR12749,552,-2.1033094750579778e-14,1.3376360165933226e-14,-1.6992444893993522e-16,0.0,0,0.0,0.0,0.004538231229443332,0.0,0,0.0,0.0,0.004538231229443332,0.0,0.0
MAR11995,550,-2.105790289616297e-14,1.3595673888676245e-14,-1.6988838822606004e-16,0.0,0,0.0,0.0,0.0045546887593671224,0.0,0,0.0,0.0,0.0045546887593671224,0.0,0.0
MAR01751,558,-2.106160725711838e-14,1.2299325085920659e-14,-1.6970921154568893e-16,0.0,0,0.0,0.0,0.004489564580987142,0.0,0,0.0,0.0,0.004489564580987142,0.0,0.0
MAR05321,549,-2.10703747507731e-14,1.2614132654466068e-14,-1.6820137329607218e-16,0.0,0,0.0,0.0,0.004562962366977274,0.0,0,0.0,0.0,0.004562962366977274,0.0,0.0
MAR04392,559,-2.1074773808412275e-14,1.254765420290415e-14,-1.6938861665957183e-16,0.0,0,0.0,0.0,0.004481554769642852,0.0,0,0.0,0.0,0.004481554769642852,0.0,0.0
MAR06132,544,-2.1107298915226506e-14,1.2408309806628059e-14,-1.7034071737407644e-16,0.0,0,0.0,0.0,0.004604785407758596,0.0,0,0.0,0.0,0.004604785407758596,0.0,0.0
MAR06631,560,-2.1113269862585835e-14,1.2808002673051088e-14,-1.7058856502859945e-16,0.0,0,0.0,0.0,0.0044735734878779895,0.0,0,0.0,0.0,0.0044735734878779895,0.0,0.0
MAR00501,539,-2.111854290700706e-14,1.2769748938730137e-14,-1.6902641698700934e-16,0.0,0,0.0,0.0,0.004647382219459146,0.0,0,0.0,0.0,0.004647382219459146,0.0,0.0
MAR01232,545,-2.11207198519516e-14,1.2848254838379175e-14,-1.7010521381101725e-16,0.0,0,0.0,0.0,0.004596359577531593,0.0,0,0.0,0.0,0.004596359577531593,0.0,0.0
MAR12162,569,-2.1128968522075386e-14,1.293175351229946e-14,-1.7084176821102058e-16,0.0,0,0.0,0.0,0.004403001029543098,0.0,0,0.0,0.0,0.004403001029543098,0.0,0.0
MAR05360,542,-2.1132747048805933e-14,1.2912804702446611e-14,-1.6820095611282947e-16,0.0,0,0.0,0.0,0.00462173008405905,0.0,0,0.0,0.0,0.00462173008405905,0.0,0.0
MAR11543,587,-2.1158921671356987e-14,1.251683805766685e-14,-1.7141245670283923e-16,0.0,0,0.0,0.0,0.004268331649559446,0.0,0,0.0,0.0,0.004268331649559446,0.0,0.0
MAR07810,556,-2.1162927525516654e-14,1.2867086157965263e-14,-1.6950250868914972e-16,0.0,0,0.0,0.0,0.0045056704064922026,0.0,0,0.0,0.0,0.0045056704064922026,0.0,0.0
MAR12281,564,-2.1165102767322135e-14,1.2788526416262991e-14,-1.7145312388387454e-16,0.0,0,0.0,0.0,0.004441930629657058,0.0,0,0.0,0.0,0.004441930629657058,0.0,0.0
MAR02084,541,-2.1171809427824057e-14,1.2841761118744328e-14,-1.6937979424031444e-16,0.0,0,0.0,0.0,0.004630249273041442,0.0,0,0.0,0.0,0.004630249273041442,0.0,0.0
MAR11900,553,-2.117494445809485e-14,1.3358748044724452e-14,-1.712522809864778e-16,0.0,0,0.0,0.0,0.00453004698365408,0.0,0,0.0,0.0,0.00453004698365408,0.0,0.0
MAR00969,561,-2.1176959967752006e-14,1.2396324632217356e-14,-1.6989786452911344e-16,0.0,0,0.0,0.0,0.004465620583537596,0.0,0,0.0,0.0,0.004465620583537596,0.0,0.0
MAR04824,556,-2.1188486616731046e-14,1.264100299974031e-14,-1.7089368143497369e-16,0.0,0,0.0,0.0,0.0045056704064922026,0.0,0,0.0,0.0,0.0045056704064922026,0.0,0.0
MAR12290,564,-2.119029931823561e-14,1.31727501866324e-14,-1.7145098151251395e-16,0.0,0,0.0,0.0,0.004441930629657058,0.0,0,0.0,0.0,0.004441930629657058,0.0,0.0
MAR12159,570,-2.1191625452494216e-14,1.3008324673563236e-14,-1.7083895034281018e-16,0.0,0,0.0,0.0,0.004395296850147243,0.0,0,0.0,0.0,0.004395296850147243,0.0,0.0
MAR07009,588,-2.119544147148326e-14,1.222544153529332e-14,-1.705310960568431e-16,0.0,0,0.0,0.0,0.004261091151880009,0.0,0,0.0,0.0,0.004261091151880009,0.0,0.0
MAR12158,536,-2.1210230918211953e-14,1.396742836513417e-14,-1.7217761512787976e-16,0.0,0,0.0,0.0,0.004673320699286043,0.0,0,0.0,0.0,0.004673320699286043,0.0,0.0
MAR08757,558,-2.1214412146529155e-14,1.2534130014008201e-14,-1.6978635960719022e-16,0.0,0,0.0,0.0,0.004489564580987142,0.0,0,0.0,0.0,0.004489564580987142,0.0,0.0
MAR01116,568,-2.1216205631146654e-14,1.2793803921393747e-14,-1.7117487056363943e-16,0.0,0,0.0,0.0,0.004410732264444036,0.0,0,0.0,0.0,0.004410732264444036,0.0,0.0
MAR00537,553,-2.122633995435236e-14,1.2380286817021942e-14,-1.6969501912447756e-16,0.0,0,0.0,0.0,0.00453004698365408,0.0,0,0.0,0.0,0.00453004698365408,0.0,0.0
MAR06141,575,-2.122978121801482e-14,1.2571163987481119e-14,-1.698601859091338e-16,0.0,0,0.0,0.0,0.004357176858116289,0.0,0,0.0,0.0,0.004357176858116289,0.0,0.0
MAR01624,536,-2.123674370685971e-14,1.3050650180262132e-14,-1.706307178526577e-16,0.0,0,0.0,0.0,0.004673320699286043,0.0,0,0.0,0.0,0.004673320699286043,0.0,0.0
MAR05331,554,-2.123932798589758e-14,1.2615439970423358e-14,-1.6951382658009702e-16,0.0,0,0.0,0.0,0.004521892203603858,0.0,0,0.0,0.0,0.004521892203603858,0.0,0.0
MAR00953,568,-2.1241224741560742e-14,1.2343642257911704e-14,-1.7020037938815047e-16,0.0,0,0.0,0.0,0.004410732264444036,0.0,0,0.0,0.0,0.004410732264444036,0.0,0.0
MAR01026,580,-2.1242777651862305e-14,1.2653696840392459e-14,-1.7185688943754823e-16,0.0,0,0.0,0.0,0.004319712401627411,0.0,0,0.0,0.0,0.004319712401627411,0.0,0.0
MAR01629,543,-2.1250854564906126e-14,1.3024113089215795e-14,-1.7089678337762771e-16,0.0,0,0.0,0.0,0.004613242186326175,0.0,0,0.0,0.0,0.004613242186326175,0.0,0.0
MAR01229,587,-2.1255758841477614e-14,1.2573278492217734e-14,-1.7178415471212887e-16,0.0,0,0.0,0.0,0.004268331649559446,0.0,0,0.0,0.0,0.004268331649559446,0.0,0.0
MAR00406,566,-2.126606703847367e-14,1.1917201255832085e-14,-1.705459683772034e-16,0.0,0,0.0,0.0,0.0044262764728495866,0.0,0,0.0,0.0,0.0044262764728495866,0.0,0.0
MAR06104,549,-2.1277454600903548e-14,1.2506235355457093e-14,-1.7061626620040597e-16,0.0,0,0.0,0.0,0.004562962366977274,0.0,0,0.0,0.0,0.004562962366977274,0.0,0.0
MAR01676,548,-2.1290349856169424e-14,1.2670180007170819e-14,-1.6954157640270664e-16,0.0,0,0.0,0.0,0.004571266087298871,0.0,0,0.0,0.0,0.004571266087298871,0.0,0.0
MAR06387,550,-2.1290444155139003e-14,1.3307551031029815e-14,-1.7081529330547875e-16,0.0,0,0.0,0.0,0.0045546887593671224,0.0,0,0.0,0.0,0.0045546887593671224,0.0,0.0
MAR01263,560,-2.129090554652586e-14,1.2575971479900548e-14,-1.7091131779723908e-16,0.0,0,0.0,0.0,0.0044735734878779895,0.0,0,0.0,0.0,0.0044735734878779895,0.0,0.0
MAR07099,564,-2.1291085521889527e-14,1.2811681919776034e-14,-1.7162648683448495e-16,0.0,0,0.0,0.0,0.004441930629657058,0.0,0,0.0,0.0,0.004441930629657058,0.0,0.0
MAR09628,566,-2.1291174555638338e-14,1.2201653138831107e-14,-1.7030299132798948e-16,0.0,0,0.0,0.0,0.0044262764728495866,0.0,0,0.0,0.0,0.0044262764728495866,0.0,0.0
MAR07024,571,-2.132872590355187e-14,1.242113695930373e-14,-1.72052120254315e-16,0.0,0,0.0,0.0,0.00438761958448344,0.0,0,0.0,0.0,0.00438761958448344,0.0,0.0
MAR12338,541,-2.1329415949619275e-14,1.3161410612008658e-14,-1.7229472319852674e-16,0.0,0,0.0,0.0,0.004630249273041442,0.0,0,0.0,0.0,0.004630249273041442,0.0,0.0
MAR12524,562,-2.1341568291157458e-14,1.3045534924529445e-14,-1.7217787954901858e-16,0.0,0,0.0,0.0,0.0044576959055467585,0.0,0,0.0,0.0,0.0044576959055467585,0.0,0.0
MAR12781,565,-2.1354010005675222e-14,1.3138621692361408e-14,-1.7330346306705883e-16,0.0,0,0.0,0.0,0.004434089734923025,0.0,0,0.0,0.0,0.004434089734923025,0.0,0.0
MAR01004,557,-2.1354551879037845e-14,1.2194067004879431e-14,-1.7122837068021826e-16,0.0,0,0.0,0.0,0.004497603075155535,0.0,0,0.0,0.0,0.004497603075155535,0.0,0.0
MAR00384,545,-2.1355394516973285e-14,1.2736920189604861e-14,-1.7150699597358563e-16,0.0,0,0.0,0.0,0.004596359577531593,0.0,0,0.0,0.0,0.004596359577531593,0.0,0.0
MAR06499,543,-2.1381709580699885e-14,1.2948129340412579e-14,-1.7329523200978423e-16,0.0,0,0.0,0.0,0.004613242186326175,0.0,0,0.0,0.0,0.004613242186326175,0.0,0.0
MAR01041,541,-2.1381951456884345e-14,1.2687800558567877e-14,-1.7146127113788445e-16,0.0,0,0.0,0.0,0.004630249273041442,0.0,0,0.0,0.0,0.004630249273041442,0.0,0.0
MAR08459,548,-2.1394078722703747e-14,1.2672997465480443e-14,-1.708733625401982e-16,0.0,0,0.0,0.0,0.004571266087298871,0.0,0,0.0,0.0,0.004571266087298871,0.0,0.0
MAR01194,559,-2.1405258801789066e-14,1.2333505103597593e-14,-1.7096017906078325e-16,0.0,0,0.0,0.0,0.004481554769642852,0.0,0,0.0,0.0,0.004481554769642852,0.0,0.0
MAR12163,557,-2.1405578287350954e-14,1.3301931274813763e-14,-1.732162055359556e-16,0.0,0,0.0,0.0,0.004497603075155535,0.0,0,0.0,0.0,0.004497603075155535,0.0,0.0
MAR08598,547,-2.140721075928053e-14,1.2563728101782493e-14,-1.7000100244171505e-16,0.0,0,0.0,0.0,0.004579600085029117,0.0,0,0.0,0.0,0.004579600085029117,0.0,0.0
MAR00106,545,-2.140754444253366e-14,1.2679031187088048e-14,-1.7056412128752668e-16,0.0,0,0.0,0.0,0.004596359577531593,0.0,0,0.0,0.0,0.004596359577531593,0.0,0.0
MAR00603,548,-2.1420010939337328e-14,1.2670923677156761e-14,-1.7146219582796442e-16,0.0,0,0.0,0.0,0.004571266087298871,0.0,0,0.0,0.0,0.004571266087298871,0.0,0.0
MAR01701,559,-2.143068072435651e-14,1.2436383420533915e-14,-1.7194157958570882e-16,0.0,0,0.0,0.0,0.004481554769642852,0.0,0,0.0,0.0,0.004481554769642852,0.0,0.0
MAR13058,566,-2.1441819658626346e-14,1.2671599576000188e-14,-1.7314333801311902e-16,0.0,0,0.0,0.0,0.0044262764728495866,0.0,0,0.0,0.0,0.0044262764728495866,0.0,0.0
MAR06368,556,-2.1444077528874965e-14,1.253275114186381e-14,-1.7128466884258413e-16,0.0,0,0.0,0.0,0.0045056704064922026,0.0,0,0.0,0.0,0.0045056704064922026,0.0,0.0
MAR01493,540,-2.144786406090673e-14,1.2784461292389076e-14,-1.722305278061022e-16,0.0,0,0.0,0.0,0.00463879992662872,0.0,0,0.0,0.0,0.00463879992662872,0.0,0.0
MAR03001,547,-2.1459170008696263e-14,1.2646551953476022e-14,-1.710001236923594e-16,0.0,0,0.0,0.0,0.004579600085029117,0.0,0,0.0,0.0,0.004579600085029117,0.0,0.0
MAR12611,564,-2.146746137828388e-14,1.2963037463417243e-14,-1.740320571483649e-16,0.0,0,0.0,0.0,0.004441930629657058,0.0,0,0.0,0.0,0.004441930629657058,0.0,0.0
MAR02108,549,-2.1484534451033994e-14,1.2816378454038532e-14,-1.7228363550915047e-16,0.0,0,0.0,0.0,0.004562962366977274,0.0,0,0.0,0.0,0.004562962366977274,0.0,0.0
MAR01143,555,-2.1508320650035466e-14,1.270862786094926e-14,-1.7241356850325244e-16,0.0,0,0.0,0.0,0.004513766730450679,0.0,0,0.0,0.0,0.004513766730450679,0.0,0.0
MAR07034,545,-2.151184429365441e-14,1.31782258216875e-14,-1.7333027174219282e-16,0.0,0,0.0,0.0,0.004596359577531593,0.0,0,0.0,0.0,0.004596359577531593,0.0,0.0
MAR06171,573,-2.155188961171124e-14,1.2752879360525982e-14,-1.7312852448171694e-16,0.0,0,0.0,0.0,0.0043723452321952965,0.0,0,0.0,0.0,0.0043723452321952965,0.0,0.0
MAR09991,573,-2.155188961171124e-14,1.2861272291291482e-14,-1.745861577375399e-16,0.0,0,0.0,0.0,0.0043723452321952965,0.0,0,0.0,0.0,0.0043723452321952965,0.0,0.0
MAR12231,560,-2.1595423861851615e-14,1.314197131502153e-14,-1.7518088846638072e-16,0.0,0,0.0,0.0,0.0044735734878779895,0.0,0,0.0,0.0,0.0044735734878779895,0.0,0.0
MAR02573,552,-2.1599469395026234e-14,1.2465733752819175e-14,-1.720326687162121e-16,0.0,0,0.0,0.0,0.004538231229443332,0.0,0,0.0,0.0,0.004538231229443332,0.0,0.0
MAR00467,572,-2.161441189200305e-14,1.2042047111942945e-14,-1.72973031485542e-16,0.0,0,0.0,0.0,0.004379969091767465,0.0,0,0.0,0.0,0.004379969091767465,0.0,0.0
MAR00314,550,-2.1626337084771048e-14,1.2625342460113996e-14,-1.7366319180085853e-16,0.0,0,0.0,0.0,0.0045546887593671224,0.0,0,0.0,0.0,0.0045546887593671224,0.0,0.0
MAR01454,540,-2.163207884425194e-14,1.3064046493655236e-14,-1.7518062103175143e-16,0.0,0,0.0,0.0,0.00463879992662872,0.0,0,0.0,0.0,0.00463879992662872,0.0,0.0
MAR12772,543,-2.1643419612287398e-14,1.355550686193342e-14,-1.7548726138427847e-16,0.0,0,0.0,0.0,0.004613242186326175,0.0,0,0.0,0.0,0.004613242186326175,0.0,0.0
MAR06999,539,-2.1645847349129583e-14,1.3291366310775068e-14,-1.7432236082785404e-16,0.0,0,0.0,0.0,0.004647382219459146,0.0,0,0.0,0.0,0.004647382219459146,0.0,0.0
MAR12609,560,-2.1646176914405908e-14,1.306812895906282e-14,-1.7450459742843228e-16,0.0,0,0.0,0.0,0.0044735734878779895,0.0,0,0.0,0.0,0.0044735734878779895,0.0,0.0
MAR02976,560,-2.1646176914405908e-14,1.231596607757625e-14,-1.72847924354108e-16,0.0,0,0.0,0.0,0.0044735734878779895,0.0,0,0.0,0.0,0.0044735734878779895,0.0,0.0
MAR01341,559,-2.165947802746352e-14,1.2954357784125265e-14,-1.7503349900064686e-16,0.0,0,0.0,0.0,0.004481554769642852,0.0,0,0.0,0.0,0.004481554769642852,0.0,0.0
MAR06716,567,-2.1679698992327573e-14,1.2549439019472392e-14,-1.7443354718574893e-16,0.0,0,0.0,0.0,0.00441849069762059,0.0,0,0.0,0.0,0.00441849069762059,0.0,0.0
MAR01453,553,-2.1714597168798723e-14,1.3299177744482108e-14,-1.75125964704252e-16,0.0,0,0.0,0.0,0.00453004698365408,0.0,0,0.0,0.0,0.00453004698365408,0.0,0.0
MAR06460,566,-2.171800234743769e-14,1.2852793748352367e-14,-1.749723315647934e-16,0.0,0,0.0,0.0,0.0044262764728495866,0.0,0,0.0,0.0,0.0044262764728495866,0.0,0.0
MAR00634,566,-2.174310986460236e-14,1.2101495976005506e-14,-1.7343778763990354e-16,0.0,0,0.0,0.0,0.0044262764728495866,0.0,0,0.0,0.0,0.0044262764728495866,0.0,0.0
MAR09149,557,-2.1762763145542746e-14,1.3856518533522804e-14,-1.766398219371072e-16,0.0,0,0.0,0.0,0.004497603075155535,0.0,0,0.0,0.0,0.004497603075155535,0.0,0.0
MAR06528,562,-2.177143400318314e-14,1.2941456053879707e-14,-1.7545420694563944e-16,0.0,0,0.0,0.0,0.0044576959055467585,0.0,0,0.0,0.0,0.0044576959055467585,0.0,0.0
MAR04896,552,-2.1779679509168287e-14,1.2527092599088448e-14,-1.740308591288448e-16,0.0,0,0.0,0.0,0.004538231229443332,0.0,0,0.0,0.0,0.004538231229443332,0.0,0.0
MAR07033,572,-2.178832095320307e-14,1.1504727152013246e-14,-1.7574029315139336e-16,0.0,0,0.0,0.0,0.004379969091767465,0.0,0,0.0,0.0,0.004379969091767465,0.0,0.0
MAR11943,539,-2.1830403903872465e-14,1.3765064012933466e-14,-1.780459420361716e-16,0.0,0,0.0,0.0,0.004647382219459146,0.0,0,0.0,0.0,0.004647382219459146,0.0,0.0
MAR12179,563,-2.183372882531036e-14,1.3275999440846672e-14,-1.7677464891581453e-16,0.0,0,0.0,0.0,0.004449799303901048,0.0,0,0.0,0.0,0.004449799303901048,0.0,0.0
MAR07067,558,-2.190203414887764e-14,1.277232413548883e-14,-1.7521955763213896e-16,0.0,0,0.0,0.0,0.004489564580987142,0.0,0,0.0,0.0,0.004489564580987142,0.0,0.0
MAR07031,554,-2.1906263405744604e-14,1.2850912302592446e-14,-1.7550292329398659e-16,0.0,0,0.0,0.0,0.004521892203603858,0.0,0,0.0,0.0,0.004521892203603858,0.0,0.0
MAR07115,546,-2.194093502731738e-14,1.285349111360329e-14,-1.7567215254102255e-16,0.0,0,0.0,0.0,0.004587964526068459,0.0,0,0.0,0.0,0.004587964526068459,0.0,0.0
MAR05013,547,-2.1952782878145692e-14,1.2615314076814525e-14,-1.7643944338080912e-16,0.0,0,0.0,0.0,0.004579600085029117,0.0,0,0.0,0.0,0.004579600085029117,0.0,0.0
MAR00698,556,-2.1955259353162807e-14,1.2490354091958751e-14,-1.762927675302072e-16,0.0,0,0.0,0.0,0.0045056704064922026,0.0,0,0.0,0.0,0.0045056704064922026,0.0,0.0
MAR12443,543,-2.1957471650192417e-14,1.3409213744867118e-14,-1.7827872648481277e-16,0.0,0,0.0,0.0,0.004613242186326175,0.0,0,0.0,0.0,0.004613242186326175,0.0,0.0
MAR01161,548,-2.1964587488642513e-14,1.3400185847676053e-14,-1.7717184131772646e-16,0.0,0,0.0,0.0,0.004571266087298871,0.0,0,0.0,0.0,0.004571266087298871,0.0,0.0
MAR01178,538,-2.1976637775182282e-14,1.3047207312644287e-14,-1.7608163352100257e-16,0.0,0,0.0,0.0,0.004655996327465773,0.0,0,0.0,0.0,0.004655996327465773,0.0,0.0
MAR10134,552,-2.1985633925330636e-14,1.2520660700444794e-14,-1.7599701190287965e-16,0.0,0,0.0,0.0,0.004538231229443332,0.0,0,0.0,0.0,0.004538231229443332,0.0,0.0
MAR03195,572,-2.19870741660031e-14,1.2077193030285405e-14,-1.7478083108614597e-16,0.0,0,0.0,0.0,0.004379969091767465,0.0,0,0.0,0.0,0.004379969091767465,0.0,0.0
MAR09209,542,-2.2024202879648863e-14,1.4130373377327943e-14,-1.779082353609522e-16,0.0,0,0.0,0.0,0.00462173008405905,0.0,0,0.0,0.0,0.00462173008405905,0.0,0.0
MAR04697,560,-2.2026824808563106e-14,1.2747232801896293e-14,-1.7753166848717047e-16,0.0,0,0.0,0.0,0.0044735734878779895,0.0,0,0.0,0.0,0.0044735734878779895,0.0,0.0
MAR01090,545,-2.2033343549258153e-14,1.3251437627595024e-14,-1.784295994908037e-16,0.0,0,0.0,0.0,0.004596359577531593,0.0,0,0.0,0.0,0.004596359577531593,0.0,0.0
MAR03233,550,-2.203974376739511e-14,1.254980974154953e-14,-1.7636265555212206e-16,0.0,0,0.0,0.0,0.0045546887593671224,0.0,0,0.0,0.0,0.0045546887593671224,0.0,0.0
MAR12304,555,-2.204602866628635e-14,1.3281397167606705e-14,-1.7818897303049587e-16,0.0,0,0.0,0.0,0.004513766730450679,0.0,0,0.0,0.0,0.004513766730450679,0.0,0.0
MAR05096,544,-2.2047723124320756e-14,1.674956918686051e-14,-1.7875584572848142e-16,0.0,0,0.0,0.0,0.004604785407758596,0.0,0,0.0,0.0,0.004604785407758596,0.0,0.0
MAR06415,573,-2.2047905483097e-14,1.2721548219056924e-14,-1.7732449497178567e-16,0.0,0,0.0,0.0,0.0043723452321952965,0.0,0,0.0,0.0,0.0043723452321952965,0.0,0.0
MAR01727,551,-2.2051326282210006e-14,1.2580578159720242e-14,-1.7777675401404513e-16,0.0,0,0.0,0.0,0.004546445100963565,0.0,0,0.0,0.0,0.004546445100963565,0.0,0.0
MAR01043,544,-2.2073846019017817e-14,1.287710686032814e-14,-1.7700822188590355e-16,0.0,0,0.0,0.0,0.004604785407758596,0.0,0,0.0,0.0,0.004604785407758596,0.0,0.0
MAR02047,570,-2.20891531187175e-14,1.2131907093651315e-14,-1.7733166982769533e-16,0.0,0,0.0,0.0,0.004395296850147243,0.0,0,0.0,0.0,0.004395296850147243,0.0,0.0
MAR12709,563,-2.2111383180314308e-14,1.305696063744011e-14,-1.7784583303783216e-16,0.0,0,0.0,0.0,0.004449799303901048,0.0,0,0.0,0.0,0.004449799303901048,0.0,0.0
MAR11833,564,-2.2122571702034326e-14,1.299416062346866e-14,-1.786977015723678e-16,0.0,0,0.0,0.0,0.004441930629657058,0.0,0,0.0,0.0,0.004441930629657058,0.0,0.0
MAR06173,561,-2.2139549057195278e-14,1.3071560740155352e-14,-1.779768321087357e-16,0.0,0,0.0,0.0,0.004465620583537596,0.0,0,0.0,0.0,0.004465620583537596,0.0,0.0
MAR01154,583,-2.2157233166584256e-14,1.2587409891157651e-14,-1.7837375648471165e-16,0.0,0,0.0,0.0,0.004297541386555887,0.0,0,0.0,0.0,0.004297541386555887,0.0,0.0
MAR03224,575,-2.2168933355715127e-14,1.2054191095570918e-14,-1.7689606908960777e-16,0.0,0,0.0,0.0,0.004357176858116289,0.0,0,0.0,0.0,0.004357176858116289,0.0,0.0
MAR12276,556,-2.2185291174092338e-14,1.323875698520404e-14,-1.7856561039987683e-16,0.0,0,0.0,0.0,0.0045056704064922026,0.0,0,0.0,0.0,0.0045056704064922026,0.0,0.0
MAR13056,568,-2.2191950937296088e-14,1.2779726359604871e-14,-1.8051907512733528e-16,0.0,0,0.0,0.0,0.004410732264444036,0.0,0,0.0,0.0,0.004410732264444036,0.0,0.0
MAR01620,549,-2.2209313926490563e-14,1.2707286494150418e-14,-1.7857877753435966e-16,0.0,0,0.0,0.0,0.004562962366977274,0.0,0,0.0,0.0,0.004562962366977274,0.0,0.0
MAR07702,547,-2.221257912522434e-14,1.3123982338710363e-14,-1.7813794603718746e-16,0.0,0,0.0,0.0,0.004579600085029117,0.0,0,0.0,0.0,0.004579600085029117,0.0,0.0
MAR01370,559,-2.221876032394732e-14,1.2951360548054097e-14,-1.7891360399443878e-16,0.0,0,0.0,0.0,0.004481554769642852,0.0,0,0.0,0.0,0.004481554769642852,0.0,0.0
MAR00382,562,-2.2226585933563277e-14,1.2276859640880064e-14,-1.7773591099227466e-16,0.0,0,0.0,0.0,0.0044576959055467585,0.0,0,0.0,0.0,0.0044576959055467585,0.0,0.0
MAR12397,570,-2.2238741063088048e-14,1.3043737002568682e-14,-1.800649719123369e-16,0.0,0,0.0,0.0,0.004395296850147243,0.0,0,0.0,0.0,0.004395296850147243,0.0,0.0
MAR02111,562,-2.225187215191773e-14,1.2278890869373113e-14,-1.7834367887965324e-16,0.0,0,0.0,0.0,0.0044576959055467585,0.0,0,0.0,0.0,0.0044576959055467585,0.0,0.0
MAR12615,561,-2.2266205516332552e-14,1.3187238807565972e-14,-1.7981517160696292e-16,0.0,0,0.0,0.0,0.004465620583537596,0.0,0,0.0,0.0,0.004465620583537596,0.0,0.0
MAR12840,550,-2.2272285026371142e-14,1.3745762466050528e-14,-1.786037531524117e-16,0.0,0,0.0,0.0,0.0045546887593671224,0.0,0,0.0,0.0,0.0045546887593671224,0.0,0.0
MAR01972,543,-2.2297694691256182e-14,1.2835433335401675e-14,-1.7820061542791664e-16,0.0,0,0.0,0.0,0.004613242186326175,0.0,0,0.0,0.0,0.004613242186326175,0.0,0.0
MAR12226,541,-2.230132283402311e-14,1.3569880547288927e-14,-1.7961618974943691e-16,0.0,0,0.0,0.0,0.004630249273041442,0.0,0,0.0,0.0,0.004630249273041442,0.0,0.0
MAR04184,561,-2.231686809998746e-14,1.2249776856709356e-14,-1.77046467312305e-16,0.0,0,0.0,0.0,0.004465620583537596,0.0,0,0.0,0.0,0.004465620583537596,0.0,0.0
MAR02017,529,-2.232366780403188e-14,1.3052398284728021e-14,-1.7840097667906213e-16,0.0,0,0.0,0.0,0.004734984668033456,0.0,0,0.0,0.0,0.004734984668033456,0.0,0.0
MAR01382,571,-2.2374007686456395e-14,1.2903294716685827e-14,-1.8103570241631972e-16,0.0,0,0.0,0.0,0.00438761958448344,0.0,0,0.0,0.0,0.00438761958448344,0.0,0.0
MAR07757,562,-2.237830324368999e-14,1.2792897491254269e-14,-1.794877314788366e-16,0.0,0,0.0,0.0,0.0044576959055467585,0.0,0,0.0,0.0,0.0044576959055467585,0.0,0.0
MAR01135,541,-2.2380126094920715e-14,1.3356426103732993e-14,-1.8151739960675445e-16,0.0,0,0.0,0.0,0.004630249273041442,0.0,0,0.0,0.0,0.004630249273041442,0.0,0.0
MAR06490,536,-2.2403306407361368e-14,1.3588080016129753e-14,-1.8010562980029821e-16,0.0,0,0.0,0.0,0.004673320699286043,0.0,0,0.0,0.0,0.004673320699286043,0.0,0.0
MAR03000,549,-2.2416393776621012e-14,1.2608939826387068e-14,-1.7959572181102092e-16,0.0,0,0.0,0.0,0.004562962366977274,0.0,0,0.0,0.0,0.004562962366977274,0.0,0.0
MAR01711,587,-2.2417804882925136e-14,1.1739330300788346e-14,-1.8048101278385993e-16,0.0,0,0.0,0.0,0.004268331649559446,0.0,0,0.0,0.0,0.004268331649559446,0.0,0.0
MAR12188,564,-2.242493031299607e-14,1.307779188999692e-14,-1.810307352314176e-16,0.0,0,0.0,0.0,0.004441930629657058,0.0,0,0.0,0.0,0.004441930629657058,0.0,0.0
MAR01123,565,-2.2435544081345466e-14,1.2730944711654745e-14,-1.8218803014365854e-16,0.0,0,0.0,0.0,0.004434089734923025,0.0,0,0.0,0.0,0.004434089734923025,0.0,0.0
MAR01132,584,-2.2435630218178506e-14,1.2478270345244163e-14,-1.8050945671999714e-16,0.0,0,0.0,0.0,0.004290201536487618,0.0,0,0.0,0.0,0.004290201536487618,0.0,0.0
MAR01291,558,-2.243685126181535e-14,1.2492344441774765e-14,-1.808657075939707e-16,0.0,0,0.0,0.0,0.004489564580987142,0.0,0,0.0,0.0,0.004489564580987142,0.0,0.0
MAR01120,561,-2.2468855850952187e-14,1.3123981403013529e-14,-1.8128837902672847e-16,0.0,0,0.0,0.0,0.004465620583537596,0.0,0,0.0,0.0,0.004465620583537596,0.0,0.0
MAR06503,538,-2.247850810899053e-14,1.3265669131609796e-14,-1.805785177857927e-16,0.0,0,0.0,0.0,0.004655996327465773,0.0,0,0.0,0.0,0.004655996327465773,0.0,0.0
MAR01665,562,-2.2479448117107797e-14,1.2478333853587213e-14,-1.8031771265413973e-16,0.0,0,0.0,0.0,0.0044576959055467585,0.0,0,0.0,0.0,0.0044576959055467585,0.0,0.0
MAR09978,553,-2.2485529612661398e-14,1.3283715172008782e-14,-1.8141908629040278e-16,0.0,0,0.0,0.0,0.00453004698365408,0.0,0,0.0,0.0,0.00453004698365408,0.0,0.0
MAR01147,531,-2.2507210575301103e-14,1.3838913201915604e-14,-1.8170841239934481e-16,0.0,0,0.0,0.0,0.004717200964344275,0.0,0,0.0,0.0,0.004717200964344275,0.0,0.0
MAR13002,566,-2.252144289670706e-14,1.2881220003589485e-14,-1.8138499014008007e-16,0.0,0,0.0,0.0,0.0044262764728495866,0.0,0,0.0,0.0,0.0044262764728495866,0.0,0.0
MAR12528,571,-2.2523333655442755e-14,1.2873856912101463e-14,-1.8147944886510025e-16,0.0,0,0.0,0.0,0.00438761958448344,0.0,0,0.0,0.0,0.00438761958448344,0.0,0.0
MAR01311,563,-2.2540485365320408e-14,1.2899528422990184e-14,-1.8195586544729491e-16,0.0,0,0.0,0.0,0.004449799303901048,0.0,0,0.0,0.0,0.004449799303901048,0.0,0.0
MAR12763,576,-2.2549863211275402e-14,1.2789427405370821e-14,-1.8204872312444775e-16,0.0,0,0.0,0.0,0.004349632068826215,0.0,0,0.0,0.0,0.004349632068826215,0.0,0.0
MAR06189,540,-2.2553152760977995e-14,1.3628936607821012e-14,-1.8212669746508104e-16,0.0,0,0.0,0.0,0.00463879992662872,0.0,0,0.0,0.0,0.00463879992662872,0.0,0.0
MAR06139,549,-2.2571703664218848e-14,1.3272202900761618e-14,-1.8249045617941001e-16,0.0,0,0.0,0.0,0.004562962366977274,0.0,0,0.0,0.0,0.004562962366977274,0.0,0.0
MAR01286,550,-2.2582340038339184e-14,1.2318982668622502e-14,-1.8246712038508419e-16,0.0,0,0.0,0.0,0.0045546887593671224,0.0,0,0.0,0.0,0.0045546887593671224,0.0,0.0
MAR00624,560,-2.2585108386660326e-14,1.259594990313751e-14,-1.818398983585201e-16,0.0,0,0.0,0.0,0.0044735734878779895,0.0,0,0.0,0.0,0.0044735734878779895,0.0,0.0
MAR01111,568,-2.2592256703921496e-14,1.295776579359333e-14,-1.8262468196340384e-16,0.0,0,0.0,0.0,0.004410732264444036,0.0,0,0.0,0.0,0.004410732264444036,0.0,0.0
MAR00948,570,-2.2637642248076175e-14,1.2354178199399908e-14,-1.819943286109277e-16,0.0,0,0.0,0.0,0.004395296850147243,0.0,0,0.0,0.0,0.004395296850147243,0.0,0.0
MAR00771,556,-2.2645354815951396e-14,1.251972054041658e-14,-1.8167026207368993e-16,0.0,0,0.0,0.0,0.0045056704064922026,0.0,0,0.0,0.0,0.0045056704064922026,0.0,0.0
MAR04964,551,-2.2670310879605374e-14,1.2584456829408825e-14,-1.8242251435722835e-16,0.0,0,0.0,0.0,0.004546445100963565,0.0,0,0.0,0.0,0.004546445100963565,0.0,0.0
MAR01049,551,-2.2696101904496847e-14,1.2457946245442096e-14,-1.8116941975017793e-16,0.0,0,0.0,0.0,0.004546445100963565,0.0,0,0.0,0.0,0.004546445100963565,0.0,0.0
MAR08663,571,-2.2747322608922298e-14,1.2057089457808653e-14,-1.8179896392169625e-16,0.0,0,0.0,0.0,0.00438761958448344,0.0,0,0.0,0.0,0.00438761958448344,0.0,0.0
MAR07001,559,-2.2752620697863672e-14,1.2720260301323387e-14,-1.8233998917768643e-16,0.0,0,0.0,0.0,0.004481554769642852,0.0,0,0.0,0.0,0.004481554769642852,0.0,0.0
MAR00617,545,-2.2763442507103394e-14,1.2677375627075065e-14,-1.8298399122091469e-16,0.0,0,0.0,0.0,0.004596359577531593,0.0,0,0.0,0.0,0.004596359577531593,0.0,0.0
MAR09462,557,-2.278329131180501e-14,1.2383244609274317e-14,-1.8257721292146371e-16,0.0,0,0.0,0.0,0.004497603075155535,0.0,0,0.0,0.0,0.004497603075155535,0.0,0.0
MAR12365,555,-2.281418297521619e-14,1.3342954657672101e-14,-1.8566874901049856e-16,0.0,0,0.0,0.0,0.004513766730450679,0.0,0,0.0,0.0,0.004513766730450679,0.0,0.0
MAR06172,555,-2.2839788118847185e-14,1.306181720573651e-14,-1.8424679561921092e-16,0.0,0,0.0,0.0,0.004513766730450679,0.0,0,0.0,0.0,0.004513766730450679,0.0,0.0
MAR12882,578,-2.284062981041983e-14,1.293678247277051e-14,-1.8352904173755844e-16,0.0,0,0.0,0.0,0.004334620605899285,0.0,0,0.0,0.0,0.004334620605899285,0.0,0.0
MAR12767,572,-2.2856619472003222e-14,1.2889227106320882e-14,-1.8469298806325606e-16,0.0,0,0.0,0.0,0.004379969091767465,0.0,0,0.0,0.0,0.004379969091767465,0.0,0.0
MAR12347,570,-2.2886955488693752e-14,1.2888660355629743e-14,-1.8473067309852864e-16,0.0,0,0.0,0.0,0.004395296850147243,0.0,0,0.0,0.0,0.004395296850147243,0.0,0.0
MAR12551,544,-2.2909778649323818e-14,1.3457957694684725e-14,-1.8465536380185279e-16,0.0,0,0.0,0.0,0.004604785407758596,0.0,0,0.0,0.0,0.004604785407758596,0.0,0.0
MAR01174,556,-2.29520639105241e-14,1.3064460055879024e-14,-1.8460230119970789e-16,0.0,0,0.0,0.0,0.0045056704064922026,0.0,0,0.0,0.0,0.0045056704064922026,0.0,0.0
MAR10007,546,-2.2955996078403237e-14,1.3337519560394713e-14,-1.8637034982029847e-16,0.0,0,0.0,0.0,0.004587964526068459,0.0,0,0.0,0.0,0.004587964526068459,0.0,0.0
MAR06138,569,-2.297712888925456e-14,1.2775763332032411e-14,-1.8587361274894788e-16,0.0,0,0.0,0.0,0.004403001029543098,0.0,0,0.0,0.0,0.004403001029543098,0.0,0.0
MAR11976,537,-2.2996709027021492e-14,1.3827512759167178e-14,-1.8582498225433071e-16,0.0,0,0.0,0.0,0.004664642427888463,0.0,0,0.0,0.0,0.004664642427888463,0.0,0.0
MAR01998,567,-2.3008050491279435e-14,1.2192513131738731e-14,-1.8492172950373304e-16,0.0,0,0.0,0.0,0.00441849069762059,0.0,0,0.0,0.0,0.00441849069762059,0.0,0.0
MAR11831,544,-2.3014270228112067e-14,1.3544220658291233e-14,-1.8632889241741621e-16,0.0,0,0.0,0.0,0.004604785407758596,0.0,0,0.0,0.0,0.004604785407758596,0.0,0.0
MAR01319,572,-2.3030528533203247e-14,1.274979748719463e-14,-1.8664226147459765e-16,0.0,0,0.0,0.0,0.004379969091767465,0.0,0,0.0,0.0,0.004379969091767465,0.0,0.0
MAR01150,569,-2.3052054309545605e-14,1.283478989586797e-14,-1.8590717180440266e-16,0.0,0,0.0,0.0,0.004403001029543098,0.0,0,0.0,0.0,0.004403001029543098,0.0,0.0
MAR02060,533,-2.306264414380813e-14,1.3199152609242388e-14,-1.8510189221981667e-16,0.0,0,0.0,0.0,0.004699550344959981,0.0,0,0.0,0.0,0.004699550344959981,0.0,0.0
MAR00276,558,-2.3073538301026908e-14,1.2374630231103637e-14,-1.852249308580884e-16,0.0,0,0.0,0.0,0.004489564580987142,0.0,0,0.0,0.0,0.004489564580987142,0.0,0.0
MAR12775,546,-2.311215931703183e-14,1.3552713483480715e-14,-1.8700180405631723e-16,0.0,0,0.0,0.0,0.004587964526068459,0.0,0,0.0,0.0,0.004587964526068459,0.0,0.0
MAR11508,530,-2.311274861227194e-14,1.3903776043979825e-14,-1.8593220520244031e-16,0.0,0,0.0,0.0,0.0047260760867549505,0.0,0,0.0,0.0,0.0047260760867549505,0.0,0.0
MAR06170,547,-2.3121865989999603e-14,1.328618559656922e-14,-1.8536813832326834e-16,0.0,0,0.0,0.0,0.004579600085029117,0.0,0,0.0,0.0,0.004579600085029117,0.0,0.0
MAR06500,566,-2.312402330865909e-14,1.2716295626054368e-14,-1.8609435194185765e-16,0.0,0,0.0,0.0,0.0044262764728495866,0.0,0,0.0,0.0,0.0044262764728495866,0.0,0.0
MAR01124,581,-2.313850010427039e-14,1.2677236916849892e-14,-1.8703801781477292e-16,0.0,0,0.0,0.0,0.004312296689115291,0.0,0,0.0,0.0,0.004312296689115291,0.0,0.0
MAR02664,541,-2.314189095026426e-14,1.2871310167903429e-14,-1.8534005363378391e-16,0.0,0,0.0,0.0,0.004630249273041442,0.0,0,0.0,0.0,0.004630249273041442,0.0,0.0
MAR01190,557,-2.3165989374153357e-14,1.2724578419969882e-14,-1.8699901851688811e-16,0.0,0,0.0,0.0,0.004497603075155535,0.0,0,0.0,0.0,0.004497603075155535,0.0,0.0
MAR01273,570,-2.3186131377434848e-14,1.2750794686371165e-14,-1.870366974326987e-16,0.0,0,0.0,0.0,0.004395296850147243,0.0,0,0.0,0.0,0.004395296850147243,0.0,0.0
MAR12599,564,-2.3206023391313912e-14,1.298465803720177e-14,-1.8807191600405875e-16,0.0,0,0.0,0.0,0.004441930629657058,0.0,0,0.0,0.0,0.004441930629657058,0.0,0.0
MAR11832,567,-2.3208556377913678e-14,1.2824234612055485e-14,-1.8785942127774674e-16,0.0,0,0.0,0.0,0.00441849069762059,0.0,0,0.0,0.0,0.00441849069762059,0.0,0.0
MAR06159,550,-2.325412589760328e-14,1.313041232884261e-14,-1.8675772934237707e-16,0.0,0,0.0,0.0,0.0045546887593671224,0.0,0,0.0,0.0,0.0045546887593671224,0.0,0.0
MAR06179,564,-2.325641649314087e-14,1.2956744983338036e-14,-1.8791123634033952e-16,0.0,0,0.0,0.0,0.004441930629657058,0.0,0,0.0,0.0,0.004441930629657058,0.0,0.0
MAR00488,553,-2.328215980465283e-14,1.2446942613478225e-14,-1.8654004940057777e-16,0.0,0,0.0,0.0,0.00453004698365408,0.0,0,0.0,0.0,0.00453004698365408,0.0,0.0
MAR01193,578,-2.3283182379405358e-14,1.2741565652879333e-14,-1.8811391536492624e-16,0.0,0,0.0,0.0,0.004334620605899285,0.0,0,0.0,0.0,0.004334620605899285,0.0,0.0
MAR12292,553,-2.3307857552781586e-14,1.3458049596830803e-14,-1.8864961291648132e-16,0.0,0,0.0,0.0,0.00453004698365408,0.0,0,0.0,0.0,0.00453004698365408,0.0,0.0
MAR00939,562,-2.331389332280471e-14,1.2383902703887954e-14,-1.8690516234941136e-16,0.0,0,0.0,0.0,0.0044576959055467585,0.0,0,0.0,0.0,0.0044576959055467585,0.0,0.0
MAR12265,563,-2.334820712533189e-14,1.2994000969450327e-14,-1.8876824380176654e-16,0.0,0,0.0,0.0,0.004449799303901048,0.0,0,0.0,0.0,0.004449799303901048,0.0,0.0
MAR12154,530,-2.3354065013096123e-14,1.285784256840443e-14,-1.8924400497432547e-16,0.0,0,0.0,0.0,0.0047260760867549505,0.0,0,0.0,0.0,0.0047260760867549505,0.0,0.0
MAR00262,568,-2.3367849126758223e-14,1.2198161206690721e-14,-1.8732905590531497e-16,0.0,0,0.0,0.0,0.004410732264444036,0.0,0,0.0,0.0,0.004410732264444036,0.0,0.0
MAR01058,602,-2.339361631688569e-14,1.2016303120044052e-14,-1.8963704965545908e-16,0.0,0,0.0,0.0,0.004162243623766968,0.0,0,0.0,0.0,0.004162243623766968,0.0,0.0
MAR12473,542,-2.3413825204198135e-14,1.3406188162156444e-14,-1.8968408289162345e-16,0.0,0,0.0,0.0,0.00462173008405905,0.0,0,0.0,0.0,0.00462173008405905,0.0,0.0
MAR01272,566,-2.3425313514635104e-14,1.2440281475860765e-14,-1.8910688500425248e-16,0.0,0,0.0,0.0,0.0044262764728495866,0.0,0,0.0,0.0,0.0044262764728495866,0.0,0.0
MAR01203,570,-2.3435444618052427e-14,1.2726188091595263e-14,-1.8969953996082996e-16,0.0,0,0.0,0.0,0.004395296850147243,0.0,0,0.0,0.0,0.004395296850147243,0.0,0.0
MAR00944,577,-2.3446678836867085e-14,1.2064804844265125e-14,-1.8816407372303986e-16,0.0,0,0.0,0.0,0.004342113363096878,0.0,0,0.0,0.0,0.004342113363096878,0.0,0.0
MAR12283,546,-2.3450513000727115e-14,1.348293910835384e-14,-1.8936849270276206e-16,0.0,0,0.0,0.0,0.004587964526068459,0.0,0,0.0,0.0,0.004587964526068459,0.0,0.0
MAR07081,571,-2.3469064792356374e-14,1.2326637061944218e-14,-1.8739437767773744e-16,0.0,0,0.0,0.0,0.00438761958448344,0.0,0,0.0,0.0,0.00438761958448344,0.0,0.0
MAR01170,571,-2.3469064792356374e-14,1.2834492387855467e-14,-1.899298521780898e-16,0.0,0,0.0,0.0,0.00438761958448344,0.0,0,0.0,0.0,0.00438761958448344,0.0,0.0
MAR12770,557,-2.349766102818859e-14,1.2867480117533991e-14,-1.9109826449813348e-16,0.0,0,0.0,0.0,0.004497603075155535,0.0,0,0.0,0.0,0.004497603075155535,0.0,0.0
MAR11420,537,-2.3499513942456945e-14,1.3620020250791496e-14,-1.9016748220425028e-16,0.0,0,0.0,0.0,0.004664642427888463,0.0,0,0.0,0.0,0.004664642427888463,0.0,0.0
MAR12539,563,-2.3524896260334407e-14,1.2743231466618354e-14,-1.9066571887442373e-16,0.0,0,0.0,0.0,0.004449799303901048,0.0,0,0.0,0.0,0.004449799303901048,0.0,0.0
MAR01098,585,-2.3539005502616654e-14,1.2428359489130779e-14,-1.8978769289400505e-16,0.0,0,0.0,0.0,0.004282886715357432,0.0,0,0.0,0.0,0.004282886715357432,0.0,0.0
MAR06128,552,-2.3556036348568538e-14,1.3186501328017054e-14,-1.9030303714780265e-16,0.0,0,0.0,0.0,0.004538231229443332,0.0,0,0.0,0.0,0.004538231229443332,0.0,0.0
MAR01126,547,-2.3563519610033304e-14,1.3007241744000108e-14,-1.9029727475701625e-16,0.0,0,0.0,0.0,0.004579600085029117,0.0,0,0.0,0.0,0.004579600085029117,0.0,0.0
MAR01094,550,-2.3564180909571323e-14,1.3128029963043356e-14,-1.9008064062961546e-16,0.0,0,0.0,0.0,0.0045546887593671224,0.0,0,0.0,0.0,0.0045546887593671224,0.0,0.0
MAR06208,580,-2.3570417648317808e-14,1.2104104544547849e-14,-1.8935843686112719e-16,0.0,0,0.0,0.0,0.004319712401627411,0.0,0,0.0,0.0,0.004319712401627411,0.0,0.0
MAR12409,569,-2.3576532251582938e-14,1.2791633837307724e-14,-1.909020996506653e-16,0.0,0,0.0,0.0,0.004403001029543098,0.0,0,0.0,0.0,0.004403001029543098,0.0,0.0
MAR12830,530,-2.359538141392031e-14,1.3966908957866597e-14,-1.9099831578030939e-16,0.0,0,0.0,0.0,0.0047260760867549505,0.0,0,0.0,0.0,0.0047260760867549505,0.0,0.0
MAR01204,554,-2.3599253317663978e-14,1.3128813506690384e-14,-1.9081050194852324e-16,0.0,0,0.0,0.0,0.004521892203603858,0.0,0,0.0,0.0,0.004521892203603858,0.0,0.0
MAR12621,557,-2.3599713844814818e-14,1.3323866480809264e-14,-1.9179983086700087e-16,0.0,0,0.0,0.0,0.004497603075155535,0.0,0,0.0,0.0,0.004497603075155535,0.0,0.0
MAR07108,573,-2.3734359445808583e-14,1.2433072483971218e-14,-1.908438161981718e-16,0.0,0,0.0,0.0,0.0043723452321952965,0.0,0,0.0,0.0,0.0043723452321952965,0.0,0.0
MAR07059,577,-2.3791482937409248e-14,1.2311767851841595e-14,-1.9101489441518216e-16,0.0,0,0.0,0.0,0.004342113363096878,0.0,0,0.0,0.0,0.004342113363096878,0.0,0.0
MAR06200,567,-2.381007403781641e-14,1.278133995518409e-14,-1.9210410006230542e-16,0.0,0,0.0,0.0,0.00441849069762059,0.0,0,0.0,0.0,0.00441849069762059,0.0,0.0
MAR11443,583,-2.3814759960124113e-14,1.2532821056085173e-14,-1.9225588053441512e-16,0.0,0,0.0,0.0,0.004297541386555887,0.0,0,0.0,0.0,0.004297541386555887,0.0,0.0
MAR01275,553,-2.384751026348546e-14,1.2985946624033018e-14,-1.9246879604344678e-16,0.0,0,0.0,0.0,0.00453004698365408,0.0,0,0.0,0.0,0.00453004698365408,0.0,0.0
MAR06606,553,-2.384751026348546e-14,1.3056517637512146e-14,-1.9215888365633796e-16,0.0,0,0.0,0.0,0.00453004698365408,0.0,0,0.0,0.0,0.00453004698365408,0.0,0.0
MAR01261,555,-2.3889599007717962e-14,1.3032321722210995e-14,-1.9349363194683811e-16,0.0,0,0.0,0.0,0.004513766730450679,0.0,0,0.0,0.0,0.004513766730450679,0.0,0.0
MAR07083,546,-2.3892975510174798e-14,1.2924760463977815e-14,-1.9129585007648332e-16,0.0,0,0.0,0.0,0.004587964526068459,0.0,0,0.0,0.0,0.004587964526068459,0.0,0.0
MAR09129,558,-2.3913965192786168e-14,1.3815027875089936e-14,-1.9331216753198706e-16,0.0,0,0.0,0.0,0.004489564580987142,0.0,0,0.0,0.0,0.004489564580987142,0.0,0.0
MAR01165,548,-2.3935435952794615e-14,1.3378059301452152e-14,-1.9358405923805746e-16,0.0,0,0.0,0.0,0.004571266087298871,0.0,0,0.0,0.0,0.004571266087298871,0.0,0.0
MAR12535,544,-2.3954694437206317e-14,1.3611515447650903e-14,-1.9369146757051963e-16,0.0,0,0.0,0.0,0.004604785407758596,0.0,0,0.0,0.0,0.004604785407758596,0.0,0.0
MAR12183,562,-2.4021907436729366e-14,1.312619288953684e-14,-1.954905764377611e-16,0.0,0,0.0,0.0,0.0044576959055467585,0.0,0,0.0,0.0,0.0044576959055467585,0.0,0.0
MAR01202,563,-2.4029722360341576e-14,1.2791150599086024e-14,-1.934486844263442e-16,0.0,0,0.0,0.0,0.004449799303901048,0.0,0,0.0,0.0,0.004449799303901048,0.0,0.0
MAR12149,548,-2.4091029252596098e-14,1.3352899384307449e-14,-1.9464736198593063e-16,0.0,0,0.0,0.0,0.004571266087298871,0.0,0,0.0,0.0,0.004571266087298871,0.0,0.0
MAR01838,562,-2.409776609179272e-14,1.2335903187471064e-14,-1.935692426643809e-16,0.0,0,0.0,0.0,0.0044576959055467585,0.0,0,0.0,0.0,0.0044576959055467585,0.0,0.0
MAR01211,539,-2.415054344921157e-14,1.3368501528734248e-14,-1.9506728723339817e-16,0.0,0,0.0,0.0,0.004647382219459146,0.0,0,0.0,0.0,0.004647382219459146,0.0,0.0
MAR01131,555,-2.4248071018551886e-14,1.3086352020771608e-14,-1.9591874798726293e-16,0.0,0,0.0,0.0,0.004513766730450679,0.0,0,0.0,0.0,0.004513766730450679,0.0,0.0
MAR01209,559,-2.425251412934296e-14,1.2618717303740406e-14,-1.962396938029552e-16,0.0,0,0.0,0.0,0.004481554769642852,0.0,0,0.0,0.0,0.004481554769642852,0.0,0.0
MAR09188,563,-2.4282135410345165e-14,1.3585609837536194e-14,-1.960389420719711e-16,0.0,0,0.0,0.0,0.004449799303901048,0.0,0,0.0,0.0,0.004449799303901048,0.0,0.0
MAR01398,547,-2.431692872656138e-14,1.3188376273587166e-14,-1.960362997236505e-16,0.0,0,0.0,0.0,0.004579600085029117,0.0,0,0.0,0.0,0.004579600085029117,0.0,0.0
MAR12588,576,-2.4375563296214547e-14,1.2716649159019609e-14,-1.9674009814637231e-16,0.0,0,0.0,0.0,0.004349632068826215,0.0,0,0.0,0.0,0.004349632068826215,0.0,0.0
MAR01337,549,-2.443542231539288e-14,1.336126770786927e-14,-1.976514135619466e-16,0.0,0,0.0,0.0,0.004562962366977274,0.0,0,0.0,0.0,0.004562962366977274,0.0,0.0
MAR01146,564,-2.4491047487901325e-14,1.2869034995717534e-14,-1.9806970438105242e-16,0.0,0,0.0,0.0,0.004441930629657058,0.0,0,0.0,0.0,0.004441930629657058,0.0,0.0
MAR01226,563,-2.453454846034875e-14,1.3039715425412586e-14,-1.9821533721555517e-16,0.0,0,0.0,0.0,0.004449799303901048,0.0,0,0.0,0.0,0.004449799303901048,0.0,0.0
MAR01033,544,-2.4555521015238758e-14,1.3399323139343032e-14,-1.984298064553635e-16,0.0,0,0.0,0.0,0.004604785407758596,0.0,0,0.0,0.0,0.004604785407758596,0.0,0.0
MAR01374,565,-2.4598612232685945e-14,1.2449041457704736e-14,-1.9870290258778294e-16,0.0,0,0.0,0.0,0.004434089734923025,0.0,0,0.0,0.0,0.004434089734923025,0.0,0.0
MAR09189,553,-2.464414045547689e-14,1.3695562900688923e-14,-1.9939576470618478e-16,0.0,0,0.0,0.0,0.00453004698365408,0.0,0,0.0,0.0,0.00453004698365408,0.0,0.0
MAR06659,565,-2.4648916143182237e-14,1.7396479978353202e-14,-2.049650258817945e-16,0.0,0,0.0,0.0,0.004434089734923025,0.0,0,0.0,0.0,0.004434089734923025,0.0,0.0
MAR00324,539,-2.4651482669227965e-14,1.2737543143380045e-14,-1.975810663150283e-16,0.0,0,0.0,0.0,0.004647382219459146,0.0,0,0.0,0.0,0.004647382219459146,0.0,0.0
MAR01452,562,-2.4654062895590664e-14,1.2604097983404134e-14,-1.9920767053511067e-16,0.0,0,0.0,0.0,0.0044576959055467585,0.0,0,0.0,0.0,0.0044576959055467585,0.0,0.0
MAR01157,570,-2.4682010821140323e-14,1.2893514436878398e-14,-1.9991611956659613e-16,0.0,0,0.0,0.0,0.004395296850147243,0.0,0,0.0,0.0,0.004395296850147243,0.0,0.0
MAR12606,572,-2.469508669040348e-14,1.280452857511649e-14,-2.003728713938931e-16,0.0,0,0.0,0.0,0.004379969091767465,0.0,0,0.0,0.0,0.004379969091767465,0.0,0.0
MAR01280,548,-2.4791199101702765e-14,1.309439594888108e-14,-2.0095962326393468e-16,0.0,0,0.0,0.0,0.004571266087298871,0.0,0,0.0,0.0,0.004571266087298871,0.0,0.0
MAR01324,549,-2.4797812053121166e-14,1.3060403373540894e-14,-2.013773747303518e-16,0.0,0,0.0,0.0,0.004562962366977274,0.0,0,0.0,0.0,0.004562962366977274,0.0,0.0
MAR06137,573,-2.485039515642654e-14,1.2649664845975827e-14,-2.0030526897439132e-16,0.0,0,0.0,0.0,0.0043723452321952965,0.0,0,0.0,0.0,0.0043723452321952965,0.0,0.0
MAR12437,558,-2.4881729492387737e-14,1.318243030112012e-14,-2.0112992039332875e-16,0.0,0,0.0,0.0,0.004489564580987142,0.0,0,0.0,0.0,0.004489564580987142,0.0,0.0
MAR09989,560,-2.4970501856712092e-14,1.3171224668477894e-14,-2.019995436891663e-16,0.0,0,0.0,0.0,0.0044735734878779895,0.0,0,0.0,0.0,0.0044735734878779895,0.0,0.0
MAR12278,553,-2.497821118115072e-14,1.3404215715841373e-14,-2.03296009299152e-16,0.0,0,0.0,0.0,0.00453004698365408,0.0,0,0.0,0.0,0.00453004698365408,0.0,0.0
MAR01134,575,-2.4986389768816047e-14,1.2472645807783674e-14,-2.0113083460929933e-16,0.0,0,0.0,0.0,0.004357176858116289,0.0,0,0.0,0.0,0.004357176858116289,0.0,0.0
MAR01213,582,-2.5027708046532738e-14,1.2573389562596252e-14,-2.0205042281048756e-16,0.0,0,0.0,0.0,0.004304906394243486,0.0,0,0.0,0.0,0.004304906394243486,0.0,0.0
MAR04735,570,-2.5105843330190206e-14,1.2268511787179974e-14,-2.024152613526639e-16,0.0,0,0.0,0.0,0.004395296850147243,0.0,0,0.0,0.0,0.004395296850147243,0.0,0.0
MAR01215,545,-2.5162339082880613e-14,1.3182623293027274e-14,-2.031120635476412e-16,0.0,0,0.0,0.0,0.004596359577531593,0.0,0,0.0,0.0,0.004596359577531593,0.0,0.0
MAR01270,567,-2.5288804951743955e-14,1.2753866287717742e-14,-2.040935696151551e-16,0.0,0,0.0,0.0,0.00441849069762059,0.0,0,0.0,0.0,0.00441849069762059,0.0,0.0
MAR01059,561,-2.533129182745455e-14,1.3053872137350884e-14,-2.0539973599015601e-16,0.0,0,0.0,0.0,0.004465620583537596,0.0,0,0.0,0.0,0.004465620583537596,0.0,0.0
MAR01289,541,-2.5348382255397288e-14,1.3292132421440454e-14,-2.0450663361482963e-16,0.0,0,0.0,0.0,0.004630249273041442,0.0,0,0.0,0.0,0.004630249273041442,0.0,0.0
MAR01279,567,-2.5464247602548915e-14,1.2778561713276517e-14,-2.056731365041991e-16,0.0,0,0.0,0.0,0.00441849069762059,0.0,0,0.0,0.0,0.00441849069762059,0.0,0.0
MAR06181,561,-2.548327957841928e-14,1.2783445267725119e-14,-2.0491878514408686e-16,0.0,0,0.0,0.0,0.004465620583537596,0.0,0,0.0,0.0,0.004465620583537596,0.0,0.0
MAR06604,544,-2.5495945224333008e-14,1.3204875170603063e-14,-2.053455730585983e-16,0.0,0,0.0,0.0,0.004604785407758596,0.0,0,0.0,0.0,0.004604785407758596,0.0,0.0
MAR09150,553,-2.5569259388112105e-14,1.3857606138400576e-14,-2.0715986309321053e-16,0.0,0,0.0,0.0,0.00453004698365408,0.0,0,0.0,0.0,0.00453004698365408,0.0,0.0
MAR01218,552,-2.5589836208171724e-14,1.2928740521690309e-14,-2.0653306165597961e-16,0.0,0,0.0,0.0,0.004538231229443332,0.0,0,0.0,0.0,0.004538231229443332,0.0,0.0
MAR12285,533,-2.559553569717434e-14,1.3812841150692321e-14,-2.066608548574684e-16,0.0,0,0.0,0.0,0.004699550344959981,0.0,0,0.0,0.0,0.004699550344959981,0.0,0.0
MAR01183,561,-2.566059862121146e-14,1.2995890781442845e-14,-2.0680943190161107e-16,0.0,0,0.0,0.0,0.004465620583537596,0.0,0,0.0,0.0,0.004465620583537596,0.0,0.0
MAR01605,562,-2.5690797848123195e-14,1.2226749966585596e-14,-2.0676199388339854e-16,0.0,0,0.0,0.0,0.0044576959055467585,0.0,0,0.0,0.0,0.0044576959055467585,0.0,0.0
MAR01113,547,-2.5719828460786077e-14,1.33304476973285e-14,-2.073330641445924e-16,0.0,0,0.0,0.0,0.004579600085029117,0.0,0,0.0,0.0,0.004579600085029117,0.0,0.0
MAR01052,555,-2.5784379636411562e-14,1.3063514536751843e-14,-2.0820477001598211e-16,0.0,0,0.0,0.0,0.004513766730450679,0.0,0,0.0,0.0,0.004513766730450679,0.0,0.0
MAR09192,565,-2.5856209995093204e-14,1.3416185033545016e-14,-2.0942896666366778e-16,0.0,0,0.0,0.0,0.004434089734923025,0.0,0,0.0,0.0,0.004434089734923025,0.0,0.0
MAR01137,553,-2.5877632365657174e-14,1.3163714624731265e-14,-2.097146977248796e-16,0.0,0,0.0,0.0,0.00453004698365408,0.0,0,0.0,0.0,0.00453004698365408,0.0,0.0
MAR01217,555,-2.5886800210935543e-14,1.3083546403539316e-14,-2.086166502631241e-16,0.0,0,0.0,0.0,0.004513766730450679,0.0,0,0.0,0.0,0.004513766730450679,0.0,0.0
MAR01192,575,-2.595025643645583e-14,1.259292325549964e-14,-2.1000597486622859e-16,0.0,0,0.0,0.0,0.004357176858116289,0.0,0,0.0,0.0,0.004357176858116289,0.0,0.0
MAR01449,557,-2.602346823968769e-14,1.3121702296988288e-14,-2.107054617756013e-16,0.0,0,0.0,0.0,0.004497603075155535,0.0,0,0.0,0.0,0.004497603075155535,0.0,0.0
MAR01069,581,-2.6024697791695234e-14,1.2550426098505993e-14,-2.1084776602938698e-16,0.0,0,0.0,0.0,0.004312296689115291,0.0,0,0.0,0.0,0.004312296689115291,0.0,0.0
MAR12148,578,-2.6036842808648654e-14,1.2732563643740007e-14,-2.1101097806925317e-16,0.0,0,0.0,0.0,0.004334620605899285,0.0,0,0.0,0.0,0.004334620605899285,0.0,0.0
MAR12965,539,-2.615430032927716e-14,1.3489101029409983e-14,-2.1295502990927702e-16,0.0,0,0.0,0.0,0.004647382219459146,0.0,0,0.0,0.0,0.004647382219459146,0.0,0.0
MAR01119,543,-2.6589739209291412e-14,1.3291417088728437e-14,-2.1550765879254054e-16,0.0,0,0.0,0.0,0.004613242186326175,0.0,0,0.0,0.0,0.004613242186326175,0.0,0.0
MAR01173,536,-2.685745490018588e-14,1.3204840784555747e-14,-2.1771034806313154e-16,0.0,0,0.0,0.0,0.004673320699286043,0.0,0,0.0,0.0,0.004673320699286043,0.0,0.0
MAR06210,554,-2.701088450380453e-14,1.2900214279158462e-14,-2.179824792011061e-16,0.0,0,0.0,0.0,0.004521892203603858,0.0,0,0.0,0.0,0.004521892203603858,0.0,0.0
MAR01200,557,-2.7095022814263065e-14,1.3012388398854e-14,-2.1908772132864166e-16,0.0,0,0.0,0.0,0.004497603075155535,0.0,0,0.0,0.0,0.004497603075155535,0.0,0.0
MAR05093,576,-2.780491886116781e-14,2.3410771561332132e-14,-2.302193285418922e-16,0.0,0,0.0,0.0,0.004349632068826215,0.0,0,0.0,0.0,0.004349632068826215,0.0,0.0
MAR01366,556,-2.7808291241258598e-14,1.2939412656394202e-14,-2.24784211561329e-16,0.0,0,0.0,0.0,0.0045056704064922026,0.0,0,0.0,0.0,0.0045056704064922026,0.0,0.0
MAR05090,551,-2.8344336355729588e-14,2.4253437703400723e-14,-2.3507788590685187e-16,0.0,0,0.0,0.0,0.004546445100963565,0.0,0,0.0,0.0,0.004546445100963565,0.0,0.0
MAR01128,565,-2.892474853536691e-14,1.2793006777400485e-14,-2.3376374956986017e-16,0.0,0,0.0,0.0,0.004434089734923025,0.0,0,0.0,0.0,0.004434089734923025,0.0,0.0
MAR00605,564,-2.935398181420272e-14,1.5378631296845582e-14,-2.3483850375352755e-16,0.0,0,0.0,0.0,0.004441930629657058,0.0,0,0.0,0.0,0.004441930629657058,0.0,0.0
MAR05081,561,-3.7363655445495466e-14,2.6165431089028307e-14,-3.070714549968213e-16,0.0,0,0.0,0.0,0.004465620583537596,0.0,0,0.0,0.0,0.004465620583537596,0.0,0.0
MAR05083,566,-4.127675821871395e-14,2.5972673647654052e-14,-3.38354462569565e-16,0.0,0,0.0,0.0,0.0044262764728495866,0.0,0,0.0,0.0,0.0044262764728495866,0.0,0.0
