reaction_id,mean,std,min,p5,median,p95,max
MAR00003,0.0,0.0,0.0,0.0,0.0,0.0,0.0
MAR00004,0.0,0.0,0.0,0.0,0.0,0.0,0.0
MAR00005,0.0,0.0,0.0,0.0,0.0,0.0,0.0
MAR00009,0.0,0.0,0.0,0.0,0.0,0.0,0.0
MAR00010,0.0,0.0,0.0,0.0,0.0,0.0,0.0
MAR00011,0.0,0.0,0.0,0.0,0.0,0.0,0.0
MAR00014,0.0001888782915183017,3.354299504130514e-07,0.0001886519913949609,0.00018866258406795487,0.0001887721592445131,0.00018935797142761578,0.00019124688041672653
MAR00018,-5.492662770258759,122.06945692307784,-121.47106166253616,-98.68828377623696,-25.36846829147038,443.8473730532069,461.7902165544331
MAR00019,0.0,0.0,0.0,0.0,0.0,0.0,0.0
MAR00020,0.0,0.0,0.0,0.0,0.0,0.0,0.0
MAR00035,0.0,0.0,0.0,0.0,0.0,0.0,0.0
MAR00056,0.0,0.0,0.0,0.0,0.0,0.0,0.0
MAR00060,-173.8913674099147,239.26568626615463,-923.8022207830977,-905.9404945842277,-161.2522283214724,255.47377078466494,348.8997156718431
MAR00061,-169.32331320528596,100.06160342062684,-510.44143158691605,-490.38106310739425,-148.53546055323136,-75.71968040138397,-25.085315123656816
MAR00064,-260.056512417927,261.42882019472063,-945.0390043658299,-904.6559474532057,-184.7474407286459,67.36760604333234,196.50514981592266
MAR00067,226.6555476075895,74.62828694052024,32.700874987744186,35.77038930834559,246.89524998879614,317.29156253316,430.4290636854479
MAR00075,2.3975168582807425,3.725312254093593,-0.00337899010180227,0.0413659990166293,0.9282846495236527,12.398471944927493,34.94683842274774
MAR00076,76.18719210209193,377.79140115887844,-898.1759172110571,-854.7658971697426,149.81759867941065,527.9442239432402,909.5682068048617
MAR00077,-6.387330784370585,3.924663459792916,-16.0270174201989,-13.758157011032937,-5.325810033298913,-1.1097005323285465,-0.4024421150026429
MAR00078,302.94648816116364,305.5991047661092,-406.57576048629244,-340.890782248092,273.6104369420553,970.5374486620717,996.5558155895623
MAR00083,0.0,0.0,0.0,0.0,0.0,0.0,0.0
MAR00084,2.7603389122106684e-13,2.495718050669266e-13,-3.190549893475059e-14,-1.7573843893404814e-14,1.7354432718481322e-13,7.748023064326175e-13,7.921942179938936e-13
MAR00085,10.1471175463704,22.128990717893153,0.015237045503538774,0.25962434914933263,2.658415029443221,77.46625086527375,90.30398138265829
MAR00089,211.3688504393733,82.72229796654075,22.616810110431846,33.306969571308294,213.1240260836999,337.59129225329394,463.14012278544925
MAR00090,-218.3978898137649,138.03931120042458,-627.7282430546543,-549.295482590628,-190.80376852346677,-23.904852390354918,286.7069014468932
MAR00095,0.00465706239575414,8.270501580267033e-06,0.0046514826449734125,0.004651743822362625,0.004654445553885972,0.004668889584838399,0.004715463317327438
MAR00099,-350.1465686242422,188.75110702139065,-946.46700876852,-909.2118199224075,-325.8106247890264,-119.94020435228447,-38.21154013371222
MAR00102,141.45569439659323,278.868029956408,-230.01008023755878,-175.80769869397994,108.5077851157892,899.697694487056,928.7408124293535
MAR00104,75.79808600520529,39.853469005352416,0.2716310372782062,4.451308393074032,73.56788962916252,126.2976056939014,467.3338229606438
MAR00105,-2.3325625398655103,144.84210691532388,-292.08684034443456,-212.24466492946826,-13.891275147135786,320.10592202008746,450.5140474248054
MAR00106,350.17055253100233,282.98018010090965,-831.2433748745373,68.96186112798048,340.2430971431272,900.1744289857113,911.5630095065719
MAR00107,88.68877614110562,379.22081879103615,-898.0724744699651,-854.410222087892,143.98076558477754,553.3985812947774,917.2449676938187
MAR00108,517.4130522258123,181.4538596007992,3.915547368273576,21.2840878599302,535.6157000758072,770.3334954534738,798.6884347067185
MAR00109,288.0350637934382,108.8519974236159,3.681388907438962,18.179795776297343,337.0904475334837,397.5462691280333,452.8245270994272
MAR00110,-315.29306921737754,279.32384072593976,-988.1632823758404,-956.2928436173223,-267.1574477865021,265.6458949346418,363.50949171721425
MAR00111,122.08227397382568,389.93010487924647,-898.0148850098686,-854.928718880368,187.1214125071304,604.4882312113289,920.243334167491
MAR00112,-116.86132284357468,119.42149688857975,-887.1201943366867,-182.49023133113323,-103.66764188727919,-4.985092114350673,3.842651760492032
MAR00123,-154.78361841736162,275.489844964054,-584.7706849290944,-548.9380649549453,-112.20516792829865,188.00605007355585,865.3305669222345
MAR00142,30.662346534490105,28.738896354887007,0.031572450230063456,0.5055595949582009,24.614560644484268,100.37129735745208,130.32801909404327
MAR00143,464.2344240907924,193.7752267967234,193.22961728499675,259.3569451475737,388.5971713115227,946.880318309243,982.8436417830292
MAR00144,5.449160655613546,4.3527383213447175,0.02156164415599963,0.5675607977609242,4.435472120794121,13.359035539468843,26.813666662430464
MAR00145,0.8969067394798164,0.8911596085562085,0.0014653731426633504,0.020580441025393928,0.5361140343533011,2.867873288177438,3.2044610362474235
MAR00146,219.9930755855158,199.01048711613228,9.311968317488027,38.14635830542237,165.1025293765475,747.3507297952925,780.3509318082664
MAR00147,4.250212739102163,3.9874752822273916,0.014699693424033102,0.11058349228505887,2.7149754105012924,12.003741276994868,13.454111231082846
MAR00148,180.09224503803497,145.5040173719423,1.4122348089071899,13.073025297967002,153.32613557092037,493.46241598195616,553.3370790230566
MAR00149,33.62707784292879,89.54829698883526,0.016772500293854964,1.1033733098431648,10.594409712424902,376.6868216947108,394.3896064001283
MAR00150,5.293219366592326,4.307141016070236,0.06327952740642842,0.40195687353302545,3.506728231683949,13.876345240585069,15.159895135783467
MAR00151,25.882756274661066,28.188608453782912,0.0788025116078583,2.091995409300019,17.57101087339835,80.61014572248205,259.8782901951216
MAR00152,4.814738404495812,3.854412409352469,0.016460617098116786,0.18344078242560607,3.9243630879930445,12.540232694121134,17.96830592867842
MAR00155,1.4087805341575923,1.3497289467720026,0.003073442621164168,0.03336188535978577,1.1466753689178713,4.713611265079849,6.850955876511638
MAR00156,1.4087805341575927,1.3497289467720026,0.0030734426211641583,0.03336188535978649,1.1466753689178728,4.713611265079849,6.850955876511639
MAR00159,-416.98504383693967,177.98064345797448,-714.6950126188667,-683.1861814945067,-421.0261598310491,-13.349554902270016,-1.4368760514634005
MAR00161,-6.566521681954169,12.08799441762872,-44.273441885638995,-24.2740098875518,-7.082126373773658,20.448876102295813,34.62334450915536
MAR00162,0.0,0.0,0.0,0.0,0.0,0.0,0.0
MAR00164,1.5220585398131758,1.4698641531369037,0.00046216834104190175,0.04632184005931388,1.0284210838634622,4.799444556601652,6.6040143662062425
MAR00165,1.522058539813177,1.4698641531369034,0.0004621683410419245,0.04632184005931807,1.0284210838634644,4.799444556601658,6.60401436620624
MAR00166,1.5220585398131847,1.4698641531369059,0.0004621683410419694,0.0463218400593205,1.0284210838634826,4.799444556601673,6.6040143662062665
MAR00167,0.0,0.0,0.0,0.0,0.0,0.0,0.0
MAR00168,0.0,0.0,0.0,0.0,0.0,0.0,0.0
MAR00170,1.786199609616958,1.440789233253867,0.004815529310627658,0.09492345460387208,1.2987565558700036,4.410062152082922,5.454661248800304
MAR00171,1.7861996096169575,1.4407892332538672,0.004815529310627658,0.09492345460387208,1.2987565558700034,4.410062152082922,5.454661248800304
MAR00172,1.7861996096169566,1.4407892332538665,0.004815529310627696,0.09492345460387208,1.2987565558700032,4.410062152082922,5.454661248800304
MAR00173,0.0,0.0,0.0,0.0,0.0,0.0,0.0
MAR00174,0.0,0.0,0.0,0.0,0.0,0.0,0.0
MAR00176,0.0,0.0,0.0,0.0,0.0,0.0,0.0
MAR00177,0.0,0.0,0.0,0.0,0.0,0.0,0.0
MAR00179,0.0,0.0,0.0,0.0,0.0,0.0,0.0
MAR00180,0.0,0.0,0.0,0.0,0.0,0.0,0.0
MAR00182,0.0,0.0,0.0,0.0,0.0,0.0,0.0
MAR00183,0.0,0.0,0.0,0.0,0.0,0.0,0.0
MAR00184,0.0,0.0,0.0,0.0,0.0,0.0,0.0
MAR00187,2.730818617188641,2.4548367883062365,0.025388145799451985,0.12592063343588206,2.0388470898400115,7.3396471634867515,8.30159591446617
MAR00188,5.789392033664623,4.857068108104557,0.0028479273760498415,0.07414699484643213,5.322308172969043,15.698717438329716,17.173500687668046
MAR00189,1.676726494974865,2.2484622303238977,0.018706557824402562,0.024064218473757497,0.2606092348101295,5.935217238809045,5.959047218171546
MAR00191,3.0709494327305618,2.543892072233797,0.003267275747684669,0.25431706298058354,2.1687983679810676,8.03793264801892,9.548850296837628
MAR00192,6.881201853793326,3.852721163883322,0.014094230747593677,0.11464736302068822,6.739264341349963,12.916074135255233,15.744662756318748
MAR00193,2.940517357194928,2.033854753266785,0.0208585412334002,0.022501464053768808,3.3503542151954933,6.533115729108648,7.189929386944463
MAR00195,81.18457763558665,38.510666656703805,0.3617902529741403,3.565622561013372,85.17946466921796,140.00744196173864,215.21903979284343
MAR00196,2.7094160703332584,2.936008081080969,0.0015672059855384776,0.03810417429240873,1.7528356068572197,8.814196609217058,13.628674382220183
MAR00197,45.474590621102365,25.024599210847732,0.5049215220350425,1.05353733312072,48.176484396732796,74.76150752940366,266.6724659118788
MAR00199,3.2377548117900976,2.2682805777308905,0.010469365407365084,0.2461140956095966,3.176752277128771,7.524734511199234,9.197536638503522
MAR00200,5.841578242500628,10.828035273517466,0.0001001613625303809,0.03627571512438336,3.923799068005608,9.6453344739548,149.17178453373165
MAR00201,2.9568027130109718,11.085548444054226,0.0011111109042907727,0.007225484516437755,0.5470728303994565,6.765149934230123,148.7020527242693
MAR00203,1.7664133992813726,1.2140634589109576,0.001857214958479824,0.08498446168911447,1.7940807872964974,4.043236980045254,5.653594221800276
MAR00204,3.1508817526071793,2.237393313743333,0.0033803428964960837,0.1771837844571553,2.942840304448898,6.483152958615027,11.4670655235597
MAR00206,1.7374476356266118,1.7462093865810853,0.006847733422666881,0.20851712550363896,0.8783998255577521,6.1194609164036615,6.257030911357198
MAR00208,0.9923357941111047,0.6522544349387033,0.04654411025206358,0.2810199629025841,0.8687402736541501,2.4905339698348867,3.355181723471636
MAR00209,3.147451853906415,2.0278631527307547,0.004462494347488466,0.033090498550536855,3.3266578111896283,6.736391928641274,9.587271143336709
MAR00210,2.508095342095742,1.633885931592842,0.0007520335225681511,0.016211962313861815,2.3051487319968214,4.555692614658759,7.196982250997425
MAR00212,1.1803617534048068,1.3432313064221095,0.00038450100213521945,0.03370982582076375,0.6770452021423328,4.549996518560789,6.321120207677276
MAR00213,3.1719133676135334,1.951680719566432,0.00310821978325702,0.02456577900071323,2.891084282974372,6.860486503310309,8.954052221413317
MAR00214,1.0131016736873497,0.5761339994849811,0.01636813680115317,0.024423696754251177,0.9661212181957053,2.011979463534994,3.3010374486827527
MAR00216,125.39721330871286,33.4587494910736,38.32693067747183,68.55696952300002,123.64940436961005,178.6101590213772,195.26141077741863
MAR00217,3.577906192683946,2.9452131084538147,0.005072699088522316,0.13994506306697627,2.949413064910145,9.21818309719437,12.169944595847564
MAR00219,-553.0422632906954,153.33741658071466,-956.4510322781513,-939.2541540232506,-558.1355987027237,-351.37345160241256,-65.46417050333116
MAR00220,10.147117546370668,22.12899071789319,0.015237045503538686,0.2596243491493334,2.6584150294435016,77.46625086527425,90.30398138265835
MAR00221,2.009524439643758,2.3231035984476853,0.0007268571002661322,0.06188404216884514,1.4685114836949382,4.922086194575851,21.551815005686308
MAR00222,126.93502877598335,103.28901616301566,16.62356291463154,42.16468697333276,107.15256217377717,483.50968472366816,497.60739763378956
MAR00223,127.6912901813166,57.63160278655574,51.13341684625873,53.06343671761592,122.49584937912985,227.1019343293581,349.78990044838525
MAR00225,9.82901570438026,3.479340313767684,1.3195119016166423,6.6332038510281395,9.190832744578273,20.527481520400745,20.91467208111475
MAR00226,0.6546507692925664,0.8706343975231254,0.0018910229707965844,0.017050903142184923,0.45545283446498924,1.5594871901958545,9.321321039167321
MAR00227,173.8957345156182,92.2783798799746,22.609035084156883,77.35200388200234,164.20753877878641,484.1679722563691,497.8457509432941
MAR00229,0.0,0.0,0.0,0.0,0.0,0.0,0.0
MAR00230,12.345684310593395,4.441731585516113,0.9076940588404386,1.203511869737434,12.511639871920892,17.982032974024804,26.6908444365193
MAR00232,1.8688621269231627,1.5715003176930245,0.009250799334548946,0.17695576100982832,1.281643984170028,4.348089141985229,7.463570328150774
MAR00233,3.3603736821167267,2.2691671555218744,0.0032617980328828633,0.03789650823710628,2.9012214861320658,7.767770294037385,9.744779550832238
MAR00234,1.8444908374939277,1.5892127648416563,0.012553675797187342,0.023551168852210036,1.437472496139862,3.5855574744452556,8.34044272282564
MAR00236,1.3245580206958951,1.0922028477719459,0.01995498715325307,0.1855924602596035,0.9707964638420897,3.202787344317473,5.7804227863774456
MAR00237,2.3277104004656186,1.4029779832384122,0.012814489811879517,0.09148616560218915,2.3830393530367813,4.434754169344586,7.911941196950594
MAR00238,0.8718176962538321,0.8256829845748717,0.0106896397498085,0.01968625681571706,0.3536721828553756,2.5843073216042516,2.617162666437272
MAR00240,0.09891662801798194,0.07201244683167066,0.03655341810762296,0.04497608156224637,0.08430118760076787,0.3648521511985517,0.37813054711078375
MAR00241,1.503303165805084,1.1899481685001734,0.0075128677206844656,0.031634621743599815,1.2432752808040886,4.14117694814788,4.851722044273046
MAR00242,1.7573658200874833,1.2045108168683851,0.027892979089020668,0.06079738336972163,1.5164637164316055,4.333047049691601,5.056721794288556
MAR00244,0.09775547908718156,0.07280747370229074,0.027972746947624087,0.03938106399522829,0.0841732947778859,0.3647671500504647,0.37811703281457476
MAR00245,0.7295949422174642,0.7304849502396261,0.001674900614936115,0.002324861039293139,0.4024785746439068,1.576356803002768,3.4540529866674645
MAR00246,0.9848187454306865,0.7565812832659907,0.02205153437515236,0.03150428689870871,0.739549159261264,1.8657940406080458,3.727788982708243
MAR00248,26.52128333153631,13.316022876408585,2.142108209293422,5.40170908271466,24.33249093850978,49.93580902211639,55.45797674349023
MAR00249,2.7647704135059725,3.757411509111499,0.00017246320490505937,0.01554025043215128,1.3216303558347473,10.771920280313303,18.08246704403392
MAR00250,98.06631021744747,20.42589379513981,43.44606227797482,59.26704328780506,99.87947559068654,140.2726795240417,143.93246046360795
MAR00252,134.94642544520937,94.00593471627914,-540.3623870710082,5.6914898181327755,147.88006070421284,277.1429070719733,330.97652256917524
MAR00254,1.3479727458140693,1.0091299590695482,0.0036801549235990394,0.12144666705499209,0.9973845801478619,3.4070299282515797,4.014417201937026
MAR00255,2.7204335367502828,1.9016513507417039,0.004823729542195428,0.165601586191337,2.6029703892265204,6.216373718847741,6.934063607967821
MAR00256,1.725440073236466,1.6046794566485323,0.004461645430917555,0.20169869434583224,0.8993577074042696,5.8381510911086085,5.922983734056015
MAR00258,5.976090064472745,2.052240358232143,0.07365237298342998,0.38918266344461716,6.319494083345412,8.222042988779616,9.028131451974549
MAR00259,0.8091784408181332,0.6805482732768487,0.0003023393876388208,0.01727286791695396,0.6542435424212288,2.3440884383136718,3.082248617802091
MAR00260,16.89429352011983,2.970417450415164,8.540665502587874,11.965647247811303,16.554229142886314,24.282235658384955,24.84242229801012
MAR00262,30.002329999821594,12.903019726746523,0.2585750663182843,1.9071114316907671,28.819102066347366,52.348429432545686,81.9627556150723
MAR00263,2.0749750260055184,3.4784358732951364,0.00032013752700223223,0.06988123807082557,1.0613213353860274,6.820691825338007,20.6776966933036
MAR00264,108.41089281471787,21.071932103346878,55.958164756518165,70.42626151876334,106.81775345972838,150.3312690974748,153.582741699456
MAR00266,1.481671659847593,1.141947287508806,0.0011954831067537879,0.007721047581831042,1.2993287150312578,3.685497430742123,4.9099265220188695
MAR00267,0.9304677374703261,0.7463089837268655,0.001800045479437754,0.01755810799817947,0.8370815360366296,2.3755338844260785,2.7517535529226307
MAR00268,2.437610278777144,1.5121773769910756,0.061697160926440654,0.39784826287991876,2.4028549881086096,4.972894124883212,6.120738758784807
MAR00270,0.961385077227553,0.8238079852465007,0.002847828500474399,0.047204303029860166,0.8523250365963546,3.0174666182708387,3.3707383665488524
MAR00271,1.2507917088031077,1.3061752871192391,0.0005262681798432874,0.020296214859740622,0.744507569259219,3.7710132330840525,5.440540051607109
MAR00272,0.642385913875898,0.9163011106216323,0.00024071809247189332,0.015548593535813157,0.34559367076206166,3.4849754507622803,3.603912235023321
MAR00274,0.0,0.0,0.0,0.0,0.0,0.0,0.0
MAR00275,1.8622055557162749,1.7794577399159737,0.0010455367418905083,0.003986257954981642,0.8513522725707523,4.469173195961464,4.6477345271451584
MAR00276,2.2151848380166737,1.7897354129688765,0.2763951116019701,0.3625206875591589,1.2105859622241926,4.840397570084974,4.999020893513082
MAR00278,0.6222426714634994,0.5635180261624707,0.08295218157040926,0.12767017374131276,0.45344677212024986,1.7061293379158562,3.3678672725260483
MAR00279,1.26041593475052,0.9609829393943443,0.00488644635852683,0.13329377412354235,1.0210357840226454,2.7848921081518134,5.163020343758206
MAR00280,0.9911525455874173,0.8219080215556284,0.02057568171274085,0.04044154555777679,0.750208857478754,2.352903044547617,2.4039905262152867
MAR00282,2.532999612494901,3.767680563339795,0.09582459553327595,0.16089831336173543,1.077251376559309,12.768889034640157,34.998247011719194
MAR00283,2.7544356612494574,3.704466514510065,0.007162743582549898,0.06978755184051771,1.4747729427311054,12.646130773809478,35.06389812089755
MAR00284,0.5744153310549346,0.7050904726907036,0.0005085819554350324,0.008314404117230532,0.34637483648203016,2.6657729674243167,2.690793002878165
MAR00286,299.9252421702287,306.21542996711895,-397.1797598278759,-329.48454817856344,292.5843412041057,971.1044273082309,996.9474433125876
MAR00288,1.1643019778862935,0.952553648494452,0.0038489252878584966,0.018418145146964948,1.0101941989312735,3.035990259951737,3.2739658089510115
MAR00289,1.7929990689113133,1.3725137352994168,0.003460323737172198,0.059086327947877014,1.850951355271092,4.654807797339907,5.717411094421406
MAR00290,0.981676373325411,1.1467651838073465,0.0021738864195822343,0.014729854284686017,0.7562263070072148,4.137135836315642,4.310575359013322
MAR00292,1.120007978027068,1.1274153240287208,0.007027244829781249,0.025381274989410355,0.9307447192095403,3.79627309884655,4.037154723112486
MAR00293,2.3089852449043966,1.7623546388692364,0.0056673868842056436,0.020890888020794994,1.9108415743883576,5.954966582618218,6.589301037240324
MAR00294,0.8947747936725188,0.7148220340980955,0.09540534379176697,0.10796815597077253,0.8391954372127892,2.179127629705897,2.2294466319544486
MAR00296,0.7388414488619897,0.7134236047628362,0.0008757718936132299,0.015593828231164767,0.5779253007869052,2.231040613485158,3.1122210687201433
MAR00297,1.942385803022039,1.3983329816218797,0.004555454252111728,0.0387523607362201,1.8291940804837872,3.9959900484023865,5.366930338414016
MAR00298,1.556523636460455,1.2337291711482286,0.24287635511905595,0.2926390089683637,1.3777850784345118,3.9082380331045647,3.9456375444779312
MAR00300,0.709392911552461,0.6262534086341285,0.0064888866618818975,0.017449090345483753,0.5999358947335669,1.9983978996377594,2.5081787338754866
MAR00301,1.8704863783986438,1.0376321879418033,0.011239548503534766,0.021576885895713147,1.8607469434125024,3.588625345069126,4.512949739139817
MAR00302,1.5140727491465795,0.5997791193628382,0.25896447065178413,0.35742631514965856,1.562076349034844,2.421644746863285,2.576746464633641
MAR00304,0.9737442422120232,0.7843834147978018,0.00021487462629194475,0.0029358148016148935,0.9034807061997009,2.3757206947724647,3.0174877856505984
MAR00305,1.4669033981081399,1.1131573319911894,0.00030900112598870573,0.0024074190275432047,1.2643939305087524,3.651103761825039,4.615075684604672
MAR00306,0.846138438196517,0.8797621464960205,0.000790735219757786,0.017516113805472206,0.39920392914438885,2.828367140800663,3.645022826019799
MAR00308,1.2136827991385153,1.051782949617193,0.06491827712261743,0.15732753055645365,0.8222258456439339,3.1477625820627497,6.199800098338579
MAR00309,1.3902065295662285,1.2134053796149635,0.003677680006777815,0.05618841717594945,1.0881652779771027,3.5783603369824197,7.434452306596034
MAR00310,0.5295030127281011,0.4747128791886768,0.0007986206074722013,0.006098718254580698,0.3928986714225059,1.5994346821431569,1.634421701434483
MAR00312,0.13548275421412714,0.06797309572856886,0.05140858897133788,0.06768774626106386,0.13005605120243313,0.3709498723072696,0.3840069834975888
MAR00313,1.2546796089796795,0.7807217954887825,0.0054097301384016016,0.008157699583981293,1.1961207281727702,2.7556866234027235,4.070373178913438
MAR00314,1.4721761370659592,0.8223587073442825,0.020114846506104393,0.0312344541656686,1.4162709994283769,3.072388951947187,4.312052262654599
MAR00315,274.04143332755746,274.4912468535523,-111.78101895089543,-44.295194652915164,179.15128764378068,947.5272245530412,986.031836870428
MAR00318,1.524705899381773,1.2730329238224651,0.004970324088710139,0.03859845879889752,1.1982065365273291,3.982144405271435,4.522319821442582
MAR00319,2.467848683406939,1.567023264763023,0.005208244533317284,0.019182022556273104,2.5203979052066576,5.057385816044592,6.2061962103999395
MAR00320,1.2961220663255568,0.8576308352189017,0.14174138668524583,0.2341088524059923,1.0551090780522552,2.608898339034073,2.712015847264113
MAR00322,1.2923227365094923,2.427981980745296,0.0778397644671329,0.1543746225981915,0.4304034041523317,7.98111981656424,11.995126399649802
MAR00323,3.8447695906479815,5.2106411565756225,0.002525337987492529,0.037007628317369735,1.8925640801263803,17.48742359056511,23.189400280870306
MAR00324,2.905426136438831,3.236884361447865,0.004191214337541197,0.02759520413202618,1.4704342747262689,9.944421180807705,11.579492167979446
MAR00326,0.13548275421412778,0.0679730957285689,0.05140858897133788,0.06768774626106472,0.13005605120243305,0.3709498723072696,0.3840069834975888
MAR00327,1.3170917645136029,0.90072211064778,0.007636084883064487,0.040023549244298684,1.500227377321609,2.5965191120644513,3.2881811306959747
MAR00328,1.534588292599869,0.9343468771671954,0.022827678929428885,0.06260157242084043,1.6820103576131253,2.8031525028923676,3.526344355777175
MAR00330,0.12933181326589677,0.06833568763883918,0.04939176507808721,0.065310805528988,0.12137241986798566,0.3709457534828955,0.3839929210515515
MAR00331,1.3159731167325663,1.482082316903962,0.011718404063655784,0.03258039668395553,0.5691110405764302,4.491065720401821,4.788370894363269
MAR00332,1.5396205857670733,1.4930304803121976,0.03454716100522044,0.2244530726450945,0.8105432808632742,4.729401281175492,5.025963115869265
MAR00336,2.0935621632204664,1.552894608447402,0.009671355403743106,0.02111608011230987,1.9394645475287815,4.6726851449154365,5.676972848499473
MAR00337,2.7936633406660887,1.705671985093086,0.004348451654497739,0.00904394454311117,2.6350093342012473,5.713370950556206,6.691727273266479
MAR00338,0.83912831918537,0.4826128538651271,0.12863506390234258,0.21240801526236547,0.771220506091481,1.687044432599037,2.5918265392325557
MAR00340,3.8242947259725564,4.5557827161634314,0.3826155635808499,0.6762683826199792,2.3693888194778285,19.84340465297728,20.76833986028705
MAR00341,4.118045509094878,4.471983479265088,0.43967650387885276,0.8577029827981959,2.634549766325205,19.45604190842287,20.372158920751776
MAR00342,0.6467300654226958,0.599124078732755,2.8799662849096283e-05,0.003741588279797128,0.39435076422235205,1.851225477171628,1.9072542344111196
MAR00344,1.511798579966632,1.5098873641877235,0.0038837567894176007,0.030753953294301993,0.7814704542014483,4.650184117870604,5.203908507168233
MAR00345,2.307595816471102,1.9515763228879108,3.0412604396310977e-05,0.019512594399784436,1.8963204180772055,5.39649186040623,7.0573760677379145
MAR00346,1.1487765188048689,1.3147676630207445,0.026425755500808674,0.21387393927938833,0.43061604503660245,4.515096806003454,4.573070054039182
MAR00348,4.032970589063919,1.45602078410399,1.517071796811254,2.191424255417102,3.722885002310556,7.860598710252044,8.09563059384909
MAR00349,1.0497040715947827,0.809769615456918,0.0046010234859072754,0.08202966606264324,0.9354595194116108,2.62357580178843,3.382289313351172
MAR00350,4.429298410839261,1.4952221059559478,0.3493445301155997,0.5442082081437131,4.736910707092925,6.296446749662687,6.5783933025718095
MAR00352,1.1964652427796787,0.7350284380899844,0.007684157717802278,0.16319402298871666,1.0572441093623866,2.399847074814336,2.796561296850322
MAR00353,1.5683622642862738,1.2653064577294477,0.015209916736443741,0.05921894805258424,1.254810345093686,4.040440519721238,5.572729428886425
MAR00354,2.578017535884018,1.3010577597514514,0.12782940801107792,0.17476660623625576,2.5657941625528498,4.578086513448445,5.432776711720051
MAR00356,12.674290544155319,4.638343552080129,3.219068431718059,5.903879593399713,11.531187461880425,20.55833290196391,25.53978605451519
MAR00357,5.375568661816807,4.813145408343253,1.8135662727618404e-06,0.12428153865225665,3.561156404442806,15.239931080035687,19.65126664835272
MAR00358,2.849432483798048,2.07178928988916,0.003298130290208795,0.08318467363035018,3.0664863235829585,6.4307143083427,7.707544865476389
MAR00360,6.038742684937588,2.590177016601508,0.2132827635162041,2.4454569189468276,5.885397967136535,11.302989777616716,11.63710799843061
MAR00361,1.8091949717529596,1.923971674732773,0.007209742296278268,0.10000859930886849,1.1645319766058013,5.8327887666876235,10.129811170642249
MAR00362,6.006851473527122,2.309991328032289,0.11076388388606939,0.329282699924629,6.073206848544746,9.570358453174677,10.776302900255633
MAR00364,3.842537310902848,1.393100344288773,1.5489451492166408,2.052255078856271,3.5839915257693447,6.344963930062311,7.587139687500854
MAR00365,1.6429984725890086,1.2860195733248276,0.015322546344559615,0.12009275828572644,1.47306849900857,4.34481988883907,6.029636504875532
MAR00366,3.00690557561705,1.3651928852324975,0.058725265947114504,0.2249692543012774,2.897792837642734,5.186571361373098,6.475394779734196
MAR00368,0.7061577833353575,0.6456719587745479,0.06236264981996409,0.09199571378967364,0.4044169442571595,1.8777193400494798,3.122838139161672
MAR00369,1.0815289485670905,0.8505876351902854,0.0002587776193967005,0.007708582566765393,0.9351004845129849,2.7936247335106654,3.442613890050259
MAR00370,0.7283504475321615,0.7423537648002787,0.00243089215816934,0.008794616666533368,0.4480122482488569,2.2523127156810148,2.504048884808362
MAR00372,0.9077477877636841,0.7194961556566182,0.00019846040647172078,0.02183142817750034,0.7690979085042986,2.361666989128801,3.2319842804965377
MAR00373,1.3915828397103438,1.0131915823854019,9.896478191213946e-06,0.04197342769683806,1.1297285382670363,3.3201523382750637,4.914589241988573
MAR00374,0.8368143342470705,0.7051951631866102,0.0023125985600660607,0.008360010256705224,0.6455713022112135,2.7403925611455455,2.777942101236136
MAR00376,11.75606903192467,5.2270332035328835,4.188562241181452,5.051500994067255,11.987517916274147,25.925768467204936,26.7272908940899
MAR00377,1.807786695902209,1.3973969511392035,0.002712198151867714,0.13435032168150837,1.4185623549801467,4.327916518878554,4.967668681460869
MAR00378,14.583777783855352,5.681219456731946,1.3790591971859536,1.8974699322226287,13.29728003505696,25.87754243205527,26.78764658979468
MAR00380,1.2873971365759962,0.9674152251114436,0.06997460140012265,0.19992282353162388,1.022648299932094,3.0063356441784177,3.627164122860822
MAR00381,1.15618292752185,0.9520479157020206,0.001465940920291152,0.0717667101300402,0.8247109064149072,3.00236500375368,3.3892369870653902
MAR00382,0.22176507324625044,0.2616348748107654,0.00034789925805891076,0.00901343610316979,0.11101454827152053,0.78312697704997,1.4154599287431633
MAR00384,0.8889687426661187,0.7909702853187875,0.08083685464342558,0.16290342931731158,0.5164866346789474,2.86907944947591,3.7932860924687604
MAR00385,3.1349542327901085,2.4449398379123233,0.010347149880600714,0.08179021016650069,2.5835142530677992,7.609965260312609,8.542901348966986
MAR00386,2.5989647724243823,1.875388958882767,0.02387250401994785,0.028248150641170852,2.5700333064478347,5.245112202862656,5.683817252904039
MAR00388,3.409935838092936,3.1004869730372975,0.03182366684025938,0.3057441437622611,2.405455585965157,9.585343286964452,11.754395919015511
MAR00389,4.386713594658178,3.5698944798101797,0.05451093208720705,0.28144273391256913,3.2453156371099903,11.613376774579548,14.006748623738492
MAR00390,1.329757038865646,1.2193085426133066,0.0061211463578007,0.010745983031186755,0.9841174689242718,3.7921048207155614,4.919782237855433
MAR00392,0.13548275421412792,0.06797309572856897,0.05140858897133788,0.06768774626106407,0.13005605120243202,0.3709498723072696,0.3840069834975888
MAR00393,1.2837974062731263,0.987156877949733,0.0004012646079983943,0.008795119526151893,1.191637597111573,3.206787837431762,3.8497936459038984
MAR00394,1.5012939343594034,0.9978450673765125,0.023210703415195585,0.03098764306210749,1.416842293802869,3.4434555682972396,4.087127674952142
MAR00396,81.53148783020562,30.118259160135715,33.053617084486746,48.99436852375154,79.62242519010289,179.41098195600762,184.42847354328293
MAR00397,3.707530248807717,3.8509932225513626,0.008171645872699492,0.14448234389403505,2.520853600908018,10.34410531902568,23.96168853960979
MAR00398,91.1648738199145,28.68966837278364,9.09231754835709,12.001816510282643,91.83198367200902,136.33120998461263,141.12683401664324
MAR00400,1.47622675780882,1.2543573954701066,0.005690885600035731,0.09822331224409674,1.1973245486137678,3.625719964950483,7.73856979495433
MAR00401,1.854416191363341,1.6424550868272836,0.005384842332215461,0.06858747954585531,1.4367890005430621,4.984052109302649,8.157641103207892
MAR00402,2.9372892302301117,1.4745218519625332,0.14245349232116108,0.2109317560726915,3.1679649110272274,4.895981229304595,5.0893834905084585
MAR00404,11.287349645847513,3.6588543926871093,3.900186374552637,5.937403063145978,10.943025283809899,20.126599844401056,20.761788424755068
MAR00405,7.485063700759107,5.838590483204033,0.28123733390703426,0.47982107389122414,5.339397042145904,17.601821426880036,20.31978112860722
MAR00406,15.17035047855799,6.59198891099913,1.0740006665023039,1.390667581365166,15.922892429802026,25.796390667097462,26.450224918390212
MAR00408,111.4302271331544,134.5394443857068,0.5843088314034368,8.995835987669322,80.51875155391053,306.6595824174725,878.6970869378142
MAR00409,2.147779001949202,2.2762746429704563,0.0016027770021167028,0.047527831411247556,1.5317326856881264,6.761727019575943,13.791876195427243
MAR00410,69.09278635430147,20.122242708202993,5.617826437890017,8.62902692786444,73.4564884799107,93.21746183754749,95.66502806878526
MAR00412,3.425644007345315,2.3560056123882624,0.2912798041258121,0.6348246920279597,2.538532392185966,8.149432328858751,10.181640246656162
MAR00413,3.612289642560023,2.821603983016469,0.055263954696343195,0.2535524128958599,2.8488401742471017,8.896797028923935,10.868577236523027
MAR00414,1.4220731232661101,0.9660598815433667,0.011456558002685732,0.09167252822566353,1.4350499333166802,2.679691215471397,3.6901061189081603
MAR00416,1.8833684337777181,1.4097397127008502,0.003636396990449058,0.12803638340606338,1.7234273255193666,4.000328063170081,7.819828220504915
MAR00417,2.2229958806498935,1.447018036580966,0.028207010500778923,0.2368996249416708,1.9751585726124492,4.895477800727799,7.512438351748498
MAR00418,0.6926067291725639,0.738283124593106,0.004969131634114172,0.011273370754292312,0.5156855009798785,2.1739508549006246,3.2920031653870496
MAR00420,3.325695865510638,3.3666404902465934,0.08035650137211958,0.2766401224343826,1.6635941498646758,10.48693538994693,15.004318121724323
MAR00421,3.3174959595098064,3.536385617938317,0.0010569456926957277,0.04005011522852943,1.6605595905342199,11.01281813142377,14.740224070661842
MAR00422,0.3447793762995611,0.4438088968185094,0.0006025046775815817,0.0227532927692637,0.19933577940350206,0.9221265928053483,2.637421279629397
MAR00424,1.2870861650342553,0.6457444094214058,0.4883815952277489,0.6430335894801352,1.235532486423201,3.5240237869190603,3.6480663432270894
MAR00425,1.5424591206366536,0.9565523209832416,0.04215662160323698,0.06141008138463302,1.7152487385206459,3.255544053985428,3.6662398764508257
MAR00426,3.608676137456166,1.327118256350082,0.1894379676311577,0.30713624863412825,4.006551834483831,5.503475949212126,5.817325523477346
MAR00428,0.8393034558893078,0.7556883508097587,0.06949374281794497,0.10300410633854429,0.5613444311019571,2.456091186250235,2.9222483247048157
MAR00429,1.5875372319905559,1.367028187873731,0.005881598898858099,0.0319130571244479,1.44875348173404,3.973468794656984,5.444466536220212
MAR00430,1.1012130584016404,0.8795536866133131,0.01609306999238823,0.031008046175593183,0.6869333698160066,2.670361126156391,3.898971038225465
MAR00432,1.6421359616337992,1.351727185480188,0.08680482709760651,0.15684807259432215,1.3332068521895017,4.4272910375607255,4.924344813388661
MAR00433,2.5786413246610946,2.0539325256685124,8.258882917989834e-05,0.026601486242980702,1.791282447535195,6.1864652468543255,6.9175332144030115
MAR00434,1.2894846453276783,0.9027130104422024,4.0257282742860216e-05,0.026814969271887215,1.0263657759672222,2.9988010715394093,3.058578293673293
MAR00436,0.5497759821008855,0.40454270497085604,0.0033310496082998957,0.08972019686046336,0.4520280421805464,1.3597720053986733,3.644006229777225
MAR00437,1.9222898437066969,1.4720806396676371,0.001693953953153327,0.006964821140292026,1.6509695917184013,4.865134235569407,6.186287065226327
MAR00438,1.72549314390626,1.4091236027303393,0.021302501682368993,0.033285904574755054,1.4467818472105796,4.807826542873391,5.266111327655507
MAR00440,0.0,0.0,0.0,0.0,0.0,0.0,0.0
MAR00443,450.1424178585177,172.4144016505865,49.99061381377755,67.62259933504909,482.2871392820447,651.828047795719,940.9615470804495
MAR00444,31.511072866179006,212.32945088320838,-465.93295076058246,-400.6529996283741,33.62691085014235,268.5467596214373,878.0394461981989
MAR00446,39.34659280071394,31.141423334854352,0.9197454943447145,2.6090086065881986,33.64236216229973,114.63035725457615,157.1252981167538
MAR00448,0.37740512114861396,0.07838547497526309,0.09362155126284415,0.2407844861051052,0.38754665380047376,0.4862034196285428,0.500425001253817
MAR00452,-100.38513833677447,141.37408471111013,-527.1268725037523,-482.7826866225539,-56.44632949346834,6.433076739757687,268.315706783016
MAR00453,7.80129184488245,16.046115638836522,-35.95193417449684,-14.77300572485438,5.234956790023432,33.13895809246159,96.98145340181861
MAR00455,66.37500319303561,55.69196246989135,0.06824956020419026,6.159353451190505,50.14737944183112,162.1070078457346,283.1662338655983
MAR00456,-2.2487544983267614e-16,7.652127219102464e-16,-2.352884801424191e-15,-2.341614284285552e-15,4.416482250101567e-18,7.351820283122938e-16,8.37641032045489e-16
MAR00458,38.96918767956432,31.15596389762777,0.4334618594028498,2.2534623741649495,33.232255398023696,114.23670760979442,156.85929779111055
MAR00459,38.969187679568115,31.15596389762748,0.4334618594028489,2.2534623741668875,33.2322553980273,114.23670760979631,156.85929779110984
MAR00460,38.96918767956421,31.15596389762784,0.4334618594028446,2.2534623741648385,33.23225539802344,114.23670760979448,156.8592977911105
MAR00465,208.28962482653003,280.09604379477713,-858.1063431855297,-55.45890416053907,179.29432276214857,892.6133650078415,921.507647340793
MAR00479,0.13268944744527053,0.07856229798285036,0.00931784109953386,0.023411593826825325,0.1224222174234478,0.26929626116782013,0.4162333319017998
MAR00566,-3.4256440073453525,2.3560056123882736,-10.181640246656174,-8.149432328858783,-2.5385323921859917,-0.6348246920279724,-0.2912798041258136
MAR00567,-2.5329996124949004,3.767680563339796,-34.998247011719194,-12.768889034640159,-1.0772513765593086,-0.16089831336173535,-0.09582459553327578
MAR00568,-610.0210663657459,133.82937070664795,-950.5487531778134,-820.3857087850542,-584.6195930852018,-363.0934555588512,-297.52704539041963
MAR00569,-791.4891139443739,138.69762776120854,-979.5268985361895,-978.1284825223889,-776.5751423885433,-523.5961479094328,-503.99938694318166
MAR00571,-3.8425373109028405,1.3931003442887704,-7.587139687500847,-6.344963930062302,-3.583991525769337,-2.05225507885626,-1.548945149216637
MAR00573,-11.75606903192467,5.227033203532884,-26.727290894089897,-25.925768467204936,-11.987517916274143,-5.051500994067255,-4.18856224118134
MAR00574,-30.662346534488126,28.738896354887228,-130.32801909404324,-100.37129735745162,-24.61456064448248,-0.5055595949581293,-0.03157245022835867
MAR00575,-1.2870861650342549,0.6457444094214059,-3.6480663432270894,-3.5240237869190607,-1.235532486423201,-0.6430335894801348,-0.4883815952277489
MAR00576,-11.287349645847515,3.65885439268711,-20.761788424755068,-20.126599844401056,-10.943025283809902,-5.9374030631459815,-3.900186374552637
MAR00577,-12.674290544155319,4.638343552080129,-25.53978605451519,-20.55833290196391,-11.531187461880425,-5.903879593399716,-3.219068431718059
MAR00578,1.0201891371870537,0.0018117592496872269,1.0189668213474692,1.019024035597134,1.0196158844761083,1.022780034367483,1.0329826067029484
MAR00579,0.5100945685938852,0.0009058796247798545,0.5094834106738312,0.5095120177991753,0.5098079422379567,0.5113900171837682,0.5164913033515286
MAR00580,0.5100945685938794,0.0009058796247788126,0.5094834106738274,0.5095120177991629,0.5098079422379533,0.5113900171837699,0.5164913033515127
MAR00581,0.5100945685938835,0.000905879624779503,0.5094834106738297,0.5095120177991712,0.5098079422379553,0.5113900171837693,0.516491303351523
MAR00583,-1.4816716598475927,1.141947287508806,-4.9099265220188695,-3.6854974307421267,-1.2993287150312576,-0.007721047581831033,-0.0011954831067540065
MAR00586,0.5100945685938837,0.0009058796247794549,0.50948341067383,0.5095120177991714,0.5098079422379557,0.5113900171837693,0.516491303351523
MAR00587,-0.5100945685938837,0.000905879624779448,-0.516491303351523,-0.5113900171837692,-0.5098079422379559,-0.5095120177991713,-0.5094834106738302
MAR00593,0.0,0.0,0.0,0.0,0.0,0.0,0.0
MAR00598,0.004657062395753444,8.270501580394447e-06,0.004651482644971907,0.004651743822362283,0.004654445553884576,0.00466888958483848,0.004715463317327391
MAR00599,0.0,0.0,0.0,0.0,0.0,0.0,0.0
MAR00601,0.0,0.0,0.0,0.0,0.0,0.0,0.0
MAR00605,67.45103549111614,68.67840444804084,0.07155485339226711,1.068232851536726,29.67392300684481,210.41037565673992,245.74641678427471
MAR00611,-125.39721330871285,33.45874949107359,-195.2614107774186,-178.6101590213772,-123.64940436961005,-68.55696952300003,-38.32693067747183
MAR00617,-9.82901570438026,3.479340313767684,-20.91467208111475,-20.527481520400745,-9.190832744578273,-6.633203851028142,-1.3195119016166423
MAR00618,-3.8242947259725555,4.5557827161634314,-20.76833986028705,-19.84340465297728,-2.3693888194778276,-0.6762683826199791,-0.38261556358084897
MAR00620,-1.3245580206958953,1.0922028477719459,-5.780422786377445,-3.202787344317476,-0.9707964638420902,-0.1855924602596033,-0.01995498715325307
MAR00621,-0.13548275421412792,0.06797309572856887,-0.38400698349758877,-0.3709498723072696,-0.1300560512024337,-0.06768774626106494,-0.05140858897133787
MAR00626,-1.47622675780882,1.2543573954701066,-7.73856979495433,-3.625719964950483,-1.1973245486137678,-0.0982233122440971,-0.005690885600035731
MAR00628,66.80041319143605,85.2914475877936,-13.247121220811136,-11.908687071701717,43.19502154421791,141.02977855905198,581.3537165478223
MAR00632,70.10588217958369,39.31075392867254,12.61284735985106,13.479324306846225,70.58286679020762,95.03296063784866,300.46312462781447
MAR00637,-2.307514303781113,1.5193044652619303,-5.823544298510702,-4.815958444999398,-2.2537395533383093,-0.023683138195945988,-0.010315102780954573
MAR00639,-26.52128333153631,13.316022876408585,-55.45797674349023,-49.93580902211639,-24.33249093850978,-5.401709082714661,-2.142108209293422
MAR00641,424.281457168574,134.4055965514463,38.875810366480685,239.8700121082099,409.1488193611546,625.8203154257353,652.7194923676099
MAR00650,-30.002329999821878,12.903019726746598,-81.96275561507237,-52.34842943254591,-28.819102066347668,-1.907111431690769,-0.25857506631828475
MAR00653,80.83921102561452,85.29264575056415,0.7752722665133029,2.128928164258421,57.22192632345846,155.05240872437165,595.3771234362348
MAR00654,80.83921102561456,85.29264575056416,0.7752722665133026,2.1289281642584204,57.22192632345848,155.05240872437167,595.3771234362349
MAR00655,0.0,0.0,0.0,0.0,0.0,0.0,0.0
MAR00656,-85.58401517661238,85.29305234711929,-600.1167257869267,-159.79174855975583,-61.962710884097135,-6.873332623170061,-5.514532109983591
MAR00657,80.83921102561843,85.29264575056469,0.7752722665133047,2.1289281642588365,57.22192632346251,155.0524087243768,595.3771234362345
MAR00658,-0.7489681226671079,0.001330096424676212,-0.7583604015063777,-0.7508702203527298,-0.7485472712859601,-0.7481127675978033,-0.7480707639649731
MAR00661,-0.47277057576994125,0.0008395957497950083,-0.4786992567648235,-0.4739712354386175,-0.47250492207420425,-0.47223065064313546,-0.47220413672208583
MAR00662,-1.1803617534048063,1.3432313064221095,-6.321120207677276,-4.549996518560789,-0.6770452021423314,-0.033709825820762894,-0.0003845010021337753
MAR00665,67.45103549112594,68.67840444804217,0.07155485339985879,1.0682328515443338,29.67392300684824,210.4103756567417,245.74641678427665
MAR00667,30.662346534504085,28.738896354883757,0.031572450240782056,0.5055595949587476,24.614560644495732,100.37129735744664,130.32801909404347
MAR00668,0.0,0.0,0.0,0.0,0.0,0.0,0.0
MAR00669,0.8782973589292942,0.17584128783642713,0.4774664398236074,0.49115738132212683,0.8935125890209425,1.158482884308314,1.1980224593271576
MAR00670,0.00465706239575365,8.270501580365968e-06,0.00465148264497154,0.004651743822362489,0.00465444555388419,0.004668889584838699,0.0047154633173273905
MAR00671,0.0,0.0,0.0,0.0,0.0,0.0,0.0
MAR00672,0.0,0.0,0.0,0.0,0.0,0.0,0.0
MAR00679,30.662346534502074,28.738896354883625,0.031572450238934284,0.5055595949587263,24.61456064449581,100.37129735744514,130.3280190940436
MAR00680,0.8782973589307821,0.17584128783599615,0.4774664398240499,0.4911573813221329,0.8935125890197912,1.1584828843097044,1.1980224593283704
MAR00681,0.004657062395753361,8.270501580454082e-06,0.004651482644970908,0.004651743822362542,0.00465444555388344,0.004668889584838697,0.004715463317327668
MAR00682,0.0,0.0,0.0,0.0,0.0,0.0,0.0
MAR00683,0.0,0.0,0.0,0.0,0.0,0.0,0.0
MAR00684,0.0,0.0,0.0,0.0,0.0,0.0,0.0
MAR00695,-1.1964652427796865,0.7350284380899927,-2.7965612968504767,-2.399847074814336,-1.0572441093622977,-0.16319402298864782,-0.007684157717812585
MAR00697,-0.9077477877636843,0.7194961556566184,-3.2319842804965395,-2.361666989128801,-0.7690979085042987,-0.021831428177499994,-0.00019846040647115455
MAR00698,-0.7061577833353577,0.645671958774548,-3.1228381391616726,-1.8777193400494838,-0.4044169442571595,-0.09199571378967393,-0.062362649819964366
MAR00699,-3.325695865510638,3.3666404902465925,-15.004318121724323,-10.486935389946929,-1.6635941498646758,-0.2766401224343827,-0.08035650137211964
MAR00700,-1.8833684337777186,1.4097397127008506,-7.81982822050492,-4.000328063170085,-1.7234273255193702,-0.12803638340606271,-0.003636396990449032
MAR00701,-6.038742684937589,2.5901770166015075,-11.637107998430608,-11.302989777616718,-5.885397967136532,-2.445456918946826,-0.21328276351620498
MAR00702,-81.18457763558865,38.51066665670428,-215.21903979284843,-140.0074419617389,-85.17946466922047,-3.565622561014057,-0.3617902529749699
MAR00704,-7.019096691962796,2.5785583082847046,-14.190054381741492,-10.566342111461886,-7.237059620391015,-0.43936265284233417,-0.07616173738702836
MAR00709,0.0,0.0,0.0,0.0,0.0,0.0,0.0
MAR00710,185.05493689725682,276.17217712890937,-845.0363590009337,-36.146849823286104,127.4055598803591,934.7767757535523,983.8775256642803
MAR00712,113.56524702774038,104.52576978913311,1.986233406306608,4.134049205963318,99.96251389747906,245.65005575841604,671.2440586386226
MAR00720,0.0,0.0,0.0,0.0,0.0,0.0,0.0
MAR00736,1.5253071734051071,0.002708801024338588,1.5234796621613163,1.5235652044433199,1.5244500906920015,1.529180880651922,1.5444349705096858
MAR00737,2.6358349188540204,1.806985317440562,0.0002567341269109251,0.007347247090389372,2.249809209686462,6.348618823720725,7.255658169028939
MAR00739,0.0,0.0,0.0,0.0,0.0,0.0,0.0
MAR00750,111.8260460793166,77.09607341375522,0.2996962475805883,0.7189363734920655,82.85156324154087,223.91676231415366,274.5615048452361
MAR00753,-306.1743525110492,145.96808865534794,-917.2833414365316,-470.17914683699433,-284.5361013797652,-54.20303233308745,-41.93886321291968
MAR00758,794.1444731028753,201.74218334001316,51.17680642217587,75.86978420710406,859.3335980018844,940.9962226887249,981.0897374849966
MAR00759,0.42556029806933404,0.485844226685715,0.0005955887467608864,0.0007735064409424976,0.2966198759292051,1.7579655990777987,1.7944813929779093
MAR00777,6.086328830038546,7.4829797939926435,0.5166397681952011,0.8921589273446251,4.01303994771486,31.960807640538686,35.6512825089155
MAR00782,0.0,0.0,0.0,0.0,0.0,0.0,0.0
MAR00826,0.0,0.0,0.0,0.0,0.0,0.0,0.0
MAR00833,8.028883965811513,5.011810759753705,0.21689291609087546,1.0718729904355546,7.705658944681339,16.676475387845972,19.432636402667576
MAR00837,0.0,0.0,0.0,0.0,0.0,0.0,0.0
MAR00838,0.0,0.0,0.0,0.0,0.0,0.0,0.0
MAR00844,0.0,0.0,0.0,0.0,0.0,0.0,0.0
MAR00845,0.0,0.0,0.0,0.0,0.0,0.0,0.0
MAR00872,6.086328830038511,7.482979793992646,0.5166397681952228,0.8921589273446147,4.013039947714743,31.960807640538686,35.6512825089155
MAR00874,1.6529232118173336,1.3889603137608098,0.0018554327590007337,0.03328004033166026,1.497731111026725,3.9906757605991685,6.709344560620154
MAR00927,9.386493637578395,4.907328740458682,1.0154145783446518,1.2449457925952931,8.986587639276763,17.378370267458546,20.149273612435092
MAR00931,0.0,0.0,0.0,0.0,0.0,0.0,0.0
MAR00932,0.0,0.0,0.0,0.0,0.0,0.0,0.0
MAR00933,0.0,0.0,0.0,0.0,0.0,0.0,0.0
MAR00934,15.432774997484536,11.664501881492594,0.05353642009580566,0.38992162478521797,12.372092834736122,38.79868163354013,46.89457255207749
MAR00935,0.0,0.0,0.0,0.0,0.0,0.0,0.0
MAR00936,0.0,0.0,0.0,0.0,0.0,0.0,0.0
MAR00937,0.0,0.0,0.0,0.0,0.0,0.0,0.0
MAR00938,0.0,0.0,0.0,0.0,0.0,0.0,0.0
MAR00939,0.0,0.0,0.0,0.0,0.0,0.0,0.0
MAR00940,0.0,0.0,0.0,0.0,0.0,0.0,0.0
MAR00942,3.0965114556832143,2.5595674118994323,0.0020365251813201507,0.004071544452155855,2.831433792135652,6.385960909408679,18.39230825121774
MAR00943,471.98793779087106,137.1825806215194,56.82503601371042,282.37037441034255,476.84296581621413,731.1822416831649,752.04688882047
MAR00944,0.0,0.0,0.0,0.0,0.0,0.0,0.0
MAR00945,0.0,0.0,0.0,0.0,0.0,0.0,0.0
MAR00946,4.585667174014201,2.7761595073476073,0.007209902778003818,0.27218251121962767,4.049871435959798,9.398624132648694,9.953903756426417
MAR00947,86.29404161720808,116.72408446368023,0.053424248868034506,1.3005006007909565,76.50390256255324,115.14817654772543,872.5359690211646
MAR00948,0.0,0.0,0.0,0.0,0.0,0.0,0.0
MAR00949,0.0,0.0,0.0,0.0,0.0,0.0,0.0
MAR00950,1.5435467695346113e-15,1.4630247876951845e-15,-2.8742088366367454e-16,9.087937663433852e-19,1.794148824841142e-15,4.824090387212488e-15,4.860901286083235e-15
MAR00951,-1.9012112533502538e-15,1.6253475560659709e-15,-5.284884526863819e-15,-5.162372915592731e-15,-2.252395415056769e-15,-1.1162635900308511e-18,6.152766597739564e-17
MAR00952,6.387330784370645,3.924663459792935,0.4024421150026429,1.1097005323285412,5.325810033299039,13.758157011032958,16.027017420198952
MAR00953,0.0,0.0,0.0,0.0,0.0,0.0,0.0
MAR00954,0.0,0.0,0.0,0.0,0.0,0.0,0.0
MAR00955,0.0,0.0,0.0,0.0,0.0,0.0,0.0
MAR00956,0.0,0.0,0.0,0.0,0.0,0.0,0.0
MAR00957,0.0,0.0,0.0,0.0,0.0,0.0,0.0
MAR00960,0.0,0.0,0.0,0.0,0.0,0.0,0.0
MAR00962,0.0,0.0,0.0,0.0,0.0,0.0,0.0
MAR00963,0.0,0.0,0.0,0.0,0.0,0.0,0.0
MAR00968,0.904889261918141,0.7990803430111543,0.005694759903673176,0.049614479759806776,0.6608194334964974,2.5698049959283953,3.4364571421713452
MAR00969,0.0,0.0,0.0,0.0,0.0,0.0,0.0
MAR00972,2.5101151985946206,1.452598691097131,0.2676374012892825,0.3241127432885374,2.1126316493054955,5.406912015389423,6.670749529904094
MAR00974,0.6658607924465539,0.738674081332948,0.0006692264232204189,0.007853368629725075,0.3753935945283004,2.542031965580203,2.8537104487450367
MAR00975,11.103211008199432,11.41366065848741,0.0006026794761927731,0.03440516651611865,8.716463765593712,42.92591972847031,51.070946106141974
MAR00977,3.217729807150999,2.3703748778716647,0.004070837716881736,0.24734950211290074,2.7089970697246013,8.383189175359005,11.828307282461731
MAR00978,0.0,0.0,0.0,0.0,0.0,0.0,0.0
MAR00979,0.0,0.0,0.0,0.0,0.0,0.0,0.0
MAR00980,0.0,0.0,0.0,0.0,0.0,0.0,0.0
MAR00981,0.0,0.0,0.0,0.0,0.0,0.0,0.0
MAR00982,3.3608742147598867,2.058843664048104,0.05002468624720221,0.08590576500039561,2.987126142540797,7.754680708361991,8.986206780447702
MAR00991,0.0,0.0,0.0,0.0,0.0,0.0,0.0
MAR00992,0.0,0.0,0.0,0.0,0.0,0.0,0.0
MAR00993,0.0,0.0,0.0,0.0,0.0,0.0,0.0
MAR00994,0.0,0.0,0.0,0.0,0.0,0.0,0.0
MAR01001,2.510115198594623,1.4525986910971314,0.2676374012892825,0.32411274328853734,2.1126316493054977,5.406912015389427,6.6707495299040955
MAR01002,0.0,0.0,0.0,0.0,0.0,0.0,0.0
MAR01003,0.0,0.0,0.0,0.0,0.0,0.0,0.0
MAR01004,0.0,0.0,0.0,0.0,0.0,0.0,0.0
MAR01005,3.688811971757883,4.499644510358159,0.2517751136114637,0.5654405486004609,2.25658909382099,19.471944541558393,20.38456466007954
MAR01006,0.0,0.0,0.0,0.0,0.0,0.0,0.0
MAR01007,0.0,0.0,0.0,0.0,0.0,0.0,0.0
MAR01008,0.0,0.0,0.0,0.0,0.0,0.0,0.0
MAR01013,135.7312014410765,104.87889349566586,0.9146848748436343,23.755068539722956,120.47352613347203,471.50797366015394,489.66814618359416
MAR01020,-686.0566845578292,186.5293158485314,-972.679553114934,-897.2614967453105,-706.7496967726781,-94.08119778435545,-54.2894951799957
MAR01022,0.0,0.0,0.0,0.0,0.0,0.0,0.0
MAR01023,0.0,0.0,0.0,0.0,0.0,0.0,0.0
MAR01025,-57.26361612827008,95.62414907782637,-214.9081435908007,-183.70816894071876,-61.393803396863575,112.71712221229417,170.77224386459284
MAR01026,0.0,0.0,0.0,0.0,0.0,0.0,0.0
MAR01027,0.0,0.0,0.0,0.0,0.0,0.0,0.0
MAR01028,0.0,0.0,0.0,0.0,0.0,0.0,0.0
MAR01033,0.0,0.0,0.0,0.0,0.0,0.0,0.0
MAR01035,0.0,0.0,0.0,0.0,0.0,0.0,0.0
MAR01036,9.948922112647322,6.938823429690117,0.00616360479013614,0.1520904775251357,9.482536393794012,24.196868372939182,28.96293170439748
MAR01037,0.0,0.0,0.0,0.0,0.0,0.0,0.0
MAR01038,133.76146461255826,55.02934831045146,7.7085146661193065,20.665668475592764,135.40018941140954,204.83715872738347,349.2311387432937
MAR01039,0.0,0.0,0.0,0.0,0.0,0.0,0.0
MAR01040,0.0,0.0,0.0,0.0,0.0,0.0,0.0
MAR01041,0.0,0.0,0.0,0.0,0.0,0.0,0.0
MAR01042,-5.77792398066907e-17,4.036481168567964e-16,-8.214615176615542e-16,-6.825937492118284e-16,1.8132951128168664e-17,6.295950182812316e-16,6.361465860155726e-16
MAR01043,0.0,0.0,0.0,0.0,0.0,0.0,0.0
MAR01044,0.00465706239575414,8.27050158026698e-06,0.0046514826449734125,0.004651743822362626,0.004654445553885972,0.004668889584838399,0.004715463317327438
MAR01045,-95.0307492072457,314.1253412173388,-898.4523100383026,-855.0019691883142,-60.64325810524039,368.1654656803228,895.8378602107077
MAR01047,-381.08197033107314,180.9517547998723,-712.9371981720735,-649.8671976333421,-396.0574136563787,-15.857498817240437,-7.166133253812632
MAR01048,0.0,0.0,0.0,0.0,0.0,0.0,0.0
MAR01049,0.0,0.0,0.0,0.0,0.0,0.0,0.0
MAR01050,0.0,0.0,0.0,0.0,0.0,0.0,0.0
MAR01051,-157.1729678154703,352.145139079429,-997.2407313537602,-974.8304603392883,-121.76775348759864,329.13998481229356,422.5175959773014
MAR01052,157.1729678154703,352.145139079429,-422.5175959773014,-329.13998481229356,121.76775348759864,974.8304603392882,997.2407313537602
MAR01054,0.0,0.0,0.0,0.0,0.0,0.0,0.0
MAR01055,0.0,0.0,0.0,0.0,0.0,0.0,0.0
MAR01057,0.0,0.0,0.0,0.0,0.0,0.0,0.0
MAR01058,0.0,0.0,0.0,0.0,0.0,0.0,0.0
MAR01059,0.0,0.0,0.0,0.0,0.0,0.0,0.0
MAR01061,0.0,0.0,0.0,0.0,0.0,0.0,0.0
MAR01065,0.0,0.0,0.0,0.0,0.0,0.0,0.0
MAR01066,0.0,0.0,0.0,0.0,0.0,0.0,0.0
MAR01067,0.0,0.0,0.0,0.0,0.0,0.0,0.0
MAR01068,0.0,0.0,0.0,0.0,0.0,0.0,0.0
MAR01069,0.0,0.0,0.0,0.0,0.0,0.0,0.0
MAR01070,0.0,0.0,0.0,0.0,0.0,0.0,0.0
MAR01071,0.0,0.0,0.0,0.0,0.0,0.0,0.0
MAR01072,0.0,0.0,0.0,0.0,0.0,0.0,0.0
MAR01074,0.0,0.0,0.0,0.0,0.0,0.0,0.0
MAR01087,0.0,0.0,0.0,0.0,0.0,0.0,0.0
MAR01088,0.0,0.0,0.0,0.0,0.0,0.0,0.0
MAR01089,0.0,0.0,0.0,0.0,0.0,0.0,0.0
MAR01090,0.0,0.0,0.0,0.0,0.0,0.0,0.0
MAR01092,0.0,0.0,0.0,0.0,0.0,0.0,0.0
MAR01093,743.3203006861046,222.91240642637905,55.30971613485008,96.34212649655822,833.7957275812373,912.2201707244012,987.4929982520449
MAR01094,0.0,0.0,0.0,0.0,0.0,0.0,0.0
MAR01095,40.68512093885076,25.154531135924525,0.021312075451114628,1.6017269235275573,37.74089494084066,85.8871350062647,100.66935744205605
MAR01097,0.0,0.0,0.0,0.0,0.0,0.0,0.0
MAR01098,0.0,0.0,0.0,0.0,0.0,0.0,0.0
MAR01099,0.0,0.0,0.0,0.0,0.0,0.0,0.0
MAR01100,0.0,0.0,0.0,0.0,0.0,0.0,0.0
MAR01102,0.0,0.0,0.0,0.0,0.0,0.0,0.0
MAR01103,0.0,0.0,0.0,0.0,0.0,0.0,0.0
MAR01104,0.0,0.0,0.0,0.0,0.0,0.0,0.0
MAR01105,0.0,0.0,0.0,0.0,0.0,0.0,0.0
MAR01107,0.0,0.0,0.0,0.0,0.0,0.0,0.0
MAR01108,0.0,0.0,0.0,0.0,0.0,0.0,0.0
MAR01109,0.0,0.0,0.0,0.0,0.0,0.0,0.0
MAR01110,0.0,0.0,0.0,0.0,0.0,0.0,0.0
MAR01111,0.0,0.0,0.0,0.0,0.0,0.0,0.0
MAR01112,0.0,0.0,0.0,0.0,0.0,0.0,0.0
MAR01113,0.0,0.0,0.0,0.0,0.0,0.0,0.0
MAR01114,0.0,0.0,0.0,0.0,0.0,0.0,0.0
MAR01115,0.0,0.0,0.0,0.0,0.0,0.0,0.0
MAR01116,0.0,0.0,0.0,0.0,0.0,0.0,0.0
MAR01117,0.0,0.0,0.0,0.0,0.0,0.0,0.0
MAR01119,0.0,0.0,0.0,0.0,0.0,0.0,0.0
MAR01120,0.0,0.0,0.0,0.0,0.0,0.0,0.0
MAR01121,0.0,0.0,0.0,0.0,0.0,0.0,0.0
MAR01122,0.0,0.0,0.0,0.0,0.0,0.0,0.0
MAR01123,0.0,0.0,0.0,0.0,0.0,0.0,0.0
MAR01124,0.0,0.0,0.0,0.0,0.0,0.0,0.0
MAR01125,0.0,0.0,0.0,0.0,0.0,0.0,0.0
MAR01126,0.0,0.0,0.0,0.0,0.0,0.0,0.0
MAR01127,0.0,0.0,0.0,0.0,0.0,0.0,0.0
MAR01128,0.0,0.0,0.0,0.0,0.0,0.0,0.0
MAR01129,0.0,0.0,0.0,0.0,0.0,0.0,0.0
MAR01130,0.0,0.0,0.0,0.0,0.0,0.0,0.0
MAR01131,0.0,0.0,0.0,0.0,0.0,0.0,0.0
MAR01132,0.0,0.0,0.0,0.0,0.0,0.0,0.0
MAR01133,0.0,0.0,0.0,0.0,0.0,0.0,0.0
MAR01134,0.0,0.0,0.0,0.0,0.0,0.0,0.0
MAR01135,0.0,0.0,0.0,0.0,0.0,0.0,0.0
MAR01137,0.0,0.0,0.0,0.0,0.0,0.0,0.0
MAR01138,0.0,0.0,0.0,0.0,0.0,0.0,0.0
MAR01139,0.0,0.0,0.0,0.0,0.0,0.0,0.0
MAR01140,0.0,0.0,0.0,0.0,0.0,0.0,0.0
MAR01143,0.0,0.0,0.0,0.0,0.0,0.0,0.0
MAR01144,0.0,0.0,0.0,0.0,0.0,0.0,0.0
MAR01145,0.0,0.0,0.0,0.0,0.0,0.0,0.0
MAR01146,0.0,0.0,0.0,0.0,0.0,0.0,0.0
MAR01147,0.0,0.0,0.0,0.0,0.0,0.0,0.0
MAR01148,0.0,0.0,0.0,0.0,0.0,0.0,0.0
MAR01149,0.0,0.0,0.0,0.0,0.0,0.0,0.0
MAR01150,0.0,0.0,0.0,0.0,0.0,0.0,0.0
MAR01151,0.0,0.0,0.0,0.0,0.0,0.0,0.0
MAR01152,0.0,0.0,0.0,0.0,0.0,0.0,0.0
MAR01153,0.0,0.0,0.0,0.0,0.0,0.0,0.0
MAR01154,0.0,0.0,0.0,0.0,0.0,0.0,0.0
MAR01155,0.0,0.0,0.0,0.0,0.0,0.0,0.0
MAR01156,0.0,0.0,0.0,0.0,0.0,0.0,0.0
MAR01157,0.0,0.0,0.0,0.0,0.0,0.0,0.0
MAR01158,0.0,0.0,0.0,0.0,0.0,0.0,0.0
MAR01160,0.0,0.0,0.0,0.0,0.0,0.0,0.0
MAR01161,0.0,0.0,0.0,0.0,0.0,0.0,0.0
MAR01162,0.0,0.0,0.0,0.0,0.0,0.0,0.0
MAR01163,0.0,0.0,0.0,0.0,0.0,0.0,0.0
MAR01164,0.0,0.0,0.0,0.0,0.0,0.0,0.0
MAR01165,0.0,0.0,0.0,0.0,0.0,0.0,0.0
MAR01166,0.0,0.0,0.0,0.0,0.0,0.0,0.0
MAR01167,0.0,0.0,0.0,0.0,0.0,0.0,0.0
MAR01168,0.0,0.0,0.0,0.0,0.0,0.0,0.0
MAR01170,0.0,0.0,0.0,0.0,0.0,0.0,0.0
MAR01171,0.0,0.0,0.0,0.0,0.0,0.0,0.0
MAR01172,0.0,0.0,0.0,0.0,0.0,0.0,0.0
MAR01174,0.0,0.0,0.0,0.0,0.0,0.0,0.0
MAR01175,0.0,0.0,0.0,0.0,0.0,0.0,0.0
MAR01176,0.0,0.0,0.0,0.0,0.0,0.0,0.0
MAR01177,0.0,0.0,0.0,0.0,0.0,0.0,0.0
MAR01178,0.0,0.0,0.0,0.0,0.0,0.0,0.0
MAR01179,0.0,0.0,0.0,0.0,0.0,0.0,0.0
MAR01180,0.0,0.0,0.0,0.0,0.0,0.0,0.0
MAR01181,0.0,0.0,0.0,0.0,0.0,0.0,0.0
MAR01182,0.0,0.0,0.0,0.0,0.0,0.0,0.0
MAR01183,0.0,0.0,0.0,0.0,0.0,0.0,0.0
MAR01184,0.0,0.0,0.0,0.0,0.0,0.0,0.0
MAR01186,0.0,0.0,0.0,0.0,0.0,0.0,0.0
MAR01187,0.0,0.0,0.0,0.0,0.0,0.0,0.0
MAR01188,0.0,0.0,0.0,0.0,0.0,0.0,0.0
MAR01189,0.0,0.0,0.0,0.0,0.0,0.0,0.0
MAR01190,0.0,0.0,0.0,0.0,0.0,0.0,0.0
MAR01191,0.0,0.0,0.0,0.0,0.0,0.0,0.0
MAR01192,0.0,0.0,0.0,0.0,0.0,0.0,0.0
MAR01193,0.0,0.0,0.0,0.0,0.0,0.0,0.0
MAR01194,0.0,0.0,0.0,0.0,0.0,0.0,0.0
MAR01195,0.0,0.0,0.0,0.0,0.0,0.0,0.0
MAR01196,0.0,0.0,0.0,0.0,0.0,0.0,0.0
MAR01197,0.0,0.0,0.0,0.0,0.0,0.0,0.0
MAR01198,0.0,0.0,0.0,0.0,0.0,0.0,0.0
MAR01199,0.0,0.0,0.0,0.0,0.0,0.0,0.0
MAR01200,0.0,0.0,0.0,0.0,0.0,0.0,0.0
MAR01201,0.0,0.0,0.0,0.0,0.0,0.0,0.0
MAR01202,0.0,0.0,0.0,0.0,0.0,0.0,0.0
MAR01203,0.0,0.0,0.0,0.0,0.0,0.0,0.0
MAR01204,0.0,0.0,0.0,0.0,0.0,0.0,0.0
MAR01205,0.0,0.0,0.0,0.0,0.0,0.0,0.0
MAR01206,0.0,0.0,0.0,0.0,0.0,0.0,0.0
MAR01207,0.0,0.0,0.0,0.0,0.0,0.0,0.0
MAR01208,0.0,0.0,0.0,0.0,0.0,0.0,0.0
MAR01209,0.0,0.0,0.0,0.0,0.0,0.0,0.0
MAR01210,0.0,0.0,0.0,0.0,0.0,0.0,0.0
MAR01211,0.0,0.0,0.0,0.0,0.0,0.0,0.0
MAR01212,0.0,0.0,0.0,0.0,0.0,0.0,0.0
MAR01213,0.0,0.0,0.0,0.0,0.0,0.0,0.0
MAR01215,0.0,0.0,0.0,0.0,0.0,0.0,0.0
MAR01216,0.0,0.0,0.0,0.0,0.0,0.0,0.0
MAR01217,0.0,0.0,0.0,0.0,0.0,0.0,0.0
MAR01218,0.0,0.0,0.0,0.0,0.0,0.0,0.0
MAR01219,0.0,0.0,0.0,0.0,0.0,0.0,0.0
MAR01220,0.0,0.0,0.0,0.0,0.0,0.0,0.0
MAR01221,0.0,0.0,0.0,0.0,0.0,0.0,0.0
MAR01222,0.0,0.0,0.0,0.0,0.0,0.0,0.0
MAR01223,0.0,0.0,0.0,0.0,0.0,0.0,0.0
MAR01224,0.0,0.0,0.0,0.0,0.0,0.0,0.0
MAR01225,0.0,0.0,0.0,0.0,0.0,0.0,0.0
MAR01226,0.0,0.0,0.0,0.0,0.0,0.0,0.0
MAR01228,0.0,0.0,0.0,0.0,0.0,0.0,0.0
MAR01229,0.0,0.0,0.0,0.0,0.0,0.0,0.0
MAR01230,0.0,0.0,0.0,0.0,0.0,0.0,0.0
MAR01232,0.0,0.0,0.0,0.0,0.0,0.0,0.0
MAR01233,0.0,0.0,0.0,0.0,0.0,0.0,0.0
MAR01234,0.0,0.0,0.0,0.0,0.0,0.0,0.0
MAR01236,0.0,0.0,0.0,0.0,0.0,0.0,0.0
MAR01238,0.0,0.0,0.0,0.0,0.0,0.0,0.0
MAR01241,0.0,0.0,0.0,0.0,0.0,0.0,0.0
MAR01247,0.0,0.0,0.0,0.0,0.0,0.0,0.0
MAR01249,0.0,0.0,0.0,0.0,0.0,0.0,0.0
MAR01251,0.0,0.0,0.0,0.0,0.0,0.0,0.0
MAR01253,0.0,0.0,0.0,0.0,0.0,0.0,0.0
MAR01254,0.0,0.0,0.0,0.0,0.0,0.0,0.0
MAR01255,0.0,0.0,0.0,0.0,0.0,0.0,0.0
MAR01256,0.0,0.0,0.0,0.0,0.0,0.0,0.0
MAR01257,0.0,0.0,0.0,0.0,0.0,0.0,0.0
MAR01258,0.0,0.0,0.0,0.0,0.0,0.0,0.0
MAR01259,0.0,0.0,0.0,0.0,0.0,0.0,0.0
MAR01260,0.0,0.0,0.0,0.0,0.0,0.0,0.0
MAR01261,0.0,0.0,0.0,0.0,0.0,0.0,0.0
MAR01262,0.0,0.0,0.0,0.0,0.0,0.0,0.0
MAR01263,0.0,0.0,0.0,0.0,0.0,0.0,0.0
MAR01264,0.0,0.0,0.0,0.0,0.0,0.0,0.0
MAR01266,0.0,0.0,0.0,0.0,0.0,0.0,0.0
MAR01270,0.0,0.0,0.0,0.0,0.0,0.0,0.0
MAR01271,0.0,0.0,0.0,0.0,0.0,0.0,0.0
MAR01272,0.0,0.0,0.0,0.0,0.0,0.0,0.0
MAR01273,0.0,0.0,0.0,0.0,0.0,0.0,0.0
MAR01274,0.0,0.0,0.0,0.0,0.0,0.0,0.0
MAR01275,0.0,0.0,0.0,0.0,0.0,0.0,0.0
MAR01276,0.0,0.0,0.0,0.0,0.0,0.0,0.0
MAR01277,0.0,0.0,0.0,0.0,0.0,0.0,0.0
MAR01278,0.0,0.0,0.0,0.0,0.0,0.0,0.0
MAR01279,0.0,0.0,0.0,0.0,0.0,0.0,0.0
MAR01280,0.0,0.0,0.0,0.0,0.0,0.0,0.0
MAR01282,0.0,0.0,0.0,0.0,0.0,0.0,0.0
MAR01284,0.0,0.0,0.0,0.0,0.0,0.0,0.0
MAR01285,0.0,0.0,0.0,0.0,0.0,0.0,0.0
MAR01286,0.0,0.0,0.0,0.0,0.0,0.0,0.0
MAR01287,2.285473525263774e-18,3.7154813087026955e-18,-2.9744914300232257e-18,-2.161692380549152e-18,1.1211055404301473e-18,1.1812128559365283e-17,1.213490210432426e-17
MAR01288,2.285473525263774e-18,3.715481308702695e-18,-2.9744914300232246e-18,-2.1616923805491506e-18,1.1211055404301473e-18,1.181212855936528e-17,1.2134902104324258e-17
MAR01289,2.285473525263774e-18,3.715481308702695e-18,-2.9744914300232246e-18,-2.1616923805491506e-18,1.1211055404301473e-18,1.181212855936528e-17,1.2134902104324258e-17
MAR01290,2.285473525263774e-18,3.715481308702695e-18,-2.9744914300232246e-18,-2.1616923805491506e-18,1.1211055404301473e-18,1.181212855936528e-17,1.2134902104324258e-17
MAR01291,2.285473525263774e-18,3.7154813087026955e-18,-2.9744914300232257e-18,-2.161692380549152e-18,1.1211055404301473e-18,1.1812128559365283e-17,1.213490210432426e-17
MAR01292,2.285473525263774e-18,3.7154813087026955e-18,-2.9744914300232257e-18,-2.161692380549152e-18,1.1211055404301473e-18,1.1812128559365283e-17,1.213490210432426e-17
MAR01293,2.2854735252637744e-18,3.715481308702696e-18,-2.9744914300232253e-18,-2.1616923805491545e-18,1.1211055404301473e-18,1.1812128559365283e-17,1.213490210432426e-17
MAR01294,2.2854735252637744e-18,3.715481308702696e-18,-2.9744914300232253e-18,-2.1616923805491545e-18,1.1211055404301473e-18,1.1812128559365283e-17,1.213490210432426e-17
MAR01295,0.0,0.0,0.0,0.0,0.0,0.0,0.0
MAR01296,2.285473525263774e-18,3.7154813087026955e-18,-2.9744914300232257e-18,-2.161692380549152e-18,1.1211055404301473e-18,1.1812128559365283e-17,1.213490210432426e-17
MAR01297,-2.2854735252637744e-18,3.715481308702696e-18,-1.213490210432426e-17,-1.1812128559365283e-17,-1.1211055404301473e-18,2.161692380549154e-18,2.9744914300232253e-18
MAR01298,-2.285473525263774e-18,3.7154813087026955e-18,-1.213490210432426e-17,-1.1812128559365283e-17,-1.1211055404301473e-18,2.1616923805491518e-18,2.9744914300232257e-18
MAR01299,0.0,0.0,0.0,0.0,0.0,0.0,0.0
MAR01300,0.0,0.0,0.0,0.0,0.0,0.0,0.0
MAR01301,2.2854735252637744e-18,3.715481308702696e-18,-2.9744914300232253e-18,-2.1616923805491545e-18,1.1211055404301473e-18,1.1812128559365283e-17,1.213490210432426e-17
MAR01303,2.2854735252637744e-18,3.715481308702696e-18,-2.9744914300232253e-18,-2.1616923805491545e-18,1.1211055404301473e-18,1.1812128559365283e-17,1.213490210432426e-17
MAR01304,2.2854735252637744e-18,3.715481308702696e-18,-2.9744914300232253e-18,-2.1616923805491545e-18,1.1211055404301473e-18,1.1812128559365283e-17,1.213490210432426e-17
MAR01309,0.0,0.0,0.0,0.0,0.0,0.0,0.0
MAR01311,-239.46640710238245,247.05000901224363,-945.4436815649567,-528.8325268749179,-283.9666511246919,265.6330372121301,308.8126491276256
MAR01312,536.86518899713,205.48325888588653,50.7396464672697,75.28829465510032,538.7851039912405,830.9766732548189,970.4021637572496
MAR01317,0.0,0.0,0.0,0.0,0.0,0.0,0.0
MAR01318,1.5191471735812612,63.95120475529824,-165.70910308966458,-100.95490738046506,-1.7010926617293762,127.82984398890162,195.93225754589506
MAR01319,0.0,0.0,0.0,0.0,0.0,0.0,0.0
MAR01324,-383.4940265770642,164.89518160540052,-691.426911575267,-650.0474766067563,-392.1384048836184,-40.40748274628358,-33.87016284620563
MAR01326,612.5904880995062,184.05249827301125,305.15995138626425,322.7972312924547,611.0294008097633,973.5318854962851,995.520357743887
MAR01328,0.0,0.0,0.0,0.0,0.0,0.0,0.0
MAR01329,625.08351311694,243.67638070318912,-148.94455984570453,-33.97339164790611,652.6062630661676,984.8385670543475,997.3085806205835
MAR01331,0.0,0.0,0.0,0.0,0.0,0.0,0.0
MAR01332,454.5299306816658,201.81586283106898,38.234325266173684,86.73995833135974,468.25444594076174,925.2810661842087,948.7547569980392
MAR01333,69.03948918569874,336.03568628377815,-891.075398099436,-242.91591371809858,-49.44141986902943,926.99196742468,978.075326660256
MAR01334,170.5535824352745,175.07045267404195,-315.24827766768226,-168.6561038726295,160.096490453399,441.7645841256897,906.9656765799213
MAR01335,-69.03948918569874,336.03568628377815,-978.075326660256,-926.99196742468,49.44141986902943,242.91591371809852,891.075398099436
MAR01336,0.0,0.0,0.0,0.0,0.0,0.0,0.0
MAR01337,0.0,0.0,0.0,0.0,0.0,0.0,0.0
MAR01338,0.0,0.0,0.0,0.0,0.0,0.0,0.0
MAR01341,0.0,0.0,0.0,0.0,0.0,0.0,0.0
MAR01342,0.0,0.0,0.0,0.0,0.0,0.0,0.0
MAR01343,0.0,0.0,0.0,0.0,0.0,0.0,0.0
MAR01344,0.0,0.0,0.0,0.0,0.0,0.0,0.0
MAR01345,0.0,0.0,0.0,0.0,0.0,0.0,0.0
MAR01365,0.0,0.0,0.0,0.0,0.0,0.0,0.0
MAR01366,0.0,0.0,0.0,0.0,0.0,0.0,0.0
MAR01367,0.0,0.0,0.0,0.0,0.0,0.0,0.0
MAR01370,0.0,0.0,0.0,0.0,0.0,0.0,0.0
MAR01374,0.0,0.0,0.0,0.0,0.0,0.0,0.0
MAR01375,0.0,0.0,0.0,0.0,0.0,0.0,0.0
MAR01376,0.0,0.0,0.0,0.0,0.0,0.0,0.0
MAR01379,0.0,0.0,0.0,0.0,0.0,0.0,0.0
MAR01382,0.0,0.0,0.0,0.0,0.0,0.0,0.0
MAR01383,0.0,0.0,0.0,0.0,0.0,0.0,0.0
MAR01384,0.0,0.0,0.0,0.0,0.0,0.0,0.0
MAR01385,0.0,0.0,0.0,0.0,0.0,0.0,0.0
MAR01387,0.0,0.0,0.0,0.0,0.0,0.0,0.0
MAR01398,-1.972551128802826e-15,1.1495981464728042e-15,-4.312776488124843e-15,-3.827523344546812e-15,-1.885709155018828e-15,-1.6531924506137867e-17,4.4455754716907477e-17
MAR01401,2.05253421418387e-15,8.854924800785114e-16,1.3493206877666245e-19,2.6775581727224617e-17,2.2701800396683346e-15,3.1420313914823628e-15,3.2424828709207853e-15
MAR01447,-1.621525301209633e-13,8.63007406738244e-13,-2.1349198154500967e-12,-1.4236364168197255e-12,-9.829489129291338e-14,1.2538029715926541e-12,1.5070090925538972e-12
MAR01449,0.0,0.0,0.0,0.0,0.0,0.0,0.0
MAR01452,-246.12498483511683,123.8443737646327,-909.6854752414088,-329.585056546765,-246.07375296124366,-11.293202217000559,-2.144538417086096
MAR01453,0.0,0.0,0.0,0.0,0.0,0.0,0.0
MAR01456,51.74103641284103,53.4885480931433,0.7188625357634574,1.943601936229937,43.703958997779296,121.67635674821632,335.2188792354597
MAR01461,537.507729684747,182.5671699039826,195.6778560539559,262.73593380020895,501.50327810390746,944.2185212900691,955.8276654726405
MAR01462,285.54450563736805,142.93485611749006,-20.281509195488695,84.13303600749603,308.4921892131469,461.86216052014925,915.0638313149028
MAR01472,133.76146461255826,55.02934831045147,7.7085146661193065,20.665668475592764,135.40018941140954,204.8371587273835,349.2311387432937
MAR01480,0.0,0.0,0.0,0.0,0.0,0.0,0.0
MAR01486,-168.89657730020625,201.97179919783605,-694.2099786231876,-523.5873740934248,-144.43638764504877,-12.037128683487557,838.9077196268253
MAR01487,-486.08527492536047,169.36388422788005,-808.525087665915,-690.7325692734305,-498.1117706710575,-68.76504730270432,-45.31467322198148
MAR01488,-39.60228669700514,342.6459184701765,-646.2150071441383,-505.21583613115394,-106.53871119148108,891.1956318254797,938.7551618055973
MAR01489,-39.60228669700524,342.64591847017664,-646.2150071441386,-505.2158361311546,-106.53871119148111,891.19563182548,938.7551618055975
MAR01491,-39.602286697005226,342.6459184701766,-646.2150071441382,-505.2158361311537,-106.53871119148145,891.1956318254797,938.7551618055974
MAR01492,-14.245169720666858,155.94194062963425,-497.1157072274974,-477.5278834611743,22.61686673317692,99.112014311564,113.7647197693351
MAR01499,-66.80041319143605,85.2914475877936,-581.3537165478223,-141.02977855905203,-43.19502154421791,11.908687071701713,13.247121220811136
MAR01506,136.9062953710205,119.23561810296508,0.07672696146863478,1.108961889432434,119.20692363711439,224.03639346129626,879.6247954053374
MAR01508,173.8957345156181,92.2783798799746,22.609035084156893,77.35200388200226,164.20753877878644,484.167972256369,497.8457509432941
MAR01526,7.590589214146209,6.310723424195206,0.009369949190983051,0.1054449812177034,6.083624068097484,18.66413090192054,28.980421056400345
MAR01531,0.0,0.0,0.0,0.0,0.0,0.0,0.0
MAR01542,0.21211569340809036,0.000376697371703542,0.21186155191076397,0.2118734478297308,0.21199650383160035,0.2126543875644214,0.21477568609479314
MAR01561,9.948922112647324,6.938823429690115,0.006163604790134457,0.15209047752514435,9.482536393794012,24.196868372939175,28.96293170439748
MAR01562,-11.103211008199553,11.413660658487414,-51.070946106141946,-42.92591972847042,-8.716463765593812,-0.034405166516119086,-0.0006026794761923007
MAR01567,9.119475008268278,6.409721974884746,0.0027441208315984794,0.12108340454940837,9.773156040737263,18.255790868105045,21.76346421840569
MAR01572,1.6191330641780112e-13,8.631205829820726e-13,-1.5075061692531143e-12,-1.2543266470335888e-12,9.830796441506021e-14,1.4235426407422935e-12,2.1346795595103375e-12
MAR01573,-1.5023512501143203e-13,8.615963276514476e-13,-2.113845506663693e-12,-1.4049028638123982e-12,-9.746920713319898e-14,1.2666427441215434e-12,1.5260341508615877e-12
MAR01582,0.0,0.0,0.0,0.0,0.0,0.0,0.0
MAR01588,363.8771468036758,189.38881053320557,-234.76020741399475,-112.3610509952193,393.47866839725475,565.0221715404407,619.9889949217174
MAR01589,-2.0501986165993633e-15,1.4955664173483824e-14,-5.146716957374227e-14,-3.183600641193478e-14,3.000856580935923e-16,1.679640607096495e-14,2.1286549522179136e-14
MAR01590,-2.1616874408229212e-14,2.9159151072519586e-14,-1.0567532794971208e-13,-9.492233138864621e-14,-1.9009927736512035e-14,1.5667858409230753e-14,5.563774907969256e-14
MAR01593,3.256359249645811e-14,3.744862945918677e-14,-2.833469204630302e-14,-1.2119718940405687e-14,2.7218664630244754e-14,1.318185961057858e-13,1.5202392589069458e-13
MAR01595,-3.425381513613985e-14,3.9352873317866994e-14,-1.5864802777479461e-13,-1.3726430949038041e-13,-2.820971487945262e-14,1.1053201743722059e-14,2.7324661337219436e-14
MAR01598,-3.5979500716176495e-14,4.116131741523673e-14,-1.6694217330554166e-13,-1.451722075275476e-13,-2.8551607384055534e-14,9.0694669774827e-15,2.654692661079641e-14
MAR01601,85.58401517661157,85.29305234711964,5.514532109983654,6.873332623169974,61.96271088409442,159.7917485597546,600.1167257869262
MAR01602,-562.1025199965937,136.74336151033987,-905.6022446807942,-877.9579225631085,-537.5787001536864,-416.08962000333196,-190.72515717737187
MAR01604,562.1025199965939,136.74336151033987,190.7251571773718,416.08962000333213,537.5787001536867,877.9579225631085,905.6022446807943
MAR01605,217.32198112249364,106.1222813002944,2.435448022500122,11.986380970059592,224.6788452207871,303.23792985860433,776.4085019551154
MAR01606,0.0,0.0,0.0,0.0,0.0,0.0,0.0
MAR01607,0.748968122667108,0.0013300964246761868,0.7480707639649734,0.7481127675978033,0.7485472712859611,0.7508702203527299,0.7583604015063777
MAR01608,691.1954177934341,119.47732548624724,205.6198658852558,533.7200917370726,696.4932003787986,957.4786211446891,973.1079025281844
MAR01609,19.352230660218687,18.739286030988243,0.007079064994532591,1.849241335229085,9.995357041524187,56.46804350149217,86.77295710229387
MAR01610,47.89235973037901,45.78555081260046,0.0361593881553646,0.4816058110586392,32.8932809996046,93.987771006205,300.39835683905244
MAR01611,657.4763081093174,131.7781022986848,188.00530413153137,480.11982591978165,678.6363850093746,953.490943538451,972.4881083492618
MAR01613,17.611562930357014,18.230656490988864,0.017539361364829146,1.2384759311509448,11.126589170339118,62.6978307249292,87.3972328948875
MAR01614,49.6330274602405,44.43711927032469,0.02484284069809095,0.3994105173364898,46.69485913396885,82.85173280407723,302.25959428317117
MAR01616,0.0,0.0,0.0,0.0,0.0,0.0,0.0
MAR01619,5.958218401534801e-13,1.581560841549712e-12,-2.560001450260597e-12,-1.895575159770024e-12,2.037521884211671e-13,3.312245109195784e-12,3.4019839032168447e-12
MAR01620,343.64985573834133,215.1973809269076,-690.3033352449124,-2.564924271268527,378.4648930377293,615.7662917180378,671.4994168955483
MAR01621,204.10786904431671,127.6374820397558,26.50237385892615,37.26890665907446,205.14029958832998,332.61517858923855,913.3906690284571
MAR01623,347.5455620550889,230.35134307655713,20.433830012685007,96.37139820288606,276.23339929704,955.215671400822,986.7766613132201
MAR01624,5.813096502991177e-13,1.5798435846032136e-12,-2.5850476794271733e-12,-1.9177587139019037e-12,2.0098466636602573e-13,3.2891725267818767e-12,3.3788663200547246e-12
MAR01625,-1.3144367249389156e-12,1.539711592875705e-12,-4.292461839451187e-12,-4.186392517169151e-12,-1.0864110924310709e-12,5.692678540773983e-13,1.1738353269323429e-12
MAR01626,-457.3391993403633,175.7391608436718,-829.0052052865182,-771.1153005874854,-461.4065750531355,-66.67067285515648,-50.286870581581255
MAR01627,1.0263197858434367e-14,1.3033530759978795e-14,-1.2751463037300644e-14,-9.858597720211151e-15,7.335397680923017e-15,4.0414809770999605e-14,4.396286329032414e-14
MAR01629,1.311244974379141e-12,1.5367916744456225e-12,-1.1692386683963728e-12,-5.593865058138331e-13,1.0759994595917842e-12,4.183433285540541e-12,4.288153615347357e-12
MAR01631,-1.3008567630610045e-12,1.5276568941707377e-12,-4.244820524740631e-12,-4.142769445941383e-12,-1.0729606655599066e-12,5.669310374632495e-13,1.1854151047002077e-12
MAR01632,0.0,0.0,0.0,0.0,0.0,0.0,0.0
MAR01633,393.5593742350102,211.80826640359658,48.85012345422395,148.58521036850024,354.86418536663814,911.7906013129991,922.7893591527857
MAR01638,0.0,0.0,0.0,0.0,0.0,0.0,0.0
MAR01642,606.0735270380541,162.45646434218264,257.1030469812437,353.0440750999528,583.0801460500683,982.1231486460302,996.6494890579654
MAR01645,226.65554760758934,74.62828694052017,32.70087498774419,35.77038930834559,246.89524998879585,317.29156253315966,430.4290636854479
MAR01646,606.0735270380541,162.45646434218264,257.1030469812437,353.0440750999528,583.0801460500683,982.1231486460302,996.6494890579654
MAR01648,-226.65554760758957,74.62828694052023,-430.4290636854481,-317.2915625331599,-246.8952499887962,-35.77038930834561,-32.70087498774419
MAR01652,0.0,0.0,0.0,0.0,0.0,0.0,0.0
MAR01667,0.0,0.0,0.0,0.0,0.0,0.0,0.0
MAR01668,-1.6399925313328034e-14,1.0334749568727932e-13,-2.3874073636577506e-13,-1.498344698827138e-13,-4.225662585534337e-14,2.660284019600663e-13,2.7789937976357785e-13
MAR01669,0.47277057576994125,0.0008395957497950017,0.4722041367220858,0.47223065064313535,0.47250492207420414,0.4739712354386176,0.4786992567648234
MAR01670,2.419617365810303,2.103309423363744,0.0007401162777721255,0.043903965909914223,2.0230341571010744,6.584564982152696,8.2741022996893
MAR01671,-35.16324834038928,274.31979847212637,-950.557734043465,-913.1337182432367,-16.244908642946484,453.9108033097276,523.8079095280261
MAR01672,-2.2648835289536566e-14,3.656072143318402e-14,-1.3845203267469718e-13,-1.2213793441272855e-13,-1.5669286902032172e-14,2.2417645836872216e-14,3.243044350662226e-14
MAR01673,116.05521295918615,124.97557133320957,2.7744970558178363,12.987487117069216,79.22080697183222,463.43643651328546,490.3474470853519
MAR01674,2.410093608663163,2.6667639269074908,0.00035330500600711683,0.05166757766938444,1.4471020954689324,7.254724944117524,18.140756755281995
MAR01678,116.05521295918525,124.97557133320933,2.774497055817631,12.987487117068948,79.22080697183185,463.436436513284,490.3474470853519
MAR01679,17.038457933193055,24.434252916552193,0.01102043242799781,0.30694787394988343,9.109942943324612,79.49829500491762,111.13526443621228
MAR01681,99.0167550259922,105.05183521232503,0.3680505796931617,6.237653200468864,69.77648883623662,385.5030252726775,413.69035205583793
MAR01682,3.060486863304347,2.6202532045041904,0.0009574050266676183,0.04889016002881541,2.201578372491973,7.672967472074369,16.229563194623687
MAR01684,237.51599325995747,154.49426643381466,4.806627088372266,13.196083736787592,225.9509921654256,553.9370395382883,603.5601395207506
MAR01685,374.6349177999466,147.09821612332647,43.68825295794365,65.84685115460583,345.4978682947596,580.9823964531444,926.7230898828939
MAR01687,13.977971069888783,24.58789711398493,0.004639879604150246,0.095846429013294,4.696242568266953,77.16299459710183,107.12351924834347
MAR01689,13.97797106988871,24.587897113984937,0.0046398796041495155,0.09584642901329338,4.696242568266917,77.16299459710187,107.12351924834343
MAR01691,13.977971069888712,24.587897113984937,0.004639879604149501,0.09584642901329335,4.696242568266914,77.16299459710186,107.12351924834343
MAR01692,-85.37012163714711,307.7354368439503,-419.99959601242915,-322.52987357665756,-171.77087927584833,897.6433583132125,940.2788140360988
MAR01693,91.1650168347545,172.43920145591122,0.06369848928587614,1.018874974742676,31.941163645914315,488.523478214012,878.3868982926226
MAR01694,-245.65358636668634,148.22770923506553,-603.9929572109196,-554.3660841608596,-226.48553345589397,-13.234309930071516,-4.81418201862823
MAR01695,-1.1925254548589454e-16,8.990680478471708e-17,-2.5798167210190997e-16,-2.431889644174767e-16,-1.6700409644292585e-16,-6.006343703501828e-19,-5.988782322400092e-20
MAR01697,8.137593106727522,21.306927652860978,0.001110220652367354,0.024483051197504352,1.0279857618425492,73.37878633708515,87.3511823173748
MAR01699,-1.1925254548589454e-16,8.990680478471708e-17,-2.5798167210190997e-16,-2.431889644174767e-16,-1.6700409644292585e-16,-6.006343703501828e-19,-5.988782322400092e-20
MAR01700,2.0095244396436476,2.3231035984476986,0.0007268571001808441,0.061884042168689736,1.4685114836947888,4.922086194575655,21.551815005686272
MAR01701,8.137593106727515,21.30692765286098,0.0011102206523628195,0.024483051197503873,1.0279857618425359,73.37878633708515,87.3511823173748
MAR01706,51.74103641284072,53.488548093143386,0.7188625357628602,1.9436019362299384,43.703958997779075,121.67635674821624,335.21887923545967
MAR01708,-2.880346567013183e-13,2.541488206579816e-13,-8.081948833999917e-13,-7.909404090889847e-13,-1.7834104978959323e-13,2.2838014884096078e-15,1.5400751316892418e-14
MAR01710,-2.9104688446066906e-13,2.5471292411964037e-13,-8.144236753477224e-13,-7.945092979047898e-13,-1.819150862643632e-13,2.161806936215112e-15,1.5641698809187393e-14
MAR01711,4.103028140954063e-14,3.6513852299222036e-14,-2.7037812426003562e-15,-6.647543899350973e-16,2.4926595395767933e-14,1.139256700823884e-13,1.1651464702534483e-13
MAR01718,9.238334926515142,42.03831114655598,0.006182693865476252,0.2363062170127125,3.045585099116522,7.183239816482639,302.92629084367786
MAR01720,-3.891955699062673e-14,9.145020757303577e-14,-1.7853330291873894e-13,-1.447376884293574e-13,-6.793096151885318e-14,1.6919224518618536e-13,1.7883465849476302e-13
MAR01721,-290.2795386518809,135.81199138425436,-518.843039206071,-456.5550612215831,-326.8583723774962,-22.517756827451116,111.0901420661819
MAR01722,-6.664715745238542e-14,1.5643851107845567e-13,-3.6468164180650306e-13,-2.9568058933764165e-13,-8.592692340103608e-14,3.2254915215545036e-13,3.3816352492264625e-13
MAR01723,1.1778447523700407e-13,1.4196323816132823e-13,-1.6701984547198477e-13,-1.5795625700249442e-13,1.3414116982795065e-13,3.430358652884884e-13,3.7492806816096803e-13
MAR01725,-7.8154739948319625,42.21826256556557,-302.8837272250915,-4.797031720462347,-1.1923035973540705,-0.026747368671904526,-0.0035802893391414306
MAR01726,1.4228609316832035,1.108656935304398,0.002314304935624639,0.033070017566237786,1.1904650807510966,3.129914797141083,5.273577643744917
MAR01727,7.8154739948319625,42.21826256556557,0.003580289339141509,0.026747368671904564,1.192303597354071,4.797031720462352,302.8837272250915
MAR01729,-4.8739455334825744e-14,4.068289960027023e-14,-1.708339835780282e-13,-1.633949125568206e-13,-4.867601120250146e-14,6.103222821621361e-15,2.963157582055051e-14
MAR01734,-2.798014285618239e-13,5.067666377226716e-13,-1.8062975009241638e-12,-1.715056879944105e-12,-1.0879252078340544e-13,2.2233576854637344e-13,3.5634742577866753e-13
MAR01736,-168.3876354190806,296.1287145747885,-934.5782932704789,-909.5128637627105,-127.4839428347436,117.43609263394437,864.6374799991918
MAR01738,0.0,0.0,0.0,0.0,0.0,0.0,0.0
MAR01739,0.0,0.0,0.0,0.0,0.0,0.0,0.0
MAR01740,0.0,0.0,0.0,0.0,0.0,0.0,0.0
MAR01741,0.0,0.0,0.0,0.0,0.0,0.0,0.0
MAR01742,0.0,0.0,0.0,0.0,0.0,0.0,0.0
MAR01743,0.0,0.0,0.0,0.0,0.0,0.0,0.0
MAR01744,0.0,0.0,0.0,0.0,0.0,0.0,0.0
MAR01745,0.0,0.0,0.0,0.0,0.0,0.0,0.0
MAR01746,0.0,0.0,0.0,0.0,0.0,0.0,0.0
MAR01747,0.0,0.0,0.0,0.0,0.0,0.0,0.0
MAR01748,0.0,0.0,0.0,0.0,0.0,0.0,0.0
MAR01749,0.0,0.0,0.0,0.0,0.0,0.0,0.0
MAR01750,0.0,0.0,0.0,0.0,0.0,0.0,0.0
MAR01751,0.0,0.0,0.0,0.0,0.0,0.0,0.0
MAR01752,0.0,0.0,0.0,0.0,0.0,0.0,0.0
MAR01753,0.0,0.0,0.0,0.0,0.0,0.0,0.0
MAR01754,0.0,0.0,0.0,0.0,0.0,0.0,0.0
MAR01755,-168.38763541908128,296.1287145747885,-934.5782932704789,-909.5128637627105,-127.48394283474552,117.43609263394522,864.6374799991917
MAR01756,0.0,0.0,0.0,0.0,0.0,0.0,0.0
MAR01757,-24.103449355582153,159.82721272043676,-881.0543057253917,-298.8222023774555,-0.30378740229222245,133.0725823990574,172.4816301318549
MAR01758,0.0,0.0,0.0,0.0,0.0,0.0,0.0
MAR01759,0.0,0.0,0.0,0.0,0.0,0.0,0.0
MAR01763,-24.103449355582065,159.82721272043682,-881.0543057253917,-298.8222023774555,-0.30378740229222245,133.0725823990579,172.48163013185484
MAR01766,176.51444983843214,77.21737606763742,22.64903945987381,35.65561129461146,156.94098404173388,292.30640030954595,318.8534842986624
MAR01767,-1.03645722231092e-14,5.398022878830784e-14,-1.0291492843587301e-13,-7.77939487330975e-14,-2.5644730954359397e-14,1.0995876312664981e-13,1.5182409191393553e-13
MAR01768,-7.729738396000575e-15,5.31183955329827e-14,-1.0217817031786715e-13,-7.448446663629004e-14,-2.208161488215321e-14,1.0997417214511623e-13,1.5216479463698477e-13
MAR01769,176.5144498384322,77.21737606763739,22.649039459873645,35.655611294611354,156.94098404173417,292.30640030954567,318.8534842986625
MAR01770,-6.5561339955836154e-15,5.198809136176813e-14,-1.0180922083741977e-13,-6.957051902063817e-14,-2.0993014648521598e-14,1.0997558195677268e-13,1.5231404627448162e-13
MAR01771,176.5144498384322,77.21737606763739,22.649039459873645,35.655611294611354,156.94098404173417,292.30640030954567,318.8534842986625
MAR01772,-129.09289779683874,91.2680678878864,-304.2950077286641,-277.3119173151867,-116.88753839486525,12.115876605280471,92.19495980396476
MAR01773,328.46144036078175,213.6987859327939,37.03696817280532,96.38396444447271,245.33418288430238,935.0471621340519,955.4646437234021
MAR01774,230.6246528731347,156.47091136804295,4.866721669937056,13.411861959410647,214.95735580094475,551.6771312318143,601.4164224577171
MAR01775,328.4614403607823,213.6987859327936,37.0369681728053,96.38396444447268,245.33418288430317,935.0471621340519,955.4646437234021
MAR01779,-347.54556205509056,230.35134307655665,-986.7766613132177,-955.2156714008213,-276.2333992970464,-96.37139820288907,-20.433830012691715
MAR01780,388.4574329059004,173.92959557307202,9.787102315528408,16.74940339977826,396.2948258890715,712.4842515288566,742.6311043086104
MAR01786,176.51444983843197,77.21737606763743,22.64903945987375,35.65561129461146,156.94098404173366,292.3064003095457,318.8534842986625
MAR01795,5.97148917706603,3.79866544322548,-0.6257863081855309,0.6862020579930325,5.652261948154077,12.973278853903077,15.377743238500704
MAR01797,176.5144498384322,77.2173760676374,22.64903945987381,35.65561129461146,156.94098404173394,292.30640030954595,318.8534842986624
MAR01799,-252.5400507878952,192.6782111731013,-479.2116741849799,-427.9185518171121,-332.8621312033649,229.9715875348435,292.44809308370077
MAR01802,-779.4245011190898,74.25291103283894,-978.0624466288588,-907.6034673136181,-765.173859637903,-683.7897801285143,-659.3105609432812
MAR01803,33.71910968411375,30.09546288640173,0.09284089501803783,1.2834298482093336,25.254159499714653,95.68151235455555,120.62388893136264
MAR01804,33.71910968411377,30.095462886401734,0.09284089501808612,1.2834298482093816,25.25415949971465,95.68151235455561,120.62388893136269
MAR01805,14.930422801982616,18.1989704280156,0.3053179871926095,1.3427796005234018,9.413036371992249,78.06972394217024,81.65694846202571
MAR01806,794.3549239210681,78.8636702532277,668.7143992740749,698.0244275608424,774.9809019297697,969.7203125774025,990.064135462936
MAR01807,-70.02292604476231,28.28615181548604,-139.48951154203598,-122.97363609691246,-69.3479258541289,-29.43581007342617,-2.9415147424363113
MAR01809,0.0,0.0,0.0,0.0,0.0,0.0,0.0
MAR01810,0.0,0.0,0.0,0.0,0.0,0.0,0.0
MAR01811,0.0,0.0,0.0,0.0,0.0,0.0,0.0
MAR01813,0.0,0.0,0.0,0.0,0.0,0.0,0.0
MAR01814,-97.79817381591131,351.313750891743,-978.837426106153,-928.0909022145684,-45.7902151496842,499.87940310013863,601.1551765308741
MAR01820,-644.4910868137074,165.16504788056056,-988.3386631320442,-957.3762933036105,-650.821595132938,-316.9875861679377,-278.4396695306839
MAR01827,0.2861506116502285,0.0005081763748760459,0.2858077669633661,0.2858238148629512,0.2859898212554375,0.2868773267128516,0.28973902383134126
MAR01830,933.7870942290795,37.86428047691171,821.2984902139829,862.1089129785811,939.0705849921408,988.4112140098838,997.0377417921651
MAR01831,-1.9900112509240673e-15,1.4120467060864661e-15,-4.235836774910396e-15,-4.190386512969825e-15,-1.71463416771935e-15,-4.020525049297908e-18,2.202628972407103e-18
MAR01832,1.4600135324976344,1.248370922753123,0.002453405341332065,0.046480787521933804,1.0579098966192335,4.1153386095309505,6.058385923595223
MAR01833,0.0,0.0,0.0,0.0,0.0,0.0,0.0
MAR01834,945.7003997014712,34.15900138367269,851.5090093294167,876.9923180201998,949.7432628507427,995.5671771612369,997.5958553633287
MAR01835,-7.059124763153027e-14,1.0558962097434157e-13,-4.4768934521740357e-13,-2.0142924075432838e-13,-5.99792852485074e-14,1.1206872081520238e-13,1.1534419036527964e-13
MAR01838,9.15224887858828,7.667873363467285,0.05056247606289081,0.40641242584105597,7.41151184053523,24.505602182469826,43.300878730934066
MAR01839,13.373319004884474,9.310210782641388,0.00620153710053564,0.07498743445685463,12.69589062227996,29.998143416689885,93.37332319316582
MAR01840,1.9900112509240673e-15,1.4120467060864665e-15,-2.2026289724070983e-18,4.020525049297851e-18,1.71463416771935e-15,4.190386512969825e-15,4.235836774910396e-15
MAR01841,0.0,0.0,0.0,0.0,0.0,0.0,0.0
MAR01842,2.808588212008749e-13,5.046650259995089e-13,-3.4997086176868597e-13,-2.126406937654531e-13,9.221576230725625e-14,1.6943441954012407e-12,1.7974789401920822e-12
MAR01843,0.0,0.0,0.0,0.0,0.0,0.0,0.0
MAR01844,7.060937066847557e-16,7.898326961345246e-16,-3.693838556966451e-16,-1.6894966095282567e-16,4.428749471593621e-16,2.9992275043939e-15,3.177929559069626e-15
MAR01846,7.839479248322854e-16,8.132575692598774e-16,-3.1870266154168304e-16,-1.6497957586830657e-16,4.976433888765837e-16,3.0695116165990157e-15,3.2549319897783915e-15
MAR01848,2.4196173658102524,2.1033094233636964,0.0007401162777301816,0.04390396590987511,2.0230341571010895,6.584564982152547,8.27410229968916
MAR01849,0.0,0.0,0.0,0.0,0.0,0.0,0.0
MAR01850,2.4196173658102507,2.10330942336369,0.0007401162777102037,0.04390396590985569,2.02303415710107,6.584564982152562,8.274102299689154
MAR01852,471.1060783597096,165.23021454806587,54.44006730525242,272.4807065374751,473.399961904825,934.3148040306307,955.8926839944388
MAR01854,7.815473994831967,42.21826256556557,0.003580289339141489,0.026747368671904508,1.1923035973540723,4.797031720462353,302.8837272250915
MAR01855,-2.44365909893996e-15,1.1394066303680021e-14,-3.2641863847709644e-14,-2.4538329451848684e-14,-4.053744452623704e-16,1.4663474302518593e-14,3.3102277270545167e-14
MAR01859,-471.10607835971086,165.230214548066,-955.8926839944388,-934.3148040306315,-473.39996190482174,-272.48070653747493,-54.44006730525052
MAR01862,110.59697294862126,60.14852100157894,0.010651587599042476,0.6009467673225218,110.89854479897967,192.37123114915008,235.71557479952338
MAR01863,25.689052540260885,12.398053195537972,0.02183762282766051,0.6405235938643978,26.344679628266938,43.01019813349559,53.475697489832115
MAR01864,0.0,0.0,0.0,0.0,0.0,0.0,0.0
MAR01865,-2.6951656578553166e-14,2.1499141702179638e-14,-6.12390878189272e-14,-5.610819863635616e-14,-3.021954473315444e-14,3.701505489883729e-15,1.52916580437789e-14
MAR01866,0.0,0.0,0.0,0.0,0.0,0.0,0.0
MAR01867,71.7890673846152,29.651942867374892,0.4459357332412684,5.558337742679443,75.92519902536885,103.36641783238692,247.42384827074406
MAR01871,714.3969615026873,112.72832730897586,486.0545050158763,500.9631762398644,736.4140647040397,886.1127487704724,911.4973287703413
MAR01878,5.786160726144249e-15,1.9558971736791844e-14,-4.1525319099208206e-14,-3.23737621376564e-14,6.820533393830331e-15,2.553395673329089e-14,9.682620461634758e-14
MAR01915,-161.9587207106983,330.78002452168596,-922.2108078453023,-581.2247254049671,-212.39394288625638,402.28866598236147,425.907090277389
MAR01916,0.0,0.0,0.0,0.0,0.0,0.0,0.0
MAR01917,-321.08876371883366,292.5427250103023,-933.6575634978066,-919.175472882285,-267.49976238200827,-27.356611030971838,840.7336327229771
MAR01921,0.0,0.0,0.0,0.0,0.0,0.0,0.0
MAR01923,0.0,0.0,0.0,0.0,0.0,0.0,0.0
MAR01924,316.7423391280574,115.58658823359582,10.438554862919109,32.338766725804,331.7813755309269,485.71513279824194,589.2691231545103
MAR01925,316.74233912805727,115.58658823359582,10.438554862919109,32.338766725804,331.78137553092677,485.71513279824194,589.2691231545103
MAR01926,316.74233912805727,115.58658823359582,10.438554862919109,32.338766725804,331.78137553092677,485.71513279824194,589.2691231545103
MAR01938,0.0,0.0,0.0,0.0,0.0,0.0,0.0
MAR01939,-0.004657062395023614,8.270501401152541e-06,-0.004715463317824526,-0.0046688895813355715,-0.00465444554695599,-0.004651743831622445,-0.004651482640571545
MAR01946,-93.76525391617446,226.69587174576932,-954.6197507581355,-929.9597631745582,-45.10082093518501,78.53565901647966,168.55772093634246
MAR01964,84.33899604155467,152.03319266952252,-71.42159886084738,-45.53731158776994,52.68245278844026,623.5870970949404,650.0841296034043
MAR01965,-84.33899604155467,152.03319266952252,-650.0841296034043,-623.5870970949404,-52.68245278844027,45.53731158776993,71.42159886084738
MAR01972,0.0,0.0,0.0,0.0,0.0,0.0,0.0
MAR01973,0.0,0.0,0.0,0.0,0.0,0.0,0.0
MAR01974,0.0,0.0,0.0,0.0,0.0,0.0,0.0
MAR01976,3.8545599608901216e-16,1.9080996949540485e-15,-5.174533543215654e-15,-3.4587194298363812e-15,3.576944150071528e-16,3.434774763419512e-15,4.2587321479222225e-15
MAR01996,0.0,0.0,0.0,0.0,0.0,0.0,0.0
MAR01997,0.0,0.0,0.0,0.0,0.0,0.0,0.0
MAR01998,-1.784668314553905e-14,1.980286246411824e-14,-1.2817799852646886e-13,-3.438690632899426e-14,-1.6915550596932327e-14,3.654912333448238e-15,6.5768659587879025e-15
MAR02002,0.0,0.0,0.0,0.0,0.0,0.0,0.0
MAR02003,612.1059647251877,183.27513222044493,285.69900443185895,323.32194462955886,622.0392916053427,991.2860443692609,999.0714126010087
MAR02004,612.1059647251806,183.275132220445,285.6990044318595,323.3219446295597,622.0392916053293,991.2860443692621,999.0714126010084
MAR02014,0.0,0.0,0.0,0.0,0.0,0.0,0.0
MAR02015,0.0,0.0,0.0,0.0,0.0,0.0,0.0
MAR02036,-435.2035945328376,142.31100127285563,-926.160303315732,-685.9824216176921,-403.33927779911573,-214.62401468952538,-169.62891567054322
MAR02039,435.20359453281156,142.31100127286797,169.6289156705452,214.62401468952567,403.3392777991155,685.9824216176738,926.1603033157273
MAR02041,220.88008650970153,156.7662767499352,-12.136635093599239,49.92172675955804,165.9040796079737,538.6025143845582,593.6979732979321
MAR02042,0.0,0.0,0.0,0.0,0.0,0.0,0.0
MAR02043,0.0,0.0,0.0,0.0,0.0,0.0,0.0
MAR02044,0.0,0.0,0.0,0.0,0.0,0.0,0.0
MAR02045,0.0,0.0,0.0,0.0,0.0,0.0,0.0
MAR02046,9.045466473987348,7.537147585875063,0.002156615976591634,0.10537403248602908,7.972748469040118,23.879619381829865,34.91375785006454
MAR02047,0.0,0.0,0.0,0.0,0.0,0.0,0.0
MAR02048,0.0,0.0,0.0,0.0,0.0,0.0,0.0
MAR02049,0.0,0.0,0.0,0.0,0.0,0.0,0.0
MAR02051,0.0,0.0,0.0,0.0,0.0,0.0,0.0
MAR02052,0.0,0.0,0.0,0.0,0.0,0.0,0.0
MAR02053,0.0,0.0,0.0,0.0,0.0,0.0,0.0
MAR02054,0.0,0.0,0.0,0.0,0.0,0.0,0.0
MAR02055,0.0,0.0,0.0,0.0,0.0,0.0,0.0
MAR02057,0.0,0.0,0.0,0.0,0.0,0.0,0.0
MAR02058,0.0,0.0,0.0,0.0,0.0,0.0,0.0
MAR02059,0.0,0.0,0.0,0.0,0.0,0.0,0.0
MAR02060,0.0,0.0,0.0,0.0,0.0,0.0,0.0
MAR02061,0.0,0.0,0.0,0.0,0.0,0.0,0.0
MAR02063,0.0,0.0,0.0,0.0,0.0,0.0,0.0
MAR02064,0.0,0.0,0.0,0.0,0.0,0.0,0.0
MAR02065,0.0,0.0,0.0,0.0,0.0,0.0,0.0
MAR02066,0.0,0.0,0.0,0.0,0.0,0.0,0.0
MAR02067,0.0,0.0,0.0,0.0,0.0,0.0,0.0
MAR02068,0.0,0.0,0.0,0.0,0.0,0.0,0.0
MAR02069,0.0,0.0,0.0,0.0,0.0,0.0,0.0
MAR02070,0.0,0.0,0.0,0.0,0.0,0.0,0.0
MAR02071,0.0,0.0,0.0,0.0,0.0,0.0,0.0
MAR02072,0.0,0.0,0.0,0.0,0.0,0.0,0.0
MAR02073,0.0,0.0,0.0,0.0,0.0,0.0,0.0
MAR02074,0.0,0.0,0.0,0.0,0.0,0.0,0.0
MAR02075,0.0,0.0,0.0,0.0,0.0,0.0,0.0
MAR02076,0.0,0.0,0.0,0.0,0.0,0.0,0.0
MAR02078,0.0,0.0,0.0,0.0,0.0,0.0,0.0
MAR02079,0.0,0.0,0.0,0.0,0.0,0.0,0.0
MAR02080,0.0,0.0,0.0,0.0,0.0,0.0,0.0
MAR02081,0.0,0.0,0.0,0.0,0.0,0.0,0.0
MAR02082,0.0,0.0,0.0,0.0,0.0,0.0,0.0
MAR02083,0.0,0.0,0.0,0.0,0.0,0.0,0.0
MAR02084,0.0,0.0,0.0,0.0,0.0,0.0,0.0
MAR02085,0.0,0.0,0.0,0.0,0.0,0.0,0.0
MAR02086,0.0,0.0,0.0,0.0,0.0,0.0,0.0
MAR02087,-451.6855218002803,114.18341003779409,-709.3892834060428,-683.3854603171877,-435.83724712664457,-218.65442254447166,-198.55327915664148
MAR02088,-451.68552180027984,114.18341003779477,-709.3892834060431,-683.3854603171878,-435.837247126643,-218.65442254446774,-198.5532791566375
MAR02089,451.68552180028036,114.18341003779402,198.55327915664148,218.65442254447171,435.8372471266447,683.3854603171878,709.389283406043
MAR02090,451.68552180028,114.18341003779472,198.5532791566375,218.65442254446782,435.83724712664343,683.3854603171877,709.389283406043
MAR02091,0.0,0.0,0.0,0.0,0.0,0.0,0.0
MAR02092,0.0,0.0,0.0,0.0,0.0,0.0,0.0
MAR02093,0.0,0.0,0.0,0.0,0.0,0.0,0.0
MAR02094,0.0,0.0,0.0,0.0,0.0,0.0,0.0
MAR02095,0.0,0.0,0.0,0.0,0.0,0.0,0.0
MAR02096,0.0,0.0,0.0,0.0,0.0,0.0,0.0
MAR02097,0.0,0.0,0.0,0.0,0.0,0.0,0.0
MAR02098,0.0,0.0,0.0,0.0,0.0,0.0,0.0
MAR02099,0.0,0.0,0.0,0.0,0.0,0.0,0.0
MAR02100,0.0,0.0,0.0,0.0,0.0,0.0,0.0
MAR02101,0.0,0.0,0.0,0.0,0.0,0.0,0.0
MAR02102,0.0,0.0,0.0,0.0,0.0,0.0,0.0
MAR02103,0.0,0.0,0.0,0.0,0.0,0.0,0.0
MAR02104,0.0,0.0,0.0,0.0,0.0,0.0,0.0
MAR02105,0.0,0.0,0.0,0.0,0.0,0.0,0.0
MAR02106,0.0,0.0,0.0,0.0,0.0,0.0,0.0
MAR02107,0.0,0.0,0.0,0.0,0.0,0.0,0.0
MAR02108,0.0,0.0,0.0,0.0,0.0,0.0,0.0
MAR02109,0.0,0.0,0.0,0.0,0.0,0.0,0.0
MAR02110,0.0,0.0,0.0,0.0,0.0,0.0,0.0
MAR02111,0.0,0.0,0.0,0.0,0.0,0.0,0.0
MAR02112,0.0,0.0,0.0,0.0,0.0,0.0,0.0
MAR02113,0.0,0.0,0.0,0.0,0.0,0.0,0.0
MAR02117,0.0,0.0,0.0,0.0,0.0,0.0,0.0
MAR02121,382.35797601440714,219.78272979491956,54.1627821969299,131.74714083270743,337.61852622429205,940.6198171449286,955.5526278375539
MAR02126,6.399040184809742,5.824114298693037,0.00733604293147946,0.11656313595967903,4.371763307172856,15.319366719566016,29.445666024760456
MAR02127,0.0023217818320861116,4.123264555957696e-06,0.0023190000432910802,0.002319130253467753,0.0023204772036764703,0.0023276782857744524,0.0023508976538559926
MAR02128,125.34795006198758,59.909367563697245,0.23202915061240445,6.475380575007071,115.61218255730913,229.45841268729131,322.54479370969864
MAR02129,0.00232178183208611,4.1232645559579725e-06,0.002319000043291078,0.0023191302534677507,0.0023204772036764677,0.002327678285774453,0.002350897653855992
MAR02130,-0.0023217818320861116,4.1232645559577895e-06,-0.0023508976538559926,-0.002327678285774452,-0.0023204772036764685,-0.0023191302534677533,-0.0023190000432910785
MAR02131,0.0023217818320861116,4.123264555957756e-06,0.002319000043291082,0.002319130253467751,0.0023204772036764716,0.0023276782857744524,0.002350897653855992
MAR02132,0.0023217818320861116,4.12326455595776e-06,0.0023190000432910794,0.0023191302534677533,0.0023204772036764694,0.0023276782857744524,0.0023508976538559926
MAR02133,0.0023217818320861116,4.1232645559577286e-06,0.0023190000432910807,0.002319130253467752,0.0023204772036764703,0.0023276782857744524,0.002350897653855992
MAR02134,0.0023217818320861124,4.123264555957637e-06,0.00231900004329108,0.0023191302534677537,0.0023204772036764694,0.0023276782857744533,0.0023508976538559926
MAR02135,0.0023217818320861107,4.1232645559580225e-06,0.0023190000432910794,0.00231913025346775,0.0023204772036764694,0.0023276782857744524,0.0023508976538559926
MAR02136,0.00232178183208611,4.123264555958064e-06,0.002319000043291078,0.00231913025346775,0.002320477203676468,0.002327678285774453,0.0023508976538559926
MAR02137,0.002321781832086113,4.123264555957451e-06,0.002319000043291081,0.0023191302534677537,0.0023204772036764703,0.002327678285774453,0.0023508976538559917
MAR02139,0.002321781832086112,4.123264555957649e-06,0.0023190000432910807,0.0023191302534677524,0.0023204772036764703,0.0023276782857744524,0.0023508976538559926
MAR02141,0.0023217818320861124,4.123264555957464e-06,0.0023190000432910815,0.0023191302534677533,0.002320477203676471,0.0023276782857744537,0.0023508976538559917
MAR02142,0.002321781832086113,4.123264555957489e-06,0.002319000043291081,0.0023191302534677533,0.0023204772036764703,0.0023276782857744524,0.0023508976538559917
MAR02143,0.0023217818320861124,4.123264555957464e-06,0.0023190000432910815,0.0023191302534677533,0.002320477203676471,0.0023276782857744537,0.0023508976538559917
MAR02144,0.0023217818320861116,4.123264555957741e-06,0.0023190000432910794,0.002319130253467753,0.0023204772036764694,0.002327678285774453,0.0023508976538559926
MAR02145,0.0023217818320861116,4.123264555957722e-06,0.0023190000432910794,0.002319130253467753,0.0023204772036764694,0.0023276782857744524,0.0023508976538559926
MAR02150,92.45501455984689,18.594687963267987,45.81417988691866,54.898253738221065,92.16646960823088,115.21789971988794,156.82268278986336
MAR02151,615.9403617042116,112.61106892068626,307.5767106670111,360.99920946462964,625.7030333362061,749.1090248771455,950.0572342625186
MAR02152,92.45501455984676,18.59468796326802,45.814179886918666,54.898253738221165,92.16646960823002,115.21789971988846,156.82268278986334
MAR02153,92.45501455984683,18.594687963268036,45.81417988691862,54.89825373822116,92.16646960823012,115.2178997198885,156.82268278986334
MAR02154,92.4550145598468,18.594687963268047,45.81417988691865,54.89825373822117,92.16646960823006,115.21789971988848,156.82268278986334
MAR02155,92.45501455984684,18.59468796326804,45.814179886918666,54.89825373822117,92.16646960823013,115.21789971988848,156.82268278986334
MAR02156,92.45501455984687,18.594687963268036,45.814179886918694,54.8982537382212,92.1664696082301,115.21789971988849,156.82268278986334
MAR02157,92.4550145598468,18.594687963268033,45.814179886918666,54.898253738221186,92.16646960822996,115.2178997198885,156.82268278986334
MAR02158,92.45501455984693,18.594687963267827,45.814179886919256,54.89825373822197,92.16646960823138,115.21789971988785,156.82268278986368
MAR02159,92.45501455984694,18.59468796326783,45.81417988691923,54.89825373822196,92.16646960823144,115.21789971988784,156.82268278986368
MAR02160,92.45501455984697,18.594687963267834,45.814179886919256,54.89825373822199,92.16646960823141,115.21789971988791,156.8226827898637
MAR02161,92.45501455984696,18.594687963267827,45.814179886919234,54.898253738221975,92.16646960823145,115.21789971988787,156.82268278986368
MAR02162,92.45501455984693,18.594687963267827,45.814179886919234,54.89825373822197,92.1664696082314,115.21789971988785,156.82268278986368
MAR02163,92.45501455984696,18.59468796326782,45.81417988691925,54.89825373822199,92.16646960823141,115.21789971988784,156.82268278986368
MAR02164,92.45501455984721,18.59468796326787,45.814179886919256,54.89825373822199,92.16646960823202,115.21789971988791,156.8226827898637
MAR02165,92.45501455984693,18.594687963267816,45.81417988691925,54.89825373822199,92.16646960823137,115.21789971988784,156.82268278986365
MAR02166,92.45501455984693,18.59468796326782,45.814179886919256,54.89825373822198,92.16646960823137,115.21789971988785,156.82268278986365
MAR02167,92.45501455984694,18.594687963267816,45.81417988691926,54.89825373822199,92.16646960823144,115.21789971988787,156.82268278986368
MAR02168,92.45501455984721,18.594687963267873,45.814179886919234,54.89825373822197,92.16646960823202,115.21789971988792,156.8226827898637
MAR02169,92.45501455984693,18.59468796326782,45.81417988691925,54.898253738221975,92.16646960823135,115.21789971988788,156.82268278986368
MAR02170,92.45501455984696,18.594687963267834,45.81417988691925,54.89825373822197,92.16646960823141,115.21789971988791,156.82268278986368
MAR02171,92.45501455984699,18.594687963267834,45.81417988691926,54.898253738221975,92.16646960823144,115.21789971988791,156.82268278986368
MAR02172,1.7348262038012463,1.277040605156889,0.0051223894321381575,0.02345018218385079,1.3064380178304098,3.4896765102371146,4.645607501381998
MAR02173,90.72018835604602,18.64366568626951,45.370759749687124,54.64810940608782,90.00473926811935,114.34455314714984,156.72985477839532
MAR02174,90.72018835604598,18.64366568626951,45.37075974968708,54.64810940608782,90.00473926811934,114.34455314714984,156.7298547783953
MAR02175,90.72018835604601,18.643665686269518,45.370759749687096,54.64810940608782,90.00473926811934,114.34455314714987,156.7298547783953
MAR02176,90.7201883560461,18.643665686269507,45.370759749687124,54.64810940608782,90.00473926811934,114.34455314714987,156.7298547783953
MAR02177,55.635350721600595,25.95400935739318,14.610937392598144,19.759426915034545,48.45017788339595,100.2540039977045,151.13625248605072
MAR02178,35.084837634444675,19.07605565816597,4.843748856158488,9.490801832402429,36.03360140224148,89.77241568319661,90.5871006859176
MAR02179,35.08483763444437,19.07605565816596,4.843748856158476,9.490801832401855,36.03360140224147,89.77241568319661,90.58710068591759
MAR02180,35.08483763444462,19.076055658165956,4.843748856158481,9.490801832402372,36.03360140224149,89.77241568319661,90.5871006859176
MAR02181,35.08483763444465,19.076055658165988,4.843748856158489,9.490801832402381,36.03360140224142,89.77241568319661,90.5871006859176
MAR02182,24.716919548431267,18.964332196957535,2.1252739314587217,4.299681860708535,21.0371800667305,89.11782189893452,90.46562921885112
MAR02186,-714.3969615026886,112.72832730897414,-911.4973287703392,-886.1127487704719,-736.4140647040449,-500.9631762398651,-486.05450501587677
MAR02194,257.23046201904884,172.01188917734876,0.2273855998603547,7.3557966307832015,273.40043536901453,533.8181740481136,578.2631432360337
MAR02198,-84.33899604155435,152.03319266952266,-650.0841296034044,-623.5870970949406,-52.68245278844003,45.53731158777059,71.42159886084809
MAR02206,-276.2466833429,221.97439321303403,-915.8218457528891,-474.6823074006895,-319.93590891468403,416.6568657899003,447.2156890472219
MAR02216,349.9937068689796,114.75410975669911,10.615062845638363,31.855806449643648,378.628559661037,480.28296775944705,569.2564234392444
MAR02220,143.03904168261846,211.24606366396856,-464.6997489092067,-418.34380230168176,147.57324086990863,364.4160453885147,898.2793865778278
MAR02223,1.5533347401454846e-15,3.924620441123513e-15,-4.160094917022108e-15,-3.7742913848213354e-15,4.718914372224065e-16,8.398142684954748e-15,9.090999737950653e-15
MAR02225,-162.65077306036466,282.3532171543105,-946.4894623728437,-911.8668309574535,-50.01400001246826,57.860187656031016,202.712465939207
MAR02227,3.038457534806006,1.427663635775391,0.01371146254786745,0.12988633403923236,3.1326163912037996,5.1690131761312665,7.970443793003283
MAR02228,3.0384575348048957,1.4276636357754484,0.01371146254786741,0.129886334039233,3.1326163912038356,5.169013176131283,7.970443793003296
MAR02229,3.0384575348048966,1.4276636357754484,0.013711462547867379,0.12988633403923294,3.132616391203836,5.169013176131284,7.970443793003296
MAR02230,3.038457534804899,1.42766363577545,0.013711462547867582,0.12988633403923294,3.132616391203843,5.169013176131284,7.970443793003297
MAR02231,3.038457534804895,1.4276636357754482,0.013711462547867481,0.12988633403923294,3.1326163912038356,5.169013176131281,7.970443793003294
MAR02232,3.038457534804901,1.4276636357754504,0.013711462547867505,0.12988633403923297,3.132616391203844,5.169013176131287,7.9704437930033
MAR02233,3.0384575348049014,1.427663635775451,0.013711462547867433,0.12988633403923294,3.1326163912038454,5.169013176131288,7.9704437930033
MAR02234,3.038457534804901,1.4276636357754506,0.013711462547867474,0.12988633403923291,3.132616391203845,5.169013176131287,7.970443793003299
MAR02235,3.0384575348049,1.4276636357754504,0.013711462547867509,0.12988633403923291,3.132616391203844,5.169013176131285,7.970443793003298
MAR02236,3.038457534804902,1.4276636357754509,0.013711462547867433,0.12988633403923294,3.1326163912038445,5.169013176131288,7.970443793003301
MAR02237,3.0384575348049028,1.4276636357754513,0.013711462547867393,0.12988633403923291,3.132616391203846,5.169013176131288,7.9704437930033
MAR02238,3.038457534804902,1.4276636357754509,0.013711462547867393,0.12988633403923291,3.1326163912038454,5.169013176131289,7.970443793003301
MAR02239,3.038457534804901,1.4276636357754506,0.013711462547867509,0.12988633403923291,3.132616391203844,5.169013176131285,7.970443793003298
MAR02240,3.0384575348048988,1.4276636357754486,0.01371146254786773,0.12988633403923294,3.132616391203838,5.169013176131284,7.970443793003296
MAR02241,3.0384575348049023,1.4276636357754509,0.013711462547867396,0.12988633403923291,3.132616391203846,5.169013176131288,7.970443793003299
MAR02242,3.0384575348049014,1.4276636357754509,0.013711462547867467,0.12988633403923291,3.1326163912038445,5.16901317613129,7.970443793003301
MAR02243,3.038457534804902,1.427663635775451,0.013711462547867396,0.12988633403923291,3.132616391203846,5.169013176131289,7.970443793003301
MAR02244,3.038457534804904,1.4276636357754515,0.013711462547867776,0.12988633403923294,3.1326163912038485,5.169013176131289,7.970443793003301
MAR02245,3.038457534804902,1.4276636357754515,0.013711462547867698,0.12988633403923291,3.1326163912038467,5.169013176131291,7.9704437930033025
MAR02246,3.0384575348049068,1.4276636357754517,0.013711462547867762,0.12988633403923291,3.1326163912038467,5.169013176131293,7.970443793003304
MAR02247,3.0384575348049045,1.427663635775452,0.013711462547867762,0.12988633403923291,3.1326163912038476,5.169013176131292,7.970443793003304
MAR02248,1.2227143461681262,1.163609216905062,0.004925139603634659,0.018519039832792475,0.9716836682584535,3.388905009525431,6.412240253424163
MAR02249,1.8157431886368163,0.8652741134815487,0.007677540976559933,0.040358774682323885,1.8668279163083294,3.1317593500559653,3.8571956248937282
MAR02250,1.8157431886368167,0.8652741134815489,0.0076775409765599415,0.04035877468232389,1.8668279163083301,3.131759350055966,3.8571956248937282
MAR02251,1.8157431886368165,0.8652741134815486,0.007677540976559912,0.040358774682323906,1.8668279163083301,3.1317593500559653,3.857195624893727
MAR02252,1.8157431886368156,0.8652741134815481,0.007677540976559929,0.04035877468232389,1.866827916308329,3.1317593500559635,3.8571956248937256
MAR02253,1.3314292228217601,0.7713630858933923,0.004253850310206064,0.009147450125910577,1.3948923735288714,2.652652604000868,2.8321045945149947
MAR02254,0.48431396581506553,0.39660489224700607,2.888122683643063e-05,0.009456136675521788,0.38055483346173524,1.1886847153477997,1.6050504830666286
MAR02255,0.48431396581506586,0.396604892247006,2.8881226836626465e-05,0.009456136675521799,0.38055483346173535,1.1886847153478002,1.6050504830666283
MAR02256,0.4843139658150659,0.3966048922470061,2.8881226836027782e-05,0.009456136675521807,0.3805548334617351,1.1886847153477993,1.6050504830666283
MAR02257,0.484313965815066,0.3966048922470062,2.8881226836027782e-05,0.00945613667552181,0.380554833461735,1.1886847153477995,1.6050504830666283
MAR02258,0.48431396581621944,0.3966048922472102,2.888122679183253e-05,0.009456136675520383,0.3805548334617251,1.1886847153505673,1.6050504830668455
MAR02272,-3.895163185103873e-16,5.856935985749568e-16,-2.198246917094582e-15,-1.810425203480951e-15,-4.614725663314131e-17,1.3070997998800866e-16,1.4052614031612907e-16
MAR02275,2.4196173658102844,2.103309423363706,0.0007401162777688096,0.04390396590991386,2.0230341571011143,6.584564982152607,8.274102299689217
MAR02278,382.3579760144091,219.7827297949184,54.162782196926166,131.74714083271166,337.61852622429626,940.6198171449298,955.5526278375531
MAR02281,8.717954889681117,8.264111305689932,0.008548232596256766,0.16540168424789597,6.604852911938159,24.882570291876576,38.41855597683482
MAR02282,7.571395695237097,5.0786096945224735,0.013555228491001903,0.1593762129926751,8.316198819713343,14.882860780616252,17.722994749400744
MAR02284,2.6189635963869167,1.9070525942285719,0.005532513171863477,0.01479320234988351,2.325760349979449,6.133944243481321,7.545866084102634
MAR02286,1.9796075732940879,1.7103890596323439,0.002914963099861299,0.06366788104811982,1.52813917017252,4.673411799426192,6.268096861886226
MAR02287,41.17556686144027,27.434376701312623,0.12687728494459377,0.6979087395520999,44.559962040966596,83.20184035763158,94.81795435012951
MAR02288,0.03656612619615482,0.01854962898614357,0.0018910980434749046,0.005922244367109058,0.03748181703576594,0.06524199475595233,0.07021943987979526
MAR02289,0.03772727512695009,0.015124090500812608,0.0029300996389374,0.005955745887471054,0.0415573541299647,0.05730335795839945,0.06346782993842837
MAR02292,6.557141139431558,4.589690514664713,0.01610650549030027,0.272099359357899,5.740228948676995,17.42951374938879,19.669513454779587
MAR02293,13.948028827009805,40.236173637778286,0.13322298583410713,1.6772990349366035,6.653189338057997,23.968429043574496,293.3451664379742
MAR02294,3.115605021873827,1.8966160006836132,0.005094167914952937,0.08251382865030352,3.5037413475348087,6.1567993761147175,7.917434404397078
MAR02295,168.68077493237772,123.58465612235523,7.569844837882766,18.827832718660435,151.12079064710235,506.3936118662429,544.6006891145302
MAR02296,4.690118819456372,2.9302003256266556,0.16201545204551182,0.7879847294138596,4.657577112301084,9.616590759956646,12.988301967430647
MAR02299,-2.0489677978361335e-15,9.146122458055975e-15,-2.381260569250634e-14,-1.7963637331973174e-14,-1.5127467195983562e-15,1.2072942544075833e-14,2.0629347126441138e-14
MAR02303,257.65228607105627,197.4918387671642,-50.97371632370891,-14.863760569367287,214.69346705768345,627.4104969251105,699.8341627071011
MAR02305,38.26666257262092,54.54952526293779,1.4029940826778142,5.125790686670269,21.206048821683783,227.07456262799622,256.4252985789699
MAR02307,38.26666257262093,54.54952526293779,1.40299408267782,5.125790686670278,21.20604882168382,227.07456262799622,256.42529857896994
MAR02309,38.266662572620945,54.54952526293779,1.4029940826778307,5.125790686670285,21.20604882168383,227.07456262799622,256.42529857897
MAR02310,0.0,0.0,0.0,0.0,0.0,0.0,0.0
MAR02311,38.26666257262071,54.549525262937884,1.4029940826776384,5.125790686670124,21.20604882168363,227.07456262799627,256.4252985789699
MAR02312,0.0,0.0,0.0,0.0,0.0,0.0,0.0
MAR02314,0.0,0.0,0.0,0.0,0.0,0.0,0.0
MAR02315,30.21411323876308,14.78383802264893,0.9601327722058728,1.3610737234546058,31.391684885497256,52.1245988417375,59.685518013765524
MAR02317,30.214113238760692,14.783838022647181,0.9601327722059421,1.361073723454673,31.391684885492452,52.124598841739235,59.68551801376758
MAR02319,30.214113238760685,14.783838022647178,0.9601327722059438,1.3610737234546748,31.391684885492438,52.12459884173923,59.68551801376757
MAR02321,30.214113238760678,14.783838022647178,0.9601327722059425,1.3610737234546735,31.391684885492424,52.124598841739235,59.68551801376758
MAR02322,10.36791808601386,5.879758296385522,0.05028950731002664,0.6496934126155319,10.438810216460418,18.39722261828946,21.104071036157578
MAR02323,10.367918086013866,5.8797582963856145,0.050289507309911864,0.6496934126155314,10.43881021646015,18.39722261828966,21.104071036157848
MAR02324,11.924254454076843,11.412959969758314,0.11382489216010822,0.7817009868588005,9.688299381873964,42.09534345709978,49.231964032017466
MAR02325,10.367918086013843,5.879758296385539,0.050289507310056505,0.6496934126155337,10.438810216460393,18.39722261828957,21.10407103615758
MAR02326,11.92425445407498,11.412959969758298,0.1138248921584097,0.7817009868587979,9.688299381870461,42.09534345709957,49.231964032017444
MAR02327,10.367918086013837,5.879758296385522,0.0502895073100858,0.6496934126155335,10.438810216460432,18.397222618289472,21.10407103615755
MAR02328,11.924254454074973,11.412959969758298,0.11382489215841492,0.7817009868587976,9.688299381870387,42.09534345709956,49.23196403201745
MAR02329,10.367918086013844,5.879758296385522,0.050289507310083005,0.649693412615533,10.438810216460435,18.39722261828948,21.104071036157546
MAR02330,11.924254454074969,11.412959969758294,0.11382489215841503,0.7817009868587979,9.688299381870387,42.095343457099546,49.231964032017444
MAR02332,14.096286003645478,11.29034983102446,0.3800416224518146,0.4455973122412708,12.217253603823657,43.84019887222329,49.84274765883784
MAR02333,0.0,0.0,0.0,0.0,0.0,0.0,0.0
MAR02334,14.096286003642025,11.290349831024582,0.38004162245182155,0.445597312241269,12.2172536038211,43.84019887222354,49.842747658837744
MAR02335,0.0,0.0,0.0,0.0,0.0,0.0,0.0
MAR02336,14.096286003642032,11.290349831024587,0.38004162245182155,0.4455973122412689,12.217253603821106,43.84019887222356,49.842747658837744
MAR02337,-450.14241785851937,172.41440165058725,-940.9615470804507,-651.8280477957211,-482.28713928204763,-67.62259933504899,-49.990613813777586
MAR02338,14.096286003642028,11.290349831024585,0.3800416224518213,0.44559731224126886,12.217253603821103,43.84019887222355,49.842747658837744
MAR02339,450.14241785851755,172.4144016505865,49.99061381377755,67.62259933504907,482.28713928204456,651.8280477957193,940.9615470804493
MAR02340,151.93804666994728,237.21637537701633,-424.3335105944377,-392.73910061054426,194.7866509301153,385.69882894068826,904.7383748109088
MAR02342,5.14359376429781,4.501924514459051,0.043299471237900455,0.5859625681624687,3.4628521746226872,14.512222808157752,19.010202845199395
MAR02343,5.143593764297809,4.501924514459053,0.04329947123789846,0.5859625681624776,3.462852174622685,14.512222808157759,19.010202845199398
MAR02344,5.14359376429781,4.501924514459053,0.04329947123790201,0.5859625681624809,3.462852174622686,14.512222808157759,19.010202845199398
MAR02345,5.143593764297562,4.501924514459121,0.043299471237393417,0.5859625681621239,3.462852174622414,14.512222808157464,19.010202845199267
MAR02346,93.76525391617682,226.69587174576878,-168.55772093633632,-78.53565901647247,45.100820935190086,929.959763174558,954.6197507581369
MAR02347,1.6262777672529243,1.419329706738611,0.002338219658146757,0.07213765504623551,1.2289713399566025,4.276948506214771,7.775109713556352
MAR02348,1.6262777672529323,1.4193297067386128,0.00233821965815142,0.07213765504623873,1.22897133995661,4.276948506214784,7.775109713556351
MAR02349,1.6262777672529314,1.4193297067386128,0.0023382196581503904,0.07213765504623695,1.2289713399566091,4.276948506214784,7.775109713556351
MAR02350,1.6262777672529325,1.4193297067386133,0.0023382196581510583,0.0721376550462379,1.228971339956611,4.276948506214786,7.775109713556354
MAR02351,993.4152845175178,7.109976241136389,956.916489972294,980.1703953341862,995.8172289931638,999.5789104216982,999.9873383461647
MAR02357,4.5273283363092265,0.00804010618237517,4.521904023368438,4.522157925011645,4.524784393081813,4.53882604961633,4.584102354915095
MAR02359,43.94785821353249,30.99056631112012,0.2313376850292359,1.9488668194223244,40.67703465558132,92.29795365065861,126.14084368539348
MAR02361,2.1315611815526343,1.3114142252939955,0.038883814071817145,0.5461202412572291,1.8198177568075184,4.99033537197109,6.247085523403721
MAR02362,2.1315611815526183,1.3114142252939989,0.038883814071816895,0.5461202412572284,1.8198177568074945,4.990335371971094,6.247085523403724
MAR02363,2.131561181552621,1.311414225293998,0.03888381407181712,0.5461202412572289,1.8198177568075002,4.990335371971092,6.247085523403723
MAR02364,2.131561181552622,1.3114142252939813,0.03888381407182115,0.5461202412572336,1.8198177568075122,4.990335371971035,6.2470855234036575
MAR02365,1.1629469160742754,0.9112280186152907,0.0031360854674649767,0.0930401785568058,0.9757247591735443,3.298331358103492,4.281635640729447
MAR02368,2.887677268473161,2.298418156660735,0.0017929504447539773,0.04401839307040699,2.465979257748309,7.951127725610549,10.300179659025101
MAR02379,-149.01640964355727,77.84538942084993,-306.0815849781513,-258.31611489236184,-163.54311234042524,-8.328048948723497,7.136254959294774
MAR02380,1.6704915886238536,1.9955554258507662,0.001328778018727265,0.0387315346530151,1.082691535824643,4.076952009807518,12.676084867374056
MAR02381,21.375709043759322,54.27706499715652,0.01079498418703926,0.23982387338351838,4.763506015680218,229.25919067847747,237.17614211762583
MAR02396,190.8569077743752,282.7171389094335,-229.59956299783715,-104.33431837409712,96.38096299277393,933.5748005577175,979.0799052311797
MAR02398,-5.53177871196121,4.928714613886807,-15.319803125680892,-14.388282414396079,-6.053655104401685,1.7261374505404494,3.417893617985783
MAR02399,4.810106208271065,3.245069397857494,0.018349599976250328,0.1728451599116924,4.193024995730497,10.949075985947257,14.110460461065285
MAR02400,-200.75790405990298,279.1975782559833,-979.20405959999,-933.9282781323487,-107.68884174705624,90.48988676176566,224.931218322954
MAR02401,4.810106208271001,3.2450693978574727,0.018349599976250307,0.1728451599116926,4.193024995730427,10.949075985947157,14.110460461065163
MAR02403,3.340262080685722,1.6496149128296003,0.04263028763477258,0.09850060054104559,3.329597268539906,6.2492438063277085,8.069657827670909
MAR02406,0.0,0.0,0.0,0.0,0.0,0.0,0.0
MAR02407,6.530475191980373,4.073944506965266,0.0562550498718693,0.1738703292002852,6.130887472574556,13.709447737094122,19.297761666140296
MAR02408,3.169600977219162,2.808667001227041,0.006230363624663558,0.08510351018176365,2.2359998650753985,9.887255611916052,12.517311522643087
MAR02409,3.169600977219174,2.808667001227048,0.006230363624663462,0.08510351018176376,2.2359998650754127,9.887255611916084,12.517311522643112
MAR02410,3.169600977219174,2.808667001227048,0.006230363624663398,0.08510351018176375,2.2359998650754127,9.887255611916084,12.517311522643112
MAR02413,653.1272932492506,254.71817147835097,-192.20429137308696,-68.29939527394302,710.1180934557017,986.411196651296,997.5233066965466
MAR02415,0.6817368063945187,0.6934374055932259,0.004080553265996425,0.01899212751286473,0.3849703802414486,2.0361716248174764,2.7660938617257003
MAR02416,289.6432721209079,173.23757882473853,-543.9968504371825,16.50523073493218,312.11070093970204,489.70115571239654,662.9655152341736
MAR02417,0.6817368063945218,0.6934374055932262,0.004080553266003334,0.01899212751286593,0.38497038024144936,2.036171624817485,2.766093861725701
MAR02418,-367.23794485351254,140.85744262541675,-676.4488430843138,-616.8232955176296,-349.220743004406,-150.4004776107665,-38.634808577795866
MAR02419,0.681736806394522,0.6934374055932263,0.004080553266003667,0.018992127512865782,0.3849703802414497,2.0361716248174853,2.7660938617257016
MAR02420,350.15825781845615,169.49885684011787,-41.671571819819405,1.744400765393755,349.28039812973384,664.3844072232937,788.5878650458101
MAR02421,0.6817368063946216,0.6934374055932467,0.004080553266067064,0.01899212751303226,0.384970380241487,2.0361716248176904,2.7660938617257025
MAR02427,-302.9464881611631,305.5991047661091,-996.5558155895623,-970.5374486620717,-273.61043694205466,340.8907822480915,406.5757604862924
MAR02429,3.2325812034682304,3.2660083746252244,0.0016216912787552571,0.05464136765413545,2.275894296080474,10.700425768045147,11.973965235583417
MAR02431,299.7139069576962,306.3185934241969,-407.19708206450093,-341.2022904806793,271.2200116291435,970.4576216959829,996.5422354148965
MAR02432,0.0,0.0,0.0,0.0,0.0,0.0,0.0
MAR02439,0.0,0.0,0.0,0.0,0.0,0.0,0.0
MAR02441,0.0,0.0,0.0,0.0,0.0,0.0,0.0
MAR02443,0.0,0.0,0.0,0.0,0.0,0.0,0.0
MAR02445,0.0,0.0,0.0,0.0,0.0,0.0,0.0
MAR02446,0.0,0.0,0.0,0.0,0.0,0.0,0.0
MAR02447,0.0,0.0,0.0,0.0,0.0,0.0,0.0
MAR02449,0.0,0.0,0.0,0.0,0.0,0.0,0.0
MAR02450,0.0,0.0,0.0,0.0,0.0,0.0,0.0
MAR02452,0.0,0.0,0.0,0.0,0.0,0.0,0.0
MAR02454,0.0,0.0,0.0,0.0,0.0,0.0,0.0
MAR02455,0.0,0.0,0.0,0.0,0.0,0.0,0.0
MAR02456,0.0,0.0,0.0,0.0,0.0,0.0,0.0
MAR02457,0.0,0.0,0.0,0.0,0.0,0.0,0.0
MAR02458,0.0,0.0,0.0,0.0,0.0,0.0,0.0
MAR02459,0.0,0.0,0.0,0.0,0.0,0.0,0.0
MAR02460,0.0,0.0,0.0,0.0,0.0,0.0,0.0
MAR02463,0.0,0.0,0.0,0.0,0.0,0.0,0.0
MAR02464,0.0,0.0,0.0,0.0,0.0,0.0,0.0
MAR02465,0.0,0.0,0.0,0.0,0.0,0.0,0.0
MAR02466,0.0,0.0,0.0,0.0,0.0,0.0,0.0
MAR02467,0.0,0.0,0.0,0.0,0.0,0.0,0.0
MAR02468,0.0,0.0,0.0,0.0,0.0,0.0,0.0
MAR02469,0.0,0.0,0.0,0.0,0.0,0.0,0.0
MAR02470,0.0,0.0,0.0,0.0,0.0,0.0,0.0
MAR02471,0.0,0.0,0.0,0.0,0.0,0.0,0.0
MAR02472,0.2909260110872266,0.3650693235215492,0.0005012662052542226,0.009411564055742748,0.17153706627132267,1.1056756707702275,1.6851372784964789
MAR02479,-5.789320447986492e-15,1.8091775402000732e-14,-4.303878707686714e-14,-4.035731615082644e-14,-1.4994634490361507e-15,2.2524347050892994e-14,2.758507524036798e-14
MAR02481,0.0,0.0,0.0,0.0,0.0,0.0,0.0
MAR02484,5.202267350457307,3.4156090605621894,0.06095287102215452,0.37183011120086623,5.3467462345991645,10.427864360465355,12.472198199727515
MAR02497,1.167175135923632,0.9722143732821968,0.0017489341847441043,0.13007196969427998,0.9305012888010522,3.1487703647296197,4.927362883252615
MAR02499,1.1671751359236429,0.9722143732821966,0.001748934184772702,0.1300719696943071,0.9305012888010683,3.1487703647296286,4.927362883252625
MAR02501,1.1671751359236657,0.9722143732821977,0.001748934184820995,0.1300719696943601,0.9305012888011017,3.148770364729648,4.927362883252645
MAR02503,1.1671751359236915,0.9722143732822073,0.0017489341848303842,0.13007196969436843,0.9305012888011204,3.1487703647297076,4.927362883252701
MAR02505,1.7378501650449707,1.3290393378295549,0.003503377087169375,0.2522142401520428,1.321375050026338,4.725207787500892,5.808846287308949
MAR02509,2.5101151985946957,1.452598691097135,0.2676374012892824,0.3241127432885368,2.112631649305613,5.406912015389462,6.670749529904143
MAR02510,0.0,0.0,0.0,0.0,0.0,0.0,0.0
MAR02511,0.0,0.0,0.0,0.0,0.0,0.0,0.0
MAR02512,0.0,0.0,0.0,0.0,0.0,0.0,0.0
MAR02515,2.5093963367117613,2.348676064138016,0.003823497904560227,0.034157537293700524,1.8666017666403396,8.82312161804671,9.42528854147059
MAR02516,2.509396336711764,2.3486760641380156,0.0038234979045667114,0.03415753729370047,1.8666017666403434,8.823121618046713,9.425288541470591
MAR02518,2.509396336711765,2.3486760641380164,0.0038234979045655283,0.03415753729370036,1.8666017666403438,8.823121618046716,9.425288541470595
MAR02520,2.5093963367116485,2.348676064138043,0.003823497904267307,0.03415753729370027,1.8666017666402153,8.823121618046661,9.425288541470556
MAR02522,4.810106208271065,3.245069397857494,0.018349599976250384,0.17284515991169244,4.1930249957304895,10.949075985947262,14.110460461065284
MAR02524,4.810106208271065,3.2450693978574936,0.01834959997625041,0.17284515991169322,4.193024995730497,10.949075985947253,14.110460461065287
MAR02527,0.0,0.0,0.0,0.0,0.0,0.0,0.0
MAR02544,0.0,0.0,0.0,0.0,0.0,0.0,0.0
MAR02545,0.0,0.0,0.0,0.0,0.0,0.0,0.0
MAR02546,0.0,0.0,0.0,0.0,0.0,0.0,0.0
MAR02547,0.0,0.0,0.0,0.0,0.0,0.0,0.0
MAR02548,0.0,0.0,0.0,0.0,0.0,0.0,0.0
MAR02549,0.0,0.0,0.0,0.0,0.0,0.0,0.0
MAR02550,0.0,0.0,0.0,0.0,0.0,0.0,0.0
MAR02551,0.0,0.0,0.0,0.0,0.0,0.0,0.0
MAR02553,0.0,0.0,0.0,0.0,0.0,0.0,0.0
MAR02554,0.0,0.0,0.0,0.0,0.0,0.0,0.0
MAR02555,0.0,0.0,0.0,0.0,0.0,0.0,0.0
MAR02561,0.0,0.0,0.0,0.0,0.0,0.0,0.0
MAR02562,0.0,0.0,0.0,0.0,0.0,0.0,0.0
MAR02563,0.0,0.0,0.0,0.0,0.0,0.0,0.0
MAR02564,0.0,0.0,0.0,0.0,0.0,0.0,0.0
MAR02567,0.0,0.0,0.0,0.0,0.0,0.0,0.0
MAR02569,0.0,0.0,0.0,0.0,0.0,0.0,0.0
MAR02570,0.0,0.0,0.0,0.0,0.0,0.0,0.0
MAR02571,0.0,0.0,0.0,0.0,0.0,0.0,0.0
MAR02572,0.0,0.0,0.0,0.0,0.0,0.0,0.0
MAR02573,0.0,0.0,0.0,0.0,0.0,0.0,0.0
MAR02574,0.0,0.0,0.0,0.0,0.0,0.0,0.0
MAR02575,0.0,0.0,0.0,0.0,0.0,0.0,0.0
MAR02576,0.0,0.0,0.0,0.0,0.0,0.0,0.0
MAR02577,0.0,0.0,0.0,0.0,0.0,0.0,0.0
MAR02578,0.0,0.0,0.0,0.0,0.0,0.0,0.0
MAR02579,0.0,0.0,0.0,0.0,0.0,0.0,0.0
MAR02580,0.0,0.0,0.0,0.0,0.0,0.0,0.0
MAR02587,0.0,0.0,0.0,0.0,0.0,0.0,0.0
MAR02591,-344.6467810785742,116.51759313838217,-771.9129014560258,-482.89092668897047,-360.5397672452666,-141.38347605831726,-90.81394591321765
MAR02593,-173.8913674099195,239.2656862661525,-923.8022207830974,-905.9404945842278,-161.25222832147222,255.47377078465146,348.89971567184466
MAR02594,436.9705301614949,169.97526677376362,50.13908519676093,67.30329816663885,448.6489279035766,640.0667892483389,942.2216288100542
MAR02596,763.575270118378,236.11270615510563,-26.21654035905857,66.95971026417526,809.0672063579052,983.2682798635753,992.9259968771887
MAR02598,-399.6981233147004,154.50789123463062,-927.84475719646,-634.4296673131003,-408.7401180193061,-186.2392856153933,-146.32178902658478
MAR02599,758.358291511671,96.64697554337963,561.6664352402074,595.2614168671206,742.2867857893796,985.6618068327564,988.3272266911404
MAR02600,6.004766816241995e-15,5.206321677851865e-15,-1.7105888916259952e-15,2.0458306656659356e-17,4.368865252523778e-15,1.5380971052337625e-14,2.85487485230274e-14
MAR02601,6.004766816241995e-15,5.206321677851865e-15,-1.7105888916259952e-15,2.0458306656659356e-17,4.368865252523778e-15,1.5380971052337625e-14,2.85487485230274e-14
MAR02602,-4.330162066775838,3.283861315611686,-11.456028139709467,-10.243665397963223,-3.5278890925834228,-0.07391866804808292,0.0011567449513957325
MAR02603,-21.309149750884604,24.519955628480925,-152.12547207978932,-76.1291569347592,-13.095754700420287,-1.8092781594808864,-0.08067285612548858
MAR02604,21.309149750884206,24.51995562848053,0.08067285612244186,1.8092781594817962,13.095754700419906,76.12915693475853,152.12547207978943
MAR02605,-4.158181024684259,2.6347998885908055,-10.15813018900324,-8.216911918723593,-4.133322910792904,-0.09931815975746204,-0.006909172670048849
MAR02606,-4.1581810246843105,2.6347998885907793,-10.158130189003288,-8.216911918723666,-4.1333229107931455,-0.09931815975746434,-0.006909172670049157
MAR02607,4.158181024684296,2.634799888590765,0.006909172670048692,0.09931815975746523,4.133322910793178,8.216911918723701,10.15813018900324
MAR02608,54.441729173206035,28.537155441983874,0.08825353203205423,0.772332399698155,60.385498836357286,88.89825481973939,260.8301244171156
MAR02609,54.44172917320589,28.537155441983806,0.08825353203205172,0.7723323996981548,60.38549883635697,88.89825481973901,260.83012441711566
MAR02610,-54.44172917320542,28.537155441983582,-260.8301244171155,-88.89825481973786,-60.385498836356106,-0.7723323996981326,-0.08825353203204912
MAR02611,11.82022694725691,8.691363534170799,0.02137091467941379,0.31907245595093114,9.77090949783285,28.04142639090111,42.75027478398671
MAR02612,-99.946403148973,350.8917435785451,-978.8458851123876,-928.1466775839596,-50.36379101078339,499.612596668587,599.651095317648
MAR02613,-2.148229333054688,1.82839404391684,-8.759167804146816,-5.855433844598755,-1.7686842863936638,-0.033437289377072986,-0.00300623629249543
MAR02614,9.202326340304385,5.526084917670711,-0.36707391032304665,-0.008029780503068762,9.922033635028455,16.85771196184409,21.186171754682963
MAR02616,-9.202326340304388,5.526084917670713,-21.18617175468298,-16.8577119618441,-9.922033635028484,0.008029780503068943,0.3670739103230453
MAR02618,-9.202326340304408,5.526084917670723,-21.186171754683016,-16.857711961844128,-9.922033635028505,0.008029780503069723,0.3670739103230453
MAR02620,3.475816636283871,2.0427083042232312,0.01656477480298376,0.15483905882153087,3.688729871920734,6.702871166471221,8.266262806092774
MAR02621,-3.4758166362853697,2.042708304222968,-8.266262806095938,-6.702871166471811,-3.6887298719196338,-0.1548390588233754,-0.016564774804692206
MAR02622,-3.4758166362838456,2.0427083042232246,-8.266262806092758,-6.702871166471224,-3.6887298719206427,-0.15483905882153656,-0.01656477480298378
MAR02623,-2.376308222012447,1.7330705400660926,-7.60467452035305,-6.00249407924186,-1.9149559877657496,-0.023142076983887958,-0.001130595851729651
MAR02624,-37.53955656240631,273.9416333033974,-950.5665290466153,-913.1577535988016,-18.77095166559519,452.6217416305174,522.1993750999117
MAR02625,2.3763082220124443,1.7330705400660904,0.0011305958517293852,0.023142076983886522,1.914955987765758,6.002494079241856,7.604674520353045
MAR02626,448.732979207442,195.8272176619027,90.3162906310271,181.14749610154288,421.1614267669538,952.4732775334024,969.0977423172966
MAR02629,207.83069758963228,247.67493024083123,-130.8364993416282,-51.46921321605767,176.76605925200144,911.8204179988421,942.3868237629122
MAR02630,-66.37500319303534,55.691962469892296,-283.1662338655982,-162.10700784573447,-50.14737944182957,-6.159353451189676,-0.06824956020147965
MAR02633,42.908946234149276,27.67678057343441,0.12669904250668132,0.74280903667137,45.43057430926699,87.17439383921786,99.71172835727421
MAR02634,-81.7946638552373,156.77828731435022,-509.9516930909587,-306.87277348424834,-65.61514704118997,242.91637557507423,419.9814578150879
MAR02635,-3.664015310165252,3.233312043649049,-16.17520950554001,-9.609107650647179,-2.8044442044974858,-0.08659552031560347,-0.000330953064917594
MAR02636,-163.06111942869595,79.93484638194548,-320.91492065571833,-275.83635129581717,-177.25520728026984,-11.68607260820897,-2.4613855342394677
MAR02638,187.1094331023058,301.66494555776507,-860.382679533014,-145.17435814412633,164.35531093126303,888.5270793611205,908.7505773810155
MAR02640,163.06111942869617,79.93484638194634,2.4613855342395814,11.68607260820444,177.25520728027263,275.8363512958201,320.91492065571697
MAR02642,-1.599095830974244,1.0931610415381017,-5.857171757889351,-3.6313033331130695,-1.4474673973256058,-0.08201485082566572,-0.0005253462362661954
MAR02644,-247.72408066609262,123.9329703140235,-909.8888671806648,-330.88229742520787,-247.27037823519396,-11.320884029340021,-2.1620091408940425
MAR02646,1.599095830974315,1.0931610415381061,0.0005253462362661236,0.08201485082566641,1.4474673973256391,3.631303333113171,5.857171757889423
MAR02648,0.0,0.0,0.0,0.0,0.0,0.0,0.0
MAR02649,0.0,0.0,0.0,0.0,0.0,0.0,0.0
MAR02650,0.0,0.0,0.0,0.0,0.0,0.0,0.0
MAR02651,0.0,0.0,0.0,0.0,0.0,0.0,0.0
MAR02652,0.0,0.0,0.0,0.0,0.0,0.0,0.0
MAR02653,0.0,0.0,0.0,0.0,0.0,0.0,0.0
MAR02654,483.2937801813644,164.46968402611384,193.94679424817454,267.3826438545853,443.1108549343064,935.275606218377,965.9035854741884
MAR02655,88.68877614110487,379.2208187910359,-898.0724744699646,-854.4102220878918,143.9807655847755,553.3985812947767,917.2449676938185
MAR02657,9.020422839834195,5.026306563876959,-0.3528075039886085,0.5699171760307089,8.594519652344417,18.986787398279997,21.27854006500482
MAR02658,-606.1242443447958,244.4412460769095,-992.089798460683,-974.7156474921268,-626.748075500253,80.33657047186739,145.29755529249468
MAR02659,-2.7961113339825086,2.531466102890201,-10.365085034473852,-8.60307640592579,-1.9667086468077768,-0.11417073918871674,-0.012426621112454283
MAR02660,-6.312852988826952,40.803155371403705,-289.52272542573706,-12.919314775309719,-0.01355257612680072,8.050130515754303,17.078449212249208
MAR02661,-6.312852988828473,40.80315537140359,-289.5227254257372,-12.91931477531515,-0.013552576128978977,8.050130515753805,17.078449212247506
MAR02662,6.31285298881192,40.80315537140527,-17.078449212274865,-8.050130515760348,0.013552576097888736,12.919314775292502,289.52272542573564
MAR02663,296.02269299271296,114.49961849395788,2.8933238813104944,15.212166628315485,346.06779279538404,407.8820111047227,703.3416023802884
MAR02664,296.02269299271086,114.49961849395702,2.893323881310474,15.212166628315519,346.06779279538125,407.88201110472056,703.3416023802878
MAR02665,-296.02269299271074,114.49961849395694,-703.3416023802877,-407.88201110472016,-346.0677927953816,-15.212166628315561,-2.8933238813104816
MAR02666,167.39112891914775,123.60849601665316,7.186962178342641,18.459663464155476,148.97454716592802,505.3579680799869,544.9661441520434
MAR02667,-141.28363424419973,302.8271523480992,-907.9289466947394,-880.5050733900556,-110.23117737475266,159.9202358876023,865.6788088762883
MAR02668,-0.6309873892952024,0.4767604123984167,-2.099608529020975,-1.6785074125280695,-0.5662200962662387,-0.03430645989166791,-0.0017911671553191104
MAR02669,2.6389516664137918,1.9099300629636817,0.0010078830652781915,0.010459913458797588,2.3888594048224876,5.754750458296243,6.9581756078464165
MAR02670,-2.638951666413791,1.9099300629636813,-6.9581756078464165,-5.754750458296244,-2.3888594048224867,-0.010459913458797609,-0.0010078830652781082
MAR02671,-2.638951666413793,1.9099300629636826,-6.95817560784642,-5.754750458296248,-2.3888594048224876,-0.010459913458797609,-0.0010078830652779417
MAR02672,106.4838677619468,83.03230563843674,7.823163522780215,28.976648673258158,89.94191902099058,390.94889307257404,400.622702459311
MAR02673,170.60168205859628,202.41572344810032,-838.3777923342479,13.500155303060364,145.33484752697052,527.0674597470313,694.7218604518179
MAR02674,-1.7051047583928025,1.1094985546563263,-5.626753471059101,-3.7888158378983263,-1.5940898981586833,-0.14278651043062504,-0.002351617104768537
MAR02675,-0.48675991724811857,0.574314466279846,-3.2122633047027116,-1.587446544530837,-0.3063445567254923,0.006146723881445771,0.04213124213023954
MAR02676,-0.48675991724811335,0.5743144662798461,-3.2122633047026983,-1.5874465445308357,-0.30634455672549143,0.006146723881464816,0.042131242130246785
MAR02677,0.48675991724819617,0.5743144662798317,-0.0421312421299967,-0.0061467238813497655,0.3063445567255271,1.5874465445308439,3.212263304702825
MAR02679,76.18719210209262,377.7914011588786,-898.1759172110571,-854.7658971697424,149.81759867941176,527.9442239432407,909.5682068048616
MAR02681,6.172412987961499,4.310737754097835,0.033085224495203985,1.0454363697788736,4.809037986479252,14.602848128001165,19.55747429871238
MAR02682,-6.172412987966326,4.3107377540980245,-19.557474298717807,-14.602848128003695,-4.809037986481769,-1.045436369780987,-0.03308522449458451
MAR02683,-6.172412987971496,4.310737754096989,-19.557474298716528,-14.602848128001506,-4.80903798648994,-1.0454363697797295,-0.03308522449522416
MAR02684,9.684256313178537,61.87982830969243,-33.91216268048174,-28.585242266032434,-4.730174176217133,225.37023320812227,250.10964936325882
MAR02685,-9.684256313177997,61.879828309692556,-250.10964936325882,-225.37023320812216,4.730174176218128,28.58524226603275,33.91216268048129
MAR02686,-9.684256313177741,61.87982830969256,-250.1096493632568,-225.3702332081222,4.730174176216372,28.585242266032672,33.9121626804801
MAR02687,2.229636461900778,1.6276932712491694,0.00623380189967227,0.0817539393436469,2.0583033499558123,4.859748674722337,8.28796150511847
MAR02688,-2.2296364619007747,1.6276932712491687,-8.287961505118469,-4.8597486747223355,-2.0583033499558105,-0.08175393934364701,-0.006233801899672455
MAR02689,-2.2296364619007774,1.6276932712491692,-8.28796150511847,-4.859748674722339,-2.058303349955813,-0.08175393934364701,-0.006233801899672344
MAR02690,1.5425244228148025,1.0490033077262448,0.01471423797344797,0.07685975959062936,1.4384040447965765,3.58239253369179,4.604378874490156
MAR02691,1.5425244228148025,1.0490033077262448,0.014714237973447983,0.07685975959062936,1.4384040447965765,3.58239253369179,4.604378874490156
MAR02692,-1.5425244228148025,1.0490033077262448,-4.604378874490156,-3.5823925336917903,-1.4384040447965762,-0.07685975959062899,-0.014714237973447678
MAR02693,2.0012084040722993,1.180195368129505,0.0011255464678734148,0.01225698368237042,1.8911716674400751,4.2862672910464275,5.543888490058865
MAR02695,2.001208404072299,1.1801953681295054,0.001125546467873416,0.01225698368237042,1.8911716674400751,4.2862672910464275,5.543888490058865
MAR02697,-2.001208404072299,1.1801953681295054,-5.543888490058865,-4.286267291046429,-1.8911716674400747,-0.01225698368237046,-0.001125546467873395
MAR02699,-1.078200044925279,1.0611457522077445,-6.051388055514067,-3.072056806304457,-0.7025856444941732,-0.030736083350972228,-0.001048243656541039
MAR02700,-1.0782000449252795,1.061145752207744,-6.051388055514077,-3.0720568063044613,-0.7025856444941693,-0.030736083350973033,-0.0010482436565429824
MAR02701,1.0782000449252795,1.0611457522077403,0.0010482436565469662,0.03073608335097601,0.7025856444941456,3.0720568063044875,6.051388055514102
MAR02702,0.0,0.0,0.0,0.0,0.0,0.0,0.0
MAR02703,0.0,0.0,0.0,0.0,0.0,0.0,0.0
MAR02704,0.0,0.0,0.0,0.0,0.0,0.0,0.0
MAR02705,19.679081929853346,11.294173653761817,0.024533978000262767,0.2602337114561265,19.242384802968353,36.765859049483595,44.16948209054756
MAR02706,-19.67908192984943,11.29417365376101,-44.16948209054112,-36.76585904947732,-19.242384802963272,-0.2602337114553577,-0.024533978001159085
MAR02707,-19.679081929853417,11.294173653761804,-44.16948209054759,-36.76585904948365,-19.242384802968466,-0.2602337114561305,-0.02453397800026203
MAR02708,1.1568399822953706,2.4324967137478413,0.002695678525845504,0.013728324351669603,0.2796801174865396,7.848944033681048,11.86135235371551
MAR02709,-1.1568399822953728,2.4324967137478417,-11.861352353715512,-7.848944033681051,-0.2796801174865446,-0.013728324351669785,-0.0026956785258506386
MAR02710,-1.156839982295372,2.432496713747841,-11.86135235371551,-7.848944033681048,-0.27968011748654303,-0.013728324351669841,-0.0026956785258492925
MAR02711,-39.602286697009504,342.6459184701769,-646.2150071441396,-505.21583613115865,-106.53871119148533,891.1956318254794,938.7551618055971
MAR02712,-39.60228669700936,342.6459184701764,-646.2150071441391,-505.215836131159,-106.53871119148104,891.1956318254794,938.7551618055968
MAR02713,39.602286697005255,342.6459184701766,-938.7551618055974,-891.19563182548,106.53871119148145,505.21583613115365,646.2150071441382
MAR02714,1.5375307795084323,1.0251435816343373,0.00667784906578997,0.09104194003027068,1.4834813773445432,3.438086802321287,5.228493964729692
MAR02715,291.8170694313913,136.09197872538107,-110.84668017150045,22.60722368361472,328.4259457196135,458.20972630910853,519.3226817756911
MAR02716,-1.5375307795084312,1.025143581634337,-5.228493964729692,-3.43808680232129,-1.483481377344543,-0.09104194003027072,-0.006677849065788416
MAR02717,1.0674976733292942,0.7865120995827711,0.0003328662566824729,0.014133996577266057,1.0250988162202908,2.445948377897777,3.774485097881175
MAR02718,1.0674976733292942,0.7865120995827712,0.0003328662566825712,0.014133996577265953,1.025098816220291,2.445948377897777,3.774485097881176
MAR02719,-1.0674976733292945,0.7865120995827714,-3.774485097881176,-2.4459483778977784,-1.0250988162202914,-0.014133996577266087,-0.00033286625668257056
MAR02720,1.3405209860873697,1.1066681827727942,0.0004651629345485183,0.03682977600194739,1.1254345210644678,3.6582486396350915,5.0660025703929215
MAR02722,253.88057177398227,193.10553382336136,-292.21510775519255,-229.04467649476408,334.45655017027826,430.3576585068089,480.05496096451503
MAR02724,-1.3405209860873692,1.106668182772794,-5.0660025703929215,-3.658248639635093,-1.1254345210644678,-0.036829776001947506,-0.0004651629345479077
MAR02726,0.6769915503206566,0.8107333055910027,0.0015754962844632527,0.016568864584653644,0.3767841633579126,2.0091132148218387,5.2372185760480665
MAR02727,0.6769915503206567,0.8107333055910028,0.0015754962844632804,0.016568864584653616,0.3767841633579124,2.009113214821838,5.2372185760480665
MAR02729,-0.676991550320657,0.8107333055910025,-5.2372185760480665,-2.0091132148218396,-0.376784163357913,-0.016568864584653772,-0.0015754962844640287
MAR02730,3.516718626997191,3.000294050132506,0.001882389298115334,0.037042507328132766,3.2640470038741185,9.27830304777356,11.266263894823709
MAR02731,-120.37804147057045,119.546314446401,-887.6176725060766,-186.0848888257639,-107.93663366151645,-5.194757337386251,3.764666805758111
MAR02732,-3.516718626997222,3.000294050132522,-11.266263894823778,-9.278303047773614,-3.2640470038741443,-0.03704250732814864,-0.0018823892981156072
MAR02733,1.151914382361882,0.9670873769020987,0.002014012793405906,0.016905701322454024,0.8939201145186045,2.850787454775308,3.495422449623459
MAR02734,1.1519143823618827,0.967087376902099,0.0020140127934063735,0.016905701322453982,0.8939201145186059,2.8507874547753094,3.49542244962346
MAR02735,-1.1519143823618825,0.9670873769020989,-3.495422449623459,-2.85078745477531,-0.8939201145186058,-0.016905701322454024,-0.0020140127934063458
MAR02736,0.7534859884519882,0.7897070609643203,0.0016944649886528175,0.025069894083389374,0.4081563798742688,2.717974886265244,3.650264668137731
MAR02737,0.7534859884519881,0.7897070609643203,0.0016944649886528175,0.025069894083389353,0.4081563798742682,2.717974886265244,3.650264668137731
MAR02738,-0.753485988451988,0.7897070609643202,-3.6502646681377304,-2.717974886265245,-0.4081563798742682,-0.025069894083389492,-0.0016944649886528349
MAR02739,0.9737432123196955,0.8014815932961137,0.0005376339002345835,0.050865129606422345,0.8683059416672675,2.293726289483258,3.8954097797245253
MAR02740,0.9737432123196939,0.8014815932961133,0.0005376339002332513,0.050865129606422345,0.8683059416672648,2.2937262894832573,3.8954097797245226
MAR02741,-0.9737432123196945,0.8014815932961133,-3.895409779724523,-2.2937262894832586,-0.8683059416672653,-0.0508651296064225,-0.0005376339002337162
MAR02742,-8.966703577228209,4.370355338483001,-43.60295091219449,-14.251676343682268,-9.762407794140593,-1.3136008377276835,-0.00834881378810904
MAR02744,-495.0519785025884,171.68542831066043,-852.1280385781087,-698.4082502789216,-508.0533687920115,-70.18750885988473,-45.74649681856772
MAR02745,8.966703577228161,4.3703553384830265,0.008348813788111463,1.3136008377276716,9.762407794140355,14.251676343682096,43.6029509121945
MAR02746,-8.196392462728083,5.071516395210657,-25.991803273447786,-18.532561169720772,-7.625982865870956,-0.6076069987141489,-0.07645687587261206
MAR02748,-22.441562183395188,154.9110220885682,-500.80337396876496,-490.1960583516886,15.684301967590159,87.77171984735992,102.5597113868605
MAR02750,8.196392462728186,5.071516395210751,0.07645687587261435,0.6076069987141455,7.625982865870995,18.532561169721358,25.991803273448394
MAR02752,-1.652923211819536,1.3889603137614472,-6.709344560623317,-3.990675760602703,-1.4977311110271432,-0.03328004033433692,-0.0018554327593712134
MAR02753,133.29350223338855,93.63904137071154,-540.7765643177513,4.593653266626464,146.53642759148647,275.5729653524635,329.92434140173845
MAR02754,1.6529232118186592,1.3889603137607953,0.001855432759671811,0.03328004033426445,1.497731111027337,3.9906757606003462,6.709344560621019
MAR02757,122.08227397382576,389.93010487924647,-898.0148850098686,-854.9287188803678,187.12141250713003,604.4882312113293,920.2433341674908
MAR02759,1.7747533546421848,1.3956857196864805,0.04948980086541614,0.13474272390985947,1.4094392664548392,5.056743176813976,5.536711738188768
MAR02760,-261.831265772566,260.894364110806,-945.0962028163983,-904.8872104919351,-187.41541247520627,65.62539730759876,195.66038508114195
MAR02761,-1.774753354642227,1.395685719686471,-5.536711738188827,-5.056743176813987,-1.4094392664548998,-0.13474272390986072,-0.049489800865432865
MAR02764,-464.23442409078933,193.77522679672472,-982.8436417830289,-946.8803183092399,-388.59717131151695,-259.356945147569,-193.22961728499436
MAR02768,0.7038207016751772,0.7533570815306171,0.0001871683787418709,0.005368012914464222,0.42351042868099625,2.3032029236064013,2.77978603386918
MAR02769,-0.7038207016751776,0.7533570815306175,-2.7797860338691818,-2.303202923606403,-0.4235104286809966,-0.005368012914464226,-0.00018716837874161417
MAR02770,-0.7038207016751762,0.7533570815306169,-2.779786033869181,-2.303202923606402,-0.42351042868099625,-0.005368012914464243,-0.00018716837874005465
MAR02771,1.5066532074196648,1.3516971992936313,0.0028756152985232875,0.026233690913469384,1.2148965160857976,4.276810930765523,4.771623016708199
MAR02772,1.506653207419665,1.3516971992936313,0.002875615298523244,0.026233690913470088,1.214896516085798,4.276810930765523,4.7716230167082
MAR02773,-1.5066532074196648,1.3516971992936309,-4.771623016708197,-4.276810930765521,-1.2148965160857992,-0.026233690913470678,-0.002875615298523305
MAR02774,1.0960300342812404,0.7811203986505562,0.004000091883503612,0.028342424951092897,0.8759821640254193,2.4580025998719965,3.88206896098357
MAR02775,1.0960300342812392,0.7811203986505562,0.004000091883503609,0.028342424951092893,0.8759821640254177,2.458002599871993,3.88206896098357
MAR02776,-1.09603003428124,0.7811203986505557,-3.8820689609835655,-2.4580025998719965,-0.8759821640254184,-0.028342424951092956,-0.004000091883503612
MAR02804,0.0,0.0,0.0,0.0,0.0,0.0,0.0
MAR02808,0.0,0.0,0.0,0.0,0.0,0.0,0.0
MAR02810,0.0,0.0,0.0,0.0,0.0,0.0,0.0
MAR02818,1.1073928665380381,0.6684449441976524,0.0011441302802617283,0.0017925743723628132,1.0839774212683742,2.0798561455089692,2.2905672089390703
MAR02885,-150.0692530717748,223.83419718020522,-906.8546443034232,-459.58813611345147,-151.31794224622092,245.6551315206531,305.5727869415223
MAR02889,-152.14587162280935,286.46854295551645,-945.085441124469,-910.7550674937329,-55.656055972333405,134.97106139813735,248.91984675576435
MAR02891,142.520122901688,275.1341655063175,-857.4857357751063,-420.37819725556955,186.11770376204126,535.3354474783227,566.8948254016743
MAR02921,-168.38763541908276,296.12871457478843,-934.5782932704794,-909.5128637627106,-127.48394283474632,117.43609263394215,864.6374799991922
MAR02924,328.46144036078203,213.69878593279387,37.03696817280515,96.38396444447022,245.33418288430346,935.04716213405,955.4646437234015
MAR02927,-24.103449355581066,159.8272127204367,-881.0543057253918,-298.822202377456,-0.30378740229014056,133.07258239905997,172.4816301318524
MAR02942,1.183897979488023,1.2575745307933848,0.0018585628121379834,0.0022247794134500017,0.4962218093085125,3.2128398543745473,4.557553954594328
MAR02943,1.876359658940788,2.0850792620185112,0.00045015515411770584,0.04007882313999189,1.243185099777198,6.906088476269408,7.525692190792857
MAR02944,0.0,0.0,0.0,0.0,0.0,0.0,0.0
MAR02945,0.6866587257325507,0.6544280725443098,0.001429891948706698,0.03372772268346602,0.4870145342552842,1.817864853625179,2.533181359231649
MAR02946,0.7543236374440314,0.82221025654513,0.00033276011659329966,0.006358005892030816,0.37725033315282575,2.505008558534828,2.608181263293515
MAR02947,2.5058697756948094,2.182980235861822,0.002086679558084254,0.0069078398446076675,1.3543714665774984,7.07530225819256,10.280134500222715
MAR02948,1.3138831720340658,1.1008689197082009,0.0001935493122737263,0.003009513177047116,1.027170633243598,3.91982002899373,4.5048501330374915
MAR02949,3.2325812034682455,3.266008374625213,0.001621691278790125,0.0546413676541358,2.275894296080459,10.700425768045145,11.973965235583426
MAR02951,0.9974040951515352,1.0558236209564593,0.0019355039025248178,0.005265466176214311,0.9323271300637408,3.2113221501645417,5.8587739602473325
MAR02952,0.0,0.0,0.0,0.0,0.0,0.0,0.0
MAR02953,10.147117546370625,22.128990717893146,0.015237045503539003,0.25962434914933247,2.658415029443601,77.46625086527399,90.30398138265855
MAR02954,1.5275723477239023,2.025581046353892,0.0005445543306107126,0.006028860051971043,0.7354779422629467,6.165231686995271,9.872292102613544
MAR02955,1.5962739519805702,1.820273937919825,0.0012569628253105373,0.03511410114924504,0.9796608447927369,6.245064285259402,10.325750363705284
MAR02956,1.1477702663916076,0.7880967588948863,0.0019442223637940982,0.002211383238324252,1.183563866389739,2.197437121580017,3.0913569534865006
MAR02957,0.0,0.0,0.0,0.0,0.0,0.0,0.0
MAR02959,0.0,0.0,0.0,0.0,0.0,0.0,0.0
MAR02961,0.5001904351121077,0.5498324285335019,0.001223004536449349,0.034881939899765894,0.29626478419567476,2.0710914312676576,2.7303482973933795
MAR02962,0.6137744937471157,0.7772899852591852,0.00011050572575856837,0.005785707284599024,0.3318095050549008,2.311642802402651,3.76611115872304
MAR02963,0.0,0.0,0.0,0.0,0.0,0.0,0.0
MAR02964,1.4294410911634479,1.1152847130509098,0.0017308828102167093,0.0020872700888572744,1.226080449901169,3.2641204969212794,4.327406493468965
MAR02965,1.7909014023077925,1.2690153891959264,0.0019442223637940851,0.0034966273140711024,1.9222138939816307,3.9504194364173797,5.896836910550018
MAR02966,1.950543228749724,1.6161903894678493,0.0017048698913408168,0.002087542578515176,1.238513188749839,4.759116215938466,4.856519201224517
MAR02967,2.1041343803989623,1.5521750214642958,0.002625535637905771,0.008826120222792878,1.923838707083608,4.967910341899141,5.0411283684042765
MAR02968,1.0373540047915555,1.0474170831166099,0.0013381891118266263,0.003021499913641643,0.6104743389103948,3.3017928442820574,3.910325992524055
MAR02969,1.2718416012492773,1.2124379053489953,0.0007909846612849206,0.0022522815898134486,0.7449354484081907,3.5855231652912507,3.8245641567057294
MAR02970,0.2117932942887443,0.2419613883995512,5.901176477475642e-06,0.0005475804483725596,0.14315846595412235,0.6908086371779022,1.3283594561538086
MAR02971,0.9593553043752879,0.8929949418105734,0.0020866795580842647,0.042361332993142174,0.9106316238187839,2.649578852058249,4.302586303490109
MAR02972,0.7829310029080357,0.8265503178337338,0.0006606248538720222,0.003021420777509588,0.6253753601616103,2.3456050467977567,4.441461274928013
MAR02973,0.5347351767819069,0.5151761443823878,0.0008354244572275057,0.03873687665036851,0.29777136056656384,1.9281856945904385,2.0354800657802903
MAR02974,0.7010964951283255,0.6997661638058419,0.0012171663563182043,0.012440187433316553,0.4175362501243858,2.43673154112875,2.6521119262036614
MAR02975,1.4496869219441064,1.3675508830048315,0.0015432685604476722,0.0022201947744462567,1.1448511469098692,3.652446892580194,5.627232412294449
MAR02976,1.1859419494136578,1.384656169166822,0.0002286172002827598,0.005054041395190398,0.6549378596653013,3.6359641942347496,8.651945956406026
MAR02977,0.6748587729603953,0.6785743793975709,0.0003673578807928731,0.00200503115006458,0.3261549759449712,1.7835845579150391,2.5862968305157725
MAR02978,2.0995123581811486,1.7433551725251737,0.001410705143270283,0.0017122468873711995,2.3545450645727266,4.400459710339058,4.461980976328966
MAR02979,0.8542050041225102,0.8738545305472243,0.001704869891340681,0.002086821302512566,0.5268795290350358,2.887739169140806,3.7196325782456636
MAR02980,1.3066435383147992,1.3709884668613044,0.001357719202864489,0.0035146374961012544,0.6498119180951052,4.2891372057059645,4.440751194615786
MAR02981,0.0,0.0,0.0,0.0,0.0,0.0,0.0
MAR02982,1.0725738409995393,1.3078747764048493,0.0014769689995128015,0.0019495686610108448,0.23366295919311136,4.3826597735011905,4.411943719622124
MAR02983,0.0,0.0,0.0,0.0,0.0,0.0,0.0
MAR02984,0.0,0.0,0.0,0.0,0.0,0.0,0.0
MAR02985,2.4994093567564453,2.557288455946374,0.0002424278812393987,0.006054980319588528,1.2137102510020212,8.599767270879747,10.585421607944552
MAR02986,0.5864680654701506,0.4393671907272631,0.00110824745224652,0.002868818745850198,0.5840872040129568,1.4396578976507686,2.180099311920134
MAR02987,0.9741825753350208,0.8322554619558875,4.7037845386725566e-05,0.0021624058283161033,0.7145405366957531,2.845400831108666,3.4190352224895304
MAR02988,0.0,0.0,0.0,0.0,0.0,0.0,0.0
MAR02989,0.9854577335725874,0.9557408614453458,0.0009286703960962977,0.009968900202522463,0.5172574421257479,2.568902028170267,3.9984895648265955
MAR02990,1.0205252288682456,1.5322910408455301,0.011638459485972596,0.029782105806319015,0.34395043130737135,4.667857467197483,5.59175884751765
MAR02991,0.0,0.0,0.0,0.0,0.0,0.0,0.0
MAR02992,2.9851252578711867,2.8945595477816894,0.0017442758471428064,0.02747386741703052,2.067201094488053,9.014662784696474,11.836636386381215
MAR02994,0.0,0.0,0.0,0.0,0.0,0.0,0.0
MAR02996,0.0,0.0,0.0,0.0,0.0,0.0,0.0
MAR02998,0.9610314610469379,0.8656357788583929,1.8888744303695283e-06,0.0015374807618408336,0.6606389596609596,3.030285721390767,3.0583353267030144
MAR02999,1.4542668172845805,1.8220479761779347,0.0020489062407902485,0.008638510367876504,0.6000019925114066,5.3816098676317905,7.472352680789831
MAR03000,1.3192475260966983,1.5380599117690619,3.807304885332643e-06,0.0025024043524502467,0.3516664141488949,4.2714118022768925,5.736301908600922
MAR03001,1.190545849011012,1.0215787497580031,6.225532817705024e-05,0.03343049980257605,0.8858886081973334,3.481689923884238,4.2627147573510955
MAR03002,2.514619703603825,2.430859594883384,3.284777780879476e-06,0.005035014181917228,1.4013418179507307,7.155349561814404,7.783157738487413
MAR03003,1.180110456866124,1.103474772492319,0.0007436416247559507,0.010655545697574613,0.8351051282984722,3.3862291068949615,5.790369849788517
MAR03013,0.0,0.0,0.0,0.0,0.0,0.0,0.0
MAR03015,0.0,0.0,0.0,0.0,0.0,0.0,0.0
MAR03017,0.0,0.0,0.0,0.0,0.0,0.0,0.0
MAR03022,3.688811971758454,4.499644510358044,0.2517751136123419,0.5654405486008984,2.2565890938218187,19.471944541558432,20.38456466007956
MAR03023,15.472601829394494,11.75210796795419,0.006415320637764227,0.16326114051312565,13.678314905710167,43.99220717108978,54.74905483421217
MAR03024,0.0,0.0,0.0,0.0,0.0,0.0,0.0
MAR03025,3.217729807150954,2.3703748778716385,0.004070837716815037,0.2473495021129018,2.708997069724557,8.383189175358915,11.828307282461632
MAR03029,325.9886392828072,213.4087031607358,-334.2690037348532,-311.9540407945693,332.27146725766454,608.1172326615037,662.1745115038248
MAR03030,-325.9886392828056,213.408703160735,-662.1745115038246,-608.1172326615006,-332.27146725766164,311.9540407945684,334.2690037348533
MAR03032,0.0,0.0,0.0,0.0,0.0,0.0,0.0
MAR03033,0.0,0.0,0.0,0.0,0.0,0.0,0.0
MAR03035,51.846287863107726,240.76623863926457,-436.5948834073396,-428.8399913711251,86.45284788868534,349.10925196619064,421.8452292810055
MAR03037,-51.84628786310887,240.76623863926352,-421.84522928100745,-349.10925196619377,-86.45284788868639,428.8399913711246,436.59488340733947
MAR03057,0.0,0.0,0.0,0.0,0.0,0.0,0.0
MAR03058,0.0,0.0,0.0,0.0,0.0,0.0,0.0
MAR03059,0.0,0.0,0.0,0.0,0.0,0.0,0.0
MAR03062,0.0,0.0,0.0,0.0,0.0,0.0,0.0
MAR03063,0.0,0.0,0.0,0.0,0.0,0.0,0.0
MAR03064,0.0,0.0,0.0,0.0,0.0,0.0,0.0
MAR03066,0.0,0.0,0.0,0.0,0.0,0.0,0.0
MAR03067,0.0,0.0,0.0,0.0,0.0,0.0,0.0
MAR03068,0.0,0.0,0.0,0.0,0.0,0.0,0.0
MAR03070,1.4346097629796299e-15,2.458244382784288e-15,-3.893399667059531e-15,-3.178056233913329e-15,5.264275143008229e-16,5.586042869836064e-15,6.6721217891690554e-15
MAR03071,1.4346392659314186e-15,2.458242372540531e-15,-3.893360860548966e-15,-3.178016923582734e-15,5.264539462049227e-16,5.58602859793812e-15,6.67217546261265e-15
MAR03072,1.4346097629796305e-15,2.4582443827842888e-15,-3.8933996670595326e-15,-3.1780562339133304e-15,5.264275143008231e-16,5.586042869836067e-15,6.672121789169057e-15
MAR03074,0.0,0.0,0.0,0.0,0.0,0.0,0.0
MAR03075,0.0,0.0,0.0,0.0,0.0,0.0,0.0
MAR03076,0.0,0.0,0.0,0.0,0.0,0.0,0.0
MAR03078,0.0,0.0,0.0,0.0,0.0,0.0,0.0
MAR03079,0.0,0.0,0.0,0.0,0.0,0.0,0.0
MAR03080,0.0,0.0,0.0,0.0,0.0,0.0,0.0
MAR03082,0.0,0.0,0.0,0.0,0.0,0.0,0.0
MAR03083,0.0,0.0,0.0,0.0,0.0,0.0,0.0
MAR03084,0.0,0.0,0.0,0.0,0.0,0.0,0.0
MAR03086,7.980459628842101,6.157469862164979,0.014343414216890789,0.8521321315891848,6.663395040871208,20.599561295535317,28.15749248341716
MAR03087,0.0,0.0,0.0,0.0,0.0,0.0,0.0
MAR03088,0.0,0.0,0.0,0.0,0.0,0.0,0.0
MAR03090,6.127796355160243,3.6867826593495097,0.007673724944314924,0.8905791076906727,6.177726145822303,11.76814141158811,14.674058370159592
MAR03091,0.0,0.0,0.0,0.0,0.0,0.0,0.0
MAR03092,0.0,0.0,0.0,0.0,0.0,0.0,0.0
MAR03094,0.0,0.0,0.0,0.0,0.0,0.0,0.0
MAR03095,0.0,0.0,0.0,0.0,0.0,0.0,0.0
MAR03096,0.0,0.0,0.0,0.0,0.0,0.0,0.0
MAR03098,2.6015101940352277,3.0867845261683446,0.0006852148529802454,0.03631319389353492,1.3675486949019742,9.807782401862124,14.233743041331133
MAR03099,-5.291574410415436e-16,3.5416760888386006e-16,-1.2044454871330439e-15,-1.0770490440903554e-15,-5.603883621302805e-16,-1.8803780691002833e-18,2.277630345647991e-17
MAR03100,0.0,0.0,0.0,0.0,0.0,0.0,0.0
MAR03102,13.599992113576759,9.701150216973296,0.42978984271298276,1.072238831051195,10.910450148841644,30.725332834747867,35.3148189694249
MAR03103,13.599992113576725,9.701150216973321,0.42978984271298337,1.0722388310511948,10.91045014884154,30.72533283474789,35.31481896942493
MAR03104,13.599992113576722,9.70115021697332,0.4297898427129835,1.0722388310511948,10.910450148841548,30.72533283474788,35.314818969424934
MAR03105,13.599992113575423,9.701150216976115,0.4297898427129736,1.0722388310510242,10.910450148836697,30.725332834749295,35.31481896942563
MAR03106,-449.88980472419655,119.22723980387968,-935.5345231041332,-582.0549718767844,-466.26201542274055,-263.30113647206883,-217.79321918894243
MAR03107,0.0,0.0,0.0,0.0,0.0,0.0,0.0
MAR03108,0.0,0.0,0.0,0.0,0.0,0.0,0.0
MAR03109,0.0,0.0,0.0,0.0,0.0,0.0,0.0
MAR03110,0.0,0.0,0.0,0.0,0.0,0.0,0.0
MAR03111,0.0,0.0,0.0,0.0,0.0,0.0,0.0
MAR03112,0.0,0.0,0.0,0.0,0.0,0.0,0.0
MAR03113,0.0,0.0,0.0,0.0,0.0,0.0,0.0
MAR03114,0.0,0.0,0.0,0.0,0.0,0.0,0.0
MAR03116,66.37500319303571,55.69196246989136,0.06824956020431783,6.159353451190537,50.14737944183124,162.10700784573484,283.1662338655984
MAR03117,66.37500319303567,55.691962469891344,0.06824956020424106,6.159353451190508,50.14737944183123,162.10700784573476,283.1662338655984
MAR03118,66.37500319303574,55.691962469891365,0.06824956020429251,6.159353451190535,50.14737944183132,162.10700784573487,283.1662338655984
MAR03119,206.59210285112337,152.08134669958483,-221.57283971751542,-74.89740510830298,245.43002832955307,419.0936175024204,511.00800677439446
MAR03122,75.7980860052053,39.85346900535243,0.2716310372782073,4.451308393074034,73.56788962916255,126.2976056939016,467.3338229606437
MAR03123,75.7980860052053,39.85346900535242,0.27163103727820753,4.451308393074034,73.56788962916255,126.29760569390155,467.3338229606438
MAR03125,75.79808600520529,39.85346900535243,0.271631037278208,4.451308393074034,73.56788962916252,126.2976056939016,467.3338229606438
MAR03128,21.356356832000166,21.41624495994816,0.018951662167537076,1.2415269526256119,16.688197624923234,76.80255852500592,206.50369854352826
MAR03129,21.356356832000152,21.41624495994816,0.01895166216748867,1.24152695262556,16.688197624923216,76.80255852500592,206.50369854352826
MAR03135,21.3091497508843,24.519955628480524,0.08067285612249149,1.8092781594817684,13.095754700419945,76.12915693475854,152.12547207978946
MAR03136,87.75142638304948,58.88283425834725,37.387785992871386,46.13792590549221,65.27702127549384,251.70759850066958,298.00741912531686
MAR03142,0.0,0.0,0.0,0.0,0.0,0.0,0.0
MAR03143,18.81601925177312,7.503724540300171,0.5128294088665541,2.144097354954071,18.61501186687037,30.797818114909482,46.91526945086168
MAR03144,18.816019251773472,7.5037245403003325,0.5128294088665575,2.14409735495407,18.615011866870795,30.79781811490979,46.915269450861814
MAR03146,18.816019251773454,7.503724540300328,0.5128294088665571,2.1440973549540705,18.61501186687078,30.797818114909795,46.9152694508618
MAR03149,18.816019251773454,7.503724540300329,0.5128294088665575,2.1440973549540705,18.615011866870777,30.797818114909788,46.9152694508618
MAR03150,18.816019251773476,7.503724540300334,0.5128294088665565,2.1440973549540705,18.615011866870805,30.797818114909823,46.9152694508618
MAR03151,18.81601925177346,7.50372454030033,0.512829408866557,2.14409735495407,18.615011866870795,30.797818114909795,46.9152694508618
MAR03153,18.816019251773447,7.503724540300326,0.512829408866558,2.14409735495407,18.615011866870773,30.797818114909763,46.91526945086179
MAR03156,18.816019251773447,7.503724540300328,0.512829408866558,2.14409735495407,18.61501186687077,30.797818114909756,46.91526945086179
MAR03157,18.816019251773437,7.503724540300324,0.5128294088665555,2.1440973549540705,18.615011866870766,30.79781811490972,46.915269450861786
MAR03158,18.81601925177345,7.503724540300326,0.5128294088665586,2.1440973549540696,18.615011866870777,30.797818114909763,46.915269450861764
MAR03160,18.816019251773444,7.503724540300324,0.5128294088665556,2.14409735495407,18.615011866870745,30.79781811490973,46.915269450861764
MAR03163,12.249497569820642,11.209955167459363,0.000697088754872204,0.3627537876003875,9.773282512749297,39.586710246464555,50.003784823710696
MAR03164,12.249497569820578,11.209955167459414,0.0006970887549562314,0.36275378760038757,9.773282512749152,39.58671024646449,50.003784823711
MAR03166,12.249497569820578,11.20995516745941,0.0006970887549678888,0.36275378760038673,9.773282512749152,39.586710246464484,50.003784823711
MAR03170,1.0782000449252729,1.0611457522077397,0.0010482436565345734,0.03073608335097551,0.7025856444941361,3.072056806304477,6.051388055514094
MAR03171,1.07820004492528,1.0611457522077403,0.0010482436565438936,0.030736083350975843,0.7025856444941438,3.072056806304482,6.0513880555141
MAR03172,1.078200044925279,1.0611457522077403,0.0010482436565440072,0.030736083350975774,0.7025856444941434,3.0720568063044813,6.0513880555140975
MAR03173,1.0782000449252789,1.0611457522077405,0.0010482436565416758,0.030736083350975742,0.7025856444941422,3.0720568063044817,6.0513880555140975
MAR03174,1.5649599621733818,1.1944941967531062,0.008285267683680882,0.1911488092618709,1.3268638111491717,3.808698955393919,6.281538843352694
MAR03175,1.5649599621734778,1.1944941967531033,0.008285267683681156,0.19114880926215724,1.3268638111494635,3.8086989553939206,6.281538843352761
MAR03176,1.5649599621734762,1.1944941967531029,0.008285267683681229,0.19114880926215483,1.3268638111494608,3.808698955393919,6.281538843352758
MAR03177,1.5649599621734696,1.1944941967531015,0.00828526768368128,0.19114880926214375,1.3268638111494626,3.8086989553939077,6.28153884335274
MAR03178,3.164055793147713,1.6074970679228249,0.015549016410425475,0.3465449847089346,3.114391227627401,6.148680377394214,7.749573343634607
MAR03179,3.1640557931477966,1.607497067922849,0.015549016410425958,0.3465449847089402,3.114391227627478,6.148680377394561,7.749573343634721
MAR03180,3.1640557931477904,1.6074970679228469,0.015549016410425867,0.3465449847089401,3.1143912276274652,6.14868037739454,7.749573343634704
MAR03181,3.1640557931478006,1.6074970679228497,0.015549016410425687,0.3465449847089402,3.1143912276274905,6.14868037739455,7.749573343634734
MAR03182,5.540364015160325,2.6638226368204068,0.024816759000761888,0.36950783116043884,5.26947116188777,9.818732521896607,14.378124835218731
MAR03183,5.54036401515913,2.6638226368201505,0.024816759000762634,0.36950783116044134,5.2694711618852,9.81873252189675,14.378124835218884
MAR03184,5.540364015159124,2.6638226368201487,0.024816759000762082,0.3695078311604413,5.269471161885193,9.818732521896747,14.378124835218873
MAR03185,5.540364015159136,2.6638226368201523,0.024816759000762665,0.3695078311604413,5.269471161885212,9.818732521896747,14.378124835218875
MAR03186,9.698545039843026,4.36475208943332,0.03839578925266827,0.4787386439245658,10.58750475679814,15.282106202914106,22.862780094636186
MAR03187,9.698545039843456,4.364752089433492,0.038395789252667845,0.47873864392456444,10.587504756798324,15.282106202914914,22.86278009463662
MAR03188,9.69854503984344,4.3647520894334875,0.03839578925266792,0.47873864392456444,10.5875047567983,15.282106202914887,22.862780094636605
MAR03189,9.69854503984345,4.364752089433492,0.03839578925266814,0.47873864392456444,10.587504756798317,15.282106202914921,22.862780094636605
MAR03190,6.107432562090064,3.372998925239406,0.03043020940217288,0.24812979622180634,6.451478011558865,11.404854054827759,13.991794717361037
MAR03191,6.107432562090063,3.372998925239405,0.03043020940217295,0.24812979622180628,6.451478011558863,11.40485405482776,13.991794717361039
MAR03192,6.107432562090065,3.372998925239407,0.03043020940217286,0.24812979622180634,6.4514780115588675,11.404854054827762,13.99179471736104
MAR03193,6.10743256209006,3.372998925239404,0.030430209402172257,0.24812979622180634,6.451478011558859,11.404854054827759,13.99179471736103
MAR03194,1.6365376500165483,1.2325951446947356,0.005290774337047049,0.016438287498325956,1.5232197303346386,3.838093060378446,5.229023277684463
MAR03195,1.6365376500165487,1.232595144694736,0.005290774337047056,0.01643828749832596,1.5232197303346404,3.838093060378446,5.229023277684464
MAR03196,1.636537650016549,1.232595144694736,0.005290774337047056,0.01643828749832596,1.5232197303346404,3.838093060378446,5.229023277684464
MAR03197,1.6365376500165485,1.2325951446947359,0.005290774337047008,0.01643828749832591,1.5232197303346389,3.838093060378447,5.229023277684464
MAR03198,11.484744649460255,4.836185488344742,0.043211318563296186,0.5892001006086603,12.403992189035357,17.59305002685501,25.1660189177287
MAR03199,11.484744649460255,4.836185488344742,0.043211318563296484,0.5892001006086605,12.40399218903535,17.593050026855007,25.1660189177287
MAR03200,11.484744649460257,4.836185488344742,0.043211318563296255,0.5892001006086606,12.403992189035353,17.593050026855007,25.1660189177287
MAR03201,11.484744649460252,4.836185488344742,0.043211318563296484,0.5892001006086606,12.403992189035353,17.593050026854993,25.16601891772871
MAR03202,13.006803189273446,5.289838893816434,0.0473343982155568,0.8823555690568582,13.831610217930262,19.77382340459855,25.315917825279964
MAR03203,13.00680318927344,5.28983889381643,0.04733439821555656,0.8823555690568581,13.831610217930233,19.773823404598524,25.315917825279968
MAR03204,13.006803189273452,5.289838893816436,0.047334398215557995,0.8823555690568582,13.83161021793027,19.77382340459856,25.31591782527997
MAR03205,13.006803189273443,5.289838893816432,0.04733439821555636,0.8823555690568597,13.83161021793024,19.77382340459853,25.31591782527997
MAR03209,-34.10801030772012,98.71559946832828,-194.71926542281494,-152.14731035720484,-55.59470774897386,90.02410180356482,457.8278849664347
MAR03212,0.0,0.0,0.0,0.0,0.0,0.0,0.0
MAR03214,-370.4490426348092,225.80959429679115,-972.1999404953908,-936.0713750055174,-319.0074091178028,-159.92414940109458,409.6808013665708
MAR03215,650.3828158888028,147.9614044089771,226.44569457513816,281.04097327920823,705.7959205701017,780.1971471220254,834.5219029828553
MAR03218,19.679081929853357,11.294173653761819,0.024533978000262753,0.26023371145612667,19.242384802968353,36.765859049483616,44.16948209054758
MAR03219,19.679081929853353,11.29417365376182,0.024533978000263176,0.2602337114561269,19.242384802968342,36.76585904948362,44.1694820905476
MAR03220,19.679081929853357,11.294173653761819,0.024533978000262448,0.2602337114561269,19.242384802968353,36.76585904948362,44.1694820905476
MAR03221,19.679081929853357,11.294173653761822,0.024533978000263013,0.26023371145612695,19.242384802968346,36.765859049483616,44.1694820905476
MAR03222,29.363338243031325,55.71170876131753,1.5256924666727318,4.301714636694796,12.18222204658112,225.6304669195786,253.76380999223565
MAR03223,29.36333824303134,55.71170876131754,1.5256924666727425,4.301714636694807,12.182222046581105,225.6304669195786,253.76380999223576
MAR03224,29.36333824303134,55.71170876131754,1.5256924666727372,4.301714636694804,12.182222046581101,225.6304669195786,253.76380999223576
MAR03225,29.36333824303135,55.711708761317524,1.5256924666727514,4.301714636694805,12.182222046581154,225.6304669195786,253.76380999223576
MAR03226,21.375709043759382,54.27706499715651,0.01079498418694887,0.23982387338377162,4.763506015680344,229.25919067847747,237.17614211762586
MAR03227,21.375709043759322,54.27706499715652,0.010794984187021853,0.2398238733835332,4.763506015680248,229.25919067847747,237.17614211762583
MAR03228,21.375709043759308,54.27706499715652,0.010794984187008087,0.2398238733835216,4.763506015680221,229.25919067847747,237.17614211762583
MAR03230,3.6640153101615045,3.233312043648237,0.0003309530667198572,0.08659552031535281,2.8044442044920443,9.609107650637618,16.175209505531186
MAR03231,3.664015310161519,3.2333120436482368,0.0003309530667206075,0.08659552031535386,2.8044442044920634,9.60910765063762,16.175209505531193
MAR03232,3.664015310161518,3.233312043648236,0.00033095306672063524,0.08659552031535392,2.8044442044920634,9.609107650637618,16.175209505531186
MAR03233,3.664015310161511,3.2333120436482354,0.00033095306672025447,0.08659552031535292,2.8044442044920537,9.609107650637613,16.17520950553118
MAR03234,7.139831946445303,4.29115294374729,0.030206410056455458,0.21328767638124485,6.634600470084552,15.658767999743915,23.231298769655094
MAR03235,7.139831946445329,4.291152943747294,0.030206410056455052,0.2132876763812436,6.634600470084575,15.658767999743924,23.231298769655137
MAR03236,7.139831946445332,4.291152943747295,0.03020641005645502,0.2132876763812436,6.634600470084576,15.658767999743922,23.231298769655137
MAR03237,7.139831946445316,4.291152943747293,0.030206410056455385,0.213287676381244,6.634600470084564,15.658767999743914,23.231298769655133
MAR03238,418.00039859036474,153.7541515794713,42.65870705692268,54.96978220057385,457.06895188007684,558.0484129265369,937.3671817937355
MAR03239,-7.139831946445312,4.291152943747292,-23.231298769655123,-15.658767999743914,-6.634600470084558,-0.21328767638124455,-0.030206410056455607
MAR03240,6.172412987978873,4.310737754096378,0.03308522449524006,1.0454363697803488,4.8090379864979536,14.602848128001739,19.557474298719566
MAR03241,6.172412987978909,4.3107377540963645,0.03308522449523978,1.0454363697803548,4.8090379864979695,14.60284812800174,19.557474298719573
MAR03242,6.172412987978907,4.310737754096366,0.03308522449523993,1.0454363697803546,4.809037986497968,14.60284812800174,19.55747429871957
MAR03243,6.172412987978911,4.310737754096366,0.03308522449523978,1.0454363697803541,4.809037986497971,14.602848128001744,19.557474298719576
MAR03244,12.485265976782703,39.827528356376355,0.03832400150847136,0.5392849328322509,6.310003550120188,15.484243491327268,290.2307306069083
MAR03245,12.485265976782763,39.82752835637635,0.03832400150847179,0.5392849328322504,6.310003550120273,15.484243491327218,290.2307306069083
MAR03246,12.485265976782763,39.82752835637634,0.03832400150847191,0.5392849328322504,6.310003550120274,15.484243491327229,290.23073060690825
MAR03247,12.485265976782769,39.82752835637635,0.03832400150847167,0.5392849328322504,6.310003550120285,15.484243491327243,290.2307306069083
MAR03250,50.100118345412874,59.95104389779901,9.588274433624756,17.802165602967868,33.4573426983049,233.59793181950386,291.094198780555
MAR03252,50.10011834541325,59.951043897798904,9.588274433625564,17.802165602968554,33.45734269830537,233.59793181950386,291.0941987805551
MAR03254,50.1001183454132,59.95104389779892,9.588274433625493,17.80216560296846,33.4573426983053,233.59793181950388,291.094198780555
MAR03256,50.100118345413165,59.95104389779892,9.588274433625424,17.80216560296843,33.45734269830525,233.59793181950383,291.094198780555
MAR03258,59.302444685717,57.20651872546162,23.000736237304565,29.089107684194804,43.95383200912707,233.3732989023524,292.2826907680123
MAR03260,59.302444685716985,57.20651872546161,23.00073623730471,29.089107684194904,43.95383200912693,233.37329890235236,292.2826907680123
MAR03262,59.30244468571698,57.20651872546161,23.000736237304718,29.089107684194893,43.95383200912693,233.37329890235236,292.28269076801223
MAR03264,59.302444685717006,57.2065187254616,23.000736237304782,29.089107684194953,43.95383200912693,233.37329890235233,292.28269076801223
MAR03272,-59.3024446857204,57.206518725460896,-292.2826907680111,-233.37329890235193,-43.95383200912828,-29.089107684203533,-23.000736237280343
MAR03273,2.1944335397325596,2.3895580441462454,0.0006043905195308857,0.03694422556639458,1.3514337297298489,7.381024957413229,12.344716352950508
MAR03275,8.966703577228197,4.370355338483027,0.008348813788116879,1.3136008377276718,9.762407794140405,14.251676343682139,43.60295091219452
MAR03276,0.0,0.0,0.0,0.0,0.0,0.0,0.0
MAR03277,8.966703577228202,4.370355338483038,0.00834881378811598,1.3136008377276718,9.76240779414043,14.251676343682151,43.6029509121945
MAR03278,8.966703577228204,4.370355338483037,0.008348813788115928,1.3136008377276722,9.762407794140426,14.251676343682158,43.6029509121945
MAR03279,8.966703577228207,4.370355338483038,0.008348813788115953,1.313600837727672,9.762407794140435,14.251676343682155,43.6029509121945
MAR03280,8.966703577228202,4.370355338483036,0.008348813788115942,1.3136008377276716,9.762407794140419,14.25167634368214,43.6029509121945
MAR03281,18.816019251773433,7.503724540300322,0.5128294088665555,2.1440973549540687,18.61501186687076,30.797818114909727,46.915269450861764
MAR03282,18.816019251773426,7.503724540300318,0.5128294088665553,2.1440973549540696,18.615011866870745,30.797818114909727,46.91526945086176
MAR03283,18.81601925177344,7.503724540300324,0.5128294088665554,2.144097354954069,18.615011866870752,30.797818114909724,46.915269450861786
MAR03284,8.488769533097017,6.5341398858637,0.018374815346260454,0.8299891845587237,7.302527659957555,22.178526652874098,45.04765461471891
MAR03285,14.638490607797264,6.773137261166453,0.4028050224371424,1.91888140926364,14.614788012778632,26.40366967749761,46.01126849624068
MAR03286,14.638490607797277,6.773137261166457,0.4028050224371406,1.9188814092636404,14.61478801277869,26.40366967749757,46.01126849624068
MAR03287,14.638490607797262,6.77313726116645,0.40280502243714145,1.91888140926364,14.614788012778622,26.403669677497607,46.01126849624068
MAR03288,14.638490607797253,6.7731372611664495,0.4028050224371421,1.9188814092636404,14.614788012778618,26.403669677497607,46.01126849624068
MAR03289,0.0,0.0,0.0,0.0,0.0,0.0,0.0
MAR03290,18.816019251773444,7.503724540300324,0.512829408866555,2.144097354954069,18.615011866870766,30.79781811490974,46.9152694508618
MAR03292,18.81601925177344,7.503724540300323,0.5128294088665547,2.144097354954069,18.615011866870766,30.79781811490976,46.91526945086179
MAR03293,18.81601925177346,7.503724540300329,0.5128294088665564,2.14409735495407,18.61501186687078,30.797818114909813,46.9152694508618
MAR03294,8.846926711561371,5.581222740642838,0.2335135318028668,1.2222553788998738,7.9842492358314985,20.20138486185903,44.21342033854783
MAR03298,-18.816019251773117,7.50372454030017,-46.91526945086168,-30.797818114909468,-18.615011866870365,-2.144097354954072,-0.5128294088665543
MAR03302,0.0,0.0,0.0,0.0,0.0,0.0,0.0
MAR03304,0.0,0.0,0.0,0.0,0.0,0.0,0.0
MAR03305,0.0,0.0,0.0,0.0,0.0,0.0,0.0
MAR03307,0.0,0.0,0.0,0.0,0.0,0.0,0.0
MAR03309,0.0,0.0,0.0,0.0,0.0,0.0,0.0
MAR03310,0.0,0.0,0.0,0.0,0.0,0.0,0.0
MAR03312,0.0,0.0,0.0,0.0,0.0,0.0,0.0
MAR03314,0.0,0.0,0.0,0.0,0.0,0.0,0.0
MAR03315,0.0,0.0,0.0,0.0,0.0,0.0,0.0
MAR03316,0.0,0.0,0.0,0.0,0.0,0.0,0.0
MAR03317,0.0,0.0,0.0,0.0,0.0,0.0,0.0
MAR03319,0.0,0.0,0.0,0.0,0.0,0.0,0.0
MAR03321,1.3485920863036858,1.2005966141135918,2.3243957971968076e-05,0.010463445381467214,1.0969552155943443,3.8239736602155157,5.268460426804398
MAR03323,-2.4559849528417415,1.5477387560191633,-6.178211756973692,-5.487477957739716,-2.1651467617441367,-0.01605510142681594,-0.0012418935589572852
MAR03326,15.47260182939451,11.752107967954442,0.006415320637761995,0.16326114051312823,13.678314905713327,43.99220717108987,54.74905483421244
MAR03327,15.472601829394504,11.752107967954439,0.006415320637762366,0.16326114051312826,13.67831490571332,43.99220717108987,54.74905483421242
MAR03328,15.472601829394506,11.75210796795444,0.0064153206377620155,0.16326114051312818,13.678314905713309,43.99220717108987,54.74905483421244
MAR03329,15.47260182939452,11.752107967954442,0.006415320637761599,0.16326114051312815,13.67831490571336,43.99220717108987,54.74905483421244
MAR03330,0.0,0.0,0.0,0.0,0.0,0.0,0.0
MAR03331,0.0,0.0,0.0,0.0,0.0,0.0,0.0
MAR03332,0.0,0.0,0.0,0.0,0.0,0.0,0.0
MAR03333,0.0,0.0,0.0,0.0,0.0,0.0,0.0
MAR03334,0.0,0.0,0.0,0.0,0.0,0.0,0.0
MAR03335,0.0,0.0,0.0,0.0,0.0,0.0,0.0
MAR03336,0.0,0.0,0.0,0.0,0.0,0.0,0.0
MAR03337,0.0,0.0,0.0,0.0,0.0,0.0,0.0
MAR03338,0.0,0.0,0.0,0.0,0.0,0.0,0.0
MAR03339,0.0,0.0,0.0,0.0,0.0,0.0,0.0
MAR03340,0.0,0.0,0.0,0.0,0.0,0.0,0.0
MAR03342,0.0,0.0,0.0,0.0,0.0,0.0,0.0
MAR03343,0.0,0.0,0.0,0.0,0.0,0.0,0.0
MAR03344,0.0,0.0,0.0,0.0,0.0,0.0,0.0
MAR03346,0.0,0.0,0.0,0.0,0.0,0.0,0.0
MAR03347,0.0,0.0,0.0,0.0,0.0,0.0,0.0
MAR03348,0.0,0.0,0.0,0.0,0.0,0.0,0.0
MAR03350,0.0,0.0,0.0,0.0,0.0,0.0,0.0
MAR03351,0.0,0.0,0.0,0.0,0.0,0.0,0.0
MAR03352,0.0,0.0,0.0,0.0,0.0,0.0,0.0
MAR03355,-4.369390821195023,3.1306290474466567,-11.687645701195414,-9.554899615312662,-3.641192553138274,-0.1251717207292877,-0.0028945475682911276
MAR03356,0.0,0.0,0.0,0.0,0.0,0.0,0.0
MAR03357,0.0,0.0,0.0,0.0,0.0,0.0,0.0
MAR03358,0.0,0.0,0.0,0.0,0.0,0.0,0.0
MAR03359,0.0,0.0,0.0,0.0,0.0,0.0,0.0
MAR03360,0.0,0.0,0.0,0.0,0.0,0.0,0.0
MAR03361,0.0,0.0,0.0,0.0,0.0,0.0,0.0
MAR03362,0.0,0.0,0.0,0.0,0.0,0.0,0.0
MAR03363,0.0,0.0,0.0,0.0,0.0,0.0,0.0
MAR03365,0.0,0.0,0.0,0.0,0.0,0.0,0.0
MAR03367,0.0,0.0,0.0,0.0,0.0,0.0,0.0
MAR03368,0.0,0.0,0.0,0.0,0.0,0.0,0.0
MAR03370,0.0,0.0,0.0,0.0,0.0,0.0,0.0
MAR03371,10.327249718677097,6.228076718089481,0.00955769919593605,0.2542799136609321,10.254982581900238,21.25756412463783,24.88637321814545
MAR03372,0.0,0.0,0.0,0.0,0.0,0.0,0.0
MAR03374,4.1775286439769195,3.05647563016875,0.006203023401860421,0.14250408017853294,4.132613405948293,9.940419130493384,11.578582334740872
MAR03375,0.0,0.0,0.0,0.0,0.0,0.0,0.0
MAR03376,4.17752864397692,3.0564756301687486,0.006203023401860227,0.14250408017853397,4.132613405948296,9.94041913049338,11.578582334740867
MAR03377,4.177528643976441,3.0564756301687144,0.006203023401858764,0.14250408017841412,4.1326134059472235,9.940419130492955,11.57858233474051
MAR03378,-4.17752864397644,3.056475630168714,-11.578582334740506,-9.94041913049296,-4.132613405947222,-0.1425040801784141,-0.006203023401858834
MAR03379,4.177528643976439,3.056475630168713,0.006203023401858832,0.14250408017841407,4.132613405947222,9.940419130492954,11.578582334740503
MAR03380,4.177528643976441,3.056475630168715,0.006203023401858789,0.1425040801784143,4.1326134059472235,9.940419130492957,11.57858233474051
MAR03381,4.1775286439764425,3.0564756301687166,0.006203023401858806,0.14250408017841398,4.132613405947222,9.940419130492959,11.578582334740515
MAR03386,-226.6555476075895,74.62828694052023,-430.4290636854481,-317.2915625331599,-246.89524998879617,-35.7703893083456,-32.70087498774419
MAR03398,2.148229333054689,1.8283940439168402,0.003006236292493869,0.03343728937707301,1.7686842863936652,5.855433844598755,8.759167804146818
MAR03406,2.7961113339850066,2.531466102890915,0.012426621112458678,0.11417073918881236,1.9667086468099186,8.603076405929105,10.365085034476797
MAR03407,0.6309873892951996,0.4767604123984154,0.0017911671553190861,0.03430645989167318,0.5662200962662302,1.6785074125280668,2.099608529020962
MAR03408,2.6389516664137895,1.9099300629636804,0.0010078830652754923,0.010459913458797598,2.3888594048224876,5.754750458296238,6.958175607846415
MAR03409,1.7051047583928034,1.1094985546563232,0.0023516171047684264,0.14278651043062526,1.5940898981586937,3.788815837898309,5.626753471059088
MAR03411,2.2296364619007876,1.6276932712491705,0.006233801899672536,0.08175393934364636,2.0583033499558283,4.85974867472233,8.287961505118469
MAR03413,1.542524422814822,1.0490033077262502,0.014714237973414247,0.07685975959074395,1.4384040447965432,3.5823925336918165,4.604378874490089
MAR03414,2.0012084040741347,1.180195368130097,0.0011255464678758896,0.012256983682371322,1.8911716674408363,4.286267291047161,5.543888490062211
MAR03416,1.1568399822953739,2.4324967137478417,0.002695678525878311,0.01372832435166877,0.2796801174865686,7.84894403368106,11.861352353715509
MAR03421,1.7747533546425593,1.3956857196865018,0.04948980086651411,0.13474272391058043,1.4094392664553048,5.056743176816913,5.536711738188283
MAR03423,0.703820701675179,0.7533570815306178,0.00018716837874171825,0.005368012914464203,0.42351042868099786,2.3032029236064036,2.7797860338691827
MAR03424,1.506653207419668,1.3516971992936313,0.002875615298523042,0.026233690913455173,1.214896516085822,4.276810930765525,4.7716230167082
MAR03425,1.0960300342812421,0.7811203986505577,0.004000091883503746,0.02834242495109284,0.8759821640254177,2.458002599871986,3.8820689609835664
MAR03427,1.0674976733292938,0.7865120995827714,0.0003328662566825644,0.014133996577267376,1.0250988162202948,2.445948377897774,3.7744850978811773
MAR03428,1.340520986087519,1.1066681827728504,0.00046516293478304424,0.03682977600194492,1.1254345210645693,3.6582486396351204,5.066002570393406
MAR03429,0.6769915503206314,0.8107333055910096,0.001575496284393233,0.01656886458465198,0.3767841633578919,2.0091132148218254,5.237218576048066
MAR03430,3.516718626997178,3.0002940501325646,0.001882389298114109,0.03704250732812471,3.2640470038740523,9.278303047773704,11.266263894823819
MAR03431,1.151914382361872,0.9670873769020939,0.002014012793401276,0.016905701322454,0.8939201145185951,2.8507874547752916,3.4954224496234247
MAR03432,0.7534859884519879,0.7897070609643202,0.0016944649886528175,0.025069894083388913,0.40815637987426745,2.7179748862652433,3.65026466813773
MAR03433,0.9737432123195334,0.8014815932960362,0.0005376338998529801,0.05086512960643931,0.8683059416670822,2.293726289482923,3.8954097797242775
MAR03437,-1.176701012953009,1.7485396574108305,-6.551919428777209,-4.8099735686676,-0.49189391783343966,0.7236036429855183,2.2286138459722187
MAR03452,9.849315674545947,5.62843775188601,0.08100581228124683,0.6801465568754671,9.443434938012135,20.358359650500752,27.974855077282918
MAR03453,9.849315674545942,5.6284377518860085,0.08100581228124683,0.6801465568754671,9.443434938012139,20.35835965050076,27.974855077282918
MAR03454,9.849315674545949,5.62843775188601,0.08100581228124669,0.6801465568754672,9.443434938012132,20.35835965050076,27.974855077282925
MAR03455,-9.84931567454595,5.62843775188601,-27.974855077282943,-20.35835965050078,-9.443434938012139,-0.6801465568754681,-0.08100581228124647
MAR03456,9.849315674546935,5.628437751886422,0.08100581228124783,0.6801465568754681,9.443434938014446,20.358359650501757,27.974855077283934
MAR03457,9.849315674545998,5.628437751886022,0.08100581228124694,0.680146556875467,9.443434938012174,20.35835965050078,27.97485507728295
MAR03458,9.849315674546,5.628437751886023,0.0810058122812468,0.6801465568754669,9.443434938012182,20.35835965050078,27.974855077282957
MAR03473,4.41961804830944,4.3572612401374125,0.010235104753319414,0.27103811752195894,3.610844343663228,10.828906722322065,38.83169848883336
MAR03480,0.0,0.0,0.0,0.0,0.0,0.0,0.0
MAR03481,4.1885318969441817e-20,4.046812718795505e-20,-2.3703126050541036e-21,-1.8086724567806694e-22,1.994630918615011e-20,1.0745386821374374e-19,1.2587872410691121e-19
MAR03482,4.1885318969441817e-20,4.046812718795505e-20,-2.3703126050541036e-21,-1.8086724567806694e-22,1.994630918615011e-20,1.0745386821374374e-19,1.2587872410691121e-19
MAR03483,3.1696009772191727,2.808667001227047,0.00623036362466344,0.08510351018176374,2.2359998650754114,9.88725561191608,12.517311522643109
MAR03484,4.1885318969441817e-20,4.046812718795505e-20,-2.3703126050541036e-21,-1.8086724567806694e-22,1.994630918615011e-20,1.0745386821374374e-19,1.2587872410691121e-19
MAR03486,4.1885318969441817e-20,4.046812718795505e-20,-2.3703126050541036e-21,-1.8086724567806694e-22,1.994630918615011e-20,1.0745386821374374e-19,1.2587872410691121e-19
MAR03488,4.1885318969441805e-20,4.0468127187955036e-20,-2.3703126050541036e-21,-1.8086724567806694e-22,1.994630918615011e-20,1.0745386821374373e-19,1.258787241069112e-19
MAR03491,4.1885318969441805e-20,4.0468127187955036e-20,-2.370312605054103e-21,-1.8086724567806619e-22,1.994630918615011e-20,1.074538682137437e-19,1.258787241069112e-19
MAR03493,4.1885318969441817e-20,4.046812718795505e-20,-2.3703126050541036e-21,-1.8086724567806694e-22,1.994630918615011e-20,1.0745386821374374e-19,1.2587872410691121e-19
MAR03498,4.1885318969441805e-20,4.0468127187955036e-20,-2.3703126050541036e-21,-1.8086724567806694e-22,1.994630918615011e-20,1.0745386821374373e-19,1.258787241069112e-19
MAR03501,4.1885318969441817e-20,4.046812718795505e-20,-2.3703126050541036e-21,-1.8086724567806694e-22,1.994630918615011e-20,1.0745386821374374e-19,1.2587872410691121e-19
MAR03503,4.1885318969441805e-20,4.0468127187955036e-20,-2.3703126050541036e-21,-1.8086724567806694e-22,1.994630918615011e-20,1.0745386821374373e-19,1.258787241069112e-19
MAR03505,4.1885318969441805e-20,4.0468127187955036e-20,-2.3703126050541036e-21,-1.8086724567806694e-22,1.994630918615011e-20,1.0745386821374373e-19,1.258787241069112e-19
MAR03506,4.1885318969441817e-20,4.046812718795505e-20,-2.3703126050541036e-21,-1.8086724567806694e-22,1.994630918615011e-20,1.0745386821374374e-19,1.2587872410691121e-19
MAR03508,4.1885318969441805e-20,4.0468127187955036e-20,-2.3703126050541036e-21,-1.8086724567806694e-22,1.994630918615011e-20,1.0745386821374373e-19,1.258787241069112e-19
MAR03509,4.1885318969441805e-20,4.0468127187955036e-20,-2.3703126050541036e-21,-1.8086724567806694e-22,1.994630918615011e-20,1.0745386821374373e-19,1.258787241069112e-19
MAR03510,4.1885318969441817e-20,4.046812718795505e-20,-2.3703126050541036e-21,-1.8086724567806694e-22,1.994630918615011e-20,1.0745386821374374e-19,1.2587872410691121e-19
MAR03511,4.1885318969441805e-20,4.0468127187955036e-20,-2.3703126050541036e-21,-1.8086724567806694e-22,1.994630918615011e-20,1.0745386821374373e-19,1.258787241069112e-19
MAR03512,4.1885318969441805e-20,4.0468127187955036e-20,-2.370312605054103e-21,-1.8086724567806619e-22,1.994630918615011e-20,1.074538682137437e-19,1.258787241069112e-19
MAR03513,4.1885318969441805e-20,4.0468127187955036e-20,-2.3703126050541036e-21,-1.8086724567806694e-22,1.994630918615011e-20,1.0745386821374373e-19,1.258787241069112e-19
MAR03514,4.1885318969441805e-20,4.0468127187955036e-20,-2.3703126050541036e-21,-1.8086724567806694e-22,1.994630918615011e-20,1.0745386821374373e-19,1.258787241069112e-19
MAR03515,-1.646599318341328e-17,1.967016498366454e-17,-6.197144808565759e-17,-4.6056989035046626e-17,-5.2426785676110075e-18,5.102975264393917e-18,8.401972522867422e-18
MAR03517,1.646599318341328e-17,1.967016498366454e-17,-8.401972522867422e-18,-5.102975264393917e-18,5.2426785676110075e-18,4.605698903504662e-17,6.197144808565759e-17
MAR03519,0.0,0.0,0.0,0.0,0.0,0.0,0.0
MAR03520,-274.0414333275584,274.4912468535521,-986.031836870427,-947.5272245530408,-179.1512876437838,44.295194652917424,111.78101895088412
MAR03521,-1.6465993183413282e-17,1.9670164983664548e-17,-6.19714480856576e-17,-4.605698903504665e-17,-5.242678567611006e-18,5.102975264393914e-18,8.401972522867419e-18
MAR03522,0.0,0.0,0.0,0.0,0.0,0.0,0.0
MAR03523,0.0,0.0,0.0,0.0,0.0,0.0,0.0
MAR03524,0.0,0.0,0.0,0.0,0.0,0.0,0.0
MAR03525,0.0,0.0,0.0,0.0,0.0,0.0,0.0
MAR03527,0.0,0.0,0.0,0.0,0.0,0.0,0.0
MAR03528,0.0,0.0,0.0,0.0,0.0,0.0,0.0
MAR03529,0.0,0.0,0.0,0.0,0.0,0.0,0.0
MAR03530,0.0,0.0,0.0,0.0,0.0,0.0,0.0
MAR03531,0.0,0.0,0.0,0.0,0.0,0.0,0.0
MAR03532,0.0,0.0,0.0,0.0,0.0,0.0,0.0
MAR03533,0.0,0.0,0.0,0.0,0.0,0.0,0.0
MAR03534,0.0,0.0,0.0,0.0,0.0,0.0,0.0
MAR03540,0.0,0.0,0.0,0.0,0.0,0.0,0.0
MAR03545,7.171155228058811e-16,3.103035208636107e-15,-3.5353311208250523e-15,-3.275044552130981e-15,-1.5436523785614235e-16,6.687950809499924e-15,7.219218025743965e-15
MAR03547,0.0,0.0,0.0,0.0,0.0,0.0,0.0
MAR03551,0.0,0.0,0.0,0.0,0.0,0.0,0.0
MAR03552,0.0,0.0,0.0,0.0,0.0,0.0,0.0
MAR03554,-3.173053079986936e-21,1.128620953849804e-20,-2.0234688043088506e-20,-1.9907693742943026e-20,-1.4601081590866113e-21,1.0703215912399069e-20,2.1076753316085478e-20
MAR03574,0.0,0.0,0.0,0.0,0.0,0.0,0.0
MAR03575,0.0,0.0,0.0,0.0,0.0,0.0,0.0
MAR03576,0.0,0.0,0.0,0.0,0.0,0.0,0.0
MAR03577,0.0,0.0,0.0,0.0,0.0,0.0,0.0
MAR03578,0.0,0.0,0.0,0.0,0.0,0.0,0.0
MAR03581,-2.063987624542812e-15,1.8242710281168973e-15,-5.865537922282712e-15,-4.9086837826755875e-15,-2.2842907901454827e-15,6.878672602544511e-16,1.1171148266975972e-15
MAR03586,0.0,0.0,0.0,0.0,0.0,0.0,0.0
MAR03587,0.0,0.0,0.0,0.0,0.0,0.0,0.0
MAR03588,0.0,0.0,0.0,0.0,0.0,0.0,0.0
MAR03589,1.553334740145475e-15,3.924620441123516e-15,-4.160094917022142e-15,-3.774291384821367e-15,4.718914372224026e-16,8.398142684954722e-15,9.090999737950658e-15
MAR03590,0.0,0.0,0.0,0.0,0.0,0.0,0.0
MAR03593,0.0,0.0,0.0,0.0,0.0,0.0,0.0
MAR03625,1.1838979794880222,1.2575745307933848,0.0018585628121380103,0.0022247794134500182,0.4962218093085124,3.2128398543745464,4.5575539545943275
MAR03626,1.8763596589407876,2.085079262018511,0.0004501551541177453,0.04007882313999193,1.243185099777198,6.906088476269407,7.525692190792856
MAR03628,0.7543236374440316,0.8222102565451299,0.0003327601165928556,0.006358005892030372,0.3772503331528256,2.505008558534827,2.6081812632935146
MAR03629,2.505869775694809,2.1829802358618227,0.002086679558084255,0.006907839844607669,1.3543714665774984,7.075302258192557,10.280134500222715
MAR03630,0.6866587257325505,0.6544280725443096,0.0014298919487067175,0.03372772268346607,0.48701453425528474,1.8178648536251776,2.5331813592316483
MAR03631,1.3138831720340662,1.100868919708201,0.00019354931227401426,0.0030095131770470846,1.027170633243598,3.919820028993732,4.504850133037492
MAR03633,0.9974040951515348,1.0558236209564595,0.0019355039025248317,0.005265466176214524,0.9323271300637366,3.2113221501645404,5.858773960247333
MAR03635,1.527572347723902,2.0255810463538917,0.000544554330610545,0.006028860051970963,0.7354779422629438,6.165231686995267,9.87229210261354
MAR03636,1.5962739519805669,1.8202739379198258,0.0012569628253054337,0.035114101149244986,0.9796608447927336,6.245064285259408,10.325750363705287
MAR03637,1.1477702663916076,0.7880967588948864,0.0019442223637940723,0.0022113832383242426,1.1835638663897392,2.1974371215800175,3.091356953486501
MAR03639,0.6137744937471157,0.7772899852591852,0.00011050572575856837,0.005785707284599024,0.3318095050549008,2.311642802402651,3.76611115872304
MAR03642,0.5001904351121081,0.5498324285335018,0.001223004536449349,0.034881939899765894,0.2962647841956762,2.0710914312676567,2.730348297393378
MAR03644,1.4294410911634485,1.11528471305091,0.0017308828102167014,0.0020872700888572744,1.22608044990117,3.2641204969212803,4.327406493468966
MAR03645,1.7909014023077925,1.2690153891959264,0.0019442223637940834,0.003496627314071118,1.9222138939816307,3.9504194364173797,5.896836910550018
MAR03646,1.9505432287497242,1.6161903894678495,0.0017048698913408194,0.0020875425785151784,1.238513188749839,4.759116215938466,4.856519201224517
MAR03647,1.037354004791555,1.0474170831166099,0.0013381891118266446,0.003021499913641635,0.6104743389103946,3.3017928442820565,3.910325992524055
MAR03648,2.1041343803989307,1.5521750214643069,0.002625535637905808,0.008826120222792421,1.9238387070835836,4.967910341899137,5.041128368404271
MAR03649,1.2718416012492773,1.2124379053489953,0.0007909846612849206,0.0022522815898134486,0.7449354484081907,3.5855231652912507,3.8245641567057294
MAR03650,0.21179329428874502,0.2419613883995512,5.901176479099668e-06,0.0005475804483725593,0.14315846595412346,0.6908086371779022,1.3283594561538086
MAR03651,0.9593553043752882,0.8929949418105734,0.0020866795580842877,0.042361332993142174,0.9106316238187839,2.649578852058249,4.302586303490109
MAR03652,0.7829310029080354,0.8265503178337338,0.0006606248538719205,0.0030214207775093455,0.6253753601616101,2.3456050467977567,4.441461274928012
MAR03653,0.5347351767819071,0.5151761443823879,0.0008354244572275057,0.03873687665036851,0.29777136056656395,1.9281856945904394,2.035480065780291
MAR03654,0.7010964951283245,0.6997661638058421,0.0012171663563182323,0.012440187433316572,0.4175362501243852,2.43673154112875,2.6521119262036645
MAR03655,1.4496869219441069,1.367550883004832,0.0015432685604476314,0.0022201947744462766,1.1448511469098692,3.652446892580196,5.6272324122944495
MAR03656,1.1859419494136578,1.384656169166821,0.0002286172002827173,0.005054041395190392,0.6549378596653013,3.635964194234747,8.651945956406026
MAR03657,0.6748587729603956,0.6785743793975709,0.00036735788079365027,0.0020050311500645814,0.3261549759449716,1.7835845579150393,2.5862968305157725
MAR03658,2.0995123581811486,1.7433551725251737,0.001410705143270283,0.0017122468873711995,2.3545450645727266,4.400459710339058,4.461980976328966
MAR03659,0.8542050041225098,0.8738545305472245,0.0017048698913406802,0.002086821302512565,0.5268795290350288,2.8877391691408065,3.7196325782456636
MAR03660,1.3066435383147994,1.3709884668613046,0.001357719202864465,0.003514637496101256,0.6498119180951056,4.289137205705965,4.440751194615787
MAR03662,1.072573840999539,1.30787477640485,0.0014769689995127312,0.0019495686610108674,0.23366295919311159,4.382659773501192,4.411943719622125
MAR03665,2.4994093567564453,2.5572884559463747,0.0002424278812393987,0.006054980319588528,1.2137102510020208,8.599767270879747,10.585421607944552
MAR03666,0.5864680654701506,0.4393671907272631,0.0011082474522465244,0.0028688187458502006,0.5840872040129572,1.4396578976507686,2.180099311920134
MAR03667,0.974182575335021,0.8322554619558876,4.703784538694761e-05,0.002162405828316086,0.7145405366957533,2.845400831108666,3.419035222489531
MAR03669,0.9854577335725874,0.9557408614453454,0.0009286703960972969,0.009968900202522456,0.5172574421257479,2.5689020281702653,3.9984895648265946
MAR03670,1.0205252288682456,1.5322910408455301,0.011638459485972587,0.029782105806319,0.34395043130737124,4.667857467197483,5.591758847517651
MAR03674,2.985125257871179,2.8945595477816846,0.0017442758471118832,0.02747386741699944,2.0672010944880244,9.014662784696473,11.836636386381212
MAR03677,0.9610314610469379,0.8656357788583929,1.8888744303695283e-06,0.0015374807618408336,0.6606389596609596,3.030285721390767,3.0583353267030144
MAR03678,1.45426681728458,1.8220479761779347,0.0020489062407902468,0.0086385103678765,0.6000019925114066,5.3816098676317905,7.4723526807898315
MAR03679,1.3192475260966987,1.5380599117690619,3.8073048854067636e-06,0.002502404352450242,0.35166641414889493,4.271411802276893,5.736301908600922
MAR03680,1.190545849011013,1.0215787497580036,6.22553281769982e-05,0.033430499802576,0.8858886081973343,3.48168992388424,4.262714757351098
MAR03681,2.51461970360383,2.430859594883386,3.284777781598394e-06,0.005035014181917346,1.4013418179507338,7.15534956181441,7.783157738487424
MAR03682,1.1801104568661243,1.103474772492319,0.0007436416247560617,0.010655545697574717,0.8351051282984718,3.3862291068949615,5.790369849788517
MAR03684,1.1838979794880227,1.257574530793385,0.0018585628121379834,0.0022247794134500017,0.49622180930851256,3.2128398543745473,4.557553954594328
MAR03685,1.8763596589407934,2.085079262018515,0.0004501551541178418,0.040078823139992,1.2431850997771998,6.906088476269423,7.5256921907928715
MAR03686,0.0,0.0,0.0,0.0,0.0,0.0,0.0
MAR03687,0.7543236374440316,0.8222102565451299,0.0003327601165928556,0.006358005892030372,0.3772503331528256,2.505008558534827,2.6081812632935146
MAR03688,2.5058697756948094,2.1829802358618227,0.002086679558084257,0.006907839844607671,1.3543714665774982,7.075302258192559,10.280134500222715
MAR03689,0.6866587257325495,0.654428072544309,0.001429891948706753,0.0337277226834661,0.48701453425528296,1.8178648536251762,2.5331813592316466
MAR03690,1.3138831720340662,1.100868919708201,0.00019354931227401426,0.0030095131770470846,1.027170633243598,3.919820028993732,4.504850133037492
MAR03691,2.4296155490012578e-15,2.35083773983623e-15,-2.9650389059079777e-15,-1.2276112522464737e-15,2.954175114353774e-15,5.908721356738473e-15,6.717562781808785e-15
MAR03692,0.9974040951515348,1.0558236209564595,0.0019355039025248343,0.005265466176214585,0.9323271300637366,3.2113221501645404,5.858773960247333
MAR03693,0.0,0.0,0.0,0.0,0.0,0.0,0.0
MAR03694,1.5275723477239034,2.0255810463538917,0.000544554330610664,0.00602886005197101,0.7354779422629476,6.1652316869952655,9.87229210261354
MAR03695,1.5962739519805627,1.8202739379198267,0.0012569628252933089,0.035114101149244424,0.979660844792725,6.245064285259408,10.325750363705287
MAR03696,1.1477702663916076,0.7880967588948864,0.0019442223637940723,0.0022113832383242426,1.1835638663897392,2.1974371215800175,3.091356953486501
MAR03697,0.0,0.0,0.0,0.0,0.0,0.0,0.0
MAR03698,0.6137744937471157,0.7772899852591852,0.00011050572575856837,0.005785707284599024,0.3318095050549008,2.311642802402651,3.76611115872304
MAR03699,0.0,0.0,0.0,0.0,0.0,0.0,0.0
MAR03700,0.0,0.0,0.0,0.0,0.0,0.0,0.0
MAR03701,0.5001904351121078,0.5498324285335019,0.0012230045364493394,0.03488193989976589,0.2962647841956751,2.0710914312676576,2.7303482973933795
MAR03703,1.4294410911634485,1.11528471305091,0.0017308828102167014,0.0020872700888572744,1.22608044990117,3.2641204969212803,4.327406493468966
MAR03704,1.7909014023077925,1.2690153891959264,0.0019442223637940851,0.0034966273140711024,1.9222138939816307,3.9504194364173797,5.896836910550018
MAR03705,1.950543228749723,1.6161903894678489,0.0017048698913408138,0.0020875425785151732,1.2385131887498368,4.759116215938462,4.856519201224514
MAR03706,1.037354004791555,1.0474170831166099,0.0013381891118266446,0.003021499913641635,0.6104743389103946,3.3017928442820565,3.910325992524055
MAR03707,2.1041343803989325,1.552175021464307,0.002625535637905795,0.008826120222792716,1.9238387070835858,4.967910341899137,5.041128368404274
MAR03708,1.2718416012492773,1.2124379053489953,0.0007909846612849206,0.0022522815898134486,0.7449354484081907,3.5855231652912507,3.8245641567057294
MAR03709,0.21179329428874544,0.24196138839955117,5.901176480171727e-06,0.000547580448372575,0.14315846595412463,0.6908086371779021,1.3283594561538095
MAR03710,0.9593553043752882,0.8929949418105734,0.0020866795580842877,0.042361332993142174,0.9106316238187839,2.649578852058249,4.302586303490109
MAR03711,0.7829310029080354,0.8265503178337338,0.0006606248538719205,0.0030214207775093455,0.6253753601616101,2.3456050467977567,4.441461274928012
MAR03712,0.5347351767819069,0.5151761443823878,0.0008354244572275057,0.03873687665036851,0.29777136056656384,1.9281856945904385,2.0354800657802903
MAR03713,0.7010964951283246,0.6997661638058411,0.0012171663563182323,0.012440187433316572,0.4175362501243852,2.436731541128747,2.652111926203658
MAR03714,1.4496869219441069,1.367550883004832,0.0015432685604476314,0.0022201947744462766,1.1448511469098692,3.652446892580196,5.6272324122944495
MAR03715,1.1859419494136578,1.384656169166821,0.0002286172002827173,0.005054041395190392,0.6549378596653013,3.635964194234747,8.651945956406026
MAR03716,0.6748587729603953,0.6785743793975709,0.0003673578807928731,0.00200503115006458,0.3261549759449712,1.7835845579150391,2.5862968305157725
MAR03717,2.0995123581811486,1.7433551725251737,0.001410705143270283,0.0017122468873711995,2.3545450645727266,4.400459710339058,4.461980976328966
MAR03718,0.8542050041225093,0.8738545305472241,0.0017048698913406802,0.002086821302512565,0.5268795290350321,2.8877391691408065,3.7196325782456636
MAR03719,1.3066435383147994,1.3709884668613046,0.001357719202864465,0.003514637496101256,0.6498119180951056,4.289137205705965,4.440751194615787
MAR03720,0.0,0.0,0.0,0.0,0.0,0.0,0.0
MAR03721,1.072573840999539,1.30787477640485,0.0014769689995127596,0.0019495686610108674,0.23366295919311164,4.382659773501193,4.411943719622126
MAR03722,0.0,0.0,0.0,0.0,0.0,0.0,0.0
MAR03723,0.0,0.0,0.0,0.0,0.0,0.0,0.0
MAR03724,2.4994093567564453,2.5572884559463747,0.0002424278812393987,0.006054980319588528,1.2137102510020208,8.599767270879747,10.585421607944552
MAR03725,0.5864680654701506,0.4393671907272631,0.0011082474522465244,0.0028688187458502006,0.5840872040129572,1.4396578976507686,2.180099311920134
MAR03726,0.9741825753350208,0.8322554619558874,4.70378453873917e-05,0.0021624058283158925,0.7145405366957538,2.845400831108664,3.419035222489532
MAR03727,0.0,0.0,0.0,0.0,0.0,0.0,0.0
MAR03728,0.985457733572587,0.9557408614453459,0.0009286703960962977,0.009968900202522463,0.5172574421257479,2.568902028170267,3.9984895648265963
MAR03729,1.0205252288682456,1.5322910408455301,0.011638459485972587,0.029782105806319,0.34395043130737124,4.667857467197483,5.591758847517651
MAR03732,0.0,0.0,0.0,0.0,0.0,0.0,0.0
MAR03733,2.985125257871184,2.8945595477816877,0.001744275847141252,0.027473867417028966,2.067201094488051,9.014662784696473,11.836636386381212
MAR03734,0.0,0.0,0.0,0.0,0.0,0.0,0.0
MAR03735,0.0,0.0,0.0,0.0,0.0,0.0,0.0
MAR03736,0.9610314610469379,0.8656357788583929,1.8888744303695283e-06,0.0015374807618408336,0.6606389596609596,3.030285721390767,3.0583353267030144
MAR03737,1.45426681728458,1.8220479761779347,0.0020489062407902485,0.008638510367876504,0.6000019925114066,5.3816098676317905,7.4723526807898315
MAR03738,1.3192475260966987,1.5380599117690619,3.8073048854067636e-06,0.002502404352450242,0.35166641414889493,4.271411802276893,5.736301908600922
MAR03739,1.190545849011012,1.0215787497580031,6.225532817704677e-05,0.03343049980257605,0.8858886081973334,3.4816899238842383,4.2627147573510955
MAR03740,2.51461970360383,2.430859594883386,3.284777781598394e-06,0.005035014181917346,1.4013418179507338,7.15534956181441,7.783157738487424
MAR03741,1.1801104568661245,1.103474772492319,0.0007436416247560617,0.010655545697574719,0.8351051282984729,3.386229106894962,5.790369849788517
MAR03752,0.0,0.0,0.0,0.0,0.0,0.0,0.0
MAR03753,0.0,0.0,0.0,0.0,0.0,0.0,0.0
MAR03755,0.0,0.0,0.0,0.0,0.0,0.0,0.0
MAR03756,-606.0735270380571,162.45646434218276,-996.6494890579658,-982.1231486460301,-583.0801460500797,-353.0440750999518,-257.1030469812438
MAR03757,0.0,0.0,0.0,0.0,0.0,0.0,0.0
MAR03759,0.0,0.0,0.0,0.0,0.0,0.0,0.0
MAR03761,2.58467904394211e-15,3.8356011128084285e-15,-2.9850091375269133e-15,-2.6592220267239868e-15,1.0833313035305684e-15,9.71304371057912e-15,1.092858364483928e-14
MAR03762,-5.623335526667293e-15,3.092753917194208e-14,-1.2526760429178093e-13,-1.2167259104701706e-13,9.336947859679216e-16,1.463942837679617e-14,1.544529270939113e-14
MAR03763,650.3828158888027,147.9614044089771,226.44569457513816,281.04097327920823,705.7959205701014,780.1971471220251,834.5219029828553
MAR03764,-606.0735270380541,162.45646434218264,-996.6494890579654,-982.1231486460304,-583.0801460500683,-353.04407509995286,-257.1030469812437
MAR03768,55.09250324277574,32.398680127013044,0.20588703910027714,3.2201646401158124,53.458495898338626,115.53164329163933,131.2942818029387
MAR03774,33.71910968411373,30.095462886401716,0.09284089501802006,1.2834298482093165,25.254159499714653,95.68151235455547,120.62388893136257
MAR03782,0.0,0.0,0.0,0.0,0.0,0.0,0.0
MAR03784,0.0,0.0,0.0,0.0,0.0,0.0,0.0
MAR03785,0.0,0.0,0.0,0.0,0.0,0.0,0.0
MAR03789,650.3828158888052,147.9614044089789,226.4456945751347,281.0409732792042,705.7959205701059,780.1971471220256,834.5219029828553
MAR03790,5.107405260601982e-15,3.114840301190662e-14,-1.6639340268821205e-14,-1.5817544294432853e-14,-1.214677403427789e-15,1.216311883245546e-13,1.2526653209946145e-13
MAR03792,0.0,0.0,0.0,0.0,0.0,0.0,0.0
MAR03793,0.0,0.0,0.0,0.0,0.0,0.0,0.0
MAR03795,-3.612163463839728e-15,7.166764157444859e-15,-1.7966406670341826e-14,-1.710021379954982e-14,-3.76142741397347e-15,6.060378236511599e-15,7.941401730368728e-15
MAR03796,-2.5847920069139363,2.427527234914093,-10.503991529882489,-7.66981387446801,-1.850872413854352,-0.08024674753861441,-0.004237414718575075
MAR03799,2.5847920069144146,2.4275272349142325,0.004237414718575186,0.08024674753894082,1.8508724138546917,7.669813874468083,10.503991529882487
MAR03801,0.0,0.0,0.0,0.0,0.0,0.0,0.0
MAR03802,136.20615991670203,245.278045647272,-862.6563395672651,-29.584454145720496,109.16489920920816,880.3755804506002,921.0884399028354
MAR03803,0.0,0.0,0.0,0.0,0.0,0.0,0.0
MAR03804,481.4257429145426,157.52724624110937,49.09761485242513,69.02069385349076,509.0535207699332,640.1479289792615,958.664608462979
MAR03805,0.0,0.0,0.0,0.0,0.0,0.0,0.0
MAR03806,0.0,0.0,0.0,0.0,0.0,0.0,0.0
MAR03807,0.0,0.0,0.0,0.0,0.0,0.0,0.0
MAR03809,0.0,0.0,0.0,0.0,0.0,0.0,0.0
MAR03811,1.7998920018947508,1.4058771116032514,0.002036497168117619,0.01510679496549361,1.5874692264989554,4.359972794571321,6.535438273480823
MAR03815,-33.71910968411373,30.09546288640174,-120.62388893136266,-95.68151235455562,-25.254159499714646,-1.283429848209288,-0.09284089501798923
MAR03816,675.9336488879784,137.01542085996502,82.79105778265583,506.5796300692932,685.9968243373937,935.3999230083629,962.2599809159153
MAR03817,387.99096554922136,169.31534837880994,8.5391148735883,30.46218297472658,421.4192509456581,651.1900393641392,921.6899361380384
MAR03820,0.0,0.0,0.0,0.0,0.0,0.0,0.0
MAR03827,184.7768522033994,120.52745722480307,0.5249414468446584,7.059735704824258,167.36312262782695,431.8518202726929,470.76187626381795
MAR03829,73.11965104596348,39.28145657849147,-22.03348106417809,13.712510721018466,67.7848231593527,139.7278592707732,165.4523837918957
MAR03836,-69.03948918569874,336.03568628377815,-978.075326660256,-926.99196742468,49.44141986902943,242.91591371809852,891.075398099436
MAR03839,607.2737862857791,109.16813529444673,380.8549182489031,424.43324991238427,595.3000813114547,768.4780750461961,957.6230794466246
MAR03841,607.273786285779,109.16813529444674,380.854918248903,424.43324991238416,595.3000813114547,768.4780750461958,957.6230794466248
MAR03845,-2.3805082726348634,26.63467764373713,-56.520162391011894,-41.64673852907241,-4.043346595423921,48.208581116020504,70.78289161135694
MAR03846,0.0,0.0,0.0,0.0,0.0,0.0,0.0
MAR03849,0.0,0.0,0.0,0.0,0.0,0.0,0.0
MAR03850,0.0,0.0,0.0,0.0,0.0,0.0,0.0
MAR03853,44.73938381420051,29.841740499355105,0.018581932404117624,0.937585220040926,44.62332933169753,94.87661916284686,121.39497157338604
MAR03859,239.40520218587864,181.03649174762046,14.22859099821788,54.75537999541391,174.22438194814953,628.5877900064957,650.1489379633741
MAR03862,184.7768522033996,120.52745722480313,0.5249414468446608,7.059735704824259,167.3631226278276,431.85182027269326,470.7618762638183
MAR03863,0.0,0.0,0.0,0.0,0.0,0.0,0.0
MAR03865,0.0,0.0,0.0,0.0,0.0,0.0,0.0
MAR03866,0.0,0.0,0.0,0.0,0.0,0.0,0.0
MAR03873,0.0,0.0,0.0,0.0,0.0,0.0,0.0
MAR03874,0.0,0.0,0.0,0.0,0.0,0.0,0.0
MAR03875,2.8565226901915355,2.786831385165994,0.01049029498525278,0.07670172056947779,1.973545865958017,8.617379260765237,13.836937084757992
MAR03883,78.96926473095216,36.37784511404867,0.18140192530161392,2.558957102670954,75.1236841909953,136.62290996701222,167.1952811568413
MAR03885,12.249497569820058,11.20995516745881,0.0006970887553885499,0.3627537876003869,9.773282512749148,39.586710246462275,50.003784823708415
MAR03886,0.0,0.0,0.0,0.0,0.0,0.0,0.0
MAR03890,74.99566831181738,103.1447881367607,0.022958680484436222,2.021874423631067,28.53750445107063,319.93155650227044,346.63188477949757
MAR03898,0.0,0.0,0.0,0.0,0.0,0.0,0.0
MAR03899,-214.67130019401603,106.49390367437148,-455.0827170927382,-389.89229871187194,-207.0768407749544,17.578449701440036,40.11055788412432
MAR03905,289.36455465302527,145.04925015703517,10.08318951702032,31.222839450324066,311.51137823230783,455.83540747913975,907.9080030925343
MAR03908,0.0,0.0,0.0,0.0,0.0,0.0,0.0
MAR03912,0.0,0.0,0.0,0.0,0.0,0.0,0.0
MAR03920,649.7890083132744,162.65808271683323,291.16839136011345,364.3170441315186,625.7637425488001,974.3677282837211,995.135204118184
MAR03925,343.92533790871937,235.06508515437926,27.652255229604975,104.31555586856031,267.1488325217224,969.9594909376777,993.650440797251
MAR03929,-475.907644355127,198.9685017141296,-988.2464509940097,-960.4295025526602,-451.3286807998077,-178.93244894063147,-106.83287359758309
MAR03931,0.9064791970246868,0.0016098211692806789,0.9053931200995442,0.9054439572688376,0.9059698388685242,0.9087813136709222,0.9178467107047307
MAR03933,-464.84066111316366,236.2431630821606,-997.6848246532356,-975.8493156296267,-421.39548740975107,-114.72708784440745,-63.505870097808156
MAR03935,464.84066111316366,236.2431630821606,63.505870097808156,114.72708784440745,421.39548740975107,975.8493156296267,997.6848246532356
MAR03944,0.4786200261220922,0.000849983819413205,0.47804657869161105,0.4780734206615594,0.47835108557183104,0.47983554119734206,0.4846220609315149
MAR03946,428.29195706580543,204.6152008548793,111.15628314718529,164.94132424738808,384.6714372433721,963.1695283626202,988.6452281980652
MAR03947,-626.2955455286582,153.01868398210524,-952.2205890348735,-787.2184734328114,-638.2623226823708,-119.19611595777351,-102.45276325575605
MAR03952,0.0,0.0,0.0,0.0,0.0,0.0,0.0
MAR03953,0.0,0.0,0.0,0.0,0.0,0.0,0.0
MAR03955,387.23552684964403,235.85621959769057,-231.62565928260688,-153.64032880237943,386.068916232442,940.5601056540318,985.0608618486215
MAR03956,162.65077306036605,282.35321715430985,-202.71246593921296,-57.86018765602915,50.01400001247069,911.866830957453,946.4894623728443
MAR03958,-448.43262423162054,258.70211761320695,-802.6379494032199,-750.6591596258698,-486.7655266111649,104.19182968320209,684.1457788424111
MAR03959,-970.8790874867104,55.004257901286614,-999.8826108155265,-999.2814680633303,-985.8262876417771,-934.7217379511801,-611.6544578743532
MAR03960,216.67957227988302,88.00913887007623,21.764897422809042,121.34074210055863,195.52303000248563,419.1897592459654,427.6332356436451
MAR03967,-99.11244967521088,58.30714955844042,-223.39393076383897,-196.8365149724269,-99.82219608933966,2.2316877250751257,114.6743088348095
MAR03968,4.5273283363092345,0.008040106182373852,4.521904023368425,4.522157925011666,4.5247843930818,4.538826049616341,4.584102354915093
MAR03974,181.50813616805297,58.80099202184231,25.542363502666575,98.32559854166843,170.6063622596122,293.5831305771093,316.98496162721597
MAR03980,399.25068013367706,173.02254153785663,18.687018286307374,47.643572145559844,377.8140479360314,762.6079099950358,841.5738275488604
MAR03982,231.3238647906187,98.33842870884794,62.551590636299544,97.29212708209165,216.2614160864024,482.57680395471795,494.4130592760607
MAR03984,216.2969769339478,43.98103856051765,75.77779523156954,79.73409085286227,228.03887933527284,262.0751748747007,300.21115428564804
MAR03991,0.0,0.0,0.0,0.0,0.0,0.0,0.0
MAR03992,131.74699024678924,60.93185940865391,0.2582361335300517,6.60354718382107,122.45059652868483,240.11179460347742,323.77616142020634
MAR03996,66.25162979500567,192.4255763860577,-530.4450016234307,-358.4570872135233,122.69481498882598,260.70859248334705,298.1643986603316
MAR03997,4.177528643976948,3.0564756301687517,0.006203023401860354,0.14250408017854155,4.132613405948348,9.94041913049342,11.578582334740869
MAR03998,0.4358086537862361,0.44603498455761675,2.1747108561531636e-07,0.00023973134872151325,0.28606796163890647,1.6427600501577257,1.8295061799335661
MAR04002,-561.5460949681441,163.04736516823766,-991.2955247314301,-972.9898573667278,-532.0134996639313,-327.1779906823235,-198.16842787841514
MAR04003,9.96909254021251,5.025130261594001,0.0002514398938585021,0.21452876741921367,10.84640420620061,17.24787494586597,22.05729068217513
MAR04004,397.33402354029374,205.62549174189624,111.48627275266963,174.3517944922502,356.0191668895409,969.8562196117781,991.3916956083945
MAR04008,667.2436070528989,137.59333861543146,320.3994964486429,416.15514954145016,648.980152522804,988.8591886217034,997.6081033469095
MAR04020,631.5372704590776,157.43205294202906,267.52095228360736,303.99655247936545,626.6241465684095,983.7172396792711,996.5751555031825
MAR04024,410.34724994955513,190.98067637101522,-156.53151898885648,-128.73838868071675,428.56277621056233,711.5496007758866,761.3013924720834
MAR04026,-4.58605906763317,0.008144406396759634,-4.643569586750044,-4.597705934936011,-4.583482123122193,-4.58082158321571,-4.58056438783537
MAR04030,-4.586059067633172,0.00814440639675832,-4.643569586750039,-4.597705934936006,-4.583482123122197,-4.580821583215713,-4.580564387835377
MAR04059,1.240503713977719e-13,1.779423533876678e-14,9.337396492737216e-14,1.0078324889056137e-13,1.2059394747990596e-13,1.5449963273678305e-13,1.5759049520416685e-13
MAR04060,122.80564812507751,54.02423121612141,1.8437128979994062,9.453379792398593,128.9040049949496,196.4170502205073,235.1215252240999
MAR04062,-861.3163694742341,102.29626310942112,-975.5857726935835,-957.6387201990225,-881.3949133359923,-521.6661588040888,-500.1270639916229
MAR04063,-0.004657062395754142,8.27050158026669e-06,-0.004715463317327437,-0.004668889584838399,-0.0046544455538859745,-0.004651743822362625,-0.004651482644973416
MAR04071,861.3163694742343,102.29626310942113,500.1270639916228,521.6661588040887,881.3949133359922,957.6387201990225,975.5857726935835
MAR04079,0.0,0.0,0.0,0.0,0.0,0.0,0.0
MAR04080,342.74974438138247,111.87399357488381,29.611860876636808,169.72710766054237,343.4056348889544,575.0086301918944,596.787688454597
MAR04083,-4.7405129502898066e-14,2.7671001606024524e-14,-1.2167277930453415e-13,-1.1886287973732355e-13,-4.0512499428911405e-14,-1.5776379750739576e-14,-8.613441189908233e-15
MAR04092,315.1917062047531,319.430596804815,-314.133523367827,-218.9620212900009,389.93171953679797,938.717266626722,956.1512728062256
MAR04094,-215.47264217819335,200.74656527356476,-913.9908466051543,-887.059942967215,-183.87557175438857,-18.436098994710896,382.9730321030894
MAR04101,70.9371004297554,34.87320545650332,0.251269916873507,2.570638547089314,70.59157518555452,127.12488603441055,149.805936105314
MAR04103,218.45041818371362,114.6246766073671,1.7608698750497025,7.26631186673732,214.9929068605382,497.9727042111528,546.6784291231627
MAR04116,328.7332742484182,179.7990949921382,34.128556624110814,104.40192137270112,331.63982595530615,926.1445118669969,950.3725488113414
MAR04120,0.0,0.0,0.0,0.0,0.0,0.0,0.0
MAR04121,0.0,0.0,0.0,0.0,0.0,0.0,0.0
MAR04134,0.0,0.0,0.0,0.0,0.0,0.0,0.0
MAR04135,-631.53183159514,157.43205211336127,-996.569721862598,-983.7118013531472,-626.6187030347594,-303.99107049524133,-267.51551700253077
MAR04136,0.0,0.0,0.0,0.0,0.0,0.0,0.0
MAR04139,-594.5753170829713,155.94953260942032,-994.190380184918,-965.6777806890797,-581.1880482122664,-284.0681423816654,-229.60400855414213
MAR04141,-792.0232830537067,221.3259858769315,-986.9321565549028,-953.053607138323,-873.6682415122402,-77.88259984998203,-52.109930389558485
MAR04145,758.3497170733867,188.6548815629885,50.2954524190325,77.47461509537129,815.6192128061059,883.1948815073407,913.3850261857921
MAR04146,0.0,0.0,0.0,0.0,0.0,0.0,0.0
MAR04147,-802.1282673719904,71.39338106542895,-998.0804545927782,-988.46437836183,-796.5705198772657,-696.8705687062512,-669.3402385825706
MAR04152,178.08311564640934,63.665064313027315,1.8039817031382257,11.107683126173542,182.2585124820867,272.3812903298297,311.27887457005494
MAR04153,1.244331713223259e-14,8.455121223986747e-14,-1.7055539165048292e-13,-1.629449057006416e-13,7.836368997395047e-15,1.470855765962509e-13,1.5632770004073265e-13
MAR04158,2.8282092452669194,0.005022631660166477,2.824820692268631,2.82497930390923,2.8266200511062975,2.8353918343479476,2.8636758145953074
MAR04164,-97.02683671684709,44.47323810154737,-217.17403097983149,-158.54684300513674,-101.8353997454962,-3.654435335742177,-0.1668258845722501
MAR04181,0.0,0.0,0.0,0.0,0.0,0.0,0.0
MAR04193,314.1880245471709,198.86725152025375,16.358742290068797,86.66595752687137,295.5843285931604,756.0912898449698,769.8808184420715
MAR04198,10.950522460876146,8.984722354514417,0.00631540886203733,0.28957756688072456,9.359968445629121,28.09415285782165,38.7160976592213
MAR04200,181.50813616805092,58.80099202184175,25.542363502666504,98.32559854166857,170.60636225961065,293.58313057710586,316.98496162721256
MAR04201,159.73423355131163,87.4089367467419,24.442214435820937,33.06610926079597,144.706318174375,313.0354227537159,410.1061029554008
MAR04202,153.3714396732779,78.50611159105313,0.4574676101417241,5.9568385139762245,161.44269205453026,270.65097914924985,290.28024275789255
MAR04204,0.004657062395754142,8.270501580266887e-06,0.004651482644973413,0.004651743822362626,0.004654445553885972,0.004668889584838399,0.004715463317327438
MAR04209,329.82856712960256,153.76862743319938,112.41757237709501,183.4299676941375,275.2551987893829,704.4919500976179,752.9476905259711
MAR04210,148.23593572976853,70.60249305218203,1.935115470002113,9.143334272152194,147.7670842866857,245.5383544880953,275.59636718592145
MAR04214,0.0,0.0,0.0,0.0,0.0,0.0,0.0
MAR04217,383.4940265770617,164.89518160540177,33.87016284620551,40.40748274628344,392.1384048836185,650.047476606756,691.4269115752663
MAR04220,0.0,0.0,0.0,0.0,0.0,0.0,0.0
MAR04222,240.89895972478274,236.38713461817966,3.305347279004552,52.27176606202013,154.59210134672077,939.171562593535,984.5024455088225
MAR04223,-7.559911422790751e-16,1.01541865890562e-15,-2.506959765267897e-15,-2.4258082758802782e-15,-2.4765533464002474e-16,6.737569055613887e-16,6.993280255448546e-16
MAR04230,-1.2388963787080353e-14,8.598216386759207e-15,-3.417301092997247e-14,-2.6347246027553293e-14,-1.2526692682211824e-14,9.838437934093156e-17,7.487048210354932e-15
MAR04249,0.0,0.0,0.0,0.0,0.0,0.0,0.0
MAR04265,0.21211569340808967,0.00037669737170369414,0.21186155191076325,0.21187344782972897,0.21199650383159963,0.21265438756442215,0.21477568609479267
MAR04269,0.032633183608299296,5.795343976311366e-05,0.032594084917713345,0.03259591506374884,0.032614846762166555,0.03271605963418002,0.03304241324155907
MAR04271,638.0325263650118,179.15791782580476,27.820742578153176,59.62188384859505,637.8357924314407,876.5463901064317,942.5275528370291
MAR04281,4.450060191675044e-15,5.931286216635046e-15,-5.1882236808644455e-15,-3.758294449344773e-15,3.682592719542939e-15,1.6510907495708213e-14,1.9169655899874506e-14
MAR04282,32.77394815265243,35.79810183011678,0.19373117285795988,0.744045704911707,20.692947917676772,112.09601486990934,123.08205899776108
MAR04295,0.0,0.0,0.0,0.0,0.0,0.0,0.0
MAR04300,2.8282092452669194,0.0050226316601665755,2.8248206922686294,2.8249793039092292,2.826620051106296,2.835391834347949,2.8636758145953074
MAR04308,2.9275201886315183,0.6754481942485263,0.8497147247342474,0.9703251091379302,3.208996097540248,3.454628242724516,3.5336084048314977
MAR04315,0.0,0.0,0.0,0.0,0.0,0.0,0.0
MAR04321,0.0,0.0,0.0,0.0,0.0,0.0,0.0
MAR04328,0.0,0.0,0.0,0.0,0.0,0.0,0.0
MAR04329,709.5518054866818,136.429183352562,494.8211579409039,530.8904920280146,694.6385224700957,989.5865316446678,999.3049507754391
MAR04330,-32.77394815265373,35.79810183011678,-123.08205899776306,-112.09601486991188,-20.692947917678367,-0.7440457049116316,-0.19373117285795782
MAR04333,-383.9254475072644,173.93042702103762,-738.1019198474874,-707.955462716987,-391.76227480857625,-12.214151392727265,-5.259469321282351
MAR04336,468.9998077461842,193.15768658655244,152.5567910955909,204.94248222783915,430.78685559559995,963.1439791145978,988.7451874299813
MAR04338,4.2429043159580646e-16,3.5911815610272804e-16,-2.254132098845841e-16,-1.320810775865635e-16,4.811368064396259e-16,9.225508698135494e-16,1.0080441753180322e-15
MAR04342,24.814832887523117,14.910648693240335,0.15821619255200903,1.4205367764117685,26.243367437033136,46.38468567349057,62.828057197813145
MAR04344,-727.0126416019767,138.1979869222574,-997.2095468720498,-988.8886326291457,-732.5010473467969,-412.5380780114278,-341.62785139823376
MAR04346,32.773948152653716,35.7981018301168,0.19373117285795882,0.7440457049116284,20.692947917678318,112.0960148699119,123.08205899776307
MAR04347,32.77394815265368,35.798101830116806,0.19373117285795777,0.7440457049116278,20.69294791767829,112.09601486991191,123.08205899776307
MAR04348,0.0,0.0,0.0,0.0,0.0,0.0,0.0
MAR04350,995.8298590028817,3.648172058060958,983.5278197592445,989.3786479320707,997.1681907769084,999.9033794558428,999.984661553902
MAR04354,995.840736730747,3.648174057703608,983.5386954486421,989.3895226683994,997.1790584010798,999.914253627339,999.995528560828
MAR04355,0.3747193150833054,0.47940715965265324,1.4189679930995094e-06,0.0008377662385653949,0.16009322696403364,1.4800334975255007,1.5269924402519195
MAR04358,446.86372792405973,165.50974509366193,2.2619987007354787,12.844532333953918,455.0969033398393,703.4692074537554,734.5757785459339
MAR04363,414.09184919351014,118.24376069597896,46.302925759753805,239.97593099402067,428.03034600906744,600.3696955274924,636.5315345547414
MAR04365,-414.0918491935107,118.24376069597905,-636.5315345547416,-600.3696955274926,-428.0303460090682,-239.97593099402079,-46.30292575975386
MAR04367,-38.969187679565785,31.155963897627814,-156.85929779110964,-114.23670760979556,-33.23225539802563,-2.253462374166782,-0.4334618594028455
MAR04368,982.5161028062568,13.989552411917218,941.0872078063985,943.967676299905,986.4075441031989,997.6286892359213,999.8865002363584
MAR04371,0.0761440950648735,0.000135224698544956,0.07605286479183763,0.07605713510524147,0.07610130906823895,0.07633747246321584,0.0770989642391122
MAR04373,-982.5922469013179,13.989525712270087,-999.9626887581546,-997.7048105922554,-986.4840479202799,-944.0438600201995,-941.1632651241606
MAR04375,98.18968491637591,33.08476001547541,22.958793515261085,39.47942092657734,98.90079154797483,156.56208711856613,208.01859658459978
MAR04377,0.2493386446684404,0.6119563331361428,5.976002536043096e-05,0.005995585274675082,0.0728629724129946,2.582957652627078,2.698405268887937
MAR04381,-2.2367844691144136,0.6752893849127873,-2.8434168020733455,-2.7642220703104754,-2.5185648455571163,-0.2790428140537073,-0.15960833762609386
MAR04384,-377.669381685907,158.26221446262997,-709.6610315372834,-683.3748300599714,-368.126372028681,-22.452827836120424,-9.341586801382732
MAR04388,815.7312205832923,197.6584303592637,47.79215449578953,64.9564360290618,856.9367367904576,936.8604129542193,991.8549251133239
MAR04391,94.27573187026583,39.07018170274583,-24.661018908269863,-14.086555904494613,98.29614481653147,145.2343129720504,217.36239766204434
MAR04392,-860.7255813812479,120.64873931346519,-991.8532853898737,-964.0545853016267,-876.4343395252224,-771.9780842697113,-113.67677249993073
MAR04396,-0.4786200261220923,0.0008499838194131915,-0.4846220609315149,-0.4798355411973421,-0.47835108557183104,-0.47807342066155956,-0.4780465786916111
MAR04398,986.9244301739761,8.979204007664583,961.9404100412895,969.3827728844288,988.8416006666037,998.287465064877,998.4962366787365
MAR04408,122.40141917426133,123.42877739118987,-152.09768420220047,-106.61930901472874,119.90531088782907,331.8874710658676,432.6172685649333
MAR04409,-95.0307492072457,314.1253412173388,-898.4523100383026,-855.0019691883142,-60.64325810524039,368.1654656803228,895.8378602107077
MAR04410,729.0148246551776,163.66161052079,371.1897527838318,422.42758064576566,772.5699455372096,992.9801091605642,999.318160841914
MAR04421,178.5242954278758,116.84095600254501,0.7145439570180653,8.11866036618779,155.66949999181548,392.1542604400675,411.2050677766077
MAR04438,0.0,0.0,0.0,0.0,0.0,0.0,0.0
MAR04442,-367.6353118199142,306.7052286294137,-945.7143387621256,-792.9982292561787,-398.43536319394093,237.1661571425343,287.4064247315611
MAR04444,0.0,0.0,0.0,0.0,0.0,0.0,0.0
MAR04454,619.2279598727263,164.41136838723452,237.46399954504247,278.1137957516759,604.0305089817737,973.0824588421857,992.6126116024487
MAR04458,-238.129527511041,348.51061322582973,-745.6248996189702,-684.9485636644688,-309.2014568434279,857.0926080057212,926.2868732086146
MAR04460,2.5847920069149106,2.427527234914396,0.004237414718575671,0.08024674753687687,1.850872413856244,7.669813874468072,10.50399152988245
MAR04465,0.0,0.0,0.0,0.0,0.0,0.0,0.0
MAR04467,10.147117546370676,22.1289907178932,0.015237045503540707,0.2596243491493322,2.658415029443594,77.46625086527423,90.30398138265834
MAR04468,10.147117546370682,22.128990717893203,0.015237045503540209,0.2596243491493323,2.6584150294435966,77.46625086527425,90.30398138265835
MAR04469,-10.147117546370664,22.128990717893203,-90.30398138265834,-77.46625086527425,-2.6584150294435664,-0.2596243491493325,-0.015237045503541075
MAR04480,0.005438863933205532,9.658907038836097e-06,0.005432347485129541,0.005432652507518222,0.005435807790587032,0.0054526766045143935,0.005507068874221924
MAR04484,3.6262880032176987,0.006439943920139576,3.6219432507539047,3.6221466202501116,3.6242503620038082,3.6354974125501136,3.6717627130845627
MAR04485,-3.6262880032176983,0.006439943920139605,-3.6717627130845614,-3.635497412550114,-3.6242503620038056,-3.6221466202501125,-3.6219432507539
MAR04503,-468.99980774618433,193.1576865865524,-988.7451874299813,-963.1439791145978,-430.78685559560006,-204.9424822278393,-152.5567910955909
MAR04504,0.0,0.0,0.0,0.0,0.0,0.0,0.0
MAR04512,570.548702971836,185.39922395176688,190.58787294272685,254.81094074750547,531.6156418339167,980.5382156576749,997.8418773184524
MAR04522,87.75142638304985,58.88283425834711,37.38778599287136,46.13792590549258,65.27702127549446,251.70759850066958,298.0074191253159
MAR04523,-343.92533790871965,235.06508515437918,-993.6504407972511,-969.9594909376777,-267.1488325217231,-104.31555586856099,-27.652255229604634
MAR04543,46.771138176247206,24.678887987657372,0.03050165416682961,3.89615831396484,46.840726975682045,87.57185481092638,108.59254979805664
MAR04548,212.7797317008837,153.436205073369,-219.40670471660204,-73.99870474873217,252.43094300703765,427.5830845060357,522.3535699284392
MAR04558,0.0,0.0,0.0,0.0,0.0,0.0,0.0
MAR04559,0.0,0.0,0.0,0.0,0.0,0.0,0.0
MAR04560,0.0,0.0,0.0,0.0,0.0,0.0,0.0
MAR04561,0.0,0.0,0.0,0.0,0.0,0.0,0.0
MAR04565,0.3747193150833054,0.47940715965265324,1.4189679931000176e-06,0.0008377662385653927,0.16009322696403358,1.4800334975255007,1.5269924402519195
MAR04573,89.19754688157386,43.653044772817914,0.006683800769447261,2.1386275686988143,95.20020506634054,155.0836119886826,175.50020019494818
MAR04579,987.0997247716414,9.225082896120117,967.3234518751781,970.2699829738632,987.5321872693189,999.7361136800325,999.962415081514
MAR04582,-689.3748470156083,136.10728520280998,-992.8815952745691,-965.599472991286,-697.047778809084,-522.477046081553,-111.42879720589667
MAR04583,689.3748470157108,136.10728520279483,111.42879720590761,522.4770460817737,697.0477788091578,965.5994729912868,992.8815952745705
MAR04584,-856.4683976835223,87.47330296750648,-999.559781402857,-996.4485788763365,-871.8000333991665,-719.2132402549161,-691.4092027513209
MAR04589,-53.29597640149035,153.06966536272972,-418.95998745755344,-404.6087196958629,-48.49245758909284,124.51813519582856,544.7161763195497
MAR04590,125.51962353587791,63.57148050885191,14.068726116679192,37.277232550070615,115.74865982237881,215.79089738444839,480.9314148580807
MAR04593,125.51962353587788,63.57148050885191,14.068726116678965,37.27723255007064,115.74865982237881,215.7908973844484,480.9314148580807
MAR04601,5.128021891703654,0.00910688102390391,5.121877871778072,5.122165461519351,5.125140413800485,5.141045140994047,5.192328782802412
MAR04603,-983.298142170758,8.97833314663194,-994.873522694949,-994.659876802268,-985.2154686062829,-965.7523687138602,-958.3038838326413
MAR04604,1.6017276879892545e-13,8.611911636337221e-13,-1.5072804748283524e-12,-1.2456213849935215e-12,9.80829245777711e-14,1.418078694083637e-12,2.1228124372957503e-12
MAR04608,-0.23387114912784285,0.0004153330026676356,-0.2368039615915363,-0.2344650939941607,-0.23373973499533007,-0.23360405782326393,-0.23359094186067697
MAR04610,21.356356832000113,21.416244959948163,0.018951662167440583,1.2415269526255548,16.688197624923184,76.80255852500592,206.50369854352826
MAR04611,0.5726091509344986,0.1630064756648572,0.23615341156828906,0.2679116639065914,0.5711612710000147,0.862873281897462,0.8824247139870343
MAR04612,0.33387004609019766,0.1629799627569446,0.023095759673536453,0.04402152535096972,0.33554908597207206,0.637512115772455,0.6701301211138011
MAR04623,0.0,0.0,0.0,0.0,0.0,0.0,0.0
MAR04624,-4.095073172733825,3.136810433154313,-24.02558084758778,-9.658372446345808,-3.586482323482591,-0.25611048159605093,-0.020079318477334424
MAR04627,513.1252390543549,152.27971331356355,72.65227461651641,386.97104776989875,488.64439393821385,967.2648938581976,992.9450488267778
MAR04628,2.8282092452669194,0.005022631660166446,2.8248206922686303,2.8249793039092292,2.826620051106297,2.8353918343479476,2.8636758145953065
MAR04631,2.8282092452669216,0.005022631660166279,2.824820692268634,2.8249793039092337,2.8266200511063007,2.835391834347947,2.8636758145953083
MAR04644,4.5273283363092505,0.008040106182371914,4.521904023368451,4.522157925011692,4.524784393081832,4.538826049616356,4.584102354915095
MAR04651,8.953127652513487,9.291767164129297,-8.917039430682955,-5.764489676715464,8.456821761150088,25.12667145822848,31.34469034115068
MAR04652,-980.2113830184029,14.655900145745603,-999.9794362017877,-999.7902070505085,-978.6718074555989,-956.9622688638528,-943.5849579660412
MAR04655,-388.452775843567,173.9295964272986,-742.626450124529,-712.4795977513442,-396.29016824544897,-16.744742980619865,-9.782449725658022
MAR04658,-475.9076443551261,198.96850171412876,-988.2464509940112,-960.4295025526602,-451.32868079979914,-178.9324489406342,-106.83287359758685
MAR04661,0.0,0.0,0.0,0.0,0.0,0.0,0.0
MAR04673,4.527328336309238,0.008040106182373222,4.5219040233684495,4.522157925011668,4.524784393081816,4.538826049616323,4.584102354915096
MAR04674,0.0,0.0,0.0,0.0,0.0,0.0,0.0
MAR04677,-6.566521681954144,12.087994417628693,-44.273441885638974,-24.27400988755179,-7.08212637377358,20.448876102295756,34.62334450915525
MAR04681,0.0,0.0,0.0,0.0,0.0,0.0,0.0
MAR04682,0.0,0.0,0.0,0.0,0.0,0.0,0.0
MAR04692,-835.1827031872984,123.70526191415709,-972.7033233751011,-954.7976032546828,-861.6181753533024,-674.8382386888316,-113.87877675107227
MAR04693,-835.1827031872957,123.70526191415634,-972.7033233751016,-954.7976032546817,-861.6181753533019,-674.8382386888304,-113.87877675107302
MAR04699,0.0,0.0,0.0,0.0,0.0,0.0,0.0
MAR04700,467.9460381723954,191.375827908459,222.72188058398552,244.45916761368187,436.7822350058033,967.2695569366982,994.4677179088309
MAR04701,467.9460381723954,191.375827908459,222.72188058398552,244.45916761368187,436.7822350058034,967.2695569366982,994.4677179088309
MAR04702,0.0,0.0,0.0,0.0,0.0,0.0,0.0
MAR04703,0.0,0.0,0.0,0.0,0.0,0.0,0.0
MAR04704,0.0,0.0,0.0,0.0,0.0,0.0,0.0
MAR04710,986.9244301739761,8.979204007664594,961.9404100412889,969.3827728844288,988.8416006666032,998.2874650648772,998.4962366787368
MAR04711,0.0,0.0,0.0,0.0,0.0,0.0,0.0
MAR04719,31.132098349532498,15.568042999997976,3.287216736064488,4.3206809591057045,31.96322835932829,56.05606161315837,60.16114701899998
MAR04726,0.0,0.0,0.0,0.0,0.0,0.0,0.0
MAR04728,0.0,0.0,0.0,0.0,0.0,0.0,0.0
MAR04735,0.0,0.0,0.0,0.0,0.0,0.0,0.0
MAR04736,0.0,0.0,0.0,0.0,0.0,0.0,0.0
MAR04737,91.3087626461095,47.17531623513756,1.9559495905111803,6.354690165673901,85.97367302924533,165.4629804261109,179.31575131246947
MAR04740,91.30876264610902,47.175316235137494,1.9559495905111806,6.3546901656739045,85.97367302924488,165.46298042610968,179.31575131246962
MAR04752,0.004657062395754144,8.270501580266093e-06,0.004651482644973431,0.004651743822362626,0.004654445553885982,0.004668889584838396,0.0047154633173274365
MAR04756,0.004657062395754142,8.270501580266755e-06,0.004651482644973416,0.004651743822362627,0.004654445553885974,0.004668889584838399,0.004715463317327437
MAR04760,0.0,0.0,0.0,0.0,0.0,0.0,0.0
MAR04765,-74.99197132678704,309.5055321194044,-983.6213499930985,-936.9517814618747,10.857584582316292,258.55654425606934,347.80951179510424
MAR04766,220.07563787436086,86.37405557791473,25.860656462232704,103.64595354687023,213.30790275661803,458.4341445952062,473.84653493451776
MAR04767,431.4444883137349,107.58976775648921,190.76718085312461,234.68064992978583,441.16009609223977,646.3987287484641,728.7990674522437
MAR04770,0.004657062395754145,8.270501580266023e-06,0.004651482644973429,0.004651743822362626,0.004654445553885983,0.004668889584838396,0.0047154633173274365
MAR04782,0.0,0.0,0.0,0.0,0.0,0.0,0.0
MAR04786,-5.072771695928338e-15,3.777626053356319e-15,-1.4404889003017062e-14,-1.2772418783654787e-14,-4.1636162768937185e-15,-4.641346706992149e-17,6.090361938583563e-16
MAR04787,4.880249032133787e-16,8.814893644151312e-16,-2.1279642270818457e-15,-7.976092798234431e-16,3.3455039497931716e-16,2.17533230734985e-15,3.1580608332624945e-15
MAR04788,0.0,0.0,0.0,0.0,0.0,0.0,0.0
MAR04791,10.14711754637067,22.128990717893195,0.015237045503541082,0.2596243491493322,2.658415029443579,77.4662508652742,90.30398138265832
MAR04797,0.0,0.0,0.0,0.0,0.0,0.0,0.0
MAR04807,0.0,0.0,0.0,0.0,0.0,0.0,0.0
MAR04819,0.0,0.0,0.0,0.0,0.0,0.0,0.0
MAR04820,87.75142638304985,58.88283425834714,37.38778599287134,46.13792590549281,65.27702127549452,251.7075985006696,298.0074191253168
MAR04821,0.0,0.0,0.0,0.0,0.0,0.0,0.0
MAR04828,21.356356832000113,21.41624495994817,0.018951662167373595,1.241526952625499,16.688197624923177,76.80255852500594,206.50369854352826
MAR04838,513.125239054355,152.2797133135634,72.65227461651641,386.97104776989926,488.644393938214,967.2648938581976,992.9450488267777
MAR04839,513.125239054356,152.27971331356284,72.65227461651618,386.9710477699001,488.64439393821624,967.2648938581978,992.9450488267777
MAR04844,-377.90792714153565,228.11726754960057,-994.0435171491068,-971.0993225929212,-315.4102729552417,-123.87102587652294,-75.27608609990949
MAR04846,-67.26019050341421,43.461546246446396,-312.2736116640033,-104.09897252030665,-65.75120495001819,-5.1978261478978025,-2.422083345826075
MAR04849,-1.7998920018947508,1.405877111603251,-6.535438273480823,-4.3599727945713305,-1.5874692264989552,-0.01510679496549361,-0.0020364971681185074
MAR04852,230.96563316926054,94.12255910582913,4.5357951582582245,84.84341536504922,228.33152221404737,366.29382229099065,482.35504140167507
MAR04854,-251.1965583632251,168.30534596280012,-604.5559649526283,-566.8356911871415,-199.07853931234075,-6.317203234618581,8.949613205461333
MAR04856,0.0,0.0,0.0,0.0,0.0,0.0,0.0
MAR04858,-6.841470299784585,189.13112526446386,-287.92915190023945,-232.54469906307236,-40.38804030018989,564.2012347200744,606.7102425587049
MAR04873,666.6271792686036,131.9878187900547,270.21382494429054,439.8314958581342,652.9332621501476,857.281664099176,956.6803343718799
MAR04874,432.8550506278495,249.7695684434597,-51.26497157506532,31.83169505401213,498.9336491263783,940.8925495197666,969.6959436678284
MAR04875,-22.997064883464255,166.49013807272894,-307.3618660188773,-234.7675729102323,-43.564368159607625,404.64089807097247,414.2483959701219
MAR04882,260.08708316966585,134.85600427311437,2.7087067294996148,10.93051462273015,251.56578482174427,578.6759842336904,649.995769926451
MAR04883,-501.4986095042491,169.85922671386788,-995.7205215517537,-971.5237487816215,-521.7736521172023,-287.5702289692286,-61.6858644660864
MAR04884,-4.095073172733803,3.1368104331543183,-24.025580847587786,-9.658372446345801,-3.586482323482538,-0.25611048159605126,-0.020079318477334684
MAR04885,-502.94364428817744,245.41773041376462,-931.4659656750893,-912.2314111154548,-554.8295998935582,102.02559030841788,299.96423104529924
MAR04886,-758.3582915116734,96.6469755433792,-988.3272266911389,-985.6618068327533,-742.2867857893859,-595.2614168671236,-561.666435240212
MAR04887,668.1943570835384,194.73748658092958,296.7302706057428,332.6963183372551,707.459940929067,992.1002472734905,998.9594312900737
MAR04888,-391.17614478293353,283.021596940732,-920.395287646391,-701.7370950389675,-399.2362376077343,545.20426106631,586.9422338857419
MAR04889,-410.4185221549859,177.86402821437767,-712.5170521568871,-677.350504877537,-419.0641186111145,-12.921989214623895,-1.2263875006264868
MAR04891,0.0,0.0,0.0,0.0,0.0,0.0,0.0
MAR04894,206.76702016135718,88.15092375772676,26.209773899604784,131.08529680955024,188.33543159505138,483.500829214591,498.2431664621594
MAR04895,0.0,0.0,0.0,0.0,0.0,0.0,0.0
MAR04896,-965.871965203658,17.335779884015423,-999.8682691000333,-998.638063140274,-965.4382028305934,-936.2268627230131,-902.5063528891503
MAR04898,39.9201830515346,328.2388071483307,-983.1318910070399,-935.3484926309719,100.01288073269833,450.77383818985635,858.5183398561917
MAR04899,31.132098349532498,15.568042999997978,3.287216736064488,4.320680959105705,31.96322835932828,56.056061613158384,60.16114701900001
MAR04901,0.0,0.0,0.0,0.0,0.0,0.0,0.0
MAR04904,-20.34256046942544,12.577265567962215,-50.33467872102803,-42.943567503132336,-18.870447470420338,-0.8008634617637784,-0.01065603772579279
MAR04905,0.004657062393257198,8.27050186610343e-06,0.004651482641514298,0.004651743822660098,0.0046544455487423815,0.004668889583687579,0.0047154633165688836
MAR04906,0.0,0.0,0.0,0.0,0.0,0.0,0.0
MAR04908,-4.419618048302386,4.357261240137896,-38.83169848883387,-10.828906722312315,-3.610844343647552,-0.27103811752177237,-0.010235104753268196
MAR04913,13.467672564111085,41.65801724350748,0.015616443528981047,0.1468372593838815,7.470738536860087,15.149705254562122,303.30353839607767
MAR04914,-2.4668011518443382,263.2728101715925,-566.8579102654757,-502.859550793804,45.38305521980885,422.50242188582513,528.5440439194358
MAR04916,0.0,0.0,0.0,0.0,0.0,0.0,0.0
MAR04919,320.8238156028604,186.3448652610714,3.761333474356377,68.10131293057285,299.2705766658362,763.244661003325,893.2449138926476
MAR04920,0.0,0.0,0.0,0.0,0.0,0.0,0.0
MAR04922,8.93282381877079,211.75292391687623,-641.3840265251212,-522.5226155586024,30.47263630013157,290.5421663680291,529.628303977233
MAR04923,-16.978987684109082,24.919975758355406,-152.05615381697612,-69.59567757978014,-8.938799295613112,1.9792169027949114,6.576230410425679
MAR04924,-113.56524702774026,104.52576978913321,-671.244058638623,-245.65005575841602,-99.96251389747883,-4.134049205963313,-1.9862334063065992
MAR04926,-4.880249032133787e-16,8.814893644151312e-16,-3.1580608332624945e-15,-2.175332307349856e-15,-3.3455039497931716e-16,7.97609279823441e-16,2.1279642270818457e-15
MAR04927,-1.5247058993817724,1.273032923822465,-4.52231982144258,-3.982144405271433,-1.1982065365273291,-0.038598458798897395,-0.004970324088709958
MAR04929,-0.13548275421412723,0.06797309572856886,-0.3840069834975889,-0.3709498723072697,-0.13005605120243324,-0.067687746261064,-0.05140858897133783
MAR04945,0.0,0.0,0.0,0.0,0.0,0.0,0.0
MAR04947,-105.62137817294187,262.47012845889907,-481.05349946803756,-288.7696992593672,-143.40602609040275,852.6601739359878,907.4517650758814
MAR04948,643.97592956901,304.8808424282453,-456.95712781755606,-397.35218460820863,755.4834039457578,858.680011042692,955.88631774411
MAR04949,-184.79193249326795,76.91904498304685,-362.25400146137616,-302.65078233650485,-182.00844511143453,-28.89173868299682,-21.405220787799863
MAR04951,0.0,0.0,0.0,0.0,0.0,0.0,0.0
MAR04953,32.77394815265369,35.79810183011681,0.19373117285795785,0.7440457049116301,20.692947917678296,112.09601486991191,123.08205899776308
MAR04954,424.2814571685716,134.40559655144605,38.875810366480444,239.87001210820824,409.1488193611524,625.8203154257336,652.719492367608
MAR04957,835.1596680921909,117.48637837382321,473.42148184572994,479.4753600664119,864.151714236867,957.5816291216854,975.4846480201833
MAR04958,995.8298590028813,3.6481720580609958,983.5278197592448,989.3786479320705,997.1681907769082,999.9033794558428,999.9846615539022
MAR04962,0.0,0.0,0.0,0.0,0.0,0.0,0.0
MAR04968,8.583781308001901,4.201597047779295,0.6281950435407794,1.7678633448713998,8.798381530524352,15.199095626240606,18.434647971605642
MAR04969,-0.2121156934080896,0.0003766973717037158,-0.2147756860947927,-0.21265438756442206,-0.21199650383159974,-0.21187344782972853,-0.2118615519107634
MAR04970,18.816019251773135,7.503724540300175,0.5128294088665541,2.144097354954071,18.61501186687036,30.797818114909475,46.91526945086168
MAR04971,222.14642822911287,266.51514441473034,-324.69837039360317,-263.62104611693263,198.8131161527496,959.9154513960992,990.2769186569816
MAR04973,0.0,0.0,0.0,0.0,0.0,0.0,0.0
MAR04974,2.455984952841737,1.5477387560191638,0.0012418935589572403,0.016055101426815887,2.1651467617441256,5.487477957739717,6.178211756973677
MAR04980,3.6262880032176983,0.006439943920139734,3.621943250753899,3.622146620250114,3.6242503620038033,3.6354974125501145,3.6717627130845627
MAR04981,1.3576096717675978,1.7276957181615824,0.00011780431525013719,0.022150897370853313,0.7216859666248001,4.298432087330377,9.550334782214328
MAR04985,992.2512698232732,5.797285303743078,967.6442535193255,981.2466631440843,994.2255292651103,999.4005623927408,999.95975585024
MAR04987,1.3576096717675972,1.7276957181615813,0.00011780431525020701,0.022150897370854683,0.7216859666248001,4.298432087330374,9.550334782214325
MAR04991,1.3576096717675978,1.7276957181615822,0.00011780431525003983,0.02215089737085439,0.7216859666248001,4.298432087330378,9.550334782214327
MAR04992,167.09355066780785,147.13112623281225,-42.507068912658724,6.314064104071912,142.13212345954753,356.62665239456834,868.9546309700213
MAR04993,861.3163694742339,102.29626310942201,500.12706399162266,521.6661588040913,881.394913335984,957.6387201990378,975.5857726935991
MAR04994,0.0,0.0,0.0,0.0,0.0,0.0,0.0
MAR04997,5.128021891703655,0.009106881023898767,5.121877871778089,5.122165461519368,5.125140413800482,5.141045140994027,5.1923287828023845
MAR04999,0.0,0.0,0.0,0.0,0.0,0.0,0.0
MAR05000,-298.6667870330223,146.8371594665202,-914.8841802789477,-464.83416937999357,-319.52436631159026,-31.28967081507211,-10.111500390650349
MAR05003,-4.0759644990393324,0.007238526771973944,-4.127078283398536,-4.086315917752227,-4.073674180884314,-4.071309565416597,-4.07108097716162
MAR05004,82.0210107011761,283.77652282231975,-229.8504347342361,-155.1287961165039,-30.404480871312586,928.8803215761645,965.78537760754
MAR05005,157.75522097865198,74.35148340834925,0.6168128110111665,4.982102847559274,158.3252127529597,311.32532683471845,358.62123696854474
MAR05006,0.0,0.0,0.0,0.0,0.0,0.0,0.0
MAR05011,-18.26697749986178,34.78487886544775,-99.92698776768154,-71.97282701957053,-19.895019910904868,43.90882195043211,72.39740368877484
MAR05013,69.76578247662323,229.56867743619034,-875.4387621143039,-321.16025238807117,75.26586030058768,464.9717466790939,534.7588702789978
MAR05017,1.3576096717675983,1.7276957181615822,0.00011780431525037333,0.022150897370854617,0.7216859666248007,4.298432087330377,9.550334782214328
MAR05025,15.103761218606657,8.061759859521871,0.20190584686134735,0.7966999910399366,16.16760149696126,25.90768858688951,27.985671690675165
MAR05026,1.1071388437866417e-15,6.675279417091037e-16,-3.4173927446837045e-16,-1.1037768907964375e-18,1.0725547737005997e-15,1.889745929667155e-15,2.5302717843393945e-15
MAR05029,0.0,0.0,0.0,0.0,0.0,0.0,0.0
MAR05030,3.5911124777533274,2.516358315469611,0.007095867773099784,0.14306374703487118,3.201093634192142,8.099400049334694,10.808824430669066
MAR05031,-4.7405129502898066e-14,2.7671001606024524e-14,-1.2167277930453415e-13,-1.1886287973732355e-13,-4.0512499428911405e-14,-1.5776379750739576e-14,-8.613441189908233e-15
MAR05032,377.90792714153565,228.11726754960057,75.27608609990949,123.87102587652268,315.4102729552417,971.0993225929212,994.0435171491068
MAR05033,-3.626288003217698,0.006439943920139702,-3.671762713084562,-3.6354974125501136,-3.624250362003805,-3.622146620250112,-3.6219432507539002
MAR05035,-987.0997247716413,9.225082896121117,-999.9624150815149,-999.7361136800334,-987.5321872693152,-970.2699829738585,-967.3234518751741
MAR05037,-8.953127652513482,9.291767164129297,-31.34469034115068,-25.12667145822847,-8.456821761150076,5.764489676715472,8.917039430682975
MAR05042,-377.90792714153565,228.11726754960057,-994.0435171491068,-971.0993225929212,-315.4102729552417,-123.87102587652294,-75.27608609990949
MAR05043,233.59036166047468,146.41500623882584,72.88079250429047,118.6448125425994,164.8666160387644,655.3014501571428,670.5270064231908
MAR05045,-321.088763718831,292.54272501030295,-933.6575634978075,-919.1754728822845,-267.49976238199605,-27.35661103096481,840.7336327229782
MAR05068,17.381496220434602,6.434983753873393,0.09703711491073536,0.7446328133165421,20.19369246040975,24.408403150974383,25.963179374779784
MAR05069,12.349850450037364,5.663949696497085,1.3398349792047461,2.2585278266855213,12.813229924741922,22.256111875966628,29.672111822375168
MAR05070,413.78769666650703,168.75418365322454,36.975593386977,53.99967623500995,452.29830985902964,603.3044941947621,924.1338496455865
MAR05071,636.9321440857583,142.85616306243492,107.29024953422584,452.4244354985772,634.7872084126088,936.6699280365555,956.0019195354666
MAR05073,202.50322871401744,87.21826033467737,2.668839201192266,13.30986560360708,218.03574833422516,309.14454185581775,353.5771007110586
MAR05074,29.605852999719087,24.67657322900186,-17.136793131321827,-13.267187651720267,29.681872271012224,70.41841846426615,91.43632856223893
MAR05080,-5.938429491165633,0.010546088138254337,-6.012899130073246,-5.953510871333455,-5.935092638531245,-5.931647539283722,-5.931314500260667
MAR05081,2.455984952841739,1.547738756019163,0.0012418935589572438,0.016055101426815887,2.1651467617441287,5.4874779577397135,6.178211756973682
MAR05082,318.0515141279473,181.34800524753754,23.131380173912362,116.98594384956053,280.70932957853324,911.3477562857151,932.6950295872559
MAR05085,201.99611706517845,254.7753755174556,-343.8400526605815,-302.1776400052677,204.44490666313624,591.7952042882315,926.8404174905013
MAR05086,1.3576096717675983,1.7276957181615826,0.00011780431525067799,0.02215089737085442,0.7216859666248003,4.2984320873303785,9.55033478221433
MAR05089,-40.52612255849948,0.07197055400584808,-41.034331962643826,-40.629043686373926,-40.50335059513381,-40.47983991532602,-40.477567129181296
MAR05091,5.000201236603454,5.634958064582196,0.0033648962866110453,0.08617042754966658,2.960993365958118,15.001091451560244,33.16262776709894
MAR05092,-27.092989187619928,0.048114581864862525,-27.432743178928924,-27.161795202817473,-27.077765412970635,-27.062047783115577,-27.060528354003004
MAR05093,1.3576096717675985,1.727695718161583,0.00011780431525062313,0.02215089737085463,0.7216859666248001,4.29843208733038,9.550334782214332
MAR05094,13.441198127565407,6.4424420034178995,4.875730806287122,6.382067031109538,10.641765891253865,30.074684149448284,30.698026399682952
MAR05096,184.77685220339964,120.52745722480316,0.5249414468446563,7.059735704824261,167.36312262782755,431.8518202726935,470.76187626381846
MAR05097,8.881707123729473,6.946450671131401,0.00933700076701081,0.15975225867148185,8.032060608090443,20.145079148852886,22.650301752550618
MAR05100,4.095073172733238,3.1368104331545905,0.020079318477435288,0.2561104815960526,3.586482323481465,9.658372446347283,24.025580847587857
MAR05119,4.369390821195006,3.13062904744665,0.0028945475682910834,0.12517172072928612,3.6411925531382776,9.554899615312628,11.6876457011954
MAR05126,0.0,0.0,0.0,0.0,0.0,0.0,0.0
MAR05127,0.0,0.0,0.0,0.0,0.0,0.0,0.0
MAR05128,-250.77951421766582,139.39594436632015,-598.9270910114112,-515.4582819578849,-251.72859862541904,-0.8123833655183171,125.08525420058422
MAR05130,16.871586524134948,0.029962339163994232,16.851372225918432,16.85231841829189,16.86210624016026,16.914434016183627,17.083161143000208
MAR05131,48.093027778762,0.08540866074858339,48.03540623829467,48.03810339164333,48.06600390878478,48.21516600342657,48.6961283827159
MAR05132,30.74111138917128,0.054593301252534705,30.704279642954784,30.706003666069144,30.72383770449158,30.819182264363373,31.126613897566187
MAR05133,22.51546244324054,0.03998532806581002,22.488486066617273,22.489748778859255,22.50281081871941,22.57264326003085,22.79781291325644
MAR05134,33.38292564917802,0.05928491307894967,33.34292867477103,33.3448008561217,33.364167507221204,33.46770574020711,33.80155727938819
MAR05135,10.98754567230145,0.01951284009611293,10.974381200509276,10.974997404083352,10.981371679535105,11.015449910895235,11.125332701669155
MAR05136,25.697647801885235,0.045636587765772625,25.666858764032416,25.668299939604598,25.6832080810984,25.762910174115344,26.019903804996623
MAR05137,47.01228558148668,0.08348936500138808,46.95595890709739,46.95859545025818,46.98586898948639,47.13167912694587,47.60183336287953
MAR05138,43.28972912420385,0.07687845742787311,43.23786254408266,43.240290318820186,43.26540426745767,43.3996687746194,43.83259496122113
MAR05139,13.689401165490347,0.024311079464011,13.672999528503325,13.673767257546425,13.681708977781446,13.72416710209921,13.86107025125991
MAR05140,26.5382250664331,0.04712937334690751,26.506428910519578,26.50791722734875,26.52331301833068,26.60562218915758,26.87102215375832
MAR05141,54.697563428779425,0.09713769031453796,54.632028817835526,54.635096366775386,54.66682841560901,54.836474693037204,55.38348683727091
MAR05142,43.1696466578401,0.07666520234484747,43.11792395172764,43.120344991999644,43.145389276424766,43.279281343899896,43.71100662568382
MAR05143,13.329153766398505,0.023671314214961704,13.313183751437462,13.31393127708471,13.321664004681942,13.363004809938653,13.496305244647855
MAR05145,22.09517381096684,0.039238935275232534,22.06870099337391,22.069940134987274,22.082758350103404,22.15128725251045,22.372253738875695
MAR05146,30.621028922807277,0.054380046169517006,30.584341050599555,30.586058339248538,30.60382271345847,30.69879483364262,31.005025562028834
MAR05147,39.687255133285575,0.07048080493734163,39.639704773424185,39.64193051420258,39.66495453646283,39.78804585301564,40.184944895100074
MAR05148,32.12205975235652,0.057045734707257274,32.08357345504019,32.0853749245059,32.104010101372594,32.20363771764519,32.5248797562458
MAR05149,5.884040851833571,0.010449499067865157,5.876991025409287,5.877321014208609,5.880734560625303,5.898984105288242,5.95782844133103
MAR05150,40.04750253237714,0.07112057018640469,39.99952055048993,40.00176649466425,40.024999509562214,40.14920814517504,40.54970990171208
MAR05153,0.0,0.0,0.0,0.0,0.0,0.0,0.0
MAR05175,2.455984952841739,1.5477387560191647,0.001241893558957374,0.016055101426816033,2.1651467617441256,5.487477957739716,6.178211756973691
MAR05178,1.3576096717675983,1.7276957181615828,0.00011780431525043621,0.02215089737085463,0.7216859666248001,4.298432087330381,9.55033478221433
MAR05180,16.862166752571646,6.442999329001054,1.4131640680137492,2.4760821100444708,17.58188393110246,25.770586896588924,30.263498194559304
MAR05182,4.095073172733234,3.1368104331545936,0.02007931847743701,0.25611048159605226,3.5864823234814507,9.658372446347292,24.025580847587857
MAR05183,2.4100936086598295,2.6667639269069814,0.0003533050059978567,0.051667577665614285,1.4471020954636016,7.254724944105268,18.14075675528204
MAR05189,4.3693908211950205,3.130629047446655,0.002894547568291256,0.12517172072928612,3.641192553138274,9.554899615312642,11.687645701195406
MAR05193,2.455984952841738,1.547738756019165,0.0012418935589573385,0.016055101426816026,2.1651467617441225,5.487477957739719,6.178211756973691
MAR05196,2.4559849528417366,1.5477387560191656,0.001241893558957334,0.016055101426816022,2.1651467617441185,5.487477957739715,6.178211756973686
MAR05202,0.0,0.0,0.0,0.0,0.0,0.0,0.0
MAR05219,0.0,0.0,0.0,0.0,0.0,0.0,0.0
MAR05225,316.74233912805727,115.58658823359582,10.438554862919109,32.338766725804,331.78137553092677,485.71513279824194,589.2691231545103
MAR05235,2.4559849528417352,1.5477387560191647,0.0012418935589573283,0.016055101426816026,2.165146761744117,5.487477957739716,6.17821175697368
MAR05256,1.3576096717675983,1.727695718161583,0.00011780431525038049,0.022150897370853417,0.7216859666247999,4.298432087330379,9.550334782214332
MAR05258,0.0,0.0,0.0,0.0,0.0,0.0,0.0
MAR05293,2.455984952841737,1.5477387560191656,0.0012418935589573507,0.016055101426816043,2.165146761744121,5.487477957739718,6.178211756973689
MAR05296,-430.6940164831027,200.50950883233526,-772.6873474658096,-747.6853420285348,-451.80032840938804,-41.18672107561268,-32.24399952944873
MAR05300,1.3576096717675992,1.7276957181615833,0.0001178043152506652,0.022150897370854298,0.7216859666248006,4.298432087330381,9.550334782214334
MAR05303,-771.1107816952867,131.51016646968446,-979.1999669890489,-977.3447799119143,-773.5925161525962,-515.7709939923284,-494.96421790790714
MAR05304,4.5273283363092505,0.008040106182371826,4.5219040233684575,4.522157925011689,4.524784393081836,4.538826049616358,4.584102354915094
MAR05305,122.23388349779624,76.7357326375203,1.807436758997854,14.90784096395915,94.82888870478419,266.08239993983403,349.0904013241841
MAR05307,5.723285418828451,4.685419844304712,0.046489993140888836,0.3626054390501011,4.537524182461535,14.71918396335154,19.419505177678694
MAR05308,28.129628020682002,22.57428553511847,0.007317257485735494,1.4911385216435296,23.26077302478477,70.21415291167096,98.77822364447496
MAR05309,1.3576096717675987,1.7276957181615833,0.00011780431525035273,0.022150897370853444,0.7216859666248002,4.298432087330381,9.550334782214334
MAR05311,29.90589586385154,15.195072548457054,0.010213201993234914,3.355272085079455,30.02393654677114,54.132044562008595,73.30799093272338
MAR05313,5.650464041886855,4.9946708724601345,0.0012261688245272149,0.05734519823419817,4.290219014011724,15.99113720156319,22.276660523723702
MAR05315,135.99285429192602,82.63079789883938,0.44192378447840736,4.217903036633525,145.79413263587367,242.10051523765742,280.47172218760113
MAR05319,179.293240561269,78.43064623901073,1.0486001819845987,8.813676254434071,186.63783912369365,293.92009616207343,316.97971625453454
MAR05320,294.1202358401463,138.21220198256304,52.49623604248036,56.63401321145463,251.91666620107804,474.9584475927188,915.6710371610359
MAR05321,1.3576096717675987,1.7276957181615835,0.00011780431525038808,0.02215089737085363,0.7216859666248006,4.298432087330381,9.550334782214335
MAR05322,53.90845621643009,21.409254363659166,1.75535408187173,4.773696369469187,54.53629070405369,87.04739593115794,98.19007436595182
MAR05324,17.55097260261973,13.836945405177518,0.030885811566735227,0.8525042360447149,13.963633960384414,46.47083833490621,56.285677196491235
MAR05326,18.266176655388804,16.39550855276248,0.015362932658726021,0.5788210842263357,13.743667854172017,51.458379136589215,85.98670975162668
MAR05327,16.862166752571692,6.442999329001089,1.4131640680137463,2.476082110044465,17.58188393110256,25.7705868965889,30.263498194559297
MAR05328,113.00708599925754,39.55689894059547,16.867881654162172,52.85845181839995,107.63709763573762,182.34048467953306,205.2751329266394
MAR05330,147.7537340333024,169.24830347779377,0.5778581253802824,4.896098917929395,85.92861628040603,609.6006850695951,640.9057218270698
MAR05331,4.095073172733236,3.136810433154592,0.020079318477436065,0.2561104815960524,3.5864823234814613,9.65837244634729,24.025580847587857
MAR05333,11.466758443764768,10.22277574383463,0.015613749100297803,0.056259801185980673,9.337516587632583,31.30642099413567,35.5398335511345
MAR05335,380.774459344539,157.10636430688567,48.31449518972989,62.706916328760606,395.54231696355527,578.2229469803132,921.6815885288622
MAR05344,457.3391993403649,175.73916084367207,50.28687058158221,66.67067285515685,461.4065750531406,771.1153005874868,829.0052052865199
MAR05346,-4.41961804830237,4.357261240137902,-38.83169848883392,-10.828906722312286,-3.6108443436475186,-0.27103811752177276,-0.010235104753268212
MAR05347,218.86868924208474,269.3067318608922,-127.27318258446513,-62.886239561162874,132.4235029772037,960.7713326246683,991.1813839289978
MAR05350,4.369390821195022,3.1306290474466567,0.002894547568291124,0.12517172072928617,3.6411925531382763,9.554899615312646,11.687645701195411
MAR05353,0.0,0.0,0.0,0.0,0.0,0.0,0.0
MAR05361,240.29485564000274,249.23889967466067,-158.16499973683892,-51.98881285621397,195.04982815968728,888.9282732789926,909.9100104445471
MAR05362,41.69917031673726,237.56535850748207,-436.9043841976381,-429.1113618684948,66.41244752389804,346.2603876307993,418.0864029393117
MAR05364,2.455984952841736,1.5477387560191658,0.0012418935589573277,0.016055101426816012,2.1651467617441167,5.487477957739718,6.178211756973687
MAR05366,1.3576096717654937,1.7276957181600847,0.00011780431457347447,0.02215089736999745,0.7216859666241482,4.298432087324356,9.5503347822078
MAR05368,2.4559849528417357,1.5477387560191658,0.0012418935589573236,0.016055101426816005,2.165146761744116,5.487477957739718,6.178211756973686
MAR05372,4.369390821195022,3.1306290474466585,0.0028945475682914433,0.12517172072928612,3.6411925531382803,9.554899615312666,11.687645701195416
MAR05374,2.4559849528417335,1.5477387560191644,0.0012418935589573485,0.016055101426816033,2.165146761744116,5.487477957739712,6.1782117569736785
MAR05375,2.4559849528417335,1.5477387560191642,0.001241893558957348,0.016055101426816033,2.1651467617441167,5.487477957739714,6.17821175697368
MAR05377,4.369390821195022,3.1306290474466585,0.0028945475682914433,0.12517172072928612,3.6411925531382803,9.554899615312666,11.687645701195416
MAR05379,2.4559849528417326,1.5477387560191638,0.0012418935589573624,0.016055101426816043,2.1651467617441162,5.48747795773971,6.178211756973679
MAR05382,2.4559849528418876,1.5477387560192168,0.001241893558958272,0.01605510142681606,2.16514676174425,5.487477957739845,6.17821175697381
MAR05402,2.4559849528417335,1.5477387560191642,0.001241893558957339,0.01605510142681602,2.1651467617441162,5.48747795773971,6.178211756973679
MAR05405,2.4559849528417352,1.547738756019165,0.0012418935589573268,0.016055101426816033,2.1651467617441185,5.487477957739714,6.178211756973681
MAR05407,44.59888915533207,277.6207650169539,-936.7223090094041,-887.3921385037374,118.7952280938444,249.55132017297774,319.40003254935016
MAR05420,0.004657062395754142,8.270501580266804e-06,0.004651482644973417,0.004651743822362626,0.004654445553885975,0.0046688895848384,0.004715463317327438
MAR05421,3.0229511793113146,4.6666195133981505,0.007105864119980668,0.14339322241332628,1.4243541765903363,19.462769872493137,20.383499215255885
MAR05422,-15.647279692014486,0.02778808622740383,-15.84350114589966,-15.687017904613652,-15.638487356172327,-15.629409799290988,-15.628532268497542
MAR05423,3.7931435745127127,0.006736263605952851,3.7885989079348366,3.78881163502572,3.791012175773761,3.8027767343175207,3.840710701939066
MAR05428,4.369390821195041,3.1306290474466643,0.0028945475682913414,0.12517172072928603,3.6411925531382945,9.554899615312683,11.687645701195455
MAR05431,3.022951179311338,4.666619513398138,0.00710586411997758,0.1433932224133959,1.4243541765903664,19.46276987249314,20.38349921525589
MAR05435,0.0,0.0,0.0,0.0,0.0,0.0,0.0
MAR05436,0.0,0.0,0.0,0.0,0.0,0.0,0.0
MAR05437,0.0,0.0,0.0,0.0,0.0,0.0,0.0
MAR05438,0.0,0.0,0.0,0.0,0.0,0.0,0.0
MAR05439,61.74552721065105,30.16837401833629,1.116825101958181,6.0793928531521,59.72598660112264,112.68337443835703,220.76019298067285
MAR05453,-91.30876264610896,47.175316235137466,-179.31575131246944,-165.46298042610968,-85.97367302924484,-6.354690165673908,-1.9559495905111806
MAR05461,201.33917053351766,82.09886168989718,16.041381701152897,25.74365083558522,222.5378400545472,306.0528529022766,358.8544129148671
MAR05468,-30.953441890124996,96.89007429695984,-331.3079235096091,-245.04666563264558,-0.3265349257827097,75.09441973679425,199.9021573878009
MAR05481,490.897683971057,192.40470908721937,101.38090706326186,279.60542939673866,416.1342137218413,926.0936859674778,932.9004239375091
MAR05565,10.965961066452701,16.9069628376202,-59.32900930232654,-22.471216301549134,13.949242052292789,32.90817716931394,34.17255825457448
MAR05575,0.0,0.0,0.0,0.0,0.0,0.0,0.0
MAR05987,0.004657062395754142,8.270501580266911e-06,0.004651482644973413,0.004651743822362626,0.004654445553885972,0.004668889584838399,0.004715463317327438
MAR05989,419.59495614886316,186.8718475365382,50.352157675942365,209.35063530686762,393.87931614190916,977.3649202221341,997.2153034416692
MAR05994,86.91701598722601,99.56282769355298,2.8341357570604386,15.78035682811014,70.1738526099443,151.03113260723282,725.5801805475166
MAR05997,12.275675696891842,10.206014689347024,0.001831766491409511,0.13051883580134419,10.468205773433112,30.588232072150372,39.31603052967985
MAR05998,-633.6227430940568,176.75125415871756,-957.0525229715851,-815.8374450246681,-669.9696281072559,-57.290092150966,-46.51319094799965
MAR06020,145.02985539479045,237.90795981891333,-656.8054198201589,-312.1324385713301,137.0406252529823,557.9410685102388,633.843318608706
MAR06055,147.5697870494035,118.3104192501995,2.610648457972795,12.662930972062593,133.5756984129274,230.80151918024904,893.3831389621479
MAR06095,-383.2022834817516,219.39309750591994,-949.8675225820871,-613.6105338232269,-401.43359496607667,294.96836629719206,322.2648542493612
MAR06096,147.56978704940354,118.3104192501995,2.6106484579727898,12.662930972062593,133.5756984129277,230.80151918024927,893.3831389621479
MAR06098,1.2573509665122172e-15,9.703834016449073e-16,-6.22616343337311e-16,-3.5171387845660843e-17,1.3697510558201162e-15,3.2313194078301213e-15,3.56320076583693e-15
MAR06103,240.08801209687792,155.93881531371858,2.9033396894297994,32.8881493569483,226.47534193658657,561.4814729703978,665.7130865206358
MAR06104,113.1672866844197,132.90325087543246,-106.07231173157209,-39.48712769180727,81.97672710113653,431.4097897253844,528.940343921289
MAR06105,107.2860348492904,273.4599047369694,-212.10075712895213,-141.60657047398698,19.375011362507863,907.6785214637503,945.6591654153376
MAR06106,0.006161017344573338,255.54975084522374,-949.3679704091415,-916.5463777851292,45.76933709570096,212.71379579618838,277.76051506595195
MAR06107,84.8546262078514,207.11351241890569,-443.261603905817,-364.16604104617437,68.61096053978866,392.7451065490399,896.1950190580557
MAR06123,337.97185871606166,372.65247525515815,-973.7539304055134,-899.7680599362595,418.007326275878,707.8405605062574,796.1925434106664
MAR06124,-244.25960546847983,124.86215962989928,-904.0565991854946,-380.90579965923934,-219.15306750623435,-55.35558367134948,-46.84213541829086
MAR06125,327.4958017335127,237.98520840772508,-80.76207262239473,32.39527689228074,276.4718451213593,935.013915173223,966.9325959508191
MAR06126,-426.91675779048364,219.11463606940242,-988.1964384943846,-960.9857368097228,-378.911269085227,-128.58404425095716,-64.44710841355038
MAR06127,-719.8554055435426,141.02269902685126,-997.3395427717136,-982.0907201665977,-703.9178389101868,-456.02566327950035,-421.43032897140995
MAR06128,355.25950040172137,216.04896629723615,98.57533861103366,145.02389582158764,292.11756552063173,953.1229541278253,990.7294386696385
MAR06129,6.8949795823732325,6.027539748179872,0.003793662887791263,0.03994897133134144,4.962791097842122,20.042726457315222,21.845657049995097
MAR06130,418.3817712128291,188.74426597389186,46.8297433592488,69.25676008428657,409.55709165441914,750.8466891253275,932.7481493455473
MAR06131,-781.4684160433403,131.0490892482606,-999.2511909549323,-992.8347148133412,-783.8815174053657,-454.270854957646,-403.4248570412821
MAR06132,168.89653810905284,62.25742401522839,2.668196629981935,14.407730924111748,175.7833936580948,254.5763840381894,320.6545648286577
MAR06133,117.45256306097257,173.02553637158687,-442.5259962825107,-35.8928670573377,77.31615917506548,483.1669753819939,513.6863145366062
MAR06134,209.23756969762016,236.32759883477834,4.908742504994734,33.80556151978641,137.26659898155935,950.3318188640015,990.0078991455551
MAR06135,-490.0056212812938,200.6366515731925,-994.1540655652759,-970.0584106693728,-454.1686053669338,-183.86806346982596,-118.33915108677911
MAR06136,732.5663877900007,105.19166243778288,550.4401282025568,577.6414781638822,717.7510986715804,984.8882495347549,996.941209765049
MAR06137,168.3323088471323,73.04234836884031,2.504479047112291,13.34647690878735,172.1230415972342,271.54702210093933,322.01986164156614
MAR06138,145.85184506163952,59.20461717512268,4.215637972541344,20.616483534494307,149.88754310351732,226.9387823767687,294.1368896237832
MAR06139,295.8775080092079,339.30109231280943,-361.6712857361677,-322.1133386507609,330.1258369928196,952.6962863127244,990.7464521391802
MAR06140,43.57029507904044,42.25406790904709,-47.646699239538066,-17.90193462329258,41.781548918765395,111.26109347908648,211.39176648579655
MAR06141,-478.6953385051052,197.65002598944534,-994.6859621454639,-965.1262595242856,-429.2591869106999,-259.52799746068456,-190.93899328443686
MAR06145,-487.3986197521655,201.61322355938626,-994.2705720985858,-970.6576120408278,-450.70705498977713,-182.64256990106782,-122.50796463420167
MAR06146,541.9734473787944,182.87061986515081,51.1253983093084,73.5661678398331,597.8044947211324,730.6603920944543,961.1052257594099
MAR06147,-161.86086247592402,72.38214900783473,-326.62036296592254,-269.46398719447666,-162.29704958117694,-12.158189020973227,-2.5214563951364934
MAR06148,-174.08198997081786,121.5578658603358,-898.9336500928925,-272.12850118093496,-155.69502182006397,-20.22360812027523,-7.456833413132472
MAR06149,-779.3141153819718,223.58871718393496,-980.7204244762627,-954.1738549270415,-855.705616823883,-86.21210749514151,-53.35000542167052
MAR06150,450.642860664125,211.16540721383606,70.7549487901382,153.34414251156142,399.04139635728984,960.0300114767708,992.2273534505547
MAR06151,509.9431606015593,199.3243556478859,88.78455674130777,174.23090433255007,502.36529728371744,970.655971731099,994.2646946555242
MAR06152,5.4811534335826675,6.976255739062857,-7.616289288149687,-7.496029863239002,4.37760875438056,16.810100476037885,18.187844256107724
MAR06153,-515.4243140351398,201.16496667718135,-994.2785198203179,-970.9066245428652,-507.06346926830275,-167.500929576333,-81.27064609107634
MAR06154,149.50357003802262,210.68887569334333,-113.63966355033851,-20.7130306861262,108.46508708998743,908.6320009748556,946.8846010830399
MAR06155,-138.21222949950396,92.15591967265446,-333.6687629038874,-269.32329360026415,-131.72021131723162,-6.963530729914415,153.8381284825174
MAR06156,422.3529943789126,223.6458985912233,76.77992808393202,124.98998223307862,377.01122264709426,967.8652300242481,993.9879471113503
MAR06157,116.9422026169131,235.5559808944681,-428.702660666218,-353.09901793454844,127.51079090124318,348.911646134693,894.9139208529543
MAR06158,-349.6850883781679,212.7853535283214,-990.7916907986182,-954.3246225344612,-305.0403949380227,-119.99837542119627,-92.17983534276266
MAR06159,299.1913325797982,166.04280816629887,-72.75622092648845,33.58361918018024,270.0779347773712,648.2076654335398,681.5839240055229
MAR06160,143.49330399513093,176.2087541199821,-400.4685319643859,-292.46034395807186,169.92888225519656,370.1294713709837,464.341450803848
MAR06161,750.5585931147731,162.91191469077233,390.2680866829777,438.1111323495803,782.9024668852888,977.9817610064248,996.5739686723189
MAR06162,-614.2981698323117,161.37451602346079,-995.1334260387055,-977.3350376574394,-629.8532410265648,-306.096600902935,-232.79722332007606
MAR06163,-108.59209881103054,59.06951636003332,-285.1907610391011,-215.5558016876632,-106.08500196438334,-11.336053509711581,-2.4273938246883833
MAR06164,630.4252232119471,160.91664788530477,250.39519515949746,290.9170842641535,616.9768815705618,982.0209820265118,996.7614311020004
MAR06165,-521.8331244009213,195.86967984874886,-994.3340372773122,-970.8283934780939,-507.76830645528634,-192.31128752294265,-130.49648780945813
MAR06166,-458.7793209897954,207.4198447961218,-994.0120666190027,-968.7511177679487,-440.05981838807986,-175.53792921519914,-105.0865456239103
MAR06167,22.88727723772145,15.976104296016034,-7.156781569185,0.059612191174397824,20.037178721127248,52.502231724720716,60.57544836419811
MAR06168,435.89204375206435,214.59042072288898,92.48952526386617,161.11346679697704,403.82064071633005,968.6795481696753,993.8470791481959
MAR06169,-179.62277825084476,193.6348037802775,-889.0211594897804,-519.2861590829201,-138.4527855742998,82.83382568141377,170.67698809407477
MAR06170,-84.83183413304167,215.09751523280417,-944.4987875856344,-902.8570912852163,-24.516421885355896,9.536693191788451,39.17221692302496
MAR06171,264.4546123838873,259.1220182242322,-95.58890357782428,-24.888136875846115,190.57509687239516,949.4144189013056,986.2298601116463
MAR06172,-59.3909565440266,301.7714221621912,-940.4083097744382,-898.0262299612681,7.341449302265261,186.20059547039486,864.6770965091296
MAR06173,-670.6806169773815,191.7649604519691,-947.4717041109966,-880.18100400113,-691.1528738294685,-72.92667861375143,-51.10021892270379
MAR06174,346.5775469443501,219.4838101456165,24.57710230969824,92.670089490957,292.98899917704773,934.1285434520984,951.1575540468885
MAR06175,428.07017164524353,212.97124612291498,132.5841014270279,175.85687170076875,378.95703569357823,968.2539828770175,993.8279953021502
MAR06176,-1.2888703955988692,2.9191706582212706,-9.212331577025111,-7.254264276614856,-0.8389311555997665,3.5404200637984387,4.1119000854140495
MAR06177,-426.78130124964457,212.94967495507106,-993.8241779295655,-968.0407651097594,-380.23384406981313,-173.1446043231665,-127.40798095456438
MAR06178,613.7291429502144,163.1591441107231,260.3642830231154,302.08366385568445,606.018705070157,980.9666566450969,996.5738954351507
MAR06179,-174.21171339182183,76.35622702801155,-356.0036166906434,-281.6819201078784,-176.37833627387704,-12.769799218268455,-2.6561744730174723
MAR06180,-439.5174295583918,214.45665453968104,-993.7996604191402,-968.3562912732069,-394.1154229476624,-173.46655677403018,-123.58652370488161
MAR06181,-550.0040154300011,188.74946637242158,-995.019920694032,-973.8891371302703,-508.3025292929592,-262.03403084370314,-175.11549737958867
MAR06182,49.804287146840174,40.091882405651454,-20.416786076728272,0.7597648900639185,41.337423410041595,121.28984075166268,160.48232919809072
MAR06183,500.1997282831655,199.29927109550943,117.26575012059197,185.30009481731494,451.8896123698837,972.0584939406622,994.7189079071754
MAR06184,-139.68655091252836,268.7888103097861,-945.88377798102,-908.0633242322612,-40.8539813044851,106.47342665178293,203.96243517827202
MAR06185,-202.338720418707,136.4033363818752,-904.3140814652522,-437.1797085840141,-186.8345886948268,-42.335829483698234,-37.91712213830411
MAR06186,342.02527133123334,236.11271365097352,17.411284265079303,80.26652415016876,278.5006021076535,953.0261602768721,986.651808614412
MAR06187,-400.8654089238293,222.1657735612903,-993.9153514268953,-968.9449288113069,-324.11752153617647,-167.19579520951714,-109.23270750366854
MAR06188,-37.82179837007226,41.13963450583755,-132.51595910051014,-101.13778267949148,-39.54887233916094,35.84460059012686,67.88700306215912
MAR06189,438.6872072938945,211.36562003830701,102.33583156053223,152.22343635087157,383.4293914724087,968.8162119663615,993.882449666567
MAR06190,438.97822534056223,216.27896623633626,124.7847074231496,180.1539682582056,383.0097228312783,969.9855541794508,994.2076263269263
MAR06191,-0.4355072069394481,6.090027354465932,-17.906301206629394,-15.809258609457828,3.5386165109230205e-09,7.18768970871684,7.695124722255059
MAR06192,-438.5427181336229,217.85956135988403,-994.2043330313143,-969.9855541829846,-384.46182843071983,-168.8221532546944,-124.24704253812013
MAR06193,342.15351446832227,293.2031054864385,-438.77388956042364,-326.65623529089487,324.9178524078817,957.8704491378375,988.4863257302994
MAR06194,688.4763971718298,139.73852070765966,332.2867222266524,402.97689755876047,662.7613195669744,983.7613343141813,997.134663901338
MAR06195,-586.1357288388684,172.95570206022623,-996.7993417944401,-980.5931376709843,-598.2949424634048,-261.50526753579277,-159.01670381881917
MAR06196,-504.7376856512709,201.81707918177958,-994.2173954787114,-970.2750704738771,-480.4791304379379,-152.58908707325327,-84.1227643227437
MAR06197,45.772847300460846,31.326092625252212,-3.180429672864193,-0.1576086918358327,41.7863657659845,102.89822959667147,115.26660617676208
MAR06198,458.9648383508038,213.40030873994786,54.44132264149715,137.54970689062705,431.0906790183801,970.502764445577,994.2770850638301
MAR06199,-703.6851954171327,149.7235049408514,-973.7321991719994,-957.1916002226083,-701.1238500683656,-388.1272115466112,-282.84084101208293
MAR06200,392.9803314305211,181.5757071391124,50.829658440330434,80.25560973173091,372.27949574868956,668.8908403459222,928.7330739721291
MAR06201,15.356514224271582,196.43988558788698,-493.8882619507747,-449.93215063076644,63.82388372863562,202.26597145798002,246.4523107721925
MAR06202,-387.29245291713204,152.6137222573406,-922.5474348677758,-547.3514661670694,-420.2939948695433,-59.071384350776185,-47.521373804365126
MAR06203,-94.3140219470533,274.949638392025,-945.6817527256671,-908.7469003169648,-18.292512413548593,205.11366350766036,307.67931123401684
MAR06204,481.6064748641847,212.6748135846042,122.59279720770914,187.0041219102741,470.2782804034557,969.1568338892721,993.9932017507264
MAR06205,-171.3065777091969,137.56700860627572,-900.4471441977871,-325.4585740541411,-159.1735262395791,-21.132286291586087,40.51020628549253
MAR06206,22.58547157108038,26.664379426678778,-71.58037604125536,-19.765865798667267,19.54478301417629,69.23201771051946,88.09061909915624
MAR06207,148.72110613810952,137.25459959137098,-68.24192141337949,-9.221495881018859,132.7772837533874,297.23777146383827,895.9438599323116
MAR06208,-224.23065676682168,285.61971631287145,-916.3462696751207,-526.7952567012586,-316.5106692783878,264.9229659141874,338.49575985600666
MAR06209,300.6188323081997,185.3852308846809,-38.84720670405443,44.801806079204155,279.33624306346223,614.8549792592435,900.7281654264582
MAR06210,-391.57988174613445,225.16158929488958,-994.1455827304665,-970.3085976668826,-317.8138846904957,-145.20441290264213,-88.34069672646393
MAR06211,140.67077761765435,240.4821162962633,-170.6862927465424,-35.35768293103448,79.54964572317712,917.1463663343505,950.5279016613604
MAR06212,411.545686938026,193.3734551201368,34.88396215213826,119.17922069355718,388.6284840795361,925.7229728489855,949.9414624726071
MAR06213,-336.74382237748557,243.26078881376682,-987.0293804035682,-954.0007472108757,-268.5002471014475,-39.3050206325946,40.90297246111578
MAR06218,77.38278425150334,220.20802035433363,-468.81473397950117,-385.3676082036579,98.17015784203585,565.1227641612322,596.4321122939696
MAR06221,-240.56705599743495,253.54519438463197,-986.3641666155377,-949.609874307659,-182.75162577283731,72.29437449327884,123.16623878966772
MAR06241,-62.56916042010148,61.54827704290355,-235.34878081407498,-208.108860254544,-40.5125637269267,-1.8088687292340302,-0.13668781182543424
MAR06243,0.0,0.0,0.0,0.0,0.0,0.0,0.0
MAR06245,-424.2814571685716,134.40559655144605,-652.719492367608,-625.8203154257337,-409.1488193611524,-239.87001210820833,-38.875810366480444
MAR06246,86.09524468231409,42.8983827135817,0.04429195395872511,1.2270463674923258,91.29489484831504,149.43255228557715,183.93631575027462
MAR06247,65.86353539312746,111.22680702761403,0.019634586144715395,0.969536087130902,22.48650488854816,385.4779847325075,481.7056923709491
MAR06248,13.891118925896619,11.274951946428605,0.022336776549217504,1.4005617699889825,10.505289998843189,34.46252699772629,88.32137252145058
MAR06249,9.84415810966639,7.760732681023668,0.022012819346292248,0.33822298661507516,8.285566871942542,26.714497401973258,33.76089043875854
MAR06250,951.8882086309466,60.31547353570711,561.0406457667693,921.1578752307076,956.0771892958198,998.9467824163557,999.868616187243
MAR06257,0.0,0.0,0.0,0.0,0.0,0.0,0.0
MAR06258,483.15424344572637,299.96974833886907,-172.13874333588433,-117.91831036868155,456.51701059086724,974.0606954108249,996.6241778210823
MAR06280,3.959119865802316,3.5868658996149585,0.013122374094785345,0.13116802253466117,2.8716902704743372,11.616805558202259,16.906099654408436
MAR06282,1.3576096717675896,1.7276957181615813,0.00011780431524633056,0.022150897370835945,0.7216859666247906,4.298432087330362,9.550334782214321
MAR06284,9.64087224777439,8.287842454369272,0.013048020636073975,0.4418683045642319,7.251123322268365,24.689591973259986,27.541240483767197
MAR06285,0.0,0.0,0.0,0.0,0.0,0.0,0.0
MAR06287,394.04686507634347,203.51167856784525,26.909064008572745,180.14858821202063,359.4666216295863,921.9422609731844,951.5748991774366
MAR06291,406.1778731196458,107.97767348609077,193.63221046472754,221.50979319549072,423.7832554976226,596.402833938787,603.608771106349
MAR06297,-459.458765239507,204.03689377922856,-996.3282178299165,-978.5209723863535,-399.566820819767,-205.1022293536994,-137.39799658643014
MAR06298,18.861918826683112,97.41269223507733,-80.79363169630085,-50.76472178662329,-6.167232458323156,135.16864618082766,589.9206501338933
MAR06322,1.3576096717675965,1.727695718161581,0.00011780431524983622,0.022150897370853656,0.7216859666247999,4.298432087330373,9.550334782214321
MAR06328,412.0090000251272,196.898403542813,-26.927373447175,-8.772160117294742,451.02649925783976,721.6276830724278,793.6859411852854
MAR06344,42.09090890313691,15.692037884330052,2.6484098416945114,4.11065626200148,42.588616581637574,63.67785959689678,70.40340008415825
MAR06345,0.0,0.0,0.0,0.0,0.0,0.0,0.0
MAR06347,8.062007389827288,3.717351652126546,0.032973368567875826,0.46455597153645417,8.573788683909257,13.230933519130708,19.06278215775484
MAR06366,-988.426164062459,8.979565980004471,-999.9964904790222,-999.8016562462801,-990.3432699753478,-970.8862113777324,-963.446383819162
MAR06370,419.594956148863,186.87184753653818,50.35215767594237,209.35063530686753,393.87931614190893,977.3649202221338,997.215303441669
MAR06375,227.98006572551236,64.25790594812062,73.85907180228108,121.40172837412638,229.80130755821196,332.0936431137394,390.38538769017856
MAR06377,219.14035666148638,110.0268442381809,9.53236563662772,29.71999365056358,234.07030618615747,384.7670962580153,429.331998533426
MAR06380,-69.17145308001261,102.54503753853189,-333.6117798325876,-305.4123280180185,-30.227606050830786,21.040588174162387,32.78361133180181
MAR06381,92.43548167055224,46.4721511893837,0.9771601454026227,4.245440881769346,86.0958477462176,172.49592225360172,193.92298033814615
MAR06382,140.8477792179752,101.31254635188695,1.6220258434455916,7.035688148694726,124.76452513705843,417.28770895041094,451.576450338931
MAR06384,35.36641277809201,22.727104954173136,1.0410079828796734,5.7288024592124485,34.472059981291096,73.30245750014448,212.80650175596924
MAR06387,-82.02101070117767,283.77652282231946,-965.7853776075392,-928.8803215761658,30.40448087131194,155.12879611649979,229.85043473423465
MAR06388,-286.1288797454975,258.64139933808445,-993.6350058200815,-965.7749919772665,-205.61282941185436,-19.25891408419939,64.1118973016396
MAR06394,0.0,0.0,0.0,0.0,0.0,0.0,0.0
MAR06397,0.0,0.0,0.0,0.0,0.0,0.0,0.0
MAR06409,-329.828567129596,153.76862743320368,-752.9476905259762,-704.4919500976215,-275.25519878937075,-183.42996769412713,-112.4175723770918
MAR06413,329.82856712960245,153.76862743319933,112.41757237709501,183.42996769413745,275.2551987893828,704.4919500976176,752.9476905259709
MAR06414,329.82856712960205,153.76862743319955,112.41757237709535,183.42996769413702,275.255198789382,704.4919500976181,752.9476905259712
MAR06424,-0.00465706239575414,8.270501580266825e-06,-0.004715463317327437,-0.004668889584838398,-0.0046544455538859745,-0.004651743822362623,-0.004651482644973416
MAR06426,0.004657062395754142,8.270501580266798e-06,0.004651482644973417,0.004651743822362624,0.004654445553885975,0.004668889584838398,0.004715463317327438
MAR06428,0.004657062395754141,8.27050158026665e-06,0.004651482644973422,0.004651743822362619,0.004654445553885981,0.004668889584838401,0.004715463317327436
MAR06431,0.00465706239575414,8.270501580267074e-06,0.004651482644973413,0.004651743822362621,0.004654445553885973,0.004668889584838398,0.004715463317327438
MAR06432,0.004657062395754141,8.270501580266926e-06,0.004651482644973414,0.004651743822362624,0.004654445553885973,0.004668889584838399,0.004715463317327438
MAR06433,0.004657062395754142,8.270501580266647e-06,0.004651482644973417,0.004651743822362625,0.004654445553885975,0.004668889584838399,0.004715463317327437
MAR06434,0.004657062395754141,8.270501580266926e-06,0.004651482644973414,0.004651743822362624,0.004654445553885973,0.004668889584838399,0.004715463317327438
MAR06435,0.004657062395754142,8.270501580266669e-06,0.004651482644973416,0.004651743822362625,0.0046544455538859745,0.004668889584838399,0.004715463317327437
MAR06436,0.004657062395754142,8.270501580266669e-06,0.004651482644973416,0.004651743822362625,0.0046544455538859745,0.004668889584838399,0.004715463317327437
MAR06438,-0.00465706239575414,8.270501580267059e-06,-0.004715463317327438,-0.004668889584838398,-0.004654445553885972,-0.004651743822362625,-0.0046514826449734125
MAR06439,0.004657062395748445,8.270501580375221e-06,0.004651482644975418,0.0046517438223506,0.004654445553888269,0.004668889584839871,0.004715463317321276
MAR06441,0.004657062395748446,8.270501580375177e-06,0.004651482644975427,0.004651743822350599,0.004654445553888276,0.00466888958483987,0.004715463317321277
MAR06443,0.004657062395748387,8.270501580345912e-06,0.0046514826449747144,0.004651743822351243,0.004654445553887639,0.004668889584838522,0.0047154633173212245
MAR06446,0.004657062395748389,8.270501580345743e-06,0.004651482644974718,0.004651743822351247,0.004654445553887641,0.004668889584838519,0.004715463317321225
MAR06447,0.004657062395748447,8.270501580375064e-06,0.0046514826449754266,0.0046517438223506,0.004654445553888274,0.00466888958483987,0.0047154633173212765
MAR06448,0.004657062395748445,8.270501580375208e-06,0.004651482644975429,0.0046517438223506015,0.004654445553888276,0.004668889584839868,0.004715463317321276
MAR06450,0.004657062395748446,8.270501580375196e-06,0.004651482644975427,0.0046517438223506,0.004654445553888275,0.00466888958483987,0.0047154633173212765
MAR06451,0.004657062395748445,8.270501580375162e-06,0.00465148264497543,0.0046517438223506015,0.004654445553888276,0.004668889584839867,0.004715463317321276
MAR06453,0.004657062395748445,8.270501580375089e-06,0.004651482644975432,0.004651743822350602,0.004654445553888277,0.004668889584839867,0.004715463317321276
MAR06454,0.0046570623957476985,8.270501580240414e-06,0.004651482644976107,0.004651743822349616,0.004654445553888908,0.0046688895848418545,0.004715463317319358
MAR06456,0.0,0.0,0.0,0.0,0.0,0.0,0.0
MAR06459,0.0,0.0,0.0,0.0,0.0,0.0,0.0
MAR06460,0.0,0.0,0.0,0.0,0.0,0.0,0.0
MAR06483,2.4559849528417383,1.5477387560191636,0.0012418935589572381,0.016055101426815887,2.1651467617441273,5.487477957739716,6.178211756973679
MAR06487,0.0,0.0,0.0,0.0,0.0,0.0,0.0
MAR06489,87.75142638304993,58.88283425834711,37.38778599287133,46.137925905492835,65.27702127549466,251.70759850066958,298.0074191253168
MAR06490,38.37832980020664,21.393278817997224,0.8008149996577365,3.9596754964118728,39.93033802093023,67.65307413208832,212.8029115647488
MAR06492,38.37367273781073,21.393277439091097,0.796163185523615,3.955017969323915,39.925685484555984,67.64840465178638,212.79825669063348
MAR06499,-4.095073172733831,3.1368104331543223,-24.02558084758779,-9.65837244634586,-3.586482323482569,-0.2561104815960512,-0.020079318477336267
MAR06500,0.0,0.0,0.0,0.0,0.0,0.0,0.0
MAR06502,4.095073172733836,3.136810433154327,0.02007931847733761,0.25611048159605104,3.586482323482566,9.658372446345892,24.025580847587786
MAR06505,-0.004657062395754142,8.27050158026669e-06,-0.004715463317327437,-0.004668889584838399,-0.0046544455538859745,-0.004651743822362625,-0.004651482644973416
MAR06512,-0.004657062395023614,8.270501401152541e-06,-0.004715463317824526,-0.0046688895813355715,-0.00465444554695599,-0.004651743831622445,-0.004651482640571545
MAR06513,-685.2170081840653,132.97265199630476,-976.5205952337844,-969.1474376640136,-677.2689323901889,-451.67903691775376,-377.8701701902712
MAR06537,-494.3126552476166,193.39398408107644,-921.2887977589309,-908.7674904909622,-483.1159500858312,-206.51666273596985,288.59748381491806
MAR06586,21.356356832000174,21.416244959948155,0.01895166216749311,1.241526952625566,16.688197624923212,76.80255852500589,206.50369854352823
MAR06602,-860.7255813812479,120.64873931346511,-991.8532853898755,-964.0545853016276,-876.4343395252222,-771.9780842697144,-113.67677249993096
MAR06604,1.0430066274900418,0.9497566806607833,0.001321986564986888,0.015335224278680183,0.7045816666285347,3.0197865563835307,5.161922929766935
MAR06606,0.0,0.0,0.0,0.0,0.0,0.0,0.0
MAR06615,5.128021891703673,0.009106881023899959,5.121877871778096,5.122165461519366,5.125140413800512,5.141045140994053,5.192328782802408
MAR06621,-4.527328336309234,0.008040106182374317,-4.584102354915098,-4.538826049616327,-4.524784393081811,-4.5221579250116655,-4.521904023368442
MAR06627,200.59583404100349,158.51052603610339,35.73065578781167,47.99740143271727,140.71699978252775,497.867672396918,880.4612289361049
MAR06628,101.71344264260985,121.45009144545438,0.7363656390074337,12.597961103073287,66.37333596803792,456.10289740634937,491.8911336374903
MAR06629,0.012927459750706007,0.0033439010435171676,0.0024403799933868956,0.003052844934648994,0.014102782295174787,0.016576374781017082,0.01780818723409413
MAR06630,482.5247720958609,179.6042189002483,50.2631048360627,69.6216355711183,495.8418660079981,739.3191899711327,946.840473271622
MAR06631,47.2260936517135,28.934530155917447,0.37272105024811913,6.016035107746492,46.508832378461776,95.12806217620204,224.09877440545668
MAR06632,0.0062171921119082724,0.0032108828042952237,7.883795490925324e-05,0.0005373689958519063,0.007041861057488415,0.010493246140137821,0.010946662951912307
MAR06633,0.004388485806710128,0.002472274849922639,3.953021926683323e-05,0.00017410145688728204,0.004866651419968973,0.006851797160816237,0.014815372003852108
MAR06634,0.004657062395754141,8.270501580266884e-06,0.004651482644973414,0.004651743822362626,0.004654445553885974,0.004668889584838398,0.004715463317327438
MAR06636,136.9062953710205,119.23561810296506,0.07672696146864594,1.108961889432434,119.20692363711439,224.03639346129626,879.6247954053374
MAR06638,423.6527637791162,300.4760724507863,-283.41829312115965,-173.75194284587403,436.98639514547347,985.376848447115,998.430745537704
MAR06641,0.0023217818320861124,4.123264555957685e-06,0.0023190000432910802,0.002319130253467753,0.0023204772036764703,0.002327678285774453,0.0023508976538559926
MAR06642,0.002321781832086112,4.123264555957693e-06,0.0023190000432910802,0.0023191302534677524,0.0023204772036764703,0.0023276782857744524,0.0023508976538559926
MAR06644,0.004657062395754141,8.270501580266972e-06,0.004651482644973413,0.004651743822362626,0.004654445553885972,0.004668889584838401,0.004715463317327438
MAR06646,287.6842137691722,147.34256575377074,43.57305151102274,51.28201407534044,266.643793372197,530.421097171127,911.5068128214799
MAR06647,630.8165594571527,156.7572800625033,275.28938613456825,311.6358069578073,618.2820377485134,984.9615175719572,998.147107074076
MAR06648,0.0023217818320861124,4.123264555957685e-06,0.0023190000432910802,0.002319130253467753,0.0023204772036764703,0.002327678285774453,0.0023508976538559926
MAR06649,0.002321781832086112,4.123264555957693e-06,0.0023190000432910802,0.0023191302534677524,0.0023204772036764703,0.0023276782857744524,0.0023508976538559926
MAR06650,12.502886504615137,14.179136037315763,0.010777666628080433,0.03250339571740848,4.060851750557547,36.4661815390551,40.339507752972665
MAR06651,428.0619864713415,160.86555564370624,50.09958895469341,68.86034682069217,444.1759324050232,650.7565705105479,941.4805960149125
MAR06652,12.500564722783114,14.179136540924143,0.0084558040529494,0.030161739284510748,4.058526667873148,36.46386209155883,40.337188594952494
MAR06653,0.002321781832086113,4.123264555957458e-06,0.0023190000432910815,0.0023191302534677533,0.0023204772036764707,0.002327678285774453,0.0023508976538559917
MAR06654,0.002321781832086113,4.123264555957477e-06,0.002319000043291081,0.0023191302534677533,0.0023204772036764703,0.002327678285774453,0.0023508976538559917
MAR06655,0.0023217818320861124,4.123264555957687e-06,0.0023190000432910802,0.002319130253467753,0.0023204772036764703,0.0023276782857744533,0.0023508976538559926
MAR06656,0.002321781832086112,4.123264555957675e-06,0.0023190000432910802,0.002319130253467753,0.0023204772036764703,0.002327678285774452,0.0023508976538559926
MAR06657,0.0023217818320861124,4.123264555957685e-06,0.0023190000432910802,0.002319130253467753,0.0023204772036764703,0.002327678285774453,0.0023508976538559926
MAR06658,0.002321781832086112,4.123264555957693e-06,0.0023190000432910802,0.0023191302534677524,0.0023204772036764703,0.0023276782857744524,0.0023508976538559926
MAR06659,-208.30208302222465,347.00120990110486,-665.3094765724098,-604.3961544104427,-273.29636851786006,889.883402125112,940.2092925580326
MAR06660,12.49824294095087,14.179137044533565,0.006133941477750625,0.02782008285161206,4.056201585188718,36.46154264406206,40.334869436931555
MAR06662,-476.1523229126794,199.8947346099067,-997.194031433275,-976.1920380559777,-438.5256017182754,-195.2643301809132,-136.99854030318235
MAR06664,0.002321781832086113,4.123264555957495e-06,0.002319000043291081,0.0023191302534677533,0.0023204772036764703,0.002327678285774453,0.0023508976538559917
MAR06665,0.0023217818320837055,4.123264555753265e-06,0.002319000043289569,0.0023191302534631814,0.00232047720367474,0.002327678285774799,0.002350897653851066
MAR06668,0.0023217818320861116,4.1232645559577624e-06,0.0023190000432910794,0.002319130253467753,0.0023204772036764694,0.0023276782857744524,0.0023508976538559926
MAR06669,0.002321781832082792,4.1232645556276246e-06,0.002319000043289038,0.0023191302534613296,0.002320477203673899,0.0023276782857742195,0.0023508976538490337
MAR06673,643.3111620656798,154.70597040246156,279.1746486878832,316.24161049312397,639.5060297967011,985.153002436255,998.2012286486357
MAR06674,-167.1623620268911,70.79515625345661,-329.1143788356052,-268.22050418491216,-179.486685487322,-8.665327850666724,-1.0139375579574335
MAR06675,-0.002321781832086112,4.123264555957631e-06,-0.002350897653855992,-0.0023276782857744533,-0.0023204772036764703,-0.0023191302534677524,-0.0023190000432910802
MAR06676,-476.1511218206216,199.89406938692028,-997.1896107023367,-976.1876893458038,-438.5247072892406,-195.26366191710034,-136.9984421369051
MAR06677,0.0023217818320861124,4.123264555957685e-06,0.0023190000432910802,0.002319130253467753,0.0023204772036764703,0.002327678285774453,0.0023508976538559926
MAR06678,0.002321781832086112,4.123264555957693e-06,0.0023190000432910802,0.0023191302534677524,0.0023204772036764703,0.0023276782857744524,0.0023508976538559926
MAR06679,0.0,0.0,0.0,0.0,0.0,0.0,0.0
MAR06680,0.0,0.0,0.0,0.0,0.0,0.0,0.0
MAR06682,0.004657062395754141,8.270501580266877e-06,0.004651482644973414,0.004651743822362626,0.004654445553885974,0.004668889584838399,0.004715463317327438
MAR06687,0.004657062395754141,8.270501580266884e-06,0.004651482644973414,0.004651743822362626,0.004654445553885974,0.004668889584838398,0.004715463317327438
MAR06690,-0.004657062395755297,8.270501580038504e-06,-0.004715463317327298,-0.004668889584838464,-0.004654445553887786,-0.0046517438223631,-0.00465148264497538
MAR06691,-0.004657062395754716,8.270501580156041e-06,-0.004715463317327406,-0.0046688895848383824,-0.004654445553886569,-0.004651743822362995,-0.004651482644974262
MAR06692,0.004657062395754,8.270501580300906e-06,0.004651482644972963,0.004651743822362762,0.004654445553885312,0.004668889584838341,0.004715463317327518
MAR06693,0.0046570623957523614,8.270501580655975e-06,0.004651482644969459,0.004651743822362837,0.004654445553881234,0.004668889584838114,0.004715463317328037
MAR06700,0.002321781832086113,4.12326455595749e-06,0.002319000043291081,0.0023191302534677533,0.0023204772036764703,0.0023276782857744524,0.0023508976538559917
MAR06701,0.002321781832086113,4.123264555957475e-06,0.0023190000432910807,0.0023191302534677533,0.0023204772036764703,0.002327678285774453,0.0023508976538559917
MAR06702,0.0023217818320861124,4.1232645559576845e-06,0.0023190000432910802,0.002319130253467753,0.0023204772036764703,0.002327678285774453,0.0023508976538559926
MAR06703,0.002321781832086112,4.123264555957684e-06,0.0023190000432910802,0.002319130253467753,0.0023204772036764703,0.002327678285774452,0.0023508976538559926
MAR06713,0.0,0.0,0.0,0.0,0.0,0.0,0.0
MAR06714,0.0,0.0,0.0,0.0,0.0,0.0,0.0
MAR06716,0.0,0.0,0.0,0.0,0.0,0.0,0.0
MAR06717,0.0,0.0,0.0,0.0,0.0,0.0,0.0
MAR06718,0.0,0.0,0.0,0.0,0.0,0.0,0.0
MAR06719,0.0,0.0,0.0,0.0,0.0,0.0,0.0
MAR06720,0.0,0.0,0.0,0.0,0.0,0.0,0.0
MAR06721,0.0,0.0,0.0,0.0,0.0,0.0,0.0
MAR06725,-207.89108988661738,205.17224479638807,-953.5774488144795,-930.6444092092605,-156.72194499862948,-42.74157455228392,-10.751983103881045
MAR06726,0.0,0.0,0.0,0.0,0.0,0.0,0.0
MAR06732,-56.51323222688133,228.88435167872245,-508.8376988999888,-471.40190960308274,-31.942789934075776,249.5417308363081,885.6370974076708
MAR06742,0.0,0.0,0.0,0.0,0.0,0.0,0.0
MAR06745,0.0,0.0,0.0,0.0,0.0,0.0,0.0
MAR06747,0.0,0.0,0.0,0.0,0.0,0.0,0.0
MAR06751,0.0,0.0,0.0,0.0,0.0,0.0,0.0
MAR06752,62.569160420101554,61.548277042903564,0.13668781182546977,1.8088687292340608,40.512563726926786,208.10886025454406,235.3487808140751
MAR06756,62.56916042009508,61.54827704290399,0.13668781181431255,1.808868729223171,40.512563726922295,208.10886025453829,235.3487808140694
MAR06758,0.0,0.0,0.0,0.0,0.0,0.0,0.0
MAR06765,472.2919744327095,165.67926505277532,226.15642752853392,267.09625363271897,456.2284468485881,936.8793432651,955.0946007819642
MAR06768,5.113073784189521e-16,9.9825295257602e-15,-2.3516435838627532e-14,-1.328072795508993e-14,-9.800690317102626e-16,2.2458535839679292e-14,2.86843021311447e-14
MAR06772,0.0,0.0,0.0,0.0,0.0,0.0,0.0
MAR06780,-2.048967797836134e-15,9.146122458055975e-15,-2.3812605692506348e-14,-1.7963637331973174e-14,-1.5127467195983591e-15,1.207294254407583e-14,2.0629347126441138e-14
MAR06781,3.1754503538300292e-15,9.808818888253617e-15,-2.1187886882353523e-14,-1.1622643710837915e-14,1.9551560972532012e-15,1.9556471814466947e-14,2.4577074395446317e-14
MAR06797,1.624982095319334e-15,1.4247723463741671e-15,-7.606792066230563e-16,-1.3237781753683068e-16,1.504907611122719e-15,4.428448294244273e-15,5.21344938266823e-15
MAR06807,-56.51323222688117,228.8843516787224,-508.8376988999886,-471.4019096030826,-31.94278993407562,249.54173083630798,885.6370974076708
MAR06825,0.0,0.0,0.0,0.0,0.0,0.0,0.0
MAR06841,-1.023030413241425e-15,7.418556540038674e-16,-2.6116055738550957e-15,-2.3144614522178354e-15,-1.0636846550158454e-15,-4.00236554376192e-18,5.894426613620593e-16
MAR06849,4.398036705378258e-16,4.787158344547535e-16,-4.42310115893091e-16,-2.595868155609413e-16,3.427046557791401e-16,1.2872312567025782e-15,1.6425351786647284e-15
MAR06877,0.0,0.0,0.0,0.0,0.0,0.0,0.0
MAR06883,0.0,0.0,0.0,0.0,0.0,0.0,0.0
MAR06887,-273.900377997951,194.04722013770845,-651.8516062378094,-614.4498435465927,-311.7684147312677,-1.6242743380537443,161.06352010644525
MAR06898,308.90795960537844,138.32672830475474,22.527954188782566,38.51450348475014,311.27394076401197,559.8473720408076,578.5962833413412
MAR06899,308.90795960537906,138.32672830475477,22.52795418878258,38.51450348475018,311.2739407640121,559.8473720408076,578.5962833413413
MAR06911,-69.56336502122478,126.84330514581315,-476.0738193327959,-362.0880657511795,-30.494401891975414,39.86848362775989,294.84312135133484
MAR06912,867.8694229264788,68.27058321693646,662.8886822185528,670.2414948507903,898.1853806307513,922.5521485873452,959.1241479616772
MAR06914,362.8720785843498,78.3381285726235,278.6887849645603,293.0034533769176,325.156054259917,533.1634935624,542.3985012853656
MAR06916,992.7441124982482,6.899064796841895,966.0536073733253,978.9370813964996,994.0509823814493,999.9055064610379,999.9886557277009
MAR06918,486.33895498282135,45.98567337176865,396.1517195049353,426.60873420198686,477.369918072863,591.3931629087307,631.6113719171219
MAR06921,113.25277281288732,48.482351410048665,2.7964080639985207,10.491177875692104,118.97967360412369,185.90584892854815,205.1026110260251
MAR06986,113.56524702773928,104.52576978913446,1.9862334063066045,4.13404920596331,99.96251389747793,245.6500557584157,671.244058638623
MAR06987,-4.1885318969441817e-20,4.046812718795505e-20,-1.2587872410691121e-19,-1.0745386821374374e-19,-1.994630918615011e-20,1.808672456780667e-22,2.3703126050541036e-21
MAR06990,0.0,0.0,0.0,0.0,0.0,0.0,0.0
MAR06992,0.0,0.0,0.0,0.0,0.0,0.0,0.0
MAR06993,0.0,0.0,0.0,0.0,0.0,0.0,0.0
MAR06994,0.0,0.0,0.0,0.0,0.0,0.0,0.0
MAR06995,0.0,0.0,0.0,0.0,0.0,0.0,0.0
MAR06996,0.0,0.0,0.0,0.0,0.0,0.0,0.0
MAR06997,0.0,0.0,0.0,0.0,0.0,0.0,0.0
MAR06998,0.0,0.0,0.0,0.0,0.0,0.0,0.0
MAR06999,0.0,0.0,0.0,0.0,0.0,0.0,0.0
MAR07000,0.0,0.0,0.0,0.0,0.0,0.0,0.0
MAR07001,11.45085483171,10.699067555603612,0.009585215178870246,0.26925845423338746,8.309304030326231,33.354557748543726,50.22186423092725
MAR07002,7.461941176029204e-16,1.5572815560151607e-15,-1.7219762907207164e-15,-1.0869731014094832e-15,1.1855376443392745e-16,4.071123750591849e-15,4.570243665906431e-15
MAR07003,0.0,0.0,0.0,0.0,0.0,0.0,0.0
MAR07004,-6.387504482513107e-16,1.5522075075501263e-15,-4.4713632285232054e-15,-3.778059553880667e-15,-9.325915365985451e-18,9.643817005890371e-16,2.2178131953273503e-15
MAR07005,0.0,0.0,0.0,0.0,0.0,0.0,0.0
MAR07006,0.0,0.0,0.0,0.0,0.0,0.0,0.0
MAR07007,0.0,0.0,0.0,0.0,0.0,0.0,0.0
MAR07008,0.0,0.0,0.0,0.0,0.0,0.0,0.0
MAR07009,0.0,0.0,0.0,0.0,0.0,0.0,0.0
MAR07010,0.0,0.0,0.0,0.0,0.0,0.0,0.0
MAR07013,0.0,0.0,0.0,0.0,0.0,0.0,0.0
MAR07014,6.387504482513112e-16,1.5522075075501257e-15,-2.217813195327349e-15,-9.643817005890367e-16,9.325915365985887e-18,3.778059553880667e-15,4.4713632285232054e-15
MAR07017,0.0,0.0,0.0,0.0,0.0,0.0,0.0
MAR07018,0.0,0.0,0.0,0.0,0.0,0.0,0.0
MAR07019,0.0,0.0,0.0,0.0,0.0,0.0,0.0
MAR07020,0.0,0.0,0.0,0.0,0.0,0.0,0.0
MAR07021,17.323123790555737,14.827803447281964,0.001908586134391384,0.5164467057605463,13.325478789566725,45.69136341535346,63.70381423617851
MAR07022,0.0,0.0,0.0,0.0,0.0,0.0,0.0
MAR07023,0.0,0.0,0.0,0.0,0.0,0.0,0.0
MAR07024,0.0,0.0,0.0,0.0,0.0,0.0,0.0
MAR07029,0.0,0.0,0.0,0.0,0.0,0.0,0.0
MAR07030,0.0,0.0,0.0,0.0,0.0,0.0,0.0
MAR07031,0.0,0.0,0.0,0.0,0.0,0.0,0.0
MAR07033,0.0,0.0,0.0,0.0,0.0,0.0,0.0
MAR07034,0.0,0.0,0.0,0.0,0.0,0.0,0.0
MAR07036,0.0,0.0,0.0,0.0,0.0,0.0,0.0
MAR07037,0.0,0.0,0.0,0.0,0.0,0.0,0.0
MAR07038,0.0,0.0,0.0,0.0,0.0,0.0,0.0
MAR07039,0.0,0.0,0.0,0.0,0.0,0.0,0.0
MAR07040,0.0,0.0,0.0,0.0,0.0,0.0,0.0
MAR07041,0.0,0.0,0.0,0.0,0.0,0.0,0.0
MAR07042,0.0,0.0,0.0,0.0,0.0,0.0,0.0
MAR07043,0.0,0.0,0.0,0.0,0.0,0.0,0.0
MAR07044,0.0,0.0,0.0,0.0,0.0,0.0,0.0
MAR07046,0.0,0.0,0.0,0.0,0.0,0.0,0.0
MAR07047,0.0,0.0,0.0,0.0,0.0,0.0,0.0
MAR07048,0.0,0.0,0.0,0.0,0.0,0.0,0.0
MAR07049,0.0,0.0,0.0,0.0,0.0,0.0,0.0
MAR07050,0.0,0.0,0.0,0.0,0.0,0.0,0.0
MAR07052,0.0,0.0,0.0,0.0,0.0,0.0,0.0
MAR07053,0.0,0.0,0.0,0.0,0.0,0.0,0.0
MAR07054,0.0,0.0,0.0,0.0,0.0,0.0,0.0
MAR07055,0.0,0.0,0.0,0.0,0.0,0.0,0.0
MAR07056,0.0,0.0,0.0,0.0,0.0,0.0,0.0
MAR07057,0.0,0.0,0.0,0.0,0.0,0.0,0.0
MAR07058,0.0,0.0,0.0,0.0,0.0,0.0,0.0
MAR07059,0.0,0.0,0.0,0.0,0.0,0.0,0.0
MAR07060,0.0,0.0,0.0,0.0,0.0,0.0,0.0
MAR07062,0.0,0.0,0.0,0.0,0.0,0.0,0.0
MAR07065,0.0,0.0,0.0,0.0,0.0,0.0,0.0
MAR07066,0.0,0.0,0.0,0.0,0.0,0.0,0.0
MAR07067,0.0,0.0,0.0,0.0,0.0,0.0,0.0
MAR07068,0.0,0.0,0.0,0.0,0.0,0.0,0.0
MAR07069,0.0,0.0,0.0,0.0,0.0,0.0,0.0
MAR07070,0.0,0.0,0.0,0.0,0.0,0.0,0.0
MAR07078,0.0,0.0,0.0,0.0,0.0,0.0,0.0
MAR07079,0.0,0.0,0.0,0.0,0.0,0.0,0.0
MAR07080,0.0,0.0,0.0,0.0,0.0,0.0,0.0
MAR07081,0.0,0.0,0.0,0.0,0.0,0.0,0.0
MAR07082,0.0,0.0,0.0,0.0,0.0,0.0,0.0
MAR07083,0.0,0.0,0.0,0.0,0.0,0.0,0.0
MAR07084,0.0,0.0,0.0,0.0,0.0,0.0,0.0
MAR07085,0.0,0.0,0.0,0.0,0.0,0.0,0.0
MAR07086,0.0,0.0,0.0,0.0,0.0,0.0,0.0
MAR07087,0.0,0.0,0.0,0.0,0.0,0.0,0.0
MAR07088,0.0,0.0,0.0,0.0,0.0,0.0,0.0
MAR07089,0.0,0.0,0.0,0.0,0.0,0.0,0.0
MAR07090,0.0,0.0,0.0,0.0,0.0,0.0,0.0
MAR07099,0.0,0.0,0.0,0.0,0.0,0.0,0.0
MAR07100,0.0,0.0,0.0,0.0,0.0,0.0,0.0
MAR07103,0.0,0.0,0.0,0.0,0.0,0.0,0.0
MAR07104,0.0,0.0,0.0,0.0,0.0,0.0,0.0
MAR07106,0.0,0.0,0.0,0.0,0.0,0.0,0.0
MAR07108,0.0,0.0,0.0,0.0,0.0,0.0,0.0
MAR07109,0.0,0.0,0.0,0.0,0.0,0.0,0.0
MAR07110,-11.450854831709991,10.699067555603612,-50.2218642309272,-33.354557748543726,-8.3093040303262,-0.2692584542333885,-0.009585215178870274
MAR07111,11.450854831709991,10.699067555603612,0.009585215178870274,0.26925845423338746,8.3093040303262,33.35455774854372,50.2218642309272
MAR07112,-17.323123790555737,14.827803447281962,-63.703814236178495,-45.69136341535347,-13.325478789566738,-0.5164467057605461,-0.001908586134391384
MAR07113,17.323123790555737,14.827803447281962,0.001908586134391384,0.5164467057605452,13.325478789566738,45.69136341535344,63.703814236178495
MAR07114,0.0,0.0,0.0,0.0,0.0,0.0,0.0
MAR07115,0.0,0.0,0.0,0.0,0.0,0.0,0.0
MAR07116,0.0,0.0,0.0,0.0,0.0,0.0,0.0
MAR07117,0.0,0.0,0.0,0.0,0.0,0.0,0.0
MAR07118,0.0,0.0,0.0,0.0,0.0,0.0,0.0
MAR07119,0.0,0.0,0.0,0.0,0.0,0.0,0.0
MAR07120,0.0,0.0,0.0,0.0,0.0,0.0,0.0
MAR07121,0.0,0.0,0.0,0.0,0.0,0.0,0.0
MAR07122,0.0,0.0,0.0,0.0,0.0,0.0,0.0
MAR07123,0.0,0.0,0.0,0.0,0.0,0.0,0.0
MAR07124,0.0,0.0,0.0,0.0,0.0,0.0,0.0
MAR07125,0.0,0.0,0.0,0.0,0.0,0.0,0.0
MAR07126,0.0,0.0,0.0,0.0,0.0,0.0,0.0
MAR07127,0.0,0.0,0.0,0.0,0.0,0.0,0.0
MAR07149,195.95206983539717,85.88811174938886,52.86958421718612,62.917236978763086,178.42727053317623,358.4256845828472,498.069266178577
MAR07155,-149.85695347884828,153.15929671209847,-498.27111770744835,-485.22881084799155,-135.610005814572,170.6011452403396,203.5985410322506
MAR07160,3.003467776971889,0.005333874207559268,2.999869242048088,3.000037682538242,3.0017801035931413,3.0110954568885338,3.0411321394358044
MAR07161,12.643811915042669,0.022454212019839527,12.628663026449544,12.629372116752789,12.63670725257927,12.675922447725327,12.802369006463856
MAR07178,0.0,0.0,0.0,0.0,0.0,0.0,0.0
MAR07190,-1.6162906017341272,1.6330041873126109,-5.9869826177917265,-5.3502128840225875,-1.1379471480402343,-0.027320683827067874,-0.0008108456393988386
MAR07196,0.0,0.0,0.0,0.0,0.0,0.0,0.0
MAR07199,0.0,0.0,0.0,0.0,0.0,0.0,0.0
MAR07431,0.0,0.0,0.0,0.0,0.0,0.0,0.0
MAR07638,231.95206334464996,210.31543737922735,0.93650828247493,32.50707239036542,162.35746978892416,922.5081542984202,948.831161313523
MAR07648,-2.272138755405406e-14,3.2105643212835e-14,-1.0217282530873209e-13,-9.884154590081014e-14,-1.1216383579834105e-14,6.4932095831388e-15,6.6491107509731526e-15
MAR07649,2.272138755405406e-14,3.2105643212835004e-14,-6.6491107509731494e-15,-6.493209583138797e-15,1.1216383579834108e-14,9.884154590081013e-14,1.0217282530873209e-13
MAR07651,0.0,0.0,0.0,0.0,0.0,0.0,0.0
MAR07690,0.0,0.0,0.0,0.0,0.0,0.0,0.0
MAR07702,-37.295165020553554,28.272996233373334,-123.53665317078571,-88.15597507567368,-34.563022071767875,-0.0736268937923124,37.934893408432
MAR07703,29.179335144496378,20.018154045266943,0.6593486892630193,3.9871852006365813,23.724881204692757,63.2090238898306,84.30908849063636
MAR07705,10.147117546371687,22.12899071789322,0.015237045503531308,0.25962434914934535,2.6584150294564894,77.46625086527514,90.30398138265964
MAR07706,10.147117546371547,22.12899071789329,0.015237045503530586,0.25962434914934646,2.658415029456357,77.46625086527523,90.30398138265964
MAR07708,66.47450016504874,37.11191809477453,1.1353493615635568,8.36771934621208,62.78409241637681,134.9986789834367,171.07957953285336
MAR07723,4.07596449903933,0.007238526771974478,4.071080977161618,4.071309565416595,4.0736741808843115,4.086315917752226,4.127078283398536
MAR07762,-334.09717854176927,97.36874329046476,-499.47971564503683,-496.05012363674524,-353.72997046453384,-166.3481591686276,-148.36513530287147
MAR07763,-20.342560469425454,12.577265567962224,-50.33467872102804,-42.9435675031323,-18.870447470420356,-0.8008634617637783,-0.010656037725796878
MAR07778,722.837704032294,143.84588385562046,340.7692768079895,383.04003474722055,727.9795473375787,989.299152528601,998.7406135805007
MAR07780,722.8377040322931,143.84588385562074,340.7692768079893,383.04003474722083,727.9795473375807,989.299152528601,998.7406135805007
MAR07781,420.4410841626164,130.6484819455234,240.53286892709372,270.9839350340304,394.15979116427667,646.0413139173421,803.0811381451825
MAR07786,2.2758861447075462,0.004041758163570585,2.273159344760768,2.273286981015359,2.2746073054640963,2.2816660405905482,2.304426421163345
MAR07789,126.93502877598306,103.2890161630161,16.62356291463177,42.16468697332789,107.15256217377959,483.509684723668,497.6073976337895
MAR07791,126.93502877598334,103.28901616301569,16.62356291463154,42.16468697333272,107.15256217377713,483.5096847236682,497.6073976337897
MAR07792,4.298896051114682,0.007634432086754502,4.293745428992955,4.293986519696166,4.296480465877093,4.309813632226767,4.352805462197972
MAR07793,0.0,0.0,0.0,0.0,0.0,0.0,0.0
MAR07795,0.0,0.0,0.0,0.0,0.0,0.0,0.0
MAR07796,2.2758861447075853,0.00404175816356951,2.2731593447608023,2.2732869810153633,2.274607305464138,2.2816660405904625,2.3044264211634
MAR07797,-113.56524702774043,104.52576978913312,-671.2440586386227,-245.65005575841602,-99.96251389747914,-4.134049205963311,-1.9862334063066072
MAR07800,63.36012358332032,232.24494436021018,-212.2761911303639,-102.1366857814037,-7.952878791988982,900.6822883587878,943.9141922414752
MAR07801,-402.15981971089553,204.34996792561634,-991.4634551640021,-970.2407192416092,-362.01936838050915,-180.56338531012975,-113.50533241685292
MAR07804,-256.9225869778363,234.34541459338374,-951.7330467125635,-924.4175441782099,-185.73639663018795,-19.315291082452415,41.2257043386972
MAR07806,-233.5115043923715,145.18293104143717,-885.9775513914345,-469.5296827905896,-192.55791483875925,-50.33027666648965,-44.49643809019233
MAR07810,490.4340913702081,199.68793902788516,157.78615911475143,214.2116945137691,450.93251274195234,975.569675698055,997.3933056440546
MAR07812,-490.4340913702086,199.68793902788548,-997.3933056440549,-975.5696756980554,-450.93251274195677,-214.21169451376997,-157.78615911475205
MAR07818,200.59583404100337,158.51052603610339,35.730655787811614,47.99740143271726,140.71699978252772,497.8676723969181,880.4612289361048
MAR07819,537.5618358272086,132.96774250545576,91.70312305748612,256.67064748775505,573.0209074239738,680.8284856466336,715.7598300159692
MAR07824,-458.1191145742326,211.78048880849565,-997.3619101064363,-974.9788232943647,-422.89794862008125,-185.33345902234345,-97.25780355779767
MAR07855,0.0,0.0,0.0,0.0,0.0,0.0,0.0
MAR07856,0.0,0.0,0.0,0.0,0.0,0.0,0.0
MAR07857,0.9010403330915598,0.0016001622622681957,0.899960772614418,0.900011304761469,0.9005340310779331,0.9033286370665408,0.9123396418307408
MAR07860,0.6006935553941876,0.001066774841528505,0.599973848409252,0.6000075365074439,0.6003560207182077,0.6022190913776514,0.6082264278870179
MAR07861,0.9010403330915302,0.001600162262281389,0.8999607726144041,0.9000113047614509,0.9005340310778973,0.9033286370665132,0.9123396418308092
MAR07862,0.6006935553943764,0.001066774841510694,0.5999738484096201,0.6000075365076444,0.600356020718628,0.602219091377699,0.6082264278871526
MAR07863,185.48156071640898,163.04294537408552,-36.228172486849815,27.23030363312107,145.66527463437598,535.4992138739233,895.2765679322978
MAR07864,-108.29336088345002,56.784331313981,-273.15338147845637,-199.52920037583718,-107.26176095033276,-6.543951128701659,-0.6440134275246692
MAR07865,-92.89002885965456,53.90628199333614,-242.18411960728406,-184.6804655992256,-86.19468119741936,-6.909377417595933,-0.69023130970902
MAR07866,-38.620006623667116,33.97606393631297,-110.68685075961255,-89.91297772454521,-36.27709753579222,8.196232579647376,33.919731326590465
MAR07867,-405.5743746438538,191.12315394429604,-996.3295230294843,-978.7182260603373,-347.93999795571335,-229.77944800659233,-170.95096309033318
MAR07868,-536.7470646579163,194.31654166949903,-997.8527494567286,-977.5969265510473,-511.2751083305866,-216.27978611812608,-153.89199705493928
MAR07869,-278.1969435987454,124.03367950237636,-917.1481511606731,-380.2445117764159,-267.06664224582676,-32.208590208612385,-10.612520698411535
MAR07871,156.5794671153156,60.277334634355135,5.703146651954967,19.232176669072512,160.02290150487366,248.06272480437286,279.6853918914201
MAR07872,527.201567871553,204.449380897545,142.50744408618996,213.71798797947673,486.3918925745936,976.8941785028973,997.8767880134496
MAR07873,-232.64328778237177,123.85330120934611,-694.3805771541732,-483.9411030302258,-216.56003652516245,-63.403224396383806,-22.955457794186202
MAR07874,644.778667406796,164.60480557284757,247.01881745977957,298.5538011633132,654.6071641149078,985.2356547030234,998.4511119312008
MAR07876,-488.3198031133117,207.99653999104132,-997.6959002855448,-976.6038451560308,-423.67781097872916,-222.6204295711559,-163.06181670497213
MAR07877,0.0,0.0,0.0,0.0,0.0,0.0,0.0
MAR07886,194.56677181620958,158.50726798591432,29.70530010490097,41.96372403048377,134.68528311796618,491.7885124327254,874.4387764631418
MAR07890,-201.19652759639663,158.51085068136757,-881.061263942096,-498.4733573403716,-141.3179578077207,-48.59855491299851,-36.330980049318356
MAR07903,0.0,0.0,0.0,0.0,0.0,0.0,0.0
MAR07942,214.3154792048789,121.27092195930794,20.65717583130032,25.563238089759,214.26290249460217,295.30294699590195,900.2125444935219
MAR07943,-214.31547920487878,121.27092195930796,-900.2125444935219,-295.3029469959021,-214.2629024946019,-25.563238089759007,-20.65717583130032
MAR07946,28.670022054611206,16.85401975730448,0.00038293564549336334,0.6503898069404291,29.296810226561718,55.132842314979655,67.79345878718783
MAR07954,0.0,0.0,0.0,0.0,0.0,0.0,0.0
MAR07955,0.0,0.0,0.0,0.0,0.0,0.0,0.0
MAR07956,0.0,0.0,0.0,0.0,0.0,0.0,0.0
MAR07968,214.32350802311066,121.27394206469037,20.650408045663138,25.557150829703637,214.27705244429103,295.30487039118634,900.2351860717815
MAR07969,-435.2035945328114,142.31100127286803,-926.1603033157273,-685.9824216176738,-403.33927779911517,-214.62401468952527,-169.62891567054476
MAR07974,3.2299426425874465e-16,1.6368138459871316e-15,-4.752685858288395e-15,-3.0168527437943945e-15,3.537128338697342e-16,3.0588050646580034e-15,3.890849496208554e-15
MAR07976,0.0,0.0,0.0,0.0,0.0,0.0,0.0
MAR07977,212.77973170088248,153.43620507336874,-219.40670471660246,-73.99870474873384,252.4309430070366,427.5830845060345,522.3535699284375
MAR07978,-5.187136739591814e-16,1.0074288777565544e-15,-3.2148094835595904e-15,-2.085027457636176e-15,-4.74487310328279e-16,9.371520717415622e-16,1.935619853198485e-15
MAR07993,0.0,0.0,0.0,0.0,0.0,0.0,0.0
MAR07994,-181.5166416182175,149.53646282041203,-572.9806932342735,-516.0771871914277,-160.26011971201484,-2.0432427709700534,-0.053686802899203
MAR07995,181.5166416182175,149.53646282041203,0.053686802899245635,2.0432427709700476,160.26011971201484,516.0771871914277,572.9806932342735
MAR07996,181.5166416182175,149.53646282041203,0.05368680289928347,2.043242770970048,160.2601197120149,516.0771871914277,572.9806932342734
MAR07997,181.5166416182175,149.53646282041203,0.05368680289923853,2.0432427709700476,160.26011971201484,516.0771871914277,572.9806932342735
MAR07998,-181.5166416182175,149.53646282041203,-572.9806932342735,-516.0771871914277,-160.26011971201484,-2.0432427709700534,-0.053686802899245635
MAR08009,0.0023217818320861116,4.123264555957737e-06,0.002319000043291079,0.002319130253467753,0.0023204772036764685,0.0023276782857744533,0.002350897653855992
MAR08010,-0.006965345496258343,1.2369793667874588e-05,-0.007052692961567981,-0.006983034857323426,-0.006961431611029396,-0.006957390760403243,-0.006957000129873207
MAR08020,-91.30876264610903,47.1753162351375,-179.31575131246962,-165.46298042610982,-85.9736730292449,-6.354690165673908,-1.955949590511179
MAR08021,91.30876264610899,47.17531623513749,1.9559495905111803,6.354690165673905,85.97367302924486,165.46298042610968,179.31575131246956
MAR08034,0.0,0.0,0.0,0.0,0.0,0.0,0.0
MAR08036,0.0,0.0,0.0,0.0,0.0,0.0,0.0
MAR08037,167.8485417714659,53.49238866963128,6.438145509359017,11.057032288812767,172.18006179077943,243.4810252213626,497.3131074483917
MAR08038,75.09143396557705,58.36232022435201,0.11193470593891336,12.12220626617719,54.29383560620679,196.19863978643545,312.6269242208199
MAR08039,0.0,0.0,0.0,0.0,0.0,0.0,0.0
MAR08040,0.0,0.0,0.0,0.0,0.0,0.0,0.0
MAR08048,0.0,0.0,0.0,0.0,0.0,0.0,0.0
MAR08049,0.0,0.0,0.0,0.0,0.0,0.0,0.0
MAR08051,0.0,0.0,0.0,0.0,0.0,0.0,0.0
MAR08052,0.0,0.0,0.0,0.0,0.0,0.0,0.0
MAR08054,-12.887055917696594,10.255383800831313,-37.520711037702114,-31.28465838697933,-11.659331720753169,-0.09505083266713396,-0.02188681833430182
MAR08055,12.887055917696594,10.255383800831313,0.021886818334301814,0.09505083266713395,11.659331720753165,31.28465838697933,37.520711037702114
MAR08056,12.887055917696594,10.255383800831313,0.02188681833430182,0.09505083266713396,11.659331720753164,31.284658386979327,37.520711037702114
MAR08066,0.0,0.0,0.0,0.0,0.0,0.0,0.0
MAR08067,0.0,0.0,0.0,0.0,0.0,0.0,0.0
MAR08068,0.0,0.0,0.0,0.0,0.0,0.0,0.0
MAR08069,0.0,0.0,0.0,0.0,0.0,0.0,0.0
MAR08080,62.5691604200952,61.54827704290332,0.13668781181602482,1.8088687292248675,40.51256372692258,208.10886025453692,235.348780814068
MAR08088,-1.0168990992024288e-13,9.601652072162946e-14,-3.155861212983446e-13,-3.05802870453527e-13,-9.251655414444194e-14,-9.120939419044818e-15,1.1627673504682384e-14
MAR08089,-9.841484901804132e-14,9.6386879931334e-14,-3.1668549965335323e-13,-3.0616017740939894e-13,-8.69786205249271e-14,-7.0226145520138135e-15,1.5269937894764437e-14
MAR08091,0.0,0.0,0.0,0.0,0.0,0.0,0.0
MAR08092,0.0,0.0,0.0,0.0,0.0,0.0,0.0
MAR08096,0.0,0.0,0.0,0.0,0.0,0.0,0.0
MAR08097,0.0,0.0,0.0,0.0,0.0,0.0,0.0
MAR08098,2.713336129524055e-15,2.1389911719724744e-15,-1.854833733495471e-15,-4.9127613916279915e-16,2.895034234837702e-15,6.319140244673518e-15,6.615532024107389e-15
MAR08102,0.0,0.0,0.0,0.0,0.0,0.0,0.0
MAR08132,168.3959474439358,90.79918923606833,41.939901742008686,62.81780206493096,149.45247432715226,408.4643515972162,424.03685512341065
MAR08144,374.54314842885543,302.63139832867796,-262.39168442692426,-212.84451336850418,388.89127553591504,765.460854786911,952.679114541599
MAR08202,0.0,0.0,0.0,0.0,0.0,0.0,0.0
MAR08218,39.37011652548876,22.86842375391828,0.051020790044318864,0.7722770855048262,45.44104342245525,70.83445565919813,84.11985971192222
MAR08240,0.0,0.0,0.0,0.0,0.0,0.0,0.0
MAR08274,0.9010403330915693,0.0016001622622351648,0.899960772614551,0.9000113047615933,0.9005340310780536,0.9033286370662872,0.9123396418305608
MAR08301,199.69479370791186,158.51003908042117,34.83016939555087,47.09567121229602,139.8155627447401,496.9591449817369,879.5611764271166
MAR08344,0.0,0.0,0.0,0.0,0.0,0.0,0.0
MAR08345,0.0,0.0,0.0,0.0,0.0,0.0,0.0
MAR08349,0.0,0.0,0.0,0.0,0.0,0.0,0.0
MAR08350,0.0,0.0,0.0,0.0,0.0,0.0,0.0
MAR08352,494.3126552476109,193.3939840810787,-288.5974838149214,206.51666273597075,483.11595008582526,908.7674904909629,921.2887977589328
MAR08353,-494.3126552476111,193.39398408107868,-921.2887977589328,-908.7674904909629,-483.1159500858252,-206.51666273597078,288.59748381492136
MAR08356,169.32331320528604,100.06160342062681,25.085315123656816,75.71968040138404,148.53546055323153,490.38106310739425,510.44143158691605
MAR08357,169.32331320528593,100.06160342062684,25.085315123656788,75.71968040138398,148.53546055323136,490.38106310739425,510.44143158691605
MAR08358,0.0,0.0,0.0,0.0,0.0,0.0,0.0
MAR08360,0.0,0.0,0.0,0.0,0.0,0.0,0.0
MAR08364,41.89625486271972,28.160314811963577,0.002721737495491389,0.40443347257465834,39.527181053390905,90.9192660582198,108.22049951569164
MAR08370,0.0,0.0,0.0,0.0,0.0,0.0,0.0
MAR08386,0.0,0.0,0.0,0.0,0.0,0.0,0.0
MAR08408,-907.7310888595149,58.93539909621298,-999.5908862470901,-994.0966058319215,-921.3189882107674,-791.9007134802763,-720.2722668142362
MAR08412,40.68512093885083,25.15453113592448,0.021312075451346113,1.6017269235275617,37.740894940840676,85.88713500626469,100.66935744205607
MAR08413,20.342560469425408,12.577265567962252,0.010656037725645422,0.8008634617637805,18.870447470420345,42.94356750313236,50.334678721028034
MAR08414,496.8348219880775,157.57668918708134,144.19721003381383,157.3244572909734,543.1029756951067,675.2426044012816,719.2685745102101
MAR08415,248.41741099403916,78.78834459354108,72.09860501690676,78.66222864548696,271.5514878475535,337.62130220064364,359.6342872551076
MAR08418,-299.9252421702295,306.21542996711884,-996.9474433125874,-971.1044273082309,-292.58434120410635,329.4845481785633,397.17975982787584
MAR08445,4.07596449903933,0.007238526771974624,4.071080977161616,4.0713095654165965,4.073674180884309,4.086315917752227,4.1270782833985376
MAR08448,159.4428713622432,136.42921825896326,-74.06393053287326,4.282928270180804,127.96996598678848,460.52518704411057,683.5641227134817
MAR08449,-637.3539868469063,158.66142106423987,-998.3950572816128,-985.1161023094121,-626.1572787497541,-318.2171225362776,-283.05034364036663
MAR08450,-15.396436906065956,12.484348032429404,-69.60625595205818,-32.55582968053822,-17.08075579391192,3.717330618115561,11.82867402532662
MAR08451,-7.42468055989171,26.820425507739703,-64.19274052432831,-54.869542007796966,-2.5529050671109985,37.99738332703681,43.94399186838257
MAR08452,87.99800520533734,279.4671638169009,-199.55045194772714,-161.13334777192014,-14.404562538623793,907.5978282170736,946.5301702635816
MAR08453,30.386558445862324,26.439526140164123,-13.69793704140477,-2.2843978483456504,27.575165617143853,89.87870774406555,109.51162235776042
MAR08454,-56.446530602496956,32.70145318362882,-128.64767034062277,-111.83089982850186,-56.42618070954779,-0.6058008898637071,2.8530790048918675
MAR08455,528.6976128876901,197.37570996351542,156.33458437019763,212.42411703438833,494.19481681017726,977.4170984763502,997.8864630848199
MAR08456,31.64949806101354,18.18742481497536,-0.3470395505250963,0.4710924547513629,31.616133678319557,63.447787934855846,84.7113191128559
MAR08457,-502.00907937909676,209.90242612448435,-997.9600285531067,-977.3599106618911,-453.9278708339521,-210.41682816054222,-145.6265124360027
MAR08458,532.6489507211161,193.15798808032136,172.2971595637684,235.37474760262555,481.87622351325695,976.9313365792901,997.7841252463635
MAR08459,-44.329147607810235,27.552982886987273,-101.760647356925,-86.86788818285407,-44.88634534089158,-0.6918222384205142,-0.0717575750928745
MAR08460,-16.30299218778385,29.654640727575686,-91.71221810311414,-74.99534900097728,-3.4871176496151346,18.60951157589419,49.00113676051663
MAR08461,-119.28434702144173,274.30878284685775,-946.1376066570883,-905.590149910067,-35.92389247892862,135.459768134549,181.8266311259007
MAR08462,10.981728401027638,28.62315527299345,-34.096155844983286,-26.86149171328671,1.8459922957019899,58.522185162307125,74.03116765791333
MAR08463,-499.66958526358104,203.60576067060356,-997.6663375295801,-976.7591520054701,-437.3185177629872,-237.70642669815342,-162.65268817367297
MAR08464,525.7653362568911,197.56212077071393,178.04794068094614,231.2801118369363,477.6056351915288,977.4684153235365,997.7955664624128
MAR08466,124.59635307123469,58.493397020810825,0.6841191905301685,7.06832092836085,137.58986906365925,204.50298425065003,240.97620078413536
MAR08467,-181.95197523047855,282.9357341020524,-483.1534934661697,-390.4945970014644,-241.90342788815047,862.109822918114,916.6321002974859
MAR08468,540.6290860027664,203.84183972143794,134.21693258356646,202.55578838887746,500.6523523121853,977.7389584001625,998.0753804400545
MAR08469,156.4476099555227,180.0723708842668,-179.6758675221596,-121.73328455583463,214.81783637006438,313.7365860703109,903.5152678499065
MAR08470,-528.697612887683,197.37570996351695,-997.8864630848203,-977.41709847635,-494.194816810166,-212.42411703438827,-156.33458437019652
MAR08471,-445.17330636165883,221.60939236104568,-997.7488411093394,-976.6109539239249,-389.2898966633803,-174.0232207312517,-113.9435165580037
MAR08472,-557.5881263174106,198.05883190944544,-998.0576709729223,-977.975489253755,-517.6323372724021,-222.74987057995236,-173.36452421205917
MAR08474,20.37833224908628,24.245187860561145,0.015337582359762467,0.48226047900590924,13.6402919097007,84.28382827933126,111.30736737195762
MAR08481,-5.128021891703658,0.009106881023902315,-5.192328782802406,-5.141045140994053,-5.125140413800483,-5.122165461519354,-5.1218778717780635
MAR08498,41.89625486271972,28.160314811963577,0.002721737495492276,0.4044334725746583,39.527181053390905,90.9192660582198,108.22049951569164
MAR08499,41.896254862719694,28.160314811963556,0.00272173749549175,0.40443347257465867,39.52718105339086,90.9192660582198,108.22049951569156
MAR08501,15.423848548380885,13.451595373020808,0.0038536171238323087,0.17654878163216886,11.309033697899542,39.87579357124803,60.00175143279963
MAR08502,44.73938381420051,29.84174049935504,0.018581932404116788,0.9375852200410385,44.62332933169753,94.87661916284684,121.3949715733858
MAR08503,-2.568930061846268e-16,1.3910554652084277e-15,-3.705606365499501e-15,-3.686664847407038e-15,-4.829497157743729e-17,1.1747971256725438e-15,3.1591234649457856e-15
MAR08504,60.163232362581354,35.928893464366496,0.08634821592219845,1.480790992246606,57.46542036859397,120.39991023648729,154.4725779109721
MAR08505,0.0,0.0,0.0,0.0,0.0,0.0,0.0
MAR08506,0.0,0.0,0.0,0.0,0.0,0.0,0.0
MAR08507,2.561922089206337e-16,1.390311520992618e-15,-3.1498168986550574e-15,-1.1690393637767596e-15,4.594603920453798e-17,3.6851673004980674e-15,3.704037344935915e-15
MAR08508,-2.561922089206337e-16,1.390311520992618e-15,-3.704037344935915e-15,-3.6851673004980674e-15,-4.594603920453798e-17,1.1690393637767596e-15,3.1498168986550574e-15
MAR08512,-179.24196982329528,189.23849120192492,-591.7415382541903,-563.4131368092346,-119.49428577109742,38.90769227476896,78.1546907738093
MAR08530,-464.84066111316366,236.2431630821606,-997.6848246532356,-975.8493156296267,-421.39548740975107,-114.72708784440745,-63.505870097808156
MAR08531,-117.58834325851288,168.64956462678822,-528.3606182006295,-511.5134417588823,-38.608032432699446,-0.3996415906056569,-0.05779889732326577
MAR08539,46.77113817624724,24.678887987657376,0.03050165416685309,3.8961583139648392,46.84072697568206,87.57185481092655,108.59254979805681
MAR08546,0.0,0.0,0.0,0.0,0.0,0.0,0.0
MAR08547,-360.8514073364622,169.10314184303274,-935.3691799576397,-664.3006853164582,-360.1157474138166,-46.83926958634973,-41.33243421758983
MAR08549,-294.4029605179181,245.38498691873681,-981.5196189539613,-922.2294345887084,-230.90274788992076,-3.645067987396444,50.98641020473974
MAR08551,190.57324349895785,195.91353915942807,14.207654484873848,69.41708222177608,140.45611433904446,915.9252186649065,946.8406404000214
MAR08552,-139.24753541685962,241.13684129458713,-685.6226916578455,-630.4852373558111,-105.19869053705625,310.69168388986793,435.73725195779883
MAR08560,239.4664071023792,247.05000901224346,-308.8126491276282,-265.6330372121322,283.9666511246912,528.8325268749161,945.4436815649574
MAR08562,0.0,0.0,0.0,0.0,0.0,0.0,0.0
MAR08563,0.0,0.0,0.0,0.0,0.0,0.0,0.0
MAR08566,6.18762884975993,4.963917193273097,0.006870783856701504,0.10729846650275983,5.55916402242967,15.127105769479895,20.817901598605665
MAR08595,0.0,0.0,0.0,0.0,0.0,0.0,0.0
MAR08596,0.0,0.0,0.0,0.0,0.0,0.0,0.0
MAR08598,0.0,0.0,0.0,0.0,0.0,0.0,0.0
MAR08600,0.0,0.0,0.0,0.0,0.0,0.0,0.0
MAR08601,0.0,0.0,0.0,0.0,0.0,0.0,0.0
MAR08603,0.0,0.0,0.0,0.0,0.0,0.0,0.0
MAR08604,0.0,0.0,0.0,0.0,0.0,0.0,0.0
MAR08605,0.0,0.0,0.0,0.0,0.0,0.0,0.0
MAR08612,0.004657062395754141,8.270501580266994e-06,0.0046514826449734125,0.004651743822362625,0.004654445553885972,0.004668889584838399,0.004715463317327438
MAR08613,0.00232853119787707,4.135250790133609e-06,0.002325741322486703,0.0023258719111813124,0.002327222776942985,0.0023344447924192,0.002357731658663719
MAR08614,0.00465706239575414,8.270501580267021e-06,0.004651482644973412,0.004651743822362626,0.00465444555388597,0.004668889584838399,0.004715463317327438
MAR08615,0.004657062395754141,8.270501580267031e-06,0.0046514826449734125,0.004651743822362625,0.004654445553885972,0.004668889584838399,0.004715463317327438
MAR08616,0.004657062395754142,8.270501580266887e-06,0.004651482644973413,0.004651743822362626,0.004654445553885973,0.004668889584838399,0.004715463317327438
MAR08617,0.004657062395754142,8.270501580266677e-06,0.004651482644973416,0.004651743822362626,0.004654445553885974,0.004668889584838399,0.004715463317327437
MAR08631,3.3392306871288064,3.1521251373314634,0.0022363265160324514,0.00908706143981855,2.637960084134327,9.318727965405142,11.743781483715113
MAR08632,33.44171111644185,24.11454739121588,9.398953312354456e-05,0.6524314638644497,28.07322161263946,73.26130051853958,100.7465398476189
MAR08635,99.18239090756782,123.35872919720062,13.491426232768454,24.401654484063553,58.16161361199143,551.8451364316937,575.6056610192819
MAR08643,350.1465686242643,188.75110702138804,38.211540133713044,119.94020435230274,325.81062478904596,909.2118199224077,946.4670087685201
MAR08645,0.0,0.0,0.0,0.0,0.0,0.0,0.0
MAR08653,0.0,0.0,0.0,0.0,0.0,0.0,0.0
MAR08654,0.0,0.0,0.0,0.0,0.0,0.0,0.0
MAR08659,808.1106936314867,166.58046925012277,426.3145054532286,445.9354555683865,889.8816487130621,985.1907877267773,996.4762533004429
MAR08660,142.64921746869288,172.65429631510102,0.06430939406645897,0.5110854627434755,37.82779492431362,522.0056471780821,532.1493965791203
MAR08667,-454.54113045406467,211.6579754849877,-997.1234449015243,-974.8869842841851,-404.6719366490445,-197.07319585480076,-148.76162185825615
MAR08668,-454.5411304540708,211.65797548498657,-997.1234449015241,-974.8869842841865,-404.6719366490525,-197.07319585480028,-148.7616218582565
MAR08676,360.2995418154643,143.7253604812636,32.46175186540415,135.9710442367357,333.40629938405687,611.4396689033416,673.2784290266379
MAR08678,1.784668314553905e-14,1.980286246411824e-14,-6.5768659587879025e-15,-3.654912333448249e-15,1.6915550596932327e-14,3.438690632899426e-14,1.2817799852646886e-13
MAR08682,-66.25162979500784,192.4255763860587,-298.16439866033465,-260.70859248335154,-122.6948149888268,358.4570872135215,530.4450016234298
MAR08698,157.121290553984,274.08754656582397,-337.812640916742,-154.81513167410887,92.02708795777068,935.315547479392,964.5455580173038
MAR08700,67.2815259189618,30.582108642237973,0.1280865779785681,1.2219646349057827,65.42382781687729,117.35537094258991,183.05437608071432
MAR08701,-308.90795960537906,138.32672830475477,-578.5962833413413,-559.8473720408076,-311.2739407640121,-38.51450348475022,-22.52795418878258
MAR08702,-0.006978844227840274,1.239376613621987e-05,-0.00706636097118342,-0.0069965678706129224,-0.006974922757562424,-0.006970874075830411,-0.006970482688264484
MAR08709,4.409222692224924,298.9034784050164,-948.1831759165791,-914.7922720628609,7.202351791982551,464.1576273151367,567.9947424013798
MAR08711,291.1510340379204,128.5709149409792,49.78714388950016,63.95330274611449,252.48107240408282,511.22320297804185,604.5567356673794
MAR08716,0.0034559703390180264,0.0010231589946099453,0.0002254609534818728,0.00030632771548983286,0.003484477952578334,0.004995855119290135,0.00537205329384071
MAR08718,0.0,0.0,0.0,0.0,0.0,0.0,0.0
MAR08720,843.7217860137675,72.66473618080927,430.4954455024894,733.9617576811983,853.851043088435,938.4379198610098,955.717141057449
MAR08722,0.004526105130787393,0.003929345107437918,0.0006494093405869545,0.0010432185112301672,0.003276433227198528,0.017570465602497285,0.018203220373361834
MAR08752,117.58834325851286,168.64956462678822,0.05779889732326576,0.3996415906056555,38.60803243269945,511.51344175888227,528.3606182006295
MAR08753,117.58834325851288,168.64956462678822,0.057798897323266145,0.39964159060565557,38.60803243269945,511.51344175888227,528.3606182006295
MAR08756,0.0,0.0,0.0,0.0,0.0,0.0,0.0
MAR08757,9.302232379997728,5.980171970306752,0.01356740188772163,0.06935904926711822,7.377182350251136,19.898860103081955,23.4179908958558
MAR08758,-1.1331104796470854e-15,9.157066895983288e-16,-2.58263112463738e-15,-2.5649244646152523e-15,-1.3925222761438006e-15,4.958188899293886e-19,3.8399273547087054e-17
MAR08760,177.9264223549339,64.05930287762484,8.133253305293078,25.125485679104933,179.23798397290415,294.05217175857985,409.58810045448513
MAR08761,44.164957742375194,34.68020458111651,0.22336247249115482,2.4354162530662116,37.28220244136418,110.81527981692255,173.0612703828772
MAR08762,44.164957742375194,34.68020458111651,0.22336247249115837,2.4354162530662116,37.282202441364184,110.81527981692255,173.06127038287724
MAR08765,0.0,0.0,0.0,0.0,0.0,0.0,0.0
MAR08772,15.557656403957992,12.462870760689299,0.05091356896240925,0.5063588482734093,12.941209221701886,39.37559862157262,63.9146358717866
MAR08773,15.557656403957987,12.462870760689299,0.05091356896240986,0.5063588482734093,12.941209221701875,39.375598621572614,63.91463587178659
MAR08775,15.557656403957965,12.462870760689297,0.050913568962410755,0.5063588482734092,12.941209221701847,39.375598621572614,63.914635871786544
MAR08776,21.097640007246813,26.40809770894887,0.1511702414270995,0.7181323769269892,12.398195169161697,96.22396635478553,127.62122689762109
MAR08777,21.09764000724676,26.40809770894888,0.1511702414270973,0.7181323769269911,12.39819516916163,96.22396635478553,127.62122689762109
MAR08778,21.09764000724286,26.408097708949928,0.15117024142709054,0.7181323769268606,12.398195169155649,96.22396635478621,127.62122689762181
MAR08779,66.47450016504865,37.111918094774516,1.135349361562977,8.367719346212041,62.784092416377,134.99867898343672,171.07957953285307
MAR08782,1.878767915882471e-16,5.492786176690981e-16,-2.996352218298525e-16,-2.991466762018751e-16,-8.697989141061525e-20,1.7369988996734163e-15,1.9994296829881036e-15
MAR08783,0.0,0.0,0.0,0.0,0.0,0.0,0.0
MAR08784,0.0,0.0,0.0,0.0,0.0,0.0,0.0
MAR08791,0.21211569340808964,0.00037669737170371116,0.2118615519107634,0.21187344782972858,0.21199650383159974,0.2126543875644222,0.21477568609479267
MAR08847,62.27894615310186,31.057290285079556,0.9252772119639828,8.702059093931597,65.8043246857995,107.6703434333303,144.23766506274444
MAR08852,6.13147265503569e-16,1.4156356569930524e-15,-2.7423860813791757e-15,-2.0553615887166547e-15,4.3665236878177687e-16,2.964083561611405e-15,4.686605512282834e-15
MAR08855,0.0,0.0,0.0,0.0,0.0,0.0,0.0
MAR08859,-1.2046111356239827e-13,1.2870827394236894e-14,-1.502519239917144e-13,-1.398207647767808e-13,-1.194870013063773e-13,-1.0178556077792577e-13,-9.470599336005943e-14
MAR08864,167.84854177146622,53.49238866963134,6.438145509359033,11.057032288812767,172.18006179077952,243.48102522136273,497.31310744839163
MAR08865,75.09143396557717,58.36232022435207,0.11193470593895066,12.122206266177205,54.29383560620684,196.19863978643576,312.6269242208199
MAR08866,0.0,0.0,0.0,0.0,0.0,0.0,0.0
MAR08869,17.323123790555744,14.827803447281966,0.0019085861343932139,0.5164467057605772,13.325478789566755,45.69136341535347,63.703814236178495
MAR08870,-9.045466474019518,7.5371475858976575,-34.913757850188745,-23.879619381955045,-7.972748469065266,-0.10537403248466717,-0.002156615976446119
MAR08879,332.4004355050161,176.205869615571,38.001752836223986,149.78055719039568,300.1148731554455,933.0963516988105,955.2897228533866
MAR08891,0.1326894474452689,0.07856229798285347,0.009317841099529848,0.023411593826825304,0.12242221742344442,0.26929626116783484,0.4162333319017988
MAR08905,9.045466473987764,7.537147585875871,0.0021566159764840787,0.10537403248592135,7.972748469039532,23.87961938183447,34.913757850069146
MAR08909,0.0,0.0,0.0,0.0,0.0,0.0,0.0
MAR08915,0.0,0.0,0.0,0.0,0.0,0.0,0.0
MAR08927,11.450854831709991,10.699067555603612,0.009585215178870302,0.26925845423338746,8.3093040303262,33.35455774854372,50.2218642309272
MAR08931,0.0,0.0,0.0,0.0,0.0,0.0,0.0
MAR08949,-195.95206983539717,85.88811174938886,-498.069266178577,-358.42568458284734,-178.42727053317623,-62.9172369787631,-52.86958421718613
MAR08958,-65.77476132843378,107.3380761737193,-268.5640009218632,-238.72766371780565,-78.48030703019934,112.38718696940636,206.44025907096105
MAR08959,-4.089945044730999e-14,8.34158452977871e-14,-2.512276634502221e-13,-1.2646754426488422e-13,-4.4090301722686476e-14,7.64040003482146e-14,2.9833569504535793e-13
MAR08966,-537.5618358272085,132.9677425054557,-715.7598300159692,-680.8284856466327,-573.0209074239733,-256.67064748775476,-91.70312305748615
MAR08967,537.557178764847,132.96774190649225,91.69846559767677,256.6659915702814,573.0162536517136,680.8238312519886,715.7551738263221
MAR08970,-157.1729678154703,352.145139079429,-997.2407313537602,-974.8304603392883,-121.76775348759864,329.13998481229356,422.5175959773014
MAR08972,502.8329908589743,187.34550507980188,77.83224375412385,295.09378233398934,423.577506839763,867.6549846879609,871.4586514172474
MAR08976,0.0,0.0,0.0,0.0,0.0,0.0,0.0
MAR08977,1.5907109074523216e-15,4.768398288043274e-15,-1.1769552396949407e-14,-5.7118905087248905e-15,2.1779442645571967e-15,8.409309739774785e-15,1.4070662689381234e-14
MAR08980,535.6229042858339,135.06494722392708,153.22804864637124,161.75677261224052,537.3672017391888,716.4576349830647,951.2097683280484
MAR08981,-535.6229042858278,135.06494722392682,-951.2097683280465,-716.4576349830608,-537.3672017391846,-161.756772612239,-153.2280486463709
MAR08987,862.5288751248818,67.26828421799311,662.3029400725479,669.0418081076358,889.6816982128912,915.0440755497909,958.1267538405384
MAR08991,537.557178764847,132.96774190649225,91.69846559767669,256.6659915702814,573.0162536517134,680.8238312519884,715.7551738263219
MAR08993,-65.77476132843492,107.33807617371993,-268.56400092186186,-238.72766371780762,-78.48030703020089,112.38718696940705,206.44025907096068
MAR08994,-65.77476132843378,107.3380761737193,-268.5640009218632,-238.72766371780565,-78.48030703019934,112.38718696940636,206.44025907096105
MAR08997,537.557178764846,132.96774190649302,91.69846559767632,256.665991570278,573.0162536517118,680.8238312519896,715.7551738263201
MAR08998,537.5618358272089,132.96774250545576,91.70312305748635,256.6706474877552,573.0209074239738,680.8284856466338,715.7598300159692
MAR09007,0.0,0.0,0.0,0.0,0.0,0.0,0.0
MAR09009,0.23387114912784276,0.0004153330026676293,0.23359094186067703,0.23360405782326377,0.23373973499533007,0.23446509399416063,0.23680396159153613
MAR09014,0.0,0.0,0.0,0.0,0.0,0.0,0.0
MAR09027,0.0,0.0,0.0,0.0,0.0,0.0,0.0
MAR09029,-0.2338711491278428,0.000415333002667639,-0.23680396159153613,-0.23446509399416074,-0.23373973499533013,-0.23360405782326368,-0.23359094186067703
MAR09031,-22.997064883466,166.4901380727295,-307.3618660188806,-234.7675729102356,-43.564368159610325,404.64089807097236,414.248395970123
MAR09034,0.0,0.0,0.0,0.0,0.0,0.0,0.0
MAR09035,-81.53148783020562,30.118259160135715,-184.42847354328293,-179.41098195600762,-79.62242519010289,-48.99436852375154,-33.053617084486746
MAR09036,-4.032970589063919,1.45602078410399,-8.09563059384909,-7.860598710252045,-3.722885002310556,-2.1914242554171026,-1.517071796811254
MAR09037,0.0,0.0,0.0,0.0,0.0,0.0,0.0
MAR09038,-13.81993389988938,0.02454289323259686,-13.993239904241404,-13.855031340608917,-13.812168364761588,-13.804150917727572,-13.803375868152928
MAR09039,-27.092989187619928,0.048114581864862525,-27.432743178928924,-27.161795202817473,-27.077765412970635,-27.062047783115577,-27.060528354003004
MAR09040,336.6518121208277,171.7447905735636,50.54129681620552,70.53872056878525,301.62516034947384,661.2925127620077,940.892199535256
MAR09041,-636.9321440857583,142.85616306243492,-956.0019195354666,-936.6699280365555,-634.7872084126088,-452.4244354985774,-107.29024953422584
MAR09042,-16.386914422118036,2.791505905161327,-27.37190467901418,-22.18504497510943,-15.508640451826711,-13.598661843363455,-13.529268557245475
MAR09043,138.75827356667156,213.4436414563269,-62.25883916331975,-16.44851148519401,90.75145452785108,903.5036429194488,930.8829216484496
MAR09044,-34.2323389584405,0.060793390638259635,-34.66162247944389,-34.319276240196864,-34.21310352412162,-34.193244097422976,-34.19132427927186
MAR09045,-5.938429491165633,0.010546088138254115,-6.0128991300732455,-5.953510871333455,-5.935092638531248,-5.931647539283722,-5.931314500260668
MAR09046,-40.52612255849948,0.07197055400584959,-41.034331962643826,-40.629043686373954,-40.50335059513378,-40.479839915326025,-40.47756712918123
MAR09048,-965.8719652036606,17.335779884015583,-999.8682691000336,-998.6380631402754,-965.4382028305937,-936.2268627230158,-902.506352889152
MAR09049,0.0,0.0,0.0,0.0,0.0,0.0,0.0
MAR09051,-0.00018887829151830173,3.3542995041305303e-07,-0.0001912468804167266,-0.00018935797142761583,-0.00018877215924451314,-0.00018866258406795487,-0.00018865199139496105
MAR09053,0.0,0.0,0.0,0.0,0.0,0.0,0.0
MAR09055,0.00018887829151830173,3.3542995041305303e-07,0.00018865199139496105,0.00018866258406795487,0.00018877215924451314,0.00018935797142761583,0.0001912468804167266
MAR09058,-61.131057718691416,277.39598897446655,-898.9219539510301,-854.9539779495701,-71.9913091694182,295.1294655144902,854.5192337820555
MAR09060,-170.1251305100483,65.08170895542308,-373.42561558948546,-297.55297087068675,-171.01719110030865,-23.59632432431968,-7.49090730036869
MAR09061,175.33149384713295,109.88611484894427,-90.03473980055037,-67.53474903583312,167.93225010608472,358.17059351241045,423.2392136225216
MAR09062,-207.35758101383195,120.52273852347821,-493.3679653160228,-454.4332034167622,-189.94056833736505,-29.63751632184417,-23.08500693299834
MAR09063,41.04182505933081,103.14990628602023,-33.89689230544666,-31.92912554718459,-5.45525904319908,286.0070369122,312.68932585658257
MAR09064,29.6058529997191,24.676573229001864,-17.136793131321816,-13.267187651720265,29.68187227101224,70.41841846426618,91.43632856223897
MAR09065,764.3118268231458,84.56142915825473,603.4753426838495,649.4966520325464,760.473448587036,959.4737525856084,983.9673449514413
MAR09066,-17.381496220434602,6.434983753873393,-25.963179374779784,-24.408403150974387,-20.19369246040975,-0.7446328133165451,-0.09703711491073536
MAR09067,520.2240052174724,148.9912258874941,86.33590482438751,340.3463785855243,511.96904056959204,946.8598993983998,956.7360472118215
MAR09068,-31.007188262061447,0.05506582857016845,-31.396027452100487,-31.085934872565236,-30.9897650665804,-30.971776667282015,-30.970037722031094
MAR09069,-320.41554739606624,84.81429920042025,-513.2992116409973,-439.88521119220235,-325.86024533266374,-196.67498036334197,-80.5877892297159
MAR09070,-113.0070859992592,39.55689894059567,-205.2751329266439,-182.34048467953758,-107.637097635737,-52.85845181840782,-16.8678816541659
MAR09072,0.5175537599458767,252.12380536223458,-469.7273594732147,-404.91132370744697,-11.489830702162095,520.8652485234502,572.9759384426008
MAR09073,415.8476650509371,176.4631722653129,142.93990903480415,213.31790577980414,354.9406649158609,737.0758621092631,937.788580150641
MAR09074,-1.843876238751737e-13,1.7866677101046044e-13,-5.21464672364026e-13,-4.782674189695836e-13,-1.6642639598087907e-13,9.689447566684779e-14,1.1953353978077272e-13
MAR09075,860.725581381247,120.64873931346541,113.67677249993048,771.9780842697096,876.434339525222,964.0545853016265,991.8532853898735
MAR09076,-0.00465706239575414,8.270501580266803e-06,-0.0047154633173274365,-0.004668889584838396,-0.004654445553885974,-0.004651743822362623,-0.004651482644973415
MAR09078,594.485189065364,140.09675693464675,292.8155409122302,421.18670806553916,572.1135730530614,966.0758385371643,994.1114464406651
MAR09079,-104.33354618277876,265.54957737222105,-961.9283716868626,-922.0143556494982,-79.42843521493322,269.06992447413205,447.2276783994272
MAR09083,424.2814571685716,134.40559655144605,38.875810366480444,239.87001210820824,409.1488193611524,625.8203154257336,652.719492367608
MAR09087,-13.441198127565407,6.4424420034178995,-30.698026399682952,-30.074684149448288,-10.641765891253865,-6.3820670311095435,-4.875730806287122
MAR09088,65.77476132843368,107.3380761737193,-206.44025907096093,-112.38718696940651,78.48030703019919,238.72766371780554,268.564000921863
MAR09091,835.1827031872994,123.70526191415706,113.87877675107235,674.8382386888328,861.6181753533035,954.7976032546829,972.7033233751014
MAR09092,-56.51323222688122,228.88435167872242,-508.8376988999888,-471.4019096030827,-31.942789934075762,249.54173083630806,885.6370974076706
MAR09093,-62.56916042010153,61.54827704290355,-235.34878081407498,-208.10886025454406,-40.51256372692674,-1.8088687292340782,-0.13668781182548398
MAR09095,0.0,0.0,0.0,0.0,0.0,0.0,0.0
MAR09099,-298.66678703302347,146.83715946652015,-914.8841802789474,-464.8341693799954,-319.52436631159196,-31.289670815072046,-10.11150039065116
MAR09100,0.0,0.0,0.0,0.0,0.0,0.0,0.0
MAR09104,0.0,0.0,0.0,0.0,0.0,0.0,0.0
MAR09107,0.0,0.0,0.0,0.0,0.0,0.0,0.0
MAR09108,-714.3969615026873,112.72832730897586,-911.4973287703413,-886.1127487704724,-736.4140647040397,-500.9631762398644,-486.0545050158763
MAR09109,-0.004657062395754141,8.27050158026694e-06,-0.004715463317327438,-0.004668889584838399,-0.004654445553885972,-0.004651743822362625,-0.004651482644973413
MAR09112,-674.1259967444834,142.34643961980962,-943.9453324114901,-848.7033413571235,-704.0807900827962,-408.0065737342336,-328.8257990972056
MAR09129,0.0,0.0,0.0,0.0,0.0,0.0,0.0
MAR09132,0.0,0.0,0.0,0.0,0.0,0.0,0.0
MAR09133,655.0437408375844,179.17112535092957,75.554183463141,321.5287292351965,675.1046432677638,949.6062076494696,958.8516816233359
MAR09135,815.7312205832917,197.6584303592641,47.792154495788935,64.95643602905939,856.9367367904568,936.8604129542189,991.8549251133222
MAR09137,0.0,0.0,0.0,0.0,0.0,0.0,0.0
MAR09140,-4.833959115568153e-13,1.3868575915071123e-12,-4.772229231899715e-12,-2.7627563075016922e-12,-2.499841925309851e-14,8.715763519081942e-13,9.909747704157122e-13
MAR09143,-0.004657062395754142,8.270501580266869e-06,-0.004715463317327438,-0.004668889584838399,-0.004654445553885973,-0.004651743822362626,-0.004651482644973413
MAR09144,861.3163694742312,102.2962631094217,500.1270639916229,521.6661588040887,881.3949133359824,957.6387201990252,975.5857726935863
MAR09146,388.4527758435636,173.92959642729818,9.782449725658232,16.744742980620128,396.29016824544595,712.4795977513444,742.6264501245288
MAR09147,-101.71344264260985,121.45009144545438,-491.8911336374903,-456.10289740634937,-66.37333596803792,-12.597961103073304,-0.7363656390074337
MAR09152,-0.00465706239575414,8.270501580266825e-06,-0.004715463317327437,-0.004668889584838398,-0.0046544455538859745,-0.004651743822362623,-0.004651482644973416
MAR09154,-0.004657062395748445,8.270501580375221e-06,-0.004715463317321276,-0.004668889584839871,-0.004654445553888269,-0.0046517438223506,-0.004651482644975418
MAR09158,0.0,0.0,0.0,0.0,0.0,0.0,0.0
MAR09159,-0.004657062395754141,8.270501580266942e-06,-0.004715463317327438,-0.004668889584838398,-0.004654445553885972,-0.004651743822362626,-0.004651482644973413
MAR09163,-66.44844681854423,262.34210385317516,-409.06256029885753,-235.94668818813054,-132.91217371515913,875.8009789469952,938.6598821149377
MAR09167,-0.004657062395754142,8.27050158026668e-06,-0.004715463317327437,-0.004668889584838399,-0.004654445553885975,-0.004651743822362624,-0.004651482644973417
MAR09188,9.15224887858826,7.667873363467283,0.05056247606289143,0.40641242584104176,7.411511840535222,24.50560218246977,43.300878730934016
MAR09189,947.1604132339696,34.09233663506796,851.5611405766062,878.5648777887468,951.7285367183329,995.8414348672374,999.248985066227
MAR09192,0.0,0.0,0.0,0.0,0.0,0.0,0.0
MAR09201,-1.7998920018947508,1.405877111603251,-6.535438273480823,-4.3599727945713305,-1.5874692264989552,-0.01510679496549361,-0.0020364971681185074
MAR09209,843.7217860137675,72.66473618080927,430.4954455024894,733.9617576811983,853.851043088435,938.4379198610098,955.717141057449
MAR09213,0.0,0.0,0.0,0.0,0.0,0.0,0.0
MAR09214,181.5166416182175,149.53646282041203,0.053686802899203,2.0432427709700476,160.26011971201484,516.0771871914277,572.9806932342735
MAR09215,-0.006965345496258343,1.2369793667874588e-05,-0.007052692961567981,-0.006983034857323426,-0.006961431611029396,-0.006957390760403243,-0.006957000129873207
MAR09216,0.0,0.0,0.0,0.0,0.0,0.0,0.0
MAR09218,62.56916042009507,61.54827704290398,0.1366878118143151,1.808868729223171,40.512563726922295,208.10886025453823,235.3487808140694
MAR09221,-1.0101542276840382e-13,9.618556765505012e-14,-3.1782374255847167e-13,-3.0739461566671083e-13,-8.982391382105909e-14,-9.59295095325002e-15,1.0845419693031913e-14
MAR09226,0.0,0.0,0.0,0.0,0.0,0.0,0.0
MAR09228,0.0,0.0,0.0,0.0,0.0,0.0,0.0
MAR09231,0.0,0.0,0.0,0.0,0.0,0.0,0.0
MAR09234,0.0,0.0,0.0,0.0,0.0,0.0,0.0
MAR09235,-168.3959474439358,90.79918923606833,-424.03685512341065,-408.46435159721625,-149.45247432715226,-62.81780206493097,-41.939901742008686
MAR09238,0.0,0.0,0.0,0.0,0.0,0.0,0.0
MAR09242,643.975929569008,304.88084242824385,-456.9571278175555,-397.3521846082067,755.4834039457555,858.680011042688,955.8863177441117
MAR09243,-41.896254862719694,28.160314811963552,-108.22049951569161,-90.9192660582197,-39.527181053390876,-0.4044334725746602,-0.002721737495491861
MAR09247,-424.2814571685716,134.40559655144605,-652.719492367608,-625.8203154257337,-409.1488193611524,-239.87001210820833,-38.875810366480444
MAR09255,420.44108416261673,130.64848194552442,240.53286892708914,270.9839350340259,394.15979116428343,646.0413139173427,803.0811381451828
MAR09259,235.92637041850577,197.20402184180708,30.00805439327174,57.77918185742754,191.22727379806707,920.5605968753574,952.1841150876978
MAR09262,20.37833224908561,24.245187860561384,0.015337582359762495,0.48226047900590063,13.640291909699087,84.28382827933129,111.30736737195765
MAR09263,0.0,0.0,0.0,0.0,0.0,0.0,0.0
MAR09266,0.0,0.0,0.0,0.0,0.0,0.0,0.0
MAR09267,0.0,0.0,0.0,0.0,0.0,0.0,0.0
MAR09268,-2.2766624576339546e-13,3.557524041182332e-13,-7.932783966664997e-13,-7.463136542486247e-13,-3.119083767866897e-13,5.624462108635608e-13,6.230209855048905e-13
MAR09269,-0.004657062395754141,8.270501580266994e-06,-0.004715463317327438,-0.004668889584838399,-0.004654445553885972,-0.004651743822362625,-0.0046514826449734125
MAR09271,-211.36885043937266,82.72229796654088,-463.1401227854491,-337.59129225329383,-213.12402608369956,-33.306969571308095,-22.616810110431622
MAR09272,85.10417884384022,258.06616981925725,-451.18598788149785,-122.81887695805628,17.291423020763688,885.4508899251352,921.4075026285742
MAR09273,126.26467159553452,297.79611838161765,-898.4925535001204,-852.6802702457469,171.40411699676375,384.46420931140807,910.2740619379236
MAR09274,-29.749589622791035,340.79762581802663,-455.3104337827305,-419.7179119535084,-68.18288712525624,913.7141176740649,979.8420848781908
MAR09277,0.0,0.0,0.0,0.0,0.0,0.0,0.0
MAR09279,-709.5518054866795,136.42918335256317,-999.304950775439,-989.5865316446701,-694.6385224700925,-530.8904920280085,-494.82115794090464
MAR09280,-950.7599111001787,27.74458532941683,-998.0759906060001,-993.0132022200362,-951.796985815793,-903.8113027278099,-876.9334286713992
MAR09281,2.419617365812015,2.103309423363583,0.0007401162793777921,0.043903965911517844,2.023034157101325,6.58456498215531,8.274102299692053
MAR09282,2.3609154951348765e-14,3.587031099872783e-14,-9.619802209903663e-14,-3.472996469541356e-14,2.0213060357580426e-14,7.541872756342499e-14,8.82040525182694e-14
MAR09283,10.147117546370406,22.128990717893295,0.015237045503865124,0.2596243491496455,2.6584150294431232,77.46625086527435,90.3039813826584
MAR09285,-5.364225532025598,122.06945085719009,-121.34277506875515,-98.55979971268124,-25.240148682637795,443.97583018974314,461.91853044478137
MAR09286,-99.19269168411874,98.87531541921213,-726.0957840977709,-169.39651828132466,-88.06677332254588,-18.78084444704294,-8.186469507381616
MAR09289,0.0,0.0,0.0,0.0,0.0,0.0,0.0
MAR09290,167.09355066781143,147.13112623281353,-42.5070689126627,6.314064104073271,142.13212345955444,356.62665239457465,868.9546309700232
MAR09292,360.2995418154644,143.7253604812646,32.46175186540353,135.9710442367335,333.4062993840539,611.4396689033405,673.2784290266366
MAR09293,1.784668314553905e-14,1.980286246411824e-14,-6.5768659587879025e-15,-3.654912333448249e-15,1.6915550596932327e-14,3.438690632899426e-14,1.2817799852646886e-13
MAR09295,-4.0759644990393324,0.007238526771973944,-4.127078283398536,-4.086315917752227,-4.073674180884314,-4.071309565416597,-4.07108097716162
MAR09300,-988.4261640624552,8.979565980004413,-999.9964904790203,-999.80165624628,-990.3432699753425,-970.8862113777257,-963.4463838191571
MAR09301,0.0,0.0,0.0,0.0,0.0,0.0,0.0
MAR09302,-1.2383739207715024e-14,3.3626847352909846e-13,-7.687351364286658e-13,-7.324894536212962e-13,6.951475627111051e-15,5.494592232047725e-13,5.97803646684028e-13
MAR09311,17.323123790555744,14.827803447281966,0.0019085861343932139,0.5164467057605772,13.325478789566755,45.69136341535347,63.703814236178495
MAR09314,-9.04546647401622,7.537147585898317,-34.9137578501897,-23.879619381955166,-7.972748469061546,-0.10537403248598423,-0.0021566159766688866
MAR09317,-6.877277830757106e-14,1.2111336205484036e-13,-3.6690160402143927e-13,-3.3990417772660316e-13,-3.7564627288313237e-14,6.728575422900309e-14,1.9186503217751204e-13
MAR09318,0.0,0.0,0.0,0.0,0.0,0.0,0.0
MAR09338,0.0,0.0,0.0,0.0,0.0,0.0,0.0
MAR09348,-8.953127652513482,9.291767164129297,-31.34469034115068,-25.12667145822847,-8.456821761150076,5.764489676715472,8.917039430682975
MAR09351,-0.9844343719051343,0.0017482621741733173,-0.9967794662265442,-0.9869344654204462,-0.9838812100903428,-0.9833101038502381,-0.9832548948036847
MAR09352,0.0,0.0,0.0,0.0,0.0,0.0,0.0
MAR09353,992.2512698232732,5.797285303743078,967.6442535193255,981.2466631440843,994.2255292651103,999.4005623927408,999.95975585024
MAR09354,-907.7310888595167,58.93539909621325,-999.5908862470903,-994.0966058319227,-921.3189882107737,-791.9007134802786,-720.2722668142364
MAR09355,9.045466473987341,7.537147585875073,0.0021566159764849174,0.1053740324859215,7.972748469040185,23.87961938182982,34.913757850064535
MAR09356,0.0,0.0,0.0,0.0,0.0,0.0,0.0
MAR09357,0.0,0.0,0.0,0.0,0.0,0.0,0.0
MAR09359,-24.814832887523114,14.910648693240335,-62.82805719781316,-46.3846856734906,-26.24336743703313,-1.4205367764117687,-0.1582161925520093
MAR09360,367.5645772689071,109.00905509072435,32.92908176558914,193.30431492528749,365.94990455721336,578.4497652723601,596.9459046471488
MAR09364,743.3203006860972,222.91240642637578,55.309716134850035,96.34212649655719,833.7957275812327,912.2201707243978,987.4929982520446
MAR09365,5.081112200482841e-15,4.45437341845895e-15,-1.2138892263336242e-15,-1.0794123236152003e-15,5.925937728081217e-15,1.1690537939953918e-14,1.3029093281115471e-14
MAR09366,360.8514073364679,169.10314184303192,41.33243421758985,46.83926958634983,360.11574741382515,664.300685316457,935.3691799576413
MAR09367,139.24753541685715,241.13684129458707,-435.73725195779946,-310.6916838898682,105.19869053705332,630.4852373558109,685.6226916578456
MAR09368,-433.65049593477636,214.91338849861685,-985.5215704337005,-941.9886844080763,-374.6989355820583,-157.2582755051668,-77.76366901042434
MAR09369,0.0,0.0,0.0,0.0,0.0,0.0,0.0
MAR09372,-430.69401648310264,200.5095088323352,-772.6873474658076,-747.6853420285337,-451.8003284093933,-41.186721075609924,-32.24399952944949
MAR09374,0.0,0.0,0.0,0.0,0.0,0.0,0.0
MAR09375,-18.26697749986178,34.78487886544775,-99.92698776768154,-71.97282701957053,-19.895019910904868,43.90882195043211,72.39740368877484
MAR09378,-0.2121156934080896,0.0003766973717037158,-0.2147756860947927,-0.21265438756442206,-0.21199650383159974,-0.21187344782972853,-0.2118615519107634
MAR09379,-12.887055917696594,10.255383800831313,-37.520711037702114,-31.28465838697933,-11.659331720753164,-0.09505083266713396,-0.02188681833430182
MAR09380,12.887055917696594,10.255383800831313,0.02188681833430182,0.09505083266713396,11.659331720753164,31.284658386979327,37.520711037702114
MAR09383,-970.8790874867104,55.004257901286614,-999.8826108155264,-999.2814680633303,-985.8262876417771,-934.72173795118,-611.6544578743532
MAR09386,212.7797317008828,153.43620507336865,-219.4067047166041,-73.99870474873413,252.43094300703578,427.58308450603397,522.3535699284369
MAR09388,11.450854831709991,10.699067555603612,0.009585215178870302,0.26925845423338746,8.3093040303262,33.35455774854372,50.2218642309272
MAR09390,0.0,0.0,0.0,0.0,0.0,0.0,0.0
MAR09396,0.0,0.0,0.0,0.0,0.0,0.0,0.0
MAR09397,-86.09524468231409,42.8983827135817,-183.93631575027462,-149.43255228557717,-91.29489484831504,-1.2270463674923262,-0.04429195395872511
MAR09398,229.48481436921486,304.5171686045808,-516.8012166160531,-331.1721930452786,250.35927297171384,886.580722538857,908.0885309647713
MAR09400,-861.3163694742341,102.29626310942112,-975.5857726935835,-957.6387201990225,-881.3949133359923,-521.6661588040888,-500.1270639916229
MAR09403,270.6485493475768,146.30722517076902,3.867497250153747,25.123596893863795,267.8204709643221,547.9825499154585,584.2602403603657
MAR09404,-145.02985539478843,237.9079598189129,-633.8433186087051,-557.941068510238,-137.0406252529798,312.1324385713296,656.8054198201585
MAR09406,995.8298590028813,3.6481720580609958,983.5278197592448,989.3786479320705,997.1681907769082,999.9033794558428,999.9846615539022
MAR09410,0.0,0.0,0.0,0.0,0.0,0.0,0.0
MAR09411,0.0,0.0,0.0,0.0,0.0,0.0,0.0
MAR09412,0.0,0.0,0.0,0.0,0.0,0.0,0.0
MAR09417,-177.92642235493298,64.05930287762506,-409.5881004544848,-294.0521717585807,-179.23798397290253,-25.1254856791065,-8.13325330529267
MAR09419,0.0,0.0,0.0,0.0,0.0,0.0,0.0
MAR09421,-220.06148546196258,223.24190599560956,-674.1350813861621,-640.3168803356348,-228.88492385986584,177.20105294002403,295.9195170148888
MAR09422,3.6262880032176983,0.006439943920139734,3.621943250753899,3.622146620250114,3.6242503620038033,3.6354974125501145,3.6717627130845627
MAR09423,0.0,0.0,0.0,0.0,0.0,0.0,0.0
MAR09424,-5.98517214535473e-14,1.4210156354307696e-13,-3.7861178613646946e-13,-3.1126902900681617e-13,-5.2359551898053923e-14,1.8092282859816038e-13,2.865040998757007e-13
MAR09425,0.0,0.0,0.0,0.0,0.0,0.0,0.0
MAR09427,-1.2573509665122172e-15,9.703834016449073e-16,-3.56320076583693e-15,-3.231319407830122e-15,-1.3697510558201162e-15,3.517138784566082e-17,6.22616343337311e-16
MAR09429,6.131472655035693e-16,1.4156356569930528e-15,-2.7423860813791765e-15,-2.055361588716655e-15,4.3665236878177687e-16,2.964083561611409e-15,4.6866055122828355e-15
MAR09431,0.0,0.0,0.0,0.0,0.0,0.0,0.0
MAR09435,-122.80564812507751,54.02423121612141,-235.1215252240999,-196.4170502205073,-128.9040049949496,-9.453379792398595,-1.8437128979994062
MAR09436,122.80564812507751,54.02423121612141,1.8437128979994062,9.453379792398593,128.9040049949496,196.4170502205073,235.1215252240999
MAR09437,260.0870831696657,134.85600427311437,2.708706729499559,10.930514622730133,251.56578482174393,578.6759842336902,649.995769926451
MAR09438,-184.7919324932628,76.91904498304592,-362.25400146137736,-302.6507823364965,-182.00844511143146,-28.891738682998607,-21.405220787799898
MAR09439,-987.0997247716409,9.225082896120231,-999.9624150815139,-999.7361136800325,-987.5321872693188,-970.2699829738624,-967.3234518751774
MAR09440,-105.621378172944,262.4701284588997,-481.0534994680379,-288.76969925937135,-143.40602609040604,852.6601739359913,907.4517650758795
MAR09441,-181.5166416182175,149.53646282041203,-572.9806932342735,-516.0771871914277,-160.26011971201484,-2.0432427709700534,-0.053686802899203
MAR09443,0.0,0.0,0.0,0.0,0.0,0.0,0.0
MAR09444,167.84854177146622,53.49238866963134,6.438145509359033,11.057032288812767,172.18006179077952,243.48102522136273,497.31310744839163
MAR09445,75.09143396557717,58.36232022435207,0.11193470593895066,12.122206266177205,54.29383560620684,196.19863978643576,312.6269242208199
MAR09446,0.0,0.0,0.0,0.0,0.0,0.0,0.0
MAR09462,9.152248878588267,7.667873363467283,0.05056247606289242,0.40641242584104886,7.411511840535225,24.505602182469783,43.30087873093403
MAR09463,947.1604132339698,34.092336635067774,851.5611405766072,878.5648777887477,951.7285367183329,995.8414348672372,999.2489850662275
MAR09516,4.597991538073722,4.455207117565415,0.003993247918801988,0.2742604781051343,3.358913499856473,13.496755631004747,26.31557015412867
MAR09517,4.597991538075848,4.455207117565426,0.003993247913138675,0.2742604780990048,3.3589134998629353,13.49675563100253,26.31557015412854
MAR09581,373.51823619302434,179.55858110640048,46.11363792734438,156.7707956615876,372.3558139931142,925.6028941123758,953.5866183389767
MAR09582,373.51823619302354,179.5585811064007,46.113637927344264,156.7707956615862,372.35581399311366,925.6028941123757,953.5866183389767
MAR09583,316.9098790241908,203.3333985350561,36.926848614433254,143.35756808425327,266.3402656629238,958.9601785384251,991.1572254813749
MAR09584,316.9098790241905,203.33339853505618,36.926848614433204,143.35756808425313,266.34026566292323,958.9601785384251,991.1572254813751
MAR09589,-240.89895972478084,236.3871346181799,-984.5024455088235,-939.1715625935344,-154.59210134671946,-52.271766062019,-3.3053472790054457
MAR09605,187.60902120733996,213.53320296445543,11.659687605845354,38.08383992431084,94.0920690915313,910.569090147315,945.7318819112322
MAR09606,127.50017685270431,71.46959634424276,1.3633139766133269,9.246879607902425,124.38243864555652,234.87838194633486,452.3566190053522
MAR09608,0.004657062395754141,8.27050158026696e-06,0.004651482644973413,0.004651743822362626,0.004654445553885972,0.0046688895848384,0.004715463317327438
MAR09618,0.0,0.0,0.0,0.0,0.0,0.0,0.0
MAR09623,91.19238425992528,66.97850177008644,2.537802588701282,10.983902132395311,94.2005892582369,155.57115613572455,446.39101084941115
MAR09624,144.7339861585807,207.31132360466006,1.4837161491146553,13.95750534914043,93.5245533201688,907.7786466491438,945.2228319668677
MAR09628,0.0,0.0,0.0,0.0,0.0,0.0,0.0
MAR09638,0.0,0.0,0.0,0.0,0.0,0.0,0.0
MAR09639,-860.7255813812479,120.64873931346519,-991.8532853898737,-964.0545853016267,-876.4343395252224,-771.9780842697113,-113.67677249993073
MAR09640,0.0,0.0,0.0,0.0,0.0,0.0,0.0
MAR09641,794.1444731028781,201.74218334001432,51.17680642217594,75.86978420710427,859.3335980018893,940.99622268873,981.0897374849985
MAR09650,128.70911128363605,67.99746143251004,0.47702066075907873,4.141562032605587,140.33877563121365,219.920273807117,239.8681160668241
MAR09656,67.28152591896186,30.582108642237973,0.12808657797856532,1.221964634905782,65.42382781687736,117.3553709425899,183.0543760807143
MAR09675,87.5721401722919,42.775480654912556,4.055208952040737,20.444577751882512,86.11130587420206,164.9154257239749,211.27885156242525
MAR09680,-535.6229042858332,135.06494722392696,-951.209768328049,-716.457634983065,-537.3672017391883,-161.7567726122406,-153.22804864637138
MAR09690,-2.1692597279652068e-15,7.778241520519472e-15,-1.776999325821279e-14,-1.6593973934878642e-14,-8.501946453031787e-19,8.70283058497766e-15,9.019795631718344e-15
MAR09691,-0.004657062395754142,8.270501580266869e-06,-0.004715463317327438,-0.004668889584838399,-0.004654445553885973,-0.004651743822362626,-0.004651482644973413
MAR09693,0.0,0.0,0.0,0.0,0.0,0.0,0.0
MAR09702,-0.004657062395756343,8.270501580202445e-06,-0.004715463317329378,-0.004668889584841091,-0.004654445553888531,-0.004651743822365049,-0.004651482644974769
MAR09713,67.28152591896186,30.582108642237973,0.12808657797856532,1.221964634905782,65.42382781687736,117.3553709425899,183.0543760807143
MAR09719,1.537530779508392,1.0251435816343184,0.006677849065798645,0.09104194003026862,1.483481377344487,3.4380868023211635,5.228493964729635
MAR09725,0.0,0.0,0.0,0.0,0.0,0.0,0.0
MAR09726,0.0,0.0,0.0,0.0,0.0,0.0,0.0
MAR09728,-45.69320640471812,0.08114680535995544,-46.2662125482705,-45.80924998457292,-45.6675310142146,-45.641022720862516,-45.63846015430429
MAR09729,-45.69320640471812,0.08114680535995544,-46.2662125482705,-45.80924998457292,-45.6675310142146,-45.641022720862516,-45.63846015430429
MAR09730,0.0,0.0,0.0,0.0,0.0,0.0,0.0
MAR09744,0.0,0.0,0.0,0.0,0.0,0.0,0.0
MAR09768,-1.4363663485357298e-17,2.1628424163426843e-17,-6.079878035906844e-17,-5.462477787658379e-17,-3.8146824556870994e-18,2.860151595527568e-17,2.8765737842067814e-17
MAR09769,-2.0699843407770195e-15,1.8267212914459966e-15,-5.875451900472841e-15,-4.916242190416917e-15,-2.291311163935037e-15,6.78290725870825e-16,1.109571715065311e-15
MAR09771,0.0,0.0,0.0,0.0,0.0,0.0,0.0
MAR09774,1.3214901313197572e-16,1.060311615076447e-16,-9.3753995370333e-18,-3.660912152705385e-19,1.2404505536588776e-16,3.1164937419203176e-16,3.3862514488077425e-16
MAR09783,0.0,0.0,0.0,0.0,0.0,0.0,0.0
MAR09787,0.0,0.0,0.0,0.0,0.0,0.0,0.0
MAR09788,2.782636133046451e-16,3.002775548259837e-15,-4.5521065813951845e-15,-3.627066531250575e-15,-2.392989277433097e-16,5.68710473980507e-15,6.434030666712446e-15
MAR09792,3.5942376153213197e-17,9.219876063336353e-17,-1.6893312121037174e-16,-1.3081713642354037e-16,1.3498398540915482e-17,2.240087696993327e-16,2.2977087558212815e-16
MAR09793,3.895163185103873e-16,5.856935985749568e-16,-1.4052614031612907e-16,-1.3070997998800866e-16,4.614725663314131e-17,1.810425203480951e-15,2.198246917094582e-15
MAR09804,0.0,0.0,0.0,0.0,0.0,0.0,0.0
MAR09809,-1.4087805341575923,1.3497289467720026,-6.850955876511638,-4.71361126507985,-1.1466753689178713,-0.033361885359785855,-0.003073442621164168
MAR09810,-1.5220585398131776,1.4698641531369034,-6.604014366206242,-4.799444556601665,-1.0284210838634662,-0.04632184005931723,-0.0004621683410421058
MAR09812,-1.786199609616958,1.4407892332538672,-5.454661248800304,-4.410062152082923,-1.2987565558700038,-0.0949234546038722,-0.004815529310627847
MAR09814,0.0,0.0,0.0,0.0,0.0,0.0,0.0
MAR09816,0.0,0.0,0.0,0.0,0.0,0.0,0.0
MAR09822,-513.1252390543631,152.27971331356216,-992.9450488267779,-967.2648938581987,-488.64439393821834,-386.97104776990386,-72.6522746165191
MAR09824,0.6115712832609843,0.0010860926555471967,0.6108385433803692,0.6108728415226955,0.6112276363003598,0.6131244445868859,0.6192405656355496
MAR09825,0.0,0.0,0.0,0.0,0.0,0.0,0.0
MAR09826,2.7474778274788387e-14,3.2860990099497174e-14,-7.127849010667822e-15,-4.152314143637867e-15,1.705421063042448e-14,8.837657198628999e-14,1.2985489379180783e-13
MAR09827,513.1252390543548,152.27971331356366,72.65227461651651,386.97104776989846,488.6443939382138,967.2648938581976,992.9450488267778
MAR09828,-128.64285099883847,185.84775960755127,-548.61132473208,-475.15503573516537,-85.14477868562514,105.40337723855804,349.47511521917977
MAR09830,-532.6863279854323,181.30771044031613,-922.7269560530494,-911.9615128211879,-527.5664338303566,-248.61853151760783,75.79922712427452
MAR09831,-715.73354604999,337.1080014756988,-987.1523592972817,-958.1440035146163,-815.3211416293326,471.1222525679994,536.9299773952567
MAR09832,-91.30876264610947,47.17531623513754,-179.31575131246942,-165.4629804261109,-85.9736730292453,-6.354690165673906,-1.9559495905111828
MAR09833,0.0,0.0,0.0,0.0,0.0,0.0,0.0
MAR09837,-94.88042620428686,262.4697981163051,-470.3137128636118,-278.0371514940844,-132.66163571584428,863.4047750005171,918.1824017052032
MAR09838,-342.74974438138247,111.87399357488378,-596.7876884545968,-575.0086301918944,-343.4056348889545,-169.7271076605424,-29.611860876636857
MAR09843,0.0,0.0,0.0,0.0,0.0,0.0,0.0
MAR09845,513.1252390543553,152.27971331356284,72.65227461651611,386.97104776989727,488.6443939382116,967.2648938581978,992.9450488267776
MAR09847,-0.6115712832609842,0.0010860926555472039,-0.6192405656355497,-0.613124444586886,-0.61122763630036,-0.6108728415226953,-0.6108385433803697
MAR09848,-2.7474778274788387e-14,3.2860990099497174e-14,-1.2985489379180783e-13,-8.837657198628999e-14,-1.705421063042448e-14,4.152314143637864e-15,7.127849010667822e-15
MAR09849,-513.1252390543548,152.27971331356366,-992.9450488267778,-967.2648938581976,-488.6443939382138,-386.9710477698985,-72.65227461651651
MAR09851,170.12513051004635,65.08170895542366,7.490907300368913,23.596324324321245,171.01719110030524,297.5529708706859,373.4256155894864
MAR09853,124.83659713431733,346.8634577125107,-894.5441431362077,-836.1180205335532,185.81050866031262,488.8352650577895,907.8334081664372
MAR09854,715.7335460499909,337.1080014756993,-536.929977395257,-471.1222525679994,815.3211416293311,958.1440035146162,987.1523592972819
MAR09855,240.89895972478232,236.38713461817972,3.305347279004621,52.27176606201949,154.59210134672065,939.171562593535,984.5024455088222
MAR09856,91.30876264610947,47.17531623513754,1.9559495905111828,6.354690165673901,85.97367302924532,165.46298042611087,179.31575131246942
MAR09857,-240.89895972478286,236.38713461817966,-984.5024455088225,-939.171562593535,-154.59210134672088,-52.271766062020255,-3.3053472790045713
MAR09858,-674.1259967444818,142.346439619808,-943.9453324114905,-848.703341357122,-704.080790082789,-408.0065737342335,-328.82579909720647
MAR09864,94.88042620428575,262.4697981163049,-918.1824017052043,-863.40477500052,132.66163571584374,278.03715149407907,470.3137128636116
MAR09873,0.0,0.0,0.0,0.0,0.0,0.0,0.0
MAR09884,377.3079536793515,176.9716782730198,-77.51876101807306,10.954800467138638,376.48380818771653,637.1965059668382,679.1777358466261
MAR09885,-384.6787591918478,194.69662184507385,-776.5777978856739,-733.5734191630168,-399.18072657945623,-17.295221312654046,145.0857316903365
MAR09886,-835.1827031872986,123.70526191415705,-972.7033233751011,-954.7976032546828,-861.6181753533026,-674.8382386888319,-113.87877675107227
MAR09890,31.51107286617944,212.3294508832093,-465.9329507605844,-400.6529996283769,33.62691085014137,268.5467596214415,878.0394461981965
MAR09894,0.00615094094823187,0.003943560740568734,3.837362408243327e-06,1.217318093033748e-05,0.00649599669004554,0.01300354003441483,0.013210546892457282
MAR09902,-510.0138854427861,178.246462155545,-978.2853806746047,-954.1986030723402,-520.9129041057471,-238.05316235559323,-48.15594613279052
MAR09911,1.7998920018947508,1.405877111603251,0.0020364971681185074,0.01510679496549361,1.5874692264989552,4.359972794571321,6.535438273480823
MAR09913,14.573881016313699,21.755396407197328,0.0356070636688378,0.4432548716518607,9.142448714132962,79.58338888977522,91.09913828721423
MAR09919,1.7998920018947508,1.405877111603251,0.0020364971681185074,0.01510679496549361,1.5874692264989552,4.359972794571321,6.535438273480823
MAR09920,844.5267877712939,103.94461709748565,525.4176982770144,561.8168743431642,865.0618527080842,991.9784866557526,998.2826488522911
MAR09921,14.573881016313699,21.755396407197324,0.03560706366883891,0.44325487165186084,9.142448714132975,79.58338888977522,91.09913828721425
MAR09922,104.77876300355473,83.39908050610188,4.443408670491231,26.96843961781143,88.14343508840815,390.7903195143641,400.5206384205932
MAR09923,235.602299938219,150.45868391231528,-0.4691258488643726,3.285230195844464,197.17601864812394,566.9076918343462,657.117829906371
MAR09924,-483.293780181361,164.4696840261134,-965.9035854741875,-935.2756062183747,-443.11085493429937,-267.38264385458615,-193.94679424817443
MAR09927,-856.4683976835172,87.47330296750768,-999.5597814028569,-996.4485788763329,-871.8000333991525,-719.2132402549189,-691.4092027513243
MAR09928,291.42550391253167,312.60392593844836,-507.34427924037243,-452.5274182043517,378.560289048731,737.307888433281,787.2510177057451
MAR09929,0.0,0.0,0.0,0.0,0.0,0.0,0.0
MAR09934,-216.99178935177662,197.94379381340536,-906.7928851414899,-873.5929376297703,-183.30775776416445,-25.841369137351712,265.5458269426319
MAR09935,0.0,0.0,0.0,0.0,0.0,0.0,0.0
MAR09936,208.44585400780466,205.1723715947656,11.306720411434469,43.2958079184322,157.27619117119895,931.1995646022315,954.1315877460102
MAR09942,0.0,0.0,0.0,0.0,0.0,0.0,0.0
MAR09943,0.0,0.0,0.0,0.0,0.0,0.0,0.0
MAR09944,-1.4360490432277317e-17,2.1630472501497293e-17,-6.080198096250908e-17,-5.46233140618103e-17,-3.795991275989676e-18,2.8595828309622564e-17,2.8760115862891744e-17
MAR09945,1.3214901313197572e-16,1.060311615076447e-16,-9.3753995370333e-18,-3.6609121527053886e-19,1.2404505536588776e-16,3.1164937419203176e-16,3.3862514488077425e-16
MAR09946,0.0,0.0,0.0,0.0,0.0,0.0,0.0
MAR09947,0.0,0.0,0.0,0.0,0.0,0.0,0.0
MAR09952,-593.6047703738584,142.8638184788221,-912.7150439741829,-893.3346341454397,-591.4863613160744,-409.1230870592738,-63.9611254901375
MAR09957,0.0,0.0,0.0,0.0,0.0,0.0,0.0
MAR09959,330.87672103306267,321.3948721248437,-893.6177462175491,-834.2144012818346,395.2296187550422,569.0178095506517,936.3786302505026
MAR09960,-208.44585400780448,205.17237159476565,-954.1315877460102,-931.1995646022314,-157.27619117119875,-43.295807918431834,-11.30672041143437
MAR09967,0.0,0.0,0.0,0.0,0.0,0.0,0.0
MAR09968,0.0,0.0,0.0,0.0,0.0,0.0,0.0
MAR09972,0.0,0.0,0.0,0.0,0.0,0.0,0.0
MAR09973,0.0,0.0,0.0,0.0,0.0,0.0,0.0
MAR09976,-472.29197443269766,165.6792650527779,-955.0946007819654,-936.8793432650999,-456.22844684857625,-267.0962536327125,-226.1564275285275
MAR09978,0.0,0.0,0.0,0.0,0.0,0.0,0.0
MAR09979,460.73184006809413,232.52048971664988,-236.33614088170668,125.09435254190923,460.01956380134726,894.3647379190098,941.9133704376225
MAR09980,-460.731840068094,232.52048971665462,-941.9133704376228,-894.3647379190086,-460.01956380136113,-125.0943525419093,236.33614088171208
MAR09981,767.0028134220976,135.46797724687474,393.7603037715868,441.07994011469606,764.640039610408,993.0864770284497,999.5355780032158
MAR09982,-767.0028134220976,135.46797724687463,-999.535578003215,-993.0864770284492,-764.6400396104086,-441.07994011469594,-393.7603037715868
MAR09983,694.2386934493215,136.244168922452,304.63647358284487,400.0741709685498,686.3557706746267,987.0606372339373,997.0111417270317
MAR09987,0.0,0.0,0.0,0.0,0.0,0.0,0.0
MAR09989,0.0,0.0,0.0,0.0,0.0,0.0,0.0
MAR09990,499.50425409377834,165.51925869672,32.25436406858341,301.4957270014104,448.8192048571299,943.8734241292739,957.3212431800016
MAR09991,120.32802468971023,54.94693213519839,0.28277091220190087,4.811866051346866,122.39040568524956,209.4668963127253,241.58271840724214
MAR09992,619.8322787834929,146.1580627938178,192.33393104316696,397.6899844477749,595.4695175179131,946.0235220618212,958.4305041200391
MAR09996,593.604770373858,142.86381847882214,63.9611254901375,409.1230870592728,591.486361316073,893.3346341454396,912.7150439741829
MAR10002,0.0,0.0,0.0,0.0,0.0,0.0,0.0
MAR10004,2.856522690187122,2.7868313851668525,0.01049029497992765,0.0767017205689383,1.9735458659529264,8.617379260764624,13.836937084757535
MAR10011,-97.02683671684649,44.47323810154645,-217.1740309798255,-158.5468430051283,-101.83539974549848,-3.6544353357416868,-0.1668258845713808
MAR10012,-1.9900112509240673e-15,1.4120467060864663e-15,-4.235836774910396e-15,-4.190386512969825e-15,-1.71463416771935e-15,-4.020525049297852e-18,2.2026289724070987e-18
MAR10013,-2.6778485657985404e-13,5.048798881573563e-13,-1.781735403843073e-12,-1.678653308761927e-12,-7.152719505028569e-14,2.211457052035238e-13,3.6602453534929586e-13
MAR10017,0.0,0.0,0.0,0.0,0.0,0.0,0.0
MAR10019,0.0,0.0,0.0,0.0,0.0,0.0,0.0
MAR10021,-4.0863651027559885e-14,8.336501400788172e-14,-2.5114543806504103e-13,-1.259263986179495e-13,-4.4096126825819644e-14,7.60957364329441e-14,2.9828421390513497e-13
MAR10023,112.48942984913408,0.19977056957155276,112.35465326022747,112.36096189281848,112.42622110835654,112.77511074488753,113.90008012868216
MAR10024,112.48942984913408,0.19977056957155276,112.35465326022747,112.36096189281848,112.42622110835654,112.77511074488753,113.90008012868216
MAR10027,0.0,0.0,0.0,0.0,0.0,0.0,0.0
MAR10029,0.0,0.0,0.0,0.0,0.0,0.0,0.0
MAR10030,0.0,0.0,0.0,0.0,0.0,0.0,0.0
MAR10031,0.0,0.0,0.0,0.0,0.0,0.0,0.0
MAR10033,-882.448205750999,108.32222983851618,-996.4928509501833,-988.2731983290248,-927.0838950234959,-646.3484731600737,-550.9886890652765
MAR10036,543.7413202156646,169.66922426505687,35.76832644667458,57.9304012814804,566.5537461845317,797.7270574658492,823.6922422580413
MAR10037,0.0,0.0,0.0,0.0,0.0,0.0,0.0
MAR10046,0.6470098144638959,0.17583322065345336,0.3263915165872921,0.3654888442899416,0.6321097533732245,1.0346679949501347,1.0471240156860766
MAR10047,0.6470098144638987,0.17583322065345344,0.3263915165872886,0.36548884428994244,0.6321097533732332,1.034667994950135,1.0471240156860764
MAR10050,0.0,0.0,0.0,0.0,0.0,0.0,0.0
MAR10060,0.0,0.0,0.0,0.0,0.0,0.0,0.0
MAR10062,600.4123318197506,1.066275415088687,599.6929617764575,599.7266341029135,600.0749551658482,601.9371536008382,607.9416776868405
MAR10063,24.88266188262819,0.044189249989253186,24.852849301162017,24.854244770691164,24.868680109168178,24.94585449676874,25.194697724464408
MAR10064,54.388639332056286,0.09658907038783854,54.32347485131986,54.32652507517764,54.35807790589037,54.52676604515317,55.070688742217705
MAR10065,0.13498731581896053,0.0002397246834859539,0.13482558391227287,0.1348331542713803,0.1349114653300282,0.1353301328938654,0.13668009615441876
MAR10069,1.460013532497569,1.248370922753101,0.0024534053414468834,0.04648078752204559,1.0579098966192735,4.115338609530535,6.058385923595264
MAR10082,1.484765516325205,1.6312463913165953,0.003514395780083404,0.02540159417161731,0.8885916373517334,4.530405389936015,11.078435329039287
MAR10103,0.7017534013768832,1.1320248588372246,0.0020447294222247195,0.002349902913010204,0.21177290216458602,3.5886162236901487,5.41884622462806
MAR10110,4.198113601830468,4.279772493343345,0.0001442374138852908,0.0014719360204833217,1.4660631499868886,9.9796854274968,10.942533555391
MAR10118,1.4847655163264826,1.631246391317126,0.0035143957800894444,0.025401594171616432,0.8885916373558229,4.530405389939089,11.0784353290403
MAR10119,0.7017534013768844,1.1320248588372253,0.0020447294222246805,0.0023499029130101662,0.21177290216458702,3.5886162236901504,5.418846224628063
MAR10120,4.198113601830464,4.279772493343342,0.00014423741388322302,0.0014719360204832137,1.4660631499868868,9.979685427496788,10.942533555390987
MAR10125,1.4895953186800392,1.0478204790125505,0.003121005072559233,0.013199414696136166,1.6553653051865713,3.2214004273045593,3.545166374524913
MAR10127,1.489595318679454,1.0478204790120935,0.0031210050725594117,0.0131994146944907,1.6553653051827109,3.221400427301055,3.545166374530802
MAR10134,-454.529930681668,201.81586283106867,-948.754756998039,-925.28106618421,-468.2544459407635,-86.73995833136257,-38.23432526617364
MAR10136,-57.263616128273675,95.62414907782907,-214.9081435908015,-183.70816894072155,-61.393803396870936,112.71712221229517,170.7722438645916
MAR10137,-550.3254831167559,267.3371928273177,-871.3432704546606,-818.1619223902428,-594.8115171333784,378.1715244706013,434.7697808047785
MAR10138,444.49418280128555,272.0291918954753,-260.49793713412157,-181.81738135510173,452.27494837757826,964.2432739074259,988.8798754179427
MAR10139,0.0,0.0,0.0,0.0,0.0,0.0,0.0
MAR10142,475.08444924655356,137.6104030883866,56.9893573400732,283.8233780397077,478.3115211051063,732.7761791086755,752.9637125204258
MAR10143,90.87970879122199,116.6365605610825,0.06388116702939214,1.5505126035847718,82.45823965995498,122.58233719714788,873.1109854672537
MAR10145,90.87970879122199,116.6365605610825,0.06388116702939214,1.5505126035847718,82.45823965995498,122.58233719714788,873.1109854672537
MAR10149,0.0,0.0,0.0,0.0,0.0,0.0,0.0
MAR10152,-1.5191471735821798,63.95120475529728,-195.93225754589184,-127.82984398890063,1.7010926617296604,100.95490738046094,165.7091030896607
MAR10153,0.0,0.0,0.0,0.0,0.0,0.0,0.0
MAR10160,0.0,0.0,0.0,0.0,0.0,0.0,0.0
MAR10162,0.0,0.0,0.0,0.0,0.0,0.0,0.0
MAR10168,-170.55358243527454,175.07045267404212,-906.9656765799249,-441.76458412568974,-160.0964904533978,168.65610387262907,315.2482776676823
MAR10169,0.0,0.0,0.0,0.0,0.0,0.0,0.0
MAR10179,95.0307492072457,314.1253412173388,-895.8378602107077,-368.16546568032334,60.64325810524039,855.0019691883142,898.4523100383026
MAR10180,0.0,0.0,0.0,0.0,0.0,0.0,0.0
MAR10183,0.0,0.0,0.0,0.0,0.0,0.0,0.0
MAR10184,0.0,0.0,0.0,0.0,0.0,0.0,0.0
MAR10186,0.0,0.0,0.0,0.0,0.0,0.0,0.0
MAR10190,0.0,0.0,0.0,0.0,0.0,0.0,0.0
MAR10192,4.9024806022226416e-14,1.902297753896596e-13,-3.324495946137631e-14,-2.992788030993173e-14,2.776952365163505e-15,7.741834905107311e-13,8.079216116716337e-13
MAR10193,694.2386934493198,136.24416892245137,304.63647358284436,400.0741709685487,686.3557706746268,987.0606372339358,997.0111417270341
MAR10194,0.0,0.0,0.0,0.0,0.0,0.0,0.0
MAR10195,0.0,0.0,0.0,0.0,0.0,0.0,0.0
MAR10197,593.604770373858,142.86381847882214,63.9611254901375,409.1230870592728,591.486361316073,893.3346341454396,912.7150439741829
MAR10202,2.8565226901871252,2.7868313851668525,0.01049029497993098,0.07670172056893897,1.9735458659529255,8.617379260764626,13.836937084757539
MAR10207,0.0,0.0,0.0,0.0,0.0,0.0,0.0
MAR10208,0.0,0.0,0.0,0.0,0.0,0.0,0.0
MAR10210,-454.52993068166614,201.81586283106904,-948.7547569980393,-925.281066184209,-468.25444594076237,-86.73995833135972,-38.23432526617357
MAR10211,-57.26361612827245,95.62414907782703,-214.90814359080204,-183.70816894072203,-61.39380339686894,112.71712221229326,170.77224386459233
MAR10212,-550.3254831167516,267.33719282731676,-871.3432704546636,-818.1619223902411,-594.8115171333679,378.1715244706007,434.7697808047784
MAR10214,475.08444924655356,137.6104030883866,56.9893573400732,283.8233780397077,478.3115211051063,732.7761791086755,752.9637125204258
MAR10215,0.0,0.0,0.0,0.0,0.0,0.0,0.0
MAR10216,0.0,0.0,0.0,0.0,0.0,0.0,0.0
MAR10218,0.0,0.0,0.0,0.0,0.0,0.0,0.0
MAR10219,-1.5191471735819706,63.95120475529862,-195.9322575458954,-127.82984398890495,1.7010926617294615,100.95490738046526,165.70910308966492
MAR10223,0.0,0.0,0.0,0.0,0.0,0.0,0.0
MAR10225,0.0,0.0,0.0,0.0,0.0,0.0,0.0
MAR10227,0.0,0.0,0.0,0.0,0.0,0.0,0.0
MAR10229,-170.55358243527482,175.07045267404214,-906.9656765799216,-441.76458412569025,-160.09649045339944,168.6561038726296,315.2482776676824
MAR10230,0.0,0.0,0.0,0.0,0.0,0.0,0.0
MAR10234,-135.73120144107654,104.87889349566588,-489.66814618359416,-471.50797366015394,-120.47352613347198,-23.755068539723,-0.914684874843686
MAR10242,-475.90764435512534,198.96850171412962,-988.2464509940097,-960.4295025526601,-451.3286807997987,-178.93244894063213,-106.83287359758452
MAR10243,-650.3828158888068,147.96140440897935,-834.5219029828559,-780.1971471220272,-705.7959205701047,-281.04097327920704,-226.44569457513703
MAR10250,-1.2835718882054972,0.0022795020652856975,-1.29966825430793,-1.286831678651645,-1.2828506385097098,-1.282105991746708,-1.282034006431231
MAR10255,-91.30876264610899,47.17531623513748,-179.31575131246956,-165.46298042610968,-85.97367302924484,-6.354690165673911,-1.9559495905111806
MAR10256,-173.89573451561807,92.27837987997455,-497.84575094329415,-484.1679722563691,-164.2075387787864,-77.35200388200238,-22.609035084156748
MAR10262,-128.8250452478689,53.21166819277933,-239.08844410321345,-200.4890029996584,-135.6033988280727,-10.739344379723837,-1.8931915779415123
MAR10263,-2.92752018863152,0.6754481942485269,-3.533608404831498,-3.4546282427245187,-3.2089960975402496,-0.9703251091379304,-0.8497147247342469
MAR10264,0.0,0.0,0.0,0.0,0.0,0.0,0.0
MAR10345,9.67199761420214,8.915094077798738,-3.091984957126508,0.013417010970643796,7.301137038421416,26.496531656834787,41.83183812479918
MAR10346,-7.251712722587643e-14,6.376131147948596e-14,-1.9685226823212876e-13,-1.8799921226298396e-13,-7.287776779160984e-14,3.195832250069874e-16,2.3648343342507212e-14
MAR10348,15.432774997484536,11.664501881492598,0.05353642009580555,0.38992162478521786,12.372092834736122,38.79868163354013,46.894572552077506
MAR10349,1.4360490432277317e-17,2.1630472501497287e-17,-2.876011586289173e-17,-2.859582830962255e-17,3.795991275989676e-18,5.462331406181029e-17,6.080198096250907e-17
MAR10350,0.0,0.0,0.0,0.0,0.0,0.0,0.0
MAR10351,0.0,0.0,0.0,0.0,0.0,0.0,0.0
MAR10352,0.0,0.0,0.0,0.0,0.0,0.0,0.0
MAR10353,1.3621022217508895e-17,1.1281763594937086e-17,-1.1286070314540684e-17,-1.6156517003400708e-19,1.2724363673471132e-17,3.050980779875352e-17,3.414295928854998e-17
MAR10354,0.0,0.0,0.0,0.0,0.0,0.0,0.0
MAR10355,-475.9076443551254,198.96850171412962,-988.2464509940097,-960.4295025526601,-451.3286807997987,-178.93244894063213,-106.83287359758451
MAR10360,26.50817886482551,14.404333257516118,0.22398786959152517,2.0435018275389623,26.715382074880566,49.73391117338123,70.86873949220711
MAR10363,-65.77476132843368,107.3380761737193,-268.564000921863,-238.72766371780557,-78.48030703019919,112.38718696940643,206.44025907096093
MAR10364,377.30795367935406,176.97167827301996,-77.5187610180717,10.95480046713742,376.48380818772296,637.1965059668379,679.1777358466272
MAR10366,-961.9160082397226,119.03513378511236,-999.9867113412687,-999.7108183588391,-996.0061537111819,-506.98402250672984,-484.5380694279986
MAR10370,0.0,0.0,0.0,0.0,0.0,0.0,0.0
MAR10373,-401.93824442495594,152.6487057567543,-940.4050833267074,-672.1924640454969,-388.04917517541026,-69.840269265229,-50.369158528065334
MAR10375,-1.2835718882054972,0.0022795020652856975,-1.29966825430793,-1.286831678651645,-1.2828506385097098,-1.282105991746708,-1.282034006431231
MAR10376,29.84852646132684,15.567938837291166,2.005091365082351,3.036686192946387,30.68048506594984,54.772985693828375,58.8787940379634
MAR10383,-330.8767210330629,321.39487212484374,-936.3786302505029,-569.0178095506521,-395.2296187550427,834.2144012818344,893.6177462175489
MAR10384,-91.30876264610899,47.17531623513748,-179.31575131246956,-165.46298042610968,-85.97367302924484,-6.354690165673911,-1.9559495905111806
MAR10385,91.30876264610902,47.175316235137494,1.9559495905111803,6.354690165673904,85.97367302924486,165.46298042610965,179.31575131246962
MAR10387,-173.89573451561807,92.27837987997455,-497.84575094329415,-484.1679722563691,-164.2075387787864,-77.35200388200238,-22.609035084156748
MAR10388,-128.82504524786864,53.211668192779726,-239.08844410321376,-200.4890029996586,-135.60339882807094,-10.739344379723686,-1.893191577941458
MAR10389,2.927520188631518,0.6754481942485263,0.8497147247342469,0.9703251091379304,3.208996097540248,3.454628242724516,3.5336084048314977
MAR10390,0.0,0.0,0.0,0.0,0.0,0.0,0.0
MAR10392,61.134963413344714,263.6134082996303,-394.7963096145424,-326.8727605955953,14.157798634052611,923.9842265224694,953.5868616934646
MAR10393,0.0,0.0,0.0,0.0,0.0,0.0,0.0
MAR10395,216.99178935177687,197.94379381340525,-265.5458269426219,25.841369137351766,183.3077577641647,873.5929376297689,906.7928851414921
MAR10396,607.1378146874448,109.16809079810025,380.71897714749997,424.2973916486787,595.1641199106435,768.3422425705448,957.4872569160071
MAR10406,0.0,0.0,0.0,0.0,0.0,0.0,0.0
MAR10426,401.9382444249552,152.64870575675417,50.369158528065356,69.84026926522898,388.0491751754096,672.1924640454965,940.4050833267074
MAR10427,-472.2919744326989,165.67926505277836,-955.0946007819651,-936.8793432650986,-456.2284468485778,-267.0962536327141,-226.1564275285289
MAR10429,-619.8322787834929,146.15806279381786,-958.4305041200392,-946.0235220618213,-595.469517517912,-397.6899844477755,-192.33393104316679
MAR10432,-1.7671897335322928,1.3237194759713022,-4.7458974897774455,-4.204762963643293,-1.4005388733712154,-0.03281005564309024,-0.008300696123868488
MAR10434,-2.730818617188641,2.454836788306236,-8.301595914466171,-7.3396471634867515,-2.0388470898400106,-0.12592063343588206,-0.0253881457994524
MAR10436,26.508178864823876,14.404333257515594,0.2239878695915366,2.043501827538997,26.71538207488087,49.73391117338111,70.86873949220264
MAR10438,61.13496341334349,263.61340829963035,-394.7963096145428,-326.87276059559764,14.157798634052185,923.9842265224672,953.5868616934648
MAR10439,0.0,0.0,0.0,0.0,0.0,0.0,0.0
MAR10440,-208.44585400780417,205.1723715947657,-954.1315877460099,-931.1995646022312,-157.27619117119863,-43.29580791843196,-11.306720411434156
MAR10441,607.1378146874448,109.16809079810025,380.71897714749997,424.2973916486787,595.1641199106435,768.3422425705448,957.4872569160071
MAR10442,-3.2377548117900985,2.2682805777308905,-9.197536638503523,-7.524734511199236,-3.176752277128772,-0.24611409560959688,-0.010469365407365084
MAR10445,-4.859557141670511e-14,6.519045782454213e-14,-1.7422520623393924e-13,-1.4552600403916665e-13,-5.162107498575693e-14,6.486896082989186e-14,1.4835829385032653e-13
MAR10446,5.72741859735868e-14,6.609547315201704e-14,-1.4535341028456594e-13,-6.142720060953304e-14,6.050326188895704e-14,1.5452357597937874e-13,1.8968483463442545e-13
MAR10448,0.0,0.0,0.0,0.0,0.0,0.0,0.0
MAR10450,-7.83367889218685e-16,1.5718992032294306e-15,-3.95578289361932e-15,-3.689030389092272e-15,-6.531315857411507e-16,1.1678689258134582e-15,4.105636117043272e-15
MAR10470,401.93824442495185,152.64870575675386,50.369158528065235,69.84026926522903,388.04917517541094,672.1924640454963,940.4050833267071
MAR10473,-401.93824442495395,152.6487057567541,-940.4050833267071,-672.1924640454969,-388.0491751754113,-69.840269265229,-50.36915852806532
MAR10475,350.1465686242465,188.75110702139025,38.21154013371211,119.9402043522862,325.81062478903124,909.2118199224079,946.4670087685203
MAR10483,-28.892658689810073,252.8206553080517,-271.8748113287553,-204.28687859803674,-103.41040493186529,904.6489164473769,926.119327227133
MAR10485,-195.95206983539725,85.88811174938883,-498.069266178577,-358.42568458284734,-178.4272705331762,-62.9172369787631,-52.86958421718613
MAR10488,0.0,0.0,0.0,0.0,0.0,0.0,0.0
MAR10489,-46.77579523864058,24.678888620747887,-108.59720440135112,-87.57650865866088,-46.845382293445795,-3.900814850239686,-0.0351592617797678
MAR10492,-28.89265868980367,252.82065530805002,-271.8748113287466,-204.28687859802886,-103.41040493185528,904.6489164473795,926.1193272271342
MAR10496,-46.77579523864121,24.678888620748005,-108.59720440135425,-87.57650865866451,-46.84538229344585,-3.9008148502392057,-0.0351592617798517
MAR11227,0.0,0.0,0.0,0.0,0.0,0.0,0.0
MAR11228,0.0,0.0,0.0,0.0,0.0,0.0,0.0
MAR11229,-1.4360490432277317e-17,2.1630472501497287e-17,-6.080198096250907e-17,-5.462331406181029e-17,-3.795991275989676e-18,2.859582830962255e-17,2.876011586289173e-17
MAR11230,1.3214901313197601e-16,1.0603116150764512e-16,-9.37539953703328e-18,-3.660912152705392e-19,1.2404505536588687e-16,3.1164937419203284e-16,3.3862514488077613e-16
MAR11231,0.0,0.0,0.0,0.0,0.0,0.0,0.0
MAR11232,0.0,0.0,0.0,0.0,0.0,0.0,0.0
MAR11238,-87.75142638304982,58.88283425834713,-298.0074191253168,-251.70759850066977,-65.27702127549452,-46.137925905492864,-37.38778599287134
MAR11246,-21.356356832000113,21.416244959948166,-206.50369854352826,-76.80255852500594,-16.688197624923177,-1.2415269526255055,-0.01895166216737626
MAR11250,-844.5267877712948,103.94461709748649,-998.282648852292,-991.9784866557543,-865.0618527080849,-561.8168743431637,-525.4176982770139
MAR11255,4.095073172733803,3.136810433154323,0.0200793184773343,0.2561104815960508,3.5864823234825405,9.658372446345838,24.025580847587776
MAR11256,758.3582915116729,96.64697554337904,561.6664352402122,595.2614168671239,742.286785789385,985.6618068327532,988.3272266911388
MAR11257,410.41852215498596,177.86402821437767,1.2263875006264913,12.921989214623833,419.06411861111474,677.3505048775368,712.5170521568872
MAR11258,0.0,0.0,0.0,0.0,0.0,0.0,0.0
MAR11259,0.0,0.0,0.0,0.0,0.0,0.0,0.0
MAR11261,-31.13209834953249,15.56804299999798,-60.16114701900001,-56.056061613158384,-31.96322835932829,-4.320680959105706,-3.287216736064488
MAR11262,0.0,0.0,0.0,0.0,0.0,0.0,0.0
MAR11264,0.0,0.0,0.0,0.0,0.0,0.0,0.0
MAR11265,0.0,0.0,0.0,0.0,0.0,0.0,0.0
MAR11266,16.978987684109146,24.919975758355395,-6.576230410425624,-1.9792169027948963,8.938799295613178,69.59567757978022,152.05615381697612
MAR11272,-104.77876300355474,83.39908050610188,-400.5206384205932,-390.7903195143641,-88.14343508840813,-26.96843961781148,-4.443408670491228
MAR11274,-235.60229993822176,150.45868391231622,-657.117829906372,-566.9076918343452,-197.17601864812485,-3.28523019584464,0.4691258488642802
MAR11276,0.0,0.0,0.0,0.0,0.0,0.0,0.0
MAR11277,483.2937801813606,164.46968402611355,193.94679424817443,267.3826438545861,443.11085493429937,935.2756062183747,965.9035854741875
MAR11280,-9.67199761420214,8.91509407779874,-41.83183812479918,-26.496531656834783,-7.30113703842141,-0.013417010970644393,3.091984957126505
MAR11282,0.0,0.0,0.0,0.0,0.0,0.0,0.0
MAR11283,0.0,0.0,0.0,0.0,0.0,0.0,0.0
MAR11284,-1.4360490432277317e-17,2.1630472501497287e-17,-6.080198096250907e-17,-5.462331406181029e-17,-3.795991275989676e-18,2.859582830962255e-17,2.876011586289173e-17
MAR11285,1.3214901313197601e-16,1.0603116150764512e-16,-9.375399537033283e-18,-3.660912152705392e-19,1.2404505536588687e-16,3.1164937419203284e-16,3.3862514488077613e-16
MAR11286,0.0,0.0,0.0,0.0,0.0,0.0,0.0
MAR11287,0.0,0.0,0.0,0.0,0.0,0.0,0.0
MAR11299,-262.47620558947665,225.98058735169747,-944.8362571207813,-906.0252888674538,-196.1468902369086,-58.471356823100095,-25.206095903181435
MAR11300,262.47620558947955,225.98058735169678,25.20609590318149,58.471356823102305,196.1468902369156,906.0252888674543,944.8362571207812
MAR11301,262.47620558947966,225.9805873516968,25.206095903181513,58.47135682310233,196.14689023691565,906.0252888674543,944.8362571207813
MAR11304,2.1944335397323753,2.389558044146531,0.0006043905195305756,0.03694422556649793,1.3514337297305565,7.38102495741337,12.344716352949781
MAR11313,-124.8365971343173,346.8634577125107,-907.8334081664372,-488.8352650577895,-185.81050866031262,836.1180205335532,894.5441431362077
MAR11316,0.004657062395754142,8.270501580266686e-06,0.004651482644973416,0.0046517438223626275,0.004654445553885974,0.004668889584838398,0.004715463317327437
MAR11317,69.76578247662408,229.56867743619043,-875.438762114304,-321.1602523880698,75.2658603005844,464.9717466790918,534.7588702789981
MAR11318,-305.18788481783906,289.6376153538054,-901.6672204258418,-868.1748369226065,-342.8436411426386,106.76556280801587,860.8619861049165
MAR11319,0.0,0.0,0.0,0.0,0.0,0.0,0.0
MAR11321,-133.29371096992037,269.87728162674154,-472.2933271155326,-320.6014718068504,-179.06107889422768,859.8470534710369,916.4283155590938
MAR11322,0.0,0.0,0.0,0.0,0.0,0.0,0.0
MAR11323,0.0,0.0,0.0,0.0,0.0,0.0,0.0
MAR11347,0.0,0.0,0.0,0.0,0.0,0.0,0.0
MAR11348,0.0,0.0,0.0,0.0,0.0,0.0,0.0
MAR11349,-856.4683976835208,87.47330296750636,-999.5597814028567,-996.4485788763336,-871.800033399159,-719.2132402549216,-691.4092027513268
MAR11350,291.42550391253474,312.60392593844966,-507.3442792403734,-452.5274182043543,378.5602890487336,737.3078884332824,787.2510177057511
MAR11351,0.0,0.0,0.0,0.0,0.0,0.0,0.0
MAR11354,0.0,0.0,0.0,0.0,0.0,0.0,0.0
MAR11359,0.0,0.0,0.0,0.0,0.0,0.0,0.0
MAR11366,-239.4664071023819,247.05000901224395,-945.4436815649574,-528.8325268749219,-283.966651124692,265.6330372121293,308.8126491276253
MAR11370,173.8957345156181,92.27837987997455,22.60903508415674,77.35200388200244,164.2075387787864,484.16797225636907,497.84575094329415
MAR11371,-0.5100945685938836,0.0009058796247794809,-0.516491303351523,-0.5113900171837693,-0.5098079422379558,-0.5095120177991712,-0.5094834106738301
MAR11375,0.0,0.0,0.0,0.0,0.0,0.0,0.0
MAR11378,0.0,0.0,0.0,0.0,0.0,0.0,0.0
MAR11381,282.42254525124787,106.09553467847432,41.085216307753264,117.84285003849735,270.9846414264242,501.0580832020497,542.4466508325576
MAR11382,282.42254525124775,106.09553467847432,41.08521630775336,117.8428500384973,270.984641426424,501.0580832020497,542.4466508325576
MAR11384,-116.05521295918612,124.9755713332095,-490.3474470853518,-463.4364365132853,-79.22080697183225,-12.9874871170693,-2.774497055817831
MAR11385,-116.05521295918612,124.9755713332095,-490.3474470853518,-463.4364365132853,-79.22080697183225,-12.9874871170693,-2.774497055817831
MAR11389,0.0,0.0,0.0,0.0,0.0,0.0,0.0
MAR11393,0.0,0.0,0.0,0.0,0.0,0.0,0.0
MAR11400,128.64285099883486,185.84775960755402,-349.47511521917966,-105.40337723856247,85.14477868562273,475.1550357351662,548.6113247320793
MAR11405,0.0,0.0,0.0,0.0,0.0,0.0,0.0
MAR11410,-6.841470299783468,189.13112526446238,-287.92915190023075,-232.54469906306315,-40.388040300190156,564.2012347200739,606.710242558707
MAR11419,0.0,0.0,0.0,0.0,0.0,0.0,0.0
MAR11420,250.7795142176664,139.39594436632046,-125.08525420058302,0.812383365518254,251.72859862541745,515.4582819578837,598.9270910114124
MAR11423,0.0,0.0,0.0,0.0,0.0,0.0,0.0
MAR11424,532.6863279854333,181.30771044031627,-75.79922712427606,248.6185315176091,527.5664338303511,911.9615128211881,922.7269560530498
MAR11427,0.0,0.0,0.0,0.0,0.0,0.0,0.0
MAR11428,0.0,0.0,0.0,0.0,0.0,0.0,0.0
MAR11433,0.00465706239575414,8.270501580266911e-06,0.004651482644973414,0.004651743822362624,0.004654445553885972,0.004668889584838397,0.004715463317327437
MAR11438,0.0,0.0,0.0,0.0,0.0,0.0,0.0
MAR11440,0.0,0.0,0.0,0.0,0.0,0.0,0.0
MAR11443,0.0,0.0,0.0,0.0,0.0,0.0,0.0
MAR11445,0.0,0.0,0.0,0.0,0.0,0.0,0.0
MAR11446,0.0,0.0,0.0,0.0,0.0,0.0,0.0
MAR11449,0.0,0.0,0.0,0.0,0.0,0.0,0.0
MAR11451,0.0,0.0,0.0,0.0,0.0,0.0,0.0
MAR11476,0.0,0.0,0.0,0.0,0.0,0.0,0.0
MAR11477,0.0,0.0,0.0,0.0,0.0,0.0,0.0
MAR11479,0.0,0.0,0.0,0.0,0.0,0.0,0.0
MAR11480,0.0,0.0,0.0,0.0,0.0,0.0,0.0
MAR11481,0.0,0.0,0.0,0.0,0.0,0.0,0.0
MAR11482,0.0,0.0,0.0,0.0,0.0,0.0,0.0
MAR11483,0.0,0.0,0.0,0.0,0.0,0.0,0.0
MAR11485,0.0,0.0,0.0,0.0,0.0,0.0,0.0
MAR11486,2.784762279449116,2.270361670799891,0.0009224893359077595,0.09268833685543863,2.2816928833219348,7.0970171416510945,10.580897446495088
MAR11487,2.784762279448704,2.2703616707998826,0.0009224893359069895,0.09268833685544357,2.2816928833217593,7.097017141651157,10.580897446494633
MAR11488,2.7847622794491036,2.270361670799884,0.0009224893359079395,0.09268833685543955,2.281692883321815,7.0970171416510635,10.580897446495134
MAR11489,2.78476227944902,2.2703616707998804,0.0009224893359076383,0.09268833685543972,2.281692883321774,7.097017141651033,10.580897446495038
MAR11490,2.7847622794490206,2.2703616707998817,0.0009224893359076772,0.0926883368554406,2.281692883321759,7.097017141651045,10.580897446495024
MAR11491,2.7847622794490188,2.2703616707998795,0.0009224893359077947,0.0926883368554406,2.281692883321763,7.097017141651045,10.580897446495014
MAR11506,128.8250452478711,53.21166819278013,1.8931915779415045,10.739344379723796,135.60339882807457,200.48900299966098,239.0884441032133
MAR11507,128.8250452478711,53.21166819278013,1.8931915779415045,10.739344379723796,135.60339882807457,200.48900299966098,239.0884441032133
MAR11508,128.8250452478711,53.21166819278013,1.8931915779415045,10.739344379723796,135.60339882807457,200.48900299966098,239.0884441032133
MAR11529,0.0,0.0,0.0,0.0,0.0,0.0,0.0
MAR11530,0.0,0.0,0.0,0.0,0.0,0.0,0.0
MAR11531,0.0,0.0,0.0,0.0,0.0,0.0,0.0
MAR11533,0.0,0.0,0.0,0.0,0.0,0.0,0.0
MAR11534,4.095073172733548,3.1368104331546056,0.020079318477471117,0.2561104815960525,3.586482323481931,9.658372446347478,24.025580847587904
MAR11535,4.095073172733203,3.136810433154601,0.020079318477440145,0.2561104815960524,3.5864823234814147,9.658372446347252,24.02558084758785
MAR11536,4.095073172733206,3.1368104331546016,0.02007931847743995,0.25611048159605226,3.5864823234814174,9.658372446347256,24.02558084758785
MAR11537,4.095073172733205,3.136810433154602,0.02007931847744081,0.2561104815960522,3.5864823234814147,9.658372446347256,24.025580847587847
MAR11538,4.095073172733205,3.136810433154602,0.02007931847744081,0.2561104815960522,3.5864823234814147,9.658372446347256,24.025580847587847
MAR11539,1.0044910065195876e-15,5.348864507695373e-16,-6.010851926903993e-17,-7.403492261730833e-19,9.989447726646056e-16,1.7086188935426707e-15,1.7823156328687658e-15
MAR11540,1.1071388437866415e-15,6.675279417091034e-16,-3.4173927446837045e-16,-1.1037768907964375e-18,1.0725547737005997e-15,1.8897459296671527e-15,2.5302717843393926e-15
MAR11541,0.0,0.0,0.0,0.0,0.0,0.0,0.0
MAR11543,0.0,0.0,0.0,0.0,0.0,0.0,0.0
MAR11551,418.39382437109936,178.49253444715268,1.4435972355641447,13.425213706004847,422.2500356198048,683.8713939636528,715.2636463084355
MAR11552,418.3938243710992,178.49253444715248,1.443597235564138,13.425213706004847,422.2500356198054,683.8713939636526,715.2636463084355
MAR11553,418.3938243710993,178.49253444715262,1.4435972355641535,13.425213706004843,422.2500356198049,683.8713939636526,715.2636463084353
MAR11554,418.3938243710994,178.4925344471525,1.4435972355641904,13.425213706004847,422.2500356198058,683.8713939636527,715.2636463084355
MAR11569,0.0,0.0,0.0,0.0,0.0,0.0,0.0
MAR11570,0.0,0.0,0.0,0.0,0.0,0.0,0.0
MAR11577,0.6471817555052344,0.5451913048670668,0.0005631909076982943,0.002104055099918749,0.5632944770925823,1.559847588748856,2.1338197929844918
MAR11578,0.0,0.0,0.0,0.0,0.0,0.0,0.0
MAR11580,135.73120144107654,104.87889349566588,0.914684874843686,23.755068539722984,120.47352613347198,471.50797366015394,489.66814618359416
MAR11581,0.21395214056064157,0.391118218742145,0.00046487417265041593,0.0018098992988850233,0.04580391873108862,1.39417526864328,1.4312324236287632
MAR11583,-1.7218802022778816,0.003057896099253609,-1.7434730825329352,-1.7262531311763922,-1.720912663554448,-1.7199137381318441,-1.71981717164042
MAR11646,1.0101542276840381e-13,9.618556765505009e-14,-1.0845419693031888e-14,9.592950953250011e-15,8.982391382105911e-14,3.0739461566671083e-13,3.1782374255847167e-13
MAR11647,212.7797317008827,153.4362050733688,-219.40670471660297,-73.99870474873404,252.4309430070366,427.5830845060341,522.3535699284378
MAR11779,0.0,0.0,0.0,0.0,0.0,0.0,0.0
MAR11781,0.0,0.0,0.0,0.0,0.0,0.0,0.0
MAR11790,472.29197443270965,165.6792650527752,226.15642752853395,267.09625363271886,456.2284468485883,936.8793432651,955.0946007819642
MAR11797,0.0,0.0,0.0,0.0,0.0,0.0,0.0
MAR11798,128.7137683460321,67.99745959297398,0.48167354835705073,4.146218656643816,140.34343581862112,219.924928122932,239.87277491639037
MAR11801,-46.77113817624723,24.67888798765737,-108.5925497980567,-87.57185481092645,-46.84072697568212,-3.896158313964847,-0.030501654166870854
MAR11806,0.0,0.0,0.0,0.0,0.0,0.0,0.0
MAR11807,0.0,0.0,0.0,0.0,0.0,0.0,0.0
MAR11815,0.0023217818320861124,4.123264555957693e-06,0.00231900004329108,0.0023191302534677533,0.0023204772036764694,0.002327678285774453,0.0023508976538559926
MAR11825,-835.1827031872986,123.70526191415613,-972.703323375102,-954.797603254684,-861.618175353305,-674.838238688836,-113.87877675107237
MAR11826,-835.1827031872989,123.70526191415729,-972.703323375101,-954.7976032546827,-861.6181753533021,-674.8382386888311,-113.87877675107225
MAR11827,-835.1827031872989,123.70526191415729,-972.703323375101,-954.7976032546827,-861.6181753533021,-674.8382386888311,-113.87877675107225
MAR11831,0.0,0.0,0.0,0.0,0.0,0.0,0.0
MAR11832,350.14656862426426,188.75110702138804,38.211540133713044,119.94020435230271,325.81062478904596,909.2118199224077,946.4670087685201
MAR11833,350.14656862426426,188.75110702138804,38.211540133713044,119.94020435230271,325.81062478904596,909.2118199224077,946.4670087685201
MAR11872,-3.935674767558599e-15,3.592117481946269e-14,-5.066178565564934e-14,-4.961427641907421e-14,-9.032314172643358e-15,7.704424935363587e-14,9.118315379795317e-14
MAR11873,-2.0776708086610758e-15,3.6504264829584655e-14,-4.83796125064236e-14,-4.7738983608297555e-14,-7.658832990993535e-15,8.06115912580608e-14,9.493337637750705e-14
MAR11874,-2.0345419473063534e-15,3.6509410737577164e-14,-4.8315134204191036e-14,-4.767530935736977e-14,-7.628661484254096e-15,8.068988486922346e-14,9.50094850376917e-14
MAR11885,7.590589214146208,6.310723424195207,0.00936994919098319,0.10544498121770346,6.083624068097482,18.66413090192054,28.980421056400353
MAR11894,-0.01043481456685831,0.0010229254618847258,-0.012348338285348821,-0.011971442319827342,-0.010461841336577706,-0.0072851301092862,-0.007197602875364467
MAR11895,-0.010434814566858311,0.001022925461884726,-0.012348338285348821,-0.011971442319827342,-0.01046184133657771,-0.0072851301092862,-0.007197602875364467
MAR11896,208.2997612403912,347.00121066992995,-940.2116121100821,-889.8857257406286,273.2940483043048,604.3938340411628,665.3071552969225
MAR11897,208.29976124039115,347.00121066992995,-940.2116121100821,-889.8857257406286,273.29404830430474,604.3938340411629,665.3071552969226
MAR11900,0.0,0.0,0.0,0.0,0.0,0.0,0.0
MAR11905,0.0,0.0,0.0,0.0,0.0,0.0,0.0
MAR11906,0.0,0.0,0.0,0.0,0.0,0.0,0.0
MAR11913,-649.7890083132735,162.6580827168339,-995.1352041181835,-974.3677282837197,-625.7637425488024,-364.31704413151687,-291.1683913601117
MAR11914,-649.7890083132747,162.6580827168331,-995.1352041181842,-974.36772828372,-625.7637425488031,-364.3170441315178,-291.1683913601131
MAR11917,0.0,0.0,0.0,0.0,0.0,0.0,0.0
MAR11923,0.0,0.0,0.0,0.0,0.0,0.0,0.0
MAR11926,472.2919744327088,165.67926505277546,226.1564275285335,267.096253632718,456.2284468485873,936.8793432650999,955.094600781964
MAR11933,0.0,0.0,0.0,0.0,0.0,0.0,0.0
MAR11941,109.9619671319179,62.970824902352604,-2.821379885884305,33.42917162124196,102.01307154522269,206.85406147161711,476.04391716367746
MAR11942,109.9619671319178,62.97082490235259,-2.821379885884376,33.42917162124192,102.01307154522257,206.85406147161711,476.0439171636775
MAR11943,0.0,0.0,0.0,0.0,0.0,0.0,0.0
MAR11947,794.1444731028777,201.74218334001364,51.17680642217592,75.86978420710408,859.3335980018851,940.99622268873,981.0897374849991
MAR11948,-36.55315508121836,37.77250289592496,-458.4878730439851,-84.99901166067701,-31.9483823632832,-1.0261371778530184,6.980172917065147
MAR11949,-36.55315508121837,37.772502895924724,-458.48787304397916,-84.99901166067524,-31.948382363282565,-1.0261371778512967,6.980172917072316
MAR11951,0.0,0.0,0.0,0.0,0.0,0.0,0.0
MAR11952,0.0,0.0,0.0,0.0,0.0,0.0,0.0
MAR11957,46.77113817624723,24.67888798765737,0.030501654166870854,3.8961583139648392,46.84072697568212,87.57185481092644,108.5925497980567
MAR11958,418.00039859036497,153.75415157947182,42.658707056922644,54.96978220057392,457.06895188007627,558.0484129265378,937.3671817937355
MAR11959,-418.0003985903651,153.75415157947185,-937.3671817937355,-558.0484129265382,-457.0689518800762,-54.96978220057396,-42.658707056922644
MAR11960,0.0,0.0,0.0,0.0,0.0,0.0,0.0
MAR11961,0.0,0.0,0.0,0.0,0.0,0.0,0.0
MAR11965,-0.002321781832086113,4.12326455595746e-06,-0.0023508976538559917,-0.0023276782857744537,-0.0023204772036764703,-0.0023191302534677537,-0.0023190000432910807
MAR11973,97.46172624558568,33.3793258289091,21.76143502000053,36.55921900278197,98.28992955280361,156.0729577566765,207.08720335270678
MAR11974,97.46172624558629,33.37932582890913,21.761435020000572,36.55921900278216,98.28992955280351,156.07295775667697,207.08720335270743
MAR11975,-350.14656862426426,188.75110702138804,-946.4670087685201,-909.2118199224077,-325.81062478904596,-119.94020435230276,-38.211540133713044
MAR11976,350.14656862426426,188.75110702138804,38.211540133713044,119.94020435230273,325.81062478904596,909.2118199224077,946.4670087685201
MAR11977,0.0,0.0,0.0,0.0,0.0,0.0,0.0
MAR11989,0.0,0.0,0.0,0.0,0.0,0.0,0.0
MAR11990,0.0,0.0,0.0,0.0,0.0,0.0,0.0
MAR11995,0.0,0.0,0.0,0.0,0.0,0.0,0.0
MAR11996,0.0,0.0,0.0,0.0,0.0,0.0,0.0
MAR11998,0.0,0.0,0.0,0.0,0.0,0.0,0.0
MAR11999,0.0,0.0,0.0,0.0,0.0,0.0,0.0
MAR12005,0.0,0.0,0.0,0.0,0.0,0.0,0.0
MAR12016,0.0,0.0,0.0,0.0,0.0,0.0,0.0
MAR12031,56.51323222688326,228.88435167872169,-885.63709740767,-249.54173083630764,31.942789934077325,471.4019096030848,508.8376988999877
MAR12032,56.51323222688192,228.88435167872208,-885.6370974076714,-249.54173083630832,31.942789934074398,471.4019096030808,508.83769889998706
MAR12036,0.0,0.0,0.0,0.0,0.0,0.0,0.0
MAR12040,377.66938168590985,158.2622144626304,9.341586801383674,22.452827836120317,368.1263720286869,683.3748300599727,709.6610315372892
MAR12058,0.0,0.0,0.0,0.0,0.0,0.0,0.0
MAR12060,0.0,0.0,0.0,0.0,0.0,0.0,0.0
MAR12088,0.0,0.0,0.0,0.0,0.0,0.0,0.0
MAR12090,0.0,0.0,0.0,0.0,0.0,0.0,0.0
MAR12093,-328.4614403607819,213.69878593279384,-955.464643723402,-935.047162134052,-245.33418288430238,-96.38396444447267,-37.036968172805324
MAR12094,24.103449355582285,159.82721272043673,-172.48163013185467,-133.07258239905704,0.3037874022922864,298.8222023774553,881.0543057253917
MAR12095,168.3876354190804,296.12871457478843,-864.6374799991918,-117.43609263394451,127.48394283474335,909.5128637627105,934.5782932704786
MAR12114,0.0,0.0,0.0,0.0,0.0,0.0,0.0
MAR12125,49.21647265757364,27.18686367382621,0.20333063020930256,2.913114677583003,47.66571548007903,91.58289528328159,100.00199411633527
MAR12127,-1.7218802022778823,0.003057896099253564,-1.7434730825329356,-1.726253131176392,-1.7209126635544494,-1.719913738131844,-1.7198171716404216
MAR12129,0.0,0.0,0.0,0.0,0.0,0.0,0.0
MAR12131,0.0,0.0,0.0,0.0,0.0,0.0,0.0
MAR12136,0.0,0.0,0.0,0.0,0.0,0.0,0.0
MAR12138,0.0,0.0,0.0,0.0,0.0,0.0,0.0
MAR12143,-12.077051479591818,8.815694393354995,-35.37150511850939,-28.843135435326165,-12.079642558300634,-0.23373900364397943,-0.021553282991476408
MAR12144,12.077051479591496,8.81569439335515,0.02155328299185755,0.23373900364347092,12.079642558300105,28.843135435327103,35.3715051185086
MAR12145,14.553199505281576,15.97458536903351,0.0164847263905283,0.41994841441013764,8.106055886561588,58.008724432248584,68.46119143466802
MAR12146,0.0,0.0,0.0,0.0,0.0,0.0,0.0
MAR12148,-5.9775345817710495,7.122659885038821,-25.079577914745755,-24.182541486849086,-2.4412896171756415,-0.012484578816924252,-0.0037981363757921827
MAR12149,5.977534581772447,7.122659885038983,0.003798136378084597,0.012484578816933213,2.4412896171777225,24.18254148685234,25.079577914748214
MAR12151,-20.601127186700506,18.05731011743801,-77.28943380191981,-66.75722548462241,-15.354174255950738,-0.6222287707109089,-0.09706948217936429
MAR12152,6.047927681423892,5.101349931296381,0.006205993967877302,0.12473833192081597,4.824097046038316,14.028839834949153,18.907279408224593
MAR12154,0.0,0.0,0.0,0.0,0.0,0.0,0.0
MAR12155,-3.418351699623663,3.6354953848287357,-20.425879978534567,-10.11796200999739,-1.861675747748734,-0.03262769788528675,-0.001404159906314817
MAR12156,3.418351699624158,3.6354953848275553,0.001404159902549637,0.03262769788541836,1.8616757477449182,10.117962009996873,20.425879978534837
MAR12158,74.50126883337443,37.277672116762794,0.00850361131796672,1.614753445225768,75.15334505283161,130.5387817534573,165.3196673997149
MAR12159,-79.80055853370335,40.860636242910175,-172.55178811418529,-142.73256751499522,-78.20092295315305,-1.8208014578193983,-0.027850405416550927
MAR12160,5.299289700328173,5.0742227946257525,0.019033060200364365,0.17915347519491523,3.4088996760736423,15.5450803498629,15.787057762642071
MAR12162,-3.3942939599785955,2.582219970730716,-11.737581489749346,-11.27482218205975,-2.851304238961461,-0.03613323700885853,-0.007811615936674343
MAR12163,3.3942939599813453,2.582219970731559,0.0078116159366827045,0.036133237009025786,2.851304238969548,11.274822182062344,11.737581489751882
MAR12165,-5.563953175820101,4.539095609394491,-15.569450882614433,-13.949716566274889,-3.935296669058971,-0.04463992796398131,-0.0023209836039512766
MAR12166,5.563953175819819,4.539095609394103,0.0023209836038266484,0.044639927964165306,3.935296669060686,13.949716566273617,15.569450882612127
MAR12172,-6.386929104248483e-15,1.2851703002451546e-13,-3.0729916066378963e-13,-2.410916664134785e-13,-7.446756672846496e-16,2.029230777581532e-13,2.3044831264954266e-13
MAR12173,-3.724245904218406e-15,1.2198249473661607e-13,-2.477546485853509e-13,-2.0122981572540807e-13,-4.0859868504546755e-15,2.110859267440751e-13,2.7849032291869235e-13
MAR12178,2.0611962933896814e-14,1.7560046253006923e-14,-6.7526639031115045e-15,-1.9991010204302904e-15,1.4006521811650625e-14,4.7736395281612046e-14,5.091165875822288e-14
MAR12179,4.918891072200016e-16,1.9512628917919093e-15,-3.3262514117351143e-15,-2.129208570580285e-15,-4.925370263596334e-17,4.5824425854795106e-15,5.286063679277247e-15
MAR12180,2.0824024054485625e-15,1.8933452734894074e-15,-4.525097160593023e-16,-1.586500129653114e-16,1.3176095448953878e-15,4.9666736814243026e-15,6.411959268807382e-15
MAR12181,-4.918891072200013e-16,1.9512628917919093e-15,-5.286063679277247e-15,-4.5824425854795106e-15,4.925370263596334e-17,2.1292085705802845e-15,3.3262514117351143e-15
MAR12182,-61.74552721065017,30.16837401833648,-220.76019298067433,-112.6833744383555,-59.72598660112163,-6.079392853151731,-1.1168251019579714
MAR12183,-3.7677756737219475e-16,3.93113583951618e-15,-9.535508506571933e-15,-7.216395573347131e-15,-4.6522428374910385e-18,5.371260536368458e-15,6.84836916998646e-15
MAR12185,-5.893453491537728,5.9880598142657195,-28.900419737965535,-21.59826607601767,-4.557467229935725,-0.08673231574049742,-3.6670973031505127e-06
MAR12186,5.893453491534923,5.988059814265684,3.6670969421720944e-06,0.08673231573689347,4.557467229931991,21.598266076015477,28.900419737963382
MAR12187,0.0,0.0,0.0,0.0,0.0,0.0,0.0
MAR12188,0.0,0.0,0.0,0.0,0.0,0.0,0.0
MAR12189,0.0,0.0,0.0,0.0,0.0,0.0,0.0
MAR12191,0.0,0.0,0.0,0.0,0.0,0.0,0.0
MAR12192,0.0,0.0,0.0,0.0,0.0,0.0,0.0
MAR12193,0.0,0.0,0.0,0.0,0.0,0.0,0.0
MAR12196,0.0,0.0,0.0,0.0,0.0,0.0,0.0
MAR12197,0.0,0.0,0.0,0.0,0.0,0.0,0.0
MAR12200,14.55319950528158,15.974585369033521,0.01648472639052823,0.41994841441013603,8.106055886561588,58.00872443224863,68.46119143466805
MAR12202,74.5012688333745,37.27767211676283,0.008503611317977205,1.6147534452257675,75.15334505283167,130.53878175345744,165.31966739971503
MAR12206,6.386929104248475e-15,1.2851703002451546e-13,-2.3044831264954256e-13,-2.0292307775815314e-13,7.446756672845997e-16,2.4109166641347845e-13,3.072991606637899e-13
MAR12214,9.383252183584711e-14,1.0984516893460452e-13,-1.2994884005816273e-13,-6.077183901019883e-14,6.850668804927154e-14,3.070658417367097e-13,3.745323297641088e-13
MAR12216,5.783730382882024e-14,6.244595462838712e-14,-9.668207788351496e-14,-4.315052745922323e-14,5.6032310344809754e-14,1.6402054539021512e-13,1.805230165641171e-13
MAR12230,-1.6284194411609682e-13,4.816419028435282e-13,-1.4369688958531118e-12,-1.4313172036121027e-12,-9.548617073194608e-14,2.9429906607836125e-13,3.025702587252172e-13
MAR12235,0.0,0.0,0.0,0.0,0.0,0.0,0.0
MAR12236,0.0,0.0,0.0,0.0,0.0,0.0,0.0
MAR12238,-9.398482323866727e-14,1.09819341815992e-13,-3.756972775260336e-13,-3.061928933193378e-13,-6.829344210607506e-14,6.027193531478602e-14,1.2990772498254383e-13
MAR12239,9.611577115828082e-14,1.0818299106517184e-13,-1.2942955558063045e-13,-5.6186627026662167e-14,8.465285595044801e-14,3.047852822849936e-13,3.791735448826505e-13
MAR12241,0.0,0.0,0.0,0.0,0.0,0.0,0.0
MAR12242,0.0,0.0,0.0,0.0,0.0,0.0,0.0
MAR12244,-5.783189434512805e-14,6.221220528335406e-14,-1.7989715574890742e-13,-1.6371115755523113e-13,-5.6131878228025406e-14,4.320353571033925e-14,9.670947101890884e-14
MAR12245,5.235265073899968e-14,6.696070471762572e-14,-1.5248943974841652e-13,-6.130435332849372e-14,5.3001704560604e-14,1.529139740818247e-13,1.8689048330668438e-13
MAR12246,2.286697180228419e-16,4.409955316297466e-15,-9.536490000587211e-15,-7.128310728911852e-15,-4.360092196607235e-18,6.764757913924359e-15,8.34898307879102e-15
MAR12247,0.0,0.0,0.0,0.0,0.0,0.0,0.0
MAR12248,0.0,0.0,0.0,0.0,0.0,0.0,0.0
MAR12250,2.5064128997638257e-16,5.197777148545204e-16,-6.158010674595701e-16,-5.630431470293891e-16,2.1740716753333325e-16,8.899076515073713e-16,2.761913195849532e-15
MAR12251,0.0,0.0,0.0,0.0,0.0,0.0,0.0
MAR12252,2.5064128997638257e-16,5.197777148545204e-16,-6.158010674595701e-16,-5.630431470293891e-16,2.1740716753333325e-16,8.899076515073713e-16,2.761913195849532e-15
MAR12258,0.0,0.0,0.0,0.0,0.0,0.0,0.0
MAR12259,0.0,0.0,0.0,0.0,0.0,0.0,0.0
MAR12260,0.0,0.0,0.0,0.0,0.0,0.0,0.0
MAR12261,0.0,0.0,0.0,0.0,0.0,0.0,0.0
MAR12263,-1.7097070604072802,2.5618188450924655,-13.784990094294585,-7.1783463187884164,-0.6921246942643506,-0.002318109636315313,-0.0005922596859235796
MAR12264,1.7097070604065225,2.561818845092607,0.000592259685955782,0.0023181096364288346,0.6921246942634851,7.178346318786603,13.78499009430047
MAR12265,0.0,0.0,0.0,0.0,0.0,0.0,0.0
MAR12267,-6.194813446580023,4.925413133501955,-15.716748266102059,-14.115299500722903,-4.434849067941286,-0.04194624854424589,-0.002468523345214635
MAR12268,6.194813446577779,4.92541313350254,0.0024685233449375735,0.04194624854398235,4.434849067936556,14.115299500720361,15.716748266101844
MAR12270,-22.66641056916191,13.549182443386076,-61.57740245705668,-45.181216236481,-21.399102719180235,-2.2777037966083316,-0.024322468250375096
MAR12271,22.666410569161386,13.549182443386265,0.024322468244100826,2.277703796602703,21.399102719181617,45.181216236479735,61.57740245705917
MAR12272,-2.1783883043641016e-37,2.3714795028859245e-37,-8.038089384360259e-37,-5.792282432894666e-37,-5.39189932420937e-38,-2.8748299771401455e-40,-2.1554549147939306e-40
MAR12273,0.0,0.0,0.0,0.0,0.0,0.0,0.0
MAR12274,0.0,0.0,0.0,0.0,0.0,0.0,0.0
MAR12275,0.0,0.0,0.0,0.0,0.0,0.0,0.0
MAR12276,0.0,0.0,0.0,0.0,0.0,0.0,0.0
MAR12277,0.0,0.0,0.0,0.0,0.0,0.0,0.0
MAR12278,0.0,0.0,0.0,0.0,0.0,0.0,0.0
MAR12281,0.0,0.0,0.0,0.0,0.0,0.0,0.0
MAR12282,-8.219161183599809e-15,9.699464675695927e-15,-2.6653042046960467e-14,-2.584820357134783e-14,-5.644530196391842e-15,1.281977518080895e-15,2.3298214845437155e-15
MAR12283,0.0,0.0,0.0,0.0,0.0,0.0,0.0
MAR12285,0.0,0.0,0.0,0.0,0.0,0.0,0.0
MAR12286,-5.1525573432823976e-14,1.2529968948968497e-13,-2.5661937673854514e-13,-2.1114884809540541e-13,-8.7268326489463e-14,2.657702381673243e-13,2.755055750168875e-13
MAR12288,0.0,0.0,0.0,0.0,0.0,0.0,0.0
MAR12289,1.396485162875386e-15,7.772823611528397e-15,-1.596044043280568e-14,-1.1814507544019398e-14,2.115488324962299e-15,1.3723207749324668e-14,1.6644215029602628e-14
MAR12290,0.0,0.0,0.0,0.0,0.0,0.0,0.0
MAR12292,0.0,0.0,0.0,0.0,0.0,0.0,0.0
MAR12293,1.180570063068585e-16,3.530797022574413e-16,-6.006850873414617e-16,-5.989649652057985e-16,3.536930690457714e-17,8.172661398347967e-16,8.202596293473479e-16
MAR12295,-6.808865188077457,6.006047000737569,-19.218295535739003,-17.38206607208351,-4.55062155737906,-0.122693801870654,-0.005715927407209165
MAR12296,6.808865188077705,6.006047000737122,0.005715927404839195,0.12269380186860354,4.550621557379004,17.382066072082175,19.2182955357423
MAR12298,0.0,0.0,0.0,0.0,0.0,0.0,0.0
MAR12299,-4.7896752250604475e-14,6.607694775287767e-14,-1.7952352528284737e-13,-1.49369146960152e-13,-4.7541175283499105e-14,6.544279292846231e-14,1.5474514914946224e-13
MAR12301,-6.626443892284215,6.489703112899114,-23.955317906158598,-21.907312404899216,-3.8083625927837375,-0.08985405466292933,-0.0023685788152576492
MAR12302,6.626443892285957,6.489703112899503,0.0023685788152559323,0.08985405466287846,3.8083625927886504,21.907312404900058,23.95531790616132
MAR12304,0.0,0.0,0.0,0.0,0.0,0.0,0.0
MAR12305,4.772429579150354e-15,1.5756309525821913e-14,-9.194156268544248e-15,-7.815192948976323e-15,-2.0778965907987598e-16,5.2444747618514886e-14,5.303982543649044e-14
MAR12306,-121.95823579506651,56.817644381371295,-239.52515945052642,-213.62526787503504,-125.71811082263855,-4.044582715353121,-0.3210001789037733
MAR12307,121.95823579506055,56.817644381371146,0.32100017890278,4.04458271535312,125.71811082262832,213.62526787503504,239.52515945052642
MAR12308,0.0,0.0,0.0,0.0,0.0,0.0,0.0
MAR12310,0.0,0.0,0.0,0.0,0.0,0.0,0.0
MAR12318,0.0,0.0,0.0,0.0,0.0,0.0,0.0
MAR12319,0.0,0.0,0.0,0.0,0.0,0.0,0.0
MAR12332,0.0,0.0,0.0,0.0,0.0,0.0,0.0
MAR12333,0.0,0.0,0.0,0.0,0.0,0.0,0.0
MAR12335,100.1783871443001,100.18633602322603,1.1005508384788283,6.104341234909839,60.69048181688541,272.735390429442,549.1041581771982
MAR12336,-100.17838714430022,100.18633602322608,-549.1041581771983,-272.73539042944236,-60.69048181688528,-6.104341234909945,-1.100550838478911
MAR12337,11.12917710278298,7.607064769653165,0.008585253896811557,0.21819319637027165,10.78533753703644,24.50508830502836,31.81299477435015
MAR12338,-89.04921004151686,100.39209236520915,-546.3457564924839,-267.10795781712,-51.72847686456194,9.537002266590736,23.537995260474315
MAR12342,0.0,0.0,0.0,0.0,0.0,0.0,0.0
MAR12346,0.0,0.0,0.0,0.0,0.0,0.0,0.0
MAR12347,0.0,0.0,0.0,0.0,0.0,0.0,0.0
MAR12348,0.0,0.0,0.0,0.0,0.0,0.0,0.0
MAR12349,0.0,0.0,0.0,0.0,0.0,0.0,0.0
MAR12351,-825.6046206716629,146.04209160646255,-999.7398939076204,-997.0885369600694,-861.4440910021563,-447.826796568964,-399.1304286115382
MAR12352,-825.6046206716916,146.04209160646008,-999.7398939076203,-997.0885369600696,-861.4440910022088,-447.82679656896494,-399.13042861154156
MAR12353,14.118406959761497,14.383677377470296,0.04636550847229131,0.25096020204715963,9.414546725875242,47.8893274978259,54.41782592409271
MAR12354,0.0,0.0,0.0,0.0,0.0,0.0,0.0
MAR12355,14.118406959761488,14.383677377470288,0.04636550847228852,0.2509602020471581,9.414546725875237,47.889327497825875,54.41782592409268
MAR12360,0.0,0.0,0.0,0.0,0.0,0.0,0.0
MAR12362,0.0,0.0,0.0,0.0,0.0,0.0,0.0
MAR12363,0.0,0.0,0.0,0.0,0.0,0.0,0.0
MAR12365,0.0,0.0,0.0,0.0,0.0,0.0,0.0
MAR12367,0.0,0.0,0.0,0.0,0.0,0.0,0.0
MAR12368,0.0,0.0,0.0,0.0,0.0,0.0,0.0
MAR12369,0.0,0.0,0.0,0.0,0.0,0.0,0.0
MAR12371,0.0,0.0,0.0,0.0,0.0,0.0,0.0
MAR12372,0.0,0.0,0.0,0.0,0.0,0.0,0.0
MAR12374,0.0,0.0,0.0,0.0,0.0,0.0,0.0
MAR12375,0.0,0.0,0.0,0.0,0.0,0.0,0.0
MAR12378,0.0,0.0,0.0,0.0,0.0,0.0,0.0
MAR12379,0.0,0.0,0.0,0.0,0.0,0.0,0.0
MAR12381,0.0,0.0,0.0,0.0,0.0,0.0,0.0
MAR12382,0.0,0.0,0.0,0.0,0.0,0.0,0.0
MAR12384,-473.2349495815352,168.2580695205244,-945.6427013396876,-671.2907236749548,-514.3952314876933,-72.62835125673146,-50.9587165681404
MAR12385,-473.23494958153634,168.25806952052457,-945.6427013396875,-671.2907236749551,-514.3952314876963,-72.62835125673175,-50.95871656814035
MAR12387,0.0,0.0,0.0,0.0,0.0,0.0,0.0
MAR12392,0.0,0.0,0.0,0.0,0.0,0.0,0.0
MAR12396,0.0,0.0,0.0,0.0,0.0,0.0,0.0
MAR12397,0.0,0.0,0.0,0.0,0.0,0.0,0.0
MAR12401,0.0,0.0,0.0,0.0,0.0,0.0,0.0
MAR12402,23.645531533273008,17.06974604907402,0.018585833315791583,0.029385301663536693,19.367457031862894,53.040108640784965,76.60192284408718
MAR12403,23.645531533273004,17.06974604907402,0.01858583331579159,0.029385301663537183,19.36745703186289,53.04010864078495,76.60192284408717
MAR12404,22.13141574465017,14.163142305821067,0.029805867375074124,0.24869336696570052,21.450949481423933,44.50703330354715,60.52047033665994
MAR12405,-1.5141157886227656,9.44441384378088,-41.46100200018805,-21.2887024052252,0.003575877160795266,9.870743291376304,18.30269844076559
MAR12406,0.0,0.0,0.0,0.0,0.0,0.0,0.0
MAR12409,0.0,0.0,0.0,0.0,0.0,0.0,0.0
MAR12414,0.0,0.0,0.0,0.0,0.0,0.0,0.0
MAR12423,0.0,0.0,0.0,0.0,0.0,0.0,0.0
MAR12424,0.0,0.0,0.0,0.0,0.0,0.0,0.0
MAR12425,0.0,0.0,0.0,0.0,0.0,0.0,0.0
MAR12427,0.0,0.0,0.0,0.0,0.0,0.0,0.0
MAR12429,-508.7782103024916,176.59574412713434,-949.1582975590884,-719.5997977234122,-540.1514275676984,-73.19460080062946,-51.09039068767226
MAR12431,-508.77821030249555,176.5957441271344,-949.1582975590892,-719.5997977234161,-540.1514275677057,-73.19460080062959,-51.09039068767233
MAR12433,0.0,0.0,0.0,0.0,0.0,0.0,0.0
MAR12434,0.0,0.0,0.0,0.0,0.0,0.0,0.0
MAR12436,0.0,0.0,0.0,0.0,0.0,0.0,0.0
MAR12439,0.0,0.0,0.0,0.0,0.0,0.0,0.0
MAR12442,-26.977951562637323,16.56294535362307,-59.19793510171081,-51.92746366086008,-29.28010967361726,-0.39445194256780197,-0.06929073307404453
MAR12443,0.0,0.0,0.0,0.0,0.0,0.0,0.0
MAR12446,0.0,0.0,0.0,0.0,0.0,0.0,0.0
MAR12455,0.0,0.0,0.0,0.0,0.0,0.0,0.0
MAR12457,0.0,0.0,0.0,0.0,0.0,0.0,0.0
MAR12459,0.0,0.0,0.0,0.0,0.0,0.0,0.0
MAR12469,0.0,0.0,0.0,0.0,0.0,0.0,0.0
MAR12472,69.07099553377857,41.1259267124,1.2755314906202966,6.050034933335193,74.2309128647664,134.31786440701427,164.07284173845073
MAR12473,69.0709955337786,41.1259267124,1.275531490620325,6.050034933335196,74.23091286476642,134.31786440701427,164.07284173845073
MAR12474,0.0,0.0,0.0,0.0,0.0,0.0,0.0
MAR12497,0.0,0.0,0.0,0.0,0.0,0.0,0.0
MAR12499,0.0,0.0,0.0,0.0,0.0,0.0,0.0
MAR12501,0.0,0.0,0.0,0.0,0.0,0.0,0.0
MAR12503,624.5724650518129,181.9265191166943,303.33794613458304,338.0049770968287,601.2655788041685,974.5138709791527,995.5654179362595
MAR12505,624.5724650518125,181.92651911669435,303.33794613458275,338.0049770968286,601.2655788041677,974.5138709791526,995.5654179362595
MAR12506,0.0,0.0,0.0,0.0,0.0,0.0,0.0
MAR12510,310.9498085323337,140.35364106617936,48.07244885851008,60.89602458215527,282.4824503782198,501.72859083806895,916.04028568707
MAR12513,-310.9498085323338,140.3536410661795,-916.04028568707,-501.7285908380692,-282.48245037821914,-60.896024582155285,-48.07244885851005
MAR12515,0.0,0.0,0.0,0.0,0.0,0.0,0.0
MAR12517,0.0,0.0,0.0,0.0,0.0,0.0,0.0
MAR12518,0.0,0.0,0.0,0.0,0.0,0.0,0.0
MAR12524,0.0,0.0,0.0,0.0,0.0,0.0,0.0
MAR12526,0.0,0.0,0.0,0.0,0.0,0.0,0.0
MAR12528,0.0,0.0,0.0,0.0,0.0,0.0,0.0
MAR12533,0.0,0.0,0.0,0.0,0.0,0.0,0.0
MAR12535,0.0,0.0,0.0,0.0,0.0,0.0,0.0
MAR12539,0.0,0.0,0.0,0.0,0.0,0.0,0.0
MAR12543,0.0,0.0,0.0,0.0,0.0,0.0,0.0
MAR12551,0.0,0.0,0.0,0.0,0.0,0.0,0.0
MAR12555,624.5724650518125,181.92651911669435,303.33794613458275,338.0049770968286,601.2655788041677,974.5138709791526,995.5654179362595
MAR12562,407.6458544337333,164.52556709564325,35.2816550350129,43.03522886197595,390.792474417819,673.4892162732683,873.5991352134547
MAR12563,407.6458544337323,164.52556709564337,35.28165503501288,43.03522886197594,390.79247441781786,673.4892162732672,873.5991352134546
MAR12564,0.0,0.0,0.0,0.0,0.0,0.0,0.0
MAR12569,0.0,0.0,0.0,0.0,0.0,0.0,0.0
MAR12575,0.0,0.0,0.0,0.0,0.0,0.0,0.0
MAR12578,0.0,0.0,0.0,0.0,0.0,0.0,0.0
MAR12584,100.17838714430022,100.18633602322608,1.100550838478911,6.104341234909939,60.69048181688528,272.7353904294423,549.1041581771983
MAR12585,-89.04921004151686,100.39209236520915,-546.3457564924839,-267.10795781712,-51.72847686456194,9.537002266590736,23.537995260474315
MAR12586,0.0,0.0,0.0,0.0,0.0,0.0,0.0
MAR12590,0.0,0.0,0.0,0.0,0.0,0.0,0.0
MAR12592,14.118406959761476,14.383677377470285,0.04636550847228935,0.2509602020471592,9.414546725875223,47.88932749782586,54.41782592409267
MAR12594,0.0,0.0,0.0,0.0,0.0,0.0,0.0
MAR12595,0.0,0.0,0.0,0.0,0.0,0.0,0.0
MAR12597,0.0,0.0,0.0,0.0,0.0,0.0,0.0
MAR12598,0.0,0.0,0.0,0.0,0.0,0.0,0.0
MAR12599,0.0,0.0,0.0,0.0,0.0,0.0,0.0
MAR12601,0.0,0.0,0.0,0.0,0.0,0.0,0.0
MAR12602,0.0,0.0,0.0,0.0,0.0,0.0,0.0
MAR12604,0.0,0.0,0.0,0.0,0.0,0.0,0.0
MAR12606,0.0,0.0,0.0,0.0,0.0,0.0,0.0
MAR12608,23.645531533273008,17.06974604907402,0.018585833315791583,0.029385301663536693,19.367457031862894,53.040108640784965,76.60192284408718
MAR12609,-1.5141157886227656,9.44441384378088,-41.46100200018805,-21.2887024052252,0.003575877160795266,9.870743291376304,18.30269844076559
MAR12610,0.0,0.0,0.0,0.0,0.0,0.0,0.0
MAR12615,0.0,0.0,0.0,0.0,0.0,0.0,0.0
MAR12617,0.0,0.0,0.0,0.0,0.0,0.0,0.0
MAR12619,0.0,0.0,0.0,0.0,0.0,0.0,0.0
MAR12620,0.0,0.0,0.0,0.0,0.0,0.0,0.0
MAR12622,0.0,0.0,0.0,0.0,0.0,0.0,0.0
MAR12623,26.97795156263734,16.562945353623075,0.0692907330740438,0.3944519425678014,29.280109673617254,51.9274636608601,59.197935101710826
MAR12624,0.0,0.0,0.0,0.0,0.0,0.0,0.0
MAR12627,0.0,0.0,0.0,0.0,0.0,0.0,0.0
MAR12630,0.0,0.0,0.0,0.0,0.0,0.0,0.0
MAR12633,-69.07099553377857,41.12592671240001,-164.07284173845073,-134.3178644070143,-74.23091286476645,-6.050034933335203,-1.275531490620286
MAR12634,0.0,0.0,0.0,0.0,0.0,0.0,0.0
MAR12645,624.5724650518125,181.92651911669435,303.33794613458275,338.0049770968286,601.2655788041677,974.5138709791526,995.5654179362595
MAR12648,0.0,0.0,0.0,0.0,0.0,0.0,0.0
MAR12649,0.0,0.0,0.0,0.0,0.0,0.0,0.0
MAR12651,0.0,0.0,0.0,0.0,0.0,0.0,0.0
MAR12653,0.0,0.0,0.0,0.0,0.0,0.0,0.0
MAR12656,0.0,0.0,0.0,0.0,0.0,0.0,0.0
MAR12657,-624.5724650518152,181.9265191166925,-995.5654179362587,-974.5138709791546,-601.2655788041668,-338.0049770968319,-303.33794613458423
MAR12660,407.6458544337231,164.52556709564564,35.28165503501285,43.03522886197594,390.79247441780694,673.4892162732634,873.5991352134539
MAR12661,0.0,0.0,0.0,0.0,0.0,0.0,0.0
MAR12663,0.0,0.0,0.0,0.0,0.0,0.0,0.0
MAR12665,-407.645854433733,164.5255670956432,-873.5991352134548,-673.4892162732681,-390.7924744178185,-43.03522886197596,-35.28165503501291
MAR12669,0.0,0.0,0.0,0.0,0.0,0.0,0.0
MAR12671,1.4481752648240133e-13,6.263976570759e-14,1.3031126832333416e-14,7.800824667218852e-14,1.306539200432599e-13,2.560281393831315e-13,2.670847885476864e-13
MAR12672,-14.118406959761373,14.383677377470324,-54.417825924092654,-47.889327497825875,-9.41454672587509,-0.25096020204715147,-0.04636550847228874
MAR12674,0.0,0.0,0.0,0.0,0.0,0.0,0.0
MAR12675,7.705253834587233,6.944476054766658,0.01492757925569679,0.26508150175992584,5.925796610452167,21.458154869453963,34.240153733238614
MAR12676,-74.10041748040553,117.62732468682708,-872.148481806007,-108.30095930616442,-59.697951325519895,-2.021743325665004,-0.11770207300093473
MAR12678,0.0,0.0,0.0,0.0,0.0,0.0,0.0
MAR12679,0.0,0.0,0.0,0.0,0.0,0.0,0.0
MAR12681,0.0,0.0,0.0,0.0,0.0,0.0,0.0
MAR12682,66.39516364581819,118.51834946990579,0.016228735749233978,0.8629366292076007,52.56486947945121,96.87852030915464,870.4719973729675
MAR12683,-26.97795156263731,16.562945353623057,-59.197935101710726,-51.927463660860006,-29.280109673617233,-0.394451942567802,-0.0692907330740441
MAR12684,-33.260592847433436,18.051522744047315,-75.1375985568017,-61.91323422473473,-36.179627146147496,-0.436670846220553,-0.042359905725118725
MAR12687,0.0,0.0,0.0,0.0,0.0,0.0,0.0
MAR12688,0.0,0.0,0.0,0.0,0.0,0.0,0.0
MAR12690,-231.33562617149087,244.59410373140904,-941.8550634293063,-890.0692513519335,-160.44208122917655,30.92866446768499,497.10126748318396
MAR12691,0.0,0.0,0.0,0.0,0.0,0.0,0.0
MAR12692,231.33562617149335,244.59410373140867,-497.10126748318186,-30.928664467681052,160.44208122917914,890.069251351935,941.855063429306
MAR12693,69.07099553377851,41.125926712399966,1.2755314906203357,6.050034933335215,74.23091286476622,134.3178644070142,164.07284173845068
MAR12696,0.0,0.0,0.0,0.0,0.0,0.0,0.0
MAR12697,0.0,0.0,0.0,0.0,0.0,0.0,0.0
MAR12698,0.0,0.0,0.0,0.0,0.0,0.0,0.0
MAR12699,0.0,0.0,0.0,0.0,0.0,0.0,0.0
MAR12700,3.042995337383944e-13,2.267146434998959e-13,-9.281378768269935e-14,7.181133345504072e-15,2.7839525164471323e-13,6.76757778800172e-13,7.031490298978108e-13
MAR12702,0.0,0.0,0.0,0.0,0.0,0.0,0.0
MAR12709,0.0,0.0,0.0,0.0,0.0,0.0,0.0
MAR12712,0.0,0.0,0.0,0.0,0.0,0.0,0.0
MAR12713,0.0,0.0,0.0,0.0,0.0,0.0,0.0
MAR12716,0.0,0.0,0.0,0.0,0.0,0.0,0.0
MAR12724,0.0,0.0,0.0,0.0,0.0,0.0,0.0
MAR12727,407.64585443373295,164.52556709564328,35.281655035012854,43.03522886197595,390.7924744178182,673.4892162732681,873.5991352134546
MAR12731,0.0,0.0,0.0,0.0,0.0,0.0,0.0
MAR12734,0.0,0.0,0.0,0.0,0.0,0.0,0.0
MAR12736,0.0,0.0,0.0,0.0,0.0,0.0,0.0
MAR12737,0.0,0.0,0.0,0.0,0.0,0.0,0.0
MAR12738,0.0,0.0,0.0,0.0,0.0,0.0,0.0
MAR12739,0.0,0.0,0.0,0.0,0.0,0.0,0.0
MAR12740,0.0,0.0,0.0,0.0,0.0,0.0,0.0
MAR12742,846.6071744214864,123.54188313800867,109.47695510264008,724.4737228280924,867.9423702598245,963.4029939716864,991.7443220034103
MAR12743,-846.6071744214868,123.54188313800871,-991.7443220034103,-963.4029939716864,-867.9423702598249,-724.4737228280928,-109.47695510264008
MAR12746,0.0,0.0,0.0,0.0,0.0,0.0,0.0
MAR12747,14.118406959761368,14.383677377470326,0.04636550847228988,0.2509602020471503,9.41454672587509,47.889327497825846,54.417825924092654
MAR12748,0.0,0.0,0.0,0.0,0.0,0.0,0.0
MAR12749,0.0,0.0,0.0,0.0,0.0,0.0,0.0
MAR12751,14.11840695976137,14.383677377470324,0.04636550847228874,0.2509602020471511,9.414546725875088,47.889327497825846,54.417825924092654
MAR12753,0.0,0.0,0.0,0.0,0.0,0.0,0.0
MAR12756,7.705253834587233,6.9444760547666595,0.014927579255707864,0.26508150175992634,5.925796610452167,21.45815486945398,34.24015373323863
MAR12757,-7.705253834587225,6.94447605476666,-34.24015373323861,-21.45815486945396,-5.925796610452166,-0.2650815017599247,-0.014927579255688352
MAR12761,0.0,0.0,0.0,0.0,0.0,0.0,0.0
MAR12762,0.0,0.0,0.0,0.0,0.0,0.0,0.0
MAR12763,0.0,0.0,0.0,0.0,0.0,0.0,0.0
MAR12764,0.0,0.0,0.0,0.0,0.0,0.0,0.0
MAR12767,0.0,0.0,0.0,0.0,0.0,0.0,0.0
MAR12768,0.0,0.0,0.0,0.0,0.0,0.0,0.0
MAR12769,821.8151471100883,120.59245470225328,115.75712547820852,729.1377666193733,829.9341399012089,977.4856293669477,997.0263326363533
MAR12770,66.39516364581827,118.51834946990584,0.0162287357492305,0.862936629207597,52.56486947945134,96.87852030915487,870.4719973729678
MAR12771,-888.2103107559057,50.910234827447816,-997.1303765309044,-981.6626179982258,-888.3486524922233,-799.2142308971034,-753.7995038184196
MAR12772,60.73286140319474,123.06494857793439,-60.39875660904597,-30.910487798951532,43.012920473287814,129.2916986555974,874.7957246853944
MAR12773,13.367556077211319,51.88454952308399,-87.01955176431886,-54.93238800502805,0.040434387089362644,111.72751467483342,137.6254900043691
MAR12775,0.0,0.0,0.0,0.0,0.0,0.0,0.0
MAR12777,0.0,0.0,0.0,0.0,0.0,0.0,0.0
MAR12778,0.0,0.0,0.0,0.0,0.0,0.0,0.0
MAR12779,0.0,0.0,0.0,0.0,0.0,0.0,0.0
MAR12780,0.0,0.0,0.0,0.0,0.0,0.0,0.0
MAR12781,26.977951562637326,16.562945353623075,0.06929073307404453,0.3944519425678014,29.28010967361726,51.92746366086008,59.19793510171081
MAR12783,26.977951562637326,16.56294535362308,0.06929073307404489,0.3944519425678013,29.28010967361726,51.927463660860084,59.19793510171081
MAR12785,33.260592847433436,18.051522744047315,0.042359905725118725,0.43667084622055063,36.179627146147496,61.913234224734715,75.1375985568017
MAR12790,0.0,0.0,0.0,0.0,0.0,0.0,0.0
MAR12792,0.0,0.0,0.0,0.0,0.0,0.0,0.0
MAR12794,0.0,0.0,0.0,0.0,0.0,0.0,0.0
MAR12796,0.0,0.0,0.0,0.0,0.0,0.0,0.0
MAR12797,-231.3356261714905,244.59410373140895,-941.8550634293063,-890.0692513519335,-160.44208122917627,30.92866446768515,497.1012674831841
MAR12798,-231.3356261714893,244.59410373140963,-941.855063429307,-890.0692513519328,-160.44208122917524,30.928664467687323,497.1012674831821
MAR12799,0.0,0.0,0.0,0.0,0.0,0.0,0.0
MAR12800,231.3356261714905,244.59410373140895,-497.1012674831841,-30.928664467685234,160.44208122917627,890.0692513519334,941.8550634293063
MAR12806,490.48473051661375,159.27439138570293,60.176791029604374,298.3113757828039,487.1393286951247,916.8435740721543,947.8376781149261
MAR12807,559.5557260503949,169.1429355838738,68.70329150685552,323.0337542088192,578.2505392042867,930.0581559792724,951.0143155396424
MAR12808,0.0,0.0,0.0,0.0,0.0,0.0,0.0
MAR12810,0.0,0.0,0.0,0.0,0.0,0.0,0.0
MAR12812,0.0,0.0,0.0,0.0,0.0,0.0,0.0
MAR12814,0.0,0.0,0.0,0.0,0.0,0.0,0.0
MAR12815,0.0,0.0,0.0,0.0,0.0,0.0,0.0
MAR12817,0.0,0.0,0.0,0.0,0.0,0.0,0.0
MAR12820,0.0,0.0,0.0,0.0,0.0,0.0,0.0
MAR12825,-406.8293708101622,416.34018044579165,-939.2124620113287,-750.5107318838138,-537.3247576418535,837.3024023558864,895.1758116502664
MAR12826,-97.6232448876147,331.2755084452679,-946.135049668442,-907.5770964086872,-70.56798380539206,405.37890062237045,469.4645108867429
MAR12827,-504.45261569776585,185.71242660779222,-953.731266053977,-770.420802269335,-525.6709041120433,-71.17289647410651,-50.59751332955401
MAR12835,0.0,0.0,0.0,0.0,0.0,0.0,0.0
MAR12847,0.0,0.0,0.0,0.0,0.0,0.0,0.0
MAR12851,0.0,0.0,0.0,0.0,0.0,0.0,0.0
MAR12858,0.0,0.0,0.0,0.0,0.0,0.0,0.0
MAR12860,0.0,0.0,0.0,0.0,0.0,0.0,0.0
MAR12864,0.0,0.0,0.0,0.0,0.0,0.0,0.0
MAR12866,0.0,0.0,0.0,0.0,0.0,0.0,0.0
MAR12869,0.0,0.0,0.0,0.0,0.0,0.0,0.0
MAR12878,0.0,0.0,0.0,0.0,0.0,0.0,0.0
MAR12882,0.0,0.0,0.0,0.0,0.0,0.0,0.0
MAR12883,100.17838714430022,100.18633602322608,1.1005508384789537,6.104341234909996,60.69048181688527,272.7353904294423,549.1041581771983
MAR12885,0.0,0.0,0.0,0.0,0.0,0.0,0.0
MAR12888,14.118406959761503,14.383677377470296,0.046365508472290866,0.25096020204715963,9.414546725875246,47.8893274978259,54.41782592409271
MAR12890,0.0,0.0,0.0,0.0,0.0,0.0,0.0
MAR12891,0.0,0.0,0.0,0.0,0.0,0.0,0.0
MAR12893,0.0,0.0,0.0,0.0,0.0,0.0,0.0
MAR12894,0.0,0.0,0.0,0.0,0.0,0.0,0.0
MAR12895,0.0,0.0,0.0,0.0,0.0,0.0,0.0
MAR12896,0.0,0.0,0.0,0.0,0.0,0.0,0.0
MAR12898,0.0,0.0,0.0,0.0,0.0,0.0,0.0
MAR12899,0.0,0.0,0.0,0.0,0.0,0.0,0.0
MAR12900,0.0,0.0,0.0,0.0,0.0,0.0,0.0
MAR12902,0.0,0.0,0.0,0.0,0.0,0.0,0.0
MAR12905,0.0,0.0,0.0,0.0,0.0,0.0,0.0
MAR12906,23.645531533273008,17.06974604907402,0.01858583331579159,0.029385301663536693,19.367457031862894,53.040108640784965,76.60192284408718
MAR12907,-1.5141157886227647,9.44441384378088,-41.461002000188046,-21.2887024052252,0.0035758771607953075,9.870743291376304,18.30269844076559
MAR12908,0.0,0.0,0.0,0.0,0.0,0.0,0.0
MAR12909,0.0,0.0,0.0,0.0,0.0,0.0,0.0
MAR12914,0.0,0.0,0.0,0.0,0.0,0.0,0.0
MAR12917,0.0,0.0,0.0,0.0,0.0,0.0,0.0
MAR12920,26.977951562637337,16.56294535362308,0.06929073307404414,0.3944519425678014,29.280109673617268,51.927463660860106,59.19793510171084
MAR12921,0.0,0.0,0.0,0.0,0.0,0.0,0.0
MAR12925,0.0,0.0,0.0,0.0,0.0,0.0,0.0
MAR12926,0.0,0.0,0.0,0.0,0.0,0.0,0.0
MAR12936,0.0,0.0,0.0,0.0,0.0,0.0,0.0
MAR12939,0.0,0.0,0.0,0.0,0.0,0.0,0.0
MAR12941,0.0,0.0,0.0,0.0,0.0,0.0,0.0
MAR12943,0.0,0.0,0.0,0.0,0.0,0.0,0.0
MAR12944,-407.6458544337327,164.52556709564328,-873.5991352134548,-673.4892162732674,-390.79247441781854,-43.03522886197596,-35.2816550350129
MAR12945,0.0,0.0,0.0,0.0,0.0,0.0,0.0
MAR12946,0.0,0.0,0.0,0.0,0.0,0.0,0.0
MAR12948,407.64585443373323,164.52556709564317,35.281655035012896,43.03522886197595,390.79247441781877,673.4892162732681,873.5991352134548
MAR12949,0.0,0.0,0.0,0.0,0.0,0.0,0.0
MAR12953,0.0,0.0,0.0,0.0,0.0,0.0,0.0
MAR12955,0.0,0.0,0.0,0.0,0.0,0.0,0.0
MAR12956,14.118406959761371,14.383677377470324,0.04636550847228874,0.2509602020471511,9.414546725875088,47.889327497825846,54.417825924092654
MAR12957,0.0,0.0,0.0,0.0,0.0,0.0,0.0
MAR12959,74.10041748040543,117.62732468682708,0.1177020730009343,2.021743325665003,59.697951325519774,108.30095930616373,872.1484818060071
MAR12964,66.39516364581827,118.51834946990583,0.016228735749232424,0.8629366292075966,52.564869479451346,96.87852030915492,870.4719973729677
MAR12965,26.977951562637337,16.562945353623086,0.0692907330740447,0.3944519425678014,29.28010967361726,51.92746366086011,59.19793510171084
MAR12967,0.0,0.0,0.0,0.0,0.0,0.0,0.0
MAR12968,33.26059284743343,18.051522744047315,0.042359905725118725,0.43667084622055063,36.17962714614748,61.913234224734715,75.1375985568017
MAR12970,0.0,0.0,0.0,0.0,0.0,0.0,0.0
MAR12971,0.0,0.0,0.0,0.0,0.0,0.0,0.0
MAR12973,0.0,0.0,0.0,0.0,0.0,0.0,0.0
MAR12974,0.0,0.0,0.0,0.0,0.0,0.0,0.0
MAR12976,0.0,0.0,0.0,0.0,0.0,0.0,0.0
MAR12977,0.0,0.0,0.0,0.0,0.0,0.0,0.0
MAR12978,0.0,0.0,0.0,0.0,0.0,0.0,0.0
MAR12979,0.0,0.0,0.0,0.0,0.0,0.0,0.0
MAR12982,0.0,0.0,0.0,0.0,0.0,0.0,0.0
MAR12984,0.0,0.0,0.0,0.0,0.0,0.0,0.0
MAR12986,0.0,0.0,0.0,0.0,0.0,0.0,0.0
MAR12989,0.0,0.0,0.0,0.0,0.0,0.0,0.0
MAR12991,0.0,0.0,0.0,0.0,0.0,0.0,0.0
MAR12994,0.0,0.0,0.0,0.0,0.0,0.0,0.0
MAR12997,-89.04921004151686,100.39209236520915,-546.3457564924839,-267.10795781712,-51.72847686456194,9.537002266590736,23.537995260474315
MAR13002,-98.43294531513021,54.37372734765566,-200.00398823268176,-183.1657905665485,-95.33143096014334,-5.826229355166161,-0.4066612604187867
MAR13009,0.0,0.0,0.0,0.0,0.0,0.0,0.0
MAR13010,0.0,0.0,0.0,0.0,0.0,0.0,0.0
MAR13014,0.0,0.0,0.0,0.0,0.0,0.0,0.0
MAR13016,7.705253834587229,6.9444760547666595,0.01492757925568566,0.2650815017599259,5.925796610452166,21.458154869453956,34.24015373323861
MAR13017,0.0,0.0,0.0,0.0,0.0,0.0,0.0
MAR13018,0.0,0.0,0.0,0.0,0.0,0.0,0.0
MAR13026,0.0,0.0,0.0,0.0,0.0,0.0,0.0
MAR13040,-0.0989166280179819,0.07201244683167067,-0.3781305471107838,-0.3648521511985517,-0.08430118760076785,-0.04497608156224636,-0.036553418107622956
MAR13041,-0.839303455889308,0.7556883508097587,-2.9222483247048157,-2.4560911862502355,-0.5613444311019571,-0.10300410633854465,-0.06949374281794492
MAR13042,-1.287397136575996,0.9674152251114436,-3.627164122860822,-3.006335644178417,-1.0226482999320932,-0.19992282353162405,-0.06997460140012243
MAR13043,-1.1643019778862935,0.952553648494452,-3.2739658089510115,-3.0359902599517374,-1.0101941989312735,-0.018418145146964965,-0.0038489252878584966
MAR13044,-1.3479727458140698,1.0091299590695484,-4.014417201937027,-3.4070299282515815,-0.9973845801478625,-0.12144666705499223,-0.003680154923599002
MAR13045,-1.6421359616337996,1.3517271854801887,-4.924344813388665,-4.427291037560729,-1.333206852189502,-0.1568480725943226,-0.08680482709760726
MAR13046,-0.9613850772275527,0.8238079852465008,-3.3707383665488533,-3.017466618270839,-0.8523250365963546,-0.047204303029860194,-0.0028478285004742985
MAR13047,-1.7664133992813722,1.2140634589109573,-5.653594221800276,-4.043236980045253,-1.7940807872964966,-0.08498446168911451,-0.0018572149584798465
MAR13048,-3.409935838092937,3.1004869730372984,-11.754395919015511,-9.585343286964461,-2.405455585965162,-0.30574414376226133,-0.031823666840256414
MAR13049,-0.5497759821008856,0.4045427049708559,-3.644006229777225,-1.359772005398673,-0.4520280421805465,-0.08972019686046404,-0.0033310496083002305
MAR13050,-0.13548275421412795,0.06797309572856898,-0.3840069834975889,-0.3709498723072696,-0.13005605120243202,-0.06768774626106407,-0.05140858897133783
MAR13051,-0.8889687426661188,0.7909702853187875,-3.7932860924687604,-2.869079449475911,-0.5164866346789476,-0.16290342931731158,-0.08083685464342558
MAR13052,-1.8688621269231631,1.571500317693025,-7.463570328150776,-4.348089141985229,-1.2816439841700278,-0.17695576100982852,-0.009250799334548919
MAR13053,-0.7093929115524612,0.6262534086341286,-2.5081787338754875,-1.9983978996377603,-0.5999358947335671,-0.017449090345483805,-0.006488886661881885
MAR13054,-0.7388414488619893,0.7134236047628362,-3.1122210687201424,-2.231040613485169,-0.577925300786905,-0.015593828231164727,-0.0008757718936134636
MAR13055,-0.09775547908718156,0.07280747370229074,-0.37811703281457476,-0.3647671500504647,-0.08417329477788588,-0.03938106399522829,-0.027972746947624073
MAR13056,-1.2923227365094923,2.427981980745296,-11.995126399649804,-7.98111981656424,-0.43040340415233136,-0.15437462259819132,-0.0778397644671329
MAR13057,-1.2136827991385144,1.051782949617193,-6.199800098338579,-3.147762582062751,-0.8222258456439334,-0.15732753055645368,-0.0649182771226172
MAR13058,-0.9737442422120232,0.7843834147978018,-3.0174877856505984,-2.3757206947724643,-0.9034807061997008,-0.0029358148016148974,-0.0002148746262919545
MAR13059,-0.6222426714634999,0.5635180261624706,-3.367867272526048,-1.706129337915856,-0.45344677212025075,-0.12767017374131284,-0.08295218157041022
MAR13060,-0.9923357941111051,0.6522544349387035,-3.355181723471636,-2.4905339698348867,-0.868740273654151,-0.28101996290258424,-0.046544110252064466
MAR13061,-0.13548275421412787,0.0679730957285689,-0.3840069834975889,-0.3709498723072697,-0.13005605120243321,-0.06768774626106497,-0.05140858897133783
MAR13062,-3.070949432730564,2.5438920722337977,-9.54885029683763,-8.037932648018925,-2.168798367981068,-0.25431706298058393,-0.003267275747684669
MAR13063,-1.5117985799666322,1.5098873641877235,-5.203908507168233,-4.650184117870606,-0.7814704542014483,-0.03075395329430212,-0.003883756789417619
MAR13082,112.48942984913408,0.1997705695715536,112.35465326022742,112.36096189281848,112.42622110835651,112.77511074488754,113.90008012868216
MAR13086,12.643811915042669,0.02245421201983975,12.628663026449539,12.629372116752787,12.636707252579267,12.675922447725329,12.802369006463856
MAR20016,0.0,0.0,0.0,0.0,0.0,0.0,0.0
MAR20070,0.3747193150833054,0.47940715965265324,1.4189679931001599e-06,0.0008377662385653926,0.16009322696403364,1.4800334975255007,1.5269924402519195
MAR20112,-1.0613645686413488e-14,5.576447346443346e-15,-2.920727298659254e-14,-1.743685082262031e-14,-1.2262304699109212e-14,-1.0400300928890079e-16,4.514481480116406e-16
MAR20114,402.8262339687748,124.02823852334063,64.04174699940602,153.32698286968457,438.2923539413151,550.1985110392209,589.1684220626527
MAR20134,201.1965275963968,158.51085068136763,36.33098004931858,48.598554912998495,141.31795780772066,498.4733573403716,881.061263942096
MAR20137,426.25933949970545,204.33353944193297,46.870138382378286,144.5093823085226,433.0904157984915,930.0122584711388,947.0640268814873
MAR20139,-631.53183159514,157.43205211336127,-996.5697218625979,-983.7118013531469,-626.6187030347592,-303.9910704952413,-267.51551700253054
MAR20163,-4.527328336309241,0.008040106182373021,-4.584102354915097,-4.538826049616326,-4.52478439308182,-4.52215792501167,-4.521904023368454
MAR20165,-209.7998204317466,158.51550105194949,-889.6551248577749,-507.1481381628032,-149.92503844982016,-57.20843491487445,-44.92898375941604
