reaction_id,mean,std,min,p5,median,p95,max
MAR00003,0.0,0.0,0.0,0.0,0.0,0.0,0.0
MAR00011,0.0,0.0,0.0,0.0,0.0,0.0,0.0
MAR00014,0.2984960683220365,0.11693894840629802,0.03593661425063913,0.05614053443763292,0.33163575995561567,0.4219163101496183,0.46569377752782354
MAR00016,2.7113153279015896e-13,3.256455148393088e-13,-4.81513498011291e-13,-3.4318878396924835e-13,2.8146045824709133e-13,7.453870539447971e-13,1.2699692228972035e-12
MAR00018,151.4053217844203,220.00054038652704,-72.73584453722788,-24.846154696776765,51.935688756435866,742.1597742392671,791.2146695020131
MAR00019,4.241397819547906e-14,5.60421929560295e-14,-7.178103811654404e-14,-1.9974260309109572e-14,3.6469819559364957e-14,1.9679620635798853e-13,2.218416438082988e-13
MAR00020,0.0,0.0,0.0,0.0,0.0,0.0,0.0
MAR00035,3.3431352578151484e-16,3.7153042900440933e-16,-3.207763878559291e-16,-2.19115913789609e-16,2.8675066226493356e-16,1.148954604717326e-15,1.3335087053672632e-15
MAR00040,284.7064922006781,171.8765172026436,1.107503843839596,22.324246830216087,281.67103588392706,710.08025123325,779.0082944811656
MAR00060,-560.5323493806967,145.96653685950272,-955.9459244547292,-915.319619383081,-538.7827823185371,-368.2842947157284,-280.13133860817425
MAR00061,0.0,0.0,0.0,0.0,0.0,0.0,0.0
MAR00063,3.965000146972288,5.267990833826992,-2.1345081025655137,-1.5036592445184755,2.137481043204237,17.471271168067716,19.032325700310288
MAR00064,-90.54175294727727,139.30888597520146,-893.9757217121635,-195.9211468952624,-66.47441962392483,10.788995255268212,120.81438536950628
MAR00067,193.2780950926533,81.06259498484522,16.039547078429507,63.10218292400331,186.65524471352978,322.28400308138055,384.8499117569302
MAR00075,-7.530637984349853,9.042162736877268,-34.25274173464358,-22.77256909363066,-4.884202136907094,3.525415327753251,12.226239229426142
MAR00076,485.48665252352924,207.3910114193082,54.66615464063778,81.71500417283832,528.3564895845182,811.6757789103464,943.6575359904148
MAR00077,-5.342747966073044,5.19661124536037,-19.719156675816464,-17.970786495104864,-3.495915209264921,-0.18507666768332173,-0.00977199804853198
MAR00078,3.8183499029992416,2.6133368538637556,0.00029197550951001446,0.12292482793730772,3.4339058228471946,9.304397329268543,11.505332822718847
MAR00083,0.0,0.0,0.0,0.0,0.0,0.0,0.0
MAR00084,-4.103383263788034e-15,1.5833956789927743e-14,-6.884629177406305e-14,-3.002702822423206e-14,-1.9140103265005602e-15,1.7071873538756844e-14,2.0663034630351597e-14
MAR00085,-2.6885996589304426e-14,1.0841666031659817e-13,-3.2460481824714775e-13,-2.939271042285604e-13,-8.620982639960797e-15,1.5000244549024088e-13,1.6532040728786787e-13
MAR00089,304.6840773134824,103.22595547621894,26.403200245006587,71.16914787102858,315.1554797874196,469.9755937893265,493.8966955914576
MAR00095,0.004714033184494474,0.00012330930519901916,0.004651701538071838,0.004652544084685649,0.004661817297111688,0.005095118237998712,0.005137481874827125
MAR00099,-700.9368433387575,147.39537505918724,-991.5991182238132,-937.6169373834426,-705.5358806754396,-535.8134833723454,-84.6325853807266
MAR00100,-352.78784486052695,204.5878615904323,-948.084468387293,-880.1912111086107,-313.9235745696865,-64.90400868787101,-32.966486253105884
MAR00101,0.0,0.0,0.0,0.0,0.0,0.0,0.0
MAR00102,73.87983002947675,438.8451990671777,-890.6221864045178,-816.727259474918,168.08590523315766,715.14015341957,910.5870304821863
MAR00104,0.0,0.0,0.0,0.0,0.0,0.0,0.0
MAR00105,126.8777856028301,450.347721194669,-890.6109794914673,-794.1519026669429,251.29799677340196,735.5702154999582,922.6463600696452
MAR00106,-5.108883871346112,398.72434119158197,-886.5643980339047,-471.17103641531224,-127.29076102245506,827.970979072736,894.5008404293368
MAR00107,83.19282047285333,441.69508526243783,-890.6650128720227,-815.3539746432879,190.69287694069112,717.5201119015385,910.3645231997946
MAR00109,-1.743021294071088,1.9144531290231002,-9.314320463587336,-5.936150950531744,-1.0051673055284267,-0.0028401083408018894,-4.3540365600500496e-05
MAR00110,2.8412286400793563,155.24917501667684,-866.3153385856049,-130.65052596116743,20.497478502553918,160.05968930853587,256.3522723665876
MAR00111,391.2601824625658,188.62400583056666,11.143882218597604,49.15242787228632,415.1011094556401,638.1894603964292,758.9101179959711
MAR00112,81.02397946127326,70.41919534505622,-46.319931594908866,0.1368715224764617,73.31659029144234,213.40839619520534,436.50088058991025
MAR00115,0.0,0.0,0.0,0.0,0.0,0.0,0.0
MAR00116,0.0,0.0,0.0,0.0,0.0,0.0,0.0
MAR00118,0.0,0.0,0.0,0.0,0.0,0.0,0.0
MAR00123,0.0,0.0,0.0,0.0,0.0,0.0,0.0
MAR00128,36.17465449031259,400.4711258894769,-896.4160482908345,-475.2174409878213,-28.82186163943382,825.9157822006196,890.9492993743806
MAR00138,18.719909583633875,411.2783738690017,-909.0051237085388,-487.1842376368296,-69.00065340231384,823.915260050484,890.6560703932454
MAR00142,-7.352545947066277e-14,2.400803754013632e-13,-7.829048467091899e-13,-7.449959116948538e-13,-4.916108718431017e-15,1.7504116208144532e-13,2.2335174028366324e-13
MAR00143,85.13061089930807,360.09759921651096,-369.21062589220656,-327.28404683303575,-21.80259055302855,845.7698807245248,934.1731495948007
MAR00144,26.54082747653381,30.616219600187247,0.013389275260319865,0.48485613376615533,23.023937251814605,46.26864072700055,248.55718494542936
MAR00145,2.0368516235273666,2.099427619714756,0.0002425408709199589,0.03376447950642711,1.218908054828297,6.596607554181691,9.0592180841755
MAR00146,10.689367985828376,7.549988153784406,0.00517569896074527,0.34640218533848427,10.716701451408227,23.181619048901872,27.559359267983403
MAR00147,1.8719286574734637,2.40356380304515,0.00031968561205852284,0.023047488152310894,0.903146886797028,7.629376184604412,11.161968802745045
MAR00148,3.6330336007815958,3.2610837876521828,9.358720464265366e-05,0.07550548290055542,2.7417481007086284,10.275486779255198,12.931300105288628
MAR00149,13.629050632401777,10.35110175007156,0.0005436966162741135,0.21521046444152864,12.378330884657846,33.34876593768953,40.50042810379717
MAR00150,2.891562337223459,2.8869535974965825,0.0004042045371879095,0.03547169524104462,1.895858404558346,9.396438299166334,13.375409962599527
MAR00151,6.294112846957691,4.553038229409086,0.00031696984698788093,0.1063441783388983,6.276697476970508,14.54312983341638,18.22204479319693
MAR00152,-1.5486905008175134e-14,2.2714228963744676e-14,-7.583665429986504e-14,-6.917713178842396e-14,-7.180587640991894e-15,-9.368122993320742e-17,2.6652750793450415e-14
MAR00155,1.1393330608811576,1.118169711313949,3.8644938855179755e-05,0.025861729801350736,0.8833704094783391,3.7908539760864617,5.744426696340495
MAR00156,1.1393330608811572,1.1181697113139484,3.864493885505136e-05,0.025861729801352026,0.8833704094783392,3.7908539760864595,5.7444266963404935
MAR00159,1.139333060880926,1.1181697113138547,3.8644938850327184e-05,0.02586172980134115,0.8833704094783228,3.790853976085566,5.744426696340399
MAR00160,141.0590443000077,454.8053629214328,-897.5132499605513,-813.557123719977,339.05288927248836,625.2266885416535,833.5749292157857
MAR00161,44.0105791364005,98.95025239615423,-9.312100644475265,-3.7176680738676025,8.032287231663378,354.2724754018152,403.7163031617379
MAR00162,0.0,0.0,0.0,0.0,0.0,0.0,0.0
MAR00164,0.0,0.0,0.0,0.0,0.0,0.0,0.0
MAR00165,0.0,0.0,0.0,0.0,0.0,0.0,0.0
MAR00167,0.0,0.0,0.0,0.0,0.0,0.0,0.0
MAR00168,0.0,0.0,0.0,0.0,0.0,0.0,0.0
MAR00170,1.6030482239873782,1.7339122518985703,0.00014221885412170573,0.00592028363413574,0.8703187372605924,4.864434845863854,7.072102606396837
MAR00171,1.6030482239873782,1.7339122518985701,0.00014221885412172563,0.005920283634135549,0.8703187372605925,4.864434845863852,7.072102606396839
MAR00172,1.6030482239873785,1.7339122518985706,0.00014221885412172563,0.00592028363413574,0.8703187372605925,4.864434845863854,7.072102606396839
MAR00173,15.130636794780411,27.61978801262811,0.007311818010916248,0.10106625660429053,5.543340111435836,100.34912760376461,111.80249703396609
MAR00174,15.130636794780399,27.6197880126281,0.007311818010916435,0.10106625660429067,5.543340111435829,100.34912760376459,111.80249703396606
MAR00175,15.130636794780443,27.619788012628113,0.007311818010916361,0.1010662566042905,5.543340111435832,100.34912760376464,111.80249703396609
MAR00176,3.2398370997977657,2.2951764333243077,0.00013504222733265396,0.025117177016648083,2.994523600727579,7.295445109695294,11.216390324614009
MAR00177,3.2398370997977652,2.295176433324307,0.00013504222733232136,0.025117177016648083,2.994523600727579,7.295445109695292,11.216390324614009
MAR00178,3.239837099797766,2.2951764333243077,0.00013504222733265396,0.02511717701664828,2.9945236007275797,7.295445109695294,11.216390324614009
MAR00179,25.805606995368677,27.11314906404873,0.004002355832696013,0.2990559335596294,16.067290108229052,86.69713951454118,131.71039533539636
MAR00180,1.477042032978586e-14,4.070392994412627e-14,-5.204971581829034e-14,-1.876057529466397e-14,5.3760037267539146e-15,1.3387873105080849e-13,1.562730803902287e-13
MAR00182,1.4710697419129475e-14,4.07074400214379e-14,-5.343843132977088e-14,-1.8574594914647177e-14,5.384851589334175e-15,1.3444623404714796e-13,1.5693060956435577e-13
MAR00183,8.70731540125711,35.110929293272044,0.007317253865272905,0.1977436768129148,2.352645785724958,12.23193440345457,232.8419100076362
MAR00184,8.70731540125711,35.11092929327204,0.0073172538652727295,0.1977436768129131,2.352645785724956,12.231934403454567,232.84191000763613
MAR00185,8.70731540125712,35.11092929327203,0.0073172538652728145,0.19774367681287372,2.352645785724933,12.231934403454572,232.84191000763613
MAR00187,256.59612011160715,139.64129381155817,3.808012352734543,21.07860684414044,258.60655995989487,456.9883242560958,692.6627289633275
MAR00188,0.9826596087257999,1.1581788273422207,2.4531045149420856e-06,0.00061093982906184,0.7206261737130037,3.9479082341241254,6.010336926501761
MAR00189,1.2478816156940529,1.1813722451408697,0.042936914851026936,0.1087580289381593,0.9685705674520526,4.274355497013426,6.272927310275896
MAR00191,-2.5475965818504307e-17,3.92981596847345e-17,-1.3450982377554349e-16,-8.376432328919275e-17,-2.5894442161119784e-17,4.88079975739228e-17,6.172291855228036e-17
MAR00192,0.49281777373419927,0.7725282010197422,3.5431067541752966e-05,6.562875486953202e-05,0.13538651645684646,2.7539594977006625,3.3350403924990326
MAR00193,0.7580397807024561,0.7849945422717863,0.05776295490580534,0.10817894355690215,0.41045273037706365,3.053617658580648,3.6338369850519796
MAR00195,18.514873234424762,15.94471919800633,0.0010201732189743587,0.47306982893047506,12.457926872160265,50.340221940086465,65.08952440476772
MAR00196,1.3940042544891074,1.1462411954554905,0.00014641601367281095,0.038844832441195055,1.1623537763865501,3.718009478987768,4.568356784471663
MAR00197,8.849978850838692,2.565230227668659,0.875848175988297,3.6101190538465198,9.04110940281286,12.440913831335514,14.647308274863809
MAR00199,0.7565257469850101,1.1287023317126146,7.827315599173262e-05,0.007355131609174347,0.4035995305599327,3.2728435586242055,5.6793254137067954
MAR00200,2.4680747338931184,3.1120004054815253,4.9309507046279625e-08,3.560863784369019e-05,1.2047370713083567,10.186060057865495,10.946993128715805
MAR00201,4.0959538762062895,3.9166452171695947,0.07014383532103875,0.11106348287735078,2.71387757107338,12.438433736413291,14.26883242809782
MAR00202,2.1191828823299304,1.7112755984446006,0.0001707548114159851,0.08889758225211841,1.997350442496233,4.8415113910937695,7.80367574048758
MAR00203,7.079605687248121e-16,1.4179201530776794e-15,-2.2436740311853677e-15,-1.0476394178391728e-15,2.639056673435665e-16,3.874613242489172e-15,4.503011787317936e-15
MAR00204,1.262744860907933,1.874103045386249,1.5404358201764972e-05,3.282296985411613e-05,0.6610651556415195,7.28535601478934,7.380832172860407
MAR00206,1.5279668678761864,1.8810465085343855,0.028965830040334886,0.108283503994272,0.8841305336607936,7.52702593166344,7.626641324928789
MAR00208,-2.8971290766906423e-16,6.101544357197277e-16,-2.487908710390041e-15,-1.6447388619520947e-15,-1.346656512768952e-16,4.3737427014066407e-16,1.897239436363528e-15
MAR00209,0.7430772660164098,1.0588997800686086,2.489097673989288e-08,1.7960183081540746e-05,0.2076641530337202,3.3327342066825003,4.338414530133791
MAR00210,1.0082992729846647,1.072269031098306,0.036271825843552166,0.10821344253566748,0.49889049436575195,3.5530496746766547,4.667691329373696
MAR00212,-1.4667457212292967e-15,2.0314832138107538e-15,-9.878850502156765e-15,-6.013285312413454e-15,-1.165848196241165e-15,2.606707623611215e-16,1.7568886543089713e-15
MAR00213,0.6426684730443664,0.9186617571307555,6.456114375376599e-05,0.005435671430500014,0.3308805811018786,2.7759527995574373,5.135055050633925
MAR00214,0.9078904800126261,0.925482329043791,0.05496186692254012,0.11008395558740615,0.5766371404360123,2.9990474452309335,5.458614155443482
MAR00216,156.94568868477782,165.99303995963456,0.02588835405114689,12.395836286138726,96.98959806547407,634.8920919318795,683.2816522458594
MAR00217,4.294277558360173,5.192338878149975,0.0008036279253801507,0.029277834157588112,2.1899007826295014,17.556792334361088,20.631989418258534
MAR00219,-758.0387972810391,153.7172731565026,-999.7181734832659,-993.8030342888532,-769.134499755175,-541.4103353804904,-123.1836426435695
MAR00220,-3.1365891933909137e-14,1.0487091553082585e-13,-3.4434999550660137e-13,-3.061288207378084e-13,-1.5260450292201725e-14,1.167723215261963e-13,1.521327639911308e-13
MAR00221,-2.5297399194194067e-14,2.8929994595467663e-14,-1.0051928066520104e-13,-7.509660768109915e-14,-2.343586367384285e-14,1.4140988284804001e-14,2.59318260415644e-14
MAR00222,210.45421706610864,238.9015819266194,0.13855534709497952,8.704994391954912,93.64601472291315,803.9433081746345,890.5897406261989
MAR00223,38.543573130261954,27.602230936397586,0.10455465104979297,0.998069091101021,41.79826479210848,83.49670057478653,109.98707826626014
MAR00225,231.90014431247852,118.12735111359302,28.095032355625463,48.61195485398457,249.45118767508245,407.344691141969,559.9678288327452
MAR00226,0.8424763399860197,0.6599328859566858,3.5785980494127035e-05,6.563201999794851e-05,0.8960657592621653,2.3451683816240827,2.5131160542986177
MAR00227,270.7685016224016,260.0153554993777,28.05972270626472,57.37581011701376,152.88792871245008,899.2968145394764,961.0460757514212
MAR00229,0.0,0.0,0.0,0.0,0.0,0.0,0.0
MAR00230,79.22074411482568,130.35686352459038,5.886869109928363,7.078521885061268,54.69763766842131,201.63511762603116,871.2891214724345
MAR00232,1.1739492517260466e-15,2.072261723878499e-15,-1.7175927422010174e-15,-9.173468084952147e-16,2.84185337057687e-16,5.481287818814374e-15,5.567323373670628e-15
MAR00233,0.4936118031939709,0.6242257893234431,2.1204494666380048e-05,0.0054074677772222475,0.17413968350440656,2.084758636532514,2.1142063008317566
MAR00234,0.7588338101622242,0.635475064622553,0.02682940691781427,0.10988035662173798,0.4447701824251993,2.4013166936250707,2.4206559976873407
MAR00236,-3.5858679101226e-16,2.1935751380851255e-15,-7.518621637952824e-15,-4.9714523084457306e-15,-1.9273915108395198e-16,2.59313753099429e-15,6.3227587787225956e-15
MAR00237,0.5195813429705305,0.8312989882045588,6.78144488396322e-06,2.8573422342947476e-05,0.11878608998400887,2.6048724180841862,4.246184262681797
MAR00238,0.7848033499387866,0.839622091953862,0.04096827826377648,0.10819256004918636,0.43268615485444883,2.8260881436134677,4.56116309957943
MAR00240,2.65097370255715e-16,6.157565193288767e-16,-1.8189808267944587e-15,-2.782393272227867e-16,1.7315896618359988e-16,1.4948378531580376e-15,1.5953479267854598e-15
MAR00241,0.5314049913585995,0.8527644439168401,2.306851060091942e-05,0.004738965723501253,0.15039990515725993,1.1770491391552336,4.437291482266725
MAR00242,0.7966269983268556,0.8686164208016992,0.06161708977592968,0.10836193724812505,0.4305743757953903,1.4908642250866064,4.678752348457519
MAR00244,-3.6445776183186323e-16,6.221751924605047e-16,-2.0828258601043465e-15,-1.5621525894330321e-15,-7.069573415068866e-17,4.1803279888696238e-16,8.246184833191029e-16
MAR00245,0.7565924012842807,1.1341767996426124,2.0850333239322992e-05,9.493070178635546e-05,0.25874276177008537,3.385582889208066,4.5364618489185835
MAR00246,1.0218144082525393,1.1564070868178022,0.034469177217409,0.10823050138341726,0.5168997085550987,3.68515519406928,4.849494795377787
MAR00248,59.712753128251485,27.503544479996656,0.1546446943033794,2.535956997421811,59.52058124296538,104.4985007199328,110.44883689154045
MAR00249,3.1952974856689345,3.7751583334528496,3.441053876204747e-05,0.04615010044221503,1.8757212127430734,11.769968273098712,19.761750271880878
MAR00250,42.80818596702997,15.405784694540694,4.187121593003521,22.132099920158048,39.409631529970206,67.52613006388118,78.01409136208304
MAR00252,108.54188106958522,458.70006542441837,-890.6230032757352,-815.1191399318286,230.26207105464226,758.430682368968,909.5297488279313
MAR00254,2.782032925951478e-16,2.037529747290853e-15,-3.594075538134228e-15,-2.807908896103606e-15,1.6905416544431689e-18,5.033509559591659e-15,5.915239217877232e-15
MAR00255,1.357312663863391,1.249684232538014,3.2812829226339656e-05,0.0019191853226523028,0.9036053876556733,4.352599992699125,6.59380335202668
MAR00256,1.6225346708316462,1.2718301850590783,0.029586972971549313,0.10875507827311631,1.1440678979075338,4.623016809351367,6.857514246687805
MAR00258,-1.815615068238154e-14,3.789715227115058e-14,-1.6005712132381883e-13,-1.0186196097959627e-13,-7.828731541241267e-15,2.939125903483295e-14,1.0430945719742861e-13
MAR00259,0.5548917883448,0.8078386077961862,3.854237135251556e-06,2.273184508968785e-05,0.33134595625731394,1.427848073970853,4.903555271736922
MAR00260,17.131267223860803,4.639807530359338,1.5461022747226674,6.758569776401405,18.550372382273856,22.504431371019383,23.293805385403587
MAR00262,-1.5755124416823465e-13,1.6539126773241802e-13,-5.442109165725182e-13,-4.261146717451653e-13,-1.69105610199209e-13,1.532979205903729e-13,2.0038926596348527e-13
MAR00263,1.3080940334346653,1.0482338550389971,8.738220269477484e-05,0.008241732818471079,1.0077539334295755,3.101648179492472,5.187656856724865
MAR00264,103.75009422492387,28.104737755482123,9.505772076979758,41.769057306733934,110.9553499839458,139.07691036243446,143.64539632323306
MAR00266,2.0200664595693025,1.7404747991733598,0.00011390081522498525,0.007539303178552779,1.7195966763275092,5.095748570630903,6.250874911646986
MAR00267,2.263021679502363,1.9717571727013197,4.933662072615543e-05,0.0002414543128743046,1.9322493296959062,5.559112242281838,8.636315204337674
MAR00268,3.1692564730774446,2.575357719236193,0.03596930128614038,0.10866564259661836,2.837645230994658,7.227088616114548,11.732176589005476
MAR00270,0.01355123334605959,0.010672636846580508,1.3324517082174076e-06,0.00014083557053049203,0.012908277349695758,0.03409308341823494,0.04509939827536126
MAR00271,4.004173251404653e-16,1.7376122256295603e-15,-4.261658626768414e-15,-2.9638715582138303e-15,2.5081673060166564e-16,3.5385306570810176e-15,4.347362882172483e-15
MAR00272,0.2516707736221976,0.06827521321490004,0.02415501774807754,0.10808519358550428,0.2626943873447904,0.35722031303118434,0.36973912100220413
MAR00274,3.5373573144125583,10.724670510298616,9.87879147692926e-05,0.0005502060699409053,0.7904671633648772,17.29028563380777,94.26337615121211
MAR00275,5.360852777597272,16.719453058482422,6.949930691803018e-05,0.0003200034281719971,1.5453870243588042,27.22342126489684,147.70807423382203
MAR00276,2.088717470152987,6.061843450426857,0.00046123289461198866,0.10285337913112794,0.3977683100970668,10.083389735821523,53.76730128217265
MAR00278,1.9056250415459633e-15,4.620986818556454e-15,-6.6423286321870966e-15,-5.808993146002749e-15,7.745320947983918e-16,1.1648059478680668e-14,1.9984836087719443e-14
MAR00279,1.007503342175831,1.176287749914024,3.2812829226330705e-05,0.001052270461238202,0.5179510458897624,3.9722000538966817,4.066068633393613
MAR00280,1.2727253491440886,1.1878936769984376,0.034729752998333696,0.10946892775527454,0.8474450605982411,4.217079305290532,4.3118777854619985
MAR00282,1.4378407338553407,2.0830270061363048,0.001805293953468801,0.01415480904552615,0.5103077872635824,7.140157730146936,8.858468580791993
MAR00283,2.246255953022583,2.8559484525067838,0.00021369293586936996,0.012217442434249777,0.9029077452361168,9.91519135123781,11.62482099280948
MAR00284,1.0736372261354095,1.0942120158156285,0.003330893370578263,0.10554593832077741,0.44165717892080636,3.030054765788078,3.825418954343513
MAR00286,170.43955115048425,351.68660055719494,-887.731079092585,-200.7932693135004,132.2125329869484,857.8763478849647,934.3855626258385
MAR00288,1.3252490706448537e-15,4.9309051914323564e-15,-8.467017592028603e-15,-6.186346148732517e-15,3.54964837067371e-17,1.023973461583114e-14,1.2902318404945926e-14
MAR00289,1.118478979855312,1.3152866324311707,2.4890976809101737e-08,3.894394301574382e-06,0.2982320568283343,3.652539044342511,3.7595876589400916
MAR00290,1.3837009868235655,1.3368435202436018,0.032287734170062324,0.1082513134252325,0.5913606214368068,3.8894163000870505,4.003019705835642
MAR00292,0.5384559792897115,0.7865307022962796,5.3263273520261434e-05,0.0032618991644361105,0.35446323880848046,1.5636387394918079,5.2967203950928905
MAR00293,0.461936900959911,0.5120424125444971,2.8858580475501857e-05,0.0011554291045882646,0.3452892699789023,1.4664435436190664,3.189484789024541
MAR00294,0.727158907928167,0.536702334960648,0.042803825059825225,0.10821711020102474,0.644427871444275,1.7691347457015827,3.5310300933554646
MAR00295,1.4937215311139282,1.417328589820929,0.0001032676405976641,0.003307849784044535,1.1327463618880442,4.15337952344876,5.955650508976829
MAR00296,1.6474470348308037,1.9872186471148192,0.0009997898649117332,0.04429244329340113,0.8458348827150854,6.606118417547245,7.978937067734373
MAR00297,2.234544811673014,2.216030122301497,0.002472144934173725,0.07182144474082534,1.421336916455831,7.059828145590019,9.226924169329497
MAR00298,0.8523197838104767,0.6717369930354306,0.0430720905367309,0.10651399253364327,0.7111413787739584,2.404906241349721,2.704975893883466
MAR00300,0.5878882471066431,0.700168002787403,3.308571701355128e-05,0.0009894800065192336,0.2863142292611815,2.054826254320599,2.6081915620973426
MAR00301,0.8230702490908027,0.7596099399544386,8.756521548579218e-05,0.004805150938968431,0.5496886137055136,2.4739791950000383,3.639418767928386
MAR00302,0.5004040089524161,0.3289449032069916,0.05672704781285196,0.10950328317087464,0.45817057931978367,1.148201752853188,1.8528618695569745
MAR00304,0.6594180824108068,0.6495110507740236,6.204007682552043e-05,0.013405583277649577,0.4135684433683261,1.9481233762843888,4.0291205707304805
MAR00305,1.1348461963678542,1.030830794025862,7.36331740115501e-05,0.06421709501876674,0.8699306626086427,3.418500305924139,5.13785869487177
MAR00306,0.7406501209253161,0.6221317177806,0.0060000204595800286,0.049684692727294956,0.4561059699088801,1.7990297659726955,2.229906184170809
MAR00308,1.755108242827179,6.017777710672876,3.2021472888315363e-06,0.030577740712801567,0.7477552645996088,2.3054736766551445,40.285034412091875
MAR00309,4.038925149230362,6.320974366493615,2.450602651770554e-05,0.11937245391899981,2.5045602631777157,11.611039245316814,40.30430314388558
MAR00310,2.5490389133714397,2.684724214941725,0.016730015594222165,0.06358705325235423,1.684715834815759,9.311455643242976,11.773650648843313
MAR00312,21.492351325730457,17.090410829553726,0.00031402689127877124,0.22135726355861637,18.234671831499902,49.577251665822885,64.41136937840311
MAR00313,1.2298997570491346,1.1672086155512835,6.563363681708805e-05,0.00022744561105570265,0.9448779210876138,3.8480544913165273,4.610678685592256
MAR00314,48.81232024418385,27.464673068918774,0.19139764763507344,2.8115927803178806,52.20319482694647,86.28633066015765,100.59114413224036
MAR00315,28.792827350959396,56.175054012202835,-309.0745349173683,-39.26475400418753,31.796038986726217,113.664197568559,137.56362685663544
MAR00318,1.7430212940710934,1.9144531290231452,4.354036546805676e-05,0.0028401083407128616,1.005167305528504,5.936150950531683,9.31432046358745
MAR00319,2.3951301687449025,2.340780771151067,0.0003675356831009213,0.012207580307076967,1.702436229953396,8.417790807042048,11.180576326328762
MAR00320,0.9173308816420731,0.8647800808204664,0.030546791076425137,0.07366975056116451,0.5064145016646219,2.215796531877376,3.0036129659860067
MAR00322,1.0152809395277667,1.4033740213297816,6.332120906418797e-05,0.010266603368911128,0.3032090873645824,3.989023623283879,4.634383672020614
MAR00323,1.8065595208363825,1.9058038970694982,9.964166811813207e-05,0.01945534281702825,1.0083563972298242,6.578516945040382,6.670065767688724
MAR00324,1.0565005882768723,0.9771554805048689,0.045563586352095495,0.10973209289035091,0.8038773307212643,2.952903523819123,3.6583369094288307
MAR00326,4.564372851055672e-16,7.280973633667357e-16,-1.7595319236396767e-15,-7.719947581475756e-16,3.0625325669327534e-16,1.777416267336491e-15,2.616991763390012e-15
MAR00327,0.7343240467020078,1.08593103955713,2.3068510600920418e-05,0.008101039658666305,0.21183476681247745,3.3590846998306985,3.4299335709430196
MAR00328,0.9995460536702615,1.086626725461658,0.03508420749528441,0.10994495443665384,0.49642557986804176,3.6019818707162323,3.6757427230113957
MAR00330,-2.6173578737999307e-17,3.634634116774403e-17,-1.2935395704481996e-16,-7.995382380298213e-17,-2.718204865118057e-17,3.9744566764166186e-17,5.207338367336173e-17
MAR00331,1.5780359527438514,1.8451630209771759,3.806745648781846e-09,3.668598821833779e-07,0.3876152460780462,5.035371071536901,5.0957122183986865
MAR00332,1.8432579597121046,1.8763173573163947,0.028614345480989598,0.1082863921506403,0.7043624272633151,5.337911196577075,5.405897768994619
MAR00336,0.5419196509946987,0.5186775933533495,9.464438193915818e-07,0.015981807918774533,0.3739215774333095,1.5957092603607557,2.6028566900646
MAR00337,3.1736797785688924,2.5700722979896815,0.00026603453129837244,0.05530545072318389,2.502380701349387,8.741163145083215,11.63538465516935
MAR00338,1.7042684185941452,2.123557216754653,0.008522410720666741,0.05668037817873959,0.6056486807764176,5.75409074584268,5.977268070266096
MAR00340,1.0537932903015776,1.4106974410683342,6.260365973437779e-05,0.03239521285698065,0.6519915272824481,3.12627259682841,8.351310192211308
MAR00341,1.6789405614546973,1.943717540419539,0.00011377751134944418,0.02650847412451634,1.181529158157722,4.379802012786614,11.291899960484608
MAR00342,0.8903692781213695,0.7916929360238328,0.018424658712147265,0.04885743259488864,0.4648945326152586,2.2116578020513535,3.1864063420023467
MAR00344,1.0775387674153576,1.2790128772730285,2.7098345387721655e-05,0.0012972594739984779,0.5026490221741284,3.574048776288988,7.074283626802777
MAR00345,1.7792622633471673,1.862066720164785,3.547906878644909e-05,0.0014314444744227392,1.2851801786084422,5.998019735376454,9.462478502062163
MAR00346,0.9669455029000662,0.9616416019352731,0.01912058951519793,0.05446075494084588,0.544091014721179,2.710537661767181,2.9567696896958044
MAR00348,2.762984099662982,2.2857008584833376,0.00037388693297651395,0.06920321842427847,2.09320273860054,7.011526804111242,9.473190109513586
MAR00349,1.6753224581395894,1.5411314001675125,0.00022590079310062767,0.01874244115550608,1.2698694779880633,4.561148321905016,7.090414056655765
MAR00350,4.482000504809996,1.8145842156896541,0.17221624998768487,1.7814992753537324,4.627626351763896,7.426884719474062,7.7439974130767055
MAR00352,0.7265918810431307,0.6835424652179267,6.693188156372343e-05,0.0015356395088133167,0.5688797623330424,2.2867029326051815,3.2270752229627506
MAR00353,0.5293635592308032,0.5534210348545494,4.8457374202981265e-05,0.006209090612314927,0.3340199005604135,1.918701692641409,2.20574907564587
MAR00354,3.1225277021375097,1.6271464065786352,0.27927212538420326,0.6788027084634313,2.6612227680024687,6.198777043120287,7.7696651479452665
MAR00356,3.8319181701745926,2.2789644461563148,0.009271881014397253,0.11050610815799136,3.7758222476474947,7.156808766975523,10.374772241881889
MAR00357,2.0394530811728306,1.8252003463300603,0.0017767622368063548,0.018854826418283826,1.7051912629076211,6.097351834137144,8.35939235160823
MAR00358,5.832667611335582,2.1572074443052593,0.6292037685008904,3.086892743580547,5.184004078396566,9.605115240617994,10.5818373702812
MAR00360,5.318768999913822,3.6259798348898236,0.0023196158766083754,0.30058982990103533,4.905547726111848,11.687660337730833,14.955153542865213
MAR00361,4.586833365070046,3.832795359300716,0.009280780944492339,0.22503817843803767,3.382878081346657,11.899920193253486,15.044420324635158
MAR00362,9.767912768717798,3.997599528251171,0.7569916119670422,3.1113430850641115,9.834192759113488,16.1961124056749,19.18533882130799
MAR00364,0.6401956212022328,0.5596550194286903,0.00012735582678025909,0.01076285439037065,0.4828606530072857,1.9910415671412496,2.543875926202761
MAR00365,1.6066500211494381,1.6301340540711788,0.0001550226823620617,0.010712756544849437,1.0306259146809778,4.645589796733326,7.58178685264184
MAR00366,4.878479002728988,2.0904715345250056,0.35237865873933305,1.5952609580092456,4.721757291485473,8.207257440619745,9.462477759352995
MAR00368,2.773653603297625,2.4856049281183132,0.0016663153795878594,0.0815017974051788,2.1371177604262246,8.048263934271205,9.484326231218983
MAR00369,3.223587525830363,2.711348935502216,0.00018451912596152023,0.062090205435689806,2.489320096254693,8.43345091397707,9.503973046590273
MAR00370,0.7151559295010107,0.6822888591220941,0.006096459261743454,0.07925835325104413,0.35070224585602794,1.8204795536336158,2.1608530579200336
MAR00372,0.8970868552910684,0.7792879482238526,0.0012620094487654646,0.01751995873423364,0.7397396861597851,2.148804134451433,3.5149463439393775
MAR00373,1.3879919899562452,1.112559455814759,9.878502924162785e-05,0.012975851483711645,1.1268899721024774,4.029461586858766,4.5529831665720994
MAR00374,0.7561271416334308,0.5747033411627954,0.03158123747307791,0.10605175336249327,0.5395919594561427,1.4837359569130484,2.4489049384246204
MAR00376,7.729522541718368e-17,5.801982158298722e-16,-9.636265195719912e-16,-7.835879468235245e-16,-4.7565405280137773e-17,1.2759247469706495e-15,1.6630936679284693e-15
MAR00377,0.8250585605346444,0.6469707619504004,1.2646798273652857e-05,0.00015358507595103688,0.6960370142461773,2.0298724786491844,2.4725923167633006
MAR00378,19.25798804482851,5.258995856583291,1.7338437281049939,7.51549797337876,20.570914305017766,25.351905603239615,25.921452178441143
MAR00380,0.7196040255227695,0.6290045982051246,0.00037471049447737067,0.0016251628473244568,0.5044685231891386,2.0016265822186776,3.0531280269562058
MAR00381,2.2104541426039113,2.5351722508279098,0.00011901133544139053,0.00046203580248407926,0.8255452934917717,7.834973839202181,9.558334282907744
MAR00382,1.756072124049399,2.3368472784194876,0.042111093180300686,0.10696312821017138,0.4684999412124462,6.665554610829859,7.572975521097079
MAR00384,2.5568320321060583,5.076952472566075,0.0003743378672314281,0.028019300288106005,0.9339073967847313,5.502773826165995,28.374853798088694
MAR00385,2.911792653341519,5.067854297751172,5.6464949086640584e-05,0.0024296326862326364,1.8513356157520329,5.4883329575894795,28.685583087802218
MAR00386,0.6201826282037127,0.730825218532954,0.004224830596263974,0.019737906404893396,0.3917188051790546,2.213077895731437,3.0078443931722805
MAR00388,1.2757749932007114,1.2432341863921015,0.0006567988756187579,0.005756029120229093,0.8964126148245823,3.6335065864099616,4.9735669379381156
MAR00389,1.6090649486314086,1.4982034356814853,0.000314155712011356,0.0026869352790728617,1.1737292700673563,4.55063319406087,7.064209721420641
MAR00390,0.5985119623989462,0.6232740499229097,0.0046138238003701525,0.04564849563875132,0.42051547436874115,1.4012606893361215,4.738576385037735
MAR00392,1.2463775293986628,1.51237410540021,6.160372969601207e-05,0.00010895006349691436,0.876539645280439,4.511857036461681,9.379123739385067
MAR00393,0.2124885928451967,0.22650627361036216,2.4890976718481798e-08,1.1654935981403201e-05,0.14413711545800906,0.4614115259229765,1.4433273106781201
MAR00394,0.4777105998134512,0.24423555963535387,0.041181270444408,0.10995071187063123,0.4133893108225703,0.7073222357742834,1.7150731394349412
MAR00395,1.246377529398659,1.5123741054002091,6.160372969600125e-05,0.00010895006349707223,0.8765396452804375,4.511857036461682,9.379123739385058
MAR00396,48.140067296132585,31.754633767746757,0.3764091529691179,1.5366113270994575,48.22591132443408,99.054630857176,131.25920473488085
MAR00397,0.7765298629155702,0.6495033383198224,4.080122772367541e-05,0.0003568607026927011,0.705333993276805,1.885843335921691,2.5398950353045784
MAR00398,128.5805250126287,34.68567656186846,11.844568554627777,51.776514054717886,137.2434632183698,172.19269181934564,178.09629610257048
MAR00400,9.200931553261698e-17,1.1822711570251134e-15,-2.105566871601508e-15,-1.7085752358985726e-15,-3.903177871779271e-17,2.727028552619155e-15,3.086030837621892e-15
MAR00401,0.2636936603329395,0.32603051669350824,1.7815014066123518e-05,3.2824548619742886e-05,0.11688698266933485,0.8791557238812944,1.4761247377137834
MAR00402,2.1865532108527894,0.6711150175535854,0.19429942301782827,0.7850673182453904,2.25049013985391,3.0120553126602485,3.329941796799076
MAR00404,3.186679422493927,2.52710203799709,0.01101354690072832,0.11818511540033626,2.9532356195126503,8.896124169068665,10.983364217878455
MAR00405,1.6643425449585836,1.6270795422823643,0.00014922577190157736,0.01229700532055422,1.1720892628367463,4.74424475040387,9.102988356363948
MAR00406,12.733345997008454,4.117850545794888,1.1759462097526208,5.791878714527099,13.035081923862766,19.133170852636194,19.805714487243208
MAR00408,182.6133719448673,83.1868730615024,21.155045741267877,28.42009009540968,192.23743086149491,290.95353044145895,331.5100067201381
MAR00409,1.0491865521254828,1.726579951957684,0.006718837147119937,0.010463551566141267,0.2506745665312113,4.5608187460002005,10.2410932704358
MAR00410,81.38747232734804,23.022965084190414,8.760377452346205,29.35849398551141,87.76600355670364,108.70884718944131,114.97952428485699
MAR00412,5.031462875535037,4.522440633528741,0.004288340402184994,0.11285966369884887,3.772194591136164,14.117545614933727,16.01198743940051
MAR00413,5.769563989250663,4.5241570833909055,0.00015417951680896425,0.09234946871646676,4.998527206318737,13.797309686674824,16.72558675980132
MAR00414,1.6663781381045406,1.2488289475372334,0.03603476155499989,0.1782193509571138,1.480168434853526,4.817012223086913,5.703926265703807
MAR00416,1.6029934903259468,1.7250197840537769,0.0015804474297824256,0.009128988185789493,0.6661481100449747,5.220118917075907,6.620741101641434
MAR00417,1.7714243276954103,1.7009868358119427,0.00010169923411648141,0.0009536749651965519,1.2060427053152893,5.198002537544139,7.218913495148098
MAR00418,0.43365284433771634,0.48718034321963916,7.759154459143123e-05,0.0022683241559779107,0.32649840849018885,1.5221002841659919,2.3719621539936653
MAR00420,1.187577652423061,1.0107188225329413,0.0015879607145399975,0.02224724508283618,0.8994919410826637,3.3596645831130663,4.164464158663116
MAR00421,1.2503418796421055,1.0068768946832498,0.00012331655142010928,0.040042632014810016,0.9560426117305176,3.1737770957243674,4.148218408982293
MAR00422,0.32798623418730233,0.3180596123300525,0.0001573601017065065,0.0026218152921500797,0.31508043338610914,1.1590206422244143,1.205781719378486
MAR00424,2.1676169064712427,1.814155600101987,0.0005454012177830594,0.11943413606061476,1.7948828597870143,6.4045798378210055,9.542579793774012
MAR00425,1.785260865121646,1.6891679086231757,0.00045585060527939425,0.013477585516053521,1.2341215181985365,5.532222165923295,8.773325465572563
MAR00426,2.1372530248488473,1.1062587634944079,0.1959723079926049,0.4723265612431397,1.9920632312316344,4.412854338913221,4.8882690275509795
MAR00428,2.0675220728771864,1.5213264325154119,0.0005103719347704455,0.01342967762080996,1.7885250538671107,5.227239140726189,7.7835062834281805
MAR00429,2.660592961314242,1.7121672939427621,0.00011700323260633073,0.1991676985736491,2.515508489191258,5.846343564093542,8.457135069948025
MAR00430,0.8582928954053095,0.6115577476907592,0.00035995942271391,0.05335342393477128,0.76137874604268,1.8826698112469284,2.4703870042112164
MAR00432,0.7244242285398862,0.9221039865220068,2.3599922434824686e-05,0.0006346906793968585,0.5249820876762081,1.841613779773716,6.372127829752301
MAR00433,1.5204984359676224,1.3824009637974934,0.00010338832893198356,0.0053723993497549125,1.3955150696792955,3.4255299201328264,8.084450362605638
MAR00434,1.061296214395995,0.747511590226991,0.0515362580932735,0.10881925288468786,0.7737473397387753,2.390574315992549,3.3442938497992283
MAR00436,1.0782095244054553,1.146776736165015,7.88441798507027e-05,0.03143549344553134,0.5824219420035435,3.6909826743351353,5.495560230960659
MAR00437,1.8521103347577919,1.5874269705830126,0.00016719219616005048,0.09470198960494838,1.3502401598958773,5.272276669761531,7.650291818538454
MAR00438,1.039122817320589,0.9130235104014627,0.05954946808302175,0.10822920363389335,0.7038016251706452,2.61591791815939,6.7830960766953545
MAR00440,-2.5561407409247387e-15,3.656276616982997e-15,-1.0899689431784948e-14,-1.0603595401423629e-14,-9.763951857883305e-16,1.2450452567679058e-15,2.694460180190873e-15
MAR00443,384.95997508684036,166.44545406428946,54.56650179264154,65.90151670879102,410.05734276684836,626.6832336320493,659.6115263604725
MAR00446,52.97540329830229,39.04286378396466,0.5344268655501383,3.2963318905278323,42.65669879688335,124.87441281645918,185.48891350774485
MAR00448,0.26222159720405075,0.12368503676638214,0.039720563637907845,0.05875414398876259,0.2506151359782124,0.5272519852853003,0.5386316626498151
MAR00453,-300.883802326533,278.8991922564469,-980.1830000104353,-901.7853279655668,-274.23425206300647,-59.24658936668704,847.5766243154146
MAR00456,37.77459458355865,31.39973100894464,0.07591599729278557,3.277246793507617,24.6685961234124,93.0626354333547,119.67286447458477
MAR00457,94.72020594592212,125.45009849037065,10.194780186638296,16.561397221890854,70.90409254099308,156.98573030662575,844.0337741900812
MAR00458,52.71318170109822,39.04854427988313,0.31569505516149127,2.762425161475217,42.44287086153198,124.60006752422828,185.25787384327026
MAR00459,52.71318170109822,39.04854427988316,0.31569505516140484,2.7624251614752184,42.44287086153204,124.60006752422824,185.25787384327012
MAR00460,52.71318170109822,39.04854427988315,0.31569505516138463,2.762425161475216,42.44287086153204,124.60006752422824,185.2578738432702
MAR00461,-61.277214456931674,49.730860066667674,-274.59266382453984,-147.0195881956051,-49.324221739386935,-9.170873534857915,-0.2336368313322163
MAR00465,3.7225761154416395,405.06070320722364,-902.8523995239893,-474.83809607686146,-97.67756407836066,825.6768176812752,890.9841293646991
MAR00466,0.0,0.0,0.0,0.0,0.0,0.0,0.0
MAR00479,433.76709050818766,179.0555627374336,63.09525188625279,249.4736819964283,404.7759882098429,897.5106640183741,952.077167424856
MAR00481,349.3826690102706,139.40459765760485,48.96896354318603,84.06780358903974,362.5440646469432,471.93770283515767,895.6330550031608
MAR00486,0.0871363261222608,0.06685408019707148,0.011632511007412543,0.02199234116494184,0.06786932099479714,0.27247015232289834,0.28944389652384767
MAR00487,0.08713632612226095,0.06685408019707162,0.011632511007412551,0.021992341164941014,0.06786932099479792,0.27247015232289845,0.28944389652384767
MAR00488,2.8972828435651734,2.2228981665526315,0.38678099099646873,0.7312453437342936,2.2566549230770034,9.059632564736358,9.62400955941793
MAR00489,0.08713632612226078,0.06685408019707154,0.011632511007412543,0.02199234116494165,0.06786932099479728,0.27247015232289834,0.2894438965238477
MAR00490,0.08713632612226076,0.06685408019707154,0.011632511007412543,0.02199234116494161,0.06786932099479721,0.27247015232289834,0.2894438965238477
MAR00491,0.08713632612226078,0.0668540801970715,0.011632511007412543,0.021992341164941708,0.06786932099479717,0.27247015232289834,0.2894438965238477
MAR00492,0.08713632612226078,0.0668540801970715,0.011632511007412543,0.02199234116494175,0.06786932099479717,0.27247015232289834,0.2894438965238477
MAR00493,48.36066099785528,37.104014509374565,6.456043609113958,12.20574934654183,37.66747315211349,151.22093453920883,160.64136257073534
MAR00494,4.770713855193783,3.6602608907896745,0.6368799776558384,1.2040806787805247,3.7158453244651497,14.917740839678723,15.847053334680652
MAR00495,0.08713632612226074,0.06685408019707154,0.011632511007412543,0.02199234116494157,0.0678693209947972,0.27247015232289834,0.2894438965238477
MAR00496,0.08713632612226078,0.0668540801970715,0.011632511007412543,0.021992341164941736,0.06786932099479717,0.27247015232289834,0.2894438965238477
MAR00497,0.08713632612226078,0.0668540801970715,0.011632511007412543,0.021992341164941736,0.06786932099479717,0.27247015232289834,0.2894438965238477
MAR00498,0.08713632612226078,0.0668540801970715,0.011632511007412543,0.021992341164941708,0.06786932099479717,0.27247015232289834,0.2894438965238477
MAR00499,32.63255413278674,25.036853033803325,4.356375372276029,8.236131766270491,25.41706071255159,102.04007204492557,108.39673924818085
MAR00500,0.08713632612226077,0.06685408019707154,0.011632511007412543,0.021992341164941618,0.06786932099479728,0.27247015232289834,0.2894438965238477
MAR00501,5.446020382641335,4.178380012316997,0.727031937963285,1.3745213228088076,4.2418325621749355,17.029384520181218,18.09024353274051
MAR00502,33.65640596472329,25.822388476119013,4.493057376613106,8.494541774958314,26.214525234240725,105.24159633471999,111.79770503233624
MAR00503,0.08713632612226095,0.0668540801970714,0.011632511007412536,0.021992341164941958,0.06786932099479709,0.2724701523228984,0.28944389652384767
MAR00504,0.08713632612226099,0.06685408019707138,0.011632511007412543,0.021992341164942416,0.06786932099479726,0.27247015232289834,0.2894438965238477
MAR00505,0.08713632612226076,0.06685408019707154,0.011632511007412543,0.02199234116494163,0.06786932099479723,0.27247015232289834,0.2894438965238477
MAR00506,0.08713632612226078,0.0668540801970715,0.011632511007412543,0.021992341164941708,0.06786932099479717,0.27247015232289834,0.2894438965238477
MAR00507,0.08713632612226076,0.06685408019707155,0.011632511007412546,0.021992341164941673,0.06786932099479716,0.27247015232289834,0.2894438965238477
MAR00508,0.08713632612226078,0.0668540801970715,0.011632511007412543,0.021992341164941736,0.06786932099479717,0.27247015232289834,0.2894438965238477
MAR00509,0.08713632612226074,0.06685408019707154,0.011632511007412543,0.02199234116494161,0.0678693209947972,0.27247015232289834,0.2894438965238477
MAR00510,0.08713632612226076,0.0668540801970715,0.011632511007412543,0.021992341164941736,0.06786932099479714,0.27247015232289834,0.28944389652384767
MAR00511,0.08713632612226078,0.0668540801970715,0.011632511007412543,0.021992341164941736,0.06786932099479717,0.27247015232289834,0.2894438965238477
MAR00512,0.08713632612226078,0.0668540801970715,0.011632511007412543,0.021992341164941708,0.06786932099479717,0.27247015232289834,0.2894438965238477
MAR00513,0.08713632612226078,0.0668540801970715,0.011632511007412543,0.021992341164941736,0.06786932099479717,0.27247015232289834,0.2894438965238477
MAR00514,0.08713632612226078,0.0668540801970715,0.011632511007412543,0.021992341164941736,0.06786932099479717,0.27247015232289834,0.2894438965238477
MAR00515,0.0871363261222608,0.06685408019707154,0.011632511007412543,0.021992341164941625,0.0678693209947972,0.27247015232289834,0.2894438965238477
MAR00516,0.08713632612226078,0.0668540801970715,0.011632511007412543,0.021992341164941736,0.06786932099479717,0.27247015232289834,0.2894438965238477
MAR00517,0.08713632612226078,0.0668540801970715,0.011632511007412543,0.021992341164941736,0.06786932099479717,0.27247015232289834,0.2894438965238477
MAR00518,0.08713632612226078,0.0668540801970715,0.011632511007412543,0.021992341164941764,0.06786932099479717,0.27247015232289834,0.2894438965238477
MAR00519,0.08713632612226074,0.06685408019707151,0.011632511007412543,0.021992341164941687,0.06786932099479714,0.27247015232289834,0.28944389652384767
MAR00520,0.08713632612226078,0.0668540801970715,0.011632511007412543,0.02199234116494174,0.06786932099479717,0.27247015232289834,0.2894438965238477
MAR00521,0.08713632612226078,0.0668540801970715,0.011632511007412543,0.021992341164941708,0.06786932099479717,0.27247015232289834,0.2894438965238477
MAR00522,1.8298628485674735,1.4039356841385087,0.24428273115566332,0.4618391644637531,1.425255740890739,5.721873198780878,6.078321827000792
MAR00523,0.5446020382641295,0.41783800123169756,0.07270319379632867,0.13745213228088138,0.42418325621748143,1.7029384520181183,1.8090243532740469
MAR00524,2.505169376015001,1.9220548056658164,0.33443469146310995,0.6322798084920543,1.951242978600428,7.833516879283351,8.32151202506063
MAR00525,2.526953457545558,1.9387683257150774,0.3373428192149662,0.6377778937833039,1.9682103088490688,7.901634417364074,8.393872999191546
MAR00526,1.2852608103033465,0.9860976829068095,0.17157953735933523,0.32438703218287845,1.0010724846732435,4.018934746762769,4.269297473726737
MAR00527,0.08713632612226077,0.06685408019707151,0.011632511007412543,0.02199234116494168,0.06786932099479717,0.27247015232289834,0.2894438965238477
MAR00528,0.08713632612226078,0.0668540801970715,0.011632511007412543,0.021992341164941708,0.06786932099479717,0.27247015232289834,0.2894438965238477
MAR00529,6.055974665497119,4.646358573696491,0.8084595150151724,1.528467710963375,4.716917809138383,18.936675586441527,20.1163508084074
MAR00530,0.08713632612226077,0.06685408019707155,0.01163251100741254,0.02199234116494158,0.06786932099479727,0.27247015232289834,0.2894438965238477
MAR00531,0.08713632612226077,0.0668540801970715,0.011632511007412543,0.021992341164941722,0.06786932099479714,0.27247015232289834,0.28944389652384767
MAR00532,0.08713632612226076,0.06685408019707151,0.011632511007412543,0.02199234116494173,0.06786932099479717,0.27247015232289834,0.2894438965238477
MAR00533,0.08713632612226087,0.06685408019707142,0.011632511007412543,0.021992341164942093,0.06786932099479723,0.2724701523228984,0.28944389652384767
MAR00534,41.7165161310324,32.00639089434804,5.569064644798762,10.528833332715609,32.4924374262593,130.4450854245875,138.57126546079215
MAR00535,0.6317383643863892,0.4846920814287693,0.08433570480374157,0.15944447344582552,0.4920525772122671,1.9754086043410184,2.0984682497978864
MAR00536,4.683577529071532,3.59340681059261,0.6252474666484258,1.182088337615576,3.647976003470368,14.645270687355817,15.557609438156794
MAR00537,23.59216029760213,18.10074221335717,3.1495023552569505,5.954426370407675,18.375618659341555,73.77129374142483,78.36693498383171
MAR00538,0.30497714142791243,0.23398928068975083,0.040713788525944,0.07697319407729289,0.23754262348179045,0.9536455331301463,1.013053637833467
MAR00539,0.08713632612226078,0.0668540801970715,0.011632511007412543,0.021992341164941708,0.06786932099479717,0.27247015232289834,0.2894438965238477
MAR00540,0.08713632612226078,0.0668540801970715,0.011632511007412543,0.021992341164941736,0.06786932099479717,0.27247015232289834,0.2894438965238477
MAR00541,0.8277950981614748,0.6351137618721809,0.1105088545704193,0.20892724106693414,0.6447585494505752,2.588466447067537,2.7497170169765495
MAR00542,0.08713632612226078,0.0668540801970715,0.011632511007412543,0.021992341164941722,0.06786932099479717,0.27247015232289834,0.2894438965238477
MAR00543,0.08713632612226078,0.0668540801970715,0.011632511007412543,0.021992341164941736,0.06786932099479717,0.27247015232289834,0.2894438965238477
MAR00544,0.08713632612226077,0.06685408019707151,0.011632511007412543,0.021992341164941694,0.06786932099479717,0.27247015232289834,0.2894438965238477
MAR00566,-5.031462875535039,4.522440633528739,-16.011987439400524,-14.117545614933737,-3.772194591136162,-0.1128596636988497,-0.004288340402184779
MAR00567,-1.437840733855341,2.0830270061363048,-8.858468580791993,-7.140157730146937,-0.5103077872635831,-0.014154809045526162,-0.001805293953468804
MAR00568,-554.384400080038,226.52502035473162,-914.9674686080164,-875.7141936435596,-608.2081555438023,-47.4416038311616,-5.269728309386778
MAR00569,-784.3213182749656,79.92201911914307,-974.8565123291567,-957.9638197545625,-767.278530287346,-682.0720075931512,-661.2172459313545
MAR00571,-0.6401956212022333,0.5596550194286903,-2.5438759262027615,-1.9910415671412502,-0.4828606530072859,-0.01076285439037078,-0.0001273558267803649
MAR00574,7.352545947066277e-14,2.400803754013632e-13,-2.2335174028366324e-13,-1.7504116208144534e-13,4.916108718431017e-15,7.449959116948538e-13,7.829048467091899e-13
MAR00575,-2.1676169064712436,1.8141556001019878,-9.542579793774015,-6.404579837821007,-1.7948828597870143,-0.11943413606061766,-0.000545401217782975
MAR00576,-3.1866794224939285,2.52710203799709,-10.983364217878455,-8.89612416906867,-2.9532356195126526,-0.11818511540033654,-0.011013546900728623
MAR00577,-3.8319181701745912,2.2789644461563143,-10.374772241881887,-7.156808766975526,-3.7758222476474943,-0.11050610815799214,-0.009271881014397285
MAR00578,1.0326693177972692,0.02701248190128946,1.0190147726826606,1.019199343304321,1.0212307592015923,1.1161508773928035,1.1254311743763812
MAR00579,0.5163346588987555,0.013506240950616625,0.5095073863415444,0.5095996716525503,0.5106153796010244,0.5580754386963512,0.5627155871881907
MAR00580,0.5163346588987555,0.013506240950616625,0.5095073863415444,0.5095996716525503,0.5106153796010244,0.5580754386963512,0.5627155871881907
MAR00581,0.5163346588987554,0.013506240950616647,0.5095073863415444,0.5095996716525502,0.5106153796010242,0.5580754386963512,0.5627155871881907
MAR00583,-2.0200664595693025,1.7404747991733598,-6.250874911646986,-5.095748570630904,-1.7195966763275095,-0.007539303178552727,-0.00011390081522493886
MAR00586,0.5163346588987554,0.013506240950616652,0.5095073863415444,0.5095996716525502,0.5106153796010242,0.5580754386963512,0.5627155871881907
MAR00587,-0.5163346588987554,0.013506240950616635,-0.5627155871881907,-0.5580754386963512,-0.5106153796010244,-0.5095996716525502,-0.5095073863415445
MAR00593,0.0,0.0,0.0,0.0,0.0,0.0,0.0
MAR00598,0.004714033184495022,0.00012330930519882554,0.004651701538072124,0.0046525440846857955,0.004661817297112684,0.005095118237998723,0.005137481874827128
MAR00599,0.0,0.0,0.0,0.0,0.0,0.0,0.0
MAR00601,0.0,0.0,0.0,0.0,0.0,0.0,0.0
MAR00603,314.2501588159836,139.02491699994923,17.957593481643126,162.12466052669063,288.91232531847237,663.6964396556824,712.5759953519089
MAR00605,9.124376346428795,9.911260994680552,0.0008121315710156365,0.07262764508702707,5.454780610703523,29.858182029147514,48.61149151519163
MAR00611,-156.94568868477793,165.99303995963456,-683.2816522458592,-634.8920919318795,-96.98959806547407,-12.395836286138875,-0.02588835405130809
MAR00617,63.85736289332757,132.21253603830002,0.02175520416830817,0.6949612289499291,37.221752454956686,185.73190161245412,869.7604446201307
MAR00618,-1.0537932903015774,1.4106974410683342,-8.351310192211308,-3.12627259682843,-0.6519915272824477,-0.03239521285698077,-6.260365973436651e-05
MAR00619,0.0,0.0,0.0,0.0,0.0,0.0,0.0
MAR00620,3.28047308607443e-16,2.2077787845225593e-15,-6.380084737750779e-15,-2.6699584760889317e-15,1.8900471012868398e-16,4.914827312449296e-15,7.556261044360046e-15
MAR00624,-3.537357314412561,10.724670510298619,-94.26337615121213,-17.290285633807784,-0.7904671633648771,-0.0005502060699409054,-9.878791476929211e-05
MAR00626,-1.1932266401427488e-16,1.1947391610606443e-15,-3.182966258576946e-15,-2.789162288333819e-15,2.165597395313811e-17,1.652974802474746e-15,2.081577481135435e-15
MAR00628,310.0827328290451,140.46790270199145,55.90408994670013,83.52338175622012,279.39365545954627,673.8302316854406,721.5771032024379
MAR00631,217.84081530565186,167.1352004926795,29.081277518531397,54.98085291235211,169.67330248699074,681.175380807247,723.6097413096188
MAR00632,54.56944547246105,93.330900287228,0.02764296086134226,5.3053430641845285,40.57419319476695,95.66265116166855,627.136741642376
MAR00637,-1.734633366943004,1.328448289949964,-6.210205611908456,-4.18478041683667,-1.4889341853749838,-0.04860746188254341,-0.00014485976351033788
MAR00639,-59.71275312825147,27.50354447999665,-110.44883689154041,-104.49850071993274,-59.52058124296535,-2.5359569974218696,-0.15464469430338673
MAR00648,0.0,0.0,0.0,0.0,0.0,0.0,0.0
MAR00653,263.0160556672675,147.53145660489713,19.671100215152578,74.387740575282,242.67464337961073,649.1134536612692,693.4280188405828
MAR00654,263.01605566726744,147.53145660489713,19.671100215152585,74.38774057528202,242.67464337961061,649.1134536612692,693.4280188405828
MAR00656,-329.0961184266634,140.8960842131161,-742.2971540199821,-694.3808185702959,-298.1678751190299,-102.32959245809126,-74.71647455271413
MAR00657,263.0160556672664,147.5314566048973,19.671100215152585,74.38774057528158,242.67464337961064,649.1134536612693,693.4280188405829
MAR00658,-0.7581304016025467,0.019831114761643922,-0.8262311792372952,-0.8194180831590326,-0.7497328256580665,-0.7482414691093437,-0.7481059672624221
MAR00661,-0.4785540741012864,0.012517979417644338,-0.521541275930518,-0.517240650499057,-0.47325327865461064,-0.4723118907999209,-0.4722263580726566
MAR00662,4.1793872152345955e-16,2.411125188120674e-15,-3.8227646341526385e-15,-2.5028993683360606e-15,-2.0292448202940915e-16,6.475335102109188e-15,7.86307158675887e-15
MAR00665,9.124376346428875,9.91126099468049,0.0008121315710146647,0.07262764508756293,5.454780610703806,29.858182029147496,48.611491515191425
MAR00667,0.0,0.0,0.0,0.0,0.0,0.0,0.0
MAR00668,0.0,0.0,0.0,0.0,0.0,0.0,0.0
MAR00669,0.7427242311190312,0.16785432450474308,0.35145538210568544,0.5104965287393446,0.7387830782618567,1.110175754402903,1.1883945607943553
MAR00670,0.004714033184494903,0.00012330930519886997,0.004651701538072115,0.0046525440846857955,0.004661817297112518,0.005095118237998725,0.005137481874827127
MAR00671,0.0,0.0,0.0,0.0,0.0,0.0,0.0
MAR00672,0.0,0.0,0.0,0.0,0.0,0.0,0.0
MAR00680,0.742724231119018,0.16785432450474164,0.3514553821056862,0.510496528739331,0.7387830782618521,1.110175754402901,1.1883945607943538
MAR00681,0.004714033184494903,0.00012330930519886972,0.004651701538072114,0.0046525440846857955,0.004661817297112521,0.005095118237998725,0.005137481874827127
MAR00683,0.0,0.0,0.0,0.0,0.0,0.0,0.0
MAR00695,-0.7265918810431303,0.6835424652179267,-3.2270752229627515,-2.286702932605179,-0.5688797623330424,-0.0015356395088132165,-6.693188156377048e-05
MAR00696,0.0,0.0,0.0,0.0,0.0,0.0,0.0
MAR00697,-0.8970868552910682,0.7792879482238527,-3.514946343939378,-2.1488041344514395,-0.7397396861597848,-0.017519958734233648,-0.0012620094487654735
MAR00698,-2.773653603297625,2.4856049281183132,-9.484326231218983,-8.048263934271205,-2.137117760426224,-0.08150179740517896,-0.0016663153795878594
MAR00699,-1.187577652423061,1.0107188225329413,-4.164464158663116,-3.3596645831130663,-0.8994919410826637,-0.022247245082836358,-0.0015879607145399975
MAR00700,-1.6029934903259464,1.7250197840537769,-6.620741101641432,-5.220118917075908,-0.6661481100449742,-0.00912898818578956,-0.0015804474297824449
MAR00701,-5.31876899991382,3.625979834889823,-14.95515354286521,-11.687660337730836,-4.905547726111845,-0.3005898299010347,-0.00231961587660801
MAR00702,-18.51487323442478,15.944719198006334,-65.0895244047677,-50.340221940086465,-12.457926872160296,-0.4730698289304841,-0.0010201732189808108
MAR00704,-1.0196336797499803,1.2211650502573672,-6.883304163681795,-3.3578462483166556,-0.6423984983850197,-0.004046551221365009,-7.894138194471101e-05
MAR00709,141.18439570323892,108.30470134750911,9.418582283087057,39.11684219722605,94.08283331639528,400.7603563395011,439.8886144483614
MAR00710,-130.65422227629517,265.732920928455,-854.4238428498766,-781.6970831873724,-99.39246691609941,121.20513443302275,853.1130001528603
MAR00712,6.366348146390111e-15,2.3693348325341154e-14,-2.3573274852953056e-14,-1.0365714101569681e-14,2.260289710910412e-15,1.5125327930951702e-14,1.4950529035790217e-13
MAR00714,451.9318923577765,177.16738308388474,54.12830509219577,84.73947927174582,502.1418228994189,638.9169803700057,705.2397049405237
MAR00720,4.652014355581588e-14,9.547879458257795e-14,-1.076052904119514e-13,-7.157470625762073e-14,1.5279667669123264e-14,2.8390734947777245e-13,3.2718639316953593e-13
MAR00736,1.5439665653899204,0.04038695464745959,1.5235513552554238,1.523827310843928,1.5268645253435347,1.6687816776627493,1.6826568533968824
MAR00737,2.661079246176116,1.8306387067284895,0.00013473416377736427,0.008917052975030282,3.084302699077337,5.218528273435676,7.2067280990196885
MAR00750,16.392318162287122,39.12540127173113,0.00020858998640647247,0.021215788041734327,8.103918421357804,33.70882572324961,258.306426609275
MAR00753,-151.69166614956976,81.05940273911698,-443.18296844500406,-261.8403610490435,-161.12062520504898,-11.452479796492648,-1.1268449328923986
MAR00758,962.0146420252646,33.73473306879893,861.1233045056837,879.135689263548,973.1223187351783,997.4689839344385,999.8160872680095
MAR00759,0.2668247988859588,0.21159038674747313,1.530341073205126e-05,0.0009840711138489153,0.252534539100504,0.588165597968124,0.7367097108419763
MAR00763,0.0,0.0,0.0,0.0,0.0,0.0,0.0
MAR00771,0.0,0.0,0.0,0.0,0.0,0.0,0.0
MAR00777,115.25449157586966,141.13247921236356,3.7891001128785233,14.16946747025928,61.616698974225955,258.65039065430454,855.3474051580714
MAR00782,0.0,0.0,0.0,0.0,0.0,0.0,0.0
MAR00833,3.653808904044166,3.185869604813935,0.0002878185806468592,0.058807037802618374,2.988895953482228,9.331591542972546,11.06986221244203
MAR00872,12.09293574307598,8.081288475118921,0.01771737650591366,1.2144475478205563,12.316491147359493,29.213813317188976,38.20205680876565
MAR00923,6.347943708886098,4.616517803782332,0.004938667022662352,0.5985601337207248,5.021271318822283,14.664535427196075,18.757157026643085
MAR00927,5.216386951468237,3.930494195457505,0.020593700887496742,0.2777632215238343,4.209408211023703,12.813188303623448,15.123873438535961
MAR00931,0.0,0.0,0.0,0.0,0.0,0.0,0.0
MAR00932,0.0,0.0,0.0,0.0,0.0,0.0,0.0
MAR00933,0.0,0.0,0.0,0.0,0.0,0.0,0.0
MAR00934,11.882069056106753,11.01392902091664,0.0028417202307445925,0.0726959362445783,7.830064627376288,33.09926370209008,40.104880751118024
MAR00935,0.0,0.0,0.0,0.0,0.0,0.0,0.0
MAR00936,0.0,0.0,0.0,0.0,0.0,0.0,0.0
MAR00937,0.0,0.0,0.0,0.0,0.0,0.0,0.0
MAR00938,0.0,0.0,0.0,0.0,0.0,0.0,0.0
MAR00939,0.0,0.0,0.0,0.0,0.0,0.0,0.0
MAR00940,0.0,0.0,0.0,0.0,0.0,0.0,0.0
MAR00942,11.845369784786518,9.298660141209934,0.002192546670672082,0.10329866421113616,10.619832084489053,29.77643488701834,39.83849456414908
MAR00943,539.1863886277123,223.74247918338173,5.211773959530605,47.68692339722288,583.4398834950991,873.8426878894597,911.9479335057972
MAR00944,0.0,0.0,0.0,0.0,0.0,0.0,0.0
MAR00945,0.0,0.0,0.0,0.0,0.0,0.0,0.0
MAR00946,4.321465918588882e-17,4.308843427823952e-17,-4.876458751455659e-18,3.806779846246507e-21,3.7088344597414104e-17,1.4687314744471134e-16,1.4821018850618492e-16
MAR00947,1.7301212568591376e-19,5.858732713416006e-19,-1.0303675713898163e-18,-7.887951235223828e-19,1.613438177201311e-20,1.4871835828420693e-18,1.76113884104795e-18
MAR00948,0.0,0.0,0.0,0.0,0.0,0.0,0.0
MAR00949,2.104915234094065e-19,5.831131063931825e-19,-1.0061267554429708e-18,-7.452124861190235e-19,6.804285555354428e-20,1.4842337265650316e-18,1.7662726475595827e-18
MAR00950,-1.9020861137699903e-15,2.4483815411520705e-15,-9.37000953531074e-15,-6.871214090275166e-15,-1.0127068167219055e-15,9.298129923509353e-16,1.2594279957878744e-15
MAR00951,9.96720134842204e-16,1.4752391452244897e-15,-1.138757753437515e-15,-1.0127851199062156e-15,5.22363973176852e-16,3.870571324093442e-15,4.752421644800549e-15
MAR00952,5.342747966073044,5.196611245360372,0.009771998048531795,0.185076667683321,3.4959152092649273,17.970786495104864,19.71915667581646
MAR00953,0.0,0.0,0.0,0.0,0.0,0.0,0.0
MAR00954,6.448859914091593e-21,1.043980812556349e-20,-4.252953393011682e-21,-2.1135149877944096e-21,2.3621024095719684e-21,3.4334089559156054e-20,4.2412380892222067e-20
MAR00955,-1.3426932110636612e-20,1.7567473324345248e-20,-5.934806214688173e-20,-4.1562230893167465e-20,-8.419800194183326e-21,1.0914531958016422e-20,3.165012288576693e-20
MAR00956,0.0,0.0,0.0,0.0,0.0,0.0,0.0
MAR00957,0.0,0.0,0.0,0.0,0.0,0.0,0.0
MAR00960,23.526265753086612,18.988518172202223,0.044673769046283465,1.3710150494610995,19.89688117258105,63.2439148791148,95.68042279244054
MAR00962,0.0,0.0,0.0,0.0,0.0,0.0,0.0
MAR00963,0.0,0.0,0.0,0.0,0.0,0.0,0.0
MAR00968,2.02972836116221,2.364180654387503,0.0005054362770690543,0.02044224610160581,1.1313931563078086,7.858419088407092,11.036110384803132
MAR00969,0.0,0.0,0.0,0.0,0.0,0.0,0.0
MAR00972,2.8472951691815753,2.80361637632042,0.00018513029011721374,0.0442259983605835,1.781201869563771,8.736986551598177,11.123365311049698
MAR00974,4.838037644040923,4.438572287247167,0.003706128510200052,0.18906229841333064,3.223141514625039,14.565456841282193,17.47828081518654
MAR00975,2.081924725944043,2.003042133396171,2.021092597257173e-05,0.01633062852987794,1.440128649021946,6.617623358535102,8.386566601542977
MAR00979,2.5868038192088474e-31,5.578118796948321e-31,-1.0535650150964642e-30,-7.417836037679435e-31,2.1208466958286084e-31,1.4784305253910107e-30,1.9576867060561985e-30
MAR00980,0.0,0.0,0.0,0.0,0.0,0.0,0.0
MAR00981,0.0,0.0,0.0,0.0,0.0,0.0,0.0
MAR00982,1.4128233236482712,1.4042074687496469,6.6971276763136044e-06,0.00021315536786960563,0.9137011319387089,4.385378503723481,4.93768283797099
MAR00991,0.0,0.0,0.0,0.0,0.0,0.0,0.0
MAR00992,0.0,0.0,0.0,0.0,0.0,0.0,0.0
MAR00993,0.0,0.0,0.0,0.0,0.0,0.0,0.0
MAR00994,0.0,0.0,0.0,0.0,0.0,0.0,0.0
MAR01001,3.6707404585886927,2.9012584714182514,0.002929245705455914,0.16501194929930366,2.8868875782725736,9.472451880108519,10.994400477751078
MAR01002,0.0,0.0,0.0,0.0,0.0,0.0,0.0
MAR01003,0.0,0.0,0.0,0.0,0.0,0.0,0.0
MAR01004,0.0,0.0,0.0,0.0,0.0,0.0,0.0
MAR01005,19.623573727425697,11.171276978413092,1.4484737723282226,3.448665996027542,19.302330923199392,38.74608297049845,47.92421533131922
MAR01006,0.0,0.0,0.0,0.0,0.0,0.0,0.0
MAR01007,0.0,0.0,0.0,0.0,0.0,0.0,0.0
MAR01008,0.0,0.0,0.0,0.0,0.0,0.0,0.0
MAR01013,243.50342632566188,109.39991502453617,17.758471890549806,108.44793152589556,209.19654567795263,511.78230179383536,536.9485148886707
MAR01020,-823.8837569595489,82.56762481852323,-997.3477508092722,-974.5700059196773,-792.4742399932945,-732.0812076880849,-676.0228876640507
MAR01022,0.0,0.0,0.0,0.0,0.0,0.0,0.0
MAR01023,0.0,0.0,0.0,0.0,0.0,0.0,0.0
MAR01025,-97.93954409173355,64.60429760614412,-249.32788809601894,-203.6807502425657,-93.27052465634588,-4.080110368241066,16.766649234458487
MAR01026,0.0,0.0,0.0,0.0,0.0,0.0,0.0
MAR01027,0.0,0.0,0.0,0.0,0.0,0.0,0.0
MAR01028,0.0,0.0,0.0,0.0,0.0,0.0,0.0
MAR01033,0.0,0.0,0.0,0.0,0.0,0.0,0.0
MAR01035,0.0,0.0,0.0,0.0,0.0,0.0,0.0
MAR01037,0.0,0.0,0.0,0.0,0.0,0.0,0.0
MAR01038,51.38799047856553,130.28327235552644,0.014524410992116786,2.9957272134350497,32.16190154148492,67.54561704184955,875.5144241176837
MAR01039,0.0,0.0,0.0,0.0,0.0,0.0,0.0
MAR01040,0.0,0.0,0.0,0.0,0.0,0.0,0.0
MAR01041,0.0,0.0,0.0,0.0,0.0,0.0,0.0
MAR01042,0.0,0.0,0.0,0.0,0.0,0.0,0.0
MAR01043,0.0,0.0,0.0,0.0,0.0,0.0,0.0
MAR01044,63.67332845792296,53.0213472781608,1.3743929331264055,6.972098079846079,41.42247479398935,161.63473655275135,185.86250864706253
MAR01045,213.83767034838704,413.5146427869788,-781.0637389954511,-697.0787906457853,261.46431479526933,929.9517108218098,995.0642596061239
MAR01047,-440.27536651975714,250.66150463216857,-960.3238150845774,-926.7060855005712,-351.1290881794687,-162.68458878459705,8.156356437563886
MAR01048,0.0,0.0,0.0,0.0,0.0,0.0,0.0
MAR01049,0.0,0.0,0.0,0.0,0.0,0.0,0.0
MAR01050,0.0,0.0,0.0,0.0,0.0,0.0,0.0
MAR01051,-173.1661761407999,391.1203914726593,-997.7010318954293,-921.6264657211022,-162.9254096695849,686.1626235882917,782.1965874856171
MAR01052,173.1661761407999,391.1203914726593,-782.1965874856171,-686.1626235882917,162.9254096695849,921.626465721102,997.7010318954293
MAR01054,0.0,0.0,0.0,0.0,0.0,0.0,0.0
MAR01055,0.0,0.0,0.0,0.0,0.0,0.0,0.0
MAR01057,0.0,0.0,0.0,0.0,0.0,0.0,0.0
MAR01058,0.0,0.0,0.0,0.0,0.0,0.0,0.0
MAR01059,0.0,0.0,0.0,0.0,0.0,0.0,0.0
MAR01061,0.0,0.0,0.0,0.0,0.0,0.0,0.0
MAR01065,0.0,0.0,0.0,0.0,0.0,0.0,0.0
MAR01066,0.0,0.0,0.0,0.0,0.0,0.0,0.0
MAR01067,0.0,0.0,0.0,0.0,0.0,0.0,0.0
MAR01068,0.0,0.0,0.0,0.0,0.0,0.0,0.0
MAR01069,0.0,0.0,0.0,0.0,0.0,0.0,0.0
MAR01070,0.0,0.0,0.0,0.0,0.0,0.0,0.0
MAR01071,0.0,0.0,0.0,0.0,0.0,0.0,0.0
MAR01072,0.0,0.0,0.0,0.0,0.0,0.0,0.0
MAR01074,0.0,0.0,0.0,0.0,0.0,0.0,0.0
MAR01087,0.0,0.0,0.0,0.0,0.0,0.0,0.0
MAR01088,0.0,0.0,0.0,0.0,0.0,0.0,0.0
MAR01089,0.0,0.0,0.0,0.0,0.0,0.0,0.0
MAR01090,0.0,0.0,0.0,0.0,0.0,0.0,0.0
MAR01092,0.0,0.0,0.0,0.0,0.0,0.0,0.0
MAR01093,921.8233010512851,46.49489236140268,807.0120029971092,846.1166061052307,931.8062151630489,988.5481586108922,998.5641338122758
MAR01094,0.0,0.0,0.0,0.0,0.0,0.0,0.0
MAR01095,10.18607757423601,15.482645769126501,-18.922890198054453,-10.035014123964128,6.367249345919321,37.1669748301342,94.13138010071447
MAR01097,0.0,0.0,0.0,0.0,0.0,0.0,0.0
MAR01098,0.0,0.0,0.0,0.0,0.0,0.0,0.0
MAR01099,0.0,0.0,0.0,0.0,0.0,0.0,0.0
MAR01100,-8.944033592572963e-15,1.639665542716268e-14,-4.6539774804930733e-14,-4.116220070001226e-14,-4.809210105332003e-15,1.441635620436324e-14,2.4214984553686974e-14
MAR01103,0.0,0.0,0.0,0.0,0.0,0.0,0.0
MAR01104,6.55826740234246e-15,2.0841972227679647e-14,-4.0401564943626345e-14,-2.553761866366052e-14,1.22625876231624e-15,4.6830759662253996e-14,5.164316679497306e-14
MAR01105,6.207327046044768e-15,1.6400474153267884e-14,-2.4209623761823073e-14,-2.0940374189391764e-14,2.788875142705779e-15,3.8788458838939655e-14,4.380398835018291e-14
MAR01107,0.0,0.0,0.0,0.0,0.0,0.0,0.0
MAR01108,0.0,0.0,0.0,0.0,0.0,0.0,0.0
MAR01109,0.0,0.0,0.0,0.0,0.0,0.0,0.0
MAR01110,0.0,0.0,0.0,0.0,0.0,0.0,0.0
MAR01111,0.0,0.0,0.0,0.0,0.0,0.0,0.0
MAR01112,0.0,0.0,0.0,0.0,0.0,0.0,0.0
MAR01113,0.0,0.0,0.0,0.0,0.0,0.0,0.0
MAR01114,0.0,0.0,0.0,0.0,0.0,0.0,0.0
MAR01115,0.0,0.0,0.0,0.0,0.0,0.0,0.0
MAR01116,0.0,0.0,0.0,0.0,0.0,0.0,0.0
MAR01117,0.0,0.0,0.0,0.0,0.0,0.0,0.0
MAR01119,0.0,0.0,0.0,0.0,0.0,0.0,0.0
MAR01120,3.851259517590663e-15,8.761498924385638e-15,-1.1723592137133642e-14,-7.278649350530093e-15,9.392375536453788e-16,1.951687137315149e-14,2.9240864613529816e-14
MAR01121,0.0,0.0,0.0,0.0,0.0,0.0,0.0
MAR01122,0.0,0.0,0.0,0.0,0.0,0.0,0.0
MAR01123,0.0,0.0,0.0,0.0,0.0,0.0,0.0
MAR01124,0.0,0.0,0.0,0.0,0.0,0.0,0.0
MAR01125,0.0,0.0,0.0,0.0,0.0,0.0,0.0
MAR01126,2.0048321716504878e-15,2.3296906108420843e-15,-6.169113979421702e-16,-1.0958155632706874e-16,9.613860695561024e-16,5.810287407786828e-15,6.2632547042694265e-15
MAR01127,0.0,0.0,0.0,0.0,0.0,0.0,0.0
MAR01128,0.0,0.0,0.0,0.0,0.0,0.0,0.0
MAR01129,2.0048321716504878e-15,2.3296906108420843e-15,-6.169113979421702e-16,-1.0958155632706854e-16,9.613860695561024e-16,5.810287407786828e-15,6.2632547042694265e-15
MAR01130,0.0,0.0,0.0,0.0,0.0,0.0,0.0
MAR01131,0.0,0.0,0.0,0.0,0.0,0.0,0.0
MAR01132,-2.0048321716504878e-15,2.3296906108420843e-15,-6.2632547042694265e-15,-5.810287407786829e-15,-9.613860695561024e-16,1.0958155632706845e-16,6.169113979421702e-16
MAR01133,0.0,0.0,0.0,0.0,0.0,0.0,0.0
MAR01134,0.0,0.0,0.0,0.0,0.0,0.0,0.0
MAR01135,2.0048321716504878e-15,2.3296906108420843e-15,-6.169113979421702e-16,-1.0958155632706854e-16,9.613860695561024e-16,5.810287407786828e-15,6.2632547042694265e-15
MAR01137,0.0,0.0,0.0,0.0,0.0,0.0,0.0
MAR01138,0.0,0.0,0.0,0.0,0.0,0.0,0.0
MAR01139,0.0,0.0,0.0,0.0,0.0,0.0,0.0
MAR01140,0.0,0.0,0.0,0.0,0.0,0.0,0.0
MAR01143,0.0,0.0,0.0,0.0,0.0,0.0,0.0
MAR01144,-1.6072743197468987e-15,2.8827027483679028e-15,-1.0568434639269651e-14,-7.627960096840839e-15,-6.826322713796042e-16,1.8857869991510787e-15,4.625386301385357e-15
MAR01145,1.6072743197468991e-15,2.8827027483679036e-15,-4.62538630138536e-15,-1.885786999151084e-15,6.826322713796044e-16,7.62796009684084e-15,1.0568434639269654e-14
MAR01146,0.0,0.0,0.0,0.0,0.0,0.0,0.0
MAR01147,0.0,0.0,0.0,0.0,0.0,0.0,0.0
MAR01148,0.0,0.0,0.0,0.0,0.0,0.0,0.0
MAR01149,0.0,0.0,0.0,0.0,0.0,0.0,0.0
MAR01150,1.607274319746899e-15,2.882702748367903e-15,-4.625386301385359e-15,-1.885786999151084e-15,6.826322713796044e-16,7.62796009684084e-15,1.0568434639269654e-14
MAR01151,0.0,0.0,0.0,0.0,0.0,0.0,0.0
MAR01152,-1.6072743197468981e-15,2.8827027483679024e-15,-1.056843463926965e-14,-7.627960096840837e-15,-6.826322713796041e-16,1.8857869991510787e-15,4.6253863013853556e-15
MAR01153,0.0,0.0,0.0,0.0,0.0,0.0,0.0
MAR01154,0.0,0.0,0.0,0.0,0.0,0.0,0.0
MAR01155,0.0,0.0,0.0,0.0,0.0,0.0,0.0
MAR01156,0.0,0.0,0.0,0.0,0.0,0.0,0.0
MAR01157,0.0,0.0,0.0,0.0,0.0,0.0,0.0
MAR01158,1.607274319746899e-15,2.8827027483679036e-15,-4.62538630138536e-15,-1.8857869991510835e-15,6.826322713796044e-16,7.62796009684084e-15,1.0568434639269654e-14
MAR01159,0.0,0.0,0.0,0.0,0.0,0.0,0.0
MAR01160,-1.6072743197468981e-15,2.8827027483679024e-15,-1.056843463926965e-14,-7.627960096840837e-15,-6.826322713796041e-16,1.8857869991510787e-15,4.625386301385356e-15
MAR01161,-1.0878833831876929e-16,3.363175862818371e-15,-8.72621461081202e-15,-6.001047682607314e-15,-7.246911740433355e-17,6.6449180507943075e-15,8.576292741158688e-15
MAR01162,-4.567981989542493e-16,3.0465365184873946e-15,-9.052867780363224e-15,-7.33054385129319e-15,-1.57486151216628e-16,4.986638719465049e-15,6.366833239258233e-15
MAR01163,1.0911611212133402e-16,3.4386907807756634e-15,-7.807624782013227e-15,-6.04083675917333e-15,-3.2073888901003154e-19,7.37202764283887e-15,8.828595406211015e-15
MAR01164,-1.0911611212133705e-16,3.4386907807756634e-15,-8.828595406211021e-15,-7.37202764283887e-15,3.2073888901009904e-19,6.040836759173318e-15,7.807624782013216e-15
MAR01165,1.0911611212133654e-16,3.4386907807756654e-15,-7.807624782013225e-15,-6.040836759173325e-15,-3.207388890100216e-19,7.372027642838871e-15,8.828595406211023e-15
MAR01166,-1.0911611212133705e-16,3.4386907807756634e-15,-8.828595406211021e-15,-7.37202764283887e-15,3.207388890101074e-19,6.040836759173318e-15,7.807624782013216e-15
MAR01167,1.0911611212133679e-16,3.4386907807756654e-15,-7.807624782013225e-15,-6.040836759173325e-15,-3.207388890100293e-19,7.372027642838873e-15,8.828595406211023e-15
MAR01168,-1.0911611212133674e-16,3.4386907807756634e-15,-8.828595406211021e-15,-7.372027642838868e-15,3.2073888901008315e-19,6.040836759173318e-15,7.807624782013216e-15
MAR01170,1.0911611212133421e-16,3.4386907807756626e-15,-7.807624782013225e-15,-6.040836759173327e-15,-3.2073888901007526e-19,7.37202764283887e-15,8.828595406211013e-15
MAR01171,-1.0911611212133679e-16,3.438690780775665e-15,-8.828595406211023e-15,-7.372027642838871e-15,3.2073888901005956e-19,6.040836759173324e-15,7.807624782013222e-15
MAR01172,1.0911611212133694e-16,3.438690780775665e-15,-7.807624782013222e-15,-6.040836759173325e-15,-3.2073888901005937e-19,7.372027642838871e-15,8.828595406211023e-15
MAR01173,-1.0911611212133421e-16,3.4386907807756626e-15,-8.828595406211013e-15,-7.372027642838871e-15,3.207388890100747e-19,6.040836759173326e-15,7.807624782013225e-15
MAR01174,0.0,0.0,0.0,0.0,0.0,0.0,0.0
MAR01175,0.0,0.0,0.0,0.0,0.0,0.0,0.0
MAR01176,0.0,0.0,0.0,0.0,0.0,0.0,0.0
MAR01177,0.0,0.0,0.0,0.0,0.0,0.0,0.0
MAR01178,0.0,0.0,0.0,0.0,0.0,0.0,0.0
MAR01179,0.0,0.0,0.0,0.0,0.0,0.0,0.0
MAR01180,0.0,0.0,0.0,0.0,0.0,0.0,0.0
MAR01181,0.0,0.0,0.0,0.0,0.0,0.0,0.0
MAR01182,0.0,0.0,0.0,0.0,0.0,0.0,0.0
MAR01183,0.0,0.0,0.0,0.0,0.0,0.0,0.0
MAR01184,0.0,0.0,0.0,0.0,0.0,0.0,0.0
MAR01186,5.737905138562793e-31,4.4216386157063525e-30,-4.58867762043344e-30,-4.06172631640899e-30,-5.807650510946821e-31,1.363374006220964e-29,1.4273677845641585e-29
MAR01187,-1.4981582076255632e-15,2.104660323655269e-15,-7.132382873035231e-15,-6.07122328338602e-15,-4.2459220636566906e-16,4.576036911847088e-16,6.789978564590915e-16
MAR01188,1.6212013096342347e-15,2.205526375186832e-15,-5.786884566802975e-16,-4.67176110026324e-16,4.1628716541145967e-16,6.434114341163985e-15,7.40746084131533e-15
MAR01189,0.0,0.0,0.0,0.0,0.0,0.0,0.0
MAR01190,0.0,0.0,0.0,0.0,0.0,0.0,0.0
MAR01191,0.0,0.0,0.0,0.0,0.0,0.0,0.0
MAR01192,0.0,0.0,0.0,0.0,0.0,0.0,0.0
MAR01193,0.0,0.0,0.0,0.0,0.0,0.0,0.0
MAR01194,-1.4981582076255612e-15,2.1046603236552676e-15,-7.132382873035228e-15,-6.071223283386024e-15,-4.245922063656664e-16,4.576036911847081e-16,6.789978564590908e-16
MAR01195,0.0,0.0,0.0,0.0,0.0,0.0,0.0
MAR01196,1.5684525375788396e-15,2.1579508894179734e-15,-6.168297342974553e-16,-3.9548771210048565e-16,4.2858169548925434e-16,6.342067708058651e-15,7.291043833705061e-15
MAR01197,0.0,0.0,0.0,0.0,0.0,0.0,0.0
MAR01198,0.0,0.0,0.0,0.0,0.0,0.0,0.0
MAR01199,0.0,0.0,0.0,0.0,0.0,0.0,0.0
MAR01200,0.0,0.0,0.0,0.0,0.0,0.0,0.0
MAR01201,0.0,0.0,0.0,0.0,0.0,0.0,0.0
MAR01202,0.0,0.0,0.0,0.0,0.0,0.0,0.0
MAR01203,7.080628836137389e-17,1.323061088065371e-16,-1.9987749577280913e-16,-9.632446328414391e-17,1.059187913552157e-17,3.6626211999828987e-16,3.98530692415685e-16
MAR01204,0.0,0.0,0.0,0.0,0.0,0.0,0.0
MAR01205,6.555157118086094e-17,1.289170564712453e-16,-2.0362501300014884e-16,-1.001255527888274e-16,2.8737239328475366e-18,3.526034966881419e-16,3.585477193421372e-16
MAR01206,0.0,0.0,0.0,0.0,0.0,0.0,0.0
MAR01207,0.0,0.0,0.0,0.0,0.0,0.0,0.0
MAR01208,0.0,0.0,0.0,0.0,0.0,0.0,0.0
MAR01209,0.0,0.0,0.0,0.0,0.0,0.0,0.0
MAR01210,0.0,0.0,0.0,0.0,0.0,0.0,0.0
MAR01211,0.0,0.0,0.0,0.0,0.0,0.0,0.0
MAR01212,0.0,0.0,0.0,0.0,0.0,0.0,0.0
MAR01213,0.0,0.0,0.0,0.0,0.0,0.0,0.0
MAR01214,0.0,0.0,0.0,0.0,0.0,0.0,0.0
MAR01215,0.0,0.0,0.0,0.0,0.0,0.0,0.0
MAR01216,0.0,0.0,0.0,0.0,0.0,0.0,0.0
MAR01217,0.0,0.0,0.0,0.0,0.0,0.0,0.0
MAR01218,0.0,0.0,0.0,0.0,0.0,0.0,0.0
MAR01219,0.0,0.0,0.0,0.0,0.0,0.0,0.0
MAR01220,0.0,0.0,0.0,0.0,0.0,0.0,0.0
MAR01221,0.0,0.0,0.0,0.0,0.0,0.0,0.0
MAR01222,0.0,0.0,0.0,0.0,0.0,0.0,0.0
MAR01223,0.0,0.0,0.0,0.0,0.0,0.0,0.0
MAR01224,0.0,0.0,0.0,0.0,0.0,0.0,0.0
MAR01225,0.0,0.0,0.0,0.0,0.0,0.0,0.0
MAR01226,0.0,0.0,0.0,0.0,0.0,0.0,0.0
MAR01228,-7.967648026812718e-15,1.5709526889075507e-14,-4.4001634571961546e-14,-3.869581190933361e-14,-4.178746755235833e-15,1.4647781310735606e-14,2.4435174809845933e-14
MAR01229,-3.851259517590664e-15,8.761498924385638e-15,-2.9240864613529816e-14,-1.9516871373151498e-14,-9.392375536453798e-16,7.278649350529995e-15,1.1723592137133642e-14
MAR01230,1.0695002950164834e-14,2.2255190210281195e-14,-3.620584878858546e-14,-1.8232482805320996e-14,4.7936918135151205e-15,4.9348092066951485e-14,6.599991672142819e-14
MAR01232,-3.804204335553967e-15,8.688627888547738e-15,-2.933302226172126e-14,-1.9551953362577077e-14,-9.336649998853688e-16,7.357330075449e-15,1.1347754121737273e-14
MAR01233,-2.9181712556871215e-15,1.6646116232391552e-14,-4.31385592445091e-14,-3.676174963406111e-14,-8.553051807396535e-16,2.0148151778328018e-14,3.4218546405930475e-14
MAR01234,-2.0048321716504878e-15,2.329690610842084e-15,-6.263254704269425e-15,-5.8102874077868275e-15,-9.613860695561024e-16,1.095815563270684e-16,6.1691139794217e-16
MAR01236,-1.7205563287859677e-15,1.878935805276677e-15,-4.9830441783091065e-15,-4.585556224772971e-15,-8.072887540865974e-16,1.120803943479856e-16,6.530106105669553e-16
MAR01238,-2.00546208112838e-15,2.3308707215053945e-15,-6.266505522865766e-15,-5.813456162871239e-15,-9.583899241704788e-16,1.0986415578750989e-16,6.170437243643216e-16
MAR01241,-2.0048321716504878e-15,2.329690610842084e-15,-6.263254704269425e-15,-5.8102874077868275e-15,-9.613860695561024e-16,1.095815563270684e-16,6.1691139794217e-16
MAR01242,-2.0048321716504878e-15,2.329690610842084e-15,-6.263254704269425e-15,-5.8102874077868275e-15,-9.613860695561024e-16,1.095815563270684e-16,6.1691139794217e-16
MAR01246,-2.0048321716504878e-15,2.329690610842084e-15,-6.263254704269425e-15,-5.8102874077868275e-15,-9.613860695561022e-16,1.095815563270684e-16,6.1691139794217e-16
MAR01247,-2.4849287787945603e-17,2.3782046855736653e-16,-4.415524805761502e-16,-4.351968640897513e-16,-1.262969552265054e-17,4.3177461769342235e-16,8.453921228213076e-16
MAR01249,2.4849287787945603e-17,2.3782046855736653e-16,-8.453921228213076e-16,-4.3177461769342235e-16,1.262969552265054e-17,4.351968640897513e-16,4.415524805761502e-16
MAR01251,0.0,0.0,0.0,0.0,0.0,0.0,0.0
MAR01253,0.0,0.0,0.0,0.0,0.0,0.0,0.0
MAR01254,0.0,0.0,0.0,0.0,0.0,0.0,0.0
MAR01255,2.4849287787945723e-17,2.3782046855736633e-16,-8.453921228213074e-16,-4.3177461769342166e-16,1.2629695522650543e-17,4.351968640897512e-16,4.415524805761501e-16
MAR01256,0.0,0.0,0.0,0.0,0.0,0.0,0.0
MAR01257,2.4849287787945747e-17,2.3782046855736633e-16,-8.453921228213073e-16,-4.317746176934216e-16,1.2629695522650543e-17,4.3519686408975113e-16,4.415524805761501e-16
MAR01258,0.0,0.0,0.0,0.0,0.0,0.0,0.0
MAR01259,2.4849287787945723e-17,2.3782046855736623e-16,-8.453921228213071e-16,-4.317746176934215e-16,1.262969552265053e-17,4.3519686408975113e-16,4.415524805761496e-16
MAR01260,0.0,0.0,0.0,0.0,0.0,0.0,0.0
MAR01261,2.4849287787945723e-17,2.3782046855736623e-16,-8.453921228213071e-16,-4.317746176934215e-16,1.262969552265053e-17,4.3519686408975113e-16,4.415524805761496e-16
MAR01262,0.0,0.0,0.0,0.0,0.0,0.0,0.0
MAR01263,-1.0018780214417269e-14,2.0972378601538656e-14,-6.095775072535186e-14,-4.5540550411128804e-14,-5.0395494183259414e-15,1.8078685931818317e-14,3.5732797735301167e-14
MAR01264,-3.8042043355539655e-15,8.688627888547737e-15,-2.933302226172125e-14,-1.955195336257707e-14,-9.336649998853688e-16,7.357330075448998e-15,1.1347754121737274e-14
MAR01266,1.0739446159331865e-14,2.2345297143000668e-14,-3.6179438009837686e-14,-1.8366102179651273e-14,4.8365822482350765e-15,4.971045251757692e-14,6.609599138373402e-14
MAR01268,-9.968945959834782e-15,2.1372842524945363e-14,-6.170585606635435e-14,-4.608996903180349e-14,-4.9505634199005916e-15,1.853055227896596e-14,3.7441254013101494e-14
MAR01270,0.0,0.0,0.0,0.0,0.0,0.0,0.0
MAR01271,3.0035050354568375e-17,5.881089851667903e-17,-2.859160312509903e-18,-2.6395005483870514e-18,7.2596685639259e-18,1.838807938065016e-16,1.8489066009765794e-16
MAR01272,0.0,0.0,0.0,0.0,0.0,0.0,0.0
MAR01273,3.0035050354568375e-17,5.881089851667903e-17,-2.859160312509903e-18,-2.6395005483870514e-18,7.2596685639259e-18,1.838807938065016e-16,1.8489066009765794e-16
MAR01274,0.0,0.0,0.0,0.0,0.0,0.0,0.0
MAR01275,3.003505035456836e-17,5.8810898516679e-17,-2.859160312509903e-18,-2.6395005483870572e-18,7.259668563925891e-18,1.838807938065015e-16,1.8489066009765784e-16
MAR01276,0.0,0.0,0.0,0.0,0.0,0.0,0.0
MAR01277,0.0,0.0,0.0,0.0,0.0,0.0,0.0
MAR01278,0.0,0.0,0.0,0.0,0.0,0.0,0.0
MAR01279,0.0,0.0,0.0,0.0,0.0,0.0,0.0
MAR01280,7.861021160389576e-15,1.516983114528354e-14,-2.349667526009603e-14,-1.4560585737899776e-14,4.32953768706329e-15,3.794051125424719e-14,4.269922560100561e-14
MAR01284,4.0519177051281175e-15,8.518905111454263e-15,-1.1261955683661046e-14,-7.15384896203355e-15,1.1027248944763484e-15,1.9265701003558072e-14,2.9299317981002205e-14
MAR01285,-1.201956573194084e-14,2.266629951939602e-14,-6.905990165097702e-14,-5.268743555280209e-14,-5.239097319030492e-15,1.8162404959417837e-14,3.487971955010471e-14
MAR01286,-2.8117582229506097e-16,2.125510439273819e-15,-6.777650222138001e-15,-4.159548105312301e-15,1.4798111048107228e-19,2.396331752263587e-15,3.1304038475804483e-15
MAR01287,-2.8117582229506087e-16,2.125510439273819e-15,-6.777650222138001e-15,-4.159548105312301e-15,1.4798111048107228e-19,2.396331752263587e-15,3.1304038475804483e-15
MAR01288,9.476800373370427e-16,9.529154257931799e-16,-9.405434421717805e-19,8.429872587835998e-21,6.935963267433463e-16,2.4771894344760512e-15,6.73044347604073e-15
MAR01289,9.476800373370427e-16,9.529154257931799e-16,-9.40543442171779e-19,8.429872587837011e-21,6.935963267433461e-16,2.4771894344760512e-15,6.73044347604073e-15
MAR01290,9.476800373370427e-16,9.529154257931799e-16,-9.405434421717805e-19,8.429872587835998e-21,6.935963267433463e-16,2.4771894344760512e-15,6.73044347604073e-15
MAR01291,9.474047587244877e-16,9.519784886731551e-16,2.29206769607618e-23,8.441406394409471e-21,6.934708027693187e-16,2.4739625914760215e-15,6.726389607178738e-15
MAR01292,8.837268551022051e-17,1.1493162500093305e-16,-2.6437954592739112e-17,-1.5002779541777705e-17,1.5701295687889374e-17,2.765258347240384e-16,4.536716158461492e-16
MAR01293,8.837268551022051e-17,1.1493162500093305e-16,-2.6437954592739112e-17,-1.5002779541777705e-17,1.5701295687889374e-17,2.765258347240384e-16,4.536716158461492e-16
MAR01294,-4.7427587724201885e-18,4.8883187680278376e-18,-3.6087498104607384e-17,-1.24326470937531e-17,-3.3939308162141326e-18,-5.224328527513866e-23,-1.4185449788481067e-25
MAR01295,0.0,0.0,0.0,0.0,0.0,0.0,0.0
MAR01296,-4.7427587724201885e-18,4.8883187680278376e-18,-3.6087498104607384e-17,-1.24326470937531e-17,-3.3939308162141326e-18,-5.224328527513866e-23,-1.4185449788481067e-25
MAR01297,4.742758772420191e-18,4.88831876802784e-18,1.418544978833041e-25,5.2243285275136177e-23,3.393930816214134e-18,1.2432647093753106e-17,3.6087498104607396e-17
MAR01298,0.0,0.0,0.0,0.0,0.0,0.0,0.0
MAR01299,0.0,0.0,0.0,0.0,0.0,0.0,0.0
MAR01300,0.0,0.0,0.0,0.0,0.0,0.0,0.0
MAR01301,0.0,0.0,0.0,0.0,0.0,0.0,0.0
MAR01303,0.0,0.0,0.0,0.0,0.0,0.0,0.0
MAR01304,0.0,0.0,0.0,0.0,0.0,0.0,0.0
MAR01309,163.52286117533345,338.6198720469598,-889.0683122341474,-772.7948256080128,251.35049970442918,477.63533229059175,913.8028726898597
MAR01310,-163.52286117533396,338.6198720469598,-913.8028726898589,-477.6353322905971,-251.35049970443063,772.7948256080092,889.0683122341477
MAR01311,0.0,0.0,0.0,0.0,0.0,0.0,0.0
MAR01317,0.0,0.0,0.0,0.0,0.0,0.0,0.0
MAR01318,153.72920353918255,154.10773914427708,-80.55644149681666,-10.950503024400472,126.199286908886,359.6318911589884,893.0574325131414
MAR01319,0.0,0.0,0.0,0.0,0.0,0.0,0.0
MAR01320,537.3762664931196,219.01117426032644,54.75643465233088,94.72281357336601,581.3557073603467,877.456854119613,963.2203562995489
MAR01322,-137.65358609765738,185.5160687605661,-479.28708699749063,-379.16225330853007,-178.50322447630185,338.63160370417734,401.3324675054715
MAR01323,137.65358609765818,185.51606876056667,-401.332467505472,-338.63160370417626,178.5032244763006,379.1622533085325,479.28708699749194
MAR01324,-137.6535860976582,185.51606876056658,-479.2870869974917,-379.16225330853234,-178.5032244763006,338.631603704176,401.332467505472
MAR01328,0.0,0.0,0.0,0.0,0.0,0.0,0.0
MAR01329,239.51254174572585,149.5064854494485,23.696232523913295,53.581735188117825,217.7820455344518,454.0411886644565,911.5761614583275
MAR01331,0.0,0.0,0.0,0.0,0.0,0.0,0.0
MAR01332,0.0,0.0,0.0,0.0,0.0,0.0,0.0
MAR01333,0.0,0.0,0.0,0.0,0.0,0.0,0.0
MAR01336,0.0,0.0,0.0,0.0,0.0,0.0,0.0
MAR01337,0.0,0.0,0.0,0.0,0.0,0.0,0.0
MAR01338,0.0,0.0,0.0,0.0,0.0,0.0,0.0
MAR01341,0.0,0.0,0.0,0.0,0.0,0.0,0.0
MAR01342,0.0,0.0,0.0,0.0,0.0,0.0,0.0
MAR01343,0.0,0.0,0.0,0.0,0.0,0.0,0.0
MAR01344,0.0,0.0,0.0,0.0,0.0,0.0,0.0
MAR01345,0.0,0.0,0.0,0.0,0.0,0.0,0.0
MAR01354,278.59726922568274,348.932840745022,-852.9052258849872,-100.40546385914179,252.90128550870404,896.2330569990055,981.3463067514323
MAR01364,0.0,0.0,0.0,0.0,0.0,0.0,0.0
MAR01365,0.0,0.0,0.0,0.0,0.0,0.0,0.0
MAR01366,0.0,0.0,0.0,0.0,0.0,0.0,0.0
MAR01367,0.0,0.0,0.0,0.0,0.0,0.0,0.0
MAR01369,0.0,0.0,0.0,0.0,0.0,0.0,0.0
MAR01370,0.0,0.0,0.0,0.0,0.0,0.0,0.0
MAR01374,0.0,0.0,0.0,0.0,0.0,0.0,0.0
MAR01375,0.0,0.0,0.0,0.0,0.0,0.0,0.0
MAR01376,0.0,0.0,0.0,0.0,0.0,0.0,0.0
MAR01379,0.0,0.0,0.0,0.0,0.0,0.0,0.0
MAR01382,0.0,0.0,0.0,0.0,0.0,0.0,0.0
MAR01383,0.0,0.0,0.0,0.0,0.0,0.0,0.0
MAR01384,0.0,0.0,0.0,0.0,0.0,0.0,0.0
MAR01385,314.2501588159836,139.02491699994923,17.957593481643126,162.12466052669063,288.91232531847237,663.6964396556824,712.5759953519089
MAR01387,0.0,0.0,0.0,0.0,0.0,0.0,0.0
MAR01398,0.0,0.0,0.0,0.0,0.0,0.0,0.0
MAR01401,0.0,0.0,0.0,0.0,0.0,0.0,0.0
MAR01437,0.0,0.0,0.0,0.0,0.0,0.0,0.0
MAR01447,0.0,0.0,0.0,0.0,0.0,0.0,0.0
MAR01452,257.9467012325247,339.86375200573195,-862.0067781550272,-73.37211881984263,164.3163661644536,958.0586321157257,995.1760850661068
MAR01453,157.12507940799543,69.51245849997248,8.978796740821613,81.06233026334618,144.45616265924417,331.84821982784115,356.2879976759544
MAR01456,10.545782926514057,9.41877580533874,0.0596176429260642,0.3068109195840092,7.626837422958271,28.76480107920762,38.564009424918844
MAR01461,-28.14597080925476,365.0781733010186,-940.1464666346141,-839.3922794454403,-7.89033247877731,765.3287255168102,828.660041154642
MAR01462,193.5491003118483,348.7655279268844,-391.4550633548801,-267.20112918064507,108.38090920381046,872.5525171162901,980.6134576737809
MAR01472,51.38799047856553,130.2832723555264,0.01452441099210805,2.995727213435056,32.16190154148492,67.54561704184954,875.5144241176836
MAR01480,0.0,0.0,0.0,0.0,0.0,0.0,0.0
MAR01484,0.0,0.0,0.0,0.0,0.0,0.0,0.0
MAR01486,-54.71910183715398,427.14813810925114,-634.4341426796437,-524.0421870432091,-186.18043558822697,819.1281830779388,933.6016368243729
MAR01487,-479.974312011268,273.88232057307306,-913.434220247572,-898.0691027982873,-476.14840424896386,-219.9200095034879,823.1304514786261
MAR01489,0.0,0.0,0.0,0.0,0.0,0.0,0.0
MAR01490,0.0,0.0,0.0,0.0,0.0,0.0,0.0
MAR01491,0.0,0.0,0.0,0.0,0.0,0.0,0.0
MAR01493,0.0,0.0,0.0,0.0,0.0,0.0,0.0
MAR01494,0.0,0.0,0.0,0.0,0.0,0.0,0.0
MAR01495,0.0,0.0,0.0,0.0,0.0,0.0,0.0
MAR01498,0.0,0.0,0.0,0.0,0.0,0.0,0.0
MAR01499,-310.0827328290447,140.46790270199148,-721.5771032024379,-673.8302316854406,-279.3936554595447,-83.52338175622023,-55.90408994670011
MAR01500,0.0,0.0,0.0,0.0,0.0,0.0,0.0
MAR01502,0.0,0.0,0.0,0.0,0.0,0.0,0.0
MAR01503,0.0,0.0,0.0,0.0,0.0,0.0,0.0
MAR01504,0.0,0.0,0.0,0.0,0.0,0.0,0.0
MAR01505,0.0,0.0,0.0,0.0,0.0,0.0,0.0
MAR01506,364.6521783015055,164.57750380640917,63.679346359700624,91.21344498267875,335.86805120522183,724.4268568544577,911.8334476580628
MAR01508,270.76850162240163,260.0153554993776,28.059722706264623,57.37581011701372,152.88792871245033,899.2968145394763,961.0460757514209
MAR01509,0.0,0.0,0.0,0.0,0.0,0.0,0.0
MAR01512,0.0,0.0,0.0,0.0,0.0,0.0,0.0
MAR01514,-217.84081530565186,167.1352004926795,-723.6097413096189,-681.1753808072475,-169.67330248699074,-54.98085291235218,-29.081277518531383
MAR01526,35.63040734348062,38.14149997041161,0.07016415129973497,1.6477072054910078,21.906411716035638,141.9797013936627,155.16170693767484
MAR01530,6.270558787852555,293.7398636037472,-897.9900215665871,-281.2158050178894,-17.02454098637324,732.1843649904614,826.5281904940732
MAR01531,0.0,0.0,0.0,0.0,0.0,0.0,0.0
MAR01533,0.0,0.0,0.0,0.0,0.0,0.0,0.0
MAR01535,0.0,0.0,0.0,0.0,0.0,0.0,0.0
MAR01536,0.0,0.0,0.0,0.0,0.0,0.0,0.0
MAR01538,0.0,0.0,0.0,0.0,0.0,0.0,0.0
MAR01539,0.0,0.0,0.0,0.0,0.0,0.0,0.0
MAR01540,0.0,0.0,0.0,0.0,0.0,0.0,0.0
MAR01542,0.21471054768970424,0.005616381429638362,0.21187152188476802,0.21190989741119903,0.21233226538416894,0.23206786727298478,0.23399740813642203
MAR01543,0.0,0.0,0.0,0.0,0.0,0.0,0.0
MAR01544,0.0,0.0,0.0,0.0,0.0,0.0,0.0
MAR01545,0.0,0.0,0.0,0.0,0.0,0.0,0.0
MAR01546,0.0,0.0,0.0,0.0,0.0,0.0,0.0
MAR01547,0.0,0.0,0.0,0.0,0.0,0.0,0.0
MAR01548,0.0,0.0,0.0,0.0,0.0,0.0,0.0
MAR01549,0.0,0.0,0.0,0.0,0.0,0.0,0.0
MAR01550,0.0,0.0,0.0,0.0,0.0,0.0,0.0
MAR01553,0.0,0.0,0.0,0.0,0.0,0.0,0.0
MAR01562,-2.0819247259440425,2.0030421333961725,-8.386566601542977,-6.617623358535109,-1.4401286490219454,-0.016330628529877336,-2.021092597246419e-05
MAR01567,17.688109606992295,14.624654353411941,0.0011765909958438708,0.11240433503263746,15.143011735471617,40.70446159544104,64.59261682120426
MAR01570,0.0,0.0,0.0,0.0,0.0,0.0,0.0
MAR01572,0.0,0.0,0.0,0.0,0.0,0.0,0.0
MAR01573,0.0,0.0,0.0,0.0,0.0,0.0,0.0
MAR01588,-554.4955926905062,266.2674644248068,-923.8140616005368,-901.9786318833219,-567.531855471131,-287.35387458121966,794.8857163077137
MAR01589,12.45241204173042,12.139968434706091,0.0006651441368273049,0.1044199786574731,9.548763696955982,32.334953786860666,58.19207671264704
MAR01590,20.110498923836676,15.898825993506534,0.04315104717372662,0.41396876367309615,20.08076419913278,56.35805510383318,72.0842322545799
MAR01593,-32.56291096556698,18.39613280704936,-85.01833713547926,-71.11611381109549,-29.248072969771044,-3.1639894352732965,-1.4046498692923044
MAR01595,32.56291096556698,18.396132807049366,1.404649869292303,3.163989435273296,29.248072969771044,71.1161138110955,85.01833713547927
MAR01598,15.183986778935322,12.678004649983864,0.0009904888600940828,0.08943502658518482,13.386393844216782,34.65067846697477,71.30647177492817
MAR01599,17.37892418663181,15.490004231686706,0.1312107636449442,1.5514925820837473,13.835404722310448,56.48657089797162,71.22160018062583
MAR01601,329.09611842666345,140.8960842131161,74.71647455271419,102.32959245809131,298.1678751190299,694.3808185702958,742.2971540199821
MAR01602,-523.465839954654,130.01997889217293,-933.6803877855033,-865.4947372404318,-471.87762684737635,-404.25294656115466,-369.3507808814067
MAR01604,556.0287509202203,123.28370268098018,410.2014693121808,440.6166383489066,511.40763068904334,891.3230430828479,959.0322117228901
MAR01605,356.5398900049597,108.35658851823435,50.54385849821279,68.33148036628752,382.23203449759734,473.4473071812624,572.1446433545734
MAR01606,61.27721445693169,49.73086006666769,0.23363683133208618,9.170873534857897,49.32422173938694,147.01958819560508,274.5926638245398
MAR01607,0.7581304016025463,0.01983111476164414,0.7481059672624226,0.7482414691093434,0.7497328256580655,0.8194180831590326,0.826231179237295
MAR01608,577.0300749044297,117.03103899524353,429.29807025454926,462.7201532517949,537.6636694210229,892.4784377090327,959.0737081687481
MAR01609,117.6045024219047,64.95347903094297,22.860223351705685,33.46862072221791,106.46537434329298,285.40579784682666,299.1153514835796
MAR01610,80.67198153624672,105.70374547244566,0.036204640014702125,2.46916891206787,24.887483421656448,364.81057871309446,404.83639397158043
MAR01611,546.9853451609594,130.56023984311673,365.6378753158381,397.53176471877725,510.62645542457585,892.1224811823806,959.0439669370581
MAR01613,168.27450276627147,83.20528507276495,52.48884176052665,73.70158829282255,150.2747475379423,371.28732218835233,395.1047955858857
MAR01614,30.001981191879914,35.994521814813154,0.06857842745489037,1.2140084638347424,13.739995034739083,118.29684335376433,161.3798748781507
MAR01616,0.0,0.0,0.0,0.0,0.0,0.0,0.0
MAR01619,3.375692892874633,3.072931496516334,0.00021739700620992193,0.016828452312773804,2.3955431280872257,9.584291557405004,13.754345551177142
MAR01620,322.6891648054976,166.17522844817591,28.640624884367753,56.9654853333326,316.18497229122534,550.6130543882223,931.0221392474482
MAR01621,150.86989819055552,184.31275373088326,-94.73512312630135,-48.66946790059195,82.88285690011,498.90891522485566,884.064652165068
MAR01623,203.21667073076298,266.4158118165842,-393.3210693822672,-116.67172487185394,166.19392202303297,798.4131341872859,905.0418251414445
MAR01624,3.375692892874632,3.0729314965163343,0.00021739700620989897,0.01682845231277325,2.3955431280872252,9.584291557405006,13.75434555117714
MAR01625,2.4399955816067616,2.3686183640943774,0.00025095582525815427,0.030908088077874592,1.6228948194271915,7.05902391392617,10.21843354892592
MAR01626,-110.55806815016983,363.8539736201099,-582.0921357557876,-465.9338695088861,-266.14037879208627,813.1792673329896,977.0983269477368
MAR01627,4.009672630474952,3.65633463763521,0.0076186292537088725,0.06551490761933035,3.1724790176554265,11.94986469434202,17.308283055115446
MAR01629,7.385365523349593,5.537699789660601,0.023446368793556525,0.2588624753325265,7.191851726941469,19.70538038952499,27.937759423400337
MAR01631,-3.3756928928746297,3.0729314965163317,-13.754345551177131,-9.584291557404997,-2.3955431280872266,-0.016828452312773315,-0.00021739700620989816
MAR01632,9.825361104956345,5.914798725501019,0.028965715926368676,0.41388166609682336,9.539906451345344,21.318659361160776,28.877177847062267
MAR01633,50.41882751109377,148.65569675452568,-842.0329366387223,-72.14059333366413,64.66046999220556,181.7562793886672,192.26685667859854
MAR01638,9.825361104956345,5.914798725501035,0.028965715926367788,0.4138816660968232,9.539906451345328,21.31865936116085,28.877177847062356
MAR01642,649.0699873526502,146.81302615010128,432.83154721952144,472.740231051089,608.4660539436892,940.2354643813011,988.9307277753569
MAR01645,193.27809509265316,81.06259498484525,16.039547078429493,63.10218292400331,186.65524471352927,322.28400308138055,384.8499117569302
MAR01646,649.0699873526506,146.81302615010114,432.83154721952127,472.7402310510889,608.4660539436895,940.2354643813012,988.930727775357
MAR01648,-193.2780950926532,81.06259498484522,-384.8499117569302,-322.28400308138066,-186.65524471352919,-63.10218292400335,-16.039547078429493
MAR01652,9.825361104956347,5.914798725501014,0.028965715926368627,0.4138816660968235,9.53990645134537,21.31865936116075,28.877177847062207
MAR01663,9.825361104956329,5.914798725500982,0.02896571592636811,0.41388166609682303,9.539906451345171,21.318659361160616,28.877177847062143
MAR01665,9.825361104956329,5.9147987255009795,0.02896571592636805,0.4138816660968233,9.539906451345171,21.318659361160613,28.877177847062125
MAR01667,-1.007112181559251e-14,2.0145247237815867e-14,-6.68990614639774e-14,-5.2040193524771146e-14,-3.778511093233963e-15,1.6870703259842775e-14,3.907522357439606e-14
MAR01668,3.690357519047547e-15,2.7892093936781353e-14,-6.341120308391958e-15,-4.197723827743743e-15,-1.707791282808366e-19,4.47849189049992e-15,1.8141264031583985e-13
MAR01669,0.4785540741012864,0.012517979417644294,0.47222635807265667,0.47231189079992114,0.47325327865461075,0.5172406504990569,0.5215412759305179
MAR01670,-4.811639392851941e-15,2.7806486770529534e-14,-1.8153787137896294e-13,-6.370375357305351e-15,-5.658569597382043e-16,2.644206921909615e-15,5.89258943099865e-15
MAR01671,-207.07806611950429,348.5539402306026,-977.5439169583875,-863.7776163372646,-184.19722077733365,200.15487264701483,884.5959727443944
MAR01672,32.56291096556712,18.39613280704939,1.4046498692923306,3.1639894352733324,29.24807296977147,71.11611381109554,85.01833713547931
MAR01673,97.32782509799934,103.15132351515823,0.04989165271010751,2.0806490201709162,67.54373870265107,402.4942354125947,438.23561940080793
MAR01676,4.225655122166578,6.171622014364433,9.375094064668324e-05,0.02120941944306959,1.2629322608790359,20.754031108552937,20.894885783750347
MAR01678,93.10216997583228,104.2660887562005,0.04935511890885364,2.0586979290946172,58.824635040438665,402.0180214677711,437.6791553306704
MAR01679,34.444005295548315,25.13479088940289,0.04619364393395713,1.382897978779479,30.713729638065708,82.1993074665199,109.92485502084389
MAR01681,62.88381980245012,107.69652650199934,0.002468030434612816,0.36594840656101063,24.772554346781398,393.13804827489633,433.2903329951888
MAR01682,3.1033093332924255,2.5684720482654324,0.00011470658417637536,0.010840840774813601,2.913702438765619,7.651433459729073,9.965111108880091
MAR01684,99.2847772859208,172.57076044546477,-412.95698040588536,-366.2706298699662,145.6412565011804,293.5108150338077,392.97109977229854
MAR01685,449.9289408256356,212.61958817892548,1.3051362747693274,23.29408513419337,450.7759392577668,867.447367946537,935.1801844382672
MAR01687,31.340695962255843,23.86044526344452,0.0459572860675259,1.1662259952759901,26.54968466471867,77.6339761536361,103.93515471039878
MAR01689,31.340695962255854,23.860445263444518,0.04595728606752439,1.1662259952759906,26.54968466471866,77.63397615363604,103.93515471039869
MAR01691,31.340695962255843,23.860445263444497,0.04595728606752729,1.1662259952759901,26.54968466471869,77.63397615363597,103.93515471039856
MAR01692,-107.1042307723579,363.2864769258393,-502.9462914403918,-453.1464936424038,-279.64422647809914,763.5334564339875,841.1040234259831
MAR01693,46.31806599876519,34.15886004893513,0.00752839308483696,1.449728655193118,34.546061037553976,103.45624294329549,137.65621329471128
MAR01694,-292.06535320829084,103.19434984071903,-494.9282720077541,-424.9636841709518,-298.740941736288,-64.39341191113978,-29.247040148515907
MAR01695,1.4847140183396966e-14,3.0981760126717576e-14,-7.111301640234743e-14,-6.355106586245434e-14,1.4204606217413473e-14,6.703290843167573e-14,8.458135120499056e-14
MAR01697,0.0,0.0,0.0,0.0,0.0,0.0,0.0
MAR01699,1.6274444003999337e-14,3.167689269682102e-14,-7.160882860438574e-14,-6.416364957470523e-14,1.4416595425888103e-14,6.903670122985417e-14,8.539968752945353e-14
MAR01700,-2.9861990677421744e-14,3.193243324262474e-14,-9.608093154817587e-14,-8.496969085423948e-14,-2.2302681103031198e-14,1.3781874663360133e-14,2.84746623633532e-14
MAR01706,10.545782926514054,9.418775805338742,0.05961764292606683,0.30681091958400697,7.626837422958307,28.764801079207675,38.56400942491886
MAR01708,-4.596638283001377e-14,1.0196833183120443e-13,-3.2402588670089277e-13,-2.895562317880543e-13,-1.7561977492455234e-14,1.018566331655565e-13,1.233798162796905e-13
MAR01710,-4.144852246886868e-14,9.928464409566093e-14,-3.036073678394434e-13,-2.702159166011414e-13,-1.67746894195895e-14,1.134732220343133e-13,1.3662171807862266e-13
MAR01711,-7.543709304986544e-16,2.769498685882331e-15,-8.874084084184785e-15,-5.335597424142464e-15,-3.0123158204029e-16,3.649827710250371e-15,4.190300650008095e-15
MAR01714,0.0,0.0,0.0,0.0,0.0,0.0,0.0
MAR01718,3.9883018284125975,3.711407024668875,0.00023301665596968876,0.061717935855993764,2.6380624305406606,10.64330057550117,18.410404985930562
MAR01719,103.16155583279395,143.0886947397055,-14.76978247387809,-0.6965024092662606,49.81150437053214,253.4545705033545,854.1328659570761
MAR01720,-2.301724318340349e-14,3.9300803117153936e-14,-1.4205429281332652e-13,-1.0176273946171856e-13,-8.32761672341238e-15,1.9894376972040178e-14,3.7573559953011135e-14
MAR01721,82.09795185407158,412.6121903366804,-790.5905893765238,-449.96116372788515,-28.001810595663812,866.9093402725441,890.8253529990328
MAR01722,-1.6978315497095267e-14,1.647940411446545e-14,-5.241153844873317e-14,-4.673569000602373e-14,-1.0699896554893794e-14,2.191485274767097e-15,1.9130789177538826e-14
MAR01723,1.3738874340884812e-14,1.9476955880211798e-14,-4.5226320356987795e-14,-1.5415992683401392e-14,1.2228168011240454e-14,4.748586084013545e-14,5.508685005206256e-14
MAR01725,-1.9657772018322226,2.5043249831176206,-12.449459614631918,-7.945796405549499,-1.1599983265546636,-0.01679716322674826,-0.00016738446630819754
MAR01726,2.0225246265804064,2.150878422053143,4.6137021201893555e-05,0.0027881564626509926,1.086538195764851,6.497772468815472,8.626850095771282
MAR01727,1.9657772018322224,2.50432498311762,0.0001673844663082011,0.01679716322674826,1.1599983265546636,7.945796405549421,12.449459614631918
MAR01729,2.6220269162601136e-14,4.673436885926371e-14,-3.5395178227997617e-14,-3.057537477967458e-14,6.6768486392586844e-15,1.2515625351887777e-13,1.328499871763125e-13
MAR01732,1.0023550946455806e-14,1.6658506461835063e-13,-3.5842771020527907e-13,-2.750711253977288e-13,3.008193700106359e-15,2.688357566775562e-13,3.708205835492162e-13
MAR01734,-1.784246653470456e-14,3.4246794485573443e-14,-1.044835180765042e-13,-9.310451535943984e-14,-5.332963080494557e-15,1.9726312536297143e-14,3.796651551886334e-14
MAR01738,-4.636662270083867e-14,9.53715565219917e-14,-3.265299132483964e-13,-2.832510909488091e-13,-1.5176704203411178e-14,7.198201455465457e-14,1.0800840777640361e-13
MAR01739,0.0,0.0,0.0,0.0,0.0,0.0,0.0
MAR01740,0.0,0.0,0.0,0.0,0.0,0.0,0.0
MAR01741,-4.65092009084765e-14,9.634197030411428e-14,-3.296915621161217e-13,-2.854830458596559e-13,-1.7095703396705188e-14,7.242839003814238e-14,1.0906943719826036e-13
MAR01742,0.0,0.0,0.0,0.0,0.0,0.0,0.0
MAR01743,-4.5905090328147845e-14,9.712739113763366e-14,-3.304026801084165e-13,-2.8596837763168124e-13,-1.666430479648282e-14,7.566159231167135e-14,1.1369343352873696e-13
MAR01744,0.0,0.0,0.0,0.0,0.0,0.0,0.0
MAR01745,-4.62177726111814e-14,9.725807511578199e-14,-3.304480449886035e-13,-2.8784432686552133e-13,-1.648521318540484e-14,7.580408867445082e-14,1.1354547123378488e-13
MAR01746,0.0,0.0,0.0,0.0,0.0,0.0,0.0
MAR01747,-4.7615765572850205e-14,9.690535982994228e-14,-3.3095807617928777e-13,-2.8950986339235044e-13,-1.6958064936550206e-14,7.261020567428586e-14,1.0895791750287625e-13
MAR01748,0.0,0.0,0.0,0.0,0.0,0.0,0.0
MAR01749,-4.790682880955932e-14,9.683989966206041e-14,-3.3121056257182257e-13,-2.8938680507487373e-13,-1.675083501345189e-14,7.313239334541626e-14,1.0823382512811107e-13
MAR01750,0.0,0.0,0.0,0.0,0.0,0.0,0.0
MAR01751,-4.407458550838477e-14,9.571007680780508e-14,-3.224003622470801e-13,-2.802743908378852e-13,-1.6408756247076454e-14,7.840028450234609e-14,1.1815635623035718e-13
MAR01752,0.0,0.0,0.0,0.0,0.0,0.0,0.0
MAR01753,-4.7006210006546044e-14,9.623040888590189e-14,-3.2968797310497357e-13,-2.8705213181027016e-13,-1.7708104868002147e-14,7.206601842445577e-14,1.0904864008084888e-13
MAR01754,0.0,0.0,0.0,0.0,0.0,0.0,0.0
MAR01756,-4.835747183761946e-14,9.60631655549332e-14,-3.3076522866375563e-13,-2.8966810677973384e-13,-1.8118881582570814e-14,6.764875119101718e-14,1.0410803654782171e-13
MAR01757,0.0,0.0,0.0,0.0,0.0,0.0,0.0
MAR01758,0.0,0.0,0.0,0.0,0.0,0.0,0.0
MAR01759,-4.835747183761946e-14,9.606316555493322e-14,-3.307652286637557e-13,-2.8966810677973384e-13,-1.8118881582570814e-14,6.76487511910172e-14,1.0410803654782174e-13
MAR01761,-4.698894945289458e-14,9.662396759115146e-14,-3.302586683259697e-13,-2.8900331381551124e-13,-1.7708465123799873e-14,7.177586811801215e-14,1.0821697498262644e-13
MAR01763,0.0,0.0,0.0,0.0,0.0,0.0,0.0
MAR01766,116.45407480857556,66.16746131056786,1.0925168812855643,32.529723209848996,105.03394290027246,229.6786915486509,269.10830738032894
MAR01767,21.00132398420557,19.960302560188442,0.023991581847382017,0.5857001160109275,14.68608709339814,67.07452717715698,91.2067355742678
MAR01768,21.00132398420557,19.96030256018844,0.023991581847382176,0.5857001160109242,14.68608709339815,67.07452717715698,91.2067355742678
MAR01769,95.45275082437071,72.36396005541566,0.00111629297680051,10.058436235514415,80.80365962799664,225.92887030246257,251.50597797345387
MAR01770,21.00132398420557,19.96030256018844,0.023991581847382017,0.5857001160109245,14.686087093398152,67.07452717715698,91.2067355742678
MAR01771,95.45275082437068,72.36396005541566,0.0011162929770112302,10.058436235514362,80.80365962799678,225.92887030246257,251.50597797345375
MAR01773,0.0,0.0,0.0,0.0,0.0,0.0,0.0
MAR01774,257.62134791274156,100.78866883840107,25.322524977801212,54.85345515524349,253.45411767065332,390.78050427993014,487.93231767609757
MAR01775,0.0,0.0,0.0,0.0,0.0,0.0,0.0
MAR01779,-200.77667514915854,267.2988283438507,-905.0397629011347,-798.2177887250763,-162.6626546981534,120.13641314958502,394.16762392959356
MAR01780,-0.5572587292745157,157.3053163970445,-180.50188065983633,-136.42675360418005,-24.200205553821498,141.86357882375847,887.4437583387562
MAR01786,116.45407480857571,66.16746131056794,1.0925168812855963,32.529723209848974,105.03394290027262,229.67869154865096,269.1083073803293
MAR01795,0.33936342112442897,3.5600802773747073,-10.498584747954673,-5.437376266661115,0.014901615560514522,7.198732808840609,9.936486889139552
MAR01797,116.45407480857553,66.16746131056794,1.0925168812853565,32.52972320984894,105.03394290027242,229.67869154865096,269.10830738032917
MAR01799,-36.88917110648262,416.462923431551,-845.5959496850418,-533.3306942512211,-146.65912665807687,796.5397733140156,894.0220628461245
MAR01802,-880.0057299596147,65.47700721480574,-999.9711208970043,-987.4970541134688,-875.5782064217378,-817.3428905465071,-598.615419813226
MAR01803,30.044729743469375,26.822121392737802,0.00565312824701609,0.27063113270647615,24.35923665888931,86.16554784008838,131.88210083543356
MAR01804,30.044729743469375,26.8221213927378,0.005653128247016091,0.270631132706476,24.359236658889294,86.16554784008838,131.88210083543356
MAR01805,0.730788074263509,0.9004958104687943,3.528126020590623e-05,6.468780693225314e-05,0.37011765417544684,2.318786982362142,2.5370558404795496
MAR01806,880.736518033877,65.20919534203134,599.2089847851347,819.218330084211,876.0346949680488,987.565755622322,999.9711630299041
MAR01807,-23.89233095648503,17.584078123230597,-87.75494517683637,-59.25597856094028,-21.500171889017622,-1.4083652362416363,-0.004388042924006186
MAR01809,0.0,0.0,0.0,0.0,0.0,0.0,0.0
MAR01810,0.0,0.0,0.0,0.0,0.0,0.0,0.0
MAR01811,0.0,0.0,0.0,0.0,0.0,0.0,0.0
MAR01813,0.0,0.0,0.0,0.0,0.0,0.0,0.0
MAR01814,-212.13301855920432,314.52998926757664,-978.1437910265511,-865.8142879243876,-121.92953639071985,145.066825951721,259.2805452734578
MAR01820,-651.3905986806833,208.05228644743522,-988.092820774053,-946.0820563454755,-681.9859782778216,-161.28318013969246,-65.20303932745799
MAR01827,0.2896511501139396,0.007576671752783523,0.2858212167281957,0.28587298653679505,0.28644277392253326,0.3130667095125875,0.3156697196421557
MAR01830,987.2373189782833,9.22102357928585,965.3471345455508,970.7467693814075,987.6504651542261,999.7770060357453,999.9987984499475
MAR01832,-7.298650466716693e-16,9.311996032459937e-16,-3.894887045816037e-15,-2.435776284225846e-15,-3.86471931162709e-16,3.470281101765399e-16,3.483280276357089e-16
MAR01833,4.56846540874581e-15,1.0142657852122225e-14,-5.5330505173872305e-15,-4.4709523387243435e-15,1.1871112503733849e-15,3.219783719043815e-14,3.455017206233288e-14
MAR01835,-1.5492066743304543e-15,2.2296065233616924e-14,-6.217429435654948e-14,-4.1289914804660486e-14,6.324255232691741e-16,4.04710873264522e-14,5.664449026656556e-14
MAR01838,31.43484639065776,25.224890809856333,0.004236194311788319,0.3356490770695107,24.942257775536586,75.12961353026014,89.73309852252261
MAR01839,2.1522905198294278,2.1462435789308123,0.00022676275818160532,0.023599102309136047,1.5402250750131539,8.408466424766708,13.049654614817904
MAR01840,8.034403984849877,6.820404433037536,0.00037068070961224025,0.0009799309684504118,5.792446021779121,18.525086647950317,25.54471034953886
MAR01841,8.368513383063422e-17,1.0027331548964538e-15,-2.1241925094388444e-15,-1.0430169548024618e-15,-5.439945204584386e-17,2.535221965465417e-15,3.638585881510177e-15
MAR01842,9.307864799264346e-15,2.1881345390133093e-14,-3.1111681733297967e-14,-1.9990492583065367e-14,3.166991965357344e-15,5.645557331608163e-14,7.436727431380328e-14
MAR01844,0.0,0.0,0.0,0.0,0.0,0.0,0.0
MAR01846,-1.2533699009374454e-16,4.251589333571556e-16,-1.170961988458858e-15,-1.1046668300951907e-15,-1.2586673414208609e-17,3.51347287242354e-16,5.807111996762459e-16
MAR01848,-1.4656540953999131e-15,2.218032057610036e-15,-7.264632044149753e-15,-4.946995048078915e-15,-1.0868009862011078e-15,2.120997771911076e-15,4.209783965705208e-15
MAR01849,4.652014355581588e-14,9.547879458257795e-14,-1.076052904119514e-13,-7.157470625762073e-14,1.5279667669123264e-14,2.8390734947777245e-13,3.2718639316953593e-13
MAR01850,-2.213858248125951e-15,2.3897648414645427e-15,-8.045180415463573e-15,-5.742408621231344e-15,-1.901965100138978e-15,1.7689131356529767e-15,3.2277642560963678e-15
MAR01852,616.858112849438,198.6574297028659,52.08662580239843,301.8941591557204,622.0065316602343,955.5344767360234,991.781788132926
MAR01854,1.9657772018321893,2.5043249831176193,0.00016738446630825408,0.016797163226748315,1.1599983265546485,7.945796405549388,12.449459614631932
MAR01855,0.0,0.0,0.0,0.0,0.0,0.0,0.0
MAR01859,-616.8581128494384,198.65742970286666,-991.781788132925,-955.5344767360256,-622.0065316602384,-301.8941591557162,-52.08662580239377
MAR01862,40.948022700070105,26.92363305482918,1.0945411792010271,5.603854595485952,36.72769115517227,86.7925175288434,114.55387531325448
MAR01863,75.93633461379721,132.07189455799278,0.03316284707688792,2.175427972401334,52.79246845498873,168.52511319098343,880.3365723447172
MAR01864,44.01776645896719,130.8932846675433,0.08593411785488819,2.616121390692961,22.06993855929271,64.75361047986829,872.0691903828199
MAR01865,0.0,0.0,0.0,0.0,0.0,0.0,0.0
MAR01866,4.1296956407869777e-35,7.684782488254437e-35,-8.043999090901614e-35,-3.424359339818135e-35,8.361543605982247e-37,2.2542081802056324e-34,2.2901749149833163e-34
MAR01867,141.18068443160064,134.708552586422,6.581808035118445,18.141346750339295,120.50541066568937,270.5995843489615,889.4205670109269
MAR01871,729.3338654079427,129.75824621171017,383.4042725714265,439.97296351513023,729.9405275855902,953.2233466809889,975.8796952722897
MAR01878,0.0,0.0,0.0,0.0,0.0,0.0,0.0
MAR01916,0.0,0.0,0.0,0.0,0.0,0.0,0.0
MAR01917,-241.40865306677208,307.24818260901225,-984.2808530867211,-874.4838812019287,-138.47684459510657,109.4919896354311,179.20222963456473
MAR01921,0.0,0.0,0.0,0.0,0.0,0.0,0.0
MAR01939,-0.004714033184481221,0.00012330930521114945,-0.005137481874864101,-0.005095118238030562,-0.004661817297066523,-0.004652544084617747,-0.004651701537937737
MAR01946,-284.81279547274943,136.86049091813982,-576.486523936698,-487.4067799572791,-290.31233791093575,-51.09710481634019,-9.628316917734992
MAR01957,0.0,0.0,0.0,0.0,0.0,0.0,0.0
MAR01964,221.1537497474153,100.73635072572431,-198.03305383491744,95.9091093244843,228.71606653298448,409.0563923986898,419.9798250188344
MAR01965,-221.15374974741536,100.73635072572432,-419.9798250188345,-409.0563923986899,-228.71606653298454,-95.9091093244843,198.03305383491744
MAR01973,-9.34720077396626e-16,1.3704280014887742e-15,-4.3108040676735725e-15,-4.236353590104416e-15,-1.6325727818082607e-16,3.2170557593029973e-16,3.6038023016552763e-16
MAR01974,-6.702151231981165e-19,7.783968150628971e-18,-2.0430828823625496e-17,-1.940715370300819e-17,-6.750507065569904e-19,1.5862563239025888e-17,2.1797447662502303e-17
MAR01978,0.0,0.0,0.0,0.0,0.0,0.0,0.0
MAR01996,15.253050958688343,18.123586271060947,0.0009916512560030678,0.17563466843626083,11.857533860551632,34.81309022348272,124.17343824919804
MAR01997,0.0,0.0,0.0,0.0,0.0,0.0,0.0
MAR01998,8.54715579369438,375.445875289958,-932.4847430329525,-817.7684137427769,128.7268578005542,361.0886228889579,912.2099272096151
MAR02002,0.0,0.0,0.0,0.0,0.0,0.0,0.0
MAR02003,310.83763222097997,159.91374172386438,11.033019735697621,57.07685263543087,322.4795741964873,489.65034412166733,932.7580567852016
MAR02004,310.83763222097804,159.91374172386412,11.033019735696554,57.07685263543103,322.47957419648566,489.6503441216614,932.7580567852023
MAR02014,9.34720077396626e-16,1.3704280014887742e-15,-3.6038023016552763e-16,-3.217055759302998e-16,1.6325727818082602e-16,4.236353590104415e-15,4.3108040676735725e-15
MAR02015,1.5166564199527554e-14,2.5235351144565844e-14,-9.682349958341997e-15,-6.770958372058892e-15,6.442906424224579e-16,6.993862372138312e-14,7.267840441699997e-14
MAR02016,9.34720077396626e-16,1.370428001488774e-15,-3.603802301655276e-16,-3.217055759302998e-16,1.6325727818082602e-16,4.236353590104415e-15,4.3108040676735725e-15
MAR02017,-1.983280633504115e-15,3.618721556103007e-15,-1.3201291736314993e-14,-8.980760540392667e-15,-5.906777400781853e-16,1.9098781520300347e-15,5.304439337143346e-15
MAR02018,0.0,0.0,0.0,0.0,0.0,0.0,0.0
MAR02019,1.709473480825267e-14,2.6800076467311812e-14,-7.09246111260426e-15,-5.184980586294986e-15,4.4357036431588987e-16,7.50611531484e-14,7.678082322616984e-14
MAR02036,-335.22658678664686,379.888993113974,-992.8354096807285,-936.316057924591,-363.1590653901389,631.308165887269,756.1518149361862
MAR02039,335.2265867866484,379.88899311397387,-756.1518149361859,-631.3081658872669,363.15906539014054,936.3160579245936,992.8354096807287
MAR02041,-180.05436931845264,262.14711731975444,-840.5936058131805,-763.3732665131286,-166.88997705474318,66.54259138837902,865.6098645849664
MAR02042,0.0,0.0,0.0,0.0,0.0,0.0,0.0
MAR02043,0.0,0.0,0.0,0.0,0.0,0.0,0.0
MAR02044,0.0,0.0,0.0,0.0,0.0,0.0,0.0
MAR02045,0.0,0.0,0.0,0.0,0.0,0.0,0.0
MAR02046,15.60102563272502,18.655835382949547,0.0007533915376448253,0.024129875634240818,5.129452968715375,49.4974317634695,62.30328290809703
MAR02047,0.0,0.0,0.0,0.0,0.0,0.0,0.0
MAR02048,-3.0296756512535445e-16,8.056085143510427e-16,-4.339179109245494e-15,-1.638546582286914e-15,-1.5120987252365717e-16,5.538598833818448e-16,1.6858279687543515e-15
MAR02049,0.0,0.0,0.0,0.0,0.0,0.0,0.0
MAR02051,0.0,0.0,0.0,0.0,0.0,0.0,0.0
MAR02052,0.0,0.0,0.0,0.0,0.0,0.0,0.0
MAR02053,0.0,0.0,0.0,0.0,0.0,0.0,0.0
MAR02054,0.0,0.0,0.0,0.0,0.0,0.0,0.0
MAR02055,0.0,0.0,0.0,0.0,0.0,0.0,0.0
MAR02057,0.0,0.0,0.0,0.0,0.0,0.0,0.0
MAR02058,0.0,0.0,0.0,0.0,0.0,0.0,0.0
MAR02059,0.0,0.0,0.0,0.0,0.0,0.0,0.0
MAR02060,0.0,0.0,0.0,0.0,0.0,0.0,0.0
MAR02061,0.0,0.0,0.0,0.0,0.0,0.0,0.0
MAR02063,0.0,0.0,0.0,0.0,0.0,0.0,0.0
MAR02064,0.0,0.0,0.0,0.0,0.0,0.0,0.0
MAR02065,0.0,0.0,0.0,0.0,0.0,0.0,0.0
MAR02066,0.0,0.0,0.0,0.0,0.0,0.0,0.0
MAR02067,0.0,0.0,0.0,0.0,0.0,0.0,0.0
MAR02068,0.0,0.0,0.0,0.0,0.0,0.0,0.0
MAR02069,0.0,0.0,0.0,0.0,0.0,0.0,0.0
MAR02070,0.0,0.0,0.0,0.0,0.0,0.0,0.0
MAR02071,0.0,0.0,0.0,0.0,0.0,0.0,0.0
MAR02072,0.0,0.0,0.0,0.0,0.0,0.0,0.0
MAR02073,0.0,0.0,0.0,0.0,0.0,0.0,0.0
MAR02074,0.0,0.0,0.0,0.0,0.0,0.0,0.0
MAR02075,0.0,0.0,0.0,0.0,0.0,0.0,0.0
MAR02076,0.0,0.0,0.0,0.0,0.0,0.0,0.0
MAR02078,0.0,0.0,0.0,0.0,0.0,0.0,0.0
MAR02079,0.0,0.0,0.0,0.0,0.0,0.0,0.0
MAR02080,0.0,0.0,0.0,0.0,0.0,0.0,0.0
MAR02081,0.0,0.0,0.0,0.0,0.0,0.0,0.0
MAR02082,0.0,0.0,0.0,0.0,0.0,0.0,0.0
MAR02083,0.0,0.0,0.0,0.0,0.0,0.0,0.0
MAR02084,0.0,0.0,0.0,0.0,0.0,0.0,0.0
MAR02085,0.0,0.0,0.0,0.0,0.0,0.0,0.0
MAR02086,0.0,0.0,0.0,0.0,0.0,0.0,0.0
MAR02087,-342.66321673650634,127.26223203613868,-908.4313115991596,-500.65492145345473,-347.45905003562984,-86.22017273140303,-62.02460049187151
MAR02088,-342.66321673650623,127.26223203613864,-908.4313115991592,-500.6549214534547,-347.45905003562956,-86.22017273140305,-62.02460049187151
MAR02089,342.66321673650634,127.26223203613867,62.02460049187151,86.22017273140303,347.45905003562984,500.65492145345473,908.4313115991594
MAR02090,342.6632167365063,127.2622320361387,62.02460049187151,86.22017273140303,347.45905003562973,500.65492145345473,908.4313115991596
MAR02091,-3.959597144610699e-18,4.081121128990681e-18,-3.0128446608350536e-17,-1.0379670629391201e-17,-2.833498268357022e-18,-4.361646314449801e-23,-1.184303675805613e-25
MAR02092,0.0,0.0,0.0,0.0,0.0,0.0,0.0
MAR02093,0.0,0.0,0.0,0.0,0.0,0.0,0.0
MAR02094,-3.959597144610698e-18,4.0811211289906806e-18,-3.0128446608350523e-17,-1.0379670629391198e-17,-2.833498268357022e-18,-4.361646314450565e-23,-1.1843036758738777e-25
MAR02095,0.0,0.0,0.0,0.0,0.0,0.0,0.0
MAR02096,-3.959597144610699e-18,4.081121128990681e-18,-3.012844660835053e-17,-1.0379670629391201e-17,-2.833498268357022e-18,-4.3616463144501586e-23,-1.1843036758413672e-25
MAR02097,0.0,0.0,0.0,0.0,0.0,0.0,0.0
MAR02098,0.0,0.0,0.0,0.0,0.0,0.0,0.0
MAR02099,0.0,0.0,0.0,0.0,0.0,0.0,0.0
MAR02100,0.0,0.0,0.0,0.0,0.0,0.0,0.0
MAR02101,0.0,0.0,0.0,0.0,0.0,0.0,0.0
MAR02102,0.0,0.0,0.0,0.0,0.0,0.0,0.0
MAR02103,0.0,0.0,0.0,0.0,0.0,0.0,0.0
MAR02104,0.0,0.0,0.0,0.0,0.0,0.0,0.0
MAR02105,0.0,0.0,0.0,0.0,0.0,0.0,0.0
MAR02106,0.0,0.0,0.0,0.0,0.0,0.0,0.0
MAR02107,0.0,0.0,0.0,0.0,0.0,0.0,0.0
MAR02108,0.0,0.0,0.0,0.0,0.0,0.0,0.0
MAR02109,0.0,0.0,0.0,0.0,0.0,0.0,0.0
MAR02110,0.0,0.0,0.0,0.0,0.0,0.0,0.0
MAR02111,0.0,0.0,0.0,0.0,0.0,0.0,0.0
MAR02112,0.0,0.0,0.0,0.0,0.0,0.0,0.0
MAR02113,0.0,0.0,0.0,0.0,0.0,0.0,0.0
MAR02117,0.0,0.0,0.0,0.0,0.0,0.0,0.0
MAR02126,4.671253804923514,4.048411545594299,0.00044204997814114184,0.04202486031362529,3.512233353644481,13.131273023121349,20.189879682921287
MAR02127,0.002350184660095743,6.147594346156151e-05,0.002319109172603786,0.002319529224828764,0.0023241523916034306,0.0025401748896689245,0.002561295311508016
MAR02128,2.540509306899515,2.1850350139274566,0.0002772060040748295,0.013877324667574159,1.9783325494061552,7.033045962220421,8.410943370211573
MAR02129,0.002350184660095743,6.147594346156136e-05,0.002319109172603787,0.0023195292248287635,0.0023241523916034306,0.002540174889668925,0.002561295311508016
MAR02130,-0.002350184660095742,6.147594346156154e-05,-0.0025612953115080155,-0.002540174889668924,-0.0023241523916034297,-0.002319529224828764,-0.0023191091726037856
MAR02131,0.002350184660095743,6.147594346156121e-05,0.002319109172603787,0.0023195292248287635,0.0023241523916034314,0.002540174889668925,0.002561295311508016
MAR02132,0.002350184660095742,6.147594346156156e-05,0.0023191091726037856,0.002319529224828764,0.0023241523916034297,0.002540174889668924,0.0025612953115080155
MAR02133,0.0023501846600957428,6.147594346156167e-05,0.0023191091726037865,0.002319529224828765,0.0023241523916034306,0.002540174889668925,0.002561295311508016
MAR02134,0.0023501846600957428,6.147594346156137e-05,0.0023191091726037865,0.0023195292248287653,0.0023241523916034314,0.002540174889668924,0.0025612953115080155
MAR02135,0.0023501846600957428,6.147594346156162e-05,0.0023191091726037865,0.002319529224828765,0.0023241523916034306,0.002540174889668925,0.002561295311508016
MAR02136,0.002350184660095742,6.147594346156148e-05,0.0023191091726037856,0.0023195292248287644,0.0023241523916034297,0.002540174889668924,0.002561295311508015
MAR02137,0.002350184660095743,6.147594346156142e-05,0.0023191091726037874,0.002319529224828764,0.0023241523916034306,0.002540174889668925,0.002561295311508016
MAR02139,0.002350184660095743,6.147594346156144e-05,0.0023191091726037874,0.0023195292248287635,0.0023241523916034306,0.002540174889668925,0.002561295311508016
MAR02141,0.002350184660095743,6.147594346156147e-05,0.002319109172603786,0.002319529224828765,0.0023241523916034306,0.0025401748896689245,0.002561295311508016
MAR02142,0.002350184660095743,6.147594346156159e-05,0.002319109172603787,0.0023195292248287622,0.0023241523916034306,0.0025401748896689254,0.0025612953115080163
MAR02143,0.002350184660095743,6.147594346156147e-05,0.002319109172603786,0.002319529224828765,0.0023241523916034306,0.0025401748896689245,0.002561295311508016
MAR02144,0.0023501846600957436,6.147594346156148e-05,0.002319109172603787,0.0023195292248287622,0.0023241523916034314,0.0025401748896689254,0.0025612953115080163
MAR02145,0.0023501846600957428,6.147594346156159e-05,0.0023191091726037865,0.0023195292248287653,0.0023241523916034306,0.002540174889668925,0.002561295311508016
MAR02186,-729.3338654079428,129.75824621171006,-975.8796952722897,-953.223346680988,-729.9405275855925,-439.9729635151318,-383.4042725714265
MAR02198,-221.15374974741522,100.73635072572424,-419.97982501883416,-409.05639239868975,-228.7160665329843,-95.90910932448425,198.03305383491738
MAR02200,0.0,0.0,0.0,0.0,0.0,0.0,0.0
MAR02201,56.91850019908545,27.640006834038136,5.703289360086467,12.687973045785283,60.389007431378545,96.37086458538224,110.72600810495214
MAR02202,56.91850019908544,27.640006834038118,5.70328936008647,12.687973045785283,60.389007431378545,96.37086458538218,110.72600810495209
MAR02203,56.91850019908545,27.640006834038125,5.703289360086467,12.687973045785283,60.38900743137855,96.37086458538221,110.72600810495211
MAR02204,56.91850019908546,27.64000683403813,5.703289360086468,12.687973045785268,60.38900743137855,96.37086458538221,110.72600810495211
MAR02205,65.88697891729069,31.711428704482106,7.852717245477321,14.603425207719303,68.13542859813458,111.87877666707894,126.83490282019166
MAR02206,-114.19147346443846,368.38923529189236,-527.8523647099312,-451.23918150416154,-279.1589874632431,826.8769875348745,905.8005093288222
MAR02208,65.88697891729069,31.711428704482106,7.852717245477321,14.603425207719303,68.13542859813457,111.87877666707894,126.83490282019163
MAR02209,65.88697891729072,31.711428704482117,7.8527172454773195,14.60342520771931,68.13542859813458,111.87877666707897,126.8349028201917
MAR02210,65.88697891729072,31.711428704482117,7.852717245477321,14.603425207719306,68.13542859813452,111.878776667079,126.8349028201917
MAR02211,18.569780437123946,10.864889241691738,0.9824271317610189,2.912038900078186,18.541228454199988,37.904405950104106,41.38225376968365
MAR02212,18.569780437123946,10.864889241691733,0.9824271317610247,2.912038900078186,18.54122845419998,37.90440595010409,41.382253769683636
MAR02213,18.56978043712395,10.864889241691733,0.9824271317610351,2.912038900078186,18.54122845419999,37.90440595010408,41.38225376968362
MAR02214,18.569780437123953,10.864889241691738,0.9824271317610263,2.912038900078186,18.541228454199988,37.904405950104106,41.38225376968365
MAR02215,18.56978043712439,10.864889241691923,0.9824271317610385,2.912038900078172,18.54122845420048,37.90440595010403,41.38225376968352
MAR02216,435.16622220156074,183.05733448005455,54.34768037145799,73.57403905121487,459.9097696157073,665.1249162703318,946.7182919756846
MAR02217,18.569780437124386,10.864889241691916,0.9824271317610438,2.912038900078173,18.54122845420047,37.904405950104014,41.382253769683516
MAR02218,18.569780437124383,10.864889241691914,0.9824271317610498,2.9120389000781737,18.54122845420048,37.90440595010398,41.38225376968348
MAR02219,18.569780437124383,10.864889241691909,0.9824271317610578,2.912038900078175,18.54122845420047,37.90440595010395,41.38225376968345
MAR02220,-1.7104073475373698,341.58776953905686,-750.9140319023757,-666.3474343975943,-21.4949016637633,749.9813151317705,882.260533988094
MAR02225,-494.94759791313834,245.18489988240287,-994.8845448323027,-955.2965634849327,-478.3753973628908,-213.29197829473065,499.2191172036616
MAR02272,-5.779937203044873e-17,4.943171411301317e-15,-1.208934113806675e-14,-9.474284775225197e-15,7.440067543086963e-17,9.420909519012977e-15,1.0484688118136781e-14
MAR02275,-1.4691256688050539e-15,2.219592423836625e-15,-7.269474376769818e-15,-4.952434295834316e-15,-1.0872696814859438e-15,2.1184235802843043e-15,4.207276834545132e-15
MAR02278,0.0,0.0,0.0,0.0,0.0,0.0,0.0
MAR02281,1.362657135344926,1.2547273291794325,9.248165542424404e-05,0.016264096323381987,1.206966908402347,4.137922405238223,4.709368716316799
MAR02282,-1.0381643011855235e-16,2.293987040818593e-16,-8.059424787676539e-16,-6.776852876172654e-16,-5.566987786877312e-17,2.929768409398688e-16,4.553122485119258e-16
MAR02283,1.5607923377423717e-14,3.132891599504178e-14,-7.230613889281736e-14,-6.419448042262071e-14,1.5655254167756404e-14,6.69182755972614e-14,8.689500877057976e-14
MAR02284,-3.656130907491045e-17,1.8806158629133821e-16,-3.503739195325635e-16,-2.8259491870063853e-16,-5.789583836458329e-17,4.307141043298894e-16,4.790765084375652e-16
MAR02286,32.64528161187025,131.69514828186786,0.000278409512069653,0.008696407477897605,6.792412620056407,55.68218349994836,866.690195678067
MAR02287,-1.976814313963906e-17,6.533968187641597e-17,-2.0467502703156447e-16,-1.6018796923974944e-16,-8.316145214386831e-18,4.2805605173889345e-17,2.849154237726128e-16
MAR02288,-6.201621752735461e-16,7.707901359369257e-16,-2.9139774199096456e-15,-2.208501694049969e-15,-3.481231275834558e-16,1.8263090969932934e-16,1.3488883780041575e-15
MAR02289,5.011214595393733e-16,1.1858248953088194e-15,-2.14737494196807e-15,-1.1093507650099355e-15,9.401316734312248e-17,2.8456350883885377e-15,3.334531463531753e-15
MAR02292,-2.599175706708027e-16,7.147259509476822e-16,-2.363009403728239e-15,-1.9836128493870036e-15,-9.025382830672425e-17,4.771086806694714e-16,2.2487459533247707e-15
MAR02293,6.990064887454853e-15,1.3861802091535268e-14,-3.0191254760693974e-14,-1.3639458502767306e-14,4.216433021157994e-15,3.613867534618038e-14,4.518812252257347e-14
MAR02294,1.4707252726464575,1.451997906943557,0.00011764381765837193,0.008250166859045189,1.0638120008260612,4.4961030561618855,6.440015546196712
MAR02295,0.641012786606816,1.0144416583613858,1.8048004968278153e-05,0.0011811750818415713,0.15381414382267605,2.959322435578836,3.4033579257751922
MAR02296,7.956526935991894,4.858454164707495,0.18837984711978292,0.4013410371626051,7.570725691081202,16.95335410184438,21.652481658746822
MAR02310,0.0,0.0,0.0,0.0,0.0,0.0,0.0
MAR02312,0.0,0.0,0.0,0.0,0.0,0.0,0.0
MAR02313,6.312034955163364e-16,9.24134606080749e-16,-9.464650640906117e-16,-7.364508696708172e-16,4.640777750660253e-16,2.5208044931334847e-15,2.9162423365476274e-15
MAR02314,-1.1862711613348534e-16,1.5677875625941393e-16,-6.361474321719448e-16,-5.635288496803983e-16,-9.579758156815431e-17,6.484854526513912e-17,1.8740500009972322e-16
MAR02316,1.2079698129661309e-16,1.553390576361811e-16,-1.664116662403998e-16,-5.891885260775654e-17,9.260357129425398e-17,5.651534157709829e-16,6.379138639787053e-16
MAR02318,6.497989645433684e-15,9.368846963666305e-15,-6.7753648245795936e-15,-4.617805405248822e-15,3.62667915178297e-15,2.9212395318549115e-14,3.041341239095171e-14
MAR02331,-0.8289593136603962,0.7728392684437961,-3.542924753026976,-2.443402981621995,-0.6741518752302865,-0.021621072317835225,-6.511667089330755e-05
MAR02332,1.7346333669430036,1.3284482899499557,0.00014485976350991434,0.04860746188252021,1.4889341853749651,4.1847804168366505,6.210205611908477
MAR02333,-4.190223510198308e-17,1.2885923111404404e-16,-3.851712876320819e-16,-3.006060709334114e-16,-7.117880310813648e-18,1.3218820950261125e-16,1.5442846482554347e-16
MAR02334,1.7346333669430032,1.3284482899499561,0.00014485976350991434,0.04860746188252015,1.4889341853749642,4.184780416836652,6.210205611908477
MAR02336,1.7346333669430034,1.3284482899499561,0.00014485976350991434,0.04860746188252026,1.4889341853749638,4.184780416836652,6.210205611908477
MAR02337,-384.95997508684025,166.44545406428944,-659.6115263604722,-626.683233632049,-410.05734276684825,-65.90151670879101,-54.56650179264154
MAR02338,1.7346333669430036,1.3284482899499561,0.00014485976350991434,0.04860746188252047,1.4889341853749642,4.184780416836652,6.210205611908477
MAR02339,384.95997508684036,166.44545406428946,54.56650179264154,65.90151670879102,410.05734276684825,626.6832336320493,659.6115263604725
MAR02340,19.72651785190706,241.77814538787,-256.8982303292304,-214.26292829646016,-38.987972527782006,724.3063113127906,848.0356815076049
MAR02342,-6.639961198106644e-15,1.0551612325941555e-14,-3.2801463681761897e-14,-2.6939171116982176e-14,-2.97607935130249e-15,7.361004213100404e-15,1.1998828004491804e-14
MAR02343,-6.639542579330919e-15,1.0551483437583262e-14,-3.2802658515456676e-14,-2.693994072032929e-14,-2.9753556154855288e-15,7.361599989663267e-15,1.1999408210132044e-14
MAR02344,-6.562614482007617e-15,1.0528353031929508e-14,-3.1913915109628835e-14,-2.616141390060503e-14,-2.8895037163853694e-15,6.760077244525785e-15,1.1257501595832269e-14
MAR02345,-5.7749905783031116e-15,1.0221632209699658e-14,-2.943340449905844e-14,-2.4314554124703504e-14,-2.6498197358832972e-15,7.511182960447473e-15,1.1986964227745478e-14
MAR02346,284.81279547274556,136.86049091813894,9.628316917735106,51.097104816339154,290.312337910932,487.4067799572703,576.4865239366934
MAR02347,4.4804602166467244,3.592583765480832,0.0037037088767355375,0.05536733177054501,3.8029285155372587,12.011202239277361,15.493633404026843
MAR02348,4.480460216646717,3.5925837654808217,0.0037037088767361624,0.055367331770544835,3.8029285155372623,12.011202239277289,15.493633404026836
MAR02349,4.4804602166467165,3.5925837654808226,0.0037037088767352933,0.05536733177054485,3.802928515537262,12.011202239277294,15.493633404026832
MAR02350,4.480460216646716,3.5925837654808213,0.003703708876735362,0.05536733177054485,3.8029285155372623,12.011202239277289,15.493633404026829
MAR02351,983.8515259349488,18.17844302469989,928.4915949158587,943.3936201533147,991.0497472750246,999.827901351237,999.9990654228203
MAR02353,4.029043832614431,3.5353778067920967,0.0009204851994855935,0.04149476832697158,3.3844751710550307,11.6418021950543,14.53053928748422
MAR02354,4.02904383261443,3.535377806792097,0.0009204851994856676,0.04149476832697158,3.384475171055028,11.641802195054296,14.530539287484217
MAR02355,4.029043832614432,3.5353778067920976,0.000920485199485502,0.041494768326971535,3.38447517105503,11.641802195054304,14.530539287484226
MAR02356,4.029043832614431,3.535377806792097,0.0009204851994856698,0.04149476832697158,3.3844751710550276,11.6418021950543,14.530539287484222
MAR02357,29.205870331176815,18.530404126441386,4.5421750091095685,7.447077329516388,25.506190266590004,66.5882534821198,90.94345322538557
MAR02359,3.1534766589165857,3.150133922700574,9.247823457465167e-06,0.11390092881710683,2.032208625937785,8.9810606301911,15.803469240822919
MAR02361,7.157694284315514,5.502937566272178,0.004965503652312781,0.04684197337725625,5.684090049004053,17.57233722241438,21.235785055170254
MAR02362,7.157694284315511,5.502937566272178,0.004965503652312918,0.04684197337725612,5.684090049004052,17.57233722241438,21.235785055170243
MAR02363,7.157694284315513,5.502937566272177,0.004965503652312763,0.04684197337725617,5.684090049004054,17.572337222414383,21.23578505517025
MAR02364,7.157694284315511,5.502937566272178,0.004965503652313015,0.046841973377256964,5.6840900490040625,17.572337222414383,21.235785055170258
MAR02365,5.994580450902684,5.053681687002827,0.004745766148074539,0.026727466917328573,4.311062761879551,15.966602663978737,18.6236963902828
MAR02368,3.813276644138183e-17,2.259047645579544e-16,-8.208230059267258e-16,-1.9448344455846472e-16,7.946178845882067e-18,5.517583868773213e-16,7.367270787050732e-16
MAR02380,3.186679422493926,2.527102037997093,0.011013546900728583,0.1181851154003341,2.9532356195126472,8.896124169068552,10.98336421787849
MAR02381,8.41176979922615e-15,8.173763066326405e-14,-1.3351626190504813e-13,-1.2368194983377754e-13,1.323014182166412e-14,1.5861720913362953e-13,1.7837890907555524e-13
MAR02383,2.2064628246133657e-16,2.274433267150963e-16,-5.081089607930337e-22,4.97952988714321e-21,1.5644008415936575e-16,5.815147415734258e-16,1.6730477371310536e-15
MAR02387,2.4863386419658064e-18,3.924444950062158e-18,-1.7382294560758122e-18,-9.105825598115627e-22,9.223291027561577e-19,1.2518266048969549e-17,1.3075780542302931e-17
MAR02389,-8.859362699624007e-17,9.135501867132989e-17,-6.79948732205414e-16,-2.3262214371634274e-16,-6.482312200283236e-17,-1.8510167193275956e-21,2.0001134055745694e-19
MAR02395,0.0,0.0,0.0,0.0,0.0,0.0,0.0
MAR02396,282.1160560374656,305.4088750999468,-183.4425703037685,-72.42266699103685,188.11352384144712,877.8661030754855,977.5691522830883
MAR02397,0.0,0.0,0.0,0.0,0.0,0.0,0.0
MAR02398,-565.2695268584437,186.17674999514665,-988.5706368663291,-922.9636920709157,-510.38324843545513,-346.0471674008642,-274.1915404040652
MAR02400,271.2714017648733,123.26546928688681,10.9290366059995,44.668922511618426,303.5580634737561,439.0629921427651,490.14097382347285
MAR02403,1.6029934903259768,1.7250197840537322,0.0015804474297824989,0.009128988185789425,0.6661481100450712,5.220118917075948,6.620741101641482
MAR02405,-159.74478826024395,258.74482392508565,-792.342298825221,-758.6548794580042,-86.33731597013804,-12.72711241837652,859.1904022540331
MAR02407,2.7905711427490343,1.950069603076651,0.003207505270899318,0.054199874300110494,2.7894976142601084,6.324861005281835,8.314206132858484
MAR02408,1.3777478191007635,1.2707882981332392,0.0030699012311993347,0.04129510229240005,1.1369891376498042,3.737805614679525,6.361357899256303
MAR02409,1.3777478191007622,1.2707882981332392,0.003069901231199262,0.041295102292392666,1.136989137649802,3.7378056146795258,6.361357899256303
MAR02410,1.3777478191007622,1.2707882981332392,0.0030699012311992645,0.04129510229239305,1.1369891376498025,3.7378056146795258,6.361357899256302
MAR02412,2.167616906471215,1.8141556001019852,0.0005454012176765058,0.11943413606053149,1.7948828597870294,6.404579837820994,9.542579793773989
MAR02413,-324.02293622869024,149.20864224728302,-547.2755185423794,-507.31258255005804,-361.763891420076,-29.729793047165604,-4.082723985235475
MAR02418,434.7693598054914,165.53444976367197,77.06741205448586,105.19173183686053,464.8882237001786,599.2900258722779,940.5426029518569
MAR02422,0.0,0.0,0.0,0.0,0.0,0.0,0.0
MAR02427,-3.8183499029992407,2.6133368538637542,-11.505332822718852,-9.304397329268546,-3.433905822847196,-0.12292482793731198,-0.00029197550950978856
MAR02429,1.3272721089406245,1.533854234605083,8.433306589396623e-05,0.010775587813618582,0.7072310885532082,4.376944763488889,7.174029781338952
MAR02432,1.66211848039823,1.4478832771934642,0.00012430899993036104,0.0347152194358335,1.2536828733148393,4.4714870897091235,5.938856721895206
MAR02433,1.1968254905061955,1.2614800052513613,0.0001178017424236173,0.0043419118677504795,0.7391811176499579,3.4104879974536786,6.688322794861971
MAR02434,1.1968254905061955,1.2614800052513615,0.0001178017424236173,0.004341911867750474,0.7391811176499572,3.410487997453679,6.688322794861973
MAR02435,1.1968254905061957,1.2614800052513615,0.00011780174242382753,0.0043419118677504726,0.7391811176499574,3.41048799745368,6.688322794861971
MAR02436,1.1968254905061955,1.2614800052513615,0.0001178017424236173,0.004341911867750474,0.7391811176499572,3.410487997453679,6.688322794861973
MAR02439,0.0,0.0,0.0,0.0,0.0,0.0,0.0
MAR02441,0.0,0.0,0.0,0.0,0.0,0.0,0.0
MAR02442,0.0,0.0,0.0,0.0,0.0,0.0,0.0
MAR02451,0.0,0.0,0.0,0.0,0.0,0.0,0.0
MAR02452,0.0,0.0,0.0,0.0,0.0,0.0,0.0
MAR02453,0.0,0.0,0.0,0.0,0.0,0.0,0.0
MAR02454,0.0,0.0,0.0,0.0,0.0,0.0,0.0
MAR02455,48.14006729613288,31.754633767746743,0.37640915296941835,1.5366113270995627,48.225911324434335,99.05463085717646,131.25920473488074
MAR02456,0.0,0.0,0.0,0.0,0.0,0.0,0.0
MAR02457,0.0,0.0,0.0,0.0,0.0,0.0,0.0
MAR02458,-5.065267864370989e-16,7.915796705366454e-16,-2.2995607207060925e-15,-2.172285136359268e-15,-2.0199072340252718e-16,4.252027180149034e-16,6.144886916552359e-16
MAR02459,0.0,0.0,0.0,0.0,0.0,0.0,0.0
MAR02460,0.0,0.0,0.0,0.0,0.0,0.0,0.0
MAR02463,0.0,0.0,0.0,0.0,0.0,0.0,0.0
MAR02464,0.0,0.0,0.0,0.0,0.0,0.0,0.0
MAR02465,0.0,0.0,0.0,0.0,0.0,0.0,0.0
MAR02466,-3.0318129337489777e-16,3.638722089225073e-16,-1.1752751996034066e-15,-1.1109666612843123e-15,-1.0278832996892732e-16,2.1717293184734534e-17,2.765330984523756e-17
MAR02467,0.0,0.0,0.0,0.0,0.0,0.0,0.0
MAR02468,0.0,0.0,0.0,0.0,0.0,0.0,0.0
MAR02469,0.0,0.0,0.0,0.0,0.0,0.0,0.0
MAR02470,0.0,0.0,0.0,0.0,0.0,0.0,0.0
MAR02471,0.8289593136603817,0.7728392684437887,6.511667089325837e-05,0.021621072317813912,0.6741518752303125,2.4434029816219756,3.5429247530270236
MAR02472,0.7261324761356064,0.6357481499888612,9.428360695793846e-05,0.010526453148463007,0.4415498640718585,1.8813246737911797,2.1957518241846095
MAR02476,7.154772712627775e-15,8.60462842635707e-14,-2.694811187228858e-13,-1.1158573820106812e-13,1.4810448014358417e-15,1.8416693117606314e-13,2.7801954478188923e-13
MAR02481,0.0,0.0,0.0,0.0,0.0,0.0,0.0
MAR02484,2.9052727016555444,1.8817740661633242,0.007799667412485011,0.07278075021484576,2.9319541770986044,6.185576056122881,8.737182856874963
MAR02499,0.0,0.0,0.0,0.0,0.0,0.0,0.0
MAR02501,0.0,0.0,0.0,0.0,0.0,0.0,0.0
MAR02503,0.0,0.0,0.0,0.0,0.0,0.0,0.0
MAR02505,2.7736536032976162,2.485604928118321,0.0016663153795880624,0.0815017974051747,2.1371177604262166,8.048263934271198,9.484326231218994
MAR02509,3.670740458588692,2.9012584714182506,0.0029292457054558908,0.16501194929930366,2.8868875782725736,9.472451880108515,10.994400477751075
MAR02510,1.4221220024513277e-18,1.3372056521757444e-18,-2.4375606453518292e-20,-2.0485982407741892e-20,1.1119715246912229e-18,3.798492713783846e-18,7.733678126520759e-18
MAR02511,0.0,0.0,0.0,0.0,0.0,0.0,0.0
MAR02512,0.0,0.0,0.0,0.0,0.0,0.0,0.0
MAR02514,-0.8234452894070909,3.7645478109064268,-9.800154906579566,-8.392126845631145,-0.3129031999714405,5.2058089261013745,7.558638278633577
MAR02527,0.0,0.0,0.0,0.0,0.0,0.0,0.0
MAR02544,1.0302623863593166e-19,1.384591498581487e-19,-7.998403712774903e-21,-7.757331460693645e-21,3.154464616733644e-20,4.219274398934982e-19,4.2711132597246524e-19
MAR02545,0.0,0.0,0.0,0.0,0.0,0.0,0.0
MAR02546,0.0,0.0,0.0,0.0,0.0,0.0,0.0
MAR02547,0.0,0.0,0.0,0.0,0.0,0.0,0.0
MAR02548,0.0,0.0,0.0,0.0,0.0,0.0,0.0
MAR02549,-5.331991515780325e-18,1.0529600711902296e-17,-3.302993330667187e-17,-3.285773428234414e-17,-1.3002254793232543e-18,5.248826292240345e-19,7.473766728955064e-19
MAR02550,0.0,0.0,0.0,0.0,0.0,0.0,0.0
MAR02551,0.0,0.0,0.0,0.0,0.0,0.0,0.0
MAR02553,0.0,0.0,0.0,0.0,0.0,0.0,0.0
MAR02554,0.0,0.0,0.0,0.0,0.0,0.0,0.0
MAR02555,0.0,0.0,0.0,0.0,0.0,0.0,0.0
MAR02561,0.0,0.0,0.0,0.0,0.0,0.0,0.0
MAR02562,0.0,0.0,0.0,0.0,0.0,0.0,0.0
MAR02563,0.0,0.0,0.0,0.0,0.0,0.0,0.0
MAR02564,0.0,0.0,0.0,0.0,0.0,0.0,0.0
MAR02567,0.0,0.0,0.0,0.0,0.0,0.0,0.0
MAR02569,2.808410201482117,2.649657270418653,0.00019656914724415028,0.021332231943051214,1.9726773075662658,7.734142605242546,10.727750954199365
MAR02570,0.0,0.0,0.0,0.0,0.0,0.0,0.0
MAR02571,0.0,0.0,0.0,0.0,0.0,0.0,0.0
MAR02572,0.0,0.0,0.0,0.0,0.0,0.0,0.0
MAR02573,0.0,0.0,0.0,0.0,0.0,0.0,0.0
MAR02574,0.0,0.0,0.0,0.0,0.0,0.0,0.0
MAR02575,0.0,0.0,0.0,0.0,0.0,0.0,0.0
MAR02576,0.0,0.0,0.0,0.0,0.0,0.0,0.0
MAR02577,0.0,0.0,0.0,0.0,0.0,0.0,0.0
MAR02578,0.0,0.0,0.0,0.0,0.0,0.0,0.0
MAR02579,0.0,0.0,0.0,0.0,0.0,0.0,0.0
MAR02580,0.0,0.0,0.0,0.0,0.0,0.0,0.0
MAR02587,0.0,0.0,0.0,0.0,0.0,0.0,0.0
MAR02591,560.5323493806969,145.96653685950272,280.1313386081742,368.2842947157283,538.7827823185376,915.3196193830806,955.9459244547292
MAR02593,-560.5323493806969,145.96653685950272,-955.9459244547292,-915.319619383081,-538.7827823185373,-368.2842947157282,-280.13133860817413
MAR02594,413.6390501456731,169.42340823384382,49.468718192106344,58.66593028829705,480.60639789614606,582.4761477504785,627.0700966674331
MAR02596,-554.4955926905023,266.2674644248065,-923.8140616005368,-901.978631883321,-567.531855471123,-287.3538745812137,794.8857163077146
MAR02599,178.54369718165015,78.62341270538307,24.42235147637919,42.09553030443113,186.60737734196033,291.11774122288483,333.921999890523
MAR02600,143.22042174202383,72.72588454373899,3.694689673831225,54.30522287747639,120.98632848797448,288.2633425046448,308.758561829215
MAR02601,143.22042174202366,72.72588454373894,3.694689673831225,54.305222877476425,120.98632848797452,288.2633425046447,308.758561829215
MAR02603,-3.7509391166970594e-15,6.404663199326328e-15,-3.0137698686244884e-14,-1.995256922682446e-14,-2.4444423286199008e-15,2.665475149167409e-15,9.247729705124284e-15
MAR02604,6.872262583186083e-15,6.316828715432764e-15,-4.908598342658328e-15,-3.53048915864291e-17,6.486348635322104e-15,1.9843805194025512e-14,3.0188306295922454e-14
MAR02609,0.0,0.0,0.0,0.0,0.0,0.0,0.0
MAR02610,0.0,0.0,0.0,0.0,0.0,0.0,0.0
MAR02612,-216.94604950160738,313.28667706394623,-978.156667688758,-866.5096720059031,-128.95497710285238,138.44692946883285,251.4431221775722
MAR02613,-4.813030942399574,3.7621832186311486,-18.9420744959995,-12.350893957676085,-3.947126073349797,-0.03228348972801875,-0.00013346659620666685
MAR02616,0.0,0.0,0.0,0.0,0.0,0.0,0.0
MAR02618,0.0,0.0,0.0,0.0,0.0,0.0,0.0
MAR02621,0.0,0.0,0.0,0.0,0.0,0.0,0.0
MAR02622,0.0,0.0,0.0,0.0,0.0,0.0,0.0
MAR02624,-207.07806611950417,348.55394023060256,-977.5439169583874,-863.7776163372645,-184.19722077733326,200.15487264701494,884.5959727443942
MAR02629,73.87983002947675,438.8451990671777,-890.6221864045178,-816.727259474918,168.08590523315766,715.14015341957,910.5870304821863
MAR02634,126.87778560282986,450.3477211946691,-890.6109794914673,-794.1519026669429,251.29799677340176,735.5702154999582,922.6463600696452
MAR02635,2.4837564966003248e-14,3.208106774651675e-14,-1.5805426186885996e-14,-6.453958677741015e-15,6.1227622893988325e-15,7.977185138036302e-14,9.585602212169682e-14
MAR02638,-5.108883871346352,398.7243411915821,-886.5643980339045,-471.1710364153119,-127.29076102245705,827.9709790727359,894.5008404293368
MAR02640,1.3427102713678069e-14,9.954528138675121e-14,-2.869722763958954e-13,-1.33762883437826e-13,2.1899645084957576e-15,1.6482440102392466e-13,2.39979693672459e-13
MAR02644,257.94670123252496,339.86375200573224,-862.0067781550285,-73.37211881984351,164.31636616445442,958.0586321157267,995.1760850661067
MAR02646,0.0,0.0,0.0,0.0,0.0,0.0,0.0
MAR02649,0.0,0.0,0.0,0.0,0.0,0.0,0.0
MAR02650,0.0,0.0,0.0,0.0,0.0,0.0,0.0
MAR02652,0.0,0.0,0.0,0.0,0.0,0.0,0.0
MAR02653,0.0,0.0,0.0,0.0,0.0,0.0,0.0
MAR02654,129.17040744985604,130.31252983753978,21.492785132729818,37.85444614427194,94.13754479012454,258.6652895067569,873.8814984538416
MAR02655,83.1928204728531,441.6950852624376,-890.6650128720225,-815.3539746432876,190.69287694069058,717.5201119015381,910.3645231997945
MAR02658,3.280728506583923,155.53980401887134,-866.7081750831177,-130.3634807223582,20.330223373196617,160.79018039968003,257.04733806227944
MAR02659,-1.3035214275669527,1.2264806182680812,-6.622759024825232,-3.833588093890516,-0.9169895483917405,-0.05578520303966722,-0.0009398266385277082
MAR02661,0.0,0.0,0.0,0.0,0.0,0.0,0.0
MAR02662,0.0,0.0,0.0,0.0,0.0,0.0,0.0
MAR02664,0.0,0.0,0.0,0.0,0.0,0.0,0.0
MAR02665,0.0,0.0,0.0,0.0,0.0,0.0,0.0
MAR02667,30.604583008360915,375.06337702266774,-825.0532026371799,-732.7982958820298,107.48310279129095,480.83398896415645,903.9066358687718
MAR02668,-34.3271591238005,51.547187731785336,-201.8438369685821,-185.58057529531112,-12.715027698284443,-2.518090096877304,-0.3015956606838569
MAR02669,3.4896179526906823,2.938112033420304,0.0013585804626119668,0.16230757574298768,3.1387725045038675,10.724666465901162,13.115315662557673
MAR02670,-3.4896179526906828,2.938112033420305,-13.115315662557673,-10.724666465901171,-3.138772504503868,-0.1623075757429877,-0.001358580462611717
MAR02671,-3.4896179526906836,2.938112033420305,-13.115315662557672,-10.724666465901173,-3.138772504503868,-0.16230757574298788,-0.0013585804626120085
MAR02672,22.347865505596516,14.569268326369114,0.0032843276562695956,0.9768485682298473,21.73510382784282,45.13552038240685,103.01939269244588
MAR02673,77.06696734275032,438.09751537541393,-933.5699441637283,-815.5307327654248,208.2961906993426,562.191739556874,734.4445215101526
MAR02674,-22.347865505596495,14.56926832636914,-103.01939269244588,-45.135520382406824,-21.73510382784279,-0.9768485682297671,-0.003284327656157052
MAR02676,0.0,0.0,0.0,0.0,0.0,0.0,0.0
MAR02677,0.0,0.0,0.0,0.0,0.0,0.0,0.0
MAR02679,485.4866525235289,207.39101141930806,54.666154640638865,81.7150041728373,528.3564895845145,811.6757789103461,943.6575359904126
MAR02681,-7.784271958461423e-15,9.488686261403357e-15,-3.044937018245127e-14,-2.4793328157415996e-14,-4.829647272705211e-15,3.116780625723895e-15,1.806013509418835e-14
MAR02682,5.185394001720317e-15,9.047787275487669e-15,-2.6590562752647703e-14,-5.649511614143986e-15,2.7635763258493457e-15,2.2523077319360975e-14,2.926181437776868e-14
MAR02683,5.269904783550318e-15,9.021366116495168e-15,-2.2657033982033916e-14,-5.862147632457076e-15,2.9598265569370906e-15,2.164929430071231e-14,2.9687823621860053e-14
MAR02685,7.033322084939463e-17,2.4671459912131597e-16,-6.982075092018737e-16,-4.774962926459399e-16,5.053805079582832e-17,5.412721660418515e-16,5.909298140224941e-16
MAR02686,-3.2528318667920806e-17,2.6409920326158544e-16,-9.42430821314418e-16,-7.270890463949023e-16,1.8776038376044976e-17,4.071137215357055e-16,5.439482979471884e-16
MAR02687,2.0988634188630986,2.20465419782207,0.004360482015344447,0.03834946376626628,1.276924793754632,5.902284456658088,11.24317787630344
MAR02688,-2.098863418863099,2.20465419782207,-11.24317787630344,-5.902284456658087,-1.2769247937546326,-0.038349463766266696,-0.004360482015346279
MAR02689,-2.0988634188630986,2.20465419782207,-11.24317787630344,-5.902284456658087,-1.276924793754632,-0.038349463766266856,-0.004360482015345141
MAR02690,1.7510020805194806,1.4349522968282957,0.0001366455376759039,0.004699295481229878,1.482212989720299,4.6326956719572365,5.994101342012728
MAR02691,1.7510020805194806,1.4349522968282957,0.0001366455376759039,0.004699295481229878,1.4822129897202991,4.6326956719572365,5.994101342012728
MAR02692,-1.7510020805194804,1.4349522968282957,-5.994101342012728,-4.632695671957236,-1.4822129897203,-0.004699295481229929,-0.00013664553767590347
MAR02693,6.65399853331347,5.375288901666751,0.004807806224900813,0.2455163994922799,4.702538236804381,17.651748409188848,19.81182591326217
MAR02695,6.65399853331347,5.37528890166675,0.004807806224900813,0.2455163994922799,4.702538236804381,17.651748409188848,19.81182591326217
MAR02697,-6.653998533313472,5.375288901666752,-19.811825913262197,-17.651748409188855,-4.702538236804382,-0.24551639949228013,-0.004807806224900747
MAR02699,-1.7551082428273375,6.017777710672858,-40.28503441209187,-2.3054736766558657,-0.7477552645997333,-0.030577740712976652,-3.2021472885714294e-06
MAR02700,-1.755108242827329,6.017777710672863,-40.28503441209187,-2.305473676655877,-0.747755264599712,-0.030577740712974165,-3.202147288788202e-06
MAR02701,1.75510824282733,6.017777710672863,3.2021472887119827e-06,0.030577740712977718,0.7477552645997139,2.305473676655874,40.285034412091875
MAR02703,0.0,0.0,0.0,0.0,0.0,0.0,0.0
MAR02704,0.0,0.0,0.0,0.0,0.0,0.0,0.0
MAR02705,1.7430212940711072,1.914453129023142,4.354036546798954e-05,0.002840108340712676,1.0051673055285106,5.9361509505316805,9.314320463587462
MAR02706,-1.7430212940711083,1.9144531290231417,-9.314320463587459,-5.936150950531737,-1.005167305528508,-0.0028401083407125984,-4.3540365468077574e-05
MAR02707,-1.7430212940710967,1.9144531290231344,-9.314320463587412,-5.936150950531736,-1.0051673055284884,-0.0028401083407123616,-4.3540365468065e-05
MAR02708,5.044324772142707,4.125272836535079,0.0030446927730801055,0.16904007929283052,4.18836309757635,13.586988960168412,18.787997363620747
MAR02709,-5.044324772142707,4.125272836535079,-18.787997363620747,-13.58698896016842,-4.1883630975763495,-0.16904007929283119,-0.003044692773080173
MAR02710,-5.044324772142705,4.125272836535079,-18.787997363620747,-13.586988960168423,-4.1883630975763495,-0.16904007929283107,-0.003044692773080173
MAR02711,0.0,0.0,0.0,0.0,0.0,0.0,0.0
MAR02712,0.0,0.0,0.0,0.0,0.0,0.0,0.0
MAR02713,0.0,0.0,0.0,0.0,0.0,0.0,0.0
MAR02714,1.8274575003079017,2.050129006722211,-2.4080004688986234,-1.1073582525151748,1.2857799917528856,5.514112945510491,8.294692783401667
MAR02715,-78.60837587336512,413.79189677256073,-890.82047219193,-866.8169468716324,35.45264167873458,455.38909483679697,791.3891534965318
MAR02716,-3.4895759807061655,2.588167965084895,-10.387229685134772,-7.993101567110419,-2.6935371483480086,-0.09669476486117498,-0.00044081881454685693
MAR02717,0.9266454685190365,0.9407175761712337,0.00015146128751871032,0.0016316554423127874,0.6482765736107161,2.8327591620568437,3.364782950147313
MAR02718,0.9266454685190376,0.9407175761712357,0.00015146128751868085,0.001631655442312758,0.6482765736107173,2.832759162056847,3.3647829501473163
MAR02719,-0.9266454685190376,0.9407175761712359,-3.364782950147317,-2.8327591620568477,-0.6482765736107167,-0.0016316554423127622,-0.00015146128751868142
MAR02720,5.076268078962461,5.039315536129919,-7.5202012557489875,-2.2010809242594784,3.9596633203366762,14.380101075004474,18.09903418891758
MAR02722,44.77384938692533,418.8884543892576,-890.6886187934621,-793.6770198634657,156.1548816023372,544.2245597316005,856.2919920319831
MAR02724,-7.884678280444474,5.103505761039944,-20.507866441549314,-17.12134462521171,-6.760632585696166,-1.564261093894237,-0.480441884822813
MAR02726,0.6401956212022253,0.5596550194286903,0.00012735582678183562,0.01076285439037227,0.4828606530072722,1.9910415671412456,2.543875926202759
MAR02727,-35.53445886911144,400.5700555398772,-890.9479323714136,-825.9055225687265,29.943788917765744,475.6122121985984,896.5008496449768
MAR02729,-0.6401956212022248,0.5596550194286901,-2.5438759262027553,-1.991041567141244,-0.48286065300727077,-0.01076285439037218,-0.0001273558267817702
MAR02730,0.94936434360604,0.877731468037879,6.399344226499476e-06,0.01294404126537993,0.6950569348920431,2.7421595757267516,4.223986633863024
MAR02731,80.0746151176687,70.31417839530661,-47.72605558984071,0.10729426235287191,71.69400966665245,213.2221266165157,436.23261532390313
MAR02732,-0.9493643436060382,0.8777314680378783,-4.223986633863019,-2.7421595757267476,-0.695056934892042,-0.012944041265379725,-6.399344226472549e-06
MAR02733,0.719604025522769,0.6290045982051244,0.00037471049447734085,0.0016251628473244184,0.5044685231891393,2.00162658221868,3.053128026956206
MAR02734,0.719604025522769,0.6290045982051244,0.00037471049447734085,0.001625162847324418,0.5044685231891393,2.00162658221868,3.053128026956206
MAR02735,-0.719604025522769,0.6290045982051246,-3.053128026956206,-2.0016265822186803,-0.5044685231891397,-0.0016251628473244158,-0.00037471049447734085
MAR02736,2.5568320321060596,5.076952472566076,0.00037433786723140044,0.028019300288106015,0.9339073967847286,5.502773826165996,28.374853798088704
MAR02737,2.5568320321060605,5.076952472566076,0.00037433786723138374,0.028019300288106057,0.933907396784729,5.502773826165998,28.374853798088704
MAR02738,-2.5568320321060596,5.076952472566076,-28.374853798088704,-5.502773826165997,-0.9339073967847286,-0.02801930028810703,-0.00037433786723140033
MAR02739,1.2757749932007179,1.2432341863921017,0.0006567988756187263,0.005756029120229177,0.8964126148245863,3.6335065864099563,4.973566937938114
MAR02740,1.2757749932007179,1.2432341863921017,0.0006567988756187263,0.005756029120229177,0.8964126148245863,3.6335065864099563,4.973566937938114
MAR02741,-1.2757749932007179,1.2432341863921021,-4.973566937938117,-3.633506586409964,-0.8964126148245863,-0.005756029120229296,-0.0006567988756186979
MAR02744,-479.974312011268,273.882320573073,-913.4342202475718,-898.0691027982872,-476.14840424896374,-219.92000950348813,823.130451478626
MAR02745,1.4545883527329087e-14,3.849628098706558e-14,-6.344657847458996e-14,-5.450317330104664e-14,1.409269284060342e-14,1.0429821401249301e-13,1.1383522129593893e-13
MAR02748,0.0,0.0,0.0,0.0,0.0,0.0,0.0
MAR02750,0.0,0.0,0.0,0.0,0.0,0.0,0.0
MAR02752,0.0,0.0,0.0,0.0,0.0,0.0,0.0
MAR02753,108.54188106958533,458.7000654244182,-890.623003275735,-815.1191399318284,230.262071054642,758.4306823689681,909.529748827931
MAR02757,391.2601824625669,188.62400583056655,11.143882218599288,49.15242787228661,415.1011094556401,638.1894603964265,758.9101179959707
MAR02759,0.940543674363796,1.0519555339479576,4.9321985451540185e-05,0.0032014265892814802,0.49828547955184244,3.1953694648452906,3.456988418154682
MAR02760,-91.48229662163945,139.24104497345814,-894.0168861766786,-196.30507505666293,-68.09713620092327,10.17400415995091,118.93725300324155
MAR02761,-0.9405436743637955,1.0519555339479576,-3.456988418154682,-3.1953694648452906,-0.4982854795518421,-0.003201426589281487,-4.93219854515404e-05
MAR02762,2.3736764777799268e-14,3.6701905362319303e-14,-1.0647317766685045e-13,-3.2546529571825206e-14,2.299741107660222e-14,9.984124544491514e-14,1.0782165133707454e-13
MAR02764,-85.13061089930795,360.0975992165118,-934.1731495948018,-845.7698807245254,21.802590553023606,327.2840468330371,369.210625892208
MAR02766,-2.8534982345821185e-15,1.2182699056747872e-14,-3.2281511966142155e-14,-2.525359561257287e-14,7.841803153557699e-16,1.3863448785677816e-14,3.256805619115303e-14
MAR02768,0.8706965823710057,0.8197946703599905,0.00039257019234686664,0.007525870959668185,0.6605351950296369,2.638975759765392,3.90915169144688
MAR02769,-0.8706965823710058,0.8197946703599905,-3.909151691446879,-2.638975759765391,-0.6605351950296372,-0.0075258709596682976,-0.00039257019234686664
MAR02770,-0.8706965823710059,0.8197946703599905,-3.9091516914468802,-2.638975759765391,-0.6605351950296366,-0.007525870959668129,-0.00039257019234685927
MAR02771,1.921249719046091,1.5741925590261372,0.00019833825069986814,0.0047739215436335735,1.4796089021901309,4.825838828231496,8.132298656405498
MAR02772,1.9212497190460913,1.5741925590261372,0.00019833825069986814,0.0047739215436335665,1.4796089021901313,4.825838828231496,8.132298656405498
MAR02773,-1.9212497190460915,1.5741925590261372,-8.132298656405498,-4.825838828231512,-1.4796089021901313,-0.0047739215436335735,-0.00019833825069986814
MAR02774,1.0782095244054635,1.1467767361650134,7.884417986707712e-05,0.0314354934455314,0.5824219420035628,3.690982674335152,5.495560230960654
MAR02775,1.0782095244054637,1.1467767361650132,7.884417986716038e-05,0.03143549344553137,0.5824219420035632,3.690982674335152,5.495560230960654
MAR02776,-1.0782095244054637,1.1467767361650132,-5.495560230960654,-3.6909826743351526,-0.5824219420035632,-0.03143549344553137,-7.884417986716038e-05
MAR02779,329.34599469676743,393.79425856680433,-766.4370416703953,-670.6171040153898,375.4651762181203,921.6626992784708,997.4072005595073
MAR02780,0.0,0.0,0.0,0.0,0.0,0.0,0.0
MAR02783,0.0,0.0,0.0,0.0,0.0,0.0,0.0
MAR02785,0.0,0.0,0.0,0.0,0.0,0.0,0.0
MAR02804,0.0,0.0,0.0,0.0,0.0,0.0,0.0
MAR02807,6.935693126255678e-15,8.603041497650821e-14,-2.674517642563122e-13,-1.1534927989931978e-13,2.1821768628698098e-15,1.858518562040917e-13,2.741506873646604e-13
MAR02808,0.0,0.0,0.0,0.0,0.0,0.0,0.0
MAR02809,-4.178298394231813e-15,8.781886067680713e-14,-2.7205650058554684e-13,-1.8318591035952508e-13,-7.29941547371706e-16,1.2492776613256116e-13,2.700810096278052e-13
MAR02810,0.0,0.0,0.0,0.0,0.0,0.0,0.0
MAR02818,0.2666946312232258,0.24299948821900458,6.011749389396685e-07,0.0003468579323687668,0.2121112966791558,0.7965803865260398,0.9944397260911224
MAR02819,0.0,0.0,0.0,0.0,0.0,0.0,0.0
MAR02839,3.2528318667920806e-17,2.6409920326158544e-16,-5.439482979471884e-16,-4.0711372153570554e-16,-1.8776038376044976e-17,7.270890463949023e-16,9.42430821314418e-16
MAR02840,3.2528318667920806e-17,2.640992032615855e-16,-5.439482979471885e-16,-4.071137215357056e-16,-1.8776038376044967e-17,7.270890463949025e-16,9.424308213144182e-16
MAR02852,0.0,0.0,0.0,0.0,0.0,0.0,0.0
MAR02853,-4.575712106835038e-16,6.471571721056925e-16,-2.231521574382096e-15,-1.6557536583201085e-15,-9.96344178403407e-17,1.8302266438868642e-16,2.648668946258737e-16
MAR02854,-4.575712106835038e-16,6.471571721056924e-16,-2.231521574382096e-15,-1.6557536583201085e-15,-9.963441784034035e-17,1.8302266438868662e-16,2.648668946258738e-16
MAR02859,0.0,0.0,0.0,0.0,0.0,0.0,0.0
MAR02861,-1.6621184803982296,1.4478832771934644,-5.938856721895205,-4.4714870897091235,-1.2536828733148346,-0.03471521943583374,-0.00012430899992802867
MAR02862,1.6621184803982303,1.4478832771934642,0.00012430899992803624,0.034715219435834076,1.2536828733148382,4.471487089709123,5.938856721895204
MAR02863,-1.0001145670147458e-15,2.514862352227822e-15,-7.053893684919661e-15,-4.9991924123256206e-15,-9.899101010562825e-17,2.935996926083269e-15,4.2683021721644844e-15
MAR02864,9.96212242227577e-16,2.5124891297407e-15,-4.269494114385026e-15,-2.93668766622996e-15,9.467390000433936e-17,4.992554774333059e-15,7.04206969222051e-15
MAR02865,-2.808410201482115,2.649657270418652,-10.727750954199358,-7.734142605242549,-1.972677307566267,-0.021332231943051547,-0.00019656914724415917
MAR02866,2.8084102014821153,2.6496572704186527,0.00019656914724427117,0.021332231943051266,1.9726773075662682,7.734142605242546,10.727750954199362
MAR02867,-1.8621687614560374e-16,6.913721256948987e-16,-4.138868775593549e-15,-1.7470604665465383e-15,-1.7161194067380922e-17,9.1335671989077e-16,1.4522358599583419e-15
MAR02868,1.8621687614560374e-16,6.913721256948985e-16,-1.4522358599583411e-15,-9.133567198907703e-16,1.7161194067380934e-17,1.7470604665465383e-15,4.138868775593548e-15
MAR02870,0.0,0.0,0.0,0.0,0.0,0.0,0.0
MAR02875,0.0,0.0,0.0,0.0,0.0,0.0,0.0
MAR02876,0.0,0.0,0.0,0.0,0.0,0.0,0.0
MAR02879,0.0,0.0,0.0,0.0,0.0,0.0,0.0
MAR02882,0.0,0.0,0.0,0.0,0.0,0.0,0.0
MAR02885,-206.89239318659648,297.85637659556915,-910.6444614656489,-810.9904231995268,-170.53146072593512,352.3010318648472,376.3077969213765
MAR02886,0.0,0.0,0.0,0.0,0.0,0.0,0.0
MAR02889,7.81945348643955,312.6052275505142,-930.3518226461623,-846.4159790002948,127.85573814439385,248.04987339918978,318.2512569352046
MAR02890,0.0,0.0,0.0,0.0,0.0,0.0,0.0
MAR02891,214.40659124727014,113.66242534566966,-78.05590533319956,38.425168748929686,227.76912772224549,377.4943264287942,472.27268834192
MAR02894,0.0,0.0,0.0,0.0,0.0,0.0,0.0
MAR02895,0.0,0.0,0.0,0.0,0.0,0.0,0.0
MAR02897,0.0,0.0,0.0,0.0,0.0,0.0,0.0
MAR02901,0.0,0.0,0.0,0.0,0.0,0.0,0.0
MAR02905,0.0,0.0,0.0,0.0,0.0,0.0,0.0
MAR02926,0.0,0.0,0.0,0.0,0.0,0.0,0.0
MAR02942,1.1397967127520787,1.307600227194789,6.562565845266583e-05,0.00359183216512812,0.5047071075750231,4.220033632686908,4.313737930770018
MAR02943,1.2884237151238176,1.8053834646712663,6.562565845270227e-05,0.00030104007741309626,0.7774263264988754,4.507357141911874,7.889365993265655
MAR02944,1.1867532994646326,1.2149840666870733,6.56256584526814e-05,0.025384858447699325,0.7011652570175113,3.259390163247928,4.166464173605762
MAR02945,0.8483191993321902,0.9642000014460902,6.56256584526951e-05,0.0002613720646622793,0.5197047262768705,2.2132403451878977,5.98616249315576
MAR02946,0.6736857429424549,0.8629546795928555,4.17006664786475e-05,9.11676415920815e-05,0.2874778817629484,2.9875659576335893,3.7342521550099175
MAR02947,0.708013118812157,1.1253138572613754,4.1700666478678016e-05,7.093222071394397e-05,0.28071183648674214,3.4817180296561734,7.341975409263465
MAR02948,0.7319945123285556,0.9629210634492482,2.953593746343483e-06,4.175881032667347e-05,0.36523888234116386,2.9116439290100042,3.0407975934176235
MAR02949,1.3272721089406259,1.5338542346050825,8.433306589854551e-05,0.010775587813618502,0.7072310885532064,4.3769447634888925,7.1740297813389535
MAR02951,0.9167107061796249,1.3991179682520454,0.00012077033073103454,0.002226792246598342,0.3666461546583174,5.0544952132105605,5.605478499232514
MAR02952,7.130293038346265e-15,8.619462407832837e-14,-2.616400524222054e-13,-1.1328787709045906e-13,1.7920281007827413e-15,1.824853757916887e-13,2.800436186724051e-13
MAR02953,-7.80056043182262e-15,1.8105494790414458e-14,-6.218608256631184e-14,-4.580062995697315e-14,-4.886925138252075e-15,2.365204775343332e-14,3.9373751823181094e-14
MAR02954,0.6560057142739517,0.7894526157924922,3.958107484790847e-05,6.564732995604151e-05,0.4856554224390256,2.2889617106488123,4.514037569879965
MAR02955,1.024976169556918,0.9046993029997431,3.557393234038822e-05,6.564909723952387e-05,0.8159053717634988,2.6134019644651887,4.042422996024513
MAR02956,0.5648877923808053,0.6647279034820054,0.00024079572492978067,0.0008285515074987645,0.29108015102551066,1.9365850598061851,3.1989560820547425
MAR02957,3.5001183080988647e-16,9.023286579637982e-16,-1.8865558047580437e-15,-1.0639154073152572e-15,2.528606420652348e-16,2.0160572342873754e-15,2.74146975601781e-15
MAR02959,0.0,0.0,0.0,0.0,0.0,0.0,0.0
MAR02961,0.7462739511975914,0.5460053205298396,4.181267201662777e-05,0.0010710159189531293,0.5882043888337846,1.7125559253470555,2.10724880305795
MAR02962,0.29287060619059424,0.2817506608125523,2.758302769829922e-05,9.785220626116591e-05,0.20167194135794822,0.8420967865662332,2.096018852774072
MAR02963,0.21360967254149812,0.2724909695168883,6.23421044724564e-05,0.0024686012988454718,0.13303869259163592,0.6664878060364016,1.405803219945061
MAR02964,0.4898809207013752,0.6055816629360582,0.00013477442261016414,0.0009072566852508779,0.24459156802623505,1.550146516341472,3.6756854133353634
MAR02965,1.3428193084890454,1.5329522650249334,6.562641938167786e-05,0.03121170291625107,0.5439440199355765,4.491658694252093,7.268194338315785
MAR02966,0.8227265824160427,0.8440474360101331,2.3559967575722735e-05,6.56287548695156e-05,0.5422897195566619,2.761743302764495,3.4004778915447296
MAR02967,0.9264943820818775,0.9958003594344319,7.708474283140903e-06,4.525615124491004e-05,0.4824043313889693,3.2910740629054223,3.9470294676671007
MAR02968,0.8813576801977401,0.7554231894706634,5.771716095098712e-05,0.010987015618921687,0.7457211631058319,2.3842434082309176,3.4918801974692304
MAR02969,0.8473746470600488,0.984255994996517,5.3839186840498074e-05,0.019183477277228855,0.4166261848895533,2.599348492949089,7.145182938569219
MAR02970,0.9068129156150831,0.9469274809884317,4.170066647866417e-05,8.127664167188911e-05,0.45045179898289334,2.828813666593471,2.8791812753395134
MAR02971,0.4490766156760921,0.4070209617582996,7.826764219881418e-08,0.0028421843254832924,0.3197822340147818,1.097561120579718,3.1310323132983995
MAR02972,0.732633827529597,0.8468121577740846,2.3559967575627373e-05,5.704272758786557e-05,0.38162881215726974,2.7591445252625504,3.1129737399246173
MAR02973,0.0,0.0,0.0,0.0,0.0,0.0,0.0
MAR02974,0.8249721570209774,1.076627916680661,3.309053454688815e-05,0.00025552310020211046,0.33178531917762916,3.4046578913047125,3.7863576930800362
MAR02975,1.2857464460355887,1.5814911909238163,5.771716095099276e-05,0.01473742515550315,0.35292894591919527,3.94404838657651,5.325044880344767
MAR02976,0.34055872066002796,0.519318965078212,0.00037359791515112625,0.003707778668364601,0.2574920011287753,1.2452115410379538,3.451614443824972
MAR02977,0.8902986666591309,1.2901935861075788,4.170066647864362e-05,0.00010903488404309772,0.37195172059966186,3.5258940179198004,8.327183687457486
MAR02978,0.7662037399742878,0.8778587326027252,4.61370212018743e-05,0.0029869540892098582,0.37048335232214014,2.527690014472333,3.796214811372026
MAR02979,1.7282284964326768,1.7728854769006475,4.170066647866753e-05,0.00019139584225033842,1.3934369357696108,6.562239268191861,7.904004166216413
MAR02980,0.9729189663494887,0.9582619670506883,0.00023308720465348582,0.014919175688959967,0.8452925691020508,3.177224710324792,4.645835885924513
MAR02981,0.0,0.0,0.0,0.0,0.0,0.0,0.0
MAR02982,1.6621184803982283,1.447883277193464,0.0001243089999279889,0.034715219435833555,1.2536828733148349,4.471487089709122,5.938856721895203
MAR02983,1.0585729204610768,1.3431828343264383,4.170066647867195e-05,8.671822186353052e-05,0.741371365059678,4.5764807316279015,5.181732023957409
MAR02984,2.808410201482114,2.6496572704186527,0.00019656914724432175,0.021332231943051116,1.9726773075662658,7.734142605242546,10.727750954199363
MAR02985,0.6594285222746189,0.9412657015714074,2.174743788033928e-05,0.0012299578405741305,0.2599700718814083,3.146013877075622,3.5885826859773644
MAR02986,0.8555452488202677,0.9812899809953676,4.170066647866111e-05,0.00010182103016439805,0.5687876363881653,2.925123655066879,4.052811107942584
MAR02987,0.45589661637377615,0.5055401877381221,3.961156318318022e-05,0.00027570785939219687,0.3315408658161192,1.1063821496624535,2.685830809451149
MAR02988,0.6996298652628575,1.1838639201430017,3.561978959606515e-05,7.144686652016845e-05,0.31188237125123375,5.10728382208665,5.532292102891135
MAR02989,0.8504560405266115,0.7940214250852412,4.6137021201852464e-05,0.026580722033014113,0.6593107627237433,3.0305070139313264,3.0712818471049315
MAR02990,0.6192672507895768,0.7059627947477086,1.478601609396305e-06,0.0008430390662414259,0.3402927811188169,2.1476136355931748,2.4612965469632777
MAR02991,0.828959313660394,0.7728392684437962,6.511667089327323e-05,0.021621072317832103,0.6741518752302853,2.443402981622004,3.5429247530269707
MAR02992,1.1862711613348534e-16,1.5677875625941393e-16,-1.8740500009972322e-16,-6.484854526513913e-17,9.579758156815431e-17,5.635288496803983e-16,6.361474321719448e-16
MAR02994,0.0,0.0,0.0,0.0,0.0,0.0,0.0
MAR02996,0.0,0.0,0.0,0.0,0.0,0.0,0.0
MAR02998,1.0534244714723868,1.3691462033106971,0.0003331725163941678,0.02942517732009696,0.39150827668083377,4.516914297288788,4.997513583787066
MAR02999,0.7145316713331846,0.7282949645212832,1.4078703399713941e-05,5.1599339542532225e-05,0.5264276820005171,1.8460067065417665,3.256528664749165
MAR03000,1.6973368730099339,1.9700869238120455,6.562565845269923e-05,0.005512012513435026,0.7794609384151261,7.011161775492445,7.079743242192815
MAR03001,0.47488502206016764,0.4660224766208483,3.578598049528614e-05,6.464471187370018e-05,0.36254689773697113,1.4077877851828917,2.72692855300565
MAR03002,0.8275706329664384,0.7704222935724684,4.61370212018449e-05,0.0010313107389398246,0.5466836644156314,2.037371480062932,3.7035999180818497
MAR03003,0.9355843341543368,1.0230102421124618,6.798355257543638e-05,0.006725953009323573,0.41974874816137525,2.9527330342512323,3.7915214935514148
MAR03013,0.0,0.0,0.0,0.0,0.0,0.0,0.0
MAR03015,0.0,0.0,0.0,0.0,0.0,0.0,0.0
MAR03016,2.520982116434023,147.4682878281767,-258.5899791628908,-200.22362888293117,-23.850495736278617,360.80312016495367,406.6802732335515
MAR03017,-5.325852675328346e-16,8.322938797898772e-16,-2.4177949472956938e-15,-2.2834940704121372e-15,-2.1257599963455415e-16,4.471985124277344e-16,6.461881198211753e-16
MAR03022,19.623573727425676,11.171276978413106,1.4484737723281484,3.4486659960275468,19.302330923199364,38.74608297049843,47.924215331319246
MAR03023,2.812172134358373,2.216342516045264,0.00023105941589616447,0.13141255024426785,2.3043091932754867,7.471784340410503,10.267704164495727
MAR03030,-3.5899192777192615e-14,6.704016908566885e-14,-2.6740198483353133e-13,-2.036420284761883e-13,-9.230109542290863e-15,2.1291662514841166e-14,2.797811386636778e-14
MAR03033,0.0,0.0,0.0,0.0,0.0,0.0,0.0
MAR03035,394.09100287633674,159.98867089934,47.937374462179555,75.20216644888892,438.39855615296756,541.4697696839579,898.6666571144791
MAR03037,-394.09100287633646,159.98867089933987,-898.666657114479,-541.4697696839575,-438.39855615296733,-75.20216644888907,-47.937374462179555
MAR03047,356.73875261115876,323.93588457679937,-454.1266833661259,-395.1498268729839,388.3919471375807,939.251070907438,994.1743515434233
MAR03057,0.0,0.0,0.0,0.0,0.0,0.0,0.0
MAR03058,0.0,0.0,0.0,0.0,0.0,0.0,0.0
MAR03059,0.0,0.0,0.0,0.0,0.0,0.0,0.0
MAR03062,0.0,0.0,0.0,0.0,0.0,0.0,0.0
MAR03063,0.0,0.0,0.0,0.0,0.0,0.0,0.0
MAR03064,0.0,0.0,0.0,0.0,0.0,0.0,0.0
MAR03066,0.0,0.0,0.0,0.0,0.0,0.0,0.0
MAR03067,0.0,0.0,0.0,0.0,0.0,0.0,0.0
MAR03068,0.0,0.0,0.0,0.0,0.0,0.0,0.0
MAR03070,0.0,0.0,0.0,0.0,0.0,0.0,0.0
MAR03071,0.0,0.0,0.0,0.0,0.0,0.0,0.0
MAR03072,0.0,0.0,0.0,0.0,0.0,0.0,0.0
MAR03074,0.0,0.0,0.0,0.0,0.0,0.0,0.0
MAR03075,0.0,0.0,0.0,0.0,0.0,0.0,0.0
MAR03076,0.0,0.0,0.0,0.0,0.0,0.0,0.0
MAR03078,0.0,0.0,0.0,0.0,0.0,0.0,0.0
MAR03079,0.0,0.0,0.0,0.0,0.0,0.0,0.0
MAR03080,0.0,0.0,0.0,0.0,0.0,0.0,0.0
MAR03082,0.0,0.0,0.0,0.0,0.0,0.0,0.0
MAR03083,0.0,0.0,0.0,0.0,0.0,0.0,0.0
MAR03084,0.0,0.0,0.0,0.0,0.0,0.0,0.0
MAR03086,21.4496551639119,9.223375725723132,0.01756545457301011,2.1272544895970475,24.700017372429702,31.65267283214671,40.13265418874566
MAR03087,0.0,0.0,0.0,0.0,0.0,0.0,0.0
MAR03088,0.0,0.0,0.0,0.0,0.0,0.0,0.0
MAR03090,19.87547944277085,9.238329089192925,0.005230318549691924,2.2811747903686017,20.615594685311088,31.833237609469464,39.55025030262798
MAR03091,0.0,0.0,0.0,0.0,0.0,0.0,0.0
MAR03092,0.0,0.0,0.0,0.0,0.0,0.0,0.0
MAR03094,0.0,0.0,0.0,0.0,0.0,0.0,0.0
MAR03095,0.0,0.0,0.0,0.0,0.0,0.0,0.0
MAR03096,0.0,0.0,0.0,0.0,0.0,0.0,0.0
MAR03098,22.56596809131052,11.044898150757566,0.009838715501416576,2.014288925314877,22.770427160125365,39.57457389010672,45.05001632113013
MAR03099,0.0,0.0,0.0,0.0,0.0,0.0,0.0
MAR03100,0.0,0.0,0.0,0.0,0.0,0.0,0.0
MAR03102,31.9862696125636,11.829459171162165,0.06360716446535955,2.9108592947122207,35.101697312679185,44.585733953390005,48.478521583535894
MAR03103,31.98626961256361,11.82945917116217,0.06360716446535952,2.9108592947122207,35.10169731267921,44.58573395338999,48.47852158353591
MAR03104,31.986269612563607,11.829459171162169,0.06360716446535955,2.9108592947122207,35.10169731267919,44.58573395338999,48.4785215835359
MAR03105,31.98626961256362,11.82945917116218,0.0636071644653609,2.9108592947122207,35.10169731267923,44.58573395339005,48.47852158353595
MAR03106,-564.8216726105301,88.76860175120393,-915.1032288142048,-668.7665019462562,-561.8508786824726,-383.0334401147851,-357.8593424907359
MAR03107,0.0,0.0,0.0,0.0,0.0,0.0,0.0
MAR03108,0.0,0.0,0.0,0.0,0.0,0.0,0.0
MAR03109,0.0,0.0,0.0,0.0,0.0,0.0,0.0
MAR03110,0.0,0.0,0.0,0.0,0.0,0.0,0.0
MAR03111,0.0,0.0,0.0,0.0,0.0,0.0,0.0
MAR03112,0.0,0.0,0.0,0.0,0.0,0.0,0.0
MAR03113,0.0,0.0,0.0,0.0,0.0,0.0,0.0
MAR03114,0.0,0.0,0.0,0.0,0.0,0.0,0.0
MAR03115,0.0,0.0,0.0,0.0,0.0,0.0,0.0
MAR03119,-38.32416617701185,26.436398279343173,-95.45631672461897,-80.91422220787186,-36.06352592687185,-0.4237249520322123,-0.0026796956059706428
MAR03121,0.0,0.0,0.0,0.0,0.0,0.0,0.0
MAR03122,0.0,0.0,0.0,0.0,0.0,0.0,0.0
MAR03123,0.0,0.0,0.0,0.0,0.0,0.0,0.0
MAR03125,0.0,0.0,0.0,0.0,0.0,0.0,0.0
MAR03128,0.0,0.0,0.0,0.0,0.0,0.0,0.0
MAR03129,0.0,0.0,0.0,0.0,0.0,0.0,0.0
MAR03135,2.9906721621040705e-15,6.150675585616131e-15,-8.573986149583253e-15,-5.504679100660187e-15,2.1743877812862198e-15,1.6605323858435705e-14,2.633700077033639e-14
MAR03136,0.0,0.0,0.0,0.0,0.0,0.0,0.0
MAR03142,1.6312889826942764e-14,3.975247827670663e-14,-4.838383971633466e-14,-1.5360600283983084e-14,5.909776819902429e-15,1.3412776728350218e-13,1.5667083569031141e-13
MAR03143,0.0,0.0,0.0,0.0,0.0,0.0,0.0
MAR03149,15.130636794780445,27.619788012628117,0.007311818010916332,0.10106625660429064,5.543340111435829,100.34912760376464,111.80249703396609
MAR03150,15.130636794780399,27.6197880126281,0.007311818010916434,0.10106625660429061,5.543340111435827,100.34912760376459,111.80249703396606
MAR03151,15.130636794780402,27.6197880126281,0.007311818010916352,0.1010662566042905,5.5433401114358265,100.34912760376457,111.80249703396606
MAR03153,15.130636794780429,27.61978801262809,0.007311818010916668,0.10106625660429072,5.54334011143583,100.34912760376459,111.80249703396606
MAR03156,15.130636794780425,27.61978801262809,0.00731181801091595,0.10106625660429083,5.543340111435823,100.34912760376459,111.80249703396606
MAR03157,15.130636794780425,27.619788012628085,0.007311818010916802,0.10106625660429086,5.543340111435823,100.34912760376457,111.80249703396603
MAR03158,15.130636794780415,27.61978801262809,0.007311818010915943,0.1010662566042908,5.543340111435825,100.34912760376456,111.80249703396603
MAR03160,15.130636794780417,27.61978801262809,0.007311818010915964,0.10106625660429086,5.543340111435826,100.34912760376456,111.80249703396603
MAR03163,59.14121593118035,126.17470835063315,0.07962364938705704,2.4624350999425624,12.673499721462518,454.72252301446997,515.518800195704
MAR03164,59.141215931180234,126.17470835063315,0.07962364938706504,2.4624350999424824,12.6734997214623,454.7225230144699,515.518800195704
MAR03166,59.141215931180234,126.17470835063313,0.0796236493870646,2.462435099942489,12.673499721462314,454.7225230144698,515.5188001957039
MAR03170,1.7551082428273295,6.017777710672865,3.202147288674903e-06,0.030577740712977378,0.7477552645997134,2.3054736766558754,40.28503441209188
MAR03171,1.7551082428273295,6.017777710672864,3.2021472887119827e-06,0.03057774071297735,0.7477552645997128,2.305473676655875,40.285034412091875
MAR03172,1.7551082428273295,6.017777710672867,3.202147288674903e-06,0.03057774071297726,0.747755264599713,2.305473676655874,40.28503441209189
MAR03173,1.755108242827329,6.017777710672865,3.2021472886748216e-06,0.030577740712977176,0.747755264599713,2.305473676655874,40.28503441209188
MAR03174,1.7551082428273297,6.017777710672865,3.2021472886748216e-06,0.030577740712977402,0.7477552645997136,2.3054736766558754,40.28503441209188
MAR03175,1.7551082428273297,6.017777710672864,3.2021472887119285e-06,0.030577740712977388,0.7477552645997139,2.3054736766558754,40.285034412091875
MAR03176,1.755108242827329,6.017777710672867,3.2021472886748216e-06,0.030577740712977187,0.747755264599713,2.305473676655874,40.28503441209189
MAR03177,1.7551082428273292,6.017777710672865,3.2021472886747945e-06,0.03057774071297713,0.7477552645997132,2.3054736766558754,40.28503441209188
MAR03178,1.7551082428273297,6.017777710672865,3.2021472886747945e-06,0.030577740712977395,0.7477552645997139,2.3054736766558763,40.28503441209188
MAR03179,1.7551082428273297,6.017777710672864,3.2021472887118743e-06,0.03057774071297741,0.7477552645997143,2.3054736766558763,40.285034412091875
MAR03180,1.7551082428273301,6.017777710672864,3.2021472886747945e-06,0.030577740712977388,0.7477552645997143,2.3054736766558754,40.28503441209188
MAR03181,1.75510824282733,6.017777710672863,3.2021472887119014e-06,0.030577740712977374,0.7477552645997141,2.3054736766558763,40.285034412091875
MAR03182,1.7551082428273297,6.017777710672864,3.2021472887119014e-06,0.030577740712977464,0.7477552645997139,2.3054736766558754,40.285034412091875
MAR03183,1.7551082428273295,6.017777710672864,3.20214728871182e-06,0.030577740712976902,0.7477552645997129,2.3054736766558754,40.285034412091875
MAR03184,1.7551082428273295,6.017777710672863,3.202147288735022e-06,0.03057774071297706,0.7477552645997126,2.3054736766558737,40.28503441209187
MAR03185,1.7551082428273295,6.017777710672863,3.2021472887351033e-06,0.030577740712977072,0.747755264599713,2.305473676655874,40.28503441209187
MAR03186,1.7551082428273288,6.0177777106728625,3.202147288754402e-06,0.030577740712976975,0.7477552645997128,2.3054736766558706,40.28503441209186
MAR03187,1.7551082428273292,6.017777710672863,3.2021472887313357e-06,0.030577740712977013,0.7477552645997128,2.3054736766558745,40.28503441209187
MAR03188,1.755108242827328,6.0177777106728625,3.2021472887506345e-06,0.030577740712976923,0.7477552645997123,2.3054736766558697,40.28503441209186
MAR03189,1.7551082428273284,6.017777710672862,3.2021472887506345e-06,0.030577740712977114,0.747755264599713,2.3054736766558737,40.28503441209186
MAR03190,10.462423644084323,41.07492544523784,0.007320456012560926,0.46811815792354045,3.4398737755629636,12.6980087183977,273.1220533563196
MAR03191,10.462423644084323,41.07492544523784,0.007320456012560925,0.468118157923541,3.4398737755629663,12.698008718397704,273.1220533563196
MAR03192,10.462423644084323,41.07492544523784,0.007320456012560925,0.4681181579235409,3.439873775562968,12.698008718397707,273.1220533563196
MAR03193,10.462423644084323,41.07492544523784,0.007320456012560925,0.46811815792354106,3.439873775562968,12.698008718397704,273.1220533563196
MAR03194,9.924768994874492,40.99605084948095,0.003770846591714427,0.17141226524345052,2.7632134076661607,11.198020753841941,272.23314418474394
MAR03195,9.924768994874492,40.996050849480945,0.003770846591714709,0.17141226524345327,2.7632134076661643,11.198020753841941,272.2331441847439
MAR03196,9.924768994874492,40.996050849480945,0.003770846591714426,0.17141226524345188,2.7632134076661625,11.198020753841941,272.23314418474394
MAR03197,9.924768994874492,40.996050849480945,0.003770846591714865,0.17141226524345315,2.7632134076661607,11.198020753841941,272.2331441847439
MAR03198,15.305308967869347,40.45998131426732,0.0076382184307135425,0.8619274577792683,9.431933713398575,18.077614616738177,273.29706232954345
MAR03199,15.305308967869351,40.45998131426732,0.007638218430713245,0.8619274577792682,9.431933713398578,18.077614616738195,273.29706232954345
MAR03200,15.305308967869351,40.45998131426732,0.007638218430713245,0.8619274577792683,9.431933713398578,18.077614616738195,273.29706232954345
MAR03201,15.305308967869351,40.45998131426732,0.007638218430713245,0.8619274577792682,9.431933713398578,18.077614616738185,273.29706232954345
MAR03202,9.887522809164548,41.00624640236168,0.007410042906912599,0.10852305449699463,2.7972340019596755,10.802058603266198,272.3937612544982
MAR03203,9.887522809164548,41.00624640236168,0.007410042906912599,0.10852305449699284,2.7972340019596755,10.802058603266197,272.3937612544982
MAR03204,9.887522809164546,41.00624640236168,0.007410042906912599,0.10852305449699466,2.7972340019596746,10.802058603266197,272.3937612544982
MAR03205,9.887522809164544,41.00624640236168,0.007410042906912599,0.10852305449699169,2.797234001959672,10.802058603266197,272.3937612544982
MAR03209,135.10186316458496,168.21649058076352,-371.27765458385875,-317.30200925136324,199.5547943793988,297.6046332497382,430.838892863147
MAR03210,88.63566963556991,308.9400185941763,-828.9937976865418,-724.3738398754297,181.57904153757227,363.4047850578432,452.26978806029194
MAR03212,71.12557766015749,43.75329778104972,0.11885584287837228,3.810601266447681,80.66429191300787,129.95663121062324,157.17488981309833
MAR03214,-410.1277256673133,239.97351670482942,-988.741044366978,-903.3234726767703,-341.0282861574798,-116.85593718770592,-31.74249580491471
MAR03215,862.8591733052416,67.71228622904951,731.318194997903,748.0294627751315,856.5536194415276,970.6379819650632,981.4652686933091
MAR03218,1.7430212940710972,1.914453129023135,4.3540365467814764e-05,0.002840108340711926,1.0051673055284898,5.93615095053168,9.314320463587416
MAR03219,1.7430212940710972,1.914453129023135,4.354036546788589e-05,0.0028401083407117236,1.0051673055284902,5.9361509505316805,9.314320463587416
MAR03220,1.743021294071098,1.9144531290231352,4.3540365468150866e-05,0.0028401083407127627,1.005167305528491,5.936150950531681,9.314320463587416
MAR03221,1.7430212940710978,1.9144531290231352,4.3540365468156504e-05,0.0028401083407129614,1.005167305528492,5.93615095053168,9.314320463587416
MAR03222,1.7430212940710998,1.9144531290231361,4.354036546817255e-05,0.0028401083407126005,1.0051673055284933,5.936150950531682,9.31432046358742
MAR03223,1.7430212940710987,1.9144531290231352,4.354036546813265e-05,0.0028401083407125706,1.0051673055284924,5.936150950531681,9.314320463587416
MAR03224,1.7430212940710983,1.9144531290231348,4.354036546838939e-05,0.0028401083407135204,1.0051673055284915,5.93615095053168,9.314320463587412
MAR03225,1.7430212940710987,1.9144531290231352,4.354036546836814e-05,0.002840108340713559,1.0051673055284933,5.93615095053168,9.314320463587416
MAR03226,2.9250218267330237e-15,7.915729948997341e-14,-1.3364360560553864e-13,-1.2408010865203435e-13,7.254509084534057e-15,1.5026836316368278e-13,1.7600956677698514e-13
MAR03227,9.874912681585616e-15,8.292191287801798e-14,-1.3358640689978875e-13,-1.235670825052383e-13,1.3564318016766468e-14,1.6292005504918296e-13,1.8251851911303262e-13
MAR03228,9.569066436114035e-15,8.257574951368588e-14,-1.3351639036781805e-13,-1.2321185672322725e-13,1.2907407054749145e-14,1.6161713455800294e-13,1.817177711411406e-13
MAR03230,-2.5303000287714696e-14,3.0258349157696876e-14,-9.043604783420844e-14,-7.584537580053044e-14,-7.955120855132752e-15,4.7745873566322446e-15,1.3086798976887033e-14
MAR03231,-2.4843673163985438e-14,2.996656474426366e-14,-8.951225070600206e-14,-7.484172782288504e-14,-7.464088229023581e-15,4.966225949012486e-15,1.4126701538517386e-14
MAR03232,-2.4788683188534315e-14,2.998778314423006e-14,-8.950938171071172e-14,-7.475805585039864e-14,-7.361588047575945e-15,5.092959962430571e-15,1.4183441140233624e-14
MAR03233,-2.4893342420818487e-14,3.018348455761701e-14,-8.984181817260177e-14,-7.492590837834926e-14,-7.3780711473744e-15,5.265310668475524e-15,1.4107945845938805e-14
MAR03234,-2.5104190239188355e-14,3.156195129099514e-14,-9.659273814665492e-14,-7.991078225256366e-14,-6.718351413368702e-15,6.957306562905379e-15,1.533170205912856e-14
MAR03235,-2.536652846065683e-14,3.2897071924079516e-14,-9.817026095457701e-14,-8.07704395493267e-14,-6.091271336337993e-15,6.910125277785335e-15,1.6592301178010752e-14
MAR03236,-2.5369515636816667e-14,3.290009283591811e-14,-9.817675651477894e-14,-8.078675737208178e-14,-6.092596261129493e-15,6.911066028340125e-15,1.659349482121343e-14
MAR03237,-2.6882522831185074e-14,3.2649038003414646e-14,-9.839203921833517e-14,-8.190125669487306e-14,-7.571664531775645e-15,4.399622321504165e-15,1.3360418341392133e-14
MAR03238,168.08398431185663,84.38456123953618,1.1352921309993338,16.111124247926536,177.8617220197839,277.70156509284215,449.3073275876126
MAR03239,2.4714438026391915e-14,3.3129584801615e-14,-1.692044827158437e-14,-7.278168609588833e-15,5.590241466557761e-15,8.031785301600598e-14,9.809858184839806e-14
MAR03240,-4.749500044230936e-15,8.392963196317133e-15,-2.797550484327603e-14,-1.9566888832146073e-14,-3.0249238652768976e-15,6.363822654281607e-15,2.1750105153949874e-14
MAR03241,-4.741823072006392e-15,8.39457009607987e-15,-2.7975314939985045e-14,-1.956432042930995e-14,-2.9964101824214347e-15,6.375957320117851e-15,2.1749842098567598e-14
MAR03242,-5.840354453126445e-15,9.345892531312614e-15,-3.0109120756247134e-14,-2.261207031014044e-14,-3.2452948834284733e-15,5.8776818975332155e-15,2.113054682700784e-14
MAR03243,-5.848804209957157e-15,9.34427119770478e-15,-3.0108391688230933e-14,-2.2611672264630616e-14,-3.2772573921318323e-15,5.855849706599385e-15,2.1131202552757028e-14
MAR03244,-6.07554718024922e-15,9.409760462193814e-15,-3.11273029918447e-14,-2.3459650742654474e-14,-3.415512188986384e-15,5.713249298920011e-15,2.0553017653830856e-14
MAR03245,-6.0841926410209314e-15,9.409339274139611e-15,-3.113047643035549e-14,-2.346402072104264e-14,-3.446951596567157e-15,5.714631078978026e-15,2.0548856477979395e-14
MAR03246,-7.058308350262411e-15,1.0300795407038556e-14,-3.311771137065976e-14,-2.5487543274076252e-14,-4.443078478563029e-15,5.828383968488345e-15,2.0060333602234737e-14
MAR03247,-7.05071463935287e-15,1.0301254283351071e-14,-3.3115567967948655e-14,-2.548434963793475e-14,-4.434879013950728e-15,5.827451088171589e-15,2.0062799932964988e-14
MAR03250,1.962878828085619e-14,2.925362707337568e-14,-1.555169805827857e-14,-1.0271920362364978e-14,4.293386073352188e-15,7.230474096688429e-14,9.245763825954569e-14
MAR03252,2.024951084337901e-14,2.904449434530311e-14,-1.489082260451093e-14,-9.080117215684235e-15,4.989580033878478e-15,7.247441168873494e-14,9.265188785933096e-14
MAR03254,2.044327136152826e-14,2.923105331006223e-14,-1.4835822486589066e-14,-8.956574802872845e-15,5.002938251055572e-15,7.302131236072355e-14,9.322312740330762e-14
MAR03256,1.992620652329262e-14,2.9451846533589e-14,-1.5443456471614343e-14,-9.890733472405139e-15,4.547347998374576e-15,7.288911811205312e-14,9.331019286059484e-14
MAR03258,2.1077547952485513e-14,3.0823087208997326e-14,-1.675800701059348e-14,-1.0447297725215594e-14,5.287206888551944e-15,7.942784327919024e-14,9.955836604779661e-14
MAR03259,0.0,0.0,0.0,0.0,0.0,0.0,0.0
MAR03260,2.0623928247134816e-14,3.06960150517856e-14,-1.454799804295034e-14,-1.0420047276905594e-14,4.3572222337772126e-15,7.64322698458779e-14,9.777807805318691e-14
MAR03262,2.1539329619685184e-14,3.1716924840376395e-14,-1.4612575418768314e-14,-1.0240139598939149e-14,4.541307569223259e-15,7.971594453705859e-14,1.0112959066930846e-13
MAR03264,2.1673703641317224e-14,3.15251533931523e-14,-1.648061407194072e-14,-9.063596141656918e-15,4.701325106445144e-15,8.11542020375334e-14,1.0145600077336537e-13
MAR03272,-2.3163813743516332e-14,3.3186483105214573e-14,-1.066308022893699e-13,-8.43377186037049e-14,-4.768233244254224e-15,8.837232678356028e-15,1.6369090820603627e-14
MAR03273,1.165699516203215e-14,2.977808987133578e-14,-7.458158082643588e-14,-3.097863004225258e-14,5.56600973534052e-15,6.894312445321675e-14,9.973946788477521e-14
MAR03275,1.3662664577693434e-14,3.773595185796272e-14,-5.939806356301908e-14,-5.2129936008798904e-14,1.2095766840232893e-14,1.0462036558443683e-13,1.1384046269525917e-13
MAR03276,0.0,0.0,0.0,0.0,0.0,0.0,0.0
MAR03277,1.3663865154496539e-14,3.773520774030404e-14,-5.939421816023457e-14,-5.2126049094088784e-14,1.2098259635671793e-14,1.0462036561205426e-13,1.1384046287540438e-13
MAR03278,1.2708611266993048e-14,3.768585558463671e-14,-5.9200649542654e-14,-5.2066228160928234e-14,9.818177185575021e-15,1.0461969848431577e-13,1.138404140908064e-13
MAR03279,1.270861126699305e-14,3.768585558463671e-14,-5.920064954265398e-14,-5.206622816092821e-14,9.818177185575028e-15,1.0461969848431579e-13,1.1384041409080643e-13
MAR03280,1.2719024232196298e-14,3.7676640596260505e-14,-5.915654817511505e-14,-5.202062518515691e-14,9.86798510963969e-15,1.0462242957932402e-13,1.1384053825370677e-13
MAR03281,1.3123242571431286e-14,4.012135039378068e-14,-6.689187051522664e-14,-5.49530199416244e-14,1.5813468127935693e-14,1.0298702252219389e-13,1.1297469510300146e-13
MAR03282,1.2904083278409886e-14,4.0326792065017455e-14,-6.759209495165202e-14,-5.517043647011509e-14,1.6120935050394742e-14,1.030091582402033e-13,1.1297896073149173e-13
MAR03283,1.2445827632688408e-14,4.0676893868651056e-14,-6.883402343935521e-14,-5.69145616116083e-14,1.5369252259748114e-14,1.0302648800799074e-13,1.1297897871304545e-13
MAR03284,5.1504636637643565e-15,2.075088666027924e-14,-3.084001570959697e-14,-2.5823579764133842e-14,-8.210528241509626e-17,4.1183079993205196e-14,5.1632721975634585e-14
MAR03289,-7.392752557321938e-15,1.5569760686684592e-14,-3.3168731600995114e-14,-2.871866239444495e-14,-2.097061341778672e-15,2.3747906296472124e-14,2.6060355115060352e-14
MAR03290,1.2801748469944952e-14,4.0472410780911174e-14,-6.721974673385646e-14,-5.638109010435369e-14,1.5395084645244938e-14,1.0307173421725931e-13,1.1297629473611084e-13
MAR03292,1.2801748469944944e-14,4.0472410780911174e-14,-6.721974673385645e-14,-5.638109010435369e-14,1.539508464524499e-14,1.0307173421725929e-13,1.1297629473611081e-13
MAR03293,1.2800545602621438e-14,4.047240361326616e-14,-6.722778615468032e-14,-5.638386992238316e-14,1.538887783511742e-14,1.0307114160040099e-13,1.1297626959736171e-13
MAR03294,-3.3522695117597917e-15,2.745556846407534e-14,-5.397958667220588e-14,-4.827076138586166e-14,-9.245629959437995e-16,3.705773852725147e-14,5.0658584250383654e-14
MAR03298,1.6310630130980602e-14,3.977011138690764e-14,-4.8323919949097675e-14,-1.542188232182064e-14,5.9217868234534075e-15,1.341560804095178e-13,1.566985182008451e-13
MAR03302,0.0,0.0,0.0,0.0,0.0,0.0,0.0
MAR03304,0.0,0.0,0.0,0.0,0.0,0.0,0.0
MAR03305,0.0,0.0,0.0,0.0,0.0,0.0,0.0
MAR03307,0.0,0.0,0.0,0.0,0.0,0.0,0.0
MAR03309,0.0,0.0,0.0,0.0,0.0,0.0,0.0
MAR03310,0.0,0.0,0.0,0.0,0.0,0.0,0.0
MAR03312,0.0,0.0,0.0,0.0,0.0,0.0,0.0
MAR03314,0.0,0.0,0.0,0.0,0.0,0.0,0.0
MAR03315,0.0,0.0,0.0,0.0,0.0,0.0,0.0
MAR03316,0.0,0.0,0.0,0.0,0.0,0.0,0.0
MAR03317,0.0,0.0,0.0,0.0,0.0,0.0,0.0
MAR03319,0.0,0.0,0.0,0.0,0.0,0.0,0.0
MAR03321,1.2840172377340613,1.0942855529154085,0.00010245035141898154,0.006274015490635068,1.0410429879926484,3.499267943757658,3.807216635440692
MAR03323,-1.5507118689572925,1.1979826303132652,-4.317724989368112,-3.8135739840596923,-1.40359021091508,-0.007849571542931054,-0.0001311231641164003
MAR03326,2.8121721343583728,2.2163425160452634,0.00023105941589616447,0.13141255024426785,2.304309193275488,7.471784340410501,10.267704164495726
MAR03327,2.8121721343583723,2.2163425160452634,0.00023105941589620242,0.13141255024426785,2.3043091932754853,7.471784340410503,10.267704164495726
MAR03328,2.812172134358372,2.216342516045264,0.00023105941589621182,0.13141255024426787,2.3043091932754844,7.471784340410503,10.267704164495726
MAR03329,2.812172134358372,2.2163425160452634,0.00023105941589621182,0.13141255024426785,2.3043091932754844,7.471784340410501,10.267704164495724
MAR03330,0.0,0.0,0.0,0.0,0.0,0.0,0.0
MAR03331,0.0,0.0,0.0,0.0,0.0,0.0,0.0
MAR03332,0.0,0.0,0.0,0.0,0.0,0.0,0.0
MAR03333,0.0,0.0,0.0,0.0,0.0,0.0,0.0
MAR03334,0.0,0.0,0.0,0.0,0.0,0.0,0.0
MAR03335,0.0,0.0,0.0,0.0,0.0,0.0,0.0
MAR03336,0.0,0.0,0.0,0.0,0.0,0.0,0.0
MAR03337,0.0,0.0,0.0,0.0,0.0,0.0,0.0
MAR03338,0.0,0.0,0.0,0.0,0.0,0.0,0.0
MAR03339,0.0,0.0,0.0,0.0,0.0,0.0,0.0
MAR03340,0.0,0.0,0.0,0.0,0.0,0.0,0.0
MAR03342,0.0,0.0,0.0,0.0,0.0,0.0,0.0
MAR03343,0.0,0.0,0.0,0.0,0.0,0.0,0.0
MAR03344,0.0,0.0,0.0,0.0,0.0,0.0,0.0
MAR03346,0.0,0.0,0.0,0.0,0.0,0.0,0.0
MAR03347,0.0,0.0,0.0,0.0,0.0,0.0,0.0
MAR03348,0.0,0.0,0.0,0.0,0.0,0.0,0.0
MAR03350,0.0,0.0,0.0,0.0,0.0,0.0,0.0
MAR03351,0.0,0.0,0.0,0.0,0.0,0.0,0.0
MAR03352,0.0,0.0,0.0,0.0,0.0,0.0,0.0
MAR03355,-0.7302474084143273,0.6720437389473725,-3.1604945651172134,-2.0190350692699943,-0.54338544890569,-0.01665525954384709,-0.0001474048190714037
MAR03356,-5.326144225590339e-16,8.323065552160083e-16,-2.4178229204009865e-15,-2.283911913535168e-15,-2.1257947212119332e-16,4.470231797502842e-16,6.461931519003096e-16
MAR03357,-5.325883171571728e-16,8.323075815839282e-16,-2.4178764227973998e-15,-2.2840523268215982e-15,-2.123834362542069e-16,4.470800086035213e-16,6.461050174716006e-16
MAR03358,-5.32588317157173e-16,8.323075815839283e-16,-2.4178764227974e-15,-2.2840523268215986e-15,-2.1238343625420688e-16,4.470800086035213e-16,6.461050174716007e-16
MAR03359,2.0809211137495614e-16,3.2519797446865693e-16,-2.524451868814474e-16,-1.7468243284124675e-16,8.29821388255569e-17,8.92421511827723e-16,9.447090626194762e-16
MAR03360,2.0809211137495614e-16,3.2519797446865693e-16,-2.524451868814474e-16,-1.7468243284124675e-16,8.29821388255569e-17,8.92421511827723e-16,9.447090626194762e-16
MAR03361,2.0809211137495614e-16,3.2519797446865693e-16,-2.524451868814474e-16,-1.7468243284124675e-16,8.29821388255569e-17,8.92421511827723e-16,9.447090626194762e-16
MAR03362,2.0809211137495614e-16,3.2519797446865693e-16,-2.524451868814474e-16,-1.7468243284124675e-16,8.29821388255569e-17,8.92421511827723e-16,9.447090626194762e-16
MAR03363,0.0,0.0,0.0,0.0,0.0,0.0,0.0
MAR03365,0.0,0.0,0.0,0.0,0.0,0.0,0.0
MAR03367,0.0,0.0,0.0,0.0,0.0,0.0,0.0
MAR03368,-7.392752557321938e-15,1.5569760686684592e-14,-3.3168731600995114e-14,-2.871866239444495e-14,-2.097061341778672e-15,2.3747906296472124e-14,2.6060355115060352e-14
MAR03370,0.0,0.0,0.0,0.0,0.0,0.0,0.0
MAR03371,1.1621784430507775e-14,3.242209981731528e-14,-3.3672417508177755e-14,-2.1165213792251354e-14,2.1666797537943957e-15,1.0373687926084242e-13,1.1378897043685207e-13
MAR03372,0.0,0.0,0.0,0.0,0.0,0.0,0.0
MAR03374,1.6520566045140985e-14,3.810670991088659e-14,-5.670695375348216e-14,-4.511520104991475e-14,1.7716653131924872e-14,1.029616886116342e-13,1.1297665264705904e-13
MAR03375,0.0,0.0,0.0,0.0,0.0,0.0,0.0
MAR03376,1.6580075860370256e-14,3.8107434579676775e-14,-5.630921708016129e-14,-4.5146962337115113e-14,1.7789916950516877e-14,1.0296355788345209e-13,1.1297670139405864e-13
MAR03377,1.2709295931459206e-14,4.047298962086362e-14,-6.783765766091671e-14,-5.6594747278607035e-14,1.5215401533626523e-14,1.0302618560866583e-13,1.1297474937993062e-13
MAR03378,-1.2769634357265545e-14,4.0472352355971334e-14,-1.1297562358259887e-13,-1.0305591255164892e-13,-1.5386596864279986e-14,5.645530559568705e-14,6.743438292949253e-14
MAR03379,1.2743505658892076e-14,4.0472508614663075e-14,-6.760901532465717e-14,-5.651568883613506e-14,1.5247197089330976e-14,1.0304303972116997e-13,1.1297507751838541e-13
MAR03380,1.2743505658892074e-14,4.047250861466306e-14,-6.760901532465719e-14,-5.651568883613506e-14,1.524719708933098e-14,1.0304303972116995e-13,1.1297507751838541e-13
MAR03381,1.2800970555520777e-14,4.04724061012057e-14,-6.722494596181535e-14,-5.638288785918415e-14,1.5391070597285404e-14,1.030713509620213e-13,1.1297627847846112e-13
MAR03386,-193.2780950926533,81.06259498484526,-384.8499117569302,-322.2840030813806,-186.65524471352984,-63.1021829240033,-16.0395470784295
MAR03398,4.813030942399556,3.762183218631147,0.00013346659620663593,0.03228348972801858,3.9471260733497804,12.350893957676075,18.94207449599951
MAR03399,0.0,0.0,0.0,0.0,0.0,0.0,0.0
MAR03404,0.0,0.0,0.0,0.0,0.0,0.0,0.0
MAR03406,1.3035214275669538,1.2264806182680816,0.0009398266385278192,0.05578520303966772,0.9169895483917414,3.8335880938905165,6.6227590248252355
MAR03407,34.3271591238005,51.547187731785336,0.30159566068386223,2.5180900968773092,12.71502769828447,185.5805752953111,201.8438369685821
MAR03408,3.4896179526906814,2.938112033420301,0.0013585804626072228,0.162307575742983,3.1387725045038497,10.724666465901137,13.115315662557672
MAR03409,22.347865505596694,14.569268326369135,0.003284327656267419,0.9768485682298517,21.735103827843133,45.135520382406966,103.01939269244598
MAR03411,2.0988634188630986,2.20465419782207,0.004360482015344724,0.03834946376626688,1.276924793754632,5.90228445665809,11.243177876303438
MAR03413,1.7510020805194808,1.4349522968282962,0.0001366455376758846,0.004699295481229872,1.4822129897202985,4.632695671957237,5.994101342012729
MAR03414,6.653998533313472,5.375288901666752,0.004807806224900074,0.2455163994922768,4.702538236804378,17.65174840918885,19.81182591326216
MAR03416,5.0443247721427,4.125272836535081,0.003044692773080173,0.16904007929283052,4.188363097576332,13.586988960168402,18.787997363620764
MAR03421,0.9405436743637936,1.0519555339479556,4.932198545150683e-05,0.0032014265892814334,0.4982854795518421,3.1953694648452813,3.4569884181546766
MAR03423,0.8706965823710056,0.8197946703599908,0.000392570192346869,0.007525870959667057,0.6605351950296365,2.6389757597653913,3.9091516914468802
MAR03424,1.92124971904609,1.5741925590261374,0.00019833825069996746,0.00477392154363361,1.4796089021901326,4.825838828231485,8.132298656405501
MAR03425,1.0782095244054637,1.1467767361650134,7.8844179866938e-05,0.0314354934455314,0.582421942003563,3.6909826743351517,5.495560230960654
MAR03427,0.9266454685190376,0.9407175761712355,0.00015146128751867137,0.0016316554423127481,0.6482765736107172,2.832759162056847,3.3647829501473163
MAR03428,1.536734571558385,1.250333352856666,1.0753744512876779e-06,0.014801918508207671,1.2529193358303887,3.7912502860443027,5.484263363963538
MAR03429,0.6401956212022237,0.55965501942869,0.00012735582678174558,0.010762854390372166,0.4828606530072692,1.9910415671412436,2.5438759262027526
MAR03430,0.9493643436060395,0.8777314680378789,6.3993442265213225e-06,0.012944041265379898,0.6950569348920416,2.7421595757267534,4.223986633863026
MAR03431,0.7196040255227374,0.6290045982051087,0.00037471049447745995,0.0016251628473245635,0.5044685231891295,2.0016265822185626,3.0531280269561916
MAR03432,2.5568320321060596,5.0769524725660755,0.00037433786723138363,0.028019300288106015,0.9339073967847288,5.502773826165996,28.374853798088697
MAR03433,1.2757749932007179,1.2432341863921021,0.0006567988756186979,0.005756029120229176,0.8964126148245866,3.63350658640996,4.973566937938117
MAR03437,-0.12591905419895874,3.758426645767753,-10.539575341949718,-6.39764724790791,-0.01190704032726599,6.304044622833828,9.512941313694677
MAR03452,-1.0882402775615862e-15,2.0533472631802476e-15,-6.0459918646291674e-15,-5.336093240467831e-15,-2.4078244575757753e-16,1.5081264244421613e-15,1.8708814304049056e-15
MAR03453,-1.0882402775615862e-15,2.0533472631802476e-15,-6.0459918646291674e-15,-5.336093240467831e-15,-2.4078244575757753e-16,1.5081264244421613e-15,1.8708814304049056e-15
MAR03454,-1.0882402775615864e-15,2.053347263180248e-15,-6.045991864629169e-15,-5.336093240467833e-15,-2.4078244575757773e-16,1.5081264244421613e-15,1.870881430404906e-15
MAR03455,1.0882402775615862e-15,2.0533472631802476e-15,-1.8708814304049056e-15,-1.5081264244421623e-15,2.4078244575757753e-16,5.336093240467826e-15,6.0459918646291674e-15
MAR03456,-1.3462393821012981e-15,1.0191228705664397e-14,-3.0521040719056694e-14,-2.0220426469495588e-14,-1.4537950664458852e-15,1.681829775337467e-14,2.3008857650071414e-14
MAR03457,-5.847282487771672e-16,1.0552848744883047e-14,-3.5617916831858874e-14,-1.6582015768920402e-14,-1.5203089644714098e-15,1.8877801941616053e-14,2.511920493946773e-14
MAR03458,4.85345008221042e-16,1.1075413260171356e-14,-3.6151478157901713e-14,-1.5299593968177287e-14,-1.457582170588171e-15,2.0790526850138262e-14,2.628778989609638e-14
MAR03473,2.4399955816067864,2.3686183640944316,0.0002509558252583841,0.030908088077876456,1.6228948194272612,7.059023913926209,10.218433548925935
MAR03478,-2.401602680469208e-15,3.748139089093752e-15,-1.0859502606316383e-14,-1.0273447108132266e-14,-7.884817057278418e-16,1.826092093717851e-15,2.914751725178149e-15
MAR03482,-2.765684783405065e-15,3.575238194846958e-15,-1.1134715262582916e-14,-1.0832083851999401e-14,-9.877428643734693e-16,4.571817186465753e-16,2.3957584835033175e-15
MAR03483,1.377747819100762,1.270788298133239,0.0030699012311992627,0.0412951022923922,1.136989137649802,3.737805614679526,6.3613578992563005
MAR03484,-2.214304999314688e-15,3.7062292748951355e-15,-1.0831741829306333e-14,-1.0211283963262493e-14,-7.167424584059782e-16,2.2654573549999657e-15,2.7029504461483466e-15
MAR03485,0.0,0.0,0.0,0.0,0.0,0.0,0.0
MAR03486,0.0,0.0,0.0,0.0,0.0,0.0,0.0
MAR03488,0.0,0.0,0.0,0.0,0.0,0.0,0.0
MAR03491,1.025541040237479e-15,1.2232641532305867e-15,-1.3371308598113786e-16,-2.3551262468808387e-17,3.5528099786854886e-16,3.089745963300456e-15,4.119447629015837e-15
MAR03493,1.0192509016362614e-15,1.2189202122392289e-15,-1.3449618682496577e-16,-2.3630778275699994e-17,3.4904751480903874e-16,3.0732808521539164e-15,4.113200393891398e-15
MAR03494,0.0,0.0,0.0,0.0,0.0,0.0,0.0
MAR03498,1.0192509016362614e-15,1.2189202122392289e-15,-1.3449618682496577e-16,-2.3630778275699994e-17,3.4904751480903874e-16,3.0732808521539164e-15,4.113200393891398e-15
MAR03500,0.0,0.0,0.0,0.0,0.0,0.0,0.0
MAR03501,1.0192509016362612e-15,1.2189202122392287e-15,-1.3449618682496577e-16,-2.363077827569997e-17,3.4904751480903864e-16,3.073280852153915e-15,4.113200393891398e-15
MAR03503,1.0192509016362612e-15,1.2189202122392287e-15,-1.3449618682496577e-16,-2.363077827569997e-17,3.4904751480903864e-16,3.073280852153915e-15,4.113200393891398e-15
MAR03505,9.113870020279592e-16,1.147574789746741e-15,-1.489770205740361e-16,-1.4074069909348495e-16,2.421551498600585e-16,2.7894727499303986e-15,4.006072207214754e-15
MAR03506,9.11387002027959e-16,1.1475747897467409e-15,-1.4897702057403609e-16,-1.4074069909348495e-16,2.421551498600585e-16,2.789472749930398e-15,4.006072207214754e-15
MAR03508,9.11387002027959e-16,1.1475747897467409e-15,-1.4897702057403609e-16,-1.4074069909348495e-16,2.421551498600585e-16,2.789472749930398e-15,4.006072207214754e-15
MAR03509,9.11387002027959e-16,1.1475747897467409e-15,-1.4897702057403609e-16,-1.4074069909348495e-16,2.421551498600585e-16,2.789472749930398e-15,4.006072207214754e-15
MAR03510,9.11387002027959e-16,1.1475747897467409e-15,-1.4897702057403609e-16,-1.4074069909348495e-16,2.421551498600585e-16,2.789472749930398e-15,4.006072207214754e-15
MAR03511,9.11387002027959e-16,1.1475747897467409e-15,-1.4897702057403609e-16,-1.4074069909348495e-16,2.421551498600585e-16,2.789472749930398e-15,4.006072207214754e-15
MAR03512,9.113870020279594e-16,1.1475747897467413e-15,-1.489770205740361e-16,-1.4074069909348495e-16,2.421551498600586e-16,2.7894727499303986e-15,4.006072207214755e-15
MAR03513,1.0192509016362612e-15,1.2189202122392285e-15,-1.3449618682496572e-16,-2.363077827569997e-17,3.4904751480903864e-16,3.073280852153915e-15,4.113200393891398e-15
MAR03514,1.0192509016362612e-15,1.2189202122392283e-15,-1.3449618682496572e-16,-2.363077827569997e-17,3.4904751480903854e-16,3.073280852153915e-15,4.113200393891396e-15
MAR03515,8.700369356825845e-14,3.979601481992191e-14,-2.6629986089989603e-15,1.3157505317681625e-14,8.900338054221956e-14,1.2573790253572606e-13,2.3399009658087807e-13
MAR03517,-8.700369356825846e-14,3.979601481992192e-14,-2.339900965808781e-13,-1.257379025357261e-13,-8.900338054221961e-14,-1.3157505317681863e-14,2.6629986089989603e-15
MAR03519,0.0,0.0,0.0,0.0,0.0,0.0,0.0
MAR03520,-47.51273693459448,392.16265417046054,-934.1060659147264,-841.1967886857107,34.55697419443942,392.41552535338684,899.0452505361673
MAR03521,8.801588513869879e-14,4.015278215355756e-14,-2.6629153743778873e-15,1.3151632981946775e-14,9.121127502047166e-14,1.2884457276777888e-13,2.3399661667739606e-13
MAR03522,0.0,0.0,0.0,0.0,0.0,0.0,0.0
MAR03523,0.0,0.0,0.0,0.0,0.0,0.0,0.0
MAR03524,0.0,0.0,0.0,0.0,0.0,0.0,0.0
MAR03525,0.0,0.0,0.0,0.0,0.0,0.0,0.0
MAR03527,0.0,0.0,0.0,0.0,0.0,0.0,0.0
MAR03528,0.0,0.0,0.0,0.0,0.0,0.0,0.0
MAR03529,0.0,0.0,0.0,0.0,0.0,0.0,0.0
MAR03530,0.0,0.0,0.0,0.0,0.0,0.0,0.0
MAR03531,0.0,0.0,0.0,0.0,0.0,0.0,0.0
MAR03532,0.0,0.0,0.0,0.0,0.0,0.0,0.0
MAR03533,0.0,0.0,0.0,0.0,0.0,0.0,0.0
MAR03534,0.0,0.0,0.0,0.0,0.0,0.0,0.0
MAR03540,1.9015783508489097e-15,3.814970875192797e-15,-1.835332028182621e-15,-1.6261077574637054e-15,1.1307902870359517e-15,1.348349054509636e-14,1.3981165365393145e-14
MAR03545,0.0,0.0,0.0,0.0,0.0,0.0,0.0
MAR03547,8.448050571469202e-16,1.2341071795740192e-15,-1.9445104926292454e-15,-5.390527297397177e-16,7.626291080312851e-16,4.236276343109125e-15,4.782745778525643e-15
MAR03551,-9.540392975906894e-16,1.7477229039060933e-15,-5.206408711411176e-15,-3.3967121398972547e-15,-6.589539721483154e-16,1.937479685504007e-15,2.5796035797405493e-15
MAR03552,6.497989645433685e-15,9.368846963666305e-15,-6.7753648245795936e-15,-4.617805405248824e-15,3.626679151782971e-15,2.9212395318549115e-14,3.041341239095171e-14
MAR03554,9.479058854000468e-16,1.4483058501342054e-15,-2.368945197845639e-15,-8.95172180336915e-16,7.303210458205534e-16,4.7654231532676964e-15,5.320738425160381e-15
MAR03574,-4.1902235101983074e-17,1.2885923111404404e-16,-3.851712876320819e-16,-3.006060709334114e-16,-7.117880310813642e-18,1.3218820950261125e-16,1.5442846482554347e-16
MAR03575,-9.216242669562368e-16,1.5268324954962134e-15,-4.677637092511441e-15,-4.2925247337786506e-15,-3.0325406928577924e-16,1.1915206274492815e-15,2.1297102995063245e-15
MAR03576,4.096536769887638e-16,6.632273738279327e-16,-1.1760539374238415e-15,-3.062573627274899e-16,3.709336204886794e-16,2.181673640052934e-15,2.5068162494923213e-15
MAR03577,6.040494670756092e-16,6.826699059087614e-16,-7.617974024730113e-16,-2.374628204085555e-16,5.85105772664183e-16,2.291311731151049e-15,2.5776272166842198e-15
MAR03578,2.863791908339584e-16,3.2319516463961963e-16,-2.8260981508193854e-16,-1.0782626622296861e-16,2.4708812592593276e-16,1.1616887375900985e-15,1.309228819736159e-15
MAR03581,1.4035106930159703e-15,1.86618173591565e-15,-3.0687242928199733e-15,-7.750782193051946e-16,1.5730947745915081e-15,5.451714820466502e-15,6.187681000195644e-15
MAR03586,-5.582146632407237e-15,8.241331392601482e-15,-2.7254304574979246e-14,-2.670907986829103e-14,-2.481386894989223e-15,3.451837696318192e-15,4.121782926295577e-15
MAR03587,1.2079698129661306e-16,1.5533905763618108e-16,-1.664116662403998e-16,-5.891885260775653e-17,9.260357129425398e-17,5.651534157709828e-16,6.379138639787052e-16
MAR03588,-2.062465255191976e-16,5.90227829988963e-16,-1.9466302898943027e-15,-1.7249488144014007e-15,-5.951702729527038e-17,4.707379904797944e-16,5.389246543485844e-16
MAR03589,4.565664885876685e-15,6.134424607300635e-15,-8.903959065055985e-15,-2.591091441290626e-15,3.979172203382781e-15,2.1027315021107637e-14,2.372615209547973e-14
MAR03590,-1.4080247986989392e-17,4.0259496680213687e-17,-1.3318331134433728e-16,-1.1872527534570897e-16,-4.202911879248663e-18,3.165045363831876e-17,3.605397802734362e-17
MAR03593,1.654805141398529e-16,2.2872319903311036e-16,-3.5559864708242096e-16,-1.452281995854428e-16,1.5674665543525925e-16,7.226427354570979e-16,8.247346483986606e-16
MAR03604,0.0,0.0,0.0,0.0,0.0,0.0,0.0
MAR03605,0.0,0.0,0.0,0.0,0.0,0.0,0.0
MAR03625,1.1397967127520903,1.3076002271947942,6.562565845268956e-05,0.0035918321651281443,0.5047071075750387,4.220033632686935,4.313737930770045
MAR03626,1.2884237151238176,1.8053834646712663,6.562565845270227e-05,0.00030104007741309626,0.7774263264988754,4.507357141911874,7.889365993265655
MAR03627,1.1867532994646326,1.2149840666870733,6.56256584526814e-05,0.025384858447699325,0.7011652570175113,3.259390163247928,4.166464173605762
MAR03628,0.6736857429424551,0.8629546795928558,4.170066647864533e-05,9.11676415920815e-05,0.2874778817629493,2.98756595763359,3.7342521550099184
MAR03629,0.708013118812157,1.1253138572613754,4.1700666478678016e-05,7.093222071394397e-05,0.28071183648674214,3.4817180296561734,7.341975409263465
MAR03630,0.8483191993321905,0.9642000014460899,6.562565845267485e-05,0.0002613720646622594,0.5197047262768705,2.2132403451878977,5.986162493155761
MAR03631,0.7319945123285556,0.9629210634492482,2.953593746296005e-06,4.175881032667031e-05,0.3652388823411639,2.9116439290100042,3.0407975934176235
MAR03633,0.916710706179625,1.3991179682520456,0.0001207703307310276,0.002226792246598335,0.3666461546583174,5.0544952132105605,5.605478499232514
MAR03635,0.6560057142739518,0.7894526157924922,3.958107484790847e-05,6.564732995603803e-05,0.4856554224390258,2.2889617106488127,4.5140375698799655
MAR03636,1.024976169556918,0.9046993029997431,3.557393234038822e-05,6.564909723952387e-05,0.8159053717634988,2.6134019644651887,4.042422996024513
MAR03637,0.5648877923808053,0.6647279034820054,0.00024079572492978073,0.0008285515074987647,0.29108015102551077,1.9365850598061851,3.1989560820547425
MAR03639,0.29287060619059424,0.2817506608125523,2.758302769829922e-05,9.785220626116591e-05,0.20167194135794822,0.8420967865662332,2.096018852774072
MAR03640,0.21360967254149887,0.27249096951688834,6.23421044724632e-05,0.00246860129884548,0.1330386925916368,0.6664878060364012,1.4058032199450614
MAR03642,0.7462739511975913,0.5460053205298396,4.181267201662777e-05,0.0010710159189531293,0.5882043888337846,1.7125559253470555,2.10724880305795
MAR03644,0.4898809207013751,0.6055816629360582,0.0001347744226099421,0.000907256685250878,0.24459156802623516,1.550146516341472,3.675685413335364
MAR03645,1.3428193084890456,1.5329522650249332,6.562641938167142e-05,0.03121170291625107,0.5439440199355767,4.491658694252093,7.268194338315785
MAR03646,0.8227265824160428,0.8440474360101332,2.3559967575790214e-05,6.562875486956662e-05,0.542289719556662,2.7617433027644958,3.4004778915447296
MAR03647,0.8813576801977401,0.7554231894706634,5.771716095098712e-05,0.010987015618921687,0.7457211631058319,2.3842434082309176,3.4918801974692304
MAR03648,0.9264943820818783,0.9958003594344322,7.708474283306444e-06,4.525615124490346e-05,0.48240433138896976,3.2910740629054245,3.947029467667102
MAR03649,0.8473746470600488,0.984255994996517,5.3839186840498074e-05,0.019183477277228855,0.4166261848895533,2.599348492949089,7.145182938569219
MAR03650,0.9068129156150831,0.9469274809884317,4.170066647866251e-05,8.127664167188911e-05,0.45045179898289356,2.828813666593471,2.8791812753395134
MAR03651,0.4490766156760921,0.4070209617582996,7.826764219881418e-08,0.0028421843254832924,0.3197822340147818,1.097561120579718,3.1310323132983995
MAR03652,0.7326338275295972,0.8468121577740848,2.3559967575586594e-05,5.7042727587874864e-05,0.38162881215726946,2.759144525262551,3.112973739924618
MAR03654,0.8249721570209778,1.076627916680661,3.3090534546883594e-05,0.0002555231002021337,0.33178531917762943,3.4046578913047134,3.786357693080037
MAR03655,1.285746446035589,1.5814911909238163,5.771716095098837e-05,0.014737425155503364,0.35292894591919527,3.94404838657651,5.325044880344767
MAR03656,0.340558720660028,0.5193189650782118,0.00037359791515049394,0.0037077786683645943,0.2574920011287756,1.245211541037954,3.451614443824973
MAR03657,0.8902986666591309,1.2901935861075788,4.170066647864362e-05,0.00010903488404309772,0.37195172059966186,3.5258940179198004,8.327183687457486
MAR03658,0.7662037399742878,0.8778587326027252,4.61370212018743e-05,0.0029869540892098582,0.37048335232214014,2.527690014472333,3.796214811372026
MAR03659,1.7282284964326768,1.7728854769006475,4.170066647866753e-05,0.00019139584225033842,1.3934369357696108,6.562239268191861,7.904004166216413
MAR03660,0.9729189663494885,0.9582619670506887,0.0002330872046535086,0.014919175688959967,0.8452925691020505,3.177224710324794,4.645835885924514
MAR03663,1.0585729204610752,1.3431828343264378,4.170066647914582e-05,8.671822186349404e-05,0.741371365059678,4.576480731627897,5.1817320239574105
MAR03665,0.659428522274618,0.9412657015714073,2.1747437880396202e-05,0.0012299578405734644,0.25997007188140786,3.146013877075622,3.5885826859773635
MAR03666,0.8555452488202682,0.9812899809953678,4.170066647866232e-05,0.00010182103016435951,0.5687876363881661,2.925123655066879,4.052811107942584
MAR03667,0.45589661637377615,0.5055401877381221,3.961156318318022e-05,0.00027570785939219687,0.3315408658161192,1.1063821496624535,2.685830809451149
MAR03668,0.6996298652628575,1.1838639201430017,3.561978959606515e-05,7.144686652016845e-05,0.31188237125123375,5.10728382208665,5.532292102891135
MAR03669,0.8504560405266115,0.7940214250852412,4.6137021201852464e-05,0.026580722033014113,0.6593107627237433,3.0305070139313264,3.0712818471049315
MAR03670,0.6192672507895768,0.7059627947477086,1.478601609396305e-06,0.0008430390662414259,0.3402927811188169,2.1476136355931748,2.4612965469632777
MAR03677,1.0534244714723868,1.3691462033106971,0.0003331725163941678,0.02942517732009696,0.3915082766808339,4.516914297288788,4.997513583787066
MAR03678,0.7145316713331846,0.7282949645212832,1.4078703399713941e-05,5.1599339542532225e-05,0.5264276820005171,1.8460067065417665,3.256528664749165
MAR03679,1.6973368730099339,1.9700869238120455,6.562565845269923e-05,0.005512012513435026,0.7794609384151261,7.011161775492445,7.079743242192815
MAR03680,0.47488502206016764,0.4660224766208483,3.578598049528614e-05,6.464471187370018e-05,0.36254689773697113,1.4077877851828917,2.72692855300565
MAR03681,0.8275706329664384,0.7704222935724684,4.61370212018449e-05,0.0010313107389398246,0.5466836644156314,2.037371480062932,3.7035999180818497
MAR03682,0.9355843341543368,1.0230102421124623,6.798355257543638e-05,0.006725953009323521,0.41974874816137525,2.952733034251233,3.7915214935514143
MAR03684,1.1397967127520905,1.3076002271947942,6.562565845268532e-05,0.00359183216512814,0.5047071075750389,4.220033632686935,4.313737930770045
MAR03685,1.2884237151238174,1.8053834646712659,6.562565845270227e-05,0.00030104007741309615,0.777426326498875,4.507357141911874,7.8893659932656535
MAR03686,1.1867532994646326,1.2149840666870735,6.56256584526814e-05,0.025384858447699325,0.7011652570175113,3.2593901632479274,4.166464173605762
MAR03687,0.673685742942451,0.8629546795928538,4.170066647867356e-05,9.116764159198924e-05,0.2874778817629515,2.9875659576335925,3.7342521550099064
MAR03688,0.7080131188121566,1.1253138572613754,4.170066647868019e-05,7.093222071396657e-05,0.2807118364867416,3.4817180296561725,7.341975409263466
MAR03689,0.8483191993321902,0.9642000014460899,6.562565845267485e-05,0.0002613720646622594,0.5197047262768705,2.2132403451878973,5.98616249315576
MAR03690,0.7319945123285556,0.9629210634492482,2.953593746298258e-06,4.175881032667347e-05,0.36523888234116386,2.9116439290100042,3.0407975934176235
MAR03692,0.9167107061796252,1.3991179682520456,0.00012077033073190884,0.0022267922465992233,0.36664615465831785,5.0544952132105605,5.605478499232514
MAR03693,0.0,0.0,0.0,0.0,0.0,0.0,0.0
MAR03694,0.6560057142739517,0.7894526157924919,3.958107484790316e-05,6.564732995604151e-05,0.48565542243902604,2.2889617106488123,4.514037569879965
MAR03695,1.0249761695569184,0.9046993029997432,3.557393234039606e-05,6.564909723952104e-05,0.8159053717635019,2.6134019644651887,4.0424229960245155
MAR03696,0.5648877923808056,0.6647279034820055,0.00024079572492976712,0.0008285515074987586,0.29108015102551077,1.9365850598061856,3.198956082054743
MAR03697,0.0,0.0,0.0,0.0,0.0,0.0,0.0
MAR03698,0.29287060619059413,0.2817506608125523,2.7583027698305536e-05,9.785220626115933e-05,0.20167194135794778,0.8420967865662332,2.0960188527740726
MAR03699,0.21360967254149896,0.2724909695168883,6.234210447246916e-05,0.0024686012988454856,0.13303869259163692,0.6664878060364012,1.4058032199450614
MAR03701,0.7462739511975914,0.5460053205298396,4.181267201662777e-05,0.0010710159189531293,0.5882043888337846,1.7125559253470555,2.10724880305795
MAR03703,0.48988092070137534,0.6055816629360582,0.0001347744226103862,0.0009072566852508747,0.244591568026235,1.5501465163414723,3.675685413335364
MAR03704,1.3428193084890454,1.5329522650249334,6.562641938167142e-05,0.031211702916251065,0.5439440199355765,4.491658694252093,7.268194338315785
MAR03705,0.8227265824160429,0.8440474360101333,2.3559967575748024e-05,6.562875486951557e-05,0.542289719556662,2.7617433027644958,3.40047789154473
MAR03706,0.8813576801977402,0.7554231894706634,5.771716095098712e-05,0.010987015618921686,0.745721163105832,2.3842434082309176,3.4918801974692304
MAR03707,0.9264943820818783,0.9958003594344322,7.708474283306444e-06,4.525615124490346e-05,0.48240433138896976,3.2910740629054245,3.947029467667102
MAR03708,0.8473746470600491,0.9842559949965172,5.3839186840498074e-05,0.01918347727722885,0.4166261848895533,2.5993484929490918,7.145182938569218
MAR03709,0.9068129156150831,0.9469274809884317,4.170066647865847e-05,8.127664167188911e-05,0.45045179898289356,2.828813666593471,2.8791812753395134
MAR03710,0.4490766156760922,0.40702096175829966,7.826764219881418e-08,0.002842184325483286,0.31978223401478206,1.0975611205797184,3.1310323132983995
MAR03711,0.7326338275295966,0.8468121577740845,2.3559967575586594e-05,5.7042727587888315e-05,0.3816288121572693,2.7591445252625504,3.1129737399246165
MAR03713,0.8249721570209776,1.0766279166806607,3.3090534546883486e-05,0.0002555231002021335,0.33178531917762943,3.4046578913047125,3.7863576930800362
MAR03714,1.2857464460355887,1.5814911909238158,5.7717160950991836e-05,0.014737425155503414,0.35292894591919527,3.944048386576509,5.325044880344766
MAR03715,0.340558720660028,0.5193189650782118,0.00037359791515060843,0.0037077786683645943,0.2574920011287756,1.2452115410379543,3.4516144438249725
MAR03716,0.8902986666591307,1.2901935861075788,4.170066647864362e-05,0.00010903488404310746,0.37195172059966086,3.5258940179198,8.327183687457486
MAR03717,0.7662037399742883,0.8778587326027252,4.61370212018684e-05,0.0029869540892106354,0.37048335232214324,2.527690014472333,3.796214811372026
MAR03718,1.7282284964326764,1.7728854769006477,4.170066647867444e-05,0.00019139584225034176,1.3934369357696104,6.562239268191863,7.904004166216413
MAR03719,0.9729189663494884,0.9582619670506884,0.0002330872046535086,0.014919175688959523,0.8452925691020505,3.177224710324793,4.645835885924514
MAR03722,1.0585729204610763,1.3431828343264387,4.1700666479137745e-05,8.671822186357958e-05,0.741371365059678,4.576480731627905,5.18173202395741
MAR03724,0.6594285222746178,0.9412657015714072,2.1747437880412926e-05,0.0012299578405735477,0.2599700718814079,3.146013877075621,3.5885826859773626
MAR03725,0.8555452488202689,0.9812899809953687,4.170066647866429e-05,0.00010182103016439315,0.5687876363881672,2.9251236550668818,4.052811107942586
MAR03726,0.45589661637377626,0.5055401877381223,3.961156318313902e-05,0.00027570785939220105,0.3315408658161191,1.1063821496624535,2.6858308094511494
MAR03727,0.6996298652628566,1.1838639201430015,3.561978959607494e-05,7.144686652020258e-05,0.3118823712512352,5.107283822086649,5.532292102891135
MAR03728,0.8504560405266116,0.7940214250852413,4.613702120185063e-05,0.02658072203301414,0.6593107627237433,3.030507013931327,3.071281847104932
MAR03729,0.6192672507895781,0.7059627947477085,1.4786016094083787e-06,0.0008430390662413781,0.34029278111882033,2.1476136355931748,2.461296546963278
MAR03736,1.0534244714723873,1.3691462033106976,0.0003331725163941495,0.029425177320096967,0.39150827668083377,4.516914297288789,4.997513583787067
MAR03737,0.7145316713331838,0.7282949645212831,1.4078703399675423e-05,5.1599339542483924e-05,0.5264276820005176,1.8460067065417647,3.2565286647491636
MAR03738,1.6973368730099332,1.9700869238120455,6.562565845270581e-05,0.005512012513433975,0.7794609384151259,7.011161775492445,7.079743242192815
MAR03739,0.47488502206016603,0.46602247662084734,3.578598049514341e-05,6.464471187367175e-05,0.3625468977369712,1.4077877851828895,2.7269285530056475
MAR03740,0.8275706329664387,0.7704222935724685,4.61370212018449e-05,0.0010313107389397622,0.5466836644156314,2.037371480062932,3.703599918081851
MAR03741,0.9355843341543368,1.023010242112462,6.798355257543416e-05,0.006725953009323734,0.4197487481613747,2.9527330342512323,3.7915214935514143
MAR03750,-2.6770344335072037e-14,5.5101635448155536e-14,-1.4461776798685502e-13,-1.322617521650078e-13,-1.5199314581167714e-14,6.611042165881476e-14,8.912975321105091e-14
MAR03752,2.717286911101783e-14,5.436576248772764e-14,-8.150753856711534e-14,-6.512008043446677e-14,1.5258478115241912e-14,1.3279589012009214e-13,1.4550999764793059e-13
MAR03753,-2.7561832582066714e-14,5.544264608624217e-14,-1.4388706500510174e-13,-1.3294363600304764e-13,-1.547810665613158e-14,6.552862639732039e-14,8.782908664837098e-14
MAR03755,-2.604038878178834e-14,5.541400905095718e-14,-1.4532596569637875e-13,-1.3485393337053707e-13,-1.3307735698324917e-14,6.654613283015226e-14,8.84818395550499e-14
MAR03756,-639.2446262476946,149.99643139697594,-988.8701049613949,-938.7566627201417,-594.4241379026075,-464.46347219055696,-424.26233498992826
MAR03757,-2.597304359174943e-14,5.533550935127155e-14,-1.4500322280220722e-13,-1.3700641119608427e-13,-1.262790624458422e-14,6.685437343989453e-14,8.798694536494544e-14
MAR03759,7.354908781611269,7.053320025876143,0.00043012142467668574,0.08264678398571958,5.3195318679214685,22.28393251048734,31.909186764468327
MAR03761,14.439183454368589,14.792158395364249,0.0017478790093558016,0.8673957640641079,11.039232229229727,49.90220367514028,65.91531012550071
MAR03762,-41.664275183153926,23.059555811023166,-90.86376783811306,-75.80370771700902,-44.10371816838479,-4.824939578551865,-0.009756115144770903
MAR03763,848.4199898508724,68.97243682884331,722.2486887738977,743.6189243071958,841.8801679101196,959.6051378912613,979.8281352329088
MAR03764,-639.2446262476924,149.99643139697733,-988.8701049613948,-938.7566627201423,-594.4241379026047,-464.4634721905481,-424.2623349899212
MAR03768,23.161542882223657,17.68744897869019,0.004348690444182025,0.8292020380116982,20.46745923454951,58.91528295869361,87.37300334936603
MAR03770,0.0,0.0,0.0,0.0,0.0,0.0,0.0
MAR03771,0.0,0.0,0.0,0.0,0.0,0.0,0.0
MAR03774,30.044729743469382,26.822121392737795,0.005653128247015559,0.27063113270647615,24.35923665888931,86.16554784008838,131.88210083543356
MAR03782,0.0,0.0,0.0,0.0,0.0,0.0,0.0
MAR03784,0.0,0.0,0.0,0.0,0.0,0.0,0.0
MAR03785,0.0,0.0,0.0,0.0,0.0,0.0,0.0
MAR03789,841.0650810692608,72.15131634375126,705.3561984304138,732.7455445015952,836.4204135356185,957.203952166683,979.1303117229527
MAR03790,28.229810793806696,16.72099767579955,0.0023646379428430477,1.7217427563373577,27.516786445875486,53.37914036187635,67.38464443819262
MAR03792,-350.7674895536492,269.98955343098726,-989.8652475097235,-898.804837390048,-286.62382238437766,-14.057319386105688,65.43463000375027
MAR03793,84.57098792530672,275.98010356171096,-219.46114072017306,-168.69907169277963,-4.062100944179816,832.622259446879,953.6233063121502
MAR03795,127.3127736809037,123.45349316492324,0.35832487737438035,13.063711270224465,94.20626722357815,404.9215155141838,596.6183626528326
MAR03796,-3.245501516345993,3.1839955801475694,-17.87646679976302,-9.695430282537725,-1.8284975919420552,-0.04265150431428161,-0.0003129699420759586
MAR03799,3.245501516345977,3.183995580147531,0.0003129699420760964,0.042651504314276445,1.828497591942072,9.695430282537775,17.876466799763023
MAR03801,-1.4981582076255612e-15,2.1046603236552676e-15,-7.132382873035228e-15,-6.071223283386024e-15,-4.245922063656664e-16,4.576036911847081e-16,6.789978564590908e-16
MAR03802,-575.7409588483786,159.42226379382143,-989.1042602082589,-948.4698897268353,-537.8991850613985,-392.0597820425679,-334.59388311732846
MAR03804,348.4416974680625,201.25133737410118,63.33605218467358,91.2080613668457,316.1662669043097,888.2278755964461,951.0357408151997
MAR03805,1.4981582076255594e-15,2.1046603236552644e-15,-6.789978564590903e-16,-4.576036911847075e-16,4.245922063656652e-16,6.0712232833860185e-15,7.132382873035204e-15
MAR03806,0.0,0.0,0.0,0.0,0.0,0.0,0.0
MAR03807,0.0,0.0,0.0,0.0,0.0,0.0,0.0
MAR03809,0.0,0.0,0.0,0.0,0.0,0.0,0.0
MAR03811,0.0,0.0,0.0,0.0,0.0,0.0,0.0
MAR03815,58.59093989210101,299.56457679225514,-831.3850262495943,-726.995580869783,150.62102099511253,302.69377543529015,426.870764284076
MAR03816,348.60747581238445,137.36810957924874,35.33868312086982,62.20740343538343,352.48377965240354,492.777419169606,893.8551416663594
MAR03817,311.614598245491,92.07695093045969,57.778986441061136,89.40617934525265,323.1620263175056,426.13076263968907,593.1920173909563
MAR03827,1.0745488229418428e-14,7.699199043628682e-15,-3.537457452560983e-15,3.876600636778896e-16,1.0675264221432116e-14,2.377510187879964e-14,2.8253645337979787e-14
MAR03829,-178.01305315689737,97.8017695155386,-423.55423134918465,-329.4633681045176,-192.77758161618556,-23.85755922310768,-8.145159730204
MAR03839,844.965487513078,91.92594695962396,616.6793523885723,695.7737065736846,847.449682689501,985.8567677947188,996.2282102151562
MAR03841,844.9654875130773,91.92594695962404,616.6793523885716,695.7737065736843,847.4496826895004,985.8567677947187,996.2282102151561
MAR03845,-274.0608251998554,208.25153039043218,-943.5908418355702,-852.9745605571361,-211.35410753472974,-59.78481559048555,-4.616447923970213
MAR03846,4.047958107983501e-15,8.516320045112558e-15,-1.1268812450920615e-14,-7.156483722342888e-15,1.1007549232766374e-15,1.9257670359635727e-14,2.926918953439375e-14
MAR03849,-3.8201147173548925e-14,7.207402752972095e-14,-1.9232242997634814e-13,-1.707829283206066e-13,-1.2473609652514741e-14,3.4460389077232946e-14,1.603249560846722e-13
MAR03850,-1.1630568327593694e-13,1.8825178878517503e-13,-5.174524972532173e-13,-4.883312729932219e-13,-2.7991079449390654e-14,1.7334555947752087e-13,1.8311527631026288e-13
MAR03859,120.76135152232315,56.84961821132897,9.019307308364091,37.33818546333407,116.93728117070441,226.93529436269608,254.6751921989911
MAR03863,0.0,0.0,0.0,0.0,0.0,0.0,0.0
MAR03865,0.0,0.0,0.0,0.0,0.0,0.0,0.0
MAR03866,0.0,0.0,0.0,0.0,0.0,0.0,0.0
MAR03867,6.878984821983435e-14,1.2527790760356614e-13,-1.6130617781206586e-13,-1.2770547580724957e-13,3.2640903455882384e-14,3.1479218043583275e-13,4.336148312853527e-13
MAR03873,0.0,0.0,0.0,0.0,0.0,0.0,0.0
MAR03874,-9.721506900030822e-16,1.0019869639855812e-15,-7.397063158027053e-15,-2.5483915650614764e-15,-6.956736243875239e-16,-1.0708608273232832e-20,-2.9076736693241744e-23
MAR03875,1.8191586614884958,1.8580130250709608,0.0003643007226325066,0.0431014815477453,1.287852261497271,5.8743229824394625,9.430700075665875
MAR03885,59.141215931180355,126.17470835063313,0.07962364938705387,2.462435099942564,12.673499721462619,454.7225230144699,515.518800195704
MAR03886,-3.151101319353909e-31,4.672713972349547e-30,-1.4767235664876025e-29,-1.3860704514388006e-29,6.431363069669138e-31,4.4760718615618745e-30,4.837628179366936e-30
MAR03890,15.161136285288595,12.367992481972585,0.04710774961116945,0.3058805648773424,12.50805085708347,37.84079192720204,62.07570262668258
MAR03898,0.0,0.0,0.0,0.0,0.0,0.0,0.0
MAR03899,86.94973922641634,139.26738315527962,-90.7409353242424,-47.94018625586905,61.58890140851803,233.1346396846741,838.0098322888765
MAR03905,105.9808975630312,75.74261280422877,2.596815971489662,11.734135708912008,97.37242557539093,261.5046570885345,343.4269222580499
MAR03908,0.0,0.0,0.0,0.0,0.0,0.0,0.0
MAR03912,0.0,0.0,0.0,0.0,0.0,0.0,0.0
MAR03920,80.08568189177467,44.40826198320552,2.0523448830796704,19.097624609999873,77.87856825517352,158.4710251353223,218.975282441869
MAR03925,-16.641499736961645,34.85507166638412,-98.51875979137628,-79.55383143009522,-4.768136026207756,30.043635744580126,61.57398941892711
MAR03929,-324.2123700029142,204.7475810606834,-957.286912708324,-880.8567113439718,-271.2953156257895,-77.9127162435929,-19.54227475526929
MAR03931,0.9175683408761757,0.024001679699308033,0.905435726795231,0.9055997252374095,0.907404720197629,0.9917450737483542,0.9999909919328213
MAR03935,340.97084493316294,202.9891927180754,33.968835481136466,89.55138940466193,299.76282473699166,898.0296320635746,952.2298276254492
MAR03937,195.41776808394184,83.60116002743936,9.885455806455303,20.749403601618816,218.73546857773326,296.37314266398243,316.91255418222454
MAR03944,0.4844750819658629,0.012672860670553841,0.4780690749803611,0.47815566597875236,0.4791087013466254,0.5236403159187665,0.5279941517153242
MAR03946,-28.871097169217872,25.41578451567536,-87.51773101285237,-69.15352771571416,-29.135487543763254,12.405052842440856,30.647998907819826
MAR03949,569.2891153583773,191.33749899513478,96.84546662317688,150.58340204788303,566.6274925309365,938.1446076524674,992.9165099947851
MAR03951,235.40570108172113,145.61135151449562,37.673198629764215,54.565017550452566,209.98227985401428,423.8280145739744,898.0363384159411
MAR03952,0.0,0.0,0.0,0.0,0.0,0.0,0.0
MAR03953,0.0,0.0,0.0,0.0,0.0,0.0,0.0
MAR03955,12.437505926456986,109.41213307632677,-272.1750915960195,-162.16548201438155,12.191273356464919,174.3462917097309,290.2995588183052
MAR03956,494.94759791313805,245.184899882403,-499.21911720366154,213.2919782947302,478.3753973628919,955.2965634849334,994.8845448323012
MAR03958,180.3180613801382,317.84607641322964,-885.5213686053894,-66.16059383753444,73.02952973558669,793.0519835872645,860.9556092321618
MAR03959,-965.8056797311076,24.50396612390284,-999.9823032875561,-999.4058456537422,-969.5040879981154,-920.4661637327534,-901.019000291469
MAR03960,135.92145046494423,65.00306513754691,4.898792688740515,24.266636168069518,137.1402307901156,250.03947143295875,275.2790990191419
MAR03967,273.44154136764325,170.3236948814858,4.482814963223518,71.96715751965114,237.26879729512038,568.2400515406484,908.314824824682
MAR03968,29.205870331177074,18.53040412644118,4.542175009110433,7.447077329517263,25.506190266590856,66.58825348211852,90.94345322538568
MAR03977,278.98314072817254,56.665329865980645,128.26055238498313,144.75129745491128,294.34507914362166,332.81221715133387,440.1363426219393
MAR03980,786.5161687569355,95.83621807886297,597.3821762478652,641.3163035077679,780.873912540669,952.1282258739781,972.5408096583825
MAR03982,94.96851952384193,51.12201374469646,8.953614826977567,23.78197184420025,85.77447335145918,237.19891130631177,250.60178252388556
MAR03984,237.28368841323538,86.45493871662647,41.27648026330891,69.10191045998029,236.00516427083184,328.0284265506152,599.0887469738915
MAR03991,68.37853739214927,49.20231941913697,0.0433823500219121,6.371551368786537,56.716973579259786,205.697035910855,218.01231484959823
MAR03992,7.211763111823024,4.9964127145673825,0.0007192559822159677,0.05843570048530895,6.94581849039304,16.115685924228938,25.804364749097402
MAR03996,0.0,0.0,0.0,0.0,0.0,0.0,0.0
MAR03997,1.7324128806840207e-14,3.8170444562148376e-14,-5.25551188972203e-14,-4.3906878948145843e-14,1.9329334068133296e-14,1.0281510785270846e-13,1.1298117143040166e-13
MAR03998,0.8757501285946067,1.033639493426392,4.9781953705669405e-08,7.976837670164178e-06,0.34264154068362396,2.732308134882374,3.49329481646325
MAR04002,-198.99944301637046,156.35911638231477,-640.4250423934786,-607.5547317919478,-155.09920867734502,-5.284524176214707,-0.7310733813860679
MAR04003,2.2335954759587756e-14,2.9832622179554914e-14,-1.5445744111726275e-14,-5.639985853114736e-15,1.3185552313946831e-14,1.0378459181034453e-13,1.1379467191946483e-13
MAR04004,300.1577604368488,253.38546158548561,-3.0440465229660276,56.28447633818506,200.22571506114497,907.5739501522188,992.1689393765992
MAR04008,216.18385505519257,225.40120133038323,3.8620837500320375,17.571246012411358,131.7058889945967,813.8062564914853,881.05280142032
MAR04020,511.93239768107327,87.91622218007728,362.6734733030286,374.33723776990945,502.506505310276,618.5925597405305,887.8648810785039
MAR04024,590.8699033275564,143.1620155510194,384.47533197847713,422.61216182659524,562.3674041686196,898.2453642287857,940.7457572525094
MAR04026,-4.642161258261166,0.12142928506764061,-5.059153890300792,-5.0174361454425656,-4.5907414739729315,-4.5816096444379095,-4.5807799436070065
MAR04030,-4.6421612582611775,0.12142928506763524,-5.059153890300792,-5.017436145442565,-4.590741473972949,-4.581609644437913,-4.5807799436069985
MAR04059,3.7242150866661654e-14,1.153822396585731e-13,-1.7762879448870811e-13,-1.7196262442999865e-13,9.432252899643656e-14,1.9401707066022473e-13,2.041006935527665e-13
MAR04060,0.0,0.0,0.0,0.0,0.0,0.0,0.0
MAR04062,-627.5584200520941,403.32168550096816,-973.5896944523668,-918.7193948479949,-786.8334188367096,581.4029303454444,728.9938343980239
MAR04063,-0.004714033184494474,0.00012330930519901967,-0.005137481874827126,-0.005095118237998713,-0.004661817297111685,-0.004652544084685651,-0.00465170153807184
MAR04071,627.5584200520941,403.3216855009683,-728.9938343980239,-581.4029303454447,786.8334188367099,918.7193948479941,973.5896944523666
MAR04079,0.0,0.0,0.0,0.0,0.0,0.0,0.0
MAR04080,243.4493121918669,130.40962128544137,25.355268256311344,69.32843107126794,218.29615284228703,593.598481229551,627.8471168513555
MAR04094,-261.1761787357994,225.91418640039012,-874.9287377747263,-832.8632966323798,-207.1148016919602,-12.377279313637263,19.833596070853673
MAR04100,0.0,0.0,0.0,0.0,0.0,0.0,0.0
MAR04101,57.16838596814475,71.76677707949189,0.052483280169648996,2.1859529892724274,34.32801388495879,267.3196471020742,285.9684676789447
MAR04103,206.8927081565062,104.50780784320439,26.38315408311407,64.35662920847955,190.82007005835388,399.8353810287546,432.2120061892991
MAR04109,-84.57098792530637,275.9801035617103,-953.6233063121495,-832.6222594468805,4.062100944179264,168.6990716927786,219.46114072017986
MAR04116,16.522080591459154,12.148527421526493,0.0007269238479619725,0.16215078015752515,14.742415581030475,37.65250011917347,47.46718072228086
MAR04120,0.0,0.0,0.0,0.0,0.0,0.0,0.0
MAR04121,-1.923733939806961e-15,4.379611356233657e-15,-1.4605203609313263e-14,-9.754357753638494e-15,-4.696286831089738e-16,3.64085694589935e-15,5.865921442167506e-15
MAR04134,0.0,0.0,0.0,0.0,0.0,0.0,0.0
MAR04135,-487.30373401322623,88.19663534844307,-878.4406267958922,-603.1662528744961,-472.3594752541585,-361.8468376793064,-347.75471680589106
MAR04136,0.0,0.0,0.0,0.0,0.0,0.0,0.0
MAR04139,-215.92556647125554,97.32816747603547,-410.9962662592684,-341.40171312371376,-240.74296413538417,-50.7614763156318,-29.37182160428449
MAR04141,-315.03601329474117,193.270225832769,-885.0680693870808,-810.8742266602366,-275.0018160463044,-22.736568421046073,13.281295785729299
MAR04145,677.4324204966069,120.21781506867933,477.85359307095865,516.943590851364,648.8454875554291,906.4706742356403,955.5303819271423
MAR04146,1.4663661270464175e-14,1.523055156774626e-13,-2.5586596432218866e-13,-1.9404870812423468e-13,-9.565267961637012e-16,3.0751148723448565e-13,3.85662998023301e-13
MAR04147,-778.8446495042828,135.67927344627998,-997.9621951341857,-971.5483880197638,-797.3312667371238,-434.5896721345764,-398.68591442517106
MAR04148,8.604777524850934e-32,1.517597367428055e-31,-5.355549124673404e-32,-3.156075943353337e-32,2.8192573695007476e-33,3.4729892932441633e-31,3.57730623033789e-31
MAR04152,212.79724763555595,135.26746124204107,2.0373667212334214,28.443386958381435,194.38142458901046,563.6578998535281,600.0051579137294
MAR04158,2.8628073025255563,0.07488508578054481,2.824953624883951,2.825465298965353,2.831096871593694,3.0942382304290676,3.1199654419541942
MAR04164,-56.16077348922392,34.88351046582632,-130.660562873461,-106.15057708398253,-59.91389993775164,-2.1480814531512595,-0.2968558353730941
MAR04184,48.14297133403116,41.145817764196764,0.5706413553648898,3.981053796841366,30.053659969535047,132.70379159648454,176.2452021538198
MAR04185,1.3251726377953605e-15,7.9880947403429e-15,-1.3796885734355952e-14,-1.0585997678334969e-14,-5.753401984738718e-16,1.717951443698811e-14,2.0646726835876572e-14
MAR04186,1.3251726377953605e-15,7.9880947403429e-15,-1.3796885734355949e-14,-1.058599767833497e-14,-5.753401984738706e-16,1.7179514436988115e-14,2.0646726835876575e-14
MAR04198,371.1957701783542,146.5125680910302,168.63063693987613,190.2780152048392,336.62243770921884,711.5097553002565,858.9818071358172
MAR04201,150.77262143074324,207.14476865267662,0.8823924807548035,7.42617057447481,85.61538532903796,788.6504144638222,855.9004138829075
MAR04202,227.12842391437033,105.11611008691864,7.128391891391102,24.026966621386592,245.59308596796564,373.74124674507675,456.93500822979445
MAR04204,0.004714033184494474,0.00012330930519901956,0.004651701538071841,0.004652544084685651,0.004661817297111686,0.005095118237998713,0.005137481874827126
MAR04209,128.78272383459716,63.00230486544459,18.162882279453274,29.35162470627956,134.80724138147343,234.57229905551876,260.5092572367082
MAR04213,140.17456821409488,78.25138387848176,2.4310236549842337,14.649988252660386,150.20620843207706,263.36807791658964,329.6350019328157
MAR04214,0.0,0.0,0.0,0.0,0.0,0.0,0.0
MAR04220,0.0,0.0,0.0,0.0,0.0,0.0,0.0
MAR04221,-4.689299805936606e-15,5.5686458629209e-15,-1.853152925730549e-14,-1.55995095189032e-14,-1.808274319789291e-15,1.5123409297438493e-16,2.5723878710372316e-16
MAR04222,403.2934401929885,207.94817672514287,37.996065207804236,72.81183209009865,396.7444269328632,927.6700923320973,988.5928651238592
MAR04230,-5.919418359764172e-14,8.706206291873833e-14,-1.7276176902880667e-13,-1.6456272795735968e-13,-7.822321750383184e-14,1.5880025589922684e-13,1.789282332172345e-13
MAR04234,537.3762664931195,219.0111742603272,54.75643465233158,94.7228135733657,581.3557073603447,877.456854119619,963.2203562995486
MAR04249,0.0,0.0,0.0,0.0,0.0,0.0,0.0
MAR04265,0.21471054768970452,0.005616381429638758,0.21187152188476685,0.2119098974111978,0.2123322653841741,0.2320678672729848,0.23399740813642206
MAR04269,0.033032391947938326,0.0008640586815047679,0.0325956187466091,0.03260152268215438,0.032666502356523124,0.03570274880535376,0.035999601245302805
MAR04281,0.0,0.0,0.0,0.0,0.0,0.0,0.0
MAR04282,36.52812028027949,22.376566896829882,0.39215322823948695,4.347754683348475,34.43771433224863,71.82425246037222,84.3440406252295
MAR04300,2.8628073025255554,0.07488508578054506,2.8249536248839475,2.825465298965354,2.8310968715936915,3.0942382304290676,3.1199654419541942
MAR04308,3.4852081525159733,0.15038475063341297,3.1398171136886432,3.2757268715264223,3.482421641097438,3.879572887440747,3.9179166966373997
MAR04315,-329.34599469676743,393.79425856680433,-997.4072005595073,-921.662699278471,-375.4651762181203,670.6171040153898,766.4370416703953
MAR04321,-329.34599469676743,393.79425856680433,-997.4072005595073,-921.662699278471,-375.4651762181203,670.6171040153898,766.4370416703953
MAR04328,0.0,0.0,0.0,0.0,0.0,0.0,0.0
MAR04329,136.68800462259972,78.43671604975222,11.36667924008181,26.17237561048971,125.60019198135592,314.83279553704887,354.06420073979115
MAR04330,-36.52812028027946,22.376566896829882,-84.34404062522948,-71.82425246037184,-34.43771433224842,-4.347754683348462,-0.39215322823948917
MAR04333,29.76784309363735,159.0114864883595,-874.103749310252,-98.95924574074702,46.82606288698437,170.42544961452407,255.394067233923
MAR04336,28.040918055038713,21.95520994731448,0.0026201254453330726,0.5660863580694788,25.668574120823727,65.43812467785962,85.36492995926746
MAR04338,7.0952435831538025,6.845759089884539,0.0002935731870628548,0.048182701087791,4.772764633984897,18.646055546577056,27.807881757688083
MAR04342,0.0,0.0,0.0,0.0,0.0,0.0,0.0
MAR04345,-36.528120280280305,22.376566896830074,-84.34404062522685,-71.82425246037386,-34.43771433225015,-4.3477546833493195,-0.39215322824009036
MAR04346,36.52812028027946,22.37656689682989,0.39215322823948184,4.347754683348461,34.43771433224842,71.82425246037188,84.34404062522947
MAR04347,36.528120280279474,22.376566896829885,0.39215322823948917,4.347754683348467,34.437714332248426,71.82425246037188,84.3440406252295
MAR04350,996.6538423205162,3.6274623255392684,982.4399045223723,988.8129235744515,997.9438548365183,999.9688814189087,999.9871068437221
MAR04354,996.6648531178336,3.6275555973382287,982.4507784602005,988.8237922755362,997.9548655848694,999.9808424402247,999.9991067108068
MAR04355,0.023470647296445917,0.02317029550651629,1.7481763650676997e-06,0.0006626481532424303,0.017187181239399718,0.07054661498142273,0.11567471160539848
MAR04358,805.8367463802645,118.6976363773156,520.5319188963724,544.4323074936949,836.5966948937944,958.5293048644313,976.4941431024106
MAR04363,798.1227368387356,89.25980515911745,659.5325325492443,676.7989493086027,795.1263970766579,966.9085621347524,993.3395859249487
MAR04365,-261.0177110140948,186.91617114816404,-885.6741512365254,-400.3954524751274,-308.8127871269635,170.4632557560007,226.21215197662343
MAR04367,-52.71318170109822,39.048544279883146,-185.2578738432702,-124.60006752422824,-42.44287086153203,-2.762425161475219,-0.3156950551613995
MAR04368,958.6709296506472,69.84442971076248,723.5593821320506,743.7272207580421,983.1624215995448,999.5725290084893,999.8940539103177
MAR04371,0.07707558122184192,0.002016136924860741,0.07605644374687362,0.07607021958752615,0.07622183885059779,0.08330641389616732,0.0839990695910744
MAR04373,-958.7480052318629,69.84476707615418,-999.970253960024,-999.6488678654085,-983.2388532262878,-743.803444377859,-723.6356429047678
MAR04375,-338.16675909764683,77.94151005206325,-493.563867682293,-476.3098896017351,-347.9891015809644,-242.84835878476042,-37.85388722140608
MAR04377,0.08634652432063895,0.0859837715381729,3.455413037604402e-06,0.000831001044503999,0.05809618911893118,0.26998440039615124,0.4066064720800661
MAR04381,-2.7860225228607507,0.13536812419588176,-3.155925136775509,-3.1238647042398,-2.7905155964592248,-2.584388883252743,-2.4498463742753467
MAR04384,-795.4746242788012,95.61834185393973,-997.980727862154,-971.2675827410695,-774.3778771149323,-680.915057605835,-540.0116219817371
MAR04388,877.3199138506556,64.35803969871152,699.8425460202272,761.7820721941264,880.1346971166759,972.8156533538598,994.7578006535584
MAR04391,-362.64171892847787,91.43308475656018,-512.2278114349845,-499.91697931773996,-369.60662941260125,-223.0223321404456,-36.70232626634561
MAR04392,-874.2673626496663,81.23643882754138,-998.4877055233839,-984.8046509178849,-877.8278266805889,-713.767054605267,-673.4068273410143
MAR04393,349.3826690102704,139.4045976576048,48.968963543186035,84.06780358903974,362.5440646469423,471.93770283515767,895.6330550031608
MAR04396,-0.48447508196586303,0.012672860670553817,-0.5279941517153243,-0.5236403159187666,-0.47910870134662564,-0.4781556659787523,-0.4780690749803614
MAR04398,983.2904788992658,15.454738058499384,929.8098856663039,949.6775105121425,986.2173518726241,998.2681034311951,998.4496511548255
MAR04408,-25.96084010890461,362.5222377555121,-914.4370465706519,-821.8686201401036,2.2764749016005794,724.5260254324113,821.5394867041731
MAR04409,213.83767034838704,413.5146427869788,-781.0637389954511,-697.0787906457853,261.46431479526933,929.9517108218098,995.0642596061239
MAR04410,557.368357166257,194.50562049537214,63.557026472946305,154.35275680837225,569.9383927276697,922.4276514602923,952.3648956570976
MAR04421,568.0629157723585,202.63723471177454,90.75166379996989,132.03570429822847,570.1548704650752,959.6767763917238,994.9623911772467
MAR04438,0.0,0.0,0.0,0.0,0.0,0.0,0.0
MAR04439,0.0,0.0,0.0,0.0,0.0,0.0,0.0
MAR04442,439.04027713447306,372.81433592031675,-746.5350606193188,-634.2434300262224,490.1563369899115,932.9577721000928,993.5518841348448
MAR04444,0.0,0.0,0.0,0.0,0.0,0.0,0.0
MAR04451,24.623158269186845,18.53017368906174,0.0030277129334089214,2.909551866620694,20.966673725951374,62.06353201170872,86.41557384400167
MAR04454,755.3994835318754,109.30053611353736,562.5122698364029,615.5086174698899,730.8111187775302,959.8215624624962,996.9691614247434
MAR04458,-245.1946519858843,127.6167724078161,-498.01361478565195,-447.4017493660854,-259.6069043696716,-37.67279238931234,-2.4739238626602855
MAR04460,3.2455015163459704,3.1839955801475233,0.0003129699420759796,0.042651504314276154,1.8284975919420448,9.695430282537714,17.87646679976301
MAR04465,39.12673397536841,124.9846646540111,0.0014091916374177978,0.863002332148917,19.805476461445537,48.50324423333784,831.5463252261919
MAR04467,3.818176604048062e-14,7.099824317726749e-14,-4.6824657421925073e-14,-1.7923409628990025e-14,5.0720859066814995e-15,1.8958713154905632e-13,2.0042910437648668e-13
MAR04468,3.8272221571624145e-14,6.913539897880632e-14,-4.8444319059307016e-14,-1.7833134997450006e-14,4.938794632757233e-15,1.8461687675836044e-13,1.9548288150788553e-13
MAR04469,-3.879805453692522e-14,7.045867490243399e-14,-2.0029965899428118e-13,-1.8944084614488276e-13,-5.7724511378968155e-15,1.8175250488769096e-14,4.835769651715471e-14
MAR04480,0.005505398658703467,0.00014400978034713165,0.005432603124775705,0.005433587113397053,0.0054444170607567425,0.005950458135439966,0.005999933542219611
MAR04484,28.293807388959692,18.530296454115263,3.6387824367409496,6.544007538507312,24.604609853470244,65.68773197407153,90.04230322191033
MAR04485,-28.2938073889597,18.530296454115234,-90.04230322191025,-65.68773197407161,-24.604609853470187,-6.544007538507489,-3.638782436740913
MAR04503,-20.94567447188488,18.84821183518368,-68.2750691569062,-55.783132677706035,-16.44896492571664,2.423857128674688,8.945942281789561
MAR04512,-3.621383260654184,237.0881666418735,-826.9972802765826,-724.7933321568476,71.66808103566744,166.42579758553345,216.92774647100924
MAR04523,-312.09828364689093,291.76327275654563,-991.9573794626239,-890.0650866238797,-196.6285843703412,-14.32024088116366,36.92282811570897
MAR04543,11.921961358421798,10.313315484163553,0.01633219190425015,0.17996656814834602,9.944446345152077,32.6956580666388,48.72708903928566
MAR04548,0.0,0.0,0.0,0.0,0.0,0.0,0.0
MAR04559,0.0,0.0,0.0,0.0,0.0,0.0,0.0
MAR04560,0.0,0.0,0.0,0.0,0.0,0.0,0.0
MAR04561,0.0,0.0,0.0,0.0,0.0,0.0,0.0
MAR04565,0.02347064729644412,0.02317029550651517,1.7481763650678515e-06,0.0006626481532426127,0.017187181239395513,0.07054661498141628,0.115674711605392
MAR04573,0.6080419614782752,0.015905113279292105,0.6000020824469585,0.600110758749302,0.601306868757893,0.6571964104085282,0.6626607055936439
MAR04579,968.4842107175501,19.765519186245537,888.0162965611264,925.905173853783,973.0733928561965,989.5807413947847,997.4661360686039
MAR04582,-446.9642481671915,122.43233931538866,-931.0287907488571,-594.9128044142453,-448.8172660859037,-251.63314256285636,-235.20496781465408
MAR04583,446.96424816719247,122.43233931538772,235.20496781465312,251.63314256285406,448.81726608591316,594.912804414244,931.0287907488577
MAR04584,-892.8708276514707,97.6760943142241,-999.5005355030519,-995.063753201378,-922.6033215254564,-628.9355995875542,-599.9199889464995
MAR04589,-189.5747078196085,144.00464512159581,-905.0943073480164,-308.1508785348034,-184.53082638085823,-7.707907741927884,69.09540135672
MAR04590,92.8764247575998,67.64413182592945,0.11237990314056778,10.340707226447575,69.70276148508927,237.70022862676143,303.26159645920654
MAR04593,1.7723089442955352e-14,8.374557332914477e-14,-1.508664668022076e-13,-8.842030703659077e-14,7.256154749791936e-17,1.6086302230512752e-13,1.8556383496779488e-13
MAR04599,0.0,0.0,0.0,0.0,0.0,0.0,0.0
MAR04601,29.813912292655193,18.53049297227029,5.144436724022468,8.049123856856959,26.107243875337026,67.18860115415019,91.54421989436945
MAR04603,-954.9966715103003,28.129895260391645,-993.4965121717624,-986.2537123867268,-963.251989169089,-902.8256815157846,-845.0872102901345
MAR04608,-0.23673214232423084,0.006192420554928588,-0.25799714231544285,-0.25586969982394187,-0.23410993361256005,-0.23364424587598062,-0.2336019343654135
MAR04611,0.654026908176948,0.1790922505100882,0.04905880767627862,0.4005282968146776,0.6923277290787277,0.9232773363918303,0.9875617488231543
MAR04612,0.26354143269922264,0.16827943988686841,0.012429243109667426,0.052949722210717705,0.23124829428532484,0.5092952777073925,0.8565273332929463
MAR04623,0.0,0.0,0.0,0.0,0.0,0.0,0.0
MAR04624,-5.653049414970286e-31,7.836147919809895e-31,-2.6802946773996955e-30,-2.303752745172283e-30,-1.604955108834106e-31,1.2629391585536735e-31,3.8121688164338225e-31
MAR04627,0.0,0.0,0.0,0.0,0.0,0.0,0.0
MAR04628,2.8628073025255554,0.07488508578054517,2.8249536248839475,2.8254652989653533,2.831096871593692,3.094238230429068,3.1199654419541947
MAR04631,2.862807302525557,0.07488508578054474,2.8249536248839515,2.8254652989653533,2.8310968715936946,3.0942382304290676,3.1199654419541942
MAR04644,29.205870331177074,18.53040412644118,4.542175009110436,7.447077329517284,25.506190266590856,66.58825348211845,90.94345322538571
MAR04645,-5.325616189733738e-16,7.659440904067175e-14,-1.0875150772770332e-13,-8.270376416834778e-14,-8.610657269443975e-15,1.9297148591427498e-13,2.720604534021144e-13
MAR04651,28.39535294797536,19.247025307619822,0.1847325823085314,8.048171056131919,23.9419093862857,71.12242856007077,109.9291097792046
MAR04652,-991.6418971398382,8.341248631673848,-999.9995618554192,-999.8726703044753,-994.6051948453969,-974.0312613891602,-962.5290388361209
MAR04655,0.5619727624575535,157.30531545137637,-887.4391058644615,-141.85873521913638,24.20486946256355,136.43141608408172,180.50654244161302
MAR04658,-324.2123700029144,204.74758106068367,-957.2869127083236,-880.8567113439724,-271.2953156257859,-77.91271624359246,-19.542274755268068
MAR04661,0.0,0.0,0.0,0.0,0.0,0.0,0.0
MAR04673,29.205870331177046,18.530404126441198,4.542175009110367,7.4470773295171995,25.506190266590785,66.58825348211852,90.94345322538568
MAR04677,185.0696234364105,405.4194573120273,-891.4626263207131,-764.5971256159354,351.09187609509183,626.8724630181908,858.8052529149792
MAR04692,0.0,0.0,0.0,0.0,0.0,0.0,0.0
MAR04693,0.0,0.0,0.0,0.0,0.0,0.0,0.0
MAR04699,-1.430780232191002e-13,1.912329203261464e-13,-5.552630533664804e-13,-4.872197802943906e-13,-3.623847112334076e-14,9.452762067991663e-14,1.0420974537332798e-13
MAR04700,528.4670798720568,201.68680629531156,12.479628054724122,63.55111377584059,555.1439430259147,872.472954586919,947.2621591933921
MAR04701,528.4670798720566,201.68680629531156,12.47962805472413,63.55111377584059,555.1439430259136,872.4729545869188,947.2621591933921
MAR04702,131.94834360262314,201.9278805108528,4.018007482304865,14.435658368741997,45.4489545577517,735.2295483036233,805.1739500076252
MAR04703,113.39167661144909,208.3533594451943,0.07771210330062317,2.5182234968970816,21.741637991685344,734.5423682243819,805.1655974023589
MAR04704,18.556666991172833,16.610843607609546,0.001791397327917595,0.09562506443283861,15.265385408067795,45.66526601228522,80.42413450377755
MAR04710,983.2904788992657,15.454738058499457,929.8098856663039,949.677510512142,986.217351872624,998.2681034311951,998.4496511548251
MAR04711,0.0,0.0,0.0,0.0,0.0,0.0,0.0
MAR04719,1.2992740834563878,0.03398630816005769,1.2820943374508975,1.2823265587663517,1.2848824263436476,1.4043081199613316,1.4159843159610976
MAR04728,0.0,0.0,0.0,0.0,0.0,0.0,0.0
MAR04735,71.12557766015766,43.75329778104973,0.11885584287840494,3.81060126644763,80.66429191300811,129.95663121062358,157.1748898130983
MAR04736,266.19650162834347,191.28402066051424,35.15906002079034,66.29158383700084,228.44820461932434,795.2407839021287,877.320107835287
MAR04739,0.0,0.0,0.0,0.0,0.0,0.0,0.0
MAR04740,1.5642530908519025e-14,3.8609474670439604e-14,-4.523311540653368e-14,-3.2909136293297904e-14,5.647642002390209e-15,7.75927182297836e-14,1.7461170083204572e-13
MAR04741,214.3459994021815,81.11337592854647,21.331491975036165,100.62958332695324,208.30264680970987,393.6810668257809,429.3241927879645
MAR04744,0.0,0.0,0.0,0.0,0.0,0.0,0.0
MAR04752,63.67332845792308,53.02134727816087,1.3743929331262987,6.972098079846318,41.422474793989494,161.63473655275163,185.8625086470628
MAR04756,63.67332845792306,53.021347278160846,1.3743929331263343,6.972098079846319,41.42247479398951,161.6347365527516,185.86250864706275
MAR04759,0.0,0.0,0.0,0.0,0.0,0.0,0.0
MAR04760,-63.668614424739104,53.021380669756084,-185.857836960304,-161.63006977774222,-41.41777029419167,-6.967440571310891,-1.369598656425803
MAR04765,-254.93106138233773,366.4909803626349,-986.399592518709,-890.2470877295032,-277.2406930717782,681.368894209863,782.453162430909
MAR04766,21.011222026859148,14.683699364681091,0.01487253911468588,1.0855003756988721,18.071120138805938,49.0125899785512,62.479578768642064
MAR04767,325.6952993403431,104.0261432237177,32.601519663729405,80.64159006984616,340.9929891389108,473.0410281727385,494.04641038702664
MAR04769,0.0,0.0,0.0,0.0,0.0,0.0,0.0
MAR04770,63.67332845792308,53.02134727816087,1.3743929331263218,6.972098079846319,41.42247479398948,161.63473655275166,185.8625086470628
MAR04779,0.0,0.0,0.0,0.0,0.0,0.0,0.0
MAR04782,-18.719909583633875,411.2783738690017,-890.6560703932454,-823.915260050484,69.00065340231384,487.1842376368294,909.0051237085388
MAR04783,25.805606995368695,27.113149064048752,0.004002355832695142,0.2990559335597003,16.067290108229052,86.69713951454129,131.71039533539647
MAR04785,99.12628716173893,62.780332643191294,9.882657858017255,15.860096617614518,85.58783904947127,233.81323514118546,311.7761513964299
MAR04786,6.157592861719153e-16,3.021986956778651e-15,-6.881787777603465e-15,-4.247487352194623e-15,1.622015450212597e-16,5.634096270989547e-15,1.0253935424332364e-14
MAR04787,1.0222341398249238e-14,7.019518048236682e-15,-3.034536037812654e-15,8.548035703919583e-16,9.588020255620247e-15,2.4426606850648914e-14,2.9456140505294284e-14
MAR04788,2.809368775869722e-14,5.64940057439144e-14,-8.77446520288087e-14,-6.42486318205315e-14,1.5078612425227347e-14,1.3893901774505548e-13,1.4709192651311126e-13
MAR04790,-2.8275740850503052e-15,1.0245055260572056e-14,-3.0235885115187717e-14,-2.157833119203169e-14,-2.124065713253611e-15,1.1207502602953077e-14,3.875705365035209e-14
MAR04791,3.871123755067264e-14,7.059424571203343e-14,-4.8270826756753946e-14,-1.6691636899471124e-14,5.946470727574053e-15,1.8887961648371587e-13,2.0001368497015002e-13
MAR04797,13.434464389347369,11.300106595192362,0.005173138306376842,0.1170731490785867,10.10463413320823,31.755490988327576,50.85322362038491
MAR04807,68.80954980589696,41.161755195475216,0.08584989090529838,4.664250115747735,70.35020669041367,124.72186736373018,145.27288623094313
MAR04809,1.7557777363637848,1.5250589998575208,0.00011712489867901387,0.005167024861997955,1.1331916113263314,4.545324599433952,5.046207448804785
MAR04813,68.80954980589699,41.16175519547523,0.08584989090529913,4.664250115747737,70.35020669041376,124.7218673637302,145.27288623094327
MAR04815,0.0,0.0,0.0,0.0,0.0,0.0,0.0
MAR04819,266.1965016283434,191.28402066051422,35.15906002079034,66.29158383700084,228.44820461932406,795.2407839021284,877.3201078352868
MAR04820,0.0,0.0,0.0,0.0,0.0,0.0,0.0
MAR04828,0.0,0.0,0.0,0.0,0.0,0.0,0.0
MAR04831,0.0,0.0,0.0,0.0,0.0,0.0,0.0
MAR04838,0.0,0.0,0.0,0.0,0.0,0.0,0.0
MAR04844,0.0,0.0,0.0,0.0,0.0,0.0,0.0
MAR04846,-48.07078465466932,24.07143877616268,-92.38195404622678,-79.82495170222556,-53.61731717489752,-2.292063768271377,-0.008377031645568425
MAR04849,0.0,0.0,0.0,0.0,0.0,0.0,0.0
MAR04852,108.20945071470173,274.5379239592852,-818.3514207557326,-692.4049193617055,177.6180631890973,381.60410445422383,521.0337150601622
MAR04854,-434.2735399735802,194.48539576228907,-936.0251852646836,-843.5953712976319,-418.3030091280946,-75.54610251039009,-47.63435573025163
MAR04856,0.0,0.0,0.0,0.0,0.0,0.0,0.0
MAR04858,-416.94495801636634,147.35373432295606,-937.7576475372573,-616.9641573499074,-422.01957712488905,-139.02237468390666,-73.48558032135804
MAR04859,0.0,0.0,0.0,0.0,0.0,0.0,0.0
MAR04873,853.8669358847402,87.43637159744826,655.0062624784742,697.8484472888817,863.630249278026,979.2908893580702,996.6938640242792
MAR04874,-227.299261380317,108.0302916622365,-614.5047655216251,-428.6082598702678,-225.7485211230229,-59.674681918087586,-36.68403652927191
MAR04875,156.97040770593475,293.5434184001594,-238.96581552672288,-135.76648819469546,22.032619694670814,829.7654653399442,941.8022827908188
MAR04878,0.0,0.0,0.0,0.0,0.0,0.0,0.0
MAR04882,931.9560904372693,30.095751272842396,844.8394580403547,883.6668604959035,930.9444290287365,981.251865201975,989.3896585395797
MAR04883,-340.7407629929909,233.84154175122575,-973.3901476387937,-906.8991291045751,-267.7387776698581,-66.86725914489422,16.234407839870528
MAR04884,-7.613967505243017e-31,1.0554334704683238e-30,-3.6100297521111205e-30,-3.1028737331404247e-30,-2.1616786178581475e-31,1.7010248820507026e-31,5.134526051720412e-31
MAR04885,-535.9249833032408,197.6761288723104,-937.7695895372951,-911.4242400013612,-555.9555115858743,-79.63719995113487,-24.07316037446253
MAR04886,-321.76411892367526,73.6535065777747,-457.63447520581803,-426.460262191564,-328.19263266961894,-226.80625967739013,-29.085678708609855
MAR04887,562.9844191967372,195.3311664385609,102.76433419416688,142.41731226809642,530.2343471896891,948.8936023570193,995.8799920819268
MAR04888,317.5284134548752,300.4638241760667,-858.2049862739593,83.5885865208304,260.02470567843113,853.184893678397,890.5365405157363
MAR04889,-42.87124607551958,99.1939778160039,-403.51987507105565,-353.818153515074,-6.415012104144557,5.037442654917964,10.216863571196601
MAR04890,-282.74555623262927,192.2311917982963,-882.588867984839,-833.985956236138,-247.008040878438,-18.835765874372765,-1.721807831748606
MAR04891,0.0,0.0,0.0,0.0,0.0,0.0,0.0
MAR04893,13.44388646995419,9.10571847055681,0.0009313785679064017,0.5436604292385119,12.852476153942051,29.520322799661578,37.85574227941271
MAR04894,642.7751334980169,194.26325889349766,115.02136355048127,157.02141660809656,646.2948283192153,961.112813617511,993.7564955083499
MAR04895,0.0,0.0,0.0,0.0,0.0,0.0,0.0
MAR04896,-880.4687878825026,107.17960684262505,-999.9324536014598,-988.3947906754307,-915.2852609991348,-607.3390893709584,-500.5151537560989
MAR04898,-158.4491710217995,226.27265197151803,-893.5021881501214,-782.2626065629287,-80.70128859240492,26.656370214879,118.18232290205572
MAR04899,1.2992740834563878,0.03398630816005778,1.2820943374508975,1.2823265587663515,1.2848824263436471,1.4043081199613319,1.4159843159610979
MAR04900,79.81804091007932,73.61967187902778,-140.55329154029454,-44.664955256248774,84.69359938888647,188.5761786704434,226.2685601344553
MAR04901,0.0,0.0,0.0,0.0,0.0,0.0,0.0
MAR04904,-11.814982022095107,9.165885263085714,-50.61283471905001,-27.31244667615802,-10.323205792541572,-0.3410444088808387,-0.0067918834613251745
MAR04905,72.21151717167994,66.0679042893881,0.12150144774468781,3.8876321440264667,54.707260602023425,260.30659054894244,283.29509367428966
MAR04906,1.5609993960774696e-14,3.132969433145344e-14,-7.230566769797426e-14,-6.419089964225705e-14,1.5656485078473414e-14,6.692032798428538e-14,8.689647320708068e-14
MAR04908,-2.4399955816067878,2.3686183640944343,-10.218433548925958,-7.059023913926212,-1.6228948194272612,-0.03090808807787671,-0.0002509558252586618
MAR04913,7.497701517307886,5.194750627574133,0.0006857626290463755,0.12341933931910402,6.5423748531322605,16.969473389928154,22.05845225002434
MAR04914,-59.086915211907,116.93241206409178,-205.8362712059228,-164.79265225814137,-76.90113504394947,33.4912818337379,594.2071518725301
MAR04916,0.0,0.0,0.0,0.0,0.0,0.0,0.0
MAR04917,0.0,0.0,0.0,0.0,0.0,0.0,0.0
MAR04918,0.0,0.0,0.0,0.0,0.0,0.0,0.0
MAR04919,621.1988765487856,234.25552228077865,-23.549134786564196,70.8907751020301,672.6314209787381,951.22977931682,995.1696565151008
MAR04920,0.0,0.0,0.0,0.0,0.0,0.0,0.0
MAR04922,-184.886789419286,164.84151053609773,-560.7542725463765,-513.3585828055924,-144.57228608563983,80.71026178463279,92.63422463364665
MAR04923,-4.123129943672102e-15,5.834567095365512e-15,-2.4195998749523288e-14,-1.5215313978802284e-14,-3.413624748455763e-15,4.1219712755681755e-15,8.13623477313589e-15
MAR04927,-1.7430212940710934,1.9144531290231452,-9.31432046358745,-5.93615095053174,-1.0051673055285035,-0.00284010834071286,-4.35403654680558e-05
MAR04929,-21.49235132573015,17.090410829553157,-64.4113693783986,-49.57725166581721,-18.23467183149745,-0.22135726356089871,-0.0003140268901233867
MAR04936,68.80954980589699,41.16175519547523,0.08584989090529913,4.664250115747737,70.35020669041376,124.7218673637302,145.27288623094327
MAR04941,0.0,0.0,0.0,0.0,0.0,0.0,0.0
MAR04945,0.0,0.0,0.0,0.0,0.0,0.0,0.0
MAR04947,-103.5633256214433,344.92028873379905,-893.0313255591457,-560.663733568581,-184.78719862980498,810.5586282796866,919.2536940637401
MAR04948,509.66190694934727,203.1655591208388,52.46163180797412,86.6688256714883,521.2195736096987,888.7068422491525,939.6952375734787
MAR04949,-525.6598868372821,171.17472526154015,-960.4265607610581,-927.1293265565954,-495.1614050322097,-340.50465308803234,-84.1661094106986
MAR04951,0.0,0.0,0.0,0.0,0.0,0.0,0.0
MAR04953,36.52812028027944,22.376566896829857,0.3921532282394854,4.347754683348465,34.43771433224843,71.82425246037192,84.34404062522948
MAR04954,0.0,0.0,0.0,0.0,0.0,0.0,0.0
MAR04957,862.8591733052416,67.71228622904853,731.3181949979031,748.0294627751338,856.553619441529,970.6379819650632,981.4652686933098
MAR04958,996.6538423205162,3.6274623255392373,982.4399045223726,988.8129235744517,997.9438548365183,999.9688814189086,999.987106843722
MAR04962,0.0,0.0,0.0,0.0,0.0,0.0,0.0
MAR04968,21.426191311728136,9.79232024037599,0.005361441713805999,2.3395386688037605,23.26590949468842,33.776335338445406,40.215631643254326
MAR04969,-333.5681185617005,188.81293832250358,-883.5596217662694,-797.0027134329952,-309.7121636721291,-27.91175414331972,-1.5586245099561893
MAR04970,1.2817056059355689e-14,4.047253584084766e-14,-6.71174377338148e-14,-5.6345714371554145e-14,1.542832335653995e-14,1.030792758100593e-13,1.129766146497421e-13
MAR04971,-206.8927081565062,104.50780784320442,-432.2120061892992,-399.83538102875474,-190.82007005835382,-64.35662920847953,-26.38315408311407
MAR04972,-481.0360551726155,228.93680831201493,-992.7347509313578,-932.6972143961515,-408.2641515126859,-196.39987860727865,-119.25086041694209
MAR04973,0.0,0.0,0.0,0.0,0.0,0.0,0.0
MAR04974,1.550711868957293,1.1979826303132655,0.0001311231641163805,0.007849571542931078,1.4035902109150808,3.8135739840596923,4.317724989368111
MAR04978,0.0,0.0,0.0,0.0,0.0,0.0,0.0
MAR04980,28.293807388959706,18.530296454115234,3.638782436740897,6.544007538507526,24.60460985347018,65.68773197407153,90.04230322191027
MAR04981,1.5625780474240765,1.298331022715306,0.0017816290651721013,0.02764567163099533,1.3185067529018943,3.9029731846307683,5.341721023174991
MAR04984,0.0,0.0,0.0,0.0,0.0,0.0,0.0
MAR04985,983.3920244582869,17.954279993414296,924.9199944629179,933.6058588301603,988.0486283290833,999.0668783078813,999.8879775025114
MAR04987,1.5625780474240756,1.2983310227153055,0.0017816290651716624,0.02764567163099278,1.3185067529018917,3.9029731846307665,5.341721023174989
MAR04988,0.0,0.0,0.0,0.0,0.0,0.0,0.0
MAR04991,1.5625780474240758,1.2983310227153055,0.001781629065171357,0.027645671630994555,1.3185067529018917,3.9029731846307656,5.34172102317499
MAR04992,445.90657948428003,123.97382127944083,52.185842261851235,297.5749778412045,434.52762570495327,720.482285074539,760.9189960403909
MAR04993,627.5584200520934,403.32168550096884,-728.9938343980234,-581.4029303454465,786.8334188367064,918.7193948480001,973.5896944523671
MAR04994,-783.6889466894532,142.20566136009387,-993.306201917915,-972.0678849888883,-808.6597391911184,-501.56976022192265,-360.7830084985991
MAR04997,29.81391229265517,18.53049297227029,5.144436724022504,8.049123856856935,26.107243875337055,67.18860115415005,91.54421989436946
MAR04999,0.0,0.0,0.0,0.0,0.0,0.0,0.0
MAR05000,-250.7508699929734,196.0605912938113,-868.8785291867721,-800.556832015343,-205.34112112141793,-39.1309596763815,-9.967449615501096
MAR05001,0.0,0.0,0.0,0.0,0.0,0.0,0.0
MAR05003,-4.1258265993623935,0.10792304411702304,-4.496438303112599,-4.4593607067462075,-4.080126094371895,-4.072009972785362,-4.071272557265422
MAR05004,-49.75301593114284,278.3434195276537,-830.8732575124465,-760.2151267378993,-29.843488778460483,422.11250492427763,492.6936795617543
MAR05005,47.19544780456173,32.90140177306884,0.3150381451564394,4.57004509472384,45.04304901080417,104.51725486488927,138.46652808373236
MAR05013,713.5948775519701,406.9184695574858,-711.2834895564996,-542.6888184253467,850.1772295844364,990.5981909159458,999.778285736494
MAR05017,1.562578047424077,1.298331022715306,0.0017816290651723337,0.027645671630995763,1.3185067529018948,3.902973184630769,5.341721023174991
MAR05025,5.076866550481226,5.8580850887870985,0.008386026465538349,0.07666510444490605,3.3154329690910513,21.99093925408406,24.340437461321976
MAR05026,5.653049414970286e-31,7.836147919809895e-31,-3.8121688164338225e-31,-1.262939158553678e-31,1.604955108834106e-31,2.303752745172283e-30,2.6802946773996955e-30
MAR05029,329.34599469676743,393.79425856680433,-766.4370416703953,-670.6171040153898,375.4651762181203,921.6626992784708,997.4072005595073
MAR05033,-28.293807388959685,18.530296454115263,-90.04230322191032,-65.68773197407161,-24.6046098534702,-6.544007538507398,-3.6387824367409163
MAR05035,-968.4842107175501,19.765519186245516,-997.4661360686038,-989.5807413947846,-973.0733928561965,-925.905173853783,-888.0162965611264
MAR05036,24.62315826918683,18.53017368906174,0.0030277129333796116,2.909551866620661,20.966673725951345,62.06353201170871,86.41557384400161
MAR05037,-3.772194678789727,10.364488066766647,-38.870119294331666,-23.926297326537828,-3.4183642928652906,11.952080496230833,24.69896786201218
MAR05043,957.0122696143125,34.77104539765403,878.7673870780729,891.8311851625168,962.5616839891853,999.4572216910419,999.9995436614801
MAR05045,-241.40865306677088,307.24818260901327,-984.2808530867214,-874.4838812019291,-138.47684459510074,109.49198963542588,179.20222963457337
MAR05068,106.15044240839222,51.197326125832866,0.8037339901501215,11.420911783235923,104.51656423499722,229.85746471159092,235.540004394107
MAR05069,22.179902572326263,9.388839164693422,0.0178157350792986,2.183423443082204,25.851700267882173,32.9430134244554,41.19752320944444
MAR05070,254.64491618348058,222.73302847076448,-164.39453294048553,-144.19794240824217,233.80191340636577,809.6832030996234,860.6133369726754
MAR05071,765.3172240075448,119.48794239525056,125.05294856413556,690.7327678859481,764.398131828071,950.1540578152147,968.6033949495753
MAR05074,-389.3609671729824,179.17063327175225,-901.055704200092,-826.5817789086478,-384.46007718430934,-104.45569269671776,-91.61120021232398
MAR05078,-393.028542329869,176.83542600604756,-890.2282384038243,-823.2221417807822,-391.9445994393925,-119.50273707874932,-63.87682052016646
MAR05080,-26.30247467058409,3.3430876687986513,-32.04870072324565,-31.41771484522991,-26.389576662960707,-24.220552431509798,-8.302051009257514
MAR05081,1.550711868957293,1.1979826303132655,0.00013112316411638059,0.007849571542931194,1.4035902109150804,3.813573984059694,4.317724989368111
MAR05082,-13.166894723056714,233.15892501459047,-833.0534285898763,-733.8020727228253,51.681291622608114,151.15973608897437,191.99164201421183
MAR05083,0.0,0.0,0.0,0.0,0.0,0.0,0.0
MAR05085,-84.13208756738481,280.27470120184563,-836.3475188285411,-746.7476328757203,-37.96927450931466,212.38787909213175,825.4402292172729
MAR05086,1.5625780474240765,1.2983310227153055,0.0017816290651720735,0.027645671630994607,1.3185067529018917,3.9029731846307665,5.3417210231749905
MAR05089,52.83403561413292,142.12352092877757,-236.38041624302542,-204.1337067919126,56.886288854782705,142.84388041119183,793.6547164186613
MAR05090,0.0,0.0,0.0,0.0,0.0,0.0,0.0
MAR05091,204.97072782651185,30.35391847012276,52.17835938164593,177.2614627489568,205.06547287669719,254.79706889372525,260.72816739922547
MAR05092,-176.2801278675802,24.641296913567995,-217.99439705836056,-214.23770845735575,-177.1105633799104,-160.7068261420769,-43.928526463345776
MAR05093,1.5625780474240765,1.2983310227153058,0.0017816290651721013,0.02764567163099554,1.318506752901893,3.9029731846307674,5.341721023174991
MAR05094,98.35677235480884,40.29394942696948,13.966846171182796,19.514973291625502,99.70067368670203,189.58500471749102,204.99317295013523
MAR05096,0.0,0.0,0.0,0.0,0.0,0.0,0.0
MAR05097,2.7724434209257884,2.100059334676416,0.006251594770881578,0.04083097144553657,2.760540530787763,6.340962746419372,7.879799041387694
MAR05100,5.653049414970286e-31,7.836147919809895e-31,-3.8121688164338225e-31,-1.262939158553678e-31,1.604955108834106e-31,2.303752745172283e-30,2.6802946773996955e-30
MAR05119,0.7302474084143273,0.6720437389473722,0.00014740481907136546,0.016655259543847195,0.5433854489056881,2.019035069269994,3.160494565117215
MAR05128,-778.1967369768389,114.31746801279121,-999.7946355585063,-989.9761415364029,-777.4827298136627,-591.4069442294186,-551.2935108373349
MAR05130,17.12893135090284,0.44605693425483806,16.856668880654027,16.866988689653827,16.937528448250724,18.52305847146198,18.629608044546348
MAR05131,49.06349419528499,1.3198555698656054,48.05534520703517,48.106181464455595,48.51403836401977,53.09974309897881,53.18597127431124
MAR05132,31.219076213612812,0.8134614278141585,30.714480803349208,30.734340591640333,30.869551405131183,33.76167327199198,33.94746373318809
MAR05133,22.790898661447976,0.5961625149456671,22.489544347333855,22.493617800732938,22.53845092693175,24.633327531991007,24.838142669284235
MAR05134,33.96963525410893,0.8930343282881461,33.35630044012251,33.38164514572816,33.5894027565321,36.748711263647195,36.888145512928155
MAR05135,11.121958546786773,0.290927307293433,10.974897641499261,10.976885486757899,10.998764052342914,12.021063835611637,12.1210136226107
MAR05136,26.16486620070538,0.6907770781186279,25.67746513388473,25.699290984064778,25.872363659568723,28.308292945649253,28.401279579631122
MAR05137,47.71477462324818,1.2420178251023914,46.96983190394779,46.99834452879533,47.181866897066314,51.595600488855716,51.90594140437219
MAR05138,43.8957280906304,1.1425513942324996,43.24815649915152,43.26887993906256,43.40833623080981,47.4584052960765,47.78180867868781
MAR05139,13.882342029789404,0.3613110604685397,13.67633411675429,13.683278828417734,13.728142184680184,15.009305659862271,15.11037064510616
MAR05140,26.86287255562749,0.7026768842823016,26.507676270726453,26.512477514464507,26.565320825878143,29.03448205104005,29.275890826196367
MAR05141,55.6469218947954,1.4609315357889834,54.653598461276786,54.69345815391265,55.02180552728189,60.197231408912245,60.436706848575945
MAR05142,43.8506035619893,1.143253266364962,43.13284138622409,43.16158997011546,43.356078780351496,47.42375511047418,47.67567829099567
MAR05143,13.56863893846377,0.35765918317786316,13.318671277739863,13.329523938759891,13.416574304382404,14.679657460173797,14.730520166760297
MAR05145,22.467371127616165,0.588199381447189,22.077093028963937,22.092839452875776,22.216191338768724,24.302475499707313,24.409616948182958
MAR05146,31.072049110456042,0.8086648649881534,30.59298013656748,30.610589259094986,30.72556133022819,33.59805300474287,33.806213736770566
MAR05147,40.47846509745815,1.0860237924203535,39.65614983135025,39.696599136219376,40.02804752665294,43.80691037561181,43.88672497123445
MAR05148,32.642393641810344,0.8522024496193299,32.09518363896125,32.11695935082259,32.276594324756566,35.30475988103233,35.479649719085515
MAR05149,6.0324484477448035,0.17480692555153826,5.87945805091812,5.888505953250341,5.958847928719843,6.516327448460245,6.538341099283537
MAR05150,40.76669254515461,1.0745134126232923,40.01599806458813,40.04855662211993,40.30973585601733,44.104661253940016,44.25779554739897
MAR05159,0.025475643628762208,0.030902680104038325,2.211541784940127e-06,0.0009897191075937683,0.014607140057621452,0.09499513400705374,0.17705194994390425
MAR05175,1.5507118689572907,1.1979826303132646,0.00013112316411625783,0.007849571542931007,1.4035902109150764,3.813573984059691,4.31772498936811
MAR05177,0.0,0.0,0.0,0.0,0.0,0.0,0.0
MAR05178,1.5625780474240767,1.298331022715306,0.0017816290651718515,0.027645671630995163,1.3185067529018943,3.9029731846307683,5.341721023174991
MAR05180,24.22209858483775,9.710218697845255,0.023817049343892057,2.2577268800420685,27.764127857846923,35.81237044537913,42.12919047737557
MAR05182,5.653049414970286e-31,7.836147919809895e-31,-3.8121688164338225e-31,-1.262939158553678e-31,1.604955108834106e-31,2.303752745172283e-30,2.6802946773996955e-30
MAR05189,0.7302474084143276,0.6720437389473721,0.00014740481907137942,0.01665525954384698,0.5433854489056902,2.019035069269993,3.160494565117216
MAR05193,1.550711868957292,1.1979826303132632,0.00013112316411634432,0.007849571542930906,1.4035902109150797,3.813573984059698,4.317724989368096
MAR05196,1.5507118689572965,1.197982630313265,0.00013112316411638533,0.007849571542930913,1.403590210915088,3.813573984059698,4.317724989368098
MAR05216,0.0,0.0,0.0,0.0,0.0,0.0,0.0
MAR05219,0.0,0.0,0.0,0.0,0.0,0.0,0.0
MAR05235,1.5507118689572919,1.197982630313263,0.00013112316411634432,0.007849571542930906,1.403590210915079,3.813573984059698,4.317724989368096
MAR05242,0.0,0.0,0.0,0.0,0.0,0.0,0.0
MAR05256,1.562578047424076,1.2983310227153055,0.0017816290651717266,0.027645671630993535,1.3185067529018921,3.9029731846307656,5.3417210231749905
MAR05258,0.0,0.0,0.0,0.0,0.0,0.0,0.0
MAR05293,1.550711868957292,1.1979826303132637,0.0001311231641163629,0.0078495715429309,1.403590210915079,3.8135739840596994,4.317724989368098
MAR05296,-249.80611908652713,197.12745809705592,-867.0404709159418,-788.466234907309,-211.59296281709442,-30.672905990373316,26.843906228630203
MAR05298,0.0,0.0,0.0,0.0,0.0,0.0,0.0
MAR05300,1.562578047424076,1.2983310227153055,0.0017816290651718307,0.027645671630995808,1.3185067529018917,3.9029731846307647,5.3417210231749905
MAR05303,-784.3213182749655,79.92201911914348,-974.8565123291551,-957.9638197545628,-767.278530287351,-682.0720075931474,-661.2172459313563
MAR05304,29.20587033117708,18.530404126441177,4.542175009110436,7.447077329517295,25.506190266590856,66.58825348211845,90.94345322538571
MAR05305,78.67310320117953,52.746946730528784,0.30428786207451086,6.849292325973582,83.75349181862424,181.12912741900234,220.71338499202037
MAR05306,0.0,0.0,0.0,0.0,0.0,0.0,0.0
MAR05307,4.927370423849638,3.9405307631192943,0.00043931728279851133,0.047198373184599435,4.036637346373039,12.35676082202905,21.884173023777063
MAR05308,491.11894012819556,174.8705601949013,41.54799811304444,294.871797412232,460.2676162641203,943.064296371482,993.1071324718641
MAR05309,1.562578047424076,1.2983310227153058,0.0017816290651716988,0.02764567163099436,1.3185067529018921,3.9029731846307656,5.341721023174991
MAR05311,96.23604422280069,83.71389960925136,1.0404275059811794,15.915571923959462,85.31747321964845,335.2977043884472,368.01071203938255
MAR05312,0.0,0.0,0.0,0.0,0.0,0.0,0.0
MAR05313,12.152309340315263,8.541622131477675,0.0019785059712551303,0.20460123231010635,11.080902170273472,27.18167986490043,46.29296908515054
MAR05315,168.7074823296303,82.61675978827653,18.69413313660196,27.261157693024685,185.4205773092424,296.81798414072404,408.17689776208454
MAR05319,288.88480328592505,107.103780355103,47.62686674576482,74.968096748205,312.15074828064894,423.52948224020423,465.529520469351
MAR05320,163.46650383608025,59.565690402234836,20.020328154584803,53.27354847472774,166.82873682557803,263.1360384366563,299.0982818797295
MAR05321,1.5625780474240762,1.2983310227153058,0.0017816290651717266,0.027645671630994906,1.3185067529018917,3.9029731846307665,5.341721023174991
MAR05322,62.048945735777224,136.40857809191644,0.0018435514068803934,0.31637761557298183,11.911790849599768,488.2964515975223,543.6360566903711
MAR05324,57.116552540802005,93.40212211419056,0.0034174744235629054,2.553306258413756,22.33344738536926,342.6692587956265,376.48799640588425
MAR05326,7.148198749267566,6.6843759555086475,0.004862044537419702,0.0983860575339329,4.816044408183125,22.93585778604873,32.128022020982414
MAR05327,24.222098584837745,9.710218697845253,0.023817049343892355,2.2577268800420685,27.764127857846926,35.81237044537913,42.12919047737559
MAR05328,319.0975848094625,78.87026999178343,68.88634636520938,211.04640968008775,315.0561043942628,441.4710159062306,554.4424948760368
MAR05330,157.9179292588687,92.69002717252074,0.33601148252173474,10.06156497824187,159.69349556648592,308.57059987499855,383.57465659641633
MAR05331,5.653049414970286e-31,7.836147919809895e-31,-3.8121688164338225e-31,-1.262939158553678e-31,1.604955108834106e-31,2.303752745172283e-30,2.6802946773996955e-30
MAR05333,14.167294581503276,13.341570266217735,0.0005290131207222037,0.07134689519352942,11.321286362915263,40.15615596765251,53.65604469611423
MAR05335,18.5246570828611,16.647764351365293,0.012325516838356056,0.5348744047151518,13.710873109541936,54.7299218005643,78.261877784959
MAR05341,0.0,0.0,0.0,0.0,0.0,0.0,0.0
MAR05344,110.5580681501682,363.8539736201104,-977.0983269477373,-813.1792673329936,266.1403787920874,465.933869508889,582.0921357557903
MAR05346,-2.439995581606749,2.3686183640944387,-10.218433548925864,-7.059023913926192,-1.6228948194273038,-0.030908088077875533,-0.0002509558252586856
MAR05347,53.046097604741675,409.1818925296335,-811.473452689818,-735.8691836836716,-7.423588561513327,890.3836253150047,991.814189134619
MAR05350,0.7302474084143273,0.6720437389473722,0.00014740481907139292,0.01665525954384698,0.54338544890569,2.019035069269993,3.160494565117216
MAR05353,0.0,0.0,0.0,0.0,0.0,0.0,0.0
MAR05354,0.0,0.0,0.0,0.0,0.0,0.0,0.0
MAR05360,1.5391565292544255e-15,1.2097276150773694e-14,-3.574290112647908e-14,-1.4719213774088733e-14,-1.199790134519673e-15,2.395316063530149e-14,3.142013994020912e-14
MAR05361,9.646890522387613,295.1830477425243,-848.0393668590524,-746.2644766791071,88.77812599346765,278.7323057695317,398.73054525110393
MAR05362,384.26564177137914,157.82419631495728,47.613422737959084,72.97218382190637,424.8395778973925,529.9430691841767,897.3728304509532
MAR05364,1.550711868957292,1.1979826303132635,0.0001311231641163267,0.0078495715429309,1.403590210915079,3.813573984059699,4.317724989368098
MAR05366,1.5625780474240782,1.2983310227153078,0.0017816290651683172,0.027645671630986513,1.318506752901885,3.9029731846307727,5.341721023174994
MAR05367,1.5391565292544255e-15,1.2097276150773693e-14,-3.574290112647908e-14,-1.4719213774088727e-14,-1.1997901345196737e-15,2.395316063530149e-14,3.1420139940209115e-14
MAR05368,1.5507118689572923,1.197982630313264,0.00013112316411630485,0.007849571542930901,1.4035902109150789,3.8135739840596994,4.317724989368099
MAR05369,0.0,0.0,0.0,0.0,0.0,0.0,0.0
MAR05370,0.0,0.0,0.0,0.0,0.0,0.0,0.0
MAR05372,0.7302474084143273,0.6720437389473722,0.00014740481907139292,0.01665525954384698,0.54338544890569,2.019035069269993,3.160494565117216
MAR05373,3.3550108509001446e-15,1.2508423438407123e-14,-3.338481456213343e-14,-1.3017991640047996e-14,-6.409876897503597e-16,2.6756041251301143e-14,3.2995772564266275e-14
MAR05374,1.550711868957294,1.1979826303132641,0.00013112316411628214,0.007849571542930901,1.4035902109150833,3.813573984059698,4.317724989368097
MAR05375,1.550711868957292,1.1979826303132635,0.0001311231641163629,0.007849571542930896,1.4035902109150786,3.813573984059699,4.317724989368097
MAR05376,0.0,0.0,0.0,0.0,0.0,0.0,0.0
MAR05377,0.7302474084143273,0.6720437389473722,0.00014740481907139292,0.01665525954384698,0.54338544890569,2.019035069269993,3.160494565117216
MAR05378,4.917303899872451e-15,1.2887519210133175e-14,-3.0899196549275997e-14,-1.1454905984974681e-14,2.950372404577044e-16,2.8185053218047413e-14,3.459146964791495e-14
MAR05379,1.5507118689572927,1.1979826303132641,0.0001311231641163629,0.007849571542930901,1.40359021091508,3.813573984059699,4.317724989368098
MAR05380,3.2449011873038128e-15,1.244826363273498e-14,-3.328253860798447e-14,-1.324409819919644e-14,-7.73317116447334e-16,2.6353962189078255e-14,3.298466564216926e-14
MAR05382,1.5507118689572932,1.1979826303132648,0.000131123164116227,0.007849571542930908,1.4035902109150808,3.813573984059699,4.317724989368102
MAR05383,4.917303899872453e-15,1.2887519210133173e-14,-3.089919654927599e-14,-1.1454905984974681e-14,2.9503724045770485e-16,2.8185053218047413e-14,3.459146964791495e-14
MAR05384,0.0,0.0,0.0,0.0,0.0,0.0,0.0
MAR05385,0.0,0.0,0.0,0.0,0.0,0.0,0.0
MAR05386,0.0,0.0,0.0,0.0,0.0,0.0,0.0
MAR05391,0.0,0.0,0.0,0.0,0.0,0.0,0.0
MAR05402,1.5507118689572927,1.1979826303132641,0.0001311231641163267,0.0078495715429309,1.403590210915079,3.813573984059699,4.317724989368099
MAR05403,0.0,0.0,0.0,0.0,0.0,0.0,0.0
MAR05404,3.0095579980384535e-15,1.2187492223826569e-14,-3.28385085739411e-14,-1.3313000398561798e-14,-5.912746172701324e-16,2.5800367369306698e-14,3.204495489200225e-14
MAR05405,1.5507118689572927,1.1979826303132641,0.0001311231641163234,0.0078495715429309,1.403590210915079,3.813573984059699,4.317724989368099
MAR05407,-113.6022176345754,297.490331393863,-831.7714593772681,-786.0736865913907,-43.68059957976044,240.17821799416456,856.2984076226634
MAR05408,0.0,0.0,0.0,0.0,0.0,0.0,0.0
MAR05410,0.0,0.0,0.0,0.0,0.0,0.0,0.0
MAR05412,0.0,0.0,0.0,0.0,0.0,0.0,0.0
MAR05414,-349.38266901027123,139.40459765760508,-895.6330550031616,-471.93770283515596,-362.54406464694154,-84.06780358904317,-48.968963543186646
MAR05420,63.67332845792296,53.02134727816078,1.3743929331263816,6.972098079846134,41.42247479398934,161.63473655275124,185.8625086470624
MAR05421,14.78553608338485,10.307992736421287,0.0028764026801659116,1.013085598636071,14.797762223045659,34.22658871180756,40.430496549871336
MAR05422,-2.394809567803398,9.301094393344506,-17.259465782213393,-16.319791064404992,-2.9417073597089844,13.885715244735108,22.187413587870523
MAR05423,3.8395458691100566,0.10043453553889789,3.788777194777427,3.789463442889042,3.7970164072127934,4.14993688370331,4.184441758917187
MAR05425,1.7557777363637848,1.5250589998575208,0.00011712489867900514,0.005167024861998007,1.1331916113263314,4.545324599433952,5.046207448804785
MAR05426,3.317879279792356e-14,9.019215168583984e-14,-1.0533639111267686e-13,-9.095177931878601e-14,5.676430747279458e-15,2.074168068374294e-13,2.2247276881651621e-13
MAR05427,67.05377206953342,40.379144610420234,0.08571189247586279,4.659750066201869,68.97273396894886,121.30071484382923,140.9456840208566
MAR05428,0.7302474084143304,0.6720437389473723,0.00014740481907141688,0.016655259543847136,0.5433854489056936,2.0190350692699908,3.1604945651172214
MAR05431,14.785536083384839,10.30799273642128,0.0028764026801644926,1.013085598636066,14.797762223045641,34.22658871180756,40.43049654987129
MAR05435,-1.4663661270464175e-14,1.523055156774626e-13,-3.85662998023301e-13,-3.075114872344857e-13,9.565267961637094e-16,1.9404870812423466e-13,2.5586596432218866e-13
MAR05436,-8.604777524850934e-32,1.517597367428055e-31,-3.57730623033789e-31,-3.4729892932441633e-31,-2.8192573695007476e-33,3.156075943353337e-32,5.355549124673404e-32
MAR05437,0.0,0.0,0.0,0.0,0.0,0.0,0.0
MAR05438,0.0,0.0,0.0,0.0,0.0,0.0,0.0
MAR05439,62.96814649990883,51.068378854251925,0.0028163286926597008,0.8240031915300657,48.87419110434195,153.38717574239655,181.34817282140028
MAR05452,-6.780422087522273e-15,2.4796812377826677e-14,-6.217695747234119e-14,-5.445551290534543e-14,-3.834912725651826e-15,3.984180286463362e-14,5.470906450562636e-14
MAR05461,21.87644864140379,88.79076807671748,-281.25431296901445,-248.64370480165385,55.385692718911,75.50995733705949,79.95371993250545
MAR05468,-322.38304390397366,122.45088427441591,-880.0173559831785,-406.27366500621406,-335.80909384075824,-80.54694213460536,-28.114039437074887
MAR05481,113.21594826915077,126.59370089415758,-328.3827245191369,-276.25323024058156,158.46321786666314,181.5343223518833,188.65418077862162
MAR05778,285.2085771112747,113.44481795524372,49.80826329009056,77.7506751559681,289.6508341691923,371.2630033211913,856.0286822400927
MAR05987,63.67332845792298,53.021347278160796,1.374392933126402,6.972098079846139,41.42247479398935,161.63473655275132,185.86250864706253
MAR05988,5.417786158704773,3.0114336941957336,0.00012738091286834875,0.10562611258604518,5.470837612171329,10.369363351857412,13.892814764524072
MAR05989,109.85623001872688,64.30797213462009,0.022509632523570793,10.156820654037453,111.45102063193285,203.58145977881458,321.9474420278555
MAR05994,304.78089087486376,114.82846866625391,46.90353195080021,83.09788862145056,321.7900436245335,454.1000283247024,502.7767894296998
MAR05997,18.56800770068363,14.816761236956115,0.015199505435186745,0.2371697981446805,15.002730920073436,41.499681580070586,70.20622196114756
MAR05998,-785.4401042400143,143.3819755356226,-970.9146855725562,-951.0121306681801,-802.9186588979296,-619.7651875200629,-103.16444789827165
MAR06020,-376.590544653628,247.81503664240367,-939.0942081600788,-879.0384874925679,-286.88666677299614,-93.32070473936415,12.744521000686177
MAR06055,247.7164834750257,113.22655256383035,3.885207610268435,26.513866631564575,287.9372920200898,378.2453334179496,429.7824078887349
MAR06095,-504.9242909999428,293.60832648367,-941.8265378979731,-772.7442851509677,-586.7076933334185,358.2420510770801,436.7919478762599
MAR06096,247.71648347502577,113.22655256383037,3.885207610268437,26.513866631564575,287.9372920200901,378.2453334179494,429.78240788873455
MAR06098,0.0,0.0,0.0,0.0,0.0,0.0,0.0
MAR06103,-344.10868502438046,162.9183469451263,-912.3141064991153,-579.4264661038686,-345.9930852836237,-69.17825205445642,-49.58823556173799
MAR06104,364.36481346289924,289.60227812760604,-139.2301851049258,31.401059536685437,265.2951650560411,921.4329737532429,991.9600999847464
MAR06105,193.95885376755433,351.04251265577636,-782.5223972451597,-738.3434729892856,273.8686343957791,609.3343247074466,911.2619216063322
MAR06106,-221.73766205941035,129.6009113112977,-590.8795814878708,-555.3484351357706,-224.04694009001526,-41.212865404515355,30.13433304574255
MAR06107,646.275352787747,158.77196361909998,390.4456450656337,455.3083369680433,604.4336921737802,950.3439799253518,996.2676115003072
MAR06123,220.22000342147768,226.40443124592915,-133.78504945099272,-7.213136611649463,155.12418257059466,803.7078085603522,861.8292294103096
MAR06124,-256.5258918248848,277.22504633227265,-992.2156483946454,-910.0613744010567,-184.2017685131988,45.61112609312242,111.99243021851123
MAR06125,177.3909322519966,303.42870856129105,-253.04907040959472,-173.19645794100492,95.07640051587472,890.5395869770565,971.9233389890333
MAR06126,-243.40650976529628,295.20545818248195,-941.4737085290174,-870.91240878378,-131.98392537580463,58.403648505029345,118.53328703643854
MAR06127,-2.568129935027369,30.487530470490775,-87.56727608761733,-64.72838015248973,0.47637459730696996,43.04116281465467,67.20980727491855
MAR06128,427.61814064477187,258.4276252078426,-11.655275357866287,137.46867584818358,350.3245913479798,927.6245624066199,992.322337193214
MAR06129,31.791314330973982,21.68519874926943,0.0005516329949560556,0.8951082044685643,29.410929830763955,66.54840883304941,81.80399799617778
MAR06130,445.13576484889893,240.96519706112866,66.01345883728072,144.45601116149507,382.3145695221218,915.4244102416336,985.7275812790838
MAR06131,-175.12186777219483,92.79395203815162,-367.3852822293929,-294.8016625765583,-202.39984315577556,-13.550854997279378,-2.4311971303236533
MAR06132,-414.59218207851177,264.9781953079283,-992.0103713099874,-927.7872857741429,-324.80940160452167,-110.34020440365771,1.1395522080281353
MAR06133,372.055500053979,279.1049396957086,21.933456257052,93.69032486899937,256.99304613255185,916.5470104340375,971.7403260190096
MAR06134,-579.9681211494017,210.37193625608668,-998.3409104256658,-964.5568756953605,-585.021902421546,-145.653930946275,-103.30741303629884
MAR06135,-17.87814686428647,301.9571971196941,-840.6848574578291,-747.9130597207138,97.79103831552305,249.6781703668542,345.2168164684024
MAR06136,426.2387303737266,124.96046679687466,53.719458230318764,99.99218983635492,463.1493272433624,542.5907906410521,610.0458180756018
MAR06137,685.485468223042,192.24024271698272,123.01946317647912,168.98204076377235,702.5567759657552,972.419371672911,996.1055460785998
MAR06138,-391.448586242567,277.66588133883664,-992.0333098356108,-924.1765627930672,-295.7414890050778,-69.33255117660268,86.65925781173831
MAR06139,390.81532500472207,275.559032452767,-79.64266922161028,81.20474673729882,298.013084495821,924.1730765021488,992.0318216955
MAR06140,225.99822175648197,106.54851455560588,3.8611031807382687,25.343718529033033,255.8908517777233,357.42366152327094,407.1570998033465
MAR06141,-616.813546761206,172.21633149993025,-995.8929248762397,-950.80496626271,-550.541865933548,-427.41056033961945,-327.51443058174084
MAR06145,-671.7615695694908,154.4337718811555,-996.0317873006182,-964.7721285165566,-650.0553972680548,-458.2211622507307,-395.5176788466726
MAR06146,-232.02732272114704,359.9980019585172,-924.0369658260374,-598.5229502360113,-363.82739536454,725.9349498341745,778.2702935616735
MAR06147,709.8300385230826,132.09279207625,524.0790704318806,552.3138739418742,664.1401801141451,965.9304397868834,995.9929861083291
MAR06148,-428.33974563552175,220.38570796181662,-940.607661936334,-881.7329367269429,-371.5654027524246,-194.059272797783,-27.26801274996069
MAR06149,-30.751415844752415,305.14513900020455,-419.2292134864144,-321.17202252805515,-116.73731915095274,816.5008104834016,936.6740697738599
MAR06150,72.26660750919415,243.5810355510768,-303.517752210543,-109.55001456633727,1.1999917721599198,784.862741830982,844.302563737494
MAR06151,394.52057528732905,272.9647898791809,-71.99082200685217,83.76021999610894,299.680215662574,928.1951533870946,992.3097568087733
MAR06152,15.468164438344575,19.36487509411774,-2.610576736416874,-0.9279710861023687,7.485930774906819,56.01920578820137,64.79246151706013
MAR06153,-409.98873972567424,266.0564491924715,-992.3104127592013,-928.2080581824697,-324.0336153867329,-124.27696922757502,65.37063742440552
MAR06154,-351.19695897941523,285.2035040116954,-983.0284789658318,-891.6109167577456,-277.87067641594933,-10.986297407377752,111.56056138294485
MAR06155,522.6355041550752,251.55596204426402,144.00268409112425,191.80802302980436,518.0374551277058,938.9286840589152,993.3644447126063
MAR06156,50.29911688375261,190.31412431377697,-217.75258293020966,-182.16345125496892,15.534286486306286,511.6877971025089,580.9976036114472
MAR06157,-238.52908987634135,225.9319649859938,-895.6505205729259,-828.4252951737718,-174.8957903804531,-38.89795571034637,62.46111074466347
MAR06158,-415.8201030761226,216.0995232038594,-907.9966960298311,-883.1261297245641,-399.9367043994348,-29.594124003703975,-4.056371753366079
MAR06159,484.8612892505238,236.7983025792223,68.95601123647793,206.61861123083807,421.54826312715124,929.8595402779127,992.2155618065831
MAR06160,273.1728174375171,263.35674291002937,-83.21136319819448,-4.395202400720047,195.63897421146527,915.344295992701,989.9971833483214
MAR06161,254.39336926276755,369.9571631200879,-938.4057166546165,-824.5523021109091,399.00616409681606,582.4584325851661,601.7459162510215
MAR06162,-337.77718569872843,272.2075739189703,-986.6243742468173,-905.6726321232455,-256.5663158648233,-33.764951188351766,89.56962704763498
MAR06163,416.05857983605483,262.59342708487833,12.137112578468873,118.25328779714917,323.6959443089066,926.2302103826164,992.0024747058512
MAR06164,-511.9746013859184,220.1088181355583,-995.8843401631456,-949.4106676820937,-512.3881493398655,-101.07751233809344,-82.6804634770483
MAR06165,95.91602154986566,287.9531411070005,-819.4230112173688,-760.0603301706407,189.06306337974098,334.8226062033062,379.9304234932303
MAR06166,-161.67076775304187,153.55857866465806,-913.0326993841229,-362.7686099749343,-146.65003196676793,7.223364205879401,172.57339783179577
MAR06167,167.53987212029503,164.04476797839294,-36.83660939078288,9.366301584413039,113.33804198026792,439.95804167420147,898.2339784631656
MAR06168,85.6951357899271,428.4188538985806,-851.0849602309124,-818.1711953409334,133.14689151567072,881.2730207772044,984.9919302304419
MAR06169,-339.68708044389047,287.6583143126076,-984.997256170714,-891.0001016349945,-275.88061467324474,9.201542738340365,172.88418876687467
MAR06170,-18.580461177856897,135.50439889835974,-267.7285054933626,-196.34695942025135,-59.06902462394953,233.23050828329656,253.30609228410947
MAR06171,358.267541621749,250.62450599355356,-55.06089918538879,65.14590246564102,276.4209871093244,925.6863057128918,992.306805120395
MAR06172,-506.0486593599344,233.1521196170912,-992.2119557969887,-932.0793332227523,-479.80644236809536,-194.21915621267092,-36.41854614946567
MAR06173,56.32469725476693,56.5943198012552,-69.59372824728064,-23.569313969565755,52.8043602928758,147.4988769913127,207.11517491277948
MAR06174,449.7239621051677,260.5892181228007,-111.07241670181457,105.99530662469556,420.1893887093163,926.8626520576571,992.0442192227969
MAR06175,428.46452981313183,251.19676780363906,21.54346951954375,143.70918060821356,354.0831331385615,924.9253732286282,992.0128990660522
MAR06176,6.171758995037117,8.813750914188493,-21.399361163955746,-3.129827609673066,4.6122670463053055,28.25789288153057,31.164039718752463
MAR06177,-434.63628880816754,247.56783652244442,-992.0139186478079,-926.0675204461642,-359.4835134304835,-155.0298658561063,-52.42067624477727
MAR06178,-271.1184348254971,274.0644362106578,-991.9455036147464,-925.4132809371031,-188.051056185937,35.76972851213818,80.06713407265653
MAR06179,-167.59173255015182,236.68957729995088,-850.7425499321332,-812.1827832386517,-54.55676273630746,13.78745299279961,27.239849174353253
MAR06180,438.7101673756506,255.3047815148692,18.16521061530193,150.2958107836564,364.6965576254686,928.1381374331218,992.0268194140617
MAR06181,-406.0418300911084,275.2734510567707,-991.8845434799671,-918.5116692737154,-376.48624160149654,-40.560126922546445,107.85140260197085
MAR06182,162.8484640372659,298.9765891305343,-110.17973191878656,-83.2722641467991,-6.512533339378168,848.1171153903741,859.2665754982514
MAR06183,243.19336605384484,301.0884227112495,-201.9413497545188,-132.0963779328246,171.18024673430136,925.9453603612621,992.0511239995268
MAR06184,-101.56690894159645,399.0713573795351,-942.3508917146493,-852.8829360198005,-126.86602912713789,785.6389488886211,808.0851412556193
MAR06185,166.6315086864971,92.46951658942523,1.6067612248046999,14.042031080674885,179.14475593432132,321.5902571022082,365.83554034223687
MAR06186,174.44794200082447,445.3785102714796,-811.7789699130474,-773.354254754827,244.90180837334782,925.8034868294094,992.312874915059
MAR06187,0.5075409502483672,600.2783863662793,-992.072069370174,-925.3198960692228,-182.35275228946477,842.0530381934925,889.7266057992189
MAR06188,-39.20614997691723,76.2706331169815,-210.28103493876273,-200.8401805049699,-2.277878811812574,17.319066442935213,41.48521386018797
MAR06189,38.69860902667255,550.3137841871893,-852.3462853574975,-821.4337542195407,184.4033178899654,926.0940793920481,992.0719154549779
MAR06190,243.38532080154144,324.04724797593747,-250.7559677694901,-199.72546374393028,193.57734771687754,924.2371450092105,992.0331779026237
MAR06191,-234.04714224640685,333.4210369737963,-849.4032951789039,-847.0758182126771,-5.118260801291768,1.949712077110118,32.54228343855175
MAR06192,-9.338178555134945,608.2286076667903,-992.0518739019803,-924.3930823192492,-190.4088828355545,843.3503474855879,913.0203603866487
MAR06193,788.4837597426634,88.63323503320572,619.0143054717612,626.8069451941162,782.5428731164775,958.2347455364298,975.4322038414579
MAR06194,-414.4616966852053,233.05225478168668,-992.7074075348706,-912.4491460204935,-377.4662592191122,-80.19213470618433,-62.02452511313224
MAR06195,-61.78961116018703,68.50618640730627,-324.79537680177407,-174.10817810586673,-42.214667155052496,19.611662280284953,27.809514257429782
MAR06196,310.26078027885745,262.83379354914297,-5.9298917996593445,20.347100653362855,229.9629669788278,924.1044885386466,992.0521105452365
MAR06197,-572.7224814846425,227.3784676637321,-965.3970892126556,-883.4631092686374,-641.9388786820732,-97.16421017735475,-54.76116034315203
MAR06198,-274.91456528733397,279.9177600419176,-992.0473848544157,-924.3662878603135,-204.58333577791743,34.67933127977431,90.02234823413181
MAR06199,-294.241913229898,180.64126938472805,-932.0196163088319,-535.446561579125,-252.2195899802366,-39.23343241903012,-15.04536186120285
MAR06200,228.9662624889648,393.2925794884329,-784.9145699289755,-766.1936955684663,359.0021231694451,678.4854704880772,915.6199320313666
MAR06201,-623.841882051941,209.89262143280413,-996.2390931820659,-955.2174042666488,-636.8970121084596,-117.13732157302842,-100.38251115639511
MAR06202,-644.6956206276317,159.6003867990186,-995.5380968549181,-954.9693991498306,-578.9891111312916,-484.5965971860375,-436.50248824818664
MAR06203,517.2543021653838,218.12357562240106,84.91756154030264,103.3400248563519,524.5153504924351,949.4363893134325,995.8851908705333
MAR06204,127.44131846224978,234.62561817412896,-41.779214839746714,-20.741616528300977,21.977518397647316,833.1962934005242,849.6473232989142
MAR06205,2.9821015707128318,258.1304761743253,-829.066953016925,-785.5431089734733,93.20000971273818,176.57400808605263,224.36937961543433
MAR06206,516.2847579800582,219.6034353047011,85.9669122338636,105.43887047677009,519.4113564627767,949.2309645868173,995.8894435392259
MAR06207,-519.2668595507721,423.74814989688116,-996.9452613801787,-956.7952520328191,-649.1783632760146,689.8152569010015,729.2741104671919
MAR06208,292.2162435817369,273.6450835247466,-69.63347884070623,-21.951500858025636,221.29326514022821,924.1937320851014,992.0523328478895
MAR06209,1.5091795536956443,4.274995790221468,-5.6561124061315695,-5.1019963859813,0.29376407819842143,8.688440397467568,12.160339462703405
MAR06210,-293.7254231354336,273.41619245109473,-992.0524863264884,-924.1254076512439,-218.92450267593728,13.501239018981847,61.91639545815781
MAR06211,-628.3285399413998,167.27420877163235,-997.4804828873798,-954.8193720013962,-571.6458364056987,-451.80590791169374,-373.9972676456177
MAR06212,689.1251135713957,155.53687496953088,447.2684987200149,492.8896271209141,640.1582864635157,965.1449435297181,996.3765359367233
MAR06213,200.37960510580737,239.67046309724293,-94.3016476530214,-53.82427748934119,129.6058528991723,831.2083376461446,855.3688979685244
MAR06218,230.68598428658106,121.11738465750791,3.8572575582677473,24.9993746978448,238.6850174583352,431.92978543225263,479.8011264497482
MAR06221,-534.9987470802068,211.126925643115,-990.7990327243016,-933.9937501464993,-463.37164938569947,-294.44091274646485,-227.37632446329445
MAR06223,169.48790370193862,371.96097559384407,-850.0839025495698,-750.7312776442401,239.39853991104076,837.9997442926917,852.7019751044106
MAR06241,0.0,0.0,0.0,0.0,0.0,0.0,0.0
MAR06243,0.0,0.0,0.0,0.0,0.0,0.0,0.0
MAR06245,0.0,0.0,0.0,0.0,0.0,0.0,0.0
MAR06246,140.1745682140949,78.25138387848173,2.4310236549844073,14.649988252660359,150.20620843207718,263.368077916589,329.63500193281567
MAR06247,89.95400892528211,52.80506762088345,1.4224866526061437,16.55091526050676,87.09471192194113,182.20452273109984,254.85465644315403
MAR06248,70.92830855355432,46.18176316799969,2.6261086214647045,6.291773112921295,71.01371325066299,146.24426826353454,192.17774573598112
MAR06249,41.30325524580413,26.62471505655467,0.6034888912915308,3.95002003093716,37.42808846310315,93.40345289601832,117.56608073491842
MAR06250,786.660766242083,197.8009530696157,133.95046635406675,194.12155913185865,843.8014475732343,978.5623057440004,999.9148306705682
MAR06257,0.0,0.0,0.0,0.0,0.0,0.0,0.0
MAR06258,753.6831664229273,203.98512156855975,133.54697208418705,174.90076281543216,796.9809416766758,986.2023380391062,999.7988374694245
MAR06280,24.128546138734606,11.758587899756977,0.047902521038644306,2.4053451035349496,24.006329994729903,41.720965499197376,48.34379995929818
MAR06282,1.5625780474240762,1.2983310227153055,0.0017816290651720336,0.027645671630994916,1.3185067529018926,3.9029731846307665,5.341721023174991
MAR06284,7.857723473828881,8.160156333319708,0.009497145544170403,0.1167886637555788,3.469480337574735,22.486837160275908,24.141015628048187
MAR06285,0.0,0.0,0.0,0.0,0.0,0.0,0.0
MAR06287,546.7303708979161,198.85244616990627,98.57873067374776,125.67849218414152,543.8036330159887,943.102357353605,954.5150901294471
MAR06320,0.0,0.0,0.0,0.0,0.0,0.0,0.0
MAR06322,1.5625780474240758,1.2983310227153053,0.0017816290651721212,0.02764567163099523,1.3185067529018912,3.9029731846307656,5.34172102317499
MAR06328,585.932745623448,206.23426220129738,106.75820557947543,211.33815977132795,595.2307337202703,919.3454206253465,953.75004758157
MAR06332,72.20680313849738,66.06794767954801,0.11636397530259497,3.882975776543913,54.70260259465471,260.30193087487146,283.2904315449032
MAR06344,30.423691565139475,11.326345527760836,0.025543358928132396,2.6414089291261575,32.923846829168106,43.51668089660909,47.5585111825442
MAR06345,5.653049414970286e-31,7.836147919809895e-31,-3.8121688164338225e-31,-1.262939158553678e-31,1.604955108834106e-31,2.303752745172283e-30,2.6802946773996955e-30
MAR06347,3.7774917490076394,2.992069077667311,0.0035225876526484134,0.08791643119203481,3.3080288966481644,9.103222883082855,13.445905905254579
MAR06348,25.805606995368695,27.113149064048745,0.0040023558326954195,0.2990559335597257,16.06729010822906,86.69713951454128,131.71039533539644
MAR06350,67.05377206953335,40.379144610420255,0.0857118924758623,4.659750066201867,68.97273396894911,121.30071484382955,140.9456840208569
MAR06366,-984.8105838029633,15.464335780788222,-999.9875063855673,-999.8662342746712,-987.7261410963199,-951.1792529484163,-931.3100827245651
MAR06368,0.0,0.0,0.0,0.0,0.0,0.0,0.0
MAR06370,109.85623001872688,64.3079721346201,0.022509632523571986,10.156820654037453,111.45102063193282,203.5814597788146,321.9474420278555
MAR06375,28.23466753583892,22.639041697123066,0.001934022459080071,0.5596113077033411,22.368795016119098,67.51619708093266,143.4319657569475
MAR06376,25.805606995368684,27.113149064048745,0.0040023558326960215,0.2990559335596708,16.067290108229034,86.69713951454129,131.71039533539647
MAR06377,529.930783906199,198.77907406687578,90.96585675660549,129.36867625436474,500.8041403878185,934.3416959424708,995.8932877810847
MAR06378,-2.928335587789964e-14,4.8831557263815044e-14,-1.2829236361910148e-13,-1.1203749152343519e-13,-2.862821619078489e-14,5.24500372872335e-14,8.168378083194986e-14
MAR06380,-716.8497151043481,166.3304479734252,-991.266330118771,-954.8723254271374,-717.4931382760415,-497.16405387533246,-83.37766243195517
MAR06381,308.48667545252385,130.15443844015283,9.560748753626873,59.18345891439957,315.64265213081563,408.90500019887486,912.0329710547913
MAR06382,9.656268118269157,10.65349169260175,1.5024008497011182e-06,0.03597745433758511,5.043019024405412,34.72048179279655,46.933481228015836
MAR06384,38.591686239440094,29.499562831122173,0.11633401100099341,0.2728538811340047,35.443168832947414,95.6088537990862,122.15420746036105
MAR06387,49.75301593114462,278.3434195276566,-492.6936795617549,-422.1125049242789,29.843488778465115,760.2151267379038,830.873257512447
MAR06388,-101.1168822594103,401.9428060702369,-991.8411663178873,-895.3861786735025,-55.76028560654774,718.1323476938711,803.0597178959449
MAR06390,-2.9194077207236e-14,4.850555665122748e-14,-1.252907994523735e-13,-1.1203808481392493e-13,-2.8616209186064295e-14,5.1334311257306265e-14,8.047613469693528e-14
MAR06407,-2.9246256243265493e-14,4.803663327756292e-14,-1.2560001948083805e-13,-1.1203768765170845e-13,-2.786832588423293e-14,4.792926761530418e-14,7.685293527247893e-14
MAR06409,-128.78272383459787,63.00230486544443,-260.50925723670457,-234.57229905551395,-134.80724138147536,-29.351624706278752,-18.162882279453584
MAR06413,128.78272383459716,63.002304865444614,18.162882279453274,29.35162470627956,134.8072413814734,234.57229905551873,260.5092572367082
MAR06414,128.78272383459702,63.0023048654445,18.162882279453388,29.351624706279548,134.80724138147312,234.57229905551807,260.50925723670764
MAR06415,0.0,0.0,0.0,0.0,0.0,0.0,0.0
MAR06418,-2.924417590737283e-14,4.804425091886473e-14,-1.2576388609091003e-13,-1.1203768907644485e-13,-2.7777971135179525e-14,4.793146997020824e-14,7.685530276386158e-14
MAR06421,0.0,0.0,0.0,0.0,0.0,0.0,0.0
MAR06422,0.0,0.0,0.0,0.0,0.0,0.0,0.0
MAR06424,-0.004714033184494473,0.0001233093051990205,-0.005137481874827127,-0.005095118237998714,-0.004661817297111682,-0.004652544084685649,-0.004651701538071842
MAR06426,0.004714033184494473,0.0001233093051990202,0.004651701538071841,0.004652544084685647,0.004661817297111685,0.005095118237998714,0.005137481874827127
MAR06428,0.004714033184494474,0.00012330930519902,0.004651701538071841,0.004652544084685646,0.004661817297111686,0.005095118237998714,0.005137481874827127
MAR06431,0.004714033184494474,0.00012330930519902024,0.004651701538071841,0.004652544084685646,0.004661817297111686,0.0050951182379987145,0.005137481874827128
MAR06432,0.004714033184494473,0.00012330930519902048,0.004651701538071841,0.004652544084685647,0.004661817297111683,0.005095118237998714,0.005137481874827127
MAR06433,0.004714033184494473,0.00012330930519902048,0.004651701538071841,0.004652544084685648,0.004661817297111683,0.005095118237998714,0.005137481874827127
MAR06434,0.004714033184494473,0.00012330930519902048,0.004651701538071841,0.004652544084685647,0.004661817297111683,0.005095118237998714,0.005137481874827127
MAR06435,0.004714033184494474,0.0001233093051990204,0.004651701538071841,0.004652544084685648,0.004661817297111683,0.005095118237998714,0.005137481874827127
MAR06436,0.004714033184494474,0.0001233093051990204,0.004651701538071841,0.004652544084685648,0.004661817297111683,0.005095118237998714,0.005137481874827127
MAR06437,-2.907325986739529e-14,4.803842106935832e-14,-1.2575938493108066e-13,-1.1203810182671909e-13,-2.7556072263585722e-14,4.868381749869581e-14,7.764278481071498e-14
MAR06438,-0.004714033184494474,0.00012330930519901997,-0.005137481874827127,-0.005095118237998714,-0.004661817297111686,-0.004652544084685649,-0.004651701538071841
MAR06439,0.004714033184497072,0.00012330930519793837,0.004651701538077247,0.004652544084685991,0.004661817297115755,0.0050951182379985705,0.005137481874827123
MAR06441,0.004714033184497072,0.00012330930519793842,0.004651701538077245,0.0046525440846859915,0.004661817297115754,0.0050951182379985705,0.005137481874827123
MAR06443,0.004714033184496909,0.00012330930519798312,0.00465170153807721,0.0046525440846862205,0.004661817297115426,0.005095118237998576,0.005137481874827124
MAR06446,0.004714033184496911,0.00012330930519798233,0.00465170153807721,0.004652544084686219,0.004661817297115433,0.005095118237998576,0.005137481874827124
MAR06447,0.004714033184497139,0.00012330930519791086,0.0046517015380772705,0.004652544084686124,0.004661817297115862,0.005095118237998572,0.005137481874827124
MAR06448,0.004714033184497139,0.00012330930519791086,0.0046517015380772705,0.004652544084686124,0.004661817297115862,0.005095118237998572,0.005137481874827124
MAR06449,-2.9498227099143374e-14,4.797396012894925e-14,-1.2631910740646251e-13,-1.1203752384084649e-13,-2.7977055674910753e-14,4.734894600421645e-14,7.624240769234857e-14
MAR06450,0.004714033184497139,0.00012330930519791086,0.0046517015380772705,0.004652544084686124,0.004661817297115862,0.005095118237998572,0.005137481874827124
MAR06451,0.004714033184497154,0.00012330930519790167,0.004651701538077311,0.004652544084685455,0.004661817297116197,0.005095118237998561,0.005137481874827125
MAR06452,-2.95918363190905e-14,4.811581495853763e-14,-1.2656650272127395e-13,-1.1204140106259685e-13,-2.859232409369408e-14,4.797169360612855e-14,7.614749360818771e-14
MAR06453,0.004714033184497138,0.0001233093051979109,0.0046517015380772705,0.004652544084686124,0.00466181729711586,0.005095118237998572,0.005137481874827124
MAR06454,0.004714033184500562,0.00012330930519645342,0.004651701538077082,0.004652544084684522,0.004661817297120971,0.0050951182379985,0.005137481874827125
MAR06456,0.0,0.0,0.0,0.0,0.0,0.0,0.0
MAR06459,0.0,0.0,0.0,0.0,0.0,0.0,0.0
MAR06460,0.0,0.0,0.0,0.0,0.0,0.0,0.0
MAR06483,1.550711868957293,1.1979826303132655,0.00013112316411640035,0.007849571542931096,1.403590210915081,3.8135739840596936,4.31772498936811
MAR06489,0.0,0.0,0.0,0.0,0.0,0.0,0.0
MAR06490,22.80921787372031,18.925270319133062,0.007536561640579081,0.5192908161528091,20.043193664203336,64.33372386314794,95.38928034081083
MAR06492,22.804503840535773,18.925323405353183,0.002737563536076886,0.5141946152313663,20.038535240792235,64.32907007274603,95.38462149985587
MAR06499,-5.653049414970288e-31,7.836147919809898e-31,-2.6802946773996962e-30,-2.3037527451722837e-30,-1.604955108834106e-31,1.2629391585536735e-31,3.8121688164338234e-31
MAR06500,-356.73875261115893,323.9358845768,-994.1743515434249,-939.2510709074387,-388.39194713757945,395.14982687298584,454.1266833661265
MAR06502,5.653049414970286e-31,7.836147919809895e-31,-3.8121688164338225e-31,-1.262939158553678e-31,1.604955108834106e-31,2.303752745172283e-30,2.6802946773996955e-30
MAR06505,-0.004714033184494474,0.00012330930519901967,-0.005137481874827126,-0.005095118237998713,-0.004661817297111685,-0.004652544084685651,-0.00465170153807184
MAR06512,-0.0047140331844812205,0.0001233093052111496,-0.005137481874864101,-0.005095118238030562,-0.004661817297066521,-0.004652544084617745,-0.004651701537937738
MAR06513,-749.6406056938191,86.282792868569,-972.2569777954997,-933.5831377776384,-741.5170861876011,-627.5233860805176,-573.2371959789366
MAR06537,-450.2250701845839,196.7785677299594,-936.3759736891935,-821.6473561352389,-448.1440373066434,-75.90876516833369,-40.19741115680959
MAR06586,0.0,0.0,0.0,0.0,0.0,0.0,0.0
MAR06602,-874.2673626496663,81.23643882754124,-998.487705523383,-984.8046509178824,-877.8278266805871,-713.7670546052675,-673.4068273410142
MAR06604,1.0196336797499919,1.2211650502573623,7.894138194316353e-05,0.004046551221364187,0.6423984983850318,3.3578462483166174,6.883304163681753
MAR06605,0.0,0.0,0.0,0.0,0.0,0.0,0.0
MAR06606,0.0,0.0,0.0,0.0,0.0,0.0,0.0
MAR06615,29.813912292655026,18.530492972270483,5.144436724021905,8.049123856856228,26.107243875336454,67.18860115415151,91.54421989436933
MAR06621,-29.20587033117703,18.5304041264412,-90.94345322538568,-66.58825348211857,-25.506190266590803,-7.4470773295171755,-4.542175009110387
MAR06627,0.0,0.0,0.0,0.0,0.0,0.0,0.0
MAR06628,407.4703153343606,200.3289094169091,35.430399876553004,83.3950792773803,383.2439961424261,927.0403494210202,977.9700663073604
MAR06629,198.50465598559933,232.51911313902812,6.195372568443935,43.60167501223928,102.007635079077,886.2802781194113,974.8056051602341
MAR06630,363.14556457102657,161.25940982748364,10.891218227238967,61.75813405040463,384.2406821015155,505.7791756111837,935.6240451075469
MAR06631,259.64304917055375,123.57225723975026,33.22242180445935,44.64911109746881,284.36629391568533,448.1305687474514,475.5447307959021
MAR06632,17.32390010844886,14.385196357621465,0.005595390760814716,0.15497837905791556,13.93982253211422,44.93462233157758,53.53330819245288
MAR06633,181.17840569248978,236.31817232651073,4.781743777704289,35.89689934423941,83.76094755994964,885.8970066856184,974.7682995765516
MAR06634,0.004714033184494474,0.00012330930519902062,0.004651701538071841,0.004652544084685646,0.004661817297111683,0.0050951182379987145,0.005137481874827128
MAR06636,364.6521783015056,164.5775038064092,63.67934635970068,91.21344498267881,335.86805120522195,724.4268568544577,911.833447658063
MAR06638,540.1169780802337,199.61189042460242,98.38710938450315,140.02785762839204,515.9827753288016,948.8176427816852,995.8284406198819
MAR06641,0.0023501846600957436,6.147594346156148e-05,0.002319109172603787,0.0023195292248287622,0.0023241523916034314,0.0025401748896689254,0.0025612953115080163
MAR06642,0.002350184660095743,6.147594346156154e-05,0.002319109172603787,0.0023195292248287622,0.002324152391603431,0.0025401748896689254,0.0025612953115080163
MAR06644,0.004714033184494474,0.00012330930519901997,0.004651701538071841,0.004652544084685648,0.004661817297111686,0.005095118237998714,0.005137481874827127
MAR06646,352.8469960576154,187.1672409058064,10.875666948172396,40.3867991689716,334.33044909625704,828.5287845655644,887.711965643975
MAR06647,575.6347638414225,196.76878179237954,104.71267794208451,152.08484129058925,559.6106012289594,950.6024394059765,995.9539257897846
MAR06648,0.0023501846600957436,6.147594346156148e-05,0.002319109172603787,0.0023195292248287622,0.0023241523916034314,0.0025401748896689254,0.0025612953115080163
MAR06649,0.002350184660095743,6.147594346156154e-05,0.002319109172603787,0.0023195292248287622,0.002324152391603431,0.0025401748896689254,0.0025612953115080163
MAR06650,200.68257888994478,96.0958783911229,3.828017834660147,21.52135157716436,222.98223545571204,334.7142109714399,381.8868167404947
MAR06651,413.8347326438476,177.06031006108782,54.38271510059395,83.59114774092279,428.2212918371149,627.2234561687333,938.706209816745
MAR06652,200.68022870528506,96.09591372412717,3.8254565736062722,21.51881341935983,222.97990458626222,334.71189105015833,381.8844937806046
MAR06653,0.002350184660095743,6.147594346156159e-05,0.002319109172603787,0.0023195292248287622,0.0023241523916034306,0.0025401748896689254,0.0025612953115080163
MAR06654,0.002350184660095743,6.147594346156147e-05,0.002319109172603787,0.0023195292248287635,0.0023241523916034297,0.002540174889668925,0.002561295311508016
MAR06655,0.0023501846600957436,6.147594346156147e-05,0.002319109172603787,0.0023195292248287622,0.0023241523916034314,0.0025401748896689254,0.0025612953115080163
MAR06656,0.0023501846600957428,6.147594346156159e-05,0.0023191091726037865,0.002319529224828765,0.0023241523916034306,0.002540174889668925,0.002561295311508016
MAR06657,0.0023501846600957436,6.147594346156148e-05,0.002319109172603787,0.0023195292248287622,0.0023241523916034314,0.0025401748896689254,0.0025612953115080163
MAR06658,0.002350184660095743,6.147594346156154e-05,0.002319109172603787,0.0023195292248287622,0.002324152391603431,0.0025401748896689254,0.0025612953115080163
MAR06659,-44.21958666216336,110.03662266128453,-344.9420517577479,-253.10997905074177,-28.044552970176596,116.60535488109095,403.7765065694008
MAR06660,200.6778785206245,96.0959490571575,3.8228953125523883,21.516275261555247,222.97757371681104,334.7095711288745,381.8821708207129
MAR06661,106.99267293872103,288.95444112702825,-860.7802741787834,-105.45110882955429,51.14691949989333,854.8360310109923,926.0996636374064
MAR06662,-488.4317380161248,209.13066935314615,-986.8708793643175,-939.0012929019183,-461.83529446924217,-123.8291297905856,-95.43077684971904
MAR06664,0.002350184660095742,6.147594346156178e-05,0.002319109172603786,0.0023195292248287635,0.00232415239160343,0.002540174889668925,0.002561295311508016
MAR06665,0.002350184660095742,6.147594346156146e-05,0.002319109172603786,0.002319529224828765,0.0023241523916034306,0.002540174889668924,0.0025612953115080155
MAR06668,0.002350184660095742,6.147594346156154e-05,0.002319109172603786,0.002319529224828765,0.00232415239160343,0.002540174889668924,0.0025612953115080155
MAR06669,0.002350184660095655,6.147594346159062e-05,0.002319109172603803,0.0023195292248288663,0.002324152391603323,0.002540174889668925,0.0025612953115080163
MAR06672,188.23552235769031,243.72854116400788,-88.61912690296091,-42.8040436701809,105.40228909154894,821.7724582214462,891.8529238905033
MAR06673,577.8173871150849,227.98396552179628,24.091206031326646,81.14112233979874,670.1401154997434,785.4306748045038,965.3498339537603
MAR06674,-45.53275818756356,306.60311138355235,-315.61754831726876,-280.9497108230548,-170.11438102352355,859.1547011983637,970.8600077867532
MAR06675,-486.94229596111563,205.53149057870758,-933.0393265511349,-892.3244941992892,-484.1435544259034,-67.25956323710581,-13.627659622349142
MAR06676,-532.2869791121869,202.07249139539377,-995.8536580968924,-946.1539298915519,-512.1814355971462,-137.9773581704482,-100.52414135414695
MAR06677,0.0023501846600957436,6.147594346156148e-05,0.002319109172603787,0.0023195292248287622,0.0023241523916034314,0.0025401748896689254,0.0025612953115080163
MAR06678,0.002350184660095743,6.147594346156154e-05,0.002319109172603787,0.0023195292248287622,0.002324152391603431,0.0025401748896689254,0.0025612953115080163
MAR06679,0.0,0.0,0.0,0.0,0.0,0.0,0.0
MAR06680,0.0,0.0,0.0,0.0,0.0,0.0,0.0
MAR06682,0.004714033184494474,0.0001233093051990201,0.00465170153807184,0.004652544084685648,0.004661817297111685,0.005095118237998714,0.005137481874827127
MAR06687,0.004714033184494474,0.00012330930519902062,0.004651701538071841,0.004652544084685646,0.004661817297111683,0.0050951182379987145,0.005137481874827128
MAR06690,-0.004714033184494284,0.00012330930519910207,-0.005137481874827126,-0.005095118237998704,-0.004661817297111348,-0.004652544084686151,-0.004651701538072841
MAR06691,-0.0047140331844950315,0.00012330930519881977,-0.005137481874827125,-0.005095118237998696,-0.00466181729711247,-0.004652544084686203,-0.004651701538072937
MAR06692,0.004714033184494799,0.0001233093051989084,0.004651701538072907,0.004652544084686202,0.004661817297112107,0.005095118237998699,0.005137481874827126
MAR06693,0.004714033184494808,0.00012330930519888938,0.0046517015380723534,0.004652544084685913,0.004661817297112016,0.00509511823799869,0.005137481874827126
MAR06700,0.002350184660095743,6.147594346156159e-05,0.002319109172603787,0.0023195292248287622,0.0023241523916034306,0.0025401748896689254,0.0025612953115080163
MAR06701,0.0023501846600957428,6.147594346156146e-05,0.002319109172603787,0.0023195292248287635,0.00232415239160343,0.002540174889668925,0.002561295311508016
MAR06702,0.0023501846600957436,6.147594346156146e-05,0.002319109172603787,0.0023195292248287622,0.0023241523916034314,0.0025401748896689254,0.0025612953115080163
MAR06703,0.0023501846600957428,6.147594346156159e-05,0.0023191091726037865,0.002319529224828765,0.0023241523916034306,0.002540174889668925,0.002561295311508016
MAR06713,0.0,0.0,0.0,0.0,0.0,0.0,0.0
MAR06714,0.0,0.0,0.0,0.0,0.0,0.0,0.0
MAR06716,0.0,0.0,0.0,0.0,0.0,0.0,0.0
MAR06717,0.0,0.0,0.0,0.0,0.0,0.0,0.0
MAR06718,0.0,0.0,0.0,0.0,0.0,0.0,0.0
MAR06719,0.0,0.0,0.0,0.0,0.0,0.0,0.0
MAR06720,0.0,0.0,0.0,0.0,0.0,0.0,0.0
MAR06721,0.0,0.0,0.0,0.0,0.0,0.0,0.0
MAR06724,25.80560699536868,27.11314906404875,0.0040023558326960145,0.29905593355964716,16.06729010822902,86.69713951454129,131.71039533539647
MAR06725,0.5615506631877188,0.014688997595408612,0.5541255187272794,0.5542258855662865,0.5553305401972473,0.6069467298149329,0.6119932213063999
MAR06726,0.0,0.0,0.0,0.0,0.0,0.0,0.0
MAR06732,0.0,0.0,0.0,0.0,0.0,0.0,0.0
MAR06742,0.0,0.0,0.0,0.0,0.0,0.0,0.0
MAR06756,0.0,0.0,0.0,0.0,0.0,0.0,0.0
MAR06765,724.3794419428897,126.8772195649954,375.7227471673146,550.9107782842502,710.34799765733,954.7577253772494,959.9860639199275
MAR06768,300.2402295848008,171.1451309320998,1.1243760785704366,23.26438454479258,292.60776103065473,717.6651232984484,779.4210517516983
MAR06769,67.05377206953335,40.379144610420255,0.08571189247586092,4.659750066201867,68.97273396894913,121.30071484382955,140.9456840208569
MAR06772,15.533737384121917,13.368732311532064,0.0072697629883395655,0.21617607762892227,10.048591149311424,39.61099701549553,48.84814228470181
MAR06774,3.026719246602318e-14,8.953580226957017e-14,-1.0533678301847714e-13,-9.095979111705091e-14,3.775520470053741e-15,2.0227665702308973e-13,2.183054232265219e-13
MAR06776,3.026719246602318e-14,8.953580226957017e-14,-1.0533678301847716e-13,-9.095979111705091e-14,3.775520470053741e-15,2.022766570230897e-13,2.183054232265219e-13
MAR06778,3.14762763089436e-14,9.093166016682442e-14,-1.0533669827569204e-13,-9.096872577551966e-14,4.13683243128702e-15,2.068834381336515e-13,2.2311526667383493e-13
MAR06780,0.0,0.0,0.0,0.0,0.0,0.0,0.0
MAR06781,284.7064922006782,171.8765172026436,1.1075038438395943,22.324246830216087,281.6710358839272,710.0802512332501,779.0082944811655
MAR06797,0.0,0.0,0.0,0.0,0.0,0.0,0.0
MAR06807,0.0,0.0,0.0,0.0,0.0,0.0,0.0
MAR06825,0.0,0.0,0.0,0.0,0.0,0.0,0.0
MAR06841,0.0,0.0,0.0,0.0,0.0,0.0,0.0
MAR06849,0.0,0.0,0.0,0.0,0.0,0.0,0.0
MAR06854,0.0,0.0,0.0,0.0,0.0,0.0,0.0
MAR06877,0.0,0.0,0.0,0.0,0.0,0.0,0.0
MAR06883,0.0,0.0,0.0,0.0,0.0,0.0,0.0
MAR06887,-500.3067475579551,204.9305035686299,-929.3562344141883,-915.9701604774331,-480.35956657343314,-46.014239879226174,-11.136297267570939
MAR06911,145.94400170145687,168.8076305768027,-90.67163257894549,-30.14493833359731,91.84719578810132,575.8894069013103,629.0894718726406
MAR06912,533.0769958419494,40.18094405908803,465.62086208437944,483.1551184775738,530.7877363433944,628.9754145661195,641.019064954817
MAR06914,358.0966087975002,26.774036290078328,286.4329742971472,299.6626247224889,359.7788826142281,397.0288580937071,426.19628341573747
MAR06916,987.6113684088454,13.83175334458278,940.2451549662142,955.6822950541572,992.7509852676633,999.7157028625824,999.9823953167183
MAR06918,547.2888947386423,55.28802011070633,402.46827501139654,425.1401865982033,548.6970454097691,625.266197045853,636.5179501922437
MAR06921,74.57609017407097,60.03356877013206,3.0458689652670907,9.686682743221457,56.662887095816174,222.82749751537852,254.63632483097993
MAR06938,0.0,0.0,0.0,0.0,0.0,0.0,0.0
MAR06940,-783.6889466894531,142.20566136009396,-993.3062019179133,-972.06788498889,-808.6597391911173,-501.5697602219248,-360.78300849859926
MAR06970,0.0,0.0,0.0,0.0,0.0,0.0,0.0
MAR06974,459.43118718754965,76.14966784048113,51.95370150310848,412.0093584791504,458.86919851282164,577.5530782225134,589.0737424427081
MAR06986,5.5456134449604575e-15,2.4204340800772602e-14,-2.5708188887128134e-14,-1.1984460577285351e-14,1.959125363313773e-15,1.3545458560815862e-14,1.519714727823223e-13
MAR06987,2.2524210203522077e-15,3.710678087514974e-15,-2.702647979315477e-15,-2.2601450786610103e-15,7.22053040975594e-16,1.0221517731240792e-14,1.084199781621366e-14
MAR06990,0.0,0.0,0.0,0.0,0.0,0.0,0.0
MAR06992,3.3431352578151484e-16,3.715304290044093e-16,-3.20776387855929e-16,-2.191159137896089e-16,2.8675066226493356e-16,1.148954604717326e-15,1.3335087053672632e-15
MAR06993,6.686270515630297e-16,7.430608580088186e-16,-6.41552775711858e-16,-4.382318275792178e-16,5.735013245298671e-16,2.297909209434652e-15,2.6670174107345263e-15
MAR06994,3.3431352578151484e-16,3.715304290044094e-16,-3.207763878559291e-16,-2.19115913789609e-16,2.8675066226493356e-16,1.148954604717326e-15,1.3335087053672632e-15
MAR06995,-3.3431352578151484e-16,3.7153042900440933e-16,-1.3335087053672632e-15,-1.148954604717326e-15,-2.8675066226493356e-16,2.191159137896089e-16,3.207763878559291e-16
MAR06996,6.686270515630297e-16,7.430608580088188e-16,-6.415527757118582e-16,-4.38231827579218e-16,5.735013245298671e-16,2.297909209434652e-15,2.6670174107345263e-15
MAR06997,3.3431352578151484e-16,3.715304290044093e-16,-3.20776387855929e-16,-2.191159137896089e-16,2.8675066226493356e-16,1.148954604717326e-15,1.3335087053672632e-15
MAR06998,3.3431352578151484e-16,3.7153042900440933e-16,-3.207763878559291e-16,-2.19115913789609e-16,2.8675066226493356e-16,1.148954604717326e-15,1.3335087053672632e-15
MAR06999,3.3431352578151484e-16,3.715304290044093e-16,-3.20776387855929e-16,-2.191159137896089e-16,2.8675066226493356e-16,1.148954604717326e-15,1.3335087053672632e-15
MAR07000,3.3431352578151484e-16,3.715304290044093e-16,-3.20776387855929e-16,-2.191159137896089e-16,2.8675066226493356e-16,1.148954604717326e-15,1.3335087053672632e-15
MAR07001,9.805586112731369,11.291402336671188,0.00014449821916665947,0.0519532970421062,4.777726798815703,35.11943981803952,55.182318176163335
MAR07002,0.0,0.0,0.0,0.0,0.0,0.0,0.0
MAR07003,3.3431352578151484e-16,3.7153042900440933e-16,-3.207763878559291e-16,-2.19115913789609e-16,2.8675066226493356e-16,1.148954604717326e-15,1.3335087053672632e-15
MAR07004,1.0029405773445455e-15,1.1145912870132279e-15,-9.623291635677861e-16,-6.573477413688261e-16,8.602519867948053e-16,3.4468638141519807e-15,4.00052611610179e-15
MAR07005,3.3431352578151484e-16,3.715304290044093e-16,-3.20776387855929e-16,-2.191159137896089e-16,2.8675066226493356e-16,1.148954604717326e-15,1.3335087053672632e-15
MAR07006,3.3431352578151484e-16,3.7153042900440933e-16,-3.207763878559291e-16,-2.19115913789609e-16,2.8675066226493356e-16,1.148954604717326e-15,1.3335087053672632e-15
MAR07007,3.3431352578151484e-16,3.715304290044093e-16,-3.20776387855929e-16,-2.191159137896089e-16,2.8675066226493356e-16,1.148954604717326e-15,1.3335087053672632e-15
MAR07008,3.3431352578151484e-16,3.715304290044093e-16,-3.20776387855929e-16,-2.191159137896089e-16,2.8675066226493356e-16,1.148954604717326e-15,1.3335087053672632e-15
MAR07009,3.3431352578151484e-16,3.715304290044093e-16,-3.20776387855929e-16,-2.191159137896089e-16,2.8675066226493356e-16,1.148954604717326e-15,1.3335087053672632e-15
MAR07010,3.3431352578151484e-16,3.7153042900440933e-16,-3.207763878559291e-16,-2.19115913789609e-16,2.8675066226493356e-16,1.148954604717326e-15,1.3335087053672632e-15
MAR07013,3.3431352578151484e-16,3.7153042900440933e-16,-3.207763878559291e-16,-2.19115913789609e-16,2.8675066226493356e-16,1.148954604717326e-15,1.3335087053672632e-15
MAR07014,-3.3431352578151484e-16,3.715304290044093e-16,-1.3335087053672632e-15,-1.148954604717326e-15,-2.8675066226493356e-16,2.191159137896089e-16,3.207763878559291e-16
MAR07017,3.3431352578151484e-16,3.715304290044093e-16,-3.20776387855929e-16,-2.191159137896089e-16,2.8675066226493356e-16,1.148954604717326e-15,1.3335087053672632e-15
MAR07018,3.3431352578151484e-16,3.715304290044093e-16,-3.20776387855929e-16,-2.191159137896089e-16,2.8675066226493356e-16,1.148954604717326e-15,1.3335087053672632e-15
MAR07019,3.3431352578151484e-16,3.715304290044093e-16,-3.20776387855929e-16,-2.191159137896089e-16,2.8675066226493356e-16,1.148954604717326e-15,1.3335087053672632e-15
MAR07020,3.3431352578151484e-16,3.715304290044093e-16,-3.20776387855929e-16,-2.191159137896089e-16,2.8675066226493356e-16,1.148954604717326e-15,1.3335087053672632e-15
MAR07021,31.97391833091566,39.146509323141,0.0004906590589597527,0.37265001885417853,18.368566628943654,133.21741678973805,158.06816843573625
MAR07022,3.3431352578151484e-16,3.7153042900440933e-16,-3.207763878559291e-16,-2.19115913789609e-16,2.8675066226493356e-16,1.148954604717326e-15,1.3335087053672632e-15
MAR07023,3.3431352578151484e-16,3.7153042900440933e-16,-3.207763878559291e-16,-2.19115913789609e-16,2.8675066226493356e-16,1.148954604717326e-15,1.3335087053672632e-15
MAR07024,3.3431352578151484e-16,3.7153042900440933e-16,-3.207763878559291e-16,-2.19115913789609e-16,2.8675066226493356e-16,1.148954604717326e-15,1.3335087053672632e-15
MAR07025,3.3431352578151484e-16,3.715304290044093e-16,-3.207763878559291e-16,-2.19115913789609e-16,2.8675066226493356e-16,1.148954604717326e-15,1.3335087053672632e-15
MAR07026,3.343135257815149e-16,3.715304290044094e-16,-3.207763878559292e-16,-2.191159137896091e-16,2.8675066226493365e-16,1.148954604717326e-15,1.3335087053672632e-15
MAR07029,3.3431352578151484e-16,3.7153042900440933e-16,-3.207763878559291e-16,-2.19115913789609e-16,2.8675066226493356e-16,1.148954604717326e-15,1.3335087053672632e-15
MAR07030,3.3431352578151484e-16,3.7153042900440924e-16,-3.20776387855929e-16,-2.191159137896089e-16,2.8675066226493356e-16,1.1489546047173255e-15,1.3335087053672632e-15
MAR07031,3.3431352578151475e-16,3.715304290044092e-16,-3.207763878559288e-16,-2.1911591378960877e-16,2.8675066226493356e-16,1.1489546047173255e-15,1.3335087053672632e-15
MAR07032,3.3431352578151484e-16,3.715304290044093e-16,-3.20776387855929e-16,-2.191159137896089e-16,2.8675066226493356e-16,1.148954604717326e-15,1.3335087053672632e-15
MAR07033,3.3431352578151484e-16,3.715304290044093e-16,-3.20776387855929e-16,-2.191159137896089e-16,2.8675066226493356e-16,1.148954604717326e-15,1.3335087053672632e-15
MAR07034,3.3431352578151484e-16,3.715304290044094e-16,-3.207763878559291e-16,-2.19115913789609e-16,2.8675066226493356e-16,1.148954604717326e-15,1.3335087053672632e-15
MAR07036,0.0,0.0,0.0,0.0,0.0,0.0,0.0
MAR07037,0.0,0.0,0.0,0.0,0.0,0.0,0.0
MAR07038,3.3431352578151484e-16,3.7153042900440933e-16,-3.207763878559291e-16,-2.19115913789609e-16,2.8675066226493356e-16,1.148954604717326e-15,1.3335087053672632e-15
MAR07039,3.3431352578151484e-16,3.715304290044094e-16,-3.207763878559291e-16,-2.19115913789609e-16,2.8675066226493356e-16,1.148954604717326e-15,1.3335087053672632e-15
MAR07040,6.686270515630297e-16,7.430608580088188e-16,-6.415527757118582e-16,-4.38231827579218e-16,5.735013245298671e-16,2.297909209434652e-15,2.6670174107345263e-15
MAR07041,3.3431352578151484e-16,3.7153042900440933e-16,-3.207763878559291e-16,-2.19115913789609e-16,2.8675066226493356e-16,1.148954604717326e-15,1.3335087053672632e-15
MAR07042,3.3431352578151484e-16,3.715304290044093e-16,-3.20776387855929e-16,-2.191159137896089e-16,2.8675066226493356e-16,1.148954604717326e-15,1.3335087053672632e-15
MAR07043,0.0,0.0,0.0,0.0,0.0,0.0,0.0
MAR07044,0.0,0.0,0.0,0.0,0.0,0.0,0.0
MAR07045,0.0,0.0,0.0,0.0,0.0,0.0,0.0
MAR07046,3.3431352578151484e-16,3.7153042900440924e-16,-3.20776387855929e-16,-2.191159137896089e-16,2.8675066226493356e-16,1.1489546047173255e-15,1.3335087053672632e-15
MAR07047,3.3431352578151484e-16,3.715304290044093e-16,-3.20776387855929e-16,-2.191159137896089e-16,2.8675066226493356e-16,1.148954604717326e-15,1.3335087053672632e-15
MAR07048,6.686270515630297e-16,7.430608580088186e-16,-6.415527757118582e-16,-4.38231827579218e-16,5.735013245298671e-16,2.297909209434652e-15,2.6670174107345263e-15
MAR07049,-3.3431352578151484e-16,3.7153042900440933e-16,-1.3335087053672632e-15,-1.148954604717326e-15,-2.8675066226493356e-16,2.191159137896089e-16,3.207763878559291e-16
MAR07050,3.3431352578151484e-16,3.7153042900440933e-16,-3.207763878559291e-16,-2.19115913789609e-16,2.8675066226493356e-16,1.148954604717326e-15,1.3335087053672632e-15
MAR07052,3.3431352578151484e-16,3.715304290044093e-16,-3.20776387855929e-16,-2.191159137896089e-16,2.8675066226493356e-16,1.148954604717326e-15,1.3335087053672632e-15
MAR07053,9.195085972212034e-16,8.892974863834338e-16,-2.5190483972696723e-16,-1.1320633952870069e-16,6.627446251348076e-16,2.914558318760863e-15,3.180867369878012e-15
MAR07054,3.3431352578151484e-16,3.715304290044094e-16,-3.207763878559291e-16,-2.19115913789609e-16,2.8675066226493356e-16,1.148954604717326e-15,1.3335087053672632e-15
MAR07055,3.3431352578151484e-16,3.715304290044094e-16,-3.207763878559291e-16,-2.19115913789609e-16,2.8675066226493356e-16,1.148954604717326e-15,1.3335087053672632e-15
MAR07056,3.3431352578151484e-16,3.715304290044093e-16,-3.20776387855929e-16,-2.191159137896089e-16,2.8675066226493356e-16,1.148954604717326e-15,1.3335087053672632e-15
MAR07057,-7.387110433635147e-16,1.5722925608692084e-15,-4.262384691559732e-15,-3.4887519291756137e-15,-5.495577458618313e-16,1.8630347993058944e-15,2.287941080223835e-15
MAR07058,3.343135257815149e-16,3.715304290044094e-16,-3.207763878559292e-16,-2.191159137896091e-16,2.8675066226493365e-16,1.148954604717326e-15,1.3335087053672632e-15
MAR07059,1.0029405773445455e-15,1.1145912870132279e-15,-9.623291635677863e-16,-6.573477413688263e-16,8.602519867948054e-16,3.4468638141519807e-15,4.0005261161017904e-15
MAR07060,3.343135257815149e-16,3.715304290044094e-16,-3.207763878559292e-16,-2.191159137896091e-16,2.8675066226493365e-16,1.148954604717326e-15,1.3335087053672632e-15
MAR07062,3.3431352578151484e-16,3.715304290044093e-16,-3.20776387855929e-16,-2.191159137896089e-16,2.8675066226493356e-16,1.148954604717326e-15,1.3335087053672632e-15
MAR07065,3.3431352578151484e-16,3.7153042900440933e-16,-3.207763878559291e-16,-2.19115913789609e-16,2.8675066226493356e-16,1.148954604717326e-15,1.3335087053672632e-15
MAR07066,3.3431352578151484e-16,3.7153042900440933e-16,-3.207763878559291e-16,-2.19115913789609e-16,2.8675066226493356e-16,1.148954604717326e-15,1.3335087053672632e-15
MAR07067,3.3431352578151484e-16,3.715304290044093e-16,-3.20776387855929e-16,-2.191159137896089e-16,2.8675066226493356e-16,1.148954604717326e-15,1.3335087053672632e-15
MAR07068,3.9668200334430417e-16,9.450195716811486e-16,-2.7353020605336657e-15,-5.248854503106332e-16,1.6573265996651162e-16,3.2443666128173683e-15,3.3980836323400276e-15
MAR07069,3.966820033443042e-16,9.450195716811486e-16,-2.735302060533666e-15,-5.248854503106332e-16,1.6573265996651162e-16,3.2443666128173683e-15,3.3980836323400276e-15
MAR07070,3.3431352578151484e-16,3.715304290044093e-16,-3.20776387855929e-16,-2.191159137896089e-16,2.8675066226493356e-16,1.148954604717326e-15,1.3335087053672632e-15
MAR07078,1.0029405773445455e-15,1.1145912870132279e-15,-9.623291635677861e-16,-6.573477413688261e-16,8.602519867948053e-16,3.4468638141519807e-15,4.0005261161017904e-15
MAR07079,3.3431352578151484e-16,3.7153042900440933e-16,-3.207763878559291e-16,-2.19115913789609e-16,2.8675066226493356e-16,1.148954604717326e-15,1.3335087053672632e-15
MAR07080,3.3431352578151484e-16,3.7153042900440933e-16,-3.207763878559291e-16,-2.19115913789609e-16,2.8675066226493356e-16,1.148954604717326e-15,1.3335087053672632e-15
MAR07081,3.343135257815149e-16,3.715304290044094e-16,-3.207763878559292e-16,-2.191159137896091e-16,2.8675066226493365e-16,1.148954604717326e-15,1.3335087053672632e-15
MAR07082,6.686270515630297e-16,7.430608580088188e-16,-6.415527757118582e-16,-4.38231827579218e-16,5.735013245298671e-16,2.297909209434652e-15,2.6670174107345263e-15
MAR07083,3.3431352578151484e-16,3.7153042900440933e-16,-3.207763878559291e-16,-2.19115913789609e-16,2.8675066226493356e-16,1.148954604717326e-15,1.3335087053672632e-15
MAR07084,3.3431352578151484e-16,3.7153042900440933e-16,-3.207763878559291e-16,-2.19115913789609e-16,2.8675066226493356e-16,1.148954604717326e-15,1.3335087053672632e-15
MAR07085,3.3431352578151484e-16,3.715304290044094e-16,-3.207763878559291e-16,-2.19115913789609e-16,2.8675066226493356e-16,1.148954604717326e-15,1.3335087053672632e-15
MAR07086,3.343135257815149e-16,3.715304290044094e-16,-3.207763878559292e-16,-2.191159137896091e-16,2.8675066226493365e-16,1.148954604717326e-15,1.3335087053672632e-15
MAR07087,3.3431352578151484e-16,3.7153042900440933e-16,-3.207763878559291e-16,-2.19115913789609e-16,2.8675066226493356e-16,1.148954604717326e-15,1.3335087053672632e-15
MAR07088,6.686270515630297e-16,7.430608580088188e-16,-6.415527757118582e-16,-4.38231827579218e-16,5.735013245298671e-16,2.297909209434652e-15,2.6670174107345263e-15
MAR07089,3.3431352578151484e-16,3.7153042900440933e-16,-3.207763878559291e-16,-2.19115913789609e-16,2.8675066226493356e-16,1.148954604717326e-15,1.3335087053672632e-15
MAR07090,3.343135257815149e-16,3.715304290044094e-16,-3.207763878559292e-16,-2.191159137896091e-16,2.8675066226493365e-16,1.148954604717326e-15,1.3335087053672632e-15
MAR07099,0.0,0.0,0.0,0.0,0.0,0.0,0.0
MAR07100,0.0,0.0,0.0,0.0,0.0,0.0,0.0
MAR07103,3.3431352578151484e-16,3.7153042900440933e-16,-3.207763878559291e-16,-2.19115913789609e-16,2.8675066226493356e-16,1.148954604717326e-15,1.3335087053672632e-15
MAR07104,3.3431352578151484e-16,3.7153042900440933e-16,-3.207763878559291e-16,-2.19115913789609e-16,2.8675066226493356e-16,1.148954604717326e-15,1.3335087053672632e-15
MAR07106,0.0,0.0,0.0,0.0,0.0,0.0,0.0
MAR07108,-1.3372541031260594e-15,1.4861217160176371e-15,-5.334034821469053e-15,-4.595818418869304e-15,-1.1470026490597342e-15,8.764636551584352e-16,1.283105551423716e-15
MAR07109,1.3372541031260594e-15,1.4861217160176371e-15,-1.283105551423716e-15,-8.764636551584356e-16,1.1470026490597342e-15,4.595818418869304e-15,5.334034821469053e-15
MAR07110,-9.805586112731369,11.29140233667119,-55.18231817616334,-35.11943981803953,-4.7777267988157,-0.05195329704210621,-0.00014449821916665925
MAR07111,9.80558611273137,11.29140233667119,0.00014449821916665925,0.0519532970421062,4.777726798815702,35.11943981803952,55.18231817616334
MAR07112,-31.973918330915666,39.146509323141004,-158.06816843573625,-133.21741678973805,-18.368566628943654,-0.3726500188541802,-0.0004906590589591603
MAR07113,31.973918330915666,39.146509323141004,0.0004906590589591603,0.37265001885417676,18.368566628943654,133.21741678973805,158.06816843573625
MAR07114,-1.002940577344545e-15,1.1145912870132279e-15,-4.000526116101789e-15,-3.4468638141519843e-15,-8.602519867948051e-16,6.573477413688261e-16,9.623291635677863e-16
MAR07115,1.002940577344545e-15,1.1145912870132279e-15,-9.623291635677863e-16,-6.573477413688263e-16,8.602519867948051e-16,3.4468638141519843e-15,4.000526116101789e-15
MAR07116,-1.3372541031260594e-15,1.4861217160176373e-15,-5.334034821469053e-15,-4.595818418869304e-15,-1.1470026490597342e-15,8.764636551584356e-16,1.2831055514237163e-15
MAR07117,1.3372541031260594e-15,1.4861217160176373e-15,-1.2831055514237163e-15,-8.76463655158436e-16,1.1470026490597342e-15,4.595818418869304e-15,5.334034821469053e-15
MAR07118,-1.588135648784236e-15,1.3190099843760788e-15,-4.29672872893127e-15,-3.738609425096405e-15,-1.5035101155998856e-15,5.845266552409637e-16,8.934576154388245e-16
MAR07119,1.588135648784236e-15,1.3190099843760788e-15,-8.934576154388245e-16,-5.845266552409641e-16,1.5035101155998856e-15,3.738609425096405e-15,4.29672872893127e-15
MAR07120,-1.6715676289075788e-15,1.8576521450220488e-15,-6.667543526836316e-15,-5.744773023586651e-15,-1.4337533113246723e-15,1.0955795689480447e-15,1.6038819392796455e-15
MAR07121,1.6715676289075788e-15,1.8576521450220488e-15,-1.6038819392796455e-15,-1.0955795689480451e-15,1.4337533113246723e-15,5.744773023586651e-15,6.667543526836316e-15
MAR07122,-2.005881154689091e-15,2.2291825740264557e-15,-8.00105223220358e-15,-6.893727628303962e-15,-1.7205039735896105e-15,1.3146954827376517e-15,1.9246583271355722e-15
MAR07123,2.005881154689091e-15,2.2291825740264557e-15,-1.9246583271355722e-15,-1.3146954827376521e-15,1.7205039735896105e-15,6.8937276283039614e-15,8.00105223220358e-15
MAR07124,-6.686270515630297e-16,7.430608580088187e-16,-2.6670174107345263e-15,-2.297909209434652e-15,-5.735013245298671e-16,4.382318275792178e-16,6.415527757118582e-16
MAR07125,6.686270515630297e-16,7.430608580088187e-16,-6.415527757118582e-16,-4.38231827579218e-16,5.735013245298671e-16,2.297909209434652e-15,2.6670174107345263e-15
MAR07126,-3.3431352578151484e-16,3.715304290044093e-16,-1.3335087053672632e-15,-1.148954604717326e-15,-2.8675066226493356e-16,2.191159137896088e-16,3.20776387855929e-16
MAR07127,3.3431352578151484e-16,3.715304290044093e-16,-3.20776387855929e-16,-2.191159137896089e-16,2.8675066226493356e-16,1.148954604717326e-15,1.3335087053672632e-15
MAR07137,0.0,0.0,0.0,0.0,0.0,0.0,0.0
MAR07155,-3.2489948227168424e-15,4.6844234818331525e-15,-1.5206706195475863e-14,-1.460619765927456e-14,-1.813339575891485e-15,2.30890270262441e-15,3.3876824122897976e-15
MAR07160,3.0402098073913466,0.07952556639647428,3.0000104122347078,3.0005537937465347,3.0065343437893937,3.285982052042643,3.313303527968221
MAR07161,12.798486230366404,0.3347817851297871,12.629257315923931,12.631544809629432,12.656721357375371,13.833122945677632,13.94813919639055
MAR07178,30.63860722846584,24.865430033333844,0.11681841566604786,4.585436767428948,24.66211086969347,73.50979409780254,137.29633191226992
MAR07190,-0.6636360544703128,0.7669271173025413,-3.587014890669477,-2.1884723817444467,-0.35361554427660324,-0.00538779390680931,-4.216653294913398e-05
MAR07253,92.87642475759989,67.64413182592943,0.11237990314064467,10.340707226447917,69.70276148508948,237.7002286267615,303.26159645920654
MAR07638,463.585598705348,212.56126238281936,35.83969722155468,261.7376342817369,388.7336878481111,909.0767866730206,954.1336013318017
MAR07648,1.9686419177674456e-17,6.808612901242606e-16,-1.6016618411473928e-15,-1.5091833097657274e-15,1.5639446890247764e-17,1.2708380065722863e-15,1.2804279612362122e-15
MAR07649,-1.9686419177674456e-17,6.808612901242606e-16,-1.2804279612362122e-15,-1.2708380065722863e-15,-1.5639446890247764e-17,1.5091833097657274e-15,1.6016618411473928e-15
MAR07651,-1.96864191776744e-17,6.808612901242607e-16,-1.2804279612362122e-15,-1.2708380065722865e-15,-1.5639446890247764e-17,1.5091833097657272e-15,1.6016618411473926e-15
MAR07663,468.19496685809446,188.70646153177168,89.47039752372835,134.09261286150019,461.7997104367839,879.6315861839388,929.6236916653986
MAR07676,333.3534080140113,188.815727935305,1.324639777063755,27.67988041317064,309.4962844177872,796.7904789386571,883.3471810422686
MAR07682,0.0,0.0,0.0,0.0,0.0,0.0,0.0
MAR07690,-34.87100901274125,26.924801139893052,-99.0572987696524,-85.71228307414366,-28.18259033858115,-0.99459601819186,-0.016261955062166496
MAR07702,-416.3158048982305,196.24903017205028,-894.9563562865709,-851.3487228424347,-436.39763819469977,-38.761808285777015,-1.1325498135659018
MAR07703,18.291614463070374,19.317096744917535,0.029683848289096867,0.5405211166791761,9.779253823980813,59.5833531703674,77.94471339883907
MAR07705,3.9771660256743467e-14,7.260548581916715e-14,-4.2602993133335795e-14,-1.574363947756103e-14,6.304465086278442e-15,1.9408950038323524e-13,2.0236851532485521e-13
MAR07706,3.434704936330265e-14,6.748441122792008e-14,-4.5378397021566154e-14,-1.7377294108903257e-14,3.4447898805006913e-15,1.7811840872922e-13,1.9320439417954141e-13
MAR07708,434.60741936129915,196.66575608992773,1.9119799106567856,40.31325628758186,461.71426282277145,853.317839388432,898.0535844516198
MAR07709,0.0,0.0,0.0,0.0,0.0,0.0,0.0
MAR07723,4.1258265993623935,0.10792304411702296,4.071272557265421,4.072009972785363,4.080126094371895,4.459360706746207,4.496438303112599
MAR07735,63.66861442473909,53.021380669756056,1.3695986564258236,6.96744057131093,41.41777029419168,161.63006977774216,185.85783696030393
MAR07751,266.19650162834364,191.28402066051416,35.159060020790314,66.29158383700076,228.44820461932463,795.2407839021283,877.3201078352866
MAR07762,-281.4922095983686,97.66558321928045,-497.9399960409636,-474.4468011785099,-265.1171735948444,-71.2086561340483,-51.38216709708344
MAR07763,-11.814982022095105,9.165885263085714,-50.61283471905002,-27.312446676158018,-10.323205792541566,-0.34104440888083876,-0.006791883461325172
MAR07764,-26.887772939908377,18.211436941113615,-75.71148455882542,-59.04064559932317,-25.704952307884096,-1.087320858477031,-0.0018627571358128033
MAR07766,-247.5612679939193,268.4102261042577,-857.7741316721618,-808.4786183942538,-222.7384294060118,3.4860464964678575,778.5069095061443
MAR07768,247.5612679939186,268.41022610425733,-778.506909506144,-3.4860464964678664,222.73842940601185,808.4786183942547,857.774131672162
MAR07777,28.868857554748388,21.27300312976375,0.24492249000907268,1.691199525005001,25.91603327756401,66.4541152799941,86.96362216464163
MAR07778,651.4560348913823,188.20999159680056,122.88247467608733,177.63915178596025,650.1839385090037,961.1200792114955,990.2997731050299
MAR07779,28.868857554748196,21.273003129763705,0.2449224900090739,1.6911995250050451,25.916033277566026,66.45411527999363,86.9636221646411
MAR07780,651.4560348913831,188.20999159680045,122.88247467608731,177.63915178596034,650.1839385090009,961.1200792114957,990.2997731050301
MAR07781,533.9274749888386,160.8985348180802,218.0834875941496,239.85253147002095,515.4915878929039,884.1846220093541,943.7725529082259
MAR07786,2.303727521466004,0.060260721323357316,2.2732663168663896,2.273678065733356,2.278209844327633,2.48996213022202,2.5106650553503482
MAR07789,210.4542170661088,238.90158192661934,0.13855534709534723,8.704994391955296,93.64601472291386,803.9433081746345,890.5897406261993
MAR07791,210.45421706610867,238.9015819266194,0.1385553470950346,8.704994391954969,93.64601472291321,803.9433081746345,890.5897406261989
MAR07792,4.351485318324481,0.11382580694409346,4.293947487414019,4.294725235273931,4.3032852615075425,4.70326180153019,4.742367326772571
MAR07793,0.0,0.0,0.0,0.0,0.0,0.0,0.0
MAR07794,13.443886469954185,9.105718470556805,0.000931378567906728,0.5436604292385141,12.852476153942046,29.520322799661564,37.855742279412695
MAR07796,2.303727521465994,0.06026072132334879,2.27326631686639,2.2736780657333426,2.2782098443276233,2.48996213022198,2.510665055350303
MAR07797,-5.67117955084014e-15,2.3902859507423778e-14,-1.4951715186195279e-13,-1.4679732127083575e-14,-1.6733787294981226e-15,1.1241992025420785e-14,2.3763834126516962e-14
MAR07800,-358.89118302460935,170.6863203126358,-874.8361315099196,-584.0622619641633,-369.9239430087858,-64.28601616915556,-38.4841231342931
MAR07801,-303.45040228503746,252.66753950095642,-992.2281289517858,-907.8641539806586,-205.18661679574728,-58.589081050045884,1.711311502171725
MAR07804,72.20680313849732,66.06794767954797,0.11636397530259186,3.8829757765439474,54.70260259465469,260.3019308748713,283.2904315449032
MAR07810,353.6159456939148,238.81833946410833,54.49580919414643,95.78976821179566,280.2040158566248,925.1122900213112,991.5249153696035
MAR07814,-353.6159456939146,238.8183394641084,-991.5249153696036,-925.1122900213114,-280.20401585662455,-95.78976821179566,-54.495809194146204
MAR07819,664.8730942767213,138.61865792277342,419.1406640873483,435.540442565906,664.8597932368899,977.9194997868398,995.8863054380765
MAR07824,-354.2239876553868,238.83060587928819,-992.1875672120318,-925.7694911859766,-280.8069935649278,-96.39126774281179,-55.09680753764957
MAR07856,0.0,0.0,0.0,0.0,0.0,0.0,0.0
MAR07857,0.9120629422173921,0.02385766991894713,0.9000031236703786,0.9001661381239505,0.9019603031368053,0.9857946156127935,0.9939910583904662
MAR07860,0.6080419614780426,0.015905113279259166,0.6000020824467289,0.600110758749058,0.6013068687576639,0.6571964104081918,0.6626607055932944
MAR07861,0.912062942217391,0.023857669918947732,0.9000031236703756,0.9001661381239484,0.9019603031368022,0.9857946156127939,0.9939910583904661
MAR07862,0.6080419614782754,0.015905113279291973,0.6000020824469583,0.6001107587493033,0.6013068687578946,0.6571964104085282,0.6626607055936439
MAR07865,-216.18385505519103,225.40120133038334,-881.0528014203192,-813.806256491484,-131.70588899460125,-17.571246012412097,-3.8620837500317293
MAR07868,354.18812447027847,234.8793864370022,77.21104791234532,103.93506497813662,272.06748014444275,924.7816056942719,992.1898303318975
MAR07870,0.0,0.0,0.0,0.0,0.0,0.0,0.0
MAR07872,-6.236245467046477,11.027881698599996,-40.28136881545129,-26.306598596944575,-3.9422361062190703,13.425504572676314,19.33364924740124
MAR07874,-347.9518790032313,235.71516941418045,-992.1861955968867,-924.8583616840716,-272.0687936110851,-98.36366969420104,-63.47274824930088
MAR07886,-30.725975234873513,18.53065183694051,-92.44536989784557,-68.08912266219868,-27.008824288460488,-8.952193647866181,-6.047829296394813
MAR07890,-72.81484509997514,66.06235264236744,-283.8917786687284,-260.9029612986771,-55.30341803827527,-4.483579698174097,-0.7790234641961165
MAR07942,147.1706382957946,239.52734290912488,-868.4220851680712,-46.448650902479436,136.32303122656054,620.1639282530559,674.1792383514185
MAR07943,-155.7177940894859,339.3696901282502,-507.00221102024386,-450.99275426417887,-283.2882323935063,839.0913827933729,938.0371274297629
MAR07946,12.145748203202995,11.159561305218471,0.0030361689306304916,0.6572551709560419,9.683312735031379,33.69444587403435,67.73585206919482
MAR07955,-1.5570033346651193e-14,2.4999995065350148e-14,-7.28682279885149e-14,-6.983597976940937e-14,-9.896062136715653e-16,5.69327374514031e-15,7.453656548853077e-15
MAR07956,1.514585961631695e-14,2.5105132741031756e-14,-1.0217225248337808e-14,-6.879849744062635e-15,6.411745463675727e-16,6.940266866984845e-14,7.213317899874038e-14
MAR07968,515.2809561051004,197.79744775626673,56.75584356304158,121.76164265653186,507.65630157983344,919.3609102109037,989.6779378433218
MAR07969,-335.22658678664817,379.8889931139739,-992.8354096807285,-936.3160579245937,-363.1590653901402,631.308165887267,756.1518149361862
MAR07970,0.0,0.0,0.0,0.0,0.0,0.0,0.0
MAR07974,2.89870933509631e-14,5.670370379459237e-14,-5.876340331288775e-14,-3.277288876422574e-14,7.925940936706743e-15,1.721496598431204e-13,2.2930516996384554e-13
MAR07975,3.253836549761834e-14,5.522545945903674e-14,-5.011039164510803e-14,-2.333567393666821e-14,1.140528391971748e-14,1.693672013053236e-13,2.2801087865402765e-13
MAR07976,125.51709596439461,63.432389513300734,0.8225267025149431,7.000997540717242,145.4775850605206,200.24285947938554,220.02253050093978
MAR07978,-1.629666280631887e-14,2.591277279191938e-14,-7.498009000796802e-14,-7.21416448866557e-14,-2.628397997193965e-15,6.503250984976803e-15,1.0036899649084437e-14
MAR07993,0.0,0.0,0.0,0.0,0.0,0.0,0.0
MAR07994,0.0,0.0,0.0,0.0,0.0,0.0,0.0
MAR07995,0.0,0.0,0.0,0.0,0.0,0.0,0.0
MAR07996,0.0,0.0,0.0,0.0,0.0,0.0,0.0
MAR07997,0.0,0.0,0.0,0.0,0.0,0.0,0.0
MAR08009,0.0023501846600957428,6.147594346156136e-05,0.002319109172603786,0.0023195292248287644,0.0023241523916034306,0.002540174889668924,0.002561295311508015
MAR08010,-0.007050553980287288,0.0001844278303846546,-0.007683885934524052,-0.0076205246690067546,-0.0069724571748103845,-0.006958587674486314,-0.006957327517811522
MAR08020,-1.6069157935548355e-14,3.8678687483860296e-14,-1.746272580230313e-13,-7.876863566855759e-14,-5.648496615003998e-15,3.302628357961291e-14,4.551112617158471e-14
MAR08021,1.6325207206946255e-14,3.964072496668703e-14,-5.189363147949024e-14,-3.8076178755887284e-14,6.600376839973605e-15,8.216331862622178e-14,1.7468164697282124e-13
MAR08023,459.43118718754926,76.14966784048106,51.9537015031085,412.0093584791501,458.8691985128212,577.5530782225131,589.073742442708
MAR08034,34.87100901274124,26.924801139893045,0.01626195506216723,0.9945960181918356,28.18259033858112,85.7122830741436,99.05729876965239
MAR08035,34.87100901274123,26.924801139893056,0.016261955062166496,0.9945960181918454,28.182590338581107,85.71228307414366,99.0572987696524
MAR08036,256.5961201116071,139.64129381155817,3.808012352734548,21.078606844140445,258.606559959895,456.98832425609567,692.6627289633275
MAR08037,17.15221609907977,15.596912780358453,0.0008990752422296681,0.2301812337020237,11.176729436362542,49.073052022233895,64.10265423576762
MAR08038,183.85389398359624,239.89913549127928,0.7440090889097206,4.914275773421194,79.56730155420334,867.41903615094,941.3602502517476
MAR08039,-20.227890260734977,14.271275335228985,-64.39052922687651,-43.46976194259893,-18.669552464022004,-0.3154729771671035,-0.0008968783494809469
MAR08040,20.22789026073498,14.271275335228989,0.000896878349481234,0.3154729771671003,18.669552464022,43.469761942598936,64.39052922687652
MAR08041,20.22789026073498,14.271275335228983,0.0008968783494843275,0.31547297716710015,18.669552464022004,43.46976194259892,64.3905292268765
MAR08042,-189.26593339672354,87.95154304286852,-375.62798541862384,-313.80965481283914,-206.8590264337367,-23.514370114218405,-1.0314545318416164
MAR08043,189.26593339672354,87.95154304286852,1.0314545318416164,23.51437011421793,206.8590264337367,313.8096548128391,375.62798541862384
MAR08044,189.26593339672354,87.95154304286852,1.0314545318416164,23.51437011421793,206.8590264337367,313.8096548128391,375.62798541862384
MAR08048,-9.239342179061829,9.57727819445702,-44.96753401156149,-32.63357166242164,-6.1016336847138035,-0.4172610549997846,-0.004529507506016715
MAR08049,9.23934217906183,9.57727819445702,0.004529507506016604,0.4172610549997847,6.10163368471381,32.63357166242164,44.96753401156148
MAR08050,9.239342179061827,9.57727819445702,0.004529507506016715,0.4172610549997862,6.101633684713796,32.63357166242164,44.96753401156149
MAR08051,-18.103191399919066,18.658027251972058,-77.18239130484648,-60.51516815703991,-11.275986734238835,-0.09726841509196614,-0.0002340044586796896
MAR08052,18.10319139991906,18.658027251972058,0.0002340044586803063,0.09726841509196532,11.275986734238824,60.51516815703986,77.18239130484648
MAR08053,18.103191399919066,18.658027251972054,0.0002340044586796896,0.09726841509196542,11.275986734238835,60.515168157039845,77.18239130484646
MAR08054,0.0,0.0,0.0,0.0,0.0,0.0,0.0
MAR08055,0.0,0.0,0.0,0.0,0.0,0.0,0.0
MAR08066,0.0,0.0,0.0,0.0,0.0,0.0,0.0
MAR08067,0.0,0.0,0.0,0.0,0.0,0.0,0.0
MAR08068,0.0,0.0,0.0,0.0,0.0,0.0,0.0
MAR08069,0.0,0.0,0.0,0.0,0.0,0.0,0.0
MAR08080,0.0,0.0,0.0,0.0,0.0,0.0,0.0
MAR08088,75.4253605283054,101.8415500097261,0.01679050791870129,1.955712272912149,43.63699141381674,385.1751564977856,428.48668919833824
MAR08089,75.42536052830543,101.84155000972612,0.016790507918701156,1.9557122729121699,43.63699141381676,385.1751564977857,428.4866891983383
MAR08091,0.0,0.0,0.0,0.0,0.0,0.0,0.0
MAR08092,0.0,0.0,0.0,0.0,0.0,0.0,0.0
MAR08096,-99.12628716173892,62.78033264319131,-311.77615139642995,-233.8132351411855,-85.5878390494713,-15.86009661761454,-9.882657858017259
MAR08097,99.1262871617389,62.78033264319131,9.882657858017257,15.860096617614511,85.58783904947128,233.81323514118546,311.77615139642995
MAR08098,1.0560367526528303e-14,7.708585922492144e-15,-3.299900505561055e-15,6.801200997821236e-16,1.0016996095198613e-14,2.364591708243105e-14,2.8019442187536272e-14
MAR08099,0.0,0.0,0.0,0.0,0.0,0.0,0.0
MAR08102,0.0,0.0,0.0,0.0,0.0,0.0,0.0
MAR08104,-3.5619126947321595e-14,5.53120082004622e-14,-2.210846615422875e-13,-1.6473091236816715e-13,-1.6695113078101556e-14,2.979296568085846e-14,5.847018722700496e-14
MAR08132,125.90213531230253,46.21244694356769,5.434727082121675,21.54950038278905,129.96173416145027,189.97702634635814,258.3839178156534
MAR08144,-135.77358160344454,300.755333610657,-915.4979903854721,-358.4632071488823,-208.17616673132784,710.121630544747,805.1711833422817
MAR08218,24.683877212813524,15.31142273649486,0.7024469516614434,2.6973322254834113,23.353149156241358,54.25194342614642,68.27560539087955
MAR08234,0.0,0.0,0.0,0.0,0.0,0.0,0.0
MAR08240,0.0,0.0,0.0,0.0,0.0,0.0,0.0
MAR08274,0.9120629422173947,0.02385766991894684,0.900003123670391,0.9001661381239522,0.9019603031368011,0.9857946156127967,0.993991058390467
MAR08301,-0.9120629422173923,0.023857669918947073,-0.9939910583904662,-0.9857946156127935,-0.9019603031368055,-0.9001661381239513,-0.9000031236703787
MAR08345,0.0,0.0,0.0,0.0,0.0,0.0,0.0
MAR08349,0.0,0.0,0.0,0.0,0.0,0.0,0.0
MAR08350,0.0,0.0,0.0,0.0,0.0,0.0,0.0
MAR08352,450.2250701845846,196.77856772995904,40.197411156809416,75.90876516833359,448.1440373066482,821.6473561352394,936.3759736891931
MAR08353,-450.2250701845847,196.77856772995906,-936.3759736891932,-821.6473561352396,-448.14403730664867,-75.90876516833363,-40.19741115680941
MAR08356,0.0,0.0,0.0,0.0,0.0,0.0,0.0
MAR08357,0.0,0.0,0.0,0.0,0.0,0.0,0.0
MAR08358,0.0,0.0,0.0,0.0,0.0,0.0,0.0
MAR08359,-133.91415858084247,207.43158371471824,-855.5914902328798,-769.9341043962053,-70.2911389206844,-3.990291200482279,-0.03166327785367829
MAR08360,133.91415858084244,207.43158371471822,0.03166327785367886,3.990291200482279,70.29113892068442,769.9341043962053,855.5914902328798
MAR08364,13.387569370897891,11.115470946701695,0.07144574133726832,1.5386221762408994,9.448840171613302,37.540944468907114,55.90625146334823
MAR08370,0.0,0.0,0.0,0.0,0.0,0.0,0.0
MAR08408,-934.4158449695535,37.92917904153492,-997.0901563075714,-989.4129389730862,-935.1136242557843,-861.422949350491,-834.7748210410044
MAR08410,218.77515164847424,97.24360818034728,21.99465112450199,52.688548391277685,210.40240546006356,461.8592475359922,492.8245169740491
MAR08411,437.5503032969489,194.48721636069445,43.98930224900396,105.37709678255538,420.8048109201277,923.7184950719846,985.6490339480983
MAR08412,23.629964044190206,18.331770526171425,0.013583766922650394,0.6820888177616771,20.646411585083136,54.624893352316015,101.22566943810004
MAR08413,11.814982022095105,9.165885263085714,0.0067918834613251745,0.3410444088808388,10.323205792541568,27.31244667615801,50.61283471905002
MAR08414,232.78251146007963,212.9253481329853,0.051710507927172855,4.567430884553467,188.27617802485753,794.8797193244274,868.9969361752072
MAR08415,116.39125573003973,106.46267406649267,0.02585525396345431,2.283715442276554,94.13808901242865,397.4398596622136,434.49846808760356
MAR08418,-170.4395511504829,351.6866005571941,-934.3855626258375,-857.8763478849645,-132.21253298694376,200.79326931349866,887.731079092585
MAR08445,4.1258265993623935,0.10792304411702315,4.071272557265421,4.07200997278536,4.080126094371895,4.4593607067462075,4.496438303112599
MAR08449,-187.90073372875523,93.52864660806937,-367.23270831809623,-320.4743428655075,-200.36921237429402,-20.418282979806502,-3.743703460336974
MAR08451,535.8526127319842,194.44831149847408,99.40227798802565,143.91477620859467,505.6841031076564,948.1832355356189,995.9298990572207
MAR08452,-72.20680313849756,66.06794767954784,-283.2904315449032,-260.30193087487135,-54.70260259465498,-3.88297577654451,-0.11636397530310885
MAR08453,6.236245467050459,11.027881698598696,-19.333649247390895,-13.42550457266361,3.942236106223902,26.306598596951734,40.2813688154522
MAR08454,-124.49813008267276,275.8677126140087,-394.70575281084115,-357.34186571164423,-214.11443596734017,708.7435008431262,811.6043171379494
MAR08456,27.499882807785394,74.03521605570974,-65.96456246021705,-42.87107314530878,6.730882971161009,243.73315553828158,276.151075152595
MAR08457,366.6407739948798,234.80955599816872,63.64801683897036,100.00072943439129,305.52921964972245,926.014436503569,992.2026802241795
MAR08458,376.8683239831418,232.20976414435248,80.50429682904834,106.10418842928276,309.78587333435144,926.2822606685617,992.2235459017985
MAR08459,-376.8683239831446,232.2097641443517,-992.2235459017986,-926.282260668563,-309.78587333435695,-106.10418842928347,-80.5042968290486
MAR08460,-188.69646742128884,93.7504001483136,-363.13377941460163,-319.6687816930919,-204.58766739395043,-21.74530251234339,-3.739040180761006
MAR08461,-369.32538085327917,231.58737027965196,-992.1996955924808,-925.2523214965049,-307.6564044860765,-105.25359152258133,-69.49777110562485
MAR08462,-343.1648407894801,237.96106439672766,-992.1736279338528,-924.6886012704298,-266.76552784861053,-92.22825657750471,-50.8200739386092
MAR08463,541.5437725658419,196.48930679131277,100.51077551731309,145.16902743886254,519.3398718574994,948.8972352411687,995.9396763999016
MAR08464,-11.023283680797974,14.121382396966,-63.38279230964736,-33.91744708958123,-7.5319761974881345,7.995262460524845,21.83472929544439
MAR08465,-541.5437725658412,196.48930679131306,-995.9396763999022,-948.8972352411697,-519.3398718574995,-145.16902743886266,-100.51077551731301
MAR08466,188.69646742129024,93.75040014831511,3.739040180760526,21.745302512343464,204.58766739395043,319.6687816930975,363.133779414606
MAR08467,120.53907752628028,258.0824499154269,-220.80964598828865,-141.95455078001208,46.42539916540162,864.0229289181121,944.1484981786731
MAR08468,-366.6407739948766,234.80955599816943,-992.202680224178,-926.0144365035673,-305.52921964971887,-100.00072943439095,-63.64801683896832
MAR08469,-443.30674965563963,236.8259806295023,-991.127048526637,-916.185468017934,-374.48721280879073,-155.81243734893238,-67.86879098409287
MAR08474,0.0,0.0,0.0,0.0,0.0,0.0,0.0
MAR08481,-29.813912292655022,18.530492972270494,-91.54421989436936,-67.18860115415163,-26.10724387533648,-8.049123856856214,-5.144436724021937
MAR08498,13.387569370897877,11.11547094670169,0.07144574133726565,1.538622176240883,9.448840171613305,37.54094446890709,55.906251463348205
MAR08499,13.387569370897944,11.115470946701743,0.07144574133727187,1.538622176240936,9.448840171613297,37.54094446890725,55.90625146334844
MAR08501,13.387569370897944,11.115470946701743,0.07144574133726565,1.5386221762409336,9.448840171613298,37.54094446890725,55.90625146334844
MAR08502,0.0,0.0,0.0,0.0,0.0,0.0,0.0
MAR08503,0.0,0.0,0.0,0.0,0.0,0.0,0.0
MAR08504,13.387569370897946,11.115470946701743,0.07144574133726965,1.5386221762409351,9.448840171613298,37.54094446890726,55.90625146334844
MAR08505,0.0,0.0,0.0,0.0,0.0,0.0,0.0
MAR08506,0.0,0.0,0.0,0.0,0.0,0.0,0.0
MAR08507,-2.1829443058299376e-16,3.601527512134278e-16,-9.534059177779735e-16,-9.40490850776673e-16,-4.744020014695028e-17,2.4239650246023933e-16,7.905651803054609e-16
MAR08508,9.051541475289068e-18,1.6012481172126536e-17,-1.7625613856064327e-17,-8.083456023088965e-18,1.6199622713092972e-18,3.566504177581858e-17,5.5304156017519533e-17
MAR08512,-107.37378215142564,54.52457434745009,-237.46578270851705,-207.84668270867138,-102.07520013010583,-29.400254725809493,6.518959350940804
MAR08530,-145.55307684922144,242.9506829699758,-942.1048258816412,-845.373905928519,-55.528390774011015,55.74254771710645,130.08708181553985
MAR08531,-61.17100713813771,69.37954787116293,-440.3741780712119,-122.61683985022852,-48.21755326829971,-2.903971835432538,-0.016178657949014144
MAR08539,11.921961358421788,10.313315484163553,0.016332191904251094,0.17996656814833595,9.944446345152068,32.6956580666388,48.727089039285644
MAR08546,0.0,0.0,0.0,0.0,0.0,0.0,0.0
MAR08547,4.8320417947028274e-15,1.5581107787401974e-14,-3.4530119833132186e-14,-2.5237371263754885e-14,3.8377487837749084e-15,2.3964552064560178e-14,6.237616356555921e-14
MAR08549,-2.5276036309962166e-15,1.1882674125518778e-14,-3.283639503020752e-14,-2.4308790079958853e-14,-1.0966143069716408e-15,8.899362033668754e-15,4.757440833726985e-14
MAR08551,162.46518407993136,91.2658246902661,0.10100394338745093,2.447386322627769,173.05096494074309,300.6011636746847,484.0070823067426
MAR08556,0.0,0.0,0.0,0.0,0.0,0.0,0.0
MAR08562,0.0,0.0,0.0,0.0,0.0,0.0,0.0
MAR08563,0.0,0.0,0.0,0.0,0.0,0.0,0.0
MAR08566,38.32416617701184,26.436398279343166,0.0026796956059717833,0.4237249520321995,36.06352592687183,80.91422220787184,95.45631672461897
MAR08586,0.0,0.0,0.0,0.0,0.0,0.0,0.0
MAR08593,1.6066094468300815e-14,2.554636238663993e-14,-1.1359293656305062e-14,-6.8948606602465396e-15,2.9006876770500375e-15,7.105785203766119e-14,7.377951367996407e-14
MAR08594,-1.513137439090422e-14,2.506244998586806e-14,-7.195272354160719e-14,-6.929522837221659e-14,-6.012344580427888e-16,7.156295462553749e-15,1.1072690290805181e-14
MAR08595,-25.076439986539583,22.54294076686121,-126.57457333476032,-72.85085537412337,-20.23455406444566,-2.3512811664501316,-0.010454437388261795
MAR08596,6.606034932871709,5.94898033506532,0.0006374314122917203,0.07217829078912434,4.760846734579987,18.06168400338935,25.678526380516196
MAR08597,6.606034932871711,5.948980335065318,0.0006374314122916024,0.07217829078912423,4.760846734579987,18.061684003389328,25.6785263805162
MAR08598,18.47040505366534,20.039678311141042,0.003883711827593398,0.8284383822367247,13.809044919665032,57.29531323022457,125.70751366528151
MAR08599,18.470405053665342,20.039678311141042,0.0038837118275933816,0.8284383822367203,13.809044919665034,57.29531323022458,125.70751366528152
MAR08600,-10.812722047338168,9.933157812554462,-47.6291314462854,-28.874732260884684,-8.436748019915179,-0.00957792566782227,-0.0005140817325646606
MAR08601,10.812722047338166,9.933157812554462,0.0005140817325646606,0.00957792566782227,8.436748019915179,28.874732260884684,47.6291314462854
MAR08602,10.812722047338168,9.933157812554462,0.0005140817325646606,0.00957792566782227,8.436748019915179,28.874732260884684,47.6291314462854
MAR08603,338.79125720193133,113.74876401100167,57.12006752757884,111.9191720822419,341.5773517310412,532.039207009613,644.007232180365
MAR08604,338.79125720193167,113.74876401100157,57.120067527578904,111.9191720822421,341.57735173104084,532.0392070096135,644.0072321803651
MAR08605,338.79125720193167,113.74876401100153,57.120067527578854,111.91917208224207,341.57735173104084,532.0392070096132,644.0072321803649
MAR08612,0.004714033184494474,0.00012330930519901967,0.00465170153807184,0.004652544084685651,0.004661817297111685,0.005095118237998713,0.005137481874827126
MAR08613,0.002357016592247237,6.165465259950982e-05,0.00232585076903592,0.0023262720423428253,0.0023309086485558423,0.0025475591189993564,0.002568740937413563
MAR08614,0.004714033184494474,0.0001233093051990197,0.00465170153807184,0.004652544084685651,0.004661817297111685,0.005095118237998713,0.005137481874827126
MAR08615,0.004714033184494474,0.00012330930519901983,0.00465170153807184,0.00465254408468565,0.004661817297111685,0.005095118237998713,0.005137481874827126
MAR08616,0.004714033184494474,0.00012330930519901953,0.004651701538071838,0.004652544084685648,0.004661817297111688,0.005095118237998713,0.005137481874827126
MAR08617,0.004714033184494473,0.0001233093051990196,0.004651701538071839,0.004652544084685648,0.004661817297111688,0.005095118237998713,0.005137481874827126
MAR08631,6.704417738458123,4.376261192580955,0.10431860257579162,0.48110696749162335,6.414120847511908,14.420804293125776,20.355081899080215
MAR08632,34.26233276988496,35.030088423004074,0.023453308551184084,1.4260845291059994,26.766606196473226,130.27310830939126,146.97885242509616
MAR08635,36.40124574564294,28.322737841197025,0.40909665967277986,3.01542778678017,32.34377774524987,101.80391633322716,123.05894228680577
MAR08643,348.1489984782272,186.78056746363728,37.29580941635884,44.02971737729969,347.0724984307119,802.389977344911,882.245866073169
MAR08645,352.78784486052695,204.5878615904323,32.96648625310588,64.90400868787096,313.9235745696864,880.1912111086097,948.0844683872929
MAR08646,938.5728126377693,33.40368313637985,857.5150010959928,890.1692264316964,932.4623500529833,996.5462681584444,999.6722710451699
MAR08653,0.0,0.0,0.0,0.0,0.0,0.0,0.0
MAR08654,0.0,0.0,0.0,0.0,0.0,0.0,0.0
MAR08659,889.7932219604191,75.12200269740687,663.0022217656416,703.2233917277874,891.3337386084029,984.527201503952,997.009334377252
MAR08660,91.34861565802454,72.8028010606647,1.3943010891547485,5.703188367277484,86.06659789206955,275.4437978573947,305.2666062674554
MAR08662,-248.00806528166552,166.81286741074615,-898.4148091361017,-526.3493378455552,-211.11678937683573,-48.46440326167671,17.10343773145479
MAR08663,-248.00806528166584,166.81286741074572,-898.4148091360983,-526.3493378455553,-211.11678937683757,-48.46440326167575,17.10343773145422
MAR08676,846.5080290072489,63.137944137373296,667.2008210523186,754.4732772714394,840.698158801182,962.0004760984752,980.9776450593703
MAR08678,-23.800206752381747,378.3558938414956,-916.9488917264704,-369.92646586876714,-151.45166324189296,812.7455190721087,932.4211376160246
MAR08698,-44.32356492893164,147.0374431605404,-880.7433931149984,-117.88817890673789,-30.52183091095253,117.30254818586484,282.8800225768259
MAR08699,298.7044234187657,138.83183636587242,3.8927383161143325,39.050492659011795,328.52697923337234,486.0459107965981,549.9589048933269
MAR08700,10.826339192427458,9.751788320779987,0.0035748657019996806,1.1392927792542638,7.809546505851365,31.350459115443844,42.38585157250652
MAR08702,-0.0070642178445902495,0.00018478524866056377,-0.007698777186335144,-0.007635293127667635,-0.006985969688715211,-0.006972073309514357,-0.006970810710675757
MAR08709,-126.28224543638672,254.72288282365002,-941.445725519289,-838.4201547885834,-34.730516559174276,118.40687770200898,190.14725038792585
MAR08711,49.17784030915564,232.59080331983688,-672.8258096797887,-573.2315835762482,85.19857553209215,324.72316879823387,374.29440035032565
MAR08713,314.86550883677273,222.3216401655379,20.546826243757998,65.40852360701399,240.00645262665267,911.7056101136285,986.8737274134637
MAR08714,314.8655088367735,222.3216401655381,20.54682624375802,65.40852360701389,240.00645262665324,911.7056101136286,986.8737274134639
MAR08715,314.8655088367734,222.321640165538,20.54682624375799,65.4085236070139,240.00645262665333,911.7056101136285,986.8737274134639
MAR08716,43.85995512924502,27.78855373842199,1.4802096529053672,7.103286495897401,48.53327798009772,93.4654066531677,118.3280665254023
MAR08720,886.6347824476136,80.03002089226203,676.4363455365087,720.844621410295,907.0873189658463,987.8178964156037,999.5153010619507
MAR08722,72.52206304773304,57.73473508941935,2.8824475476280482,6.695003765637198,60.400010648657684,213.97576351435936,269.5201932598472
MAR08752,61.171007138137774,69.37954787116293,0.01617865794908592,2.90397183543253,48.21755326829974,122.61683985022883,440.3741780712118
MAR08753,61.17100713813777,69.37954787116293,0.01617865794907973,2.9039718354325306,48.21755326829974,122.6168398502288,440.3741780712118
MAR08756,133.9141585808425,207.43158371471827,0.031663277853678305,3.990291200482279,70.29113892068445,769.9341043962054,855.5914902328798
MAR08757,10.855813849098801,6.175639349243218,0.34030719223321754,1.148733068766882,10.566755226354118,20.14131525884482,28.62467246636435
MAR08758,188.322524500788,80.11765709108231,9.884157295306528,20.57734469431754,208.5338643710138,285.97788140783433,303.7465472648671
MAR08760,82.88225961354317,128.3746759704539,1.8179164535203316,11.161521390394203,64.38549882790588,128.71643380735375,881.5552559454488
MAR08761,31.494269134977916,23.791421960421854,0.014725946017035764,0.5118228509950911,33.21637154171305,69.77249439427531,103.08818813663125
MAR08762,31.494269134977912,23.791421960421857,0.014725946017032532,0.5118228509950908,33.216371541713016,69.77249439427538,103.08818813663133
MAR08765,0.0,0.0,0.0,0.0,0.0,0.0,0.0
MAR08772,1.79344763013416e-14,8.367634844292304e-14,-1.504116093054824e-13,-8.727461647879735e-14,1.011503856906215e-16,1.615133071090716e-13,1.8635624803675988e-13
MAR08773,-8.067530335758497e-15,9.374109392079123e-14,-1.606676658312626e-13,-1.2248136487913124e-13,-3.375848732138981e-14,1.5603422477236348e-13,1.8134304284821281e-13
MAR08775,-7.485076601117342e-15,9.302071330213452e-14,-1.5484513393481696e-13,-1.2282201046086423e-13,-3.2894224240291906e-14,1.5476785228868335e-13,1.8044204444742216e-13
MAR08776,-4.669922067488694e-15,1.3148274887479191e-14,-4.742979890724108e-14,-3.043125088399798e-14,-2.39999538660974e-15,1.4963160314096783e-14,3.6779054653371724e-14
MAR08777,-6.139425113931321e-15,1.2479336981290105e-14,-4.914801384536978e-14,-3.0852303304410415e-14,-3.129519510697539e-15,1.1705511405217769e-14,3.469231512723307e-14
MAR08778,-1.5335855577195397e-14,1.6518063742629545e-14,-5.179406420220039e-14,-4.765120038153319e-14,-1.0689010016917287e-14,4.073134900984583e-15,1.7831781771675415e-14
MAR08779,434.60741936129835,196.66575608992733,1.9119799106567545,40.31325628758185,461.71426282277065,853.3178393884314,898.0535844516197
MAR08782,17.818877386995034,16.202749233645633,0.0007198902616487601,0.053164506870601105,13.943816759373675,56.28426758730933,64.12458013421035
MAR08791,0.21471054768970282,0.005616381429639738,0.21187152188476693,0.2119098974111978,0.21233226538417083,0.23206786727298476,0.23399740813642206
MAR08794,0.0,0.0,0.0,0.0,0.0,0.0,0.0
MAR08796,0.0,0.0,0.0,0.0,0.0,0.0,0.0
MAR08798,0.0,0.0,0.0,0.0,0.0,0.0,0.0
MAR08847,61.63897869445971,47.95737842666419,0.006590678488739038,1.6056570409755215,54.37043373051486,140.0235679172063,211.66172308368905
MAR08855,0.0,0.0,0.0,0.0,0.0,0.0,0.0
MAR08863,256.5961201116071,139.64129381155817,3.808012352734548,21.07860684414044,258.606559959895,456.98832425609555,692.6627289633274
MAR08864,17.15221609907977,15.596912780358455,0.0008990752422298563,0.23018123370200175,11.176729436362542,49.07305202223391,64.10265423576763
MAR08865,183.85389398359624,239.8991354912793,0.7440090889095297,4.914275773421009,79.56730155420323,867.41903615094,941.3602502517476
MAR08866,0.0,0.0,0.0,0.0,0.0,0.0,0.0
MAR08869,31.973918330915662,39.146509323141,0.0004906590589617949,0.37265001885413296,18.368566628943654,133.217416789738,158.06816843573625
MAR08870,-15.601025632724934,18.655835382948727,-62.303282908094744,-49.49743176346719,-5.1294529687167465,-0.024129875634480366,-0.0007533915378315388
MAR08879,221.37648630988988,110.2329653545228,7.091198333460851,32.58520074471998,244.9035865663074,390.9859345376341,460.56849584326415
MAR08891,0.2541130616947056,0.11497391333732182,0.02408289134565763,0.02915215481066653,0.2592394308425303,0.4518395505153912,0.4712106839691895
MAR08905,15.601025632725067,18.655835382949522,0.0007533915376501154,0.02412987563432625,5.129452968715434,49.49743176346935,62.303282908096904
MAR08915,0.0,0.0,0.0,0.0,0.0,0.0,0.0
MAR08925,567.4487505156224,157.11627374861462,284.58096695091336,377.80507065736685,530.2032201987668,947.4039196204873,991.8236008440001
MAR08927,9.805586112731369,11.29140233667119,0.00014449821916665925,0.05195329704210621,4.7777267988157,35.119439818039524,55.18231817616334
MAR08958,-48.14297133403115,41.14581776419672,-176.24520215381952,-132.70379159648442,-30.053659969535044,-3.9810537968415214,-0.5706413553647977
MAR08966,-664.8730942767213,138.61865792277345,-995.8863054380766,-977.9194997868398,-664.8597932368905,-435.5404425659059,-419.1406640873483
MAR08967,664.8683802435419,138.61857380897177,419.13600195796226,435.53578056079544,664.855129156874,977.914385284133,995.8811682344895
MAR08970,-173.1661761407999,391.1203914726593,-997.7010318954293,-921.6264657211022,-162.9254096695849,686.1626235882917,782.1965874856171
MAR08987,529.2633053016793,39.86202697917574,464.669111340536,480.79385447046303,527.5681850658473,627.2218386964496,639.7227083790785
MAR08989,338.79125720193133,113.74876401100168,57.12006752757883,111.9191720822419,341.5773517310412,532.0392070096134,644.0072321803648
MAR08991,664.8683802435405,138.61857380897155,419.136001957962,435.5357805607936,664.8551291568726,977.9143852841331,995.8811682344877
MAR08993,-48.14297133403087,41.145817764197986,-176.24520215382017,-132.7037915964872,-30.05365996953384,-3.9810537968414397,-0.570641355360749
MAR08994,-48.14297133403115,41.14581776419672,-176.24520215381952,-132.70379159648442,-30.053659969535044,-3.9810537968415214,-0.5706413553647977
MAR08997,308.1296276323863,200.71728605189006,0.9441868290590492,27.687577814789705,301.0745437032845,829.7169119677493,874.8871412709996
MAR08998,308.1343416655656,200.71722775373237,0.9493242422206807,27.692232196369112,301.0792052936537,829.7215755304615,874.8918054695367
MAR09000,449.90935878259273,267.9115096949531,-405.26171605999485,112.77306412285438,398.0984213027706,942.4499105715781,995.2261356116895
MAR09002,0.0,0.0,0.0,0.0,0.0,0.0,0.0
MAR09006,614.1744147892999,218.55203488364873,49.59701317653374,88.70338578356682,682.9488431357543,915.6603646219093,961.8856559578146
MAR09007,0.0,0.0,0.0,0.0,0.0,0.0,0.0
MAR09009,0.23673214232423084,0.006192420554928591,0.23360193436541346,0.23364424587598062,0.23410993361256002,0.25586969982394187,0.25799714231544285
MAR09011,-449.90935878259273,267.9115096949531,-995.2261356116895,-942.4499105715785,-398.0984213027706,-112.77306412285452,405.26171605999485
MAR09014,0.0,0.0,0.0,0.0,0.0,0.0,0.0
MAR09026,-614.1744147892997,218.55203488364916,-961.8856559578144,-915.6603646219088,-682.9488431357574,-88.70338578356696,-49.59701317653365
MAR09027,0.0,0.0,0.0,0.0,0.0,0.0,0.0
MAR09029,-0.23673214232423084,0.006192420554928591,-0.25799714231544285,-0.25586969982394187,-0.23410993361256002,-0.23364424587598062,-0.23360193436541346
MAR09031,-7.493766246454208,313.7077046317633,-353.9127551729772,-267.98355276524313,-143.82273072162783,824.6701161953584,937.2942501801867
MAR09034,329.34599469676743,393.79425856680433,-766.4370416703953,-670.6171040153898,375.4651762181203,921.6626992784708,997.4072005595073
MAR09035,-48.1400672961327,31.754633767746828,-131.25920473488125,-99.0546308571764,-48.22591132443422,-1.536611327099422,-0.3764091529691105
MAR09036,-2.762984099662985,2.2857008584833394,-9.473190109513585,-7.011526804111244,-2.093202738600542,-0.06920321842427903,-0.0003738869329768271
MAR09037,2.7656847834050695e-15,3.575238194846964e-15,-2.3957584835033167e-15,-4.571817186465819e-16,9.877428643734774e-16,1.0832083851999452e-14,1.1134715262582935e-14
MAR09038,183.36127827967726,236.1842877833511,-178.0555895506509,-161.79583059541505,148.46420890540026,805.2857859434505,860.3066230870564
MAR09039,-176.2801278675802,24.641296913567995,-217.99439705836056,-214.23770845735575,-177.1105633799104,-160.7068261420769,-43.928526463345776
MAR09040,-315.3276621317608,42.87786509904731,-388.2416484003051,-381.0868236725727,-316.6882212320284,-288.4927497807284,-84.84209971337282
MAR09041,-297.12225714945146,277.2165981160743,-879.132997425847,-815.6552643212345,-315.91718705123816,116.79161908684671,797.3282720387056
MAR09042,-78.99300118220614,10.730924514834511,-96.99572597890584,-94.01875532774797,-78.66730084519094,-71.5533629704841,-22.113812396741178
MAR09043,-135.83607767757394,19.2260541572545,-177.60241192318256,-162.19693753374673,-135.5794709397731,-119.75711842895696,-39.69336851364858
MAR09044,-212.1189265757798,29.350181278840726,-261.9704702602549,-257.2224036854274,-213.057845350464,-193.64595877144112,-54.41817844984514
MAR09045,-26.30247467058409,3.3430876687986513,-32.04870072324565,-31.41771484522991,-26.389576662960707,-24.220552431509798,-8.302051009257514
MAR09046,-232.374541497141,31.62564389091181,-286.1886795331155,-280.8596185044489,-233.38859792052807,-212.66591015012077,-62.37396582143202
MAR09048,-948.84732527465,100.70214832134732,-999.996604855571,-998.547210908509,-983.3526618235178,-653.5533017720638,-599.4039036140692
MAR09049,0.0,0.0,0.0,0.0,0.0,0.0,0.0
MAR09051,-0.2984960683220365,0.11693894840629804,-0.4656937775278237,-0.4219163101496182,-0.33163575995561567,-0.05614053443763292,-0.035936614250639126
MAR09053,0.0,0.0,0.0,0.0,0.0,0.0,0.0
MAR09055,0.2984960683220365,0.11693894840629804,0.035936614250639126,0.05614053443763291,0.33163575995561567,0.4219163101496182,0.4656937775278237
MAR09056,2.8640798966981934e-13,2.7391046353432964e-13,-4.3015058292567645e-13,-3.1585034490163485e-13,2.8251645848303007e-13,6.555780653266582e-13,1.2014640866303312e-12
MAR09058,-149.8139048062968,267.9943730383277,-842.4790371634526,-790.3345419216619,-127.34627148568131,105.08788580586364,856.9929015975321
MAR09060,-345.9914673565173,219.00863574290713,-982.8339100081382,-912.2524655535381,-308.0957649364077,-59.2520937788162,-18.927920598707374
MAR09061,-42.7003566140055,117.3366692287931,-360.1536243451782,-292.3925044732385,-41.75556723701999,135.0866642435126,150.75818366853787
MAR09062,-155.21908847408596,21.91217482290594,-192.32747506900307,-188.9890901612381,-155.96694349083208,-141.38253508698767,-37.550705507393005
MAR09063,-167.29776735371556,29.361296238216735,-222.89202548910393,-211.33901768633459,-170.80773797982437,-121.5194690623321,-42.21504703933938
MAR09064,-389.3609671729882,179.17063327175273,-901.0557042000916,-826.581778908653,-384.4600771843146,-104.4556926967199,-91.61120021232676
MAR09065,107.06396827435557,92.43575054250965,-72.67927560375776,-47.492055613201735,102.07957926401448,310.3096121287696,396.80681585407757
MAR09066,-106.15044240839222,51.197326125832866,-235.540004394107,-229.85746471159092,-104.51656423499722,-11.420911783235981,-0.8037339901501215
MAR09067,17.33806008078654,309.62920406701636,-914.559117037395,-801.9928052804777,107.0368528349748,322.3852434134344,879.9349008795482
MAR09068,-175.2648940049279,23.798273306511227,-215.61670974758087,-211.82735932250938,-176.02315965998025,-160.28723687415786,-47.34870384947129
MAR09069,-336.7213429883609,132.52025701145766,-913.1563976924639,-449.8850661678735,-345.51240975334525,-60.341245513325006,-9.598297481000486
MAR09070,-25.65454813732292,99.54340827280389,-224.64115204717388,-197.4465286492355,-10.270090036837672,124.06221170022182,206.35773318238796
MAR09071,338.19684574389026,231.5367490162698,10.139187765568579,75.94098583806422,278.9969790657922,900.2601084790713,952.3307349039228
MAR09072,-209.586913884358,375.77365728578224,-928.05723759503,-864.4967398746833,-212.25192346141384,614.5817235383901,781.7939904047078
MAR09073,643.1189494235259,141.7445416859225,385.70986085774655,447.98475339190117,611.1818814418764,953.3425415793042,988.7138219409952
MAR09074,48.14297133403125,41.1458177641969,0.5706413553649078,3.981053796841385,30.05365996953513,132.7037915964852,176.2452021538201
MAR09075,874.2673626496663,81.2364388275414,673.406827341015,713.7670546052673,877.8278266805892,984.8046509178852,998.4877055233841
MAR09076,-337.1874780265197,202.59095146523777,-879.7109268507736,-833.0222506538656,-273.2161209070191,-54.49326782360511,-27.177040215095303
MAR09078,393.7828862050223,167.37317515429297,67.16799784305124,108.3199230629239,374.9784932229246,774.646215742614,835.4459817875199
MAR09085,-353.1117673605331,279.4674856149069,-980.8889907234322,-910.5402446169065,-325.79215456975936,-89.95492663611373,837.9401853637723
MAR09086,0.0,0.0,0.0,0.0,0.0,0.0,0.0
MAR09087,-98.35677235480884,40.29394942696947,-204.99317295013523,-189.58500471749113,-99.70067368670206,-19.514973291625495,-13.966846171182782
MAR09093,0.0,0.0,0.0,0.0,0.0,0.0,0.0
MAR09095,0.0,0.0,0.0,0.0,0.0,0.0,0.0
MAR09096,273.51414956859736,196.80927767654825,0.17352940008764475,25.486205475146118,226.86789431703792,822.7881436434222,872.0492593983927
MAR09099,-250.7508699929745,196.0605912938124,-868.8785291867715,-800.5568320153461,-205.34112112141796,-39.130959676379135,-9.967449615502405
MAR09100,0.0,0.0,0.0,0.0,0.0,0.0,0.0
MAR09101,-34.87100901274123,26.924801139893056,-99.0572987696524,-85.71228307414368,-28.182590338581107,-0.9945960181918698,-0.016261955062166496
MAR09102,0.0,0.0,0.0,0.0,0.0,0.0,0.0
MAR09104,333.35340801401037,188.81572793530515,1.3246397770637854,27.67988041317064,309.49628441778566,796.7904789386567,883.3471810422685
MAR09107,63.668614424739104,53.02138066975608,1.3695986564257914,6.967440571310886,41.417770294191676,161.63006977774216,185.85783696030396
MAR09108,-729.3338654079437,129.75824621171066,-975.879695272289,-953.2233466809882,-729.9405275855952,-439.9729635151257,-383.40427257142744
MAR09109,468.1902528249098,188.70637979127306,89.46573332518997,134.0879532049335,461.79504880046403,879.6264487025354,929.6190373324318
MAR09110,-468.19496685809446,188.70646153177174,-929.6236916653986,-879.6315861839389,-461.7997104367839,-134.09261286150019,-89.47039752372835
MAR09112,-312.3238731507121,138.5610827640846,-863.8412384100718,-462.8517402741087,-311.8723919205829,-72.65238058393275,-46.156637380938804
MAR09129,1.9686419177674432e-17,6.808612901242609e-16,-1.601661841147393e-15,-1.5091833097657276e-15,1.5639446890247776e-17,1.2708380065722869e-15,1.2804279612362126e-15
MAR09133,224.4574931384473,160.886662656911,-44.48336633506557,33.38363121114533,211.68059138416777,422.5567073687988,912.1586625805534
MAR09135,877.3199138506549,64.3580396987121,699.842546020226,761.7820721941242,880.134697116674,972.8156533538602,994.7578006535583
MAR09138,92.87642475759989,67.64413182592943,0.11237990314064394,10.340707226447915,69.70276148508948,237.7002286267615,303.26159645920654
MAR09139,-329.34599469676743,393.79425856680433,-997.4072005595073,-921.662699278471,-375.4651762181203,670.6171040153898,766.4370416703953
MAR09143,-0.004714033184494474,0.00012330930519901956,-0.005137481874827126,-0.005095118237998713,-0.004661817297111686,-0.004652544084685651,-0.00465170153807184
MAR09144,627.5584200520937,403.3216855009693,-728.9938343980241,-581.4029303454477,786.8334188367103,918.7193948479996,973.5896944523664
MAR09146,-0.5619727624578081,157.30531545137632,-180.50654244161336,-136.4314160840817,-24.204869462563764,141.85873521913555,887.4391058644617
MAR09147,-407.47031533436046,200.32890941690908,-977.9700663073603,-927.0403494210201,-383.2439961424259,-83.39507927738032,-35.430399876553004
MAR09152,-0.004714033184494473,0.0001233093051990205,-0.005137481874827127,-0.005095118237998714,-0.004661817297111682,-0.004652544084685649,-0.004651701538071842
MAR09154,-0.004714033184497072,0.00012330930519793837,-0.005137481874827123,-0.0050951182379985705,-0.004661817297115755,-0.004652544084685991,-0.004651701538077247
MAR09159,-0.004714033184494474,0.0001233093051990204,-0.005137481874827127,-0.005095118237998714,-0.004661817297111683,-0.004652544084685648,-0.004651701538071841
MAR09167,-0.004714033184494473,0.00012330930519902008,-0.005137481874827127,-0.005095118237998714,-0.004661817297111687,-0.0046525440846856446,-0.004651701538071838
MAR09188,15.726877202196425,23.760444558506077,-29.231524178788355,-12.778910941287254,6.9227719641583665,63.2622213013963,73.32842377936444
MAR09192,0.0,0.0,0.0,0.0,0.0,0.0,0.0
MAR09201,0.0,0.0,0.0,0.0,0.0,0.0,0.0
MAR09209,886.6347824476137,80.030020892262,676.436345536509,720.844621410295,907.0873189658466,987.817896415604,999.5153010619509
MAR09210,0.0,0.0,0.0,0.0,0.0,0.0,0.0
MAR09213,34.87100901274123,26.924801139893056,0.016261955062166496,0.9945960181918454,28.182590338581107,85.71228307414366,99.0572987696524
MAR09214,0.0,0.0,0.0,0.0,0.0,0.0,0.0
MAR09215,-0.007050553980287288,0.00018442783038465449,-0.007683885934524051,-0.007620524669006754,-0.006972457174810383,-0.006958587674486318,-0.0069573275178115195
MAR09216,0.0,0.0,0.0,0.0,0.0,0.0,0.0
MAR09218,0.0,0.0,0.0,0.0,0.0,0.0,0.0
MAR09219,0.0,0.0,0.0,0.0,0.0,0.0,0.0
MAR09221,75.4253605283059,101.84155000972612,0.01679050791880978,1.9557122729127796,43.63699141381734,385.1751564977862,428.48668919833847
MAR09226,18.103191399919066,18.658027251972054,0.0002340044586796896,0.09726841509196542,11.275986734238835,60.515168157039845,77.18239130484646
MAR09228,0.0,0.0,0.0,0.0,0.0,0.0,0.0
MAR09229,-3.506220448818822e-14,5.410785985295443e-14,-2.1596912914615284e-13,-1.6023323359338853e-13,-1.6733222505950736e-14,2.907832411794799e-14,5.570352522848852e-14
MAR09231,3.253836549761839e-14,5.52254594590368e-14,-5.011039164510798e-14,-2.3335673936668263e-14,1.1405283919717503e-14,1.6936720130532366e-13,2.2801087865402846e-13
MAR09234,0.0,0.0,0.0,0.0,0.0,0.0,0.0
MAR09235,-125.90213531230245,46.21244694356767,-258.38391781565343,-189.97702634635812,-129.9617341614503,-21.5495003827892,-5.434727082121671
MAR09242,509.66190694934727,203.1655591208388,52.46163180797412,86.6688256714883,521.2195736096987,888.7068422491525,939.6952375734787
MAR09243,-13.387569370897891,11.115470946701699,-55.90625146334826,-37.5409444689071,-9.448840171613302,-1.5386221762408987,-0.07144574133726699
MAR09254,0.0,0.0,0.0,0.0,0.0,0.0,0.0
MAR09255,533.9274749888386,160.89853481808024,218.0834875941496,239.85253147002095,515.4915878929039,884.1846220093541,943.7725529082259
MAR09259,152.5614479335269,138.58172008816055,8.46520561478584,30.813050283885676,109.37493182151283,534.8910929477628,585.1232380957796
MAR09263,1.6066094468300815e-14,2.554636238663993e-14,-1.1359293656305062e-14,-6.8948606602465396e-15,2.9006876770500375e-15,7.105785203766119e-14,7.377951367996407e-14
MAR09265,-189.26593339672354,87.95154304286852,-375.62798541862384,-313.80965481283914,-206.8590264337367,-23.514370114218405,-1.0314545318416164
MAR09266,10.812722047338168,9.933157812554462,0.0005140817325646606,0.00957792566782227,8.436748019915179,28.874732260884684,47.6291314462854
MAR09267,-10.812722047338168,9.933157812554462,-47.6291314462854,-28.874732260884684,-8.436748019915179,-0.00957792566782227,-0.0005140817325646606
MAR09269,-0.004714033184494474,0.0001233093051990196,-0.005137481874827126,-0.005095118237998713,-0.0046618172971116855,-0.004652544084685651,-0.00465170153807184
MAR09271,-304.68407731348236,103.22595547621897,-493.8966955914575,-469.9755937893266,-315.1554797874194,-71.16914787102858,-26.403200245006595
MAR09272,-116.64352013625131,356.8883383079032,-883.6723251605719,-552.435180876837,-194.682666081828,839.890671607177,939.5303062905225
MAR09273,421.32759744974044,280.14357731503827,-445.8403563982811,-374.1611682759462,510.4026318603558,641.695568746974,920.5136168529039
MAR09274,465.7815324277355,305.4035719588796,-415.43746434990305,-301.7314426210653,507.07791309778213,951.8467039688746,998.1777237438184
MAR09277,6.606034932871711,5.948980335065318,0.0006374314122916024,0.07217829078912423,4.760846734579987,18.061684003389328,25.6785263805162
MAR09279,-136.68800462259966,78.43671604975215,-354.0642007397907,-314.83279553704836,-125.60019198135589,-26.172375610489503,-11.366679240081815
MAR09280,-981.1418376184421,12.19718762622299,-999.9466237826116,-999.4452957986709,-981.8739970671575,-958.4314959935058,-943.5796426808344
MAR09285,354.3826482434093,182.99660836206468,60.128419151749576,83.6083126264935,306.01743925354776,766.6969288898971,911.9314670517904
MAR09286,-323.34889857554595,122.85286627945906,-538.4632441835475,-479.3081973029922,-342.96979220709767,-86.54296076544139,-50.724199409062635
MAR09289,-20.22789026073498,14.271275335228983,-64.3905292268765,-43.469761942598936,-18.669552464022004,-0.3154729771671035,-0.0008968783494843275
MAR09290,445.9065794842772,123.97382127944117,52.18584226185166,297.5749778412018,434.5276257049504,720.4822850745392,760.9189960403901
MAR09292,550.7505218014421,171.8270800832455,61.830886897744314,300.04420245582594,510.4433663087126,868.3899908861594,925.8733111337838
MAR09293,-23.80020675238219,378.35589384149586,-916.94889172647,-369.9264658687674,-151.45166324189051,812.7455190721068,932.4211376160281
MAR09295,-4.1258265993623935,0.10792304411702304,-4.496438303112599,-4.4593607067462075,-4.080126094371895,-4.072009972785362,-4.071272557265422
MAR09296,0.0,0.0,0.0,0.0,0.0,0.0,0.0
MAR09300,-984.8105838029618,15.464335780787543,-999.9875063855662,-999.8662342746702,-987.726141096317,-951.1792529484162,-931.3100827245648
MAR09306,189.26593339672354,87.95154304286852,1.0314545318416164,23.51437011421793,206.8590264337367,313.8096548128391,375.62798541862384
MAR09311,31.973918330915662,39.146509323141,0.0004906590589617949,0.37265001885413296,18.368566628943654,133.217416789738,158.06816843573625
MAR09314,-15.601025632724934,18.655835382948727,-62.303282908094744,-49.49743176346719,-5.1294529687167465,-0.024129875634480366,-0.0007533915378315388
MAR09317,8.303961939234994e-15,1.5792087359083191e-13,-3.998256222963652e-13,-2.5906510910379106e-13,1.0047381144988698e-14,2.8621629685180057e-13,4.3243329722340206e-13
MAR09318,0.0,0.0,0.0,0.0,0.0,0.0,0.0
MAR09341,1.316345800953288e-13,1.809167586784522e-13,-1.0312723100147445e-13,-9.389023022832389e-14,3.7424007590554916e-14,4.571440276591858e-13,5.267039298026563e-13
MAR09348,-3.7721946787897527,10.364488066766652,-38.87011929433165,-23.9262973265378,-3.4183642928652898,11.952080496230826,24.69896786201218
MAR09351,-0.9964771572251973,0.026065770242941422,-1.0859879711420424,-1.0770329225149926,-0.9854394879968715,-0.9834792675242557,-0.9833011655844561
MAR09352,0.0,0.0,0.0,0.0,0.0,0.0,0.0
MAR09353,983.3920244582869,17.95427999341427,924.9199944629179,933.6058588301603,988.0486283290832,999.0668783078814,999.8879775025111
MAR09354,-934.4158449695555,37.92917904153484,-997.0901563075716,-989.4129389730865,-935.1136242557898,-861.4229493504932,-834.7748210410065
MAR09355,15.601025632725069,18.655835382949526,0.0007533915376492272,0.02412987563432625,5.129452968715434,49.49743176346932,62.303282908096875
MAR09356,20.22789026073498,14.271275335228983,0.0008968783494843275,0.31547297716710015,18.669552464022004,43.46976194259892,64.3905292268765
MAR09357,9.239342179061827,9.57727819445702,0.004529507506016715,0.4172610549997862,6.101633684713796,32.63357166242164,44.96753401156149
MAR09360,243.44931219186688,130.4096212854414,25.35526825631134,69.32843107126794,218.29615284228692,593.598481229551,627.8471168513554
MAR09364,921.8233010512826,46.494892361402535,807.012002997111,846.1166061052319,931.8062151630487,988.5481586108931,998.564133812271
MAR09365,-5.57678210108252e-16,7.823074721673406e-15,-1.6285832588356352e-14,-1.5358367734785614e-14,3.383699191950376e-19,1.446489209613001e-14,1.5897267477660706e-14
MAR09366,-4.18402271483752e-14,3.219185083103328e-14,-1.741576156364966e-13,-1.0829280556263296e-13,-3.7403524579674096e-14,-2.220676381373228e-15,2.7666329892738015e-15
MAR09367,-5.321568734258212e-16,2.242111086266312e-15,-4.761029731505463e-15,-4.698093284816397e-15,3.8564308537018484e-20,1.816031038609436e-15,8.093850298407073e-15
MAR09369,-25.07643998653713,22.542940766860085,-126.57457333475439,-72.85085537412017,-20.23455406444421,-2.351281166449629,-0.010454437387915702
MAR09372,-249.80611908652935,197.12745809705598,-867.0404709159416,-788.4662349073108,-211.59296281709533,-30.67290599038174,26.843906228619403
MAR09374,0.0,0.0,0.0,0.0,0.0,0.0,0.0
MAR09378,-333.5681185617064,188.8129383225027,-883.559621766271,-797.0027134329979,-309.7121636721304,-27.911754143322486,-1.5586245099565177
MAR09379,0.0,0.0,0.0,0.0,0.0,0.0,0.0
MAR09380,0.0,0.0,0.0,0.0,0.0,0.0,0.0
MAR09383,-965.805679731107,24.503966123903574,-999.9823032875557,-999.4058456537418,-969.5040879981166,-920.4661637327492,-901.0190002914646
MAR09388,9.805586112731369,11.29140233667119,0.00014449821916665925,0.05195329704210621,4.7777267988157,35.119439818039524,55.18231817616334
MAR09389,459.43118718754926,76.14966784048107,51.9537015031085,412.0093584791501,458.8691985128212,577.5530782225132,589.073742442708
MAR09390,18.470405053665342,20.039678311141042,0.0038837118275933816,0.8284383822367203,13.809044919665034,57.29531323022458,125.70751366528152
MAR09393,0.0,0.0,0.0,0.0,0.0,0.0,0.0
MAR09395,-239.5125417457267,149.5064854494482,-911.5761614583281,-454.0411886644554,-217.78204553445266,-53.58173518812028,-23.69623252391365
MAR09396,0.0,0.0,0.0,0.0,0.0,0.0,0.0
MAR09397,-140.1745682140949,78.25138387848173,-329.63500193281567,-263.368077916589,-150.20620843207718,-14.649988252660382,-2.4310236549844073
MAR09398,599.1635238675914,182.26348073723236,272.7241306444328,334.6976317647012,568.1779438202439,949.3142971709561,996.478219035733
MAR09400,-627.5584200520941,403.3216855009682,-973.5896944523666,-918.7193948479944,-786.8334188367098,581.4029303454446,728.9938343980239
MAR09403,-62.488092234745245,217.59487093942565,-882.624457063441,-274.47990578484325,-63.64776576729366,411.1633776007412,473.46131747015204
MAR09404,376.5905446536314,247.81503664240398,-12.744521000682994,93.32070473936629,286.88666677299904,879.0384874925693,939.0942081600807
MAR09405,314.8655088367735,222.32164016553813,20.54682624375799,65.40852360701389,240.00645262665319,911.7056101136286,986.8737274134639
MAR09406,996.6538423205162,3.6274623255392373,982.4399045223726,988.8129235744517,997.9438548365183,999.9688814189086,999.987106843722
MAR09410,0.0,0.0,0.0,0.0,0.0,0.0,0.0
MAR09411,0.0,0.0,0.0,0.0,0.0,0.0,0.0
MAR09417,-82.88225961354338,128.37467597045415,-881.5552559454494,-128.71643380735836,-64.38549882790738,-11.161521390393714,-1.8179164535203824
MAR09419,-9.239342179061827,9.57727819445702,-44.96753401156149,-32.63357166242164,-6.101633684713796,-0.41726105499978633,-0.004529507506016715
MAR09421,126.45939404157683,145.71248121480096,-635.3062373500924,-13.90677109703645,137.2252681440429,284.3221705270782,322.2650564514718
MAR09422,28.2938073889597,18.530296454115238,3.6387824367408688,6.544007538507506,24.604609853470144,65.68773197407157,90.04230322191025
MAR09424,-6.018333747179833e-14,2.7508673335435626e-14,-1.0441670788539787e-13,-9.189564710787727e-14,-6.995508321959562e-14,-6.441610024431814e-15,-9.439208787264985e-16
MAR09425,-18.103191399919066,18.658027251972054,-77.18239130484646,-60.515168157039895,-11.275986734238835,-0.09726841509196596,-0.0002340044586796896
MAR09427,0.0,0.0,0.0,0.0,0.0,0.0,0.0
MAR09431,0.0,0.0,0.0,0.0,0.0,0.0,0.0
MAR09436,0.0,0.0,0.0,0.0,0.0,0.0,0.0
MAR09437,931.9560904372714,30.095751272841692,844.8394580403542,883.6668604959037,930.9444290287381,981.2518652019746,989.3896585395796
MAR09438,-525.6598868372802,171.17472526154003,-960.4265607610581,-927.1293265565955,-495.16140503220606,-340.50465308803354,-84.1661094106978
MAR09439,-968.4842107175459,19.765519186245477,-997.4661360686006,-989.580741394786,-973.0733928561972,-925.9051738537717,-888.0162965611154
MAR09440,-103.56332562144453,344.9202887337992,-893.0313255591459,-560.6637335685834,-184.78719862980128,810.5586282796876,919.2536940637395
MAR09441,0.0,0.0,0.0,0.0,0.0,0.0,0.0
MAR09443,256.5961201116071,139.64129381155817,3.808012352734548,21.07860684414044,258.606559959895,456.98832425609555,692.6627289633274
MAR09444,17.15221609907977,15.596912780358455,0.0008990752422298563,0.23018123370200175,11.176729436362542,49.07305202223391,64.10265423576763
MAR09445,183.85389398359624,239.8991354912793,0.7440090889095297,4.914275773421009,79.56730155420323,867.41903615094,941.3602502517476
MAR09446,0.0,0.0,0.0,0.0,0.0,0.0,0.0
MAR09449,0.0,0.0,0.0,0.0,0.0,0.0,0.0
MAR09459,-386.2044620941038,180.65169306891332,-936.1535294564137,-596.7990514831995,-405.89472212458685,-61.10505166732582,-15.425289239721096
MAR09462,15.726877202196425,23.760444558506077,-29.231524178788355,-12.778910941287254,6.9227719641583665,63.2622213013963,73.32842377936444
MAR09526,386.2044620941037,180.65169306891391,15.425289239721174,61.10505166732636,405.8947221245826,596.7990514832095,936.1535294564136
MAR09581,236.90173011561356,133.79021615401265,0.4195610924997866,14.469341755776787,237.89512201072174,438.2835231020282,479.44389853412645
MAR09582,236.90173011561356,133.79021615401265,0.4195610924997866,14.469341755776787,237.8951220107217,438.2835231020282,479.44389853412645
MAR09583,49.89154842311083,35.8736738337652,0.012109938592413032,0.4202925677465685,52.850568328030015,113.93441532548175,147.44810061809912
MAR09584,49.89154842311083,35.8736738337652,0.012109938592413032,0.4202925677465685,52.850568328030015,113.93441532548175,147.44810061809912
MAR09589,-403.29344019298776,207.9481767251428,-988.5928651238589,-927.6700923320975,-396.74442693286363,-72.81183209009848,-37.996065207804236
MAR09605,72.31583125811734,52.31969785324055,0.04951966504822,1.3699423039389669,67.25303675589078,151.8325181540823,205.66688439093386
MAR09606,300.1429332511107,206.1831107341221,26.42908068913007,63.06332541857385,241.85957230812164,869.3818913541201,943.5569400948945
MAR09608,0.004714033184494474,0.00012330930519902008,0.00465170153807184,0.004652544084685649,0.004661817297111685,0.005095118237998714,0.005137481874827127
MAR09618,333.3534080140112,188.81572793530495,1.3246397770637537,27.679880413170633,309.4962844177872,796.7904789386569,883.3471810422685
MAR09623,122.84853401944723,142.44579314169664,0.011453081053290876,4.831310016357056,77.36120739049878,534.0030575477666,585.0650065270634
MAR09624,29.712913914079696,24.93677699049952,0.031265243121125365,0.49877151500894285,25.97768431077755,78.2163532471434,136.01160663421248
MAR09628,0.0,0.0,0.0,0.0,0.0,0.0,0.0
MAR09634,0.0,0.0,0.0,0.0,0.0,0.0,0.0
MAR09639,-874.2673626496663,81.23643882754138,-998.4877055233839,-984.8046509178849,-877.8278266805889,-713.767054605267,-673.4068273410143
MAR09641,962.0146420252639,33.73473306879731,861.1233045056865,879.1356892635521,973.1223187351718,997.4689839344385,999.8160872680093
MAR09649,469.3082473304812,190.16873823292397,47.40599559731011,66.48882244215409,496.12420230555676,828.8248426132632,903.862361478938
MAR09650,65.32320703540992,65.02137189431312,-70.06230221077344,-28.659683503074834,58.930938588234675,180.56933397408557,257.63144206640146
MAR09656,10.82633919242746,9.751788320779985,0.0035748657019979042,1.139292779254265,7.809546505851365,31.35045911544383,42.38585157250651
MAR09675,434.60741936129875,196.66575608992764,1.9119799106567403,40.31325628758186,461.7142628227711,853.3178393884322,898.0535844516199
MAR09678,141.1843957032389,108.30470134750912,9.418582283087064,39.116842197225985,94.08283331639525,400.7603563395011,439.8886144483614
MAR09690,-4.753571993935634e-13,8.931889294434871e-13,-2.9145494934792226e-12,-2.790481066187755e-12,-2.9321456001761566e-13,5.945537709709582e-13,8.896548242243309e-13
MAR09691,-0.004714033184494474,0.00012330930519901956,-0.005137481874827126,-0.005095118237998713,-0.004661817297111686,-0.004652544084685651,-0.00465170153807184
MAR09693,0.0,0.0,0.0,0.0,0.0,0.0,0.0
MAR09702,-63.67332845792303,53.021347278160825,-185.86250864706264,-161.6347365527515,-41.42247479398944,-6.972098079846265,-1.3743929331263232
MAR09713,10.82633919242746,9.751788320779985,0.0035748657019979042,1.139292779254265,7.809546505851365,31.35045911544383,42.38585157250651
MAR09716,4.761262709680537e-15,1.0199087814003103e-14,-3.4395679994772794e-15,-2.3705681066422973e-15,7.676850229182011e-16,3.2902943214577207e-14,3.4718877108516056e-14
MAR09719,9.837519689592591,5.585518502386955,0.5442671600072021,1.5727419261282272,9.580418471008954,19.26215718529253,23.678030045064318
MAR09725,0.0,0.0,0.0,0.0,0.0,0.0,0.0
MAR09726,0.0,0.0,0.0,0.0,0.0,0.0,0.0
MAR09728,-46.252180665256354,1.2098608640545125,-50.40688738055027,-49.99123256703078,-45.7398595673118,-45.64887457003096,-45.640607844557294
MAR09729,-46.252180665256354,1.209860864054512,-50.40688738055027,-49.99123256703078,-45.739859567311804,-45.64887457003096,-45.640607844557294
MAR09730,0.0,0.0,0.0,0.0,0.0,0.0,0.0
MAR09737,293.44303667214007,141.69264141106711,11.273024067445956,43.479710313824526,309.49939018272573,476.74948144635204,602.2645750271616
MAR09744,-1.0103029699694113e-16,4.404787254877208e-16,-1.250456547450826e-15,-9.467146871025753e-16,-5.3285595367318096e-17,5.231659538271468e-16,1.3432516829810984e-15
MAR09768,9.313822910073927e-16,1.4300539294611056e-15,-2.348055414157471e-15,-8.922960917606857e-16,7.212128630980106e-16,4.71265188250067e-15,5.264147054587376e-15
MAR09769,1.421941197814554e-15,1.934934428866262e-15,-3.241701380822604e-15,-1.1544885823426441e-15,1.7171563977570313e-15,5.180172432409889e-15,5.944607731747181e-15
MAR09771,2.8637919083395834e-16,3.2319516463961953e-16,-2.8260981508193864e-16,-1.0782626622296866e-16,2.4708812592593267e-16,1.1616887375900983e-15,1.3092288197361588e-15
MAR09774,6.200008402069389e-16,6.884983916752363e-16,-7.572301991590988e-16,-2.3053396671637304e-16,5.679387841451484e-16,2.3104673937445866e-15,2.594533698310199e-15
MAR09779,-5.582146632407237e-15,8.241331392601482e-15,-2.7254304574979246e-14,-2.670907986829103e-14,-2.481386894989223e-15,3.451837696318192e-15,4.121782926295577e-15
MAR09783,1.9015783508489097e-15,3.814970875192797e-15,-1.83533202818262e-15,-1.6261077574637062e-15,1.1307902870359517e-15,1.348349054509636e-14,1.3981165365393145e-14
MAR09787,4.4045460560068336e-16,6.539450691989993e-16,-1.116533884145674e-15,-2.992666324205312e-16,3.9354923312016793e-16,2.1955725755304725e-15,2.51412568588292e-15
MAR09792,-2.8901006026172717e-15,5.16447225570922e-15,-2.0438946403935147e-14,-1.7574606834495605e-14,-2.1084168236143333e-15,3.2971838956882415e-15,6.819863268685733e-15
MAR09793,2.748922380822284e-16,4.166063080581677e-15,-8.439024410075605e-15,-5.153107746682684e-15,-4.58024277199169e-16,9.610803969413053e-15,1.268085723733288e-14
MAR09803,143.2204217420237,72.72588454373891,3.694689673831225,54.30522287747649,120.98632848797457,288.2633425046447,308.758561829215
MAR09804,-143.22042174202366,72.72588454373893,-308.758561829215,-288.2633425046447,-120.98632848797459,-54.30522287747649,-3.6946896738312285
MAR09809,-1.1393330608811576,1.1181697113139488,-5.744426696340495,-3.7908539760864626,-0.8833704094783392,-0.02586172980135102,-3.864493885521789e-05
MAR09810,0.0,0.0,0.0,0.0,0.0,0.0,0.0
MAR09812,-1.6030482239873782,1.7339122518985703,-7.072102606396837,-4.864434845863856,-0.8703187372605924,-0.00592028363413574,-0.00014221885412170573
MAR09813,-15.130636794780411,27.61978801262811,-111.80249703396609,-100.34912760376463,-5.543340111435836,-0.10106625660429103,-0.007311818010916248
MAR09814,-3.2398370997977657,2.2951764333243077,-11.216390324614009,-7.295445109695296,-2.994523600727579,-0.025117177016648576,-0.00013504222733265396
MAR09815,-25.805606995368677,27.11314906404873,-131.71039533539636,-86.69713951454123,-16.067290108229052,-0.2990559335596321,-0.004002355832696013
MAR09816,-8.70731540125711,35.110929293272044,-232.8419100076362,-12.23193440345457,-2.352645785724958,-0.19774367681291544,-0.007317253865272905
MAR09820,537.1050258246421,185.79906181324154,81.23177407733208,320.73222006100025,520.217282548836,913.3110892368527,971.6222278440583
MAR09822,0.0,0.0,0.0,0.0,0.0,0.0,0.0
MAR09824,0.6190527587954567,0.01619313283993837,0.6108672886964147,0.6109779329756346,0.6121957028793098,0.6690973266791702,0.6746605726778434
MAR09825,0.0,0.0,0.0,0.0,0.0,0.0,0.0
MAR09827,0.0,0.0,0.0,0.0,0.0,0.0,0.0
MAR09828,-460.0802289200414,206.57280197254374,-961.9839614676029,-918.9781556712524,-423.97079351518204,-108.15118518418846,-83.6201708294825
MAR09830,-473.0295740251162,199.21279074628976,-938.7806055705256,-830.2779572525876,-477.85816113055364,-77.60686625964922,-40.75614447720223
MAR09831,-516.1499258111094,198.62581420430675,-922.6402575951898,-881.4898298639964,-548.4281183236068,-79.36342305654966,-15.148606522896499
MAR09833,0.0,0.0,0.0,0.0,0.0,0.0,0.0
MAR09837,-68.06781913990118,348.0121770072041,-876.1987305901818,-537.8525695854705,-144.41981630799432,842.1642111980343,939.7391961045679
MAR09838,-243.4493121918669,130.4096212854414,-627.8471168513554,-593.5984812295511,-218.29615284228692,-69.32843107126806,-25.35526825631134
MAR09842,-537.1050258246426,185.7990618132421,-971.6222278440598,-913.3110892368534,-520.2172825488387,-320.7322200609987,-81.23177407733021
MAR09843,0.0,0.0,0.0,0.0,0.0,0.0,0.0
MAR09845,0.0,0.0,0.0,0.0,0.0,0.0,0.0
MAR09847,-0.6190527587954567,0.01619313283993837,-0.6746605726778434,-0.6690973266791703,-0.6121957028793098,-0.6109779329756346,-0.6108672886964147
MAR09848,0.0,0.0,0.0,0.0,0.0,0.0,0.0
MAR09849,0.0,0.0,0.0,0.0,0.0,0.0,0.0
MAR09851,345.9914673565186,219.00863574290656,18.927920598705377,59.252093778817496,308.09576493641214,912.2524655535373,982.8339100081396
MAR09854,516.1499258111089,198.62581420430644,15.148606522896536,79.36342305654917,548.4281183236071,881.4898298639952,922.6402575951893
MAR09855,403.29344019298793,207.9481767251429,37.99606520780422,72.81183209009843,396.744426932864,927.6700923320975,988.592865123859
MAR09857,-403.2934401929884,207.94817672514293,-988.5928651238593,-927.6700923320973,-396.74442693286323,-72.8118320900986,-37.996065207804236
MAR09858,-312.32387315071225,138.56108276408506,-863.8412384100727,-462.85174027410625,-311.87239192058485,-72.65238058393317,-46.156637380938605
MAR09864,68.06781913990487,348.01217700720554,-939.739196104566,-842.1642111980353,144.41981630798955,537.8525695854734,876.1987305901818
MAR09873,-1.316345800953288e-13,1.8091675867845225e-13,-5.267039298026563e-13,-4.571440276591858e-13,-3.74240075905549e-14,9.389023022832389e-14,1.031272310014745e-13
MAR09884,7.8996207707314605,168.68980652746268,-849.6894557611765,-137.56676908826873,6.901877492691369,223.94917349705247,302.6257499297752
MAR09885,432.9377185114834,255.5382186267678,5.365923387503187,124.49486913972987,349.6524457371095,916.9131824038637,977.6605841404657
MAR09886,0.0,0.0,0.0,0.0,0.0,0.0,0.0
MAR09890,353.1117673605333,279.46748561490693,-837.9401853637714,89.95492663611469,325.79215456975805,910.5402446169072,980.8889907234309
MAR09902,-601.0480377920751,169.32908577705524,-987.522761690026,-948.6613970211497,-554.5945393268678,-396.7774084178447,-351.63818382740544
MAR09913,288.78047827070395,158.2079005403034,50.39288844331227,61.05412704628462,264.213326770837,492.31039361348667,907.9633853225628
MAR09919,0.0,0.0,0.0,0.0,0.0,0.0,0.0
MAR09920,0.0,0.0,0.0,0.0,0.0,0.0,0.0
MAR09921,-19.548047269336852,144.47012725964635,-180.60062066965992,-141.65015759404426,-30.60273071260837,54.855006956130396,840.341350524755
MAR09922,0.0,0.0,0.0,0.0,0.0,0.0,0.0
MAR09923,0.43949986650406164,2.257293601780327,-6.485695662460564,-2.65472505007756,0.04134647183311335,5.432850399361242,9.106439108973142
MAR09924,-129.17040744985604,130.31252983753978,-873.8814984538417,-258.6652895067568,-94.13754479012451,-37.85444614427193,-21.492785132729615
MAR09925,0.0,0.0,0.0,0.0,0.0,0.0,0.0
MAR09926,0.0,0.0,0.0,0.0,0.0,0.0,0.0
MAR09927,-892.870827651473,97.67609431422323,-999.5005355030506,-995.0637532013758,-922.6033215254612,-628.9355995875599,-599.9199889464998
MAR09928,434.7693598054916,165.53444976367206,77.0674120544859,105.1917318368605,464.88822370017925,599.2900258722784,940.5426029518569
MAR09934,-359.6509821218628,257.2303079398915,-939.5641660910306,-871.8831445369063,-294.09707254440525,-76.6813269237935,-28.351751979080404
MAR09935,0.0,0.0,0.0,0.0,0.0,0.0,0.0
MAR09936,0.0,0.0,0.0,0.0,0.0,0.0,0.0
MAR09938,0.0,0.0,0.0,0.0,0.0,0.0,0.0
MAR09939,-263.07440964509453,235.07700480017942,-940.7825258176015,-884.482089329821,-228.87817730911377,65.51970417674323,81.88389177082676
MAR09952,0.0,0.0,0.0,0.0,0.0,0.0,0.0
MAR09957,-34.32715912380065,51.54718773178526,-201.84383696858208,-185.58057529531112,-12.71502769828451,-2.5180900968773474,-0.30159566068390914
MAR09958,-565.0548311511142,157.62670241487535,-936.4977139225191,-812.300085452167,-538.6695154089939,-296.33232879392506,-278.0485840564038
MAR09959,7.71146315161301e-15,2.3970420689480023e-14,-4.3572218779505484e-14,-2.920458462002972e-14,6.323487901616624e-15,5.2143136420784064e-14,5.948899196817122e-14
MAR09961,-473.76787344644003,227.23975131509795,-995.9380682665519,-952.6220483829566,-437.1261916470831,-118.28518704298602,-85.34452683999126
MAR09964,-108.26846102221097,68.77481782622918,-472.2544499779972,-208.63407616081784,-108.49280817212087,-0.540470817866067,38.32061065996072
MAR09968,284.70649220067844,171.8765172026437,1.1075038438395977,22.32424683021605,281.67103588392706,710.0802512332504,779.0082944811659
MAR09972,214.3459994021816,81.11337592854643,21.33149197503613,100.62958332695393,208.3026468097098,393.6810668257812,429.3241927879645
MAR09973,-96.85878931368502,355.70614748621153,-939.9924651615205,-878.9973924517777,-81.95235089475628,720.6384284855454,804.8179100300822
MAR09975,166.21562033140347,170.21055570903093,-0.19495575067833215,5.406835826991994,112.22667026899455,647.5697301259903,726.0554447927724
MAR09976,-724.3794419428897,126.87721956499658,-959.9860639199259,-954.7577253772513,-710.3479976573286,-550.9107782842464,-375.72274716731044
MAR09978,-338.7912572019317,113.74876401100155,-644.0072321803649,-532.039207009614,-341.57735173104106,-111.91917208224213,-57.12006752757891
MAR09979,655.6203297386321,164.55124739140774,343.8375429069955,419.932439185381,656.0277943945356,935.985762298056,951.4748276381661
MAR09980,-655.6203297386322,164.55124739140692,-951.4748276381667,-935.9857622980566,-656.0277943945332,-419.9324391853788,-343.8375429069944
MAR09981,-266.1965016283434,191.28402066051427,-877.320107835287,-795.2407839021288,-228.44820461932434,-66.2915838370009,-35.15906002079034
MAR09983,876.7035088417234,67.62414068034569,680.8532734407607,757.6747878044513,870.5787905022012,987.9455441752251,998.7635290384085
MAR09984,-876.703508841723,67.62414068034649,-998.7635290384096,-987.9455441752251,-870.5787905022,-757.6747878044507,-680.8532734407604
MAR09987,-23.526265753086612,18.988518172202227,-95.68042279244054,-63.24391487911484,-19.896881172581036,-1.371015049461102,-0.04467376904629235
MAR09989,0.0,0.0,0.0,0.0,0.0,0.0,0.0
MAR09990,543.1014949421839,196.00563338069335,50.337521341809975,98.92532206195895,549.7719930565588,874.828778175361,960.2055030609307
MAR09992,543.1014949421839,196.00563338069335,50.337521341809975,98.92532206195895,549.7719930565587,874.828778175361,960.2055030609307
MAR10002,0.0,0.0,0.0,0.0,0.0,0.0,0.0
MAR10004,615.9935734507876,218.77726373837342,49.59737747725603,89.2411201837603,686.0679531984783,916.0192062520855,962.416904922596
MAR10007,0.0,0.0,0.0,0.0,0.0,0.0,0.0
MAR10011,-56.160773489226266,34.88351046582634,-130.66056287346242,-106.1505770839818,-59.91389993775471,-2.148081453155818,-0.29685583537230364
MAR10012,-8.034403984849877,6.820404433037538,-25.544710349538867,-18.525086647950324,-5.7924460217791225,-0.0009799309684502707,-0.00037068070961185606
MAR10013,-1.36307850921997e-14,1.5349239294303816e-13,-3.879269364224152e-13,-3.068742819569176e-13,2.485224683042238e-15,1.963918955926219e-13,2.589840554471954e-13
MAR10015,938.5728126377703,33.4036831363787,857.5150010959871,890.1692264316972,932.462350052977,996.5462681584462,999.6722710451688
MAR10017,0.0,0.0,0.0,0.0,0.0,0.0,0.0
MAR10019,23.526265753086612,18.98851817220222,0.04467376904629401,1.3710150494610989,19.89688117258106,63.2439148791148,95.68042279244054
MAR10022,231.7388083712734,442.2130969594238,-801.4882256954073,-763.3539894618515,337.9566625392555,931.9679324399642,996.1122386022201
MAR10023,113.86553585735264,2.978485632827161,112.35994053313138,112.38029190061881,112.60428253892708,123.07048884054812,124.09376509244264
MAR10024,113.86553585735264,2.978485632827161,112.35994053313138,112.38029190061881,112.60428253892708,123.07048884054812,124.09376509244264
MAR10026,-44.017766458968964,130.893284667543,-872.0691903828198,-64.75361047987028,-22.069938559293405,-2.616121390693962,-0.08593411785545868
MAR10027,0.0,0.0,0.0,0.0,0.0,0.0,0.0
MAR10029,0.0,0.0,0.0,0.0,0.0,0.0,0.0
MAR10030,3.3431352578151484e-16,3.7153042900440933e-16,-3.207763878559291e-16,-2.19115913789609e-16,2.8675066226493356e-16,1.148954604717326e-15,1.3335087053672632e-15
MAR10031,0.0,0.0,0.0,0.0,0.0,0.0,0.0
MAR10032,2.520982116436382,147.46828782817562,-258.5899791628927,-200.22362888293216,-23.850495736274112,360.80312016495344,406.680273233551
MAR10033,-663.0550174206421,178.92957822083181,-928.5263632678033,-896.8074309507023,-708.1240779730847,-270.34082743761354,-61.24340262536477
MAR10035,-217.84081530565183,167.13520049267947,-723.6097413096188,-681.1753808072475,-169.6733024869908,-54.98085291235212,-29.081277518531397
MAR10036,880.895832726298,134.34197269528195,94.1755781450077,768.3618658155865,902.7062969717219,973.417421281103,993.3280571083724
MAR10037,4.3997701194970285e-14,5.604005907279356e-14,-7.293374498042624e-14,-2.28753248855026e-14,3.7520475510133865e-14,1.9492860720614858e-13,2.1995369875247896e-13
MAR10046,0.8012423342709316,0.18571563257368637,0.33924988200180345,0.41644539995896457,0.7943185636344701,1.1140529227486478,1.1731664693675226
MAR10047,0.8012423342709324,0.18571563257368523,0.3392498820018038,0.41644539995896573,0.7943185636344727,1.1140529227486478,1.1731664693675223
MAR10059,0.0,0.0,0.0,0.0,0.0,0.0,0.0
MAR10060,0.0,0.0,0.0,0.0,0.0,0.0,0.0
MAR10062,607.7572976386206,15.897667065215257,599.7211825955933,599.8298080195488,601.0253580515248,656.8887341864281,662.3504711809127
MAR10063,25.187056531646245,0.6588410219814576,24.85401884592808,24.85852056841666,24.908067297610387,27.22319213152929,27.449540838448314
MAR10064,55.05398658703027,1.4400978034718548,54.32603124777,54.335871133948594,54.44417060757173,59.50458135440512,59.999335422196026
MAR10065,0.13663864302882364,0.003574182759392504,0.1348319286397586,0.13485635028074366,0.13512513904671342,0.14768458660865802,0.1489125181109312
MAR10066,125.51709596439461,63.432389513300734,0.8225267025149431,7.000997540717242,145.4775850605206,200.24285947938554,220.02253050093978
MAR10069,3.386943204907587e-15,2.6543898930273223e-14,-6.140550498409956e-14,-4.0433131284557144e-14,2.2747693386054207e-15,5.210059146750251e-14,6.701851146069952e-14
MAR10082,3.71571722362372,3.504628822734356,0.0002893631841427267,0.0032966168640277188,2.9556251066267705,11.601927093471234,16.102736797812355
MAR10103,2.5288170236100997,2.7920917073358087,6.563218966622776e-05,0.00671946803061828,1.1222243448923055,9.09901621323041,10.319224964409779
MAR10110,0.5587058312163978,0.7380281028265008,3.557393234048531e-05,6.439912194137058e-05,0.28809865082685515,1.979058974446794,3.065171178193611
MAR10118,3.7157172236237264,3.504628822734345,0.00028936318414259007,0.0032966168640282613,2.9556251066267842,11.601927093471252,16.102736797812362
MAR10119,2.5288170236100997,2.792091707335809,6.563218966623034e-05,0.006719468030618283,1.1222243448923046,9.09901621323041,10.319224964409779
MAR10120,0.5587058312163976,0.7380281028265006,3.5573932340371803e-05,6.439912194139308e-05,0.28809865082685393,1.9790589744467935,3.0651711781936104
MAR10125,1.7875004334124176,1.8245851747096795,0.00011880779841679366,0.0033818791230914463,1.1797775432976603,4.893224319279481,10.933338787005143
MAR10127,1.7875004334124172,1.8245851747096795,0.00011880779841678617,0.0033818791230914836,1.1797775432976596,4.893224319279481,10.933338787005143
MAR10136,-97.93954409173399,64.6042976061443,-249.32788809602323,-203.68075024256848,-93.27052465634767,-4.080110368238726,16.766649234457873
MAR10137,-580.3803306338908,119.5251297879179,-948.7488442786432,-791.9192776526727,-568.785492875633,-398.90966051461317,-341.70096489380126
MAR10138,312.2324518972696,301.0659956003599,-376.6439370500851,-298.85137890916104,293.918701968901,895.6870021482247,908.9240362477525
MAR10139,0.0,0.0,0.0,0.0,0.0,0.0,0.0
MAR10142,551.0317584124988,225.4272870954829,5.3219937491683735,47.77122163521167,603.4098987656888,875.8893526604911,913.989326173302
MAR10143,0.0,0.0,0.0,0.0,0.0,0.0,0.0
MAR10149,48.140067296132855,31.754633767746732,0.3764091529694006,1.5366113270995496,48.225911324434335,99.05463085717635,131.2592047348807
MAR10152,-527.5826088569728,223.48732396071554,-997.7405810279033,-960.676321810301,-508.2480027685882,-100.15007044301815,-62.02611950418577
MAR10153,163.5228611753334,338.61987204695976,-889.0683122341474,-772.7948256080128,251.35049970442913,477.6353322905917,913.8028726898597
MAR10160,0.0,0.0,0.0,0.0,0.0,0.0,0.0
MAR10162,0.0,0.0,0.0,0.0,0.0,0.0,0.0
MAR10168,0.0,0.0,0.0,0.0,0.0,0.0,0.0
MAR10169,0.0,0.0,0.0,0.0,0.0,0.0,0.0
MAR10174,23.80020675238211,378.35589384149574,-932.4211376160279,-812.7455190721068,151.45166324189046,369.92646586876714,916.9488917264699
MAR10175,8.547155793692298,375.4458752899575,-932.4847430329525,-817.7684137427746,128.7268578005527,361.0886228889574,912.2099272096164
MAR10179,-213.83767034838704,413.5146427869788,-995.0642596061239,-929.9517108218099,-261.46431479526933,697.0787906457851,781.0637389954511
MAR10181,-108.2684610222101,68.77481782622863,-472.25444997799895,-208.63407616081278,-108.49280817211768,-0.540470817867819,38.32061065995916
MAR10184,284.7064922006782,171.87651720264367,1.1075038438395968,22.324246830216044,281.6710358839273,710.0802512332502,779.0082944811658
MAR10186,214.3459994021816,81.11337592854643,21.33149197503613,100.62958332695393,208.3026468097098,393.6810668257812,429.3241927879645
MAR10188,-263.074409645092,235.07700480017928,-940.7825258176023,-884.4820893298212,-228.8781773091083,65.51970417674418,81.88389177082703
MAR10190,338.7912572019318,113.74876401100154,57.12006752757891,111.91917208224213,341.57735173104106,532.0392070096136,644.0072321803649
MAR10192,-266.1965016283434,191.28402066051427,-877.320107835287,-795.2407839021288,-228.44820461932434,-66.2915838370009,-35.15906002079034
MAR10194,-23.526265753086612,18.988518172202223,-95.68042279244054,-63.24391487911481,-19.89688117258105,-1.3710150494611029,-0.04467376904628868
MAR10195,0.0,0.0,0.0,0.0,0.0,0.0,0.0
MAR10201,0.0,0.0,0.0,0.0,0.0,0.0,0.0
MAR10202,615.9935734507898,218.77726373837234,49.5973774772566,89.24112018376088,686.0679531984788,916.0192062520861,962.4169049225959
MAR10206,0.0,0.0,0.0,0.0,0.0,0.0,0.0
MAR10208,0.0,0.0,0.0,0.0,0.0,0.0,0.0
MAR10209,23.526265753086612,18.98851817220222,0.04467376904629401,1.3710150494610989,19.89688117258106,63.2439148791148,95.68042279244054
MAR10211,-97.9395440917348,64.6042976061436,-249.3278880960176,-203.68075024256305,-93.27052465634671,-4.080110368241781,16.76664923445753
MAR10212,-580.380330633889,119.52512978791677,-948.7488442786428,-791.9192776526686,-568.785492875633,-398.9096605146176,-341.700964893805
MAR10214,551.0317584124988,225.42728709548282,5.321993749168368,47.77122163521167,603.4098987656888,875.8893526604909,913.9893261733018
MAR10215,-9.053659789277882e-16,1.198731128194765e-15,-4.721379071280458e-15,-3.215255578820579e-15,-2.8341104458400827e-16,1.6994142932778016e-16,6.302535097539647e-16
MAR10216,-6.978072196545023e-21,1.582944561164828e-20,-4.5675997979692524e-20,-3.676182058853217e-20,-1.672941577158917e-21,1.334384749591147e-20,2.895121378099675e-20
MAR10217,48.140067296132855,31.754633767746732,0.3764091529694006,1.5366113270995496,48.225911324434335,99.05463085717635,131.2592047348807
MAR10218,0.0,0.0,0.0,0.0,0.0,0.0,0.0
MAR10219,-527.582608856973,223.48732396071708,-997.7405810279029,-960.6763218103039,-508.24800276858866,-100.15007044301687,-62.026119504184706
MAR10223,0.0,0.0,0.0,0.0,0.0,0.0,0.0
MAR10225,0.0,0.0,0.0,0.0,0.0,0.0,0.0
MAR10227,0.0,0.0,0.0,0.0,0.0,0.0,0.0
MAR10229,0.0,0.0,0.0,0.0,0.0,0.0,0.0
MAR10230,0.0,0.0,0.0,0.0,0.0,0.0,0.0
MAR10234,-243.50342632566188,109.39991502453618,-536.9485148886707,-511.7823017938354,-209.1965456779526,-108.44793152589557,-17.758471890549814
MAR10235,23.80020675238211,378.35589384149574,-932.4211376160279,-812.7455190721068,151.45166324189046,369.92646586876714,916.9488917264699
MAR10241,-34.3271591238007,51.54718773178528,-201.84383696858205,-185.5805752953111,-12.715027698284493,-2.518090096877319,-0.3015956606838984
MAR10242,-324.2123700029144,204.74758106068376,-957.286912708324,-880.8567113439718,-271.29531562578927,-77.91271624359294,-19.54227475526929
MAR10243,-799.4008058861083,87.15019355872468,-970.607430534045,-949.6764954932372,-783.0155829841208,-678.9997435057431,-645.6617909133025
MAR10247,-116.41460621850068,206.46330297414522,-805.1586727731915,-734.289410589048,-32.66252752375607,9.106163977952304,38.096227550189035
MAR10250,-1.2992740834563878,0.03398630816005759,-1.4159843159610974,-1.4043081199613314,-1.2848824263436476,-1.2823265587663522,-1.2820943374508977
MAR10254,1.5523497955896485e-14,2.0364464061449064e-14,-2.581868288734997e-14,-1.423769586131722e-14,1.5389186915191318e-14,4.79598718582071e-14,5.925086227554584e-14
MAR10255,-1.1194245357565943e-14,3.5147240237261244e-14,-1.7469858174098455e-13,-5.80196080214483e-14,-5.3177615249736185e-15,3.8862079806631924e-14,5.3741940990289177e-14
MAR10256,-270.76850162240163,260.0153554993777,-961.0460757514211,-899.2968145394765,-152.88792871245005,-57.37581011701362,-28.059722706264587
MAR10262,0.0,0.0,0.0,0.0,0.0,0.0,0.0
MAR10263,-3.485208152515971,0.1503847506334134,-3.9179166966373997,-3.8795728874407476,-3.4824216410974307,-3.275726871526423,-3.1398171136886464
MAR10320,0.0,0.0,0.0,0.0,0.0,0.0,0.0
MAR10321,25.80560699536868,27.113149064048745,0.0040023558326960215,0.29905593355965093,16.067290108229024,86.69713951454129,131.71039533539647
MAR10345,-4.813030942399578,3.7621832186311512,-18.9420744959995,-12.350893957676101,-3.947126073349807,-0.032283489728018686,-0.00013346659620656825
MAR10346,1.483429504272488e-14,8.117982106859536e-14,-2.057367126106977e-13,-1.0303385639282489e-13,8.132139504344175e-15,2.0484190759748904e-13,2.1381766156744913e-13
MAR10348,11.882069056106753,11.01392902091664,0.0028417202307443076,0.07269593624457862,7.830064627376263,33.09926370209009,40.10488075111802
MAR10355,-324.2123700029144,204.74758106068376,-957.286912708324,-880.8567113439718,-271.29531562578927,-77.91271624359294,-19.54227475526929
MAR10359,565.0548311511111,157.62670241487115,278.0485840564053,296.3323287939251,538.6695154089938,812.3000854521546,936.497713922517
MAR10362,0.0,0.0,0.0,0.0,0.0,0.0,0.0
MAR10363,235.40570108171858,145.61135151449588,37.67319862976448,54.5650175504521,209.98227985401277,423.828014573974,898.0363384159413
MAR10364,-40.24335056329903,158.00466906838312,-867.1983696378754,-203.00349402235904,-30.97011964847497,148.5089156641941,212.21994703548063
MAR10366,-994.5631564045265,4.8214265298272645,-999.9974893819149,-999.8889091638205,-995.6299349848296,-985.9066221044834,-975.4827134798954
MAR10367,-308.3285255400399,142.26274216342912,-559.217326371759,-502.4916711110544,-321.0668835894588,-55.969365319744504,-51.411905906673354
MAR10370,-116.41460621850071,206.46330297414522,-805.1586727731915,-734.289410589048,-32.66252752375611,9.106163977952296,38.096227550189006
MAR10375,-1.2992740834563878,0.03398630816005767,-1.4159843159610976,-1.4043081199613316,-1.2848824263436476,-1.2823265587663524,-1.282094337450898
MAR10379,5.325283828575674e-34,4.077852568697657e-33,-1.606224181113723e-32,-7.26944457690484e-33,1.2987451020380095e-33,4.539475097846958e-33,1.7822992168121952e-32
MAR10384,-1.1194245357565951e-14,3.514724023726125e-14,-1.7469858174098457e-13,-5.801960802144832e-14,-5.317761524973625e-15,3.886207980663193e-14,5.374194099028918e-14
MAR10385,1.1194245357565944e-14,3.514724023726125e-14,-5.3741940990289177e-14,-3.886207980663193e-14,5.317761524973625e-15,5.801960802144828e-14,1.746985817409846e-13
MAR10387,-270.76850162240163,260.0153554993777,-961.0460757514211,-899.2968145394765,-152.88792871245005,-57.37581011701362,-28.059722706264587
MAR10388,0.0,0.0,0.0,0.0,0.0,0.0,0.0
MAR10389,3.4852081525159715,0.15038475063341364,3.139817113688644,3.2757268715264223,3.482421641097433,3.879572887440747,3.9179166966373997
MAR10392,-588.5449880121598,151.31844321577148,-951.2929345937715,-937.472769784255,-568.9566813369931,-389.853944956967,-363.84439818921953
MAR10395,251.38252109965123,300.4695284598127,-432.95990458789066,-69.04238150380988,173.96840576598308,861.5279746557829,940.4028448117238
MAR10396,844.8278525466164,91.92434379978512,616.5429440889052,695.6378005484532,847.3138072879304,985.7081124907565,996.0782138828456
MAR10397,0.0,0.0,0.0,0.0,0.0,0.0,0.0
MAR10398,0.0,0.0,0.0,0.0,0.0,0.0,0.0
MAR10399,25.805606995368688,27.113149064048745,0.0040023558326960215,0.2990559335596712,16.067290108229034,86.69713951454129,131.71039533539647
MAR10406,0.0,0.0,0.0,0.0,0.0,0.0,0.0
MAR10427,-724.3794419428925,126.87721956499574,-959.9860639199256,-954.7577253772508,-710.3479976573319,-550.9107782842508,-375.7227471673152
MAR10428,0.0,0.0,0.0,0.0,0.0,0.0,0.0
MAR10429,-543.1014949421839,196.00563338069335,-960.2055030609307,-874.828778175361,-549.7719930565588,-98.92532206195929,-50.337521341809975
MAR10432,4.4190442703565663e-16,1.104398240541345e-15,-2.7543653355017982e-15,-1.1544311423622512e-15,1.394354181495608e-16,2.3307951698568356e-15,3.1732239733741975e-15
MAR10434,-256.5961201116071,139.64129381155817,-692.6627289633274,-456.9883242560957,-258.606559959895,-21.078606844140474,-3.8080123527345484
MAR10435,565.0548311511113,157.62670241487132,278.0485840564053,296.3323287939251,538.6695154089939,812.300085452155,936.4977139225172
MAR10437,-5.325283828575674e-34,4.077852568697657e-33,-1.7822992168121952e-32,-4.539475097846958e-33,-1.2987451020380095e-33,7.269444576904837e-33,1.606224181113723e-32
MAR10438,-588.5449880121602,151.31844321577117,-951.2929345937727,-937.4727697842551,-568.956681336994,-389.853944956966,-363.84439818922345
MAR10440,0.0,0.0,0.0,0.0,0.0,0.0,0.0
MAR10441,844.8278525466164,91.92434379978489,616.5429440889058,695.6378005484537,847.3138072879303,985.7081124907564,996.0782138828455
MAR10442,1.362657135344929,1.2547273291794299,9.24816554239254e-05,0.01626409632338459,1.2069669084023458,4.137922405238215,4.709368716316791
MAR10445,-1.8318643176058495e-15,4.3348666689399035e-15,-1.517172213484065e-14,-8.592815132037906e-15,-1.9102636339796965e-15,7.498239909048936e-15,1.060511290888617e-14
MAR10446,1.814516378817001e-15,4.330153817918532e-15,-1.0570521530762106e-14,-7.428161731243998e-15,1.824596519236843e-15,8.467057710585069e-15,1.5140603492536802e-14
MAR10450,1.3530899635560918e-17,4.0219239150222434e-17,-2.1349648970537358e-16,-2.3829748443556048e-17,5.9119234908722386e-18,4.5359044919039555e-17,7.296502339935087e-17
MAR10475,700.9368433387533,147.39537505918727,84.63258538072557,535.8134833723425,705.5358806754368,937.6169373834414,991.5991182238118
MAR10483,0.0,0.0,0.0,0.0,0.0,0.0,0.0
MAR10488,328.73978338385496,282.35280347946133,-49.07232851626196,20.653115768246437,232.73498895143402,890.3048644633674,984.9824253745267
MAR10489,-340.6664587754533,279.8622908402241,-985.007860449042,-892.6267973445485,-246.59935931804168,-29.155526633009956,30.70670010363642
MAR10491,0.0,0.0,0.0,0.0,0.0,0.0,0.0
MAR10495,328.7397833838535,282.3528034794618,-49.07232851626003,20.65311576824781,232.73498895143305,890.3048644633673,984.9824253745269
MAR10496,-340.66645877545966,279.8622908402212,-985.0078604490411,-892.6267973445503,-246.5993593180603,-29.155526633014066,30.706700103633295
MAR10543,0.0,0.0,0.0,0.0,0.0,0.0,0.0
MAR10605,0.0,0.0,0.0,0.0,0.0,0.0,0.0
MAR10610,0.0,0.0,0.0,0.0,0.0,0.0,0.0
MAR10619,0.0,0.0,0.0,0.0,0.0,0.0,0.0
MAR11237,0.0,0.0,0.0,0.0,0.0,0.0,0.0
MAR11238,0.0,0.0,0.0,0.0,0.0,0.0,0.0
MAR11246,0.0,0.0,0.0,0.0,0.0,0.0,0.0
MAR11252,0.0,0.0,0.0,0.0,0.0,0.0,0.0
MAR11255,5.653049414970288e-31,7.836147919809898e-31,-3.8121688164338234e-31,-1.262939158553678e-31,1.604955108834106e-31,2.3037527451722837e-30,2.6802946773996962e-30
MAR11256,321.7641189236752,73.6535065777747,29.085678708609855,226.80625967738987,328.1926326696189,426.4602621915641,457.63447520581815
MAR11257,42.87124607551955,99.1939778160039,-10.216863571196638,-5.037442654918072,6.415012104144491,353.8181535150739,403.5198750710556
MAR11258,0.0,0.0,0.0,0.0,0.0,0.0,0.0
MAR11259,0.0,0.0,0.0,0.0,0.0,0.0,0.0
MAR11261,-1.2992740834563878,0.033986308160057835,-1.4159843159610979,-1.4043081199613319,-1.2848824263436471,-1.2823265587663517,-1.2820943374508973
MAR11262,0.0,0.0,0.0,0.0,0.0,0.0,0.0
MAR11264,0.0,0.0,0.0,0.0,0.0,0.0,0.0
MAR11265,0.0,0.0,0.0,0.0,0.0,0.0,0.0
MAR11266,4.547886593328806e-15,6.3743163572289025e-15,-8.319115925385494e-15,-1.3719195243824896e-15,3.383891339285325e-15,2.0659526382505975e-14,3.086930166502218e-14
MAR11274,-0.43949986650406386,2.257293601780329,-9.106439108973158,-5.432850399361244,-0.04134647183312001,2.6547250500775568,6.485695662460568
MAR11277,129.17040744985601,130.31252983753978,21.49278513272958,37.85444614427189,94.13754479012447,258.6652895067568,873.8814984538417
MAR11280,-468.9548425040406,228.54170152151934,-995.9370705880201,-952.526422813647,-434.16261610163565,-115.81088034978795,-84.61475939601624
MAR11299,-40.042840945887484,22.204130991602817,-109.4876412209345,-79.23551256766142,-38.93928412758706,-9.548812304999942,-1.0261724415397766
MAR11300,40.04284094588749,22.204130991602824,1.0261724415397753,9.54881230499991,38.93928412758705,79.23551256766137,109.48764122093452
MAR11301,40.042840945887484,22.204130991602817,1.0261724415397766,9.548812304999936,38.93928412758706,79.23551256766137,109.4876412209345
MAR11303,295.75750720580646,171.01925499145096,46.94214475311342,57.279052041743704,289.6506089881283,595.5179110532393,917.905988931306
MAR11304,1.11684889837625e-14,3.06495512647858e-14,-7.853511045901662e-14,-3.345360655941735e-14,4.6303333385598364e-15,6.928844783759643e-14,1.0022579067034351e-13
MAR11315,164.4641739523884,203.53398621427115,0.40402807697316423,6.3784997109827675,118.43612846002534,784.7633140174922,858.9920308791801
MAR11316,63.67332845792308,53.02134727816086,1.3743929331263254,6.972098079846322,41.422474793989494,161.63473655275166,185.8625086470628
MAR11317,713.5948775519687,406.918469557486,-711.2834895564996,-542.6888184253497,850.1772295844364,990.5981909159427,999.7782857364936
MAR11318,-976.4146665186823,20.74802150535933,-999.9983283668322,-999.7893738991851,-983.265416243936,-936.751953499844,-913.435742127323
MAR11319,0.0,0.0,0.0,0.0,0.0,0.0,0.0
MAR11321,-116.64352013625155,356.8883383079032,-883.6723251605716,-552.4351808768373,-194.68266608182836,839.8906716071767,939.5303062905225
MAR11323,0.0,0.0,0.0,0.0,0.0,0.0,0.0
MAR11348,0.0,0.0,0.0,0.0,0.0,0.0,0.0
MAR11349,-892.8708276514707,97.67609431422377,-999.5005355030519,-995.063753201378,-922.6033215254566,-628.9355995875543,-599.9199889464996
MAR11350,434.7693598054927,165.53444976367328,77.0674120544868,105.19173183685811,464.8882237001791,599.2900258722817,940.5426029518584
MAR11357,-284.706492200678,171.87651720264364,-779.0082944811656,-710.08025123325,-281.67103588392706,-22.324246830216527,-1.1075038438395968
MAR11359,-214.34599940218135,81.11337592854649,-429.3241927879645,-393.6810668257809,-208.30264680970993,-100.62958332695334,-21.331491975036165
MAR11363,0.0,0.0,0.0,0.0,0.0,0.0,0.0
MAR11365,-1.398820722944582e-14,1.5283537130197612e-13,-3.858432197096641e-13,-3.063144691415825e-13,1.3214261952001704e-15,1.95427232216771e-13,2.5896401401406095e-13
MAR11366,0.0,0.0,0.0,0.0,0.0,0.0,0.0
MAR11367,-2.5209821164366932,147.46828782817548,-406.6802732335512,-360.803120164954,23.8504957362736,200.22362888293156,258.589979162892
MAR11370,270.76850162240163,260.0153554993777,28.059722706264587,57.37581011701361,152.88792871244993,899.2968145394765,961.0460757514211
MAR11371,-0.5163346588987554,0.013506240950616642,-0.5627155871881907,-0.5580754386963512,-0.5106153796010242,-0.5095996716525502,-0.5095073863415444
MAR11375,192.78057592237002,96.80584561381134,21.341767445673273,75.51202081043611,188.1452247187154,435.6942648467189,460.4770360722237
MAR11376,192.78057592236996,96.80584561381136,21.341767445673273,75.51202081043607,188.14522471871538,435.6942648467189,460.4770360722237
MAR11378,43.7388738448184,24.575532095262112,1.564905076026756,6.802331749992991,43.92119668290521,88.14737703208603,103.6230754453822
MAR11379,43.73887384481834,24.57553209526208,1.5649050760265855,6.802331749992788,43.9211966829052,88.14737703208574,103.62307544538194
MAR11381,0.0,0.0,0.0,0.0,0.0,0.0,0.0
MAR11384,-129.89073606356595,100.87553242081222,-441.315929592487,-408.69580220405777,-105.50236881171838,-25.447816693394017,-10.937687268213153
MAR11385,-129.89073606356587,100.8755324208117,-441.3159295924872,-408.6958022040556,-105.50236881171855,-25.44781669339404,-10.937687268212901
MAR11389,0.0,0.0,0.0,0.0,0.0,0.0,0.0
MAR11390,0.0,0.0,0.0,0.0,0.0,0.0,0.0
MAR11393,0.0,0.0,0.0,0.0,0.0,0.0,0.0
MAR11400,460.0802289200426,206.57280197254278,83.62017082948189,108.15118518418957,423.9707935151896,918.978155671252,961.9839614676035
MAR11410,-416.94495801636447,147.3537343229554,-937.7576475372585,-616.9641573499074,-422.01957712487933,-139.02237468390473,-73.48558032135827
MAR11419,0.0,0.0,0.0,0.0,0.0,0.0,0.0
MAR11420,778.196736976838,114.31746801279303,551.2935108373271,591.4069442294095,777.4827298136632,989.9761415364063,999.7946355585067
MAR11423,0.0,0.0,0.0,0.0,0.0,0.0,0.0
MAR11424,473.0295740251232,199.21279074629103,40.75614447720208,77.60686625964873,477.8581611305573,830.2779572525868,938.7806055705277
MAR11426,-338.79125720193133,113.74876401100171,-644.0072321803648,-532.0392070096137,-341.57735173104123,-111.91917208224193,-57.12006752757884
MAR11427,-783.6889466894532,142.2056613600939,-993.306201917915,-972.0678849888883,-808.6597391911184,-501.56976022192265,-360.7830084985991
MAR11428,0.0,0.0,0.0,0.0,0.0,0.0,0.0
MAR11433,0.004714033184494473,0.0001233093051990206,0.004651701538071841,0.004652544084685645,0.004661817297111683,0.0050951182379987145,0.005137481874827128
MAR11438,0.0,0.0,0.0,0.0,0.0,0.0,0.0
MAR11440,0.0,0.0,0.0,0.0,0.0,0.0,0.0
MAR11443,0.0,0.0,0.0,0.0,0.0,0.0,0.0
MAR11449,0.0,0.0,0.0,0.0,0.0,0.0,0.0
MAR11451,0.0,0.0,0.0,0.0,0.0,0.0,0.0
MAR11456,0.0,0.0,0.0,0.0,0.0,0.0,0.0
MAR11457,0.0,0.0,0.0,0.0,0.0,0.0,0.0
MAR11476,0.0,0.0,0.0,0.0,0.0,0.0,0.0
MAR11477,0.0,0.0,0.0,0.0,0.0,0.0,0.0
MAR11478,0.0,0.0,0.0,0.0,0.0,0.0,0.0
MAR11479,449.90935878259074,267.91150969495476,-405.2617160600062,112.77306412284511,398.09842130276775,942.4499105715788,995.2261356116878
MAR11480,449.90935878259273,267.9115096949531,-405.26171605999485,112.77306412285438,398.0984213027706,942.4499105715781,995.2261356116895
MAR11481,449.90935878259273,267.9115096949531,-405.26171605999485,112.77306412285438,398.0984213027706,942.4499105715781,995.2261356116895
MAR11486,50.44709878100756,36.089277487560636,0.1694392048560457,5.943335976422422,43.96598450996605,149.1804007953621,161.50954702328536
MAR11487,50.44709878100753,36.08927748756065,0.1694392048560418,5.943335976422424,43.96598450996596,149.1804007953621,161.5095470232854
MAR11488,50.44709878100747,36.089277487560615,0.16943920485604969,5.943335976422424,43.965984509965836,149.18040079536192,161.50954702328534
MAR11489,50.44709878100753,36.08927748756065,0.16943920485604508,5.943335976422422,43.96598450996593,149.18040079536212,161.5095470232854
MAR11490,50.447098781007504,36.08927748756062,0.16943920485605005,5.943335976422422,43.96598450996588,149.18040079536195,161.50954702328536
MAR11491,50.447098781007504,36.08927748756062,0.16943920485605005,5.943335976422422,43.96598450996588,149.18040079536195,161.50954702328536
MAR11502,0.0,0.0,0.0,0.0,0.0,0.0,0.0
MAR11503,0.0,0.0,0.0,0.0,0.0,0.0,0.0
MAR11505,0.0,0.0,0.0,0.0,0.0,0.0,0.0
MAR11509,0.0,0.0,0.0,0.0,0.0,0.0,0.0
MAR11510,0.0,0.0,0.0,0.0,0.0,0.0,0.0
MAR11512,0.0,0.0,0.0,0.0,0.0,0.0,0.0
MAR11529,5.653049414970286e-31,7.836147919809895e-31,-3.8121688164338225e-31,-1.262939158553678e-31,1.604955108834106e-31,2.303752745172283e-30,2.6802946773996955e-30
MAR11530,5.653049414970286e-31,7.836147919809895e-31,-3.8121688164338225e-31,-1.262939158553678e-31,1.604955108834106e-31,2.303752745172283e-30,2.6802946773996955e-30
MAR11531,0.0,0.0,0.0,0.0,0.0,0.0,0.0
MAR11533,0.0,0.0,0.0,0.0,0.0,0.0,0.0
MAR11534,0.0,0.0,0.0,0.0,0.0,0.0,0.0
MAR11535,0.0,0.0,0.0,0.0,0.0,0.0,0.0
MAR11536,0.0,0.0,0.0,0.0,0.0,0.0,0.0
MAR11538,0.0,0.0,0.0,0.0,0.0,0.0,0.0
MAR11539,0.0,0.0,0.0,0.0,0.0,0.0,0.0
MAR11540,0.0,0.0,0.0,0.0,0.0,0.0,0.0
MAR11541,0.0,0.0,0.0,0.0,0.0,0.0,0.0
MAR11543,0.0,0.0,0.0,0.0,0.0,0.0,0.0
MAR11555,0.0,0.0,0.0,0.0,0.0,0.0,0.0
MAR11557,0.0,0.0,0.0,0.0,0.0,0.0,0.0
MAR11562,0.0,0.0,0.0,0.0,0.0,0.0,0.0
MAR11564,0.0,0.0,0.0,0.0,0.0,0.0,0.0
MAR11565,553.252515234354,190.33858710544501,94.21268484009838,135.8794551687521,541.0802046597091,933.6562865230231,945.601439415482
MAR11566,553.2525152343536,190.33858710544507,94.21268484009838,135.8794551687521,541.0802046597089,933.6562865230231,945.6014394154821
MAR11567,553.2525152343536,190.33858710544507,94.21268484009838,135.8794551687521,541.0802046597089,933.6562865230231,945.601439415482
MAR11568,553.2525152343536,190.33858710544507,94.21268484009838,135.8794551687521,541.0802046597089,933.6562865230231,945.601439415482
MAR11569,0.0,0.0,0.0,0.0,0.0,0.0,0.0
MAR11571,-570.1320298185984,149.12768012913295,-953.9797203563622,-932.6161532919826,-535.979182756696,-379.9261225924483,-329.8390299272204
MAR11574,9.05365978927788e-16,1.1987311281947652e-15,-6.302535097539645e-16,-1.6994142932778386e-16,2.8341104458400827e-16,3.21525557882058e-15,4.72137907128046e-15
MAR11575,6.978072196545023e-21,1.582944561164828e-20,-2.895121378099675e-20,-1.3343847495911476e-20,1.672941577158917e-21,3.676182058853217e-20,4.5675997979692524e-20
MAR11576,0.0,0.0,0.0,0.0,0.0,0.0,0.0
MAR11577,0.955265551824218,1.1545870821604687,3.561978959606031e-05,5.7590123116492156e-05,0.39371525166477234,3.3629438090508246,4.497917189966068
MAR11578,0.0,0.0,0.0,0.0,0.0,0.0,0.0
MAR11580,243.50342632566188,109.39991502453618,17.758471890549814,108.44793152589556,209.1965456779526,511.78230179383536,536.9485148886707
MAR11581,1.192713715948308,1.1738076857771194,0.00013438461036462465,0.020005619148919417,0.7568789459241311,3.7913653066443165,5.6095739416713295
MAR11583,-1.742944311989907,0.04559179872112132,-1.8995082260206235,-1.8838448955018283,-1.723638256994623,-1.720209623334429,-1.7198981041381922
MAR11646,494.7066692902916,218.17245236332306,-78.9476622844985,-2.076804219182843,484.6956814968198,928.868977112032,953.7377782618712
MAR11781,783.6889466894532,142.20566136009387,360.7830084985991,501.56976022192237,808.6597391911184,972.0678849888883,993.306201917915
MAR11790,724.3794419428895,126.87721956499553,375.72274716731425,550.9107782842498,710.34799765733,954.7577253772496,959.9860639199277
MAR11797,469.3082473304813,190.16873823292397,47.405995597310145,66.48882244215406,496.12420230555733,828.8248426132632,903.862361478938
MAR11798,128.9965354933334,69.65445529405704,0.817911910341084,8.650304073537093,138.3533962534113,237.8327993968545,269.0215878437521
MAR11801,-11.92196135842179,10.31331548416355,-48.72708903928565,-32.695658066638785,-9.944446345152071,-0.17996656814834003,-0.01633219190425049
MAR11806,0.0,0.0,0.0,0.0,0.0,0.0,0.0
MAR11807,0.0,0.0,0.0,0.0,0.0,0.0,0.0
MAR11815,0.002350184660095742,6.147594346156136e-05,0.0023191091726037865,0.0023195292248287644,0.0023241523916034314,0.002540174889668924,0.0025612953115080155
MAR11816,2.6770344335072043e-14,5.510163544815554e-14,-8.912975321105091e-14,-6.611042165881479e-14,1.519931458116771e-14,1.3226175216500784e-13,1.4461776798685504e-13
MAR11817,2.8108796800073833e-14,5.135020095776988e-14,-6.567025907550003e-14,-5.976668935347464e-14,1.6334537036935353e-14,1.310359277459083e-13,1.4181914653788743e-13
MAR11818,2.8108796800073833e-14,5.135020095776988e-14,-6.567025907550003e-14,-5.976668935347464e-14,1.6334537036935353e-14,1.310359277459083e-13,1.4181914653788743e-13
MAR11825,-553.252515234354,190.33858710544501,-945.601439415482,-933.6562865230231,-541.0802046597091,-135.8794551687521,-94.21268484009838
MAR11826,-553.2525152343542,190.33858710544513,-945.6014394154822,-933.6562865230234,-541.0802046597107,-135.8794551687521,-94.21268484009838
MAR11827,-553.2525152343542,190.33858710544513,-945.6014394154822,-933.6562865230234,-541.0802046597107,-135.8794551687521,-94.21268484009838
MAR11831,352.78784486052706,204.58786159043234,32.96648625310591,64.90400868787097,313.9235745696865,880.1912111086099,948.084468387293
MAR11832,700.9368433387533,147.39537505918727,84.63258538072571,535.8134833723427,705.535880675437,937.6169373834413,991.5991182238118
MAR11833,700.9368433387533,147.39537505918727,84.63258538072571,535.8134833723427,705.535880675437,937.6169373834413,991.5991182238118
MAR11856,0.0,0.0,0.0,0.0,0.0,0.0,0.0
MAR11885,35.63040734348063,38.141499970411616,0.07016415129974707,1.6477072054910078,21.90641171603565,141.97970139366276,155.16170693767486
MAR11894,-339.0952146434986,260.04325087092604,-942.5713634582695,-892.0926060537183,-225.49260902924908,-78.55823940272109,-24.45911233442291
MAR11895,-339.0952146435,260.0432508709257,-942.5713634582698,-892.0926060537182,-225.4926090292534,-78.55823940272391,-24.459112334420865
MAR11896,44.21723647749989,110.03662901111886,-403.7788268811719,-116.60771590413789,28.04215058948259,253.1076556991279,344.93972465845223
MAR11897,44.21723647750013,110.03662901111919,-403.7788268811705,-116.60771590413675,28.042150589481253,253.1076556991272,344.93972465846065
MAR11900,131.94834360262308,201.9278805108527,4.018007482304865,14.435658368741953,45.44895455775167,735.2295483036231,805.173950007625
MAR11901,131.94834360262308,201.9278805108527,4.018007482304865,14.435658368741953,45.44895455775167,735.2295483036231,805.173950007625
MAR11905,0.0,0.0,0.0,0.0,0.0,0.0,0.0
MAR11906,0.0,0.0,0.0,0.0,0.0,0.0,0.0
MAR11913,-80.0856818917758,44.40826198320567,-218.97528244186913,-158.47102513532278,-77.87856825517704,-19.097624610002462,-2.052344883078945
MAR11914,-80.08568189177744,44.40826198320668,-218.9752824418739,-158.47102513532298,-77.87856825517929,-19.097624610000352,-2.052344883078149
MAR11917,783.6889466894532,142.2056613600939,360.7830084985991,501.56976022192237,808.6597391911184,972.0678849888883,993.306201917915
MAR11926,724.3794419428895,126.87721956499537,375.72274716731465,550.9107782842505,710.3479976573301,954.7577253772494,959.9860639199275
MAR11928,0.0,0.0,0.0,0.0,0.0,0.0,0.0
MAR11929,0.0,0.0,0.0,0.0,0.0,0.0,0.0
MAR11933,0.0,0.0,0.0,0.0,0.0,0.0,0.0
MAR11936,0.0,0.0,0.0,0.0,0.0,0.0,0.0
MAR11943,0.0,0.0,0.0,0.0,0.0,0.0,0.0
MAR11944,0.0,0.0,0.0,0.0,0.0,0.0,0.0
MAR11945,0.0,0.0,0.0,0.0,0.0,0.0,0.0
MAR11947,962.0146420252639,33.73473306879721,861.1233045056867,879.1356892635525,973.1223187351718,997.4689839344384,999.8160872680093
MAR11948,2.6563117548639472e-14,2.933080190968627e-14,-1.3921230448641001e-14,-1.7074376870383178e-15,1.0001953089890893e-14,7.704656143287829e-14,9.067328005965733e-14
MAR11949,2.6563117548639497e-14,2.933080190968635e-14,-1.3921230448641053e-14,-1.7074376870383357e-15,1.0001953089890849e-14,7.704656143287853e-14,9.067328005965763e-14
MAR11952,0.0,0.0,0.0,0.0,0.0,0.0,0.0
MAR11953,0.0,0.0,0.0,0.0,0.0,0.0,0.0
MAR11957,11.92196135842179,10.31331548416355,0.01633219190425049,0.17996656814833928,9.944446345152071,32.695658066638785,48.72708903928565
MAR11958,168.08398431185648,84.38456123953617,1.1352921309993387,16.111124247926536,177.86172201978343,277.70156509284243,449.30732758761235
MAR11959,-168.08398431185648,84.38456123953617,-449.30732758761235,-277.7015650928425,-177.86172201978343,-16.11112424792656,-1.1352921309993387
MAR11960,0.0,0.0,0.0,0.0,0.0,0.0,0.0
MAR11961,0.0,0.0,0.0,0.0,0.0,0.0,0.0
MAR11962,0.0,0.0,0.0,0.0,0.0,0.0,0.0
MAR11965,-0.002350184660095743,6.147594346156144e-05,-0.0025612953115080155,-0.002540174889668924,-0.0023241523916034306,-0.0023195292248287635,-0.002319109172603786
MAR11973,-338.73758070393046,77.93858790437244,-494.0919995154384,-476.83561536904574,-348.53201842918884,-243.33397406273565,-38.34398788622275
MAR11974,-338.7375807039315,77.9385879043714,-494.0919995154379,-476.8356153690448,-348.53201842918804,-243.33397406273636,-38.343987886222976
MAR11975,-700.9368433387534,147.39537505918727,-991.5991182238118,-937.6169373834417,-705.535880675437,-535.813483372343,-84.63258538072573
MAR11976,700.9368433387535,147.39537505918727,84.63258538072573,535.8134833723427,705.5358806754373,937.6169373834413,991.5991182238118
MAR11977,352.78784486052706,204.58786159043234,32.96648625310591,64.90400868787097,313.9235745696865,880.1912111086099,948.084468387293
MAR11989,0.0,0.0,0.0,0.0,0.0,0.0,0.0
MAR11990,0.0,0.0,0.0,0.0,0.0,0.0,0.0
MAR11995,0.025475643628762222,0.030902680104038315,2.2115417849823023e-06,0.0009897191075938807,0.014607140057621463,0.09499513400705369,0.17705194994390425
MAR11996,0.02547564362876223,0.030902680104038315,2.2115417849579077e-06,0.000989719107593874,0.014607140057621457,0.09499513400705364,0.17705194994390425
MAR11998,0.0,0.0,0.0,0.0,0.0,0.0,0.0
MAR11999,0.0,0.0,0.0,0.0,0.0,0.0,0.0
MAR12016,0.0,0.0,0.0,0.0,0.0,0.0,0.0
MAR12031,0.0,0.0,0.0,0.0,0.0,0.0,0.0
MAR12032,0.0,0.0,0.0,0.0,0.0,0.0,0.0
MAR12036,0.0,0.0,0.0,0.0,0.0,0.0,0.0
MAR12040,795.4746242788012,95.61834185394062,540.0116219817346,680.9150576058398,774.377877114929,971.2675827410686,997.9807278621539
MAR12058,0.0,0.0,0.0,0.0,0.0,0.0,0.0
MAR12088,0.0,0.0,0.0,0.0,0.0,0.0,0.0
MAR12090,0.0,0.0,0.0,0.0,0.0,0.0,0.0
MAR12093,0.0,0.0,0.0,0.0,0.0,0.0,0.0
MAR12094,0.0,0.0,0.0,0.0,0.0,0.0,0.0
MAR12112,0.0,0.0,0.0,0.0,0.0,0.0,0.0
MAR12127,-1.742944311989907,0.04559179872112127,-1.8995082260206233,-1.883844895501828,-1.723638256994623,-1.7202096233344293,-1.7198981041381922
MAR12128,0.0,0.0,0.0,0.0,0.0,0.0,0.0
MAR12129,0.0,0.0,0.0,0.0,0.0,0.0,0.0
MAR12130,0.0,0.0,0.0,0.0,0.0,0.0,0.0
MAR12131,0.0,0.0,0.0,0.0,0.0,0.0,0.0
MAR12141,0.0,0.0,0.0,0.0,0.0,0.0,0.0
MAR12143,-220.57800300097486,202.33228319511474,-869.051704383886,-794.2400432179581,-165.85850053490168,-8.200526315491555,-2.1689344364798284
MAR12144,220.57800300097483,202.33228319511477,2.1689344364798293,8.200526315491524,165.85850053490165,794.2400432179583,869.051704383886
MAR12145,3.7298797451142955,4.759935179210988,0.0004862632925857907,0.0413297691068938,1.3792927038437552,15.504507139033018,17.10793359611529
MAR12146,0.0,0.0,0.0,0.0,0.0,0.0,0.0
MAR12148,-104.46761233758075,139.04872277064837,-557.1831160561959,-507.61675590934874,-49.866928904122275,-7.789629116590189,-0.15879476209533844
MAR12149,104.4676123375807,139.04872277064837,0.158794762095338,7.789629116590253,49.86692890412222,507.6167559093485,557.1831160561959
MAR12151,-8.7163931558944,6.388547088092996,-25.912535906997505,-20.362589383117104,-7.67783985665659,-0.041940021440389344,-0.0009305739832683457
MAR12152,4.9865134107787545,4.92920361834742,0.0002822390501201198,0.0005581729961212922,4.0674528968920525,14.227943535528011,20.65403064296622
MAR12154,43.932440898228855,25.990483021823714,0.31007042637358645,1.9156220259602337,45.78027248038431,83.20240780736808,117.29551954437963
MAR12155,-52.114473067301525,29.386359391512688,-130.54554706194074,-95.663797849657,-56.647298023467584,-2.3015364725658007,-0.31598849898412595
MAR12156,8.182032169073617,7.025063002495603,0.00043589472563945075,0.03903086928603397,6.263842102018155,21.653510546732125,25.42042064710351
MAR12158,11.099626317576094,9.699654296380842,0.10384745151915152,0.2959184136676415,8.547181068751799,31.29558459457285,35.4015279420866
MAR12159,-26.749198189380536,18.432166834488257,-72.59324472129572,-57.406377692389704,-24.369631845117624,-1.6453359918405426,-0.2294161330720499
MAR12160,15.649571871805112,11.293355205503067,0.0026248144214073904,0.5007575457118384,13.839099238377573,36.73812710182747,42.53898719916221
MAR12162,-2.186301426633514,3.178413034030659,-16.847140104947623,-6.357900897825012,-1.176035787327593,-0.0002841579759740868,-0.0001805456693801345
MAR12163,2.186301426633514,3.178413034030659,0.0001805456693801198,0.0002841579759740711,1.176035787327593,6.357900897825009,16.847140104947623
MAR12165,-3.7333040951989225,3.3934491174034638,-11.512506011700093,-10.176188614066508,-2.8262696872639914,-0.0003514928288283704,-0.00022327017188268893
MAR12166,3.7333040951989225,3.3934491174034638,0.00022327017188268893,0.0003514928288283704,2.8262696872639914,10.176188614066506,11.512506011700093
MAR12172,-3.25120288055959e-14,3.9082154063496695e-14,-1.4515996867596465e-13,-1.3029187588515807e-13,-2.3826375204036217e-14,2.852852858452331e-15,2.7999261739285605e-14
MAR12173,1.1159459800455234e-14,2.547873658698989e-14,-4.1450799419726096e-14,-3.124373902656655e-14,5.837602466637413e-15,6.346939605986719e-14,7.749693818075858e-14
MAR12178,-6.681934792762015e-17,1.0442258698708975e-16,-3.033504880528766e-16,-2.8656071151809205e-16,-2.6645951974468976e-17,5.609134425970906e-17,8.106132742576726e-17
MAR12179,0.0,0.0,0.0,0.0,0.0,0.0,0.0
MAR12180,0.0,0.0,0.0,0.0,0.0,0.0,0.0
MAR12181,0.0,0.0,0.0,0.0,0.0,0.0,0.0
MAR12182,-62.96814649990882,51.06837885425192,-181.3481728214002,-153.38717574239664,-48.87419110434189,-0.8240031915300808,-0.002816328692664215
MAR12183,44.01776645896716,130.89328466754333,0.08593411785483912,2.6161213906929195,22.06993855929278,64.75361047986819,872.0691903828199
MAR12185,-11.5214750778684,8.97903820871916,-38.16444788795372,-29.903058510033468,-9.999974746783066,-1.3412266186484267,-0.22050737605280343
MAR12186,11.5214750778684,8.97903820871916,0.22050737605280343,1.341226618648415,9.999974746783066,29.903058510033468,38.16444788795372
MAR12187,5.570194434136823,5.518477304780327,0.00026246749008218204,0.08271553103256474,3.404462795038471,16.457002109715337,23.077560174427546
MAR12188,3.865292097570551,4.342317576409525,0.00023672867876798603,0.0007012922818397426,3.355615136996972,13.383157080379682,17.975616511891218
MAR12189,9.435486531707534,7.020251780933273,0.0007002502451422134,0.19132569972498184,7.853391050299232,21.37567547631281,26.79890666506752
MAR12190,-3.865292097570643,4.342317576409555,-17.975616511891243,-13.38315708037992,-3.355615136997049,-0.0007012922818420949,-0.00023672867874657678
MAR12191,1.3141615279779424,1.4647994937425584,0.00011543432190202293,0.10187656957679536,0.5298367515642419,4.346453665265204,5.574701803873035
MAR12192,4.169111887279212,4.0933510068353085,0.00011303275175636661,0.00027087233128375674,2.6616397163200376,11.600757929148115,12.917993164639737
MAR12193,5.483273415257157,4.712349002587505,0.00029773838163604506,0.3716498387154525,3.810442978047763,13.165467358396773,16.2640049643278
MAR12194,-4.169111887279212,4.093351006835307,-12.917993164639748,-11.600757929148127,-2.6616397163200514,-0.00027087233128337786,-0.00011303275174782519
MAR12196,1.163290266602104e-14,6.565726743969854e-14,-1.393225502581513e-13,-1.0922284619472291e-13,3.2980981344106626e-16,1.0204655435333222e-13,1.5890093395828618e-13
MAR12197,3.985442858571441e-15,3.171156910783502e-14,-9.352389854862997e-14,-7.91264027466161e-14,9.467976668176873e-15,4.3871753850463754e-14,5.12171157629311e-14
MAR12200,3.729879745114286,4.759935179210984,0.0004862632925858489,0.04132976910689383,1.3792927038437321,15.50450713903301,17.107933596115277
MAR12201,43.93244089822893,25.9904830218237,0.3100704263735908,1.915622025960236,45.7802724803845,83.20240780736819,117.29551954437969
MAR12202,11.099626317576092,9.699654296380842,0.10384745151915152,0.2959184136676415,8.547181068751797,31.295584594572862,35.4015279420866
MAR12206,3.278406824310079e-14,3.915699544125115e-14,-2.865931329835355e-14,-2.7884293614909076e-15,2.4321788582750172e-14,1.3062816284133195e-13,1.454369918751012e-13
MAR12210,9.435486531707536,7.020251780933276,0.0007002502451420469,0.19132569972498079,7.853391050299239,21.37567547631282,26.798906665067534
MAR12211,5.483273415257159,4.712349002587507,0.0002977383816360288,0.3716498387154525,3.8104429780477647,13.165467358396779,16.26400496432781
MAR12212,-1.1641913579914605e-14,6.543278024016487e-14,-1.581507524361001e-13,-1.0145531703852993e-13,-2.9842522465994195e-16,1.082249839534321e-13,1.393225441551567e-13
MAR12213,-3.0605056661932354e-14,4.335051651459949e-14,-2.8270438568151416e-13,-5.6805305154001873e-14,-2.0406424628499467e-14,-4.35624249514026e-17,1.51472357088013e-15
MAR12214,-3.0691009410503514e-14,1.777825748675515e-13,-3.5259602625310876e-13,-3.163253265980392e-13,-1.0409136635548623e-14,2.396632555492529e-13,3.019275359411218e-13
MAR12215,1.3596239786001742e-14,2.7691199887571063e-14,-5.347992155742804e-14,-3.402118859427845e-14,1.1848142420878483e-14,6.232098917032457e-14,8.016963680233212e-14
MAR12216,2.0852350341226514e-15,4.543509205722288e-15,-1.1320307639841471e-14,-7.394787068436902e-15,1.8869961827518032e-15,8.694405670758308e-15,1.7119820933718964e-14
MAR12218,6.995487159952441,8.5712338767852,0.000650123228203687,0.04972803178974027,3.131719870654292,29.8737216783573,36.762981940131944
MAR12220,15.707969188461284,10.39940553579564,0.001611065820919222,0.19793125840901615,15.219421936606857,31.546601307190727,52.87884574312714
MAR12221,37.0222792990147,132.09907873206683,-26.884600750634245,-10.784207083178034,13.4925698378232,61.887631551476126,871.8044970410662
MAR12224,1.49133341141097,1.3944307467427122,3.6970937543310524e-05,0.033894650016409414,1.1342633212793838,4.170293046350415,7.840388665138364
MAR12225,1.9482728649014769,1.7221621778532614,8.340133295733354e-05,0.00016034648945544721,1.3106652240489582,4.799060969383256,7.530369664343787
MAR12226,-2.3190253966731238e-14,2.1009036742499585e-14,-8.801789411221053e-14,-6.830062478233831e-14,-1.9414677839287005e-14,8.416990904648818e-16,2.3554905293014436e-14
MAR12227,1.3114859047505255e-14,1.6899838934678219e-13,-3.6272915887414787e-13,-2.786760483939477e-13,4.291352264529061e-15,2.693440024969162e-13,3.637233831330754e-13
MAR12228,-9.912820372538112e-15,2.7385726413309873e-14,-7.945895857648389e-14,-6.098682932602975e-14,-2.829513089755491e-15,3.249617742999673e-14,4.165665050064807e-14
MAR12229,1.022842242925075e-14,3.671733155154737e-14,-7.055639693357563e-14,-3.742641178073248e-14,-1.3075633881011455e-16,8.492462724354409e-14,1.3417648209576527e-13
MAR12230,1.2984624875163116e-14,1.0705889956181551e-14,-7.679664247703748e-15,-2.0096654014956616e-15,1.0971654759327138e-14,2.9468837006240074e-14,3.165460071867568e-14
MAR12231,-2.15724273251559e-15,4.632419962222174e-15,-1.7504036408586543e-14,-9.080528945862057e-15,-1.9187929514937693e-15,7.478407743076186e-15,1.1354618998875555e-14
MAR12233,-7.806109052684944e-17,3.7894123106843516e-15,-1.068504570492317e-14,-8.263262191325885e-15,4.415616681645321e-16,5.008331146948376e-15,1.0351902610131097e-14
MAR12235,3.06050566619323e-14,4.33505165145995e-14,-1.5147235708801227e-15,4.3562424951406397e-17,2.0406424628499454e-14,5.680530515400178e-14,2.8270438568151416e-13
MAR12236,-3.0591605953014555e-14,4.335510580087459e-14,-2.82689942779445e-13,-5.686285172552287e-14,-2.0392300261464518e-14,-4.3557575008053344e-17,1.6264831302036363e-15
MAR12238,3.069100941050406e-14,1.7778257486755227e-13,-3.019275359411218e-13,-2.396632555492535e-13,1.0409136635548607e-14,3.163253265980405e-13,3.525960262531102e-13
MAR12239,-3.038809101550993e-14,1.7600515999536492e-13,-3.4681821149637163e-13,-3.0988390699598587e-13,-1.0399260267204425e-14,2.3926759194178083e-13,3.000380308615369e-13
MAR12241,-1.3596256915568825e-14,2.769125237480119e-14,-8.016964785559793e-14,-6.232101707471052e-14,-1.184816296080225e-14,3.4021214902812916e-14,5.347994732994923e-14
MAR12242,1.2608886761968742e-14,3.203970533333008e-14,-5.877428130509854e-14,-3.7205587997457425e-14,8.887789799744908e-15,7.198206700291096e-14,8.721014822647785e-14
MAR12244,-2.0644831075200014e-15,4.567901770170071e-15,-1.709390464858938e-14,-8.797043217927745e-15,-1.953363155665331e-15,7.19291468817349e-15,1.129381082890312e-14
MAR12245,2.1507224961525478e-15,4.2425419646126994e-15,-1.0612910685174579e-14,-6.018047718881384e-15,2.3155786043314947e-15,8.947661954687205e-15,1.513695567524462e-14
MAR12246,-1.2027235456254465e-15,3.1695116269199165e-15,-1.2130489960804166e-14,-1.0368967849583943e-14,-3.6489511885146404e-16,3.688825447644307e-15,5.570042722769786e-15
MAR12247,0.0,0.0,0.0,0.0,0.0,0.0,0.0
MAR12248,-1.2027113904724375e-15,3.1694868184927688e-15,-1.2130476961322239e-14,-1.0368955060971584e-14,-3.6479704322546397e-16,3.688711479441352e-15,5.569926820413357e-15
MAR12249,0.0,0.0,0.0,0.0,0.0,0.0,0.0
MAR12250,6.995487159952445,8.5712338767852,0.0006501232282033316,0.04972803178973986,3.131719870654293,29.873721678357303,36.76298194013193
MAR12251,0.0,0.0,0.0,0.0,0.0,0.0,0.0
MAR12252,6.995487159952442,8.571233876785199,0.0006501232282037219,0.04972803178974029,3.1317198706542917,29.873721678357292,36.76298194013194
MAR12258,8.411651147640091,7.763809165283124,0.0008727079881470062,0.060375545182517976,7.06601877482987,23.796269983779283,32.91584051054725
MAR12259,7.296318040821274,7.776565180163167,0.0006941205673899784,0.017115166086075953,4.467343379336983,25.395002785098367,31.146493464364433
MAR12260,15.707969188461284,10.39940553579564,0.0016110658209193816,0.1979312584090158,15.219421936606862,31.546601307190734,52.87884574312714
MAR12261,-7.296318040821274,7.776565180163162,-31.14649346436441,-25.39500278509836,-4.46734337933699,-0.017115166086065923,-0.0006941205673885205
MAR12263,-105.36742797029662,129.84290940697053,-883.8970998075381,-161.3365954923475,-93.93999080579007,-9.054734510289205,-7.9889857784573906
MAR12264,68.34514867128303,39.40405525087169,0.011179744373611725,2.619260001067457,75.97533688178257,130.15030884272892,150.71678168396573
MAR12265,0.0,0.0,0.0,0.0,0.0,0.0,0.0
MAR12267,-6.0919377600872595,6.681865612179538,-29.72865850568052,-26.646750726748795,-4.96627138111705,-0.0005205052987317311,-0.00012967216181852608
MAR12268,6.0919377600872595,6.681865612179538,0.00012967216181852608,0.000520505298731731,4.96627138111705,26.646750726748795,29.72865850568052
MAR12270,-11.321695474701752,11.846040719314882,-43.83453811132345,-33.93166301527058,-7.179286487064267,-0.042218944171228845,-0.0005088475191667692
MAR12271,11.321695474701752,11.846040719314882,0.0005088475191667692,0.04221894417122882,7.179286487064269,33.93166301527057,43.83453811132345
MAR12272,1.4913334114109893,1.3944307467427313,3.697093754027735e-05,0.033894650016409504,1.1342633212793776,4.170293046350447,7.840388665138369
MAR12273,0.0,0.0,0.0,0.0,0.0,0.0,0.0
MAR12274,1.49133341141097,1.3944307467427122,3.697093754333828e-05,0.0338946500164094,1.1342633212793838,4.170293046350415,7.840388665138364
MAR12276,1.9482728649014764,1.7221621778532608,8.340133295730502e-05,0.0001603464894554186,1.3106652240489463,4.799060969383269,7.5303696643437865
MAR12277,0.0,0.0,0.0,0.0,0.0,0.0,0.0
MAR12278,1.9482728649014764,1.722162177853261,8.340133295734137e-05,0.00016034648945543225,1.310665224048958,4.799060969383254,7.530369664343786
MAR12281,2.2905844501426075e-14,2.0731670484675793e-14,-2.355356876825339e-14,-4.704021779582448e-16,1.960404038726115e-14,6.784320347550314e-14,8.847106711768395e-14
MAR12282,-2.412633383383383e-14,2.0255988853950308e-14,-7.283138935654495e-14,-5.926579092832211e-14,-1.9886190538840077e-14,1.2002348310777596e-15,2.131042881546239e-14
MAR12283,7.296318040821272,7.776565180163165,0.0006941205673885175,0.017115166086075963,4.467343379336995,25.39500278509836,31.146493464364426
MAR12285,-1.3114859047505255e-14,1.6899838934678219e-13,-3.637233831330754e-13,-2.693440024969162e-13,-4.291352264529063e-15,2.7867604839394763e-13,3.6272915887414787e-13
MAR12286,1.2976245548082886e-14,1.6876455844179783e-13,-3.627003894858194e-13,-2.78729683408202e-13,4.019954517954589e-15,2.679087771324e-13,3.628924184085671e-13
MAR12288,9.912820372538044e-15,2.7385726413309737e-14,-4.1656650500647916e-14,-3.249617742999677e-14,2.8295130897554176e-15,6.098682932602943e-14,7.945895857648346e-14
MAR12289,9.93036669804765e-15,9.676528405324924e-15,-8.344015313786094e-15,-3.4530642167138214e-15,8.43854225083681e-15,2.880505220672425e-14,3.246235842298513e-14
MAR12290,-1.0449671834902996e-14,2.952579869361156e-14,-8.367794059008807e-14,-6.372209889920996e-14,-2.9954685102621614e-15,3.519325168853262e-14,4.8273745488663125e-14
MAR12292,-1.0015654679161107e-14,3.666414879201761e-14,-1.3353538500379902e-13,-8.443538753849143e-14,3.173049423944829e-16,3.752526338314191e-14,7.070371799544141e-14
MAR12293,-3.4043635527099415e-14,4.207631833781476e-14,-1.5050786513430127e-13,-1.200928978990999e-13,-1.857027107393497e-14,1.2746834330798075e-14,2.5210199086516716e-14
MAR12295,-60.93371387490104,32.56499001893163,-130.66773429457749,-110.09864165408877,-65.98644054608809,-2.4751887604201057,-0.010656798902303422
MAR12296,60.933713874901784,32.5649900189322,0.010656798902284631,2.475188760420022,65.98644054608891,110.09864165408979,130.6677342945787
MAR12298,2.136490805912939e-15,4.6593403843135195e-15,-1.1328122187937141e-14,-7.265996496717786e-15,1.982399432348419e-15,9.184778139697352e-15,1.747812012345694e-14
MAR12299,-2.215355469142739e-15,4.326878524941566e-15,-1.5511480874105395e-14,-9.217908149099309e-15,-2.3915340273827982e-15,6.06313313678558e-15,1.0611519291673192e-14
MAR12301,-50.82607504443349,34.16127973605594,-131.64524977338232,-108.2039759970406,-53.76490417728721,-1.4073919889894022,-0.00919186928019773
MAR12302,50.8260750444335,34.16127973605594,0.009191869280197416,1.4073919889894373,53.76490417728724,108.2039759970406,131.64524977338232
MAR12304,7.806109052684944e-17,3.7894123106843516e-15,-1.0351902610131097e-14,-5.0083311469483804e-15,-4.415616681645321e-16,8.263262191325878e-15,1.068504570492317e-14
MAR12305,-7.806109052684944e-17,3.7894123106843516e-15,-1.068504570492317e-14,-8.263262191325885e-15,4.415616681645321e-16,5.008331146948376e-15,1.0351902610131097e-14
MAR12306,-11.983887245884004,13.98240891325866,-78.31382065033631,-38.52787106349174,-6.303514444827923,-0.08303596565686898,-0.0003061039700865333
MAR12307,11.983887245883999,13.98240891325866,0.0003061039700871409,0.083035965656869,6.303514444827926,38.52787106349173,78.31382065033631
MAR12308,0.0,0.0,0.0,0.0,0.0,0.0,0.0
MAR12310,0.0,0.0,0.0,0.0,0.0,0.0,0.0
MAR12318,13.725323245645354,12.111106936564529,0.082660317275443,0.29747957563228916,10.95855845488552,38.34434388250153,50.32742948831632
MAR12319,4.415456729221315,5.525619038148224,0.0004345621400221826,0.00648515300797623,2.8194211755781406,17.233524648439047,32.78028459176047
MAR12320,18.140779974866675,14.76992287258749,0.14439175075367827,0.663173129152457,14.845438399750158,48.507638265610474,68.72509098307407
MAR12332,5.816771270587484,6.319952217487837,0.0005830126400245591,0.05850476027930374,3.1831150978567955,20.39226272215837,24.00121180568587
MAR12333,5.816771270587484,6.319952217487838,0.0005830126400245591,0.058504760279303715,3.1831150978567955,20.392262722158364,24.001211805685866
MAR12335,225.46304429478434,113.48524034674453,0.35447451628716287,20.405888685011465,252.42136081902362,382.5393981500495,491.41993435897723
MAR12336,-225.4630442947843,113.48524034674452,-491.41993435897723,-382.5393981500496,-252.42136081902362,-20.40588868501149,-0.35447451628716287
MAR12337,26.790150648457566,20.022670453243304,0.004279661734201891,0.5736159447620319,24.870153927581253,66.98716988131171,83.84231781704713
MAR12338,-203.08835037554778,101.84235202407757,-486.2710011324817,-333.00398856409714,-226.51829723808294,-10.48719421324643,-0.3147111089027164
MAR12342,0.0,0.0,0.0,0.0,0.0,0.0,0.0
MAR12346,0.0,0.0,0.0,0.0,0.0,0.0,0.0
MAR12347,3.823693738688382,3.225605937296079,0.0004340443269052272,0.03876967568148929,2.3578872635139776,9.094222950613139,11.566106836533534
MAR12348,3.823693738688383,3.2256059372960784,0.00043404432690511097,0.03876967568148918,2.3578872635139785,9.094222950613139,11.566106836533534
MAR12349,3.823693738688427,3.2256059372960277,0.00043404432690560195,0.038769675681489674,2.3578872635139554,9.094222950613139,11.566106836533505
MAR12351,-505.21471398417697,216.5544510203835,-948.6485069176701,-830.0728862476211,-545.2054282501377,-88.52107970029434,-54.72474693115827
MAR12352,-505.2147139841773,216.5544510203827,-948.6485069176696,-830.0728862476163,-545.2054282501467,-88.52107970029324,-54.72474693115669
MAR12353,6.868800049159955,6.139114725756569,0.0003295417405093604,0.0009131241427693686,5.031092348453912,17.664427469929535,26.450581117039818
MAR12354,14.324332777686259,19.286381615715534,0.0002978543012487424,0.00046888760187115575,4.917168385171994,52.31325507710745,63.94097462674696
MAR12355,6.868800049159952,6.139114725756568,0.0003295417405093805,0.0009131241427694475,5.031092348453914,17.664427469929535,26.45058111703981
MAR12360,3.097614330301438,2.9368500450244297,0.00027915635361970277,0.04795356119505387,2.566984572217949,8.937663447581718,15.204026629967828
MAR12362,-3.0976143303014396,2.9368500450244315,-15.204026629967835,-8.937663447581725,-2.5669845722179483,-0.047953561195054145,-0.00027915635361959267
MAR12363,0.0,0.0,0.0,0.0,0.0,0.0,0.0
MAR12365,1.9784717765171989,2.680439104301977,5.265516418360332e-05,0.006007138242607114,0.6815684746992939,10.414978031010943,10.687173082725307
MAR12367,1.9784717765171977,2.6804391043019766,5.265516418366577e-05,0.006007138242607118,0.6815684746992939,10.414978031010943,10.687173082725305
MAR12368,-8.304098715312927,7.4595549691739915,-32.877127145303426,-23.67996833638098,-6.749343421358034,-0.2598043165599268,-0.0027660154307703835
MAR12369,0.0,0.0,0.0,0.0,0.0,0.0,0.0
MAR12371,0.0,0.0,0.0,0.0,0.0,0.0,0.0
MAR12372,0.0,0.0,0.0,0.0,0.0,0.0,0.0
MAR12374,0.0,0.0,0.0,0.0,0.0,0.0,0.0
MAR12375,5.84723992070893,5.50896826780177,0.00016152072028433192,0.05392709964308432,4.063060161615698,16.986626113457444,26.514555672040718
MAR12378,-5.847239920708922,5.5089682678017695,-26.51455567204069,-16.986626113457472,-4.063060161615684,-0.05392709964308329,-0.00016152072028365172
MAR12379,0.0,0.0,0.0,0.0,0.0,0.0,0.0
MAR12381,0.0,0.0,0.0,0.0,0.0,0.0,0.0
MAR12385,12.92435144627066,9.868367281647906,0.0008910132536308241,0.3330594767322583,11.392344526631195,26.81543640830325,48.54230355848842
MAR12387,0.0,0.0,0.0,0.0,0.0,0.0,0.0
MAR12392,0.0,0.0,0.0,0.0,0.0,0.0,0.0
MAR12396,0.0,0.0,0.0,0.0,0.0,0.0,0.0
MAR12397,6.3221359372513,6.845670778139794,0.00045384208921533584,0.04985889353671467,3.9950415223980915,20.54202730528453,31.02191650216847
MAR12401,-6.322135937251307,6.8456707781397945,-31.021916502168477,-20.542027305284737,-3.995041522398089,-0.049858893536714396,-0.0004538420892157565
MAR12402,3.530996726241976,3.650073633387629,0.00038267416699926885,0.03928137078004629,2.256363227191279,12.473629145017679,16.5635526740259
MAR12403,3.530996726241976,3.6500736333876285,0.00038267416699926885,0.03928137078004618,2.256363227191278,12.473629145017679,16.563552674025896
MAR12404,17.256319971887294,14.727367848269209,0.1894357913755003,0.6992359509976462,13.822051922691982,43.536500407449566,63.50726726334413
MAR12406,0.0,0.0,0.0,0.0,0.0,0.0,0.0
MAR12408,0.0,0.0,0.0,0.0,0.0,0.0,0.0
MAR12409,7.193471523787952,8.187888008566025,0.00031351675226931776,0.025048997185036028,3.3774810727361357,21.378944956915703,38.01756749718165
MAR12411,7.193471523787956,8.187888008566027,0.0003135167522692813,0.025048997185035993,3.3774810727361357,21.378944956915706,38.01756749718166
MAR12414,0.0,0.0,0.0,0.0,0.0,0.0,0.0
MAR12423,0.0,0.0,0.0,0.0,0.0,0.0,0.0
MAR12424,0.0,0.0,0.0,0.0,0.0,0.0,0.0
MAR12425,0.0,0.0,0.0,0.0,0.0,0.0,0.0
MAR12427,0.0,0.0,0.0,0.0,0.0,0.0,0.0
MAR12429,-676.6133103705982,153.1877541044882,-996.9734754454615,-956.7946279646835,-652.9414118033321,-434.4413168152162,-387.9901440820994
MAR12431,-676.6133103705982,153.18775410448808,-996.9734754454604,-956.794627964683,-652.941411803333,-434.4413168152164,-387.9901440820991
MAR12434,0.0,0.0,0.0,0.0,0.0,0.0,0.0
MAR12436,0.0,0.0,0.0,0.0,0.0,0.0,0.0
MAR12439,0.0,0.0,0.0,0.0,0.0,0.0,0.0
MAR12442,-12.211453383137119,9.157471302951597,-51.017912074078794,-26.38577613224184,-11.019514811651547,-0.14161698440147819,-0.0040500257442773815
MAR12443,0.0,0.0,0.0,0.0,0.0,0.0,0.0
MAR12446,0.0,0.0,0.0,0.0,0.0,0.0,0.0
MAR12455,5.199660694395428,5.625236395077873,0.00041776260918617526,0.05988143728495325,2.91670921689588,17.37287397353519,21.22365770143727
MAR12456,5.19966069439543,5.625236395077873,0.00041776260918617526,0.05988143728495496,2.9167092168958826,17.37287397353519,21.22365770143727
MAR12457,5.73087992248276,6.132937012190076,6.145586133970947e-07,0.000985687020788282,2.783270892745586,18.93650415943199,23.21251974154936
MAR12459,5.73087992248276,6.132937012190075,6.145586133970947e-07,0.000985687020788282,2.783270892745586,18.93650415943199,23.21251974154936
MAR12469,0.0,0.0,0.0,0.0,0.0,0.0,0.0
MAR12472,35.67995341960725,29.618551691715794,0.002551287069508357,0.8362810801486933,29.5123198070912,93.48719638139626,139.76489639979636
MAR12473,35.67995341960724,29.61855169171579,0.002551287069509686,0.8362810801486925,29.512319807091146,93.48719638139626,139.76489639979636
MAR12474,10.707285545972299,11.464767077832976,0.002234374375035186,0.12221750140779344,6.6539658853574455,37.04366641969275,48.2167153658091
MAR12497,10.707285545972324,11.464767077832976,0.002234374375034385,0.1222175014078795,6.653965885357476,37.04366641969276,48.2167153658091
MAR12503,250.50898412685473,215.97807444785158,15.236365273421876,47.06704779426484,193.6386817387322,860.6051477585501,940.5940790536133
MAR12505,250.50898412685137,215.9780744478525,15.236365273419846,47.067047794264504,193.63868173872277,860.6051477585504,940.5940790536134
MAR12506,13.78065242074296,14.048480331829955,0.0008682071297849713,0.04682729897835715,8.33673263637614,41.41571716532369,55.99008142006912
MAR12508,13.780652420742962,14.048480331829957,0.0008682071297848169,0.04682729897835705,8.33673263637614,41.41571716532372,55.99008142006911
MAR12510,0.0,0.0,0.0,0.0,0.0,0.0,0.0
MAR12515,0.0,0.0,0.0,0.0,0.0,0.0,0.0
MAR12517,0.0,0.0,0.0,0.0,0.0,0.0,0.0
MAR12518,10.145829675939716,7.9701222833905945,0.0048163227710222144,0.4592147990472941,7.778689179388777,28.040824993174446,39.216074175793935
MAR12524,10.707285545972297,11.464767077832972,0.002234374375035185,0.12221750140779006,6.653965885357447,37.04366641969273,48.21671536580909
MAR12526,8.30409871531298,7.4595549691739835,0.0027660154307815837,0.25980431655993885,6.74934342135824,23.679968336381165,32.87712714530347
MAR12527,4.857794907708481,4.217640187378161,7.392025324499087e-05,0.07757543993651667,3.8090386611515834,13.035813636057327,19.36547402374325
MAR12528,8.304098715312982,7.459554969173984,0.0027660154307814727,0.2598043165599391,6.749343421358244,23.679968336381176,32.877127145303476
MAR12533,0.0,0.0,0.0,0.0,0.0,0.0,0.0
MAR12535,0.0,0.0,0.0,0.0,0.0,0.0,0.0
MAR12539,0.0,0.0,0.0,0.0,0.0,0.0,0.0
MAR12543,0.0,0.0,0.0,0.0,0.0,0.0,0.0
MAR12551,0.0,0.0,0.0,0.0,0.0,0.0,0.0
MAR12555,274.9969220935671,210.01843117146137,17.186405703171783,62.31850520864784,223.358270635599,861.2101035994511,940.6522412957812
MAR12562,78.96843865539043,43.46465321174792,3.1301701327579123,7.9849844480385865,81.58097404912633,143.73292267215302,179.96340743042606
MAR12563,78.9684386553904,43.4646532117479,3.1301701327578972,7.984984448038548,81.58097404912604,143.73292267215308,179.9634074304261
MAR12564,0.0,0.0,0.0,0.0,0.0,0.0,0.0
MAR12569,86.27858227294244,40.393302985753714,7.659584190653665,26.126712290483287,83.33892089812184,171.78214589112554,179.65495403120633
MAR12571,86.27858227294244,40.39330298575371,7.659584190653665,26.12671229048329,83.33892089812184,171.78214589112554,179.65495403120636
MAR12575,0.0,0.0,0.0,0.0,0.0,0.0,0.0
MAR12578,18.140779974866675,14.76992287258749,0.14439175075367827,0.663173129152457,14.845438399750158,48.507638265610474,68.72509098307407
MAR12583,5.816771270587484,6.319952217487837,0.00058301264002456,0.05850476027930364,3.1831150978567955,20.39226272215837,24.00121180568587
MAR12584,225.4630442947843,113.48524034674452,0.35447451628716287,20.405888685011465,252.42136081902362,382.5393981500495,491.41993435897723
MAR12585,-203.08835037554778,101.84235202407757,-486.2710011324817,-333.00398856409714,-226.51829723808294,-10.48719421324643,-0.3147111089027164
MAR12586,0.0,0.0,0.0,0.0,0.0,0.0,0.0
MAR12589,3.823693738688384,3.2256059372960793,0.0004340443269050637,0.03876967568148913,2.3578872635139785,9.094222950613142,11.566106836533537
MAR12590,14.324332777686259,19.286381615715534,0.0002978543012487424,0.00046888760187115575,4.917168385171994,52.31325507710745,63.94097462674696
MAR12592,6.868800049159955,6.139114725756569,0.0003295417405093604,0.0009131241427693686,5.031092348453912,17.664427469929535,26.450581117039818
MAR12594,3.09761433030144,2.9368500450244315,0.00027915635361959267,0.04795356119505378,2.566984572217949,8.937663447581723,15.204026629967835
MAR12595,0.0,0.0,0.0,0.0,0.0,0.0,0.0
MAR12597,-8.304098715312927,7.4595549691739915,-32.877127145303426,-23.67996833638098,-6.749343421358034,-0.2598043165599268,-0.0027660154307703835
MAR12598,1.9784717765171989,2.680439104301977,5.26551641834923e-05,0.006007138242607114,0.6815684746992939,10.414978031010943,10.687173082725307
MAR12599,0.0,0.0,0.0,0.0,0.0,0.0,0.0
MAR12600,5.847239920708922,5.5089682678017695,0.00016152072028365172,0.053927099643082885,4.063060161615684,16.98662611345746,26.51455567204069
MAR12601,0.0,0.0,0.0,0.0,0.0,0.0,0.0
MAR12602,0.0,0.0,0.0,0.0,0.0,0.0,0.0
MAR12603,-12.92435144627066,9.868367281647906,-48.54230355848843,-26.815436408303263,-11.392344526631195,-0.3330594767322583,-0.0008910132536308241
MAR12606,0.0,0.0,0.0,0.0,0.0,0.0,0.0
MAR12607,6.322135937251307,6.845670778139795,0.0004538420892158467,0.04985889353671439,3.9950415223980897,20.54202730528454,31.021916502168477
MAR12608,3.530996726241976,3.650073633387629,0.00038267416699926885,0.03928137078004629,2.256363227191279,12.473629145017679,16.5635526740259
MAR12609,0.0,0.0,0.0,0.0,0.0,0.0,0.0
MAR12610,0.0,0.0,0.0,0.0,0.0,0.0,0.0
MAR12611,7.193471523787956,8.187888008566027,0.0003135167522692813,0.025048997185035993,3.3774810727361357,21.378944956915706,38.01756749718166
MAR12615,0.0,0.0,0.0,0.0,0.0,0.0,0.0
MAR12617,0.0,0.0,0.0,0.0,0.0,0.0,0.0
MAR12619,0.0,0.0,0.0,0.0,0.0,0.0,0.0
MAR12620,0.0,0.0,0.0,0.0,0.0,0.0,0.0
MAR12622,0.0,0.0,0.0,0.0,0.0,0.0,0.0
MAR12623,12.211453383137119,9.157471302951597,0.0040500257442773815,0.1416169844014781,11.019514811651547,26.385776132241837,51.017912074078794
MAR12624,0.0,0.0,0.0,0.0,0.0,0.0,0.0
MAR12627,5.19966069439543,5.625236395077873,0.00041776260918617526,0.05988143728495496,2.9167092168958826,17.37287397353519,21.22365770143727
MAR12629,5.73087992248276,6.132937012190075,6.145586133970947e-07,0.000985687020788282,2.783270892745586,18.93650415943199,23.21251974154936
MAR12630,0.0,0.0,0.0,0.0,0.0,0.0,0.0
MAR12633,-35.67995341960722,29.61855169171579,-139.76489639979636,-93.48719638139632,-29.51231980709111,-0.8362810801486927,-0.002551287069506881
MAR12634,10.707285545972297,11.464767077832972,0.002234374375035185,0.12221750140779006,6.653965885357447,37.04366641969273,48.21671536580909
MAR12645,250.50898412685135,215.97807444785238,15.236365273420233,47.067047794264504,193.63868173872282,860.6051477585501,940.5940790536134
MAR12646,13.780652420742962,14.048480331829957,0.0008682071297848169,0.04682729897835705,8.33673263637614,41.41571716532372,55.99008142006911
MAR12648,-10.145829675939716,7.9701222833905945,-39.216074175793935,-28.040824993174454,-7.778689179388776,-0.45921479904730017,-0.004816322771022218
MAR12649,4.857794907708481,4.217640187378161,7.392025324499087e-05,0.07757543993651667,3.8090386611515834,13.035813636057327,19.36547402374325
MAR12651,8.304098715312982,7.459554969173983,0.0027660154307815837,0.25980431655993896,6.749343421358242,23.679968336381165,32.87712714530347
MAR12653,0.0,0.0,0.0,0.0,0.0,0.0,0.0
MAR12656,0.0,0.0,0.0,0.0,0.0,0.0,0.0
MAR12657,-274.99692209356726,210.01843117146197,-940.6522412957825,-861.2101035994526,-223.35827063559944,-62.31850520864798,-17.18640570317075
MAR12660,78.96843865539044,43.46465321174789,3.13017013275793,7.9849844480385475,81.58097404912604,143.73292267215314,179.96340743042612
MAR12661,0.0,0.0,0.0,0.0,0.0,0.0,0.0
MAR12663,86.27858227294244,40.393302985753714,7.659584190653664,26.12671229048329,83.33892089812184,171.78214589112554,179.65495403120636
MAR12665,-78.96843865539037,43.46465321174788,-179.96340743042606,-143.73292267215305,-81.5809740491261,-7.984984448038556,-3.1301701327579106
MAR12669,-9.4972288542015,6.695449659183513,-27.485903655590175,-22.314718019275613,-8.544969738306488,-0.07146664406663061,-0.0008553079520484875
MAR12671,-19.182127685394686,19.491045348582293,-68.04033198407352,-55.15150138284344,-10.701447107414566,-0.12010597017848955,-0.00045513132706777467
MAR12672,-19.409502017267773,11.725587044674842,-47.21098550483633,-40.579442461508236,-19.73533034995031,-0.4887260755017892,-0.0016987043872829938
MAR12673,4.745458921003155,3.9396703221086526,0.0003471968456315279,0.14134710864307248,4.28641554115175,12.934755519918447,26.438966793383305
MAR12674,0.0,0.0,0.0,0.0,0.0,0.0,0.0
MAR12675,27.751701825532095,22.106242037348593,0.633457643929993,2.1780002060216304,23.500468527285854,69.92816054373814,112.98972792121594
MAR12676,-46.38993991310394,31.29546000528061,-150.01390027287513,-98.85641828376534,-47.77550830317962,-3.4464592393841738,-1.446560632337266
MAR12678,0.0,0.0,0.0,0.0,0.0,0.0,0.0
MAR12679,0.0,0.0,0.0,0.0,0.0,0.0,0.0
MAR12681,0.0,0.0,0.0,0.0,0.0,0.0,0.0
MAR12682,18.638238087568446,17.46870594954879,0.0019775258283582877,0.07911803239323627,15.18386383183018,53.95550401999583,63.55607017697779
MAR12683,-12.211453383137124,9.1574713029516,-51.0179120740788,-26.38577613224184,-11.019514811651547,-0.1416169844014782,-0.004050025744277106
MAR12684,-44.04647062034488,29.78578134226857,-119.17320567408667,-98.89640551873245,-40.024264986896355,-2.5859847913233804,-0.23966968599421037
MAR12687,4.297568159806088,3.378678204153059,0.00028124564367455675,0.001679724178800807,4.662674932477964,11.062740831854109,11.77089131970461
MAR12688,0.0,0.0,0.0,0.0,0.0,0.0,0.0
MAR12689,-9.031607876298928,8.2894607086356,-37.249316771925166,-25.20993701469171,-6.2151024836202104,-0.0961493809532229,-0.0014383303550337696
MAR12690,9.031607876298908,8.2894607086356,0.001438330355026017,0.09614938095321962,6.215102483620207,25.209937014691697,37.24931677192516
MAR12691,0.0,0.0,0.0,0.0,0.0,0.0,0.0
MAR12693,35.67995341960722,29.61855169171579,0.002551287069506881,0.8362810801486915,29.51231980709111,93.48719638139626,139.76489639979636
MAR12696,0.0,0.0,0.0,0.0,0.0,0.0,0.0
MAR12697,-4.211726211915345,3.7702213353736465,-16.96427138247949,-11.35329341798602,-3.0806886888833906,-0.07525123698593195,-0.00027078132773471545
MAR12698,0.0,0.0,0.0,0.0,0.0,0.0,0.0
MAR12699,0.0,0.0,0.0,0.0,0.0,0.0,0.0
MAR12700,-95.22343652395321,40.838312966249454,-181.3107286541179,-174.14032167616332,-99.21624318308645,-26.193123405555006,-8.386022981843139
MAR12702,0.0,0.0,0.0,0.0,0.0,0.0,0.0
MAR12705,0.0,0.0,0.0,0.0,0.0,0.0,0.0
MAR12709,0.0,0.0,0.0,0.0,0.0,0.0,0.0
MAR12713,9.38920233796413e-15,1.343838531372012e-14,-1.3802391499943633e-14,-9.854397835820623e-15,8.817962581404819e-15,3.374115750161827e-14,5.535454100948852e-14
MAR12716,0.0,0.0,0.0,0.0,0.0,0.0,0.0
MAR12727,78.96843865539037,43.46465321174788,3.1301701327579106,7.984984448038549,81.5809740491261,143.73292267215302,179.96340743042606
MAR12731,9.4972288542015,6.695449659183513,0.0008553079520484875,0.07146664406663061,8.544969738306488,22.31471801927561,27.485903655590175
MAR12734,-4.745458921003158,3.9396703221086526,-26.438966793383305,-12.934755519918449,-4.2864155411517535,-0.14134710864307254,-0.0003471968456315941
MAR12736,4.745458921003159,3.9396703221086535,0.0003471968456316346,0.1413471086430725,4.2864155411517535,12.934755519918456,26.438966793383308
MAR12738,14.324332777686259,19.286381615715534,0.0002978543012487424,0.00046888760187115575,4.917168385171996,52.31325507710745,63.94097462674696
MAR12739,4.857794907708445,4.217640187378144,7.392025324476882e-05,0.07757543993651633,3.8090386611515687,13.03581363605725,19.365474023743143
MAR12740,4.857794907708481,4.217640187378161,7.392025324492408e-05,0.07757543993651687,3.8090386611515825,13.035813636057327,19.36547402374325
MAR12743,19.182127685394686,19.491045348582293,0.00045513132706777467,0.12010597017848898,10.701447107414566,55.15150138284343,68.04033198407352
MAR12746,5.816771270587478,6.319952217487841,0.0005830126400239929,0.05850476027930772,3.183115097856793,20.392262722158385,24.001211805685877
MAR12747,6.868800049159952,6.139114725756563,0.00032954174050942237,0.0009131241427690875,5.03109234845391,17.66442746992952,26.450581117039803
MAR12748,1.978471776517206,2.680439104302015,5.265516412767811e-05,0.0060071382426071926,0.6815684746992761,10.414978031011069,10.687173082725373
MAR12749,8.304098715312925,7.459554969173992,0.0027660154307689567,0.2598043165599253,6.749343421358031,23.679968336380966,32.877127145303426
MAR12751,874.2673626496663,81.23643882754143,673.406827341014,713.7670546052666,877.8278266805889,984.8046509178847,998.4877055233839
MAR12752,-854.8578606323965,89.94779399075468,-998.4033905517996,-979.5806659646493,-858.7795218939655,-673.3659002318183,-633.6431222332942
MAR12753,0.0,0.0,0.0,0.0,0.0,0.0,0.0
MAR12756,27.751701825535374,22.10624203735003,0.6334576439292409,2.1780002060214243,23.500468527285385,69.92816054374399,112.989727921222
MAR12757,-27.751701825532095,22.106242037348593,-112.98972792121594,-69.92816054373816,-23.500468527285854,-2.1780002060216344,-0.6334576439299932
MAR12761,0.0,0.0,0.0,0.0,0.0,0.0,0.0
MAR12762,0.0,0.0,0.0,0.0,0.0,0.0,0.0
MAR12763,0.0,0.0,0.0,0.0,0.0,0.0,0.0
MAR12764,0.0,0.0,0.0,0.0,0.0,0.0,0.0
MAR12767,0.0,0.0,0.0,0.0,0.0,0.0,0.0
MAR12768,0.0,0.0,0.0,0.0,0.0,0.0,0.0
MAR12769,381.6313828849824,189.58877051944688,53.66904694136986,76.27615916521849,379.55036516716746,706.5801478561115,927.6705218640508
MAR12770,18.63823808756844,17.46870594954878,0.001977525828358288,0.07911803239323625,15.183863831830191,53.955504019995765,63.55607017697774
MAR12771,-400.2696209725503,192.3277208450366,-927.8469070254104,-709.9690820489864,-402.68216663033974,-77.93351342985886,-53.67198178830813
MAR12773,46.38993991310394,31.29546000528061,1.446560632337266,3.4464592393841733,47.77550830317962,98.85641828376531,150.01390027287513
MAR12775,0.0,0.0,0.0,0.0,0.0,0.0,0.0
MAR12777,0.0,0.0,0.0,0.0,0.0,0.0,0.0
MAR12778,0.0,0.0,0.0,0.0,0.0,0.0,0.0
MAR12779,0.0,0.0,0.0,0.0,0.0,0.0,0.0
MAR12780,0.0,0.0,0.0,0.0,0.0,0.0,0.0
MAR12781,12.211453383137119,9.157471302951596,0.004050025744277233,0.14161698440147816,11.019514811651547,26.385776132241837,51.01791207407879
MAR12783,12.211453383137124,9.1574713029516,0.004050025744277106,0.14161698440147813,11.019514811651547,26.385776132241837,51.0179120740788
MAR12785,44.04647062034488,29.78578134226857,0.23966968599421037,2.5859847913233636,40.024264986896355,98.89640551873244,119.17320567408667
MAR12790,4.2975681598060875,3.3786782041530588,0.00028124564367455675,0.001679724178800807,4.662674932477964,11.062740831854109,11.770891319704607
MAR12791,4.297568159806088,3.378678204153059,0.00028124564367455675,0.001679724178800807,4.662674932477964,11.062740831854109,11.77089131970461
MAR12792,0.0,0.0,0.0,0.0,0.0,0.0,0.0
MAR12794,9.03160787629893,8.2894607086356,0.0014383303550329005,0.09614938095322434,6.215102483620212,25.20993701469171,37.249316771925166
MAR12795,-9.031607876298928,8.2894607086356,-37.249316771925166,-25.20993701469171,-6.2151024836202104,-0.0961493809532229,-0.0014383303550337696
MAR12797,9.031607876298908,8.289460708635604,0.001438330355025351,0.09614938095321791,6.215102483620203,25.209937014691704,37.24931677192516
MAR12798,9.031607876298908,8.2894607086356,0.001438330355026017,0.09614938095321962,6.215102483620207,25.209937014691697,37.24931677192516
MAR12801,0.0,0.0,0.0,0.0,0.0,0.0,0.0
MAR12806,-35.67995341960724,29.61855169171579,-139.76489639979636,-93.48719638139632,-29.512319807091146,-0.8362810801486936,-0.002551287069509686
MAR12808,0.0,0.0,0.0,0.0,0.0,0.0,0.0
MAR12810,0.0,0.0,0.0,0.0,0.0,0.0,0.0
MAR12812,0.0,0.0,0.0,0.0,0.0,0.0,0.0
MAR12814,0.0,0.0,0.0,0.0,0.0,0.0,0.0
MAR12815,4.211726211915345,3.770221335373645,0.0002707813277350485,0.07525123698593193,3.080688688883396,11.35329341798602,16.96427138247949
MAR12817,0.0,0.0,0.0,0.0,0.0,0.0,0.0
MAR12820,4.2117262119153445,3.770221335373646,0.0002707813277350485,0.07525123698593193,3.080688688883392,11.353293417986011,16.964271382479485
MAR12825,-188.2360909984945,327.32217966293706,-965.4386569862968,-883.708977256356,-45.73474235600514,128.4170912726729,224.11861902530063
MAR12826,283.45952752244625,317.06509512170516,-100.19408275392192,-10.585893976201717,138.78205250221083,906.4071035722607,991.0881548222583
MAR12835,0.0,0.0,0.0,0.0,0.0,0.0,0.0
MAR12847,0.0,0.0,0.0,0.0,0.0,0.0,0.0
MAR12851,0.0,0.0,0.0,0.0,0.0,0.0,0.0
MAR12860,0.0,0.0,0.0,0.0,0.0,0.0,0.0
MAR12863,0.0,0.0,0.0,0.0,0.0,0.0,0.0
MAR12864,0.0,0.0,0.0,0.0,0.0,0.0,0.0
MAR12865,-41.816860703978584,119.94083118331824,-531.9891933519403,-235.42420255939763,-34.76122537092531,174.3158094756627,262.7452280445949
MAR12866,-41.81686070397742,119.94083118331689,-531.9891933519311,-235.4242025593885,-34.76122537092385,174.31580947566084,262.7452280445926
MAR12869,0.0,0.0,0.0,0.0,0.0,0.0,0.0
MAR12878,18.14077997486668,14.769922872587491,0.14439175075367827,0.6631731291524566,14.845438399750158,48.507638265610474,68.72509098307408
MAR12882,5.816771270587486,6.319952217487839,0.0005830126400244676,0.05850476027930363,3.1831150978567964,20.39226272215837,24.001211805685873
MAR12883,225.4630442947843,113.48524034674452,0.35447451628716287,20.405888685011465,252.42136081902362,382.5393981500495,491.41993435897723
MAR12885,3.823693738688383,3.225605937296079,0.0004340443269050637,0.03876967568148914,2.3578872635139794,9.094222950613139,11.566106836533534
MAR12886,14.324332777686259,19.286381615715534,0.0002978543012487424,0.00046888760187115575,4.917168385171994,52.31325507710745,63.94097462674696
MAR12888,6.868800049159955,6.139114725756571,0.0003295417405093447,0.0009131241427692922,5.031092348453912,17.664427469929542,26.45058111703982
MAR12889,3.0976143303014396,2.9368500450244315,0.00027915635361959267,0.04795356119505378,2.566984572217949,8.937663447581723,15.204026629967835
MAR12890,0.0,0.0,0.0,0.0,0.0,0.0,0.0
MAR12891,4.857794907708483,4.217640187378164,7.392025324463156e-05,0.07757543993651643,3.8090386611515803,13.03581363605733,19.365474023743264
MAR12892,1.9784717765171977,2.680439104301977,5.265516418354087e-05,0.006007138242607114,0.681568474699294,10.414978031010943,10.687173082725307
MAR12893,0.0,0.0,0.0,0.0,0.0,0.0,0.0
MAR12894,5.847239920708923,5.508968267801771,0.00016152072028447268,0.0539270996430822,4.063060161615683,16.98662611345746,26.514555672040686
MAR12895,0.0,0.0,0.0,0.0,0.0,0.0,0.0
MAR12896,0.0,0.0,0.0,0.0,0.0,0.0,0.0
MAR12898,0.0,0.0,0.0,0.0,0.0,0.0,0.0
MAR12899,0.0,0.0,0.0,0.0,0.0,0.0,0.0
MAR12900,-12.924351446270657,9.868367281647906,-48.54230355848842,-26.81543640830326,-11.39234452663119,-0.33305947673225783,-0.0008910132536308245
MAR12902,0.0,0.0,0.0,0.0,0.0,0.0,0.0
MAR12905,6.322135937251307,6.845670778139795,0.0004538420892158554,0.04985889353671436,3.9950415223980897,20.54202730528454,31.021916502168477
MAR12906,3.530996726241977,3.650073633387629,0.00038267416699925156,0.0392813707800466,2.256363227191279,12.47362914501768,16.5635526740259
MAR12907,0.0,0.0,0.0,0.0,0.0,0.0,0.0
MAR12909,7.193471523787956,8.187888008566027,0.0003135167522692813,0.025048997185035993,3.3774810727361357,21.378944956915706,38.01756749718166
MAR12914,0.0,0.0,0.0,0.0,0.0,0.0,0.0
MAR12915,0.0,0.0,0.0,0.0,0.0,0.0,0.0
MAR12916,0.0,0.0,0.0,0.0,0.0,0.0,0.0
MAR12917,0.0,0.0,0.0,0.0,0.0,0.0,0.0
MAR12920,12.211453383137119,9.157471302951597,0.004050025744277233,0.1416169844014781,11.019514811651543,26.385776132241837,51.017912074078794
MAR12921,0.0,0.0,0.0,0.0,0.0,0.0,0.0
MAR12925,5.73087992248276,6.132937012190075,6.145586133970947e-07,0.000985687020788282,2.783270892745586,18.93650415943199,23.21251974154936
MAR12926,0.0,0.0,0.0,0.0,0.0,0.0,0.0
MAR12928,10.707285545972299,11.464767077832974,0.0022343743750351886,0.12221750140778921,6.653965885357454,37.04366641969273,48.21671536580909
MAR12936,8.304098715312922,7.459554969173992,0.002766015430769211,0.2598043165599252,6.749343421358033,23.67996833638098,32.877127145303426
MAR12937,-8.304098715312982,7.4595549691739835,-32.877127145303476,-23.679968336381176,-6.749343421358239,-0.2598043165599399,-0.002766015430781528
MAR12939,0.0,0.0,0.0,0.0,0.0,0.0,0.0
MAR12941,0.0,0.0,0.0,0.0,0.0,0.0,0.0
MAR12943,24.48793796671526,20.62729423875373,0.005025745906640887,0.22661816600787302,20.34291428350405,60.024715848973464,80.65954762653078
MAR12944,-78.9684386553904,43.464653211747915,-179.96340743042597,-143.73292267215297,-81.5809740491263,-7.984984448038593,-3.130170132757894
MAR12945,0.0,0.0,0.0,0.0,0.0,0.0,0.0
MAR12946,86.27858227294244,40.3933029857537,7.659584190653669,26.12671229048329,83.33892089812184,171.78214589112548,179.6549540312063
MAR12948,78.96843865539037,43.46465321174787,3.130170132757923,7.9849844480385475,81.5809740491261,143.73292267215302,179.96340743042606
MAR12949,0.0,0.0,0.0,0.0,0.0,0.0,0.0
MAR12953,9.4972288542015,6.695449659183513,0.0008553079520484875,0.07146664406663061,8.544969738306488,22.31471801927561,27.485903655590175
MAR12955,19.182127685394683,19.491045348582286,0.00045513132706784015,0.12010597017848898,10.701447107414563,55.15150138284341,68.0403319840735
MAR12956,19.409502017267766,11.725587044674839,0.0016987043872829964,0.48872607550178937,19.73533034995026,40.57944246150824,47.210985504836344
MAR12957,4.745458921003158,3.939670322108653,0.0003471968456316346,0.1413471086430725,4.2864155411517535,12.934755519918454,26.438966793383308
MAR12959,46.38993991310393,31.295460005280617,1.446560632337266,3.4464592393841733,47.775508303179635,98.85641828376531,150.01390027287513
MAR12964,18.638238087568446,17.46870594954879,0.001977525828358288,0.07911803239323627,15.183863831830186,53.95550401999582,63.55607017697778
MAR12965,12.211453383137119,9.157471302951597,0.0040500257442773815,0.14161698440147813,11.019514811651547,26.385776132241837,51.017912074078794
MAR12967,0.0,0.0,0.0,0.0,0.0,0.0,0.0
MAR12968,44.04647062034488,29.785781342268574,0.2396696859942106,2.5859847913233636,40.02426498689638,98.89640551873244,119.17320567408667
MAR12970,0.0,0.0,0.0,0.0,0.0,0.0,0.0
MAR12972,9.031607876298914,8.289460708635602,0.0014383303550266693,0.09614938095322134,6.215102483620207,25.209937014691704,37.249316771925166
MAR12973,0.0,0.0,0.0,0.0,0.0,0.0,0.0
MAR12974,0.0,0.0,0.0,0.0,0.0,0.0,0.0
MAR12975,4.211726211915345,3.7702213353736447,0.00027078132773482647,0.07525123698593195,3.080688688883395,11.353293417986016,16.964271382479488
MAR12976,4.211726211915345,3.7702213353736447,0.00027078132773471545,0.07525123698593195,3.080688688883394,11.353293417986018,16.96427138247949
MAR12977,4.211726211915343,3.7702213353736456,0.0002707813277349375,0.07525123698593195,3.080688688883395,11.353293417986022,16.964271382479495
MAR12978,0.0,0.0,0.0,0.0,0.0,0.0,0.0
MAR12979,95.22343652395301,40.83831296624952,8.386022981842963,26.193123405554775,99.2162431830861,174.14032167616315,181.31072865411767
MAR12982,0.0,0.0,0.0,0.0,0.0,0.0,0.0
MAR12986,0.0,0.0,0.0,0.0,0.0,0.0,0.0
MAR12991,0.0,0.0,0.0,0.0,0.0,0.0,0.0
MAR12994,0.0,0.0,0.0,0.0,0.0,0.0,0.0
MAR12997,-203.0883503755484,101.84235202407787,-486.27100113248133,-333.0039885640992,-226.51829723808396,-10.48719421324637,-0.3147111089027703
MAR12999,-9.03160787629893,8.289460708635598,-37.249316771925166,-25.20993701469171,-6.2151024836202104,-0.0961493809532231,-0.0014383303550337696
MAR13002,4.211726211915345,3.7702213353736465,0.00027078132773527056,0.07525123698593189,3.080688688883394,11.353293417986011,16.964271382479485
MAR13009,0.0,0.0,0.0,0.0,0.0,0.0,0.0
MAR13010,10.14582967593972,7.970122283390596,0.004816322771023824,0.45921479904729057,7.778689179388775,28.040824993174446,39.21607417579394
MAR13012,0.0,0.0,0.0,0.0,0.0,0.0,0.0
MAR13014,5.19966069439543,5.625236395077873,0.00041776260918617526,0.05988143728495496,2.9167092168958826,17.37287397353519,21.22365770143727
MAR13016,27.751701825532102,22.106242037348604,0.6334576439299922,2.1780002060216312,23.50046852728585,69.92816054373819,112.98972792121599
MAR13017,4.297568159806088,3.378678204153059,0.00028124564367455675,0.001679724178800807,4.662674932477964,11.062740831854109,11.77089131970461
MAR13018,0.0,0.0,0.0,0.0,0.0,0.0,0.0
MAR13021,4.2117262119153445,3.7702213353736465,0.00027078132773515954,0.07525123698593193,3.0806886888833924,11.353293417986018,16.96427138247949
MAR13023,0.0,0.0,0.0,0.0,0.0,0.0,0.0
MAR13025,13.780652420742966,14.048480331829959,0.0008682071297845393,0.04682729897835708,8.33673263637614,41.415717165323706,55.99008142006913
MAR13026,0.0,0.0,0.0,0.0,0.0,0.0,0.0
MAR13034,0.0,0.0,0.0,0.0,0.0,0.0,0.0
MAR13037,0.0,0.0,0.0,0.0,0.0,0.0,0.0
MAR13040,-2.9221052353473157e-16,6.303392473971449e-16,-1.6700325288255466e-15,-1.5610674722992471e-15,-1.7210446254721684e-16,3.0541588540345955e-16,1.7900043527926626e-15
MAR13041,-2.0675220728771864,1.521326432515412,-7.7835062834281805,-5.227239140726188,-1.7885250538671116,-0.013429677620810048,-0.0005103719347704557
MAR13042,-0.7196040255227696,0.6290045982051246,-3.053128026956205,-2.0016265822186785,-0.5044685231891387,-0.0016251628473244518,-0.00037471049447745784
MAR13043,-1.3835921884683838e-15,4.9631602954382484e-15,-1.3055407202741325e-14,-1.0361702451542987e-14,-4.17001514450277e-17,6.062829142617418e-15,8.384761841114167e-15
MAR13044,1.7815034126870918e-16,5.796911920009771e-16,-1.2783427497683659e-15,-9.343277211815878e-16,9.041180009763245e-17,1.3724266896682265e-15,1.6809793794820955e-15
MAR13045,-0.7244242285398863,0.9221039865220068,-6.372127829752301,-1.8416137797737162,-0.5249820876762081,-0.000634690679396868,-2.359992243482465e-05
MAR13046,-0.013551233346059618,0.010672636846580517,-0.04509939827536129,-0.03409308341823495,-0.012908277349695798,-0.00014083557053050117,-1.3324517082260164e-06
MAR13047,-8.114601814754281e-16,1.4900178742202355e-15,-4.80336837882777e-15,-4.061783017285232e-15,-2.5376137451117603e-16,1.0673641955516663e-15,2.3563460141779695e-15
MAR13048,-1.2757749932007119,1.2432341863921015,-4.9735669379381156,-3.633506586409966,-0.8964126148245823,-0.0057560291202292104,-0.0006567988756187486
MAR13049,-1.0782095244054553,1.146776736165015,-5.495560230960659,-3.6909826743351353,-0.5824219420035435,-0.03143549344553134,-7.884417985068794e-05
MAR13050,-2.5704603860151026e-15,2.9665611075908993e-15,-1.0437408166750198e-14,-7.391028695178214e-15,-1.7235480154840456e-15,1.4941126431360454e-15,1.764966823377566e-15
MAR13051,-2.5568320321060583,5.076952472566075,-28.374853798088694,-5.502773826165995,-0.9339073967847307,-0.028019300288107018,-0.0003743378672314667
MAR13052,4.635867906551856e-16,1.0176696006576196e-15,-1.5686361088406877e-15,-5.535319795975518e-16,1.1075144716701375e-16,2.662949279419001e-15,4.244165632839805e-15
MAR13053,-0.5878882471066427,0.7001680027874027,-2.608191562097341,-2.054826254320598,-0.28631422926118066,-0.000989480006519339,-3.3085717013573493e-05
MAR13054,-1.6474470348308037,1.9872186471148185,-7.978937067734374,-6.606118417547246,-0.8458348827150857,-0.044292443293401235,-0.0009997898649131583
MAR13055,6.58447693082196e-16,8.153956007414786e-16,-6.110352808905677e-16,-3.2869369584847793e-16,4.509203719916332e-16,1.9860341922811306e-15,2.85367026969133e-15
MAR13056,-1.0152809395277669,1.4033740213297818,-4.634383672020615,-3.98902362328388,-0.3032090873645824,-0.010266603368911126,-6.332120906421325e-05
MAR13057,-1.755108242827179,6.017777710672876,-40.285034412091875,-2.3054736766551445,-0.7477552645996088,-0.03057774071280162,-3.2021472888315367e-06
MAR13058,-0.6594180824108071,0.6495110507740236,-4.029120570730481,-1.9481233762843888,-0.413568443368329,-0.013405583277649607,-6.204007682551894e-05
MAR13059,-1.932738194824985e-15,4.61658222991293e-15,-2.0013111725487733e-14,-1.1680130873352999e-14,-7.836481019702034e-16,5.7449654297587584e-15,6.5393884436757694e-15
MAR13060,2.608715611393581e-16,6.144053110455328e-16,-1.934315891002023e-15,-5.0700672611098e-16,1.1114726627387462e-16,1.6707482551260879e-15,2.5101348138583632e-15
MAR13061,-4.835504383845858e-16,7.456496845721028e-16,-2.6452674011582878e-15,-1.8287690100025304e-15,-3.0941718884255954e-16,7.50233649359354e-16,1.788603716100462e-15
MAR13063,-1.077538767415358,1.279012877273028,-7.074283626802774,-3.574048776288992,-0.5026490221741329,-0.0012972594739985065,-2.709834538769116e-05
MAR13078,459.43118718754977,76.14966784048109,51.953701503108476,412.0093584791506,458.8691985128221,577.5530782225134,589.0737424427081
MAR13082,113.86553585735264,2.978485632827161,112.35994053313138,112.38029190061881,112.60428253892708,123.07048884054812,124.09376509244264
MAR13086,12.798486230366404,0.3347817851297867,12.629257315923931,12.631544809629432,12.656721357375371,13.83312294567763,13.948139196390548
MAR20016,0.0,0.0,0.0,0.0,0.0,0.0,0.0
MAR20044,340.9708449331628,202.98919271807546,33.968835481136466,89.5513894046612,299.76282473699143,898.0296320635746,952.229827625449
MAR20070,0.023470647296446365,0.02317029550651681,1.748176365068911e-06,0.0006626481532450142,0.017187181239401564,0.0705466149814242,0.11567471160540017
MAR20114,413.12184102188445,105.56353041607099,256.76636093643987,293.35961538669073,403.18374939328066,515.1429218717078,899.8975033057809
MAR20134,72.81484509997516,66.06235264236743,0.7790234641961166,4.4835796981741085,55.303418038275346,260.9029612986771,283.89177866872836
MAR20137,434.98622058307603,130.58396743088315,77.6012801111865,107.24141772359788,453.95138459653816,568.6507454224778,876.5979738993963
MAR20139,-511.92689228241363,87.916246588044,-887.8594454022044,-618.587063885523,-502.5010367514675,-374.3317981771009,-362.66802868501145
MAR20163,-29.205870331177046,18.530404126441198,-90.9434532253857,-66.58825348211857,-25.506190266590767,-7.447077329517208,-4.542175009110356
MAR20165,-81.52338376132755,65.98258765296387,-292.50443208493476,-269.51107885299075,-63.90845658922206,-13.085588774916994,-9.454800252339878
MAR20173,0.0,0.0,0.0,0.0,0.0,0.0,0.0
MAR20176,0.0,0.0,0.0,0.0,0.0,0.0,0.0
