reaction_id,mean,std,min,p5,median,p95,max
MAR00003,0.0,0.0,0.0,0.0,0.0,0.0,0.0
MAR00004,0.0,0.0,0.0,0.0,0.0,0.0,0.0
MAR00005,0.0,0.0,0.0,0.0,0.0,0.0,0.0
MAR00012,0.0,0.0,0.0,0.0,0.0,0.0,0.0
MAR00014,0.2985655912180933,0.17916163054248216,0.048332635582077406,0.0524474379294743,0.2661009523114527,0.5453610103230861,0.5906501927654224
MAR00015,277.9394205858725,177.62678785168396,14.936769138433442,20.734198121041914,320.13409337738466,523.7747176405718,606.0601823649903
MAR00018,-6.037479651224566,80.05209232781057,-328.18392198880815,-143.5314501058824,16.1999136674425,68.75423472628054,108.49448885666379
MAR00019,0.0,0.0,0.0,0.0,0.0,0.0,0.0
MAR00020,0.0,0.0,0.0,0.0,0.0,0.0,0.0
MAR00035,8.867323392741219e-15,1.6978038111730886e-14,-2.196520052739664e-14,-1.3668838991375145e-14,1.6074157153222323e-15,3.779031168441315e-14,4.521133797780181e-14
MAR00060,-567.3228011490158,241.35172296180238,-923.004896863619,-917.8284596459548,-524.9660644836383,-268.5978964329214,-219.39849789850825
MAR00061,0.0,0.0,0.0,0.0,0.0,0.0,0.0
MAR00064,-155.10790320598397,463.93648110911784,-902.327101106423,-895.2618599752756,38.58282815463221,456.53867908785315,629.0827041381825
MAR00067,199.37802827727276,127.16118853856882,27.000665960650544,33.0918931016947,187.1291641036539,405.22329374493563,449.50713469732364
MAR00076,-63.40177895863587,534.953157278688,-849.1819754917235,-836.9342694860258,31.192096189429805,648.3213075429916,798.6315807774088
MAR00077,0.0,0.0,0.0,0.0,0.0,0.0,0.0
MAR00078,282.4008781079568,470.03022801054124,-582.7497856947915,-519.5551712406817,181.43676237581582,963.2546630466871,971.6843371468019
MAR00083,0.0,0.0,0.0,0.0,0.0,0.0,0.0
MAR00084,5.893306030191789e-15,6.477570398031531e-14,-2.1690618444017155e-13,-1.0003371134438046e-13,2.1067989887169484e-14,7.164451304403288e-14,7.328654419251468e-14
MAR00085,5.401377348970249,5.562381610505114,0.06143639239291762,0.2632242227636037,3.365392578780292,15.809537802470246,28.3939221224075
MAR00089,157.20512372299575,110.42852997892741,6.301154583387035,7.4831451156406406,158.7365043365227,345.14884265039177,364.7374433637435
MAR00090,-152.77665951639577,190.84973547194963,-671.4565546542151,-572.4714758869925,-72.39857105829407,42.3247594978572,46.165406326026186
MAR00095,0.004656744427425467,5.5299482163523985e-06,0.0046525879113060945,0.004652681999159242,0.0046546029325720915,0.004665775155975476,0.004701617958715949
MAR00099,-473.30742557389857,283.6473467678871,-887.6566773490247,-811.8609856470612,-588.9984342902831,-24.184177781814594,-21.61389769989819
MAR00100,-349.04068228550926,226.84061278966726,-786.9176585388661,-707.3024488334971,-401.6649764676938,-18.991767263702226,-13.502317160141994
MAR00101,0.0,0.0,0.0,0.0,0.0,0.0,0.0
MAR00102,717.2819683512272,150.63275269445714,374.7576581823309,529.0022671226909,694.5583836794178,925.4991983184063,939.6108031929111
MAR00105,168.32929720968588,260.7219307865213,-448.60793661177775,-404.2763462895118,176.82088621950405,547.8603943153886,680.9695815640504
MAR00106,364.2752986470118,338.34473031587964,-64.77294843885636,-18.488054180527044,220.47197799120218,861.0312161249653,878.7376849814087
MAR00107,-37.51527467453519,161.68066896137657,-528.4932075103949,-501.4151689152074,10.196069222692756,74.6271231494637,99.61023538818782
MAR00108,11.335042893165266,22.124590542880192,-48.51612393146269,-13.489466105077062,3.0201884773819074,58.36923586573279,75.45645772359529
MAR00110,-229.89187402963418,457.6873106627825,-906.7219561010696,-898.883193110676,-114.09619911026509,425.5900878997918,611.0506838572243
MAR00111,-61.065139000827955,535.4610724473686,-848.3408365091518,-836.3928129491885,40.41294278558428,643.7329858086844,791.683859248941
MAR00115,0.0,0.0,0.0,0.0,0.0,0.0,0.0
MAR00116,0.0,0.0,0.0,0.0,0.0,0.0,0.0
MAR00118,0.0,0.0,0.0,0.0,0.0,0.0,0.0
MAR00123,321.78353000683455,421.35342886604286,-472.0549294418813,-277.7068151511131,223.52789104071684,948.7469150389877,955.2454526126941
MAR00125,-78.06842833465191,143.54136009917417,-483.98064196669293,-306.9476086064854,-56.406551603475464,103.22844576266819,280.29332118846276
MAR00128,96.27086386693527,495.74019785163074,-665.8545784642803,-504.10315556792625,-117.38820198661217,894.3278906291638,903.2356429351106
MAR00138,411.06405247356327,387.80710577504715,-387.80593902596405,-172.52908027487592,293.73510936196226,964.414104323638,972.1373275139547
MAR00142,0.0049964354341767705,0.004659707963579312,5.732168515564595e-05,0.000208160677137539,0.0037315956482985493,0.013740981211736251,0.016792527706655194
MAR00143,7.612157180194572,223.52330711034983,-484.65595634336046,-305.732159343601,1.6612364887765523,539.2749823094713,594.0755882794576
MAR00144,3.1449187026244108,2.7843971942174015,0.018298956860174964,0.2955862702099757,2.311949250097149,8.717509312263173,10.925975648451963
MAR00145,1.2017144081084552,1.0271900355311132,0.020191847333168228,0.130495690689531,0.9533604036015122,3.75478966219462,4.521100648192055
MAR00146,18.96536080961224,12.082199645856187,0.24470483645302443,1.2753976119905235,18.67642046452042,39.625192355691105,46.176399840780924
MAR00147,3.7743742775833145,3.8399670229225005,0.00829568739442575,0.13540799337563625,2.563240190327746,11.784299711219836,16.843018586922156
MAR00148,3.8817139108732106,3.5572881717547173,0.020594846076323958,0.15929671560510023,2.6956250879340775,11.084450138061284,14.488518322226822
MAR00149,2.398483659557791,2.374458512854244,0.0004824093379514693,0.0998838393977419,1.7675485866663867,6.694450789838815,16.516144970685186
MAR00150,3.343895649052959,3.151332155243165,0.0004312511254569986,0.09367521460525095,1.8534051707616486,8.972372976942111,9.979447174143631
MAR00151,8.337763981561723,6.901782407830912,0.11210183527574069,0.38619582376362016,6.762852263447623,23.105042273728902,32.21120226091742
MAR00152,79.29175460607667,30.900239071035585,30.391233353959123,36.903410033455806,81.42682043890562,136.15591233386314,157.39712060058483
MAR00155,0.0,0.0,0.0,0.0,0.0,0.0,0.0
MAR00156,0.0,0.0,0.0,0.0,0.0,0.0,0.0
MAR00159,0.0,0.0,0.0,0.0,0.0,0.0,0.0
MAR00160,-3.6356626876885803,12.476420032773603,-46.25167703696377,-32.468787573972925,-0.5850441600218801,12.918780123343023,33.630179690960404
MAR00161,3.635662687693224,12.476420032772088,-33.63017969095263,-12.918780123331656,0.5850441600233143,32.468787573975526,46.25167703696588
MAR00162,0.0,0.0,0.0,0.0,0.0,0.0,0.0
MAR00164,0.0,0.0,0.0,0.0,0.0,0.0,0.0
MAR00165,0.0,0.0,0.0,0.0,0.0,0.0,0.0
MAR00167,0.0,0.0,0.0,0.0,0.0,0.0,0.0
MAR00168,0.0,0.0,0.0,0.0,0.0,0.0,0.0
MAR00169,5.978975158673256,7.275432064092221,0.08159792515949546,0.38015834388226694,3.315889733883235,19.262380020400467,39.69013467205737
MAR00170,1.9192561756020416e-18,1.3557120764328113e-17,-1.9383895252766264e-17,-1.3386644189797698e-17,-1.0445424803200426e-18,3.2382766171870714e-17,3.6085753520941724e-17
MAR00171,4.136089142450932e-17,1.2124703618722694e-15,-2.888196333413701e-15,-2.5049704416073065e-15,1.8040786955600284e-19,2.7818629277585776e-15,2.7884170682339812e-15
MAR00172,4.1386896754561324e-17,1.2124996478986108e-15,-2.888225133110322e-15,-2.504988156237671e-15,1.8105312903320445e-19,2.7819179897382138e-15,2.7884720445878203e-15
MAR00173,0.0,0.0,0.0,0.0,0.0,0.0,0.0
MAR00174,0.0,0.0,0.0,0.0,0.0,0.0,0.0
MAR00176,0.8941683013985824,1.072789466056709,0.000277829782785595,0.01511517320297187,0.4990672769174498,3.3420526672056297,5.218008269744529
MAR00177,0.8941683013985824,1.072789466056709,0.0002778297827856017,0.01511517320297196,0.4990672769174487,3.34205266720563,5.218008269744529
MAR00178,0.8941683013986328,1.0727894660567348,0.0002778297827969952,0.015115173202982545,0.49906727691756,3.3420526672057114,5.218008269744683
MAR00179,0.0,0.0,0.0,0.0,0.0,0.0,0.0
MAR00180,0.0,0.0,0.0,0.0,0.0,0.0,0.0
MAR00181,58.40663897439904,23.85834554423932,4.713472795499829,28.457636122927195,56.98165602891477,100.12096907058506,136.0758659078748
MAR00182,0.0,0.0,0.0,0.0,0.0,0.0,0.0
MAR00183,0.7263091289112455,0.8920219375528364,0.0006441868212957104,0.014157597677312872,0.34642843578771804,2.5962330727145533,4.780468613061037
MAR00184,0.7263091289112457,0.8920219375528363,0.0006441868212963575,0.014157597677312875,0.346428435787718,2.5962330727145533,4.780468613061037
MAR00185,0.7263091289112464,0.8920219375528368,0.0006441868212978632,0.014157597677312672,0.3464284357877188,2.596233072714555,4.780468613061038
MAR00186,2.281396178895308,2.882037184985425,0.004700221760739488,0.10152298385289496,1.2683829394187174,11.035260375857352,12.500014344756817
MAR00187,1.0390973387870828,1.1047989355146184,0.004814652171159062,0.021144197717607446,0.5871054989415385,3.3576495102025237,5.416232978819827
MAR00188,1.9385933685731862,1.5832775568467847,0.05719359256777955,0.10699583690403457,1.6555217844623549,4.779431433592836,6.155609408162983
MAR00189,0.3133422754138959,0.24994902413749526,0.011627135548401946,0.02498008784663914,0.29534950978246277,0.7027549944570048,1.1334466694120673
MAR00191,0.06319897299787876,0.03674399059865702,0.007821543553886888,0.009355500456532287,0.06706650143361666,0.12197092413271832,0.15291012923453545
MAR00192,1.078901503673385,1.2314819422443357,5.760590620178057e-05,0.04824988048040044,0.5786970111261753,3.3495379954124815,4.64955486201606
MAR00193,1.2737003207792237,1.1918509278420224,0.07348782575296356,0.2575757545742376,0.7153790835466077,3.4696040586571706,4.80542106169598
MAR00195,60.4844389683175,51.52655527811513,0.17337801601070238,1.5046803637457562,50.02941977588789,143.11375141579086,196.59917747601943
MAR00196,2.734341295549725,3.060602913173192,0.002896104760054932,0.09101107934492257,1.6351524004539693,9.643333675019598,13.284365580069755
MAR00197,7.410020555363896,4.559521446260221,0.03600540464494745,1.1246334922489694,6.5495264297194655,13.872662351822601,20.587783370574975
MAR00199,3.0216754393373373,3.2765294879683773,0.08280499480465638,0.19012657258391608,1.207517258608363,9.61548309241435,12.783825150095332
MAR00200,3.105729714613927,3.56565629649274,0.0008115186319349942,0.03734927162317446,1.0181063133288326,9.672632816250777,14.661912851018615
MAR00201,0.45486324579086,0.48705600891450457,0.00130598003749012,0.021204253822534637,0.33657654382827495,1.5744935497166477,3.004869927785436
MAR00203,0.6430225182952536,0.5778738483439018,0.02690538959701645,0.04558151690627755,0.38533705916658684,1.874730838896728,2.728501836930282
MAR00204,1.0098900305610043,0.8771316042535585,0.03496434227246766,0.07916564518267524,0.6912889839103011,2.5383300706152876,3.6559437454758896
MAR00206,0.7376764827800485,0.419508068207051,0.337796923276434,0.35837066998944833,0.47333577456624,1.5480092425472465,1.7044404973258107
MAR00208,1.2914936682984293,1.109254793690479,0.03966273689852607,0.0412989228631548,1.0833588592984031,3.1528373143337918,5.13574620562424
MAR00209,1.3984819218794238,1.3358713485911033,0.025201951626257667,0.02580848905888104,0.9992332955314676,3.959639642786617,5.564179278325168
MAR00210,0.47779722409532294,0.330603755224959,0.15900157936466264,0.17170230412785314,0.37548980313087976,1.3127208320996804,1.3441309577374085
MAR00212,0.06838250451528549,0.061921781022011194,0.0015919174806081375,0.010236163008397641,0.0406727845994318,0.22091348954071338,0.23356897908492993
MAR00213,0.7328615761749725,0.8510293441824497,0.008904901926955451,0.024557167527745956,0.5338655468994059,1.6957332749711955,6.794879159639528
MAR00214,0.9276603932807994,0.8198853197352124,0.1328315621108014,0.2129089938763548,0.644527365489762,1.8568148549524321,6.88437852591731
MAR00216,148.6144967951509,34.67418822782315,73.26897603912805,91.20736508850024,152.44170550229455,191.72881226894532,200.82337764642128
MAR00217,1.9907162734037442,2.0952591736119612,0.001525962183285141,0.03550176122801652,1.05599322269438,6.039196005959633,9.493315669030023
MAR00219,-507.3060388034845,259.719809167964,-909.6989317907148,-899.2387511047446,-415.8981652157699,-187.4363183728651,-121.31603762028294
MAR00220,5.401377348970175,5.562381610505157,0.06143639239274098,0.2632242227634275,3.3653925787802277,15.80953780247022,28.393922122407506
MAR00221,3.4362481519774573,4.820598689348276,0.0020533853675013306,0.06520792069778777,1.620126545081855,12.622163865134286,27.867408949535964
MAR00222,8.050130818941907,6.517765547089767,0.054196436812802805,0.4559825037155027,7.104288055029694,19.944729227102343,37.18828492786443
MAR00223,51.90777137851281,32.53405376616314,3.9945086462281276,7.39635425831346,53.94768004415863,92.84112605734958,104.39460573932143
MAR00225,7.109944127933634,4.9150563428127745,0.3009914658581202,0.5617124069163075,6.707748204080465,14.498894623368848,18.069816827631797
MAR00226,0.8000078980181272,0.7206422442706918,0.0016214330590927095,0.0280153021653013,0.5434654898727762,2.2041922295139855,3.795220358372578
MAR00227,43.20972354535648,21.836544245834414,3.8471059966948036,17.04605372017267,39.32000135826977,94.10706931074294,121.59995997838188
MAR00229,0.0,0.0,0.0,0.0,0.0,0.0,0.0
MAR00230,16.264789647897988,5.134870681871911,5.760748036660833,7.662929379915567,17.64820925037431,22.947979413750332,26.319834247279573
MAR00232,0.5246380354196255,0.707674981143097,0.00048137724579678544,0.01071222373666355,0.2177962056693155,2.135242827680248,3.137880056976152
MAR00233,0.6626558656734437,0.7091500109835419,0.0003083669143730274,0.0068972709063862235,0.4148024870675772,2.322813771953468,3.241614821789175
MAR00234,0.5088268007681057,0.18980404926764022,0.2624908658824055,0.29502930015380496,0.464538695479646,0.9901883814706774,1.0365685726279763
MAR00236,0.5497805669185666,0.3353543357486865,0.022486594001124658,0.08678922446589825,0.5385725269979449,1.118965204524121,1.759309069543871
MAR00237,1.378335581681552,1.2545632367047148,0.0018635216046360707,0.032635321858637434,1.0922236053237726,4.084118704702144,6.900954673096964
MAR00238,0.5546818544270444,0.5873296928826579,7.623674171999427e-06,0.019815859564251654,0.35526745192647285,2.034809451449212,2.0599373694972285
MAR00240,0.13246478800792857,0.0745918997716326,0.028144514174379437,0.029460089115726826,0.14186321391805573,0.27133770874968166,0.2866387514406019
MAR00241,0.7873556776238362,1.0756086404678318,0.004917912272935739,0.005854648327966644,0.1610978270041135,2.523101574989774,4.026831991777088
MAR00242,1.0256998601302099,1.0264555099694637,0.2050837169883978,0.29652146855069383,0.40435634795445907,2.6884842166515397,4.216463666202516
MAR00244,0.11305794725837402,0.06887888222960938,0.023016706253981393,0.02541009058680152,0.11649371794035063,0.25350779413814595,0.26688023222155993
MAR00245,1.0487106010083989,1.6046849372854375,0.013654600440907157,0.0278364053187243,0.1778365820708303,4.135021317504375,6.212298631256599
MAR00246,1.3064616242642908,1.557850791275976,0.21921455825403677,0.32673835266983975,0.5189886139351461,4.341804655592775,6.33077190349848
MAR00248,47.27952735369792,45.14740722101055,4.314134348229311,5.256278180181429,30.424710961998358,155.98650995776174,171.9019208367128
MAR00249,8.435567914219993,18.784148170601306,0.002434238314964707,0.15793600062448043,1.5686243279296193,62.33269803509515,69.09167276202218
MAR00250,86.10695351512777,36.75582126160473,22.653706464597338,28.538228152252767,75.67845494549547,142.68271181023763,143.21323014455803
MAR00252,-105.35233527073508,511.0601932211179,-848.4564992842146,-837.8653267409153,26.108809198865885,544.7773846767358,677.8226736761741
MAR00254,7.705239406361125,6.9734283667995465,0.01219686842129251,0.14131305644083827,7.08042550071859,18.81188166405123,23.104858939103888
MAR00255,7.906510050639157,6.878250863560071,0.058303631934085956,0.32465080465146,7.85239405660999,18.806232762789865,23.09731012587666
MAR00256,0.5720796147923659,0.2754281616693472,0.34315414290285934,0.3572931078692319,0.402495770395108,1.2463403381244484,1.4411659213000483
MAR00258,3.944526713192006,3.969942842575106,0.30488488172222267,0.614559713554483,2.6643685912955526,14.989365627996841,15.649173049090804
MAR00259,1.379513803610939,1.0564895434826425,0.1677211194946459,0.2220019549571537,1.138465377967009,3.6301662812761597,5.203024313966301
MAR00260,20.61054774756217,4.199806012501016,8.809091413633992,9.569318902513686,21.34750451852871,24.278866279982235,24.36501555145316
MAR00262,54.66607267917246,29.608224849371844,9.279851079151163,9.909923480574534,65.01560293542857,94.13552592479797,105.68833243232163
MAR00263,1.0011237063725928,0.9879802305227618,0.002101860948901899,0.025125718697732887,0.6901482199640331,3.2145401743461104,4.106677929550396
MAR00264,89.56001588834161,33.735190062755514,36.35433672676115,46.137957093551776,77.49304740828794,141.66792158688554,142.406728509423
MAR00266,0.8224350887564692,0.6693131514282473,0.020022102287381546,0.03335122935767772,0.6498306531686378,2.1090261139549757,2.7134604547019836
MAR00267,0.3213098646473507,0.387398433779668,0.010660064306018732,0.022811263746989063,0.1879365933076538,1.2446686348492535,1.5606329714886018
MAR00268,3.293324997798537,2.656246676526228,0.46402630020926483,0.4770134721396823,2.259481318185956,8.251168572188366,10.595455775085028
MAR00270,0.5960246279137908,0.840257434565795,0.0036509539756531487,0.006768748514102822,0.3008162346692196,1.8141450632362746,4.7355672185982
MAR00271,1.0086305965255309,1.0033198690625351,0.001469778744360098,0.017793665047854484,0.7466768600539178,2.3948310251256855,5.795763930372115
MAR00272,0.7834149391260111,0.5743171481221154,0.08313140761285341,0.26463044749266207,0.6176152868605292,2.3825664092479553,2.4257307691005767
MAR00274,1.1631065689288744,1.3157873163835625,0.02413523235289372,0.038550020235866865,0.6396135670499221,3.937424179907708,4.413108794377914
MAR00275,1.7757602975085773,2.0356762744990022,0.05422115503964092,0.05500575183439975,0.9876356499808219,6.706575305311316,8.551536561152993
MAR00276,0.9834626990939938,0.9784434316271551,0.26752272461486104,0.3641243038842532,0.5567653953905387,2.8640147186057554,4.50756959525063
MAR00278,0.7216126109902482,0.5652041377145867,0.03877186917833756,0.05821983790286093,0.6151483310178159,1.8374337444237867,3.338506819920067
MAR00279,1.094069537344103,0.9591652224759076,0.025421792184780783,0.04416624407909505,0.8000646731810528,2.9557076008483056,4.308785508768245
MAR00280,0.7432658968681183,0.6093065999443341,0.0793324706511533,0.1753685307234535,0.44988570956214347,2.183414997449594,2.222130593015114
MAR00282,0.09002141545008939,0.08046918307758225,0.006573256996686374,0.008778754525484257,0.04280372113993081,0.21620477939190128,0.22903757272703795
MAR00283,0.687391315631576,1.4448060805574903,0.0007578277106674385,0.007751130802236492,0.05948455191888266,4.34718724857703,6.855048389718641
MAR00284,0.9681788706957595,1.3958618833581669,0.18943493153218408,0.2070402520315061,0.39368140300995413,4.500656549486755,7.011404623178944
MAR00285,0.0,0.0,0.0,0.0,0.0,0.0,0.0
MAR00286,21.29003014047988,562.2089397655617,-797.1129769550182,-688.7406608734038,-203.6007545269111,936.4240502356834,941.667860943361
MAR00288,1.0829420789364825,1.5125401202094355,0.0015855015420764055,0.022346124124270682,0.4059022192702393,3.8785344459008453,7.320268435737867
MAR00289,2.3547013530868064,2.761107953778044,0.0027968404409703853,0.032468636862813496,0.7587801899379711,7.8934312036023,8.541502204531648
MAR00290,1.6425682446644583,2.3016165580612675,7.360816935150696e-06,0.003931875988970811,0.4464416980342004,6.901549311181139,6.946472642415716
MAR00292,1.4053083559245805,1.434758272964351,0.0120396083308257,0.03520423564524211,0.9874905768032431,4.46711906365955,6.923329537950918
MAR00293,1.5650905769507504,1.3204290211672751,0.03185412682804474,0.0383132133585937,1.2625210530521715,4.325877574658784,5.787556189434392
MAR00294,1.1364943036213564,0.9451991755447131,0.024425347298246244,0.12411284709469506,0.9316335499427899,3.3963627165217325,4.433540332046149
MAR00295,1.6085426723521663,1.4260928882067045,0.05216118771695698,0.11673807016412835,1.0024258950287308,4.564552358981774,6.886096271037232
MAR00296,0.40968084988790543,0.335593663446883,0.003102473087055576,0.017868694398404883,0.352129602712401,1.1997143232829692,1.2677461611143184
MAR00297,0.32926052003998013,0.326652131194325,6.88006346394e-05,0.007472062218339238,0.24800420699191333,1.1916393873351159,1.3521046926776306
MAR00298,0.29038864066636505,0.12479122703023558,0.018441135714600317,0.08440536660452883,0.3147249081007858,0.4881569084539051,0.5814450384460645
MAR00300,0.41155513444679387,0.3075711829837085,0.009230035395372614,0.045818843019267634,0.3716798949957759,1.054114005878021,1.4286108008688843
MAR00301,1.0108657773682392,0.9138190834327952,0.020138662028551215,0.042864633936044116,0.6587542525956906,2.852336271487755,3.541591913802706
MAR00302,0.9701196134357339,0.7686532643220396,0.1666920801220128,0.21763575747064723,0.646512267129695,2.6222613917902238,3.4005210281677285
MAR00304,0.21691016796291662,0.2220683077261849,0.005554193484219165,0.010123547203821958,0.16573048371008486,0.6543338290093723,1.8436956518243113
MAR00305,1.0801096166542854,1.1495303505339198,0.025492486417688007,0.04113779569228763,0.6614483902429682,3.9240129169879125,4.799995124685736
MAR00306,1.2340084192056384,1.052094546963596,0.21529525768438876,0.39041636839461236,0.8390970428408002,4.182992401097706,4.22744657664047
MAR00308,1.0938708515919284,1.3850099245997625,0.03733504242068396,0.056052348759975966,0.3824466619415377,4.106658482326366,5.206481844747636
MAR00309,1.5998792544044187,1.8118732573940792,0.0020401734254078927,0.018858346020820593,1.106022372724883,5.518827663609878,7.113967962466447
MAR00310,0.876817373326805,0.7255243672114166,0.06993033544979153,0.1956322340550672,0.47640651554730007,2.2748000793715897,2.6916794647881583
MAR00312,1.0624529050691118,0.9965105541309158,0.03471741134875958,0.05533519025108678,0.8168584241659904,3.0773572285770303,6.696196834650347
MAR00313,1.2835341879181115,1.0839354638781242,0.031837921947736256,0.1660867966471065,0.9107876997948723,3.6497794671878547,7.787295246541301
MAR00314,0.5918902533632838,0.3760577666880152,0.08483466540652043,0.14027965792004016,0.5148084234258572,1.4533298025279078,1.552033244898793
MAR00318,1.1749993228576565,1.3172980853324205,0.04374557851381464,0.07180401856969545,0.7012477993442026,4.1387194089404735,7.52834996158112
MAR00319,1.1287123150101186,1.3758450825454394,0.01853925229956149,0.04704934424747624,0.6930355858748241,4.053219817125292,7.9095918631496955
MAR00320,0.3245219626668219,0.2463848886579545,0.0018900890168724411,0.051697917330275775,0.34677417381524583,1.0258874861325726,1.0651087791343807
MAR00322,0.5562359250902461,0.5823418052481288,0.001340254983747364,0.004865864230837011,0.32793882778152617,2.059512043298535,2.178787992074841
MAR00323,0.9916639139998915,0.8601636512895248,0.0398078366487428,0.051517587951562874,0.6552621290943322,2.938116461636701,3.03786232092003
MAR00324,0.8062369594239115,0.4991921710870169,0.03305766533370981,0.27072853335651564,0.5439629322695216,1.9183977805204067,2.3057949977361023
MAR00326,0.1760101534084445,0.09251006485917442,0.031253224556839806,0.03366570925497272,0.2130593254510321,0.28600559142575455,0.33238139155686136
MAR00327,0.8430014495618433,1.0995866555018492,0.0201352865945436,0.0239861358966935,0.6024886839765441,3.1188777657721074,4.827639959562816
MAR00328,1.0378002666676676,1.0604762182278726,0.19501521109065148,0.21283450274776536,0.6966557050693418,3.258241123867081,4.975590728657401
MAR00330,0.17424113589142598,0.09272092170086967,0.029914974038796165,0.032668013502540144,0.2117102315393556,0.2853239080542672,0.33153369277296857
MAR00331,0.32745138525627226,0.6072300709479416,0.001875802158891164,0.014730435579556687,0.0978901830056697,1.6474695277374358,4.662239644162698
MAR00332,0.5240192198791142,0.5920317017624722,0.09628649295005204,0.12510824890508243,0.36936930206356433,1.8085389690447804,4.805223296323354
MAR00336,0.1952553886450964,0.1031422693920406,0.03393137528072447,0.037138272010485834,0.2266819389350315,0.3167545768258409,0.34747755914089096
MAR00337,1.1066825352961462,0.9449719639003102,0.020396151558808764,0.03966222124474939,0.9755952172311251,2.718010005387701,2.9767180226766294
MAR00338,1.2743131127723277,0.880376622918216,0.11764370748788859,0.1991439419715528,1.046230091928654,2.7813376004089054,3.1111129858757725
MAR00340,0.1760101534084481,0.09251006485917418,0.03125322455684158,0.033665709254973274,0.21305932545105388,0.2860055914257547,0.33238139155685736
MAR00341,0.5114592849405494,0.7179572097429027,0.013469701256069217,0.0184707131921559,0.2777596666485326,1.5456471938563412,3.77257983514336
MAR00342,0.7062581020463701,0.6870846698647533,0.1977050903904652,0.2874243803791582,0.42940779868598644,1.7226762389375092,3.8671424119500704
MAR00344,0.13050193590672887,0.07819552768382972,0.024314099929291958,0.02668327858084734,0.128505806351559,0.24247691643753116,0.3130061027758327
MAR00345,0.4884682567897188,0.599788990623652,0.02188440250998279,0.035771165985813085,0.3259396648750618,1.9891295312595847,2.010114448946755
MAR00346,0.728775291397279,0.5711579626529497,0.19578144445123294,0.3421224357564498,0.5254770774240676,2.162548730681252,2.1852597261496522
MAR00348,5.52041925664073,2.749630434055054,0.7716111912718194,0.9422183817689602,6.692734584425018,9.116249643281982,10.306873338741374
MAR00349,1.2642806697701026,1.2933529407819953,0.004381660914152115,0.042692405493615804,0.8595981014379404,3.6908837620204,6.8533716316384945
MAR00350,3.5308497939290175,2.360377725904118,0.43515914967216895,0.9503237261845568,2.4030546348346986,7.364674566512068,7.602043714594178
MAR00352,1.7749220546085194,1.1899532729403879,0.17938398136865324,0.21711644248398684,1.879490107021617,4.610068465187668,6.206496494073927
MAR00353,0.6650702417152593,0.8191926417754632,0.0031382602907038867,0.02075389253149116,0.3344873993395576,2.7982719023053506,3.9256163996929905
MAR00354,1.2077042528210409,0.7908884088092933,0.005403717716333717,0.11663226610761623,0.9322618408347982,2.318340725980908,2.4461720961431412
MAR00356,8.85165117048041,5.404648993733104,1.1061174058609766,1.183478027321314,9.711658617598417,19.560907323806234,21.268186022029408
MAR00357,2.619229221855424,2.7633143419311965,0.006874645342063413,0.16173726027335278,1.4510678079684447,9.208503384840515,10.900932397737288
MAR00358,4.428335953660475,3.7619524070423767,0.005256516818479063,0.15885412437368449,2.620195903115042,10.314719069148174,10.383469401692615
MAR00360,8.535930141053155,6.6120897612544525,0.9237845276359754,1.1149266333369132,8.221155901665263,20.769138299177918,30.108474156287418
MAR00361,3.459226452267292,4.613606451122644,0.0012918140411944355,0.0964820391081135,1.3571129961622663,12.79412731539186,20.948151667315557
MAR00362,5.676756456128601,3.279870381313317,0.2794090619238197,1.5225204121173166,4.386703838862099,10.507305077459828,10.559489160353756
MAR00364,3.3671837537685065,1.8302884150097951,0.5167775118672652,0.5729179453177649,3.7896024147010703,5.881465979891878,6.604710023702604
MAR00365,1.6625309548550198,1.7545076353683446,0.002662786005764654,0.04418094876526485,1.1251695481022388,5.064494083516449,8.117430674964117
MAR00366,3.7647795161719744,1.4736869943060098,1.301784000823228,1.56015639176102,4.189307463411842,6.070739393965762,7.144507883478864
MAR00368,0.09227852595342169,0.07463467078718793,0.004882196218929904,0.00754584694674205,0.08321374928344685,0.23047748166513862,0.2623717434425993
MAR00369,0.8258783664239293,0.8856867884575494,0.0013366655982530015,0.01514071726423561,0.42374673056100787,2.7137178462594878,2.977803396397197
MAR00370,1.1044088109848147,0.8541308174986825,0.23772087664469646,0.267977100504567,0.7676899785340189,2.930420609828502,3.1611013653250577
MAR00372,0.07992669309170833,0.06255688318465849,0.005437074374596956,0.006964715141309797,0.07070650986711359,0.20900098545262388,0.23464390133731022
MAR00373,0.13966208847770248,0.16095122239838042,0.0028886491218320693,0.004738004896650814,0.09687608878022771,0.6183655703264803,0.635790574706603
MAR00374,0.43054436590028533,0.16009321816947872,0.2365949864014293,0.2648475993500798,0.3945644312055183,0.901154757676576,0.9188393416105362
MAR00376,1.2785213346947812,0.8170832241175416,0.06870913803678243,0.0953773113567814,1.4726168295359416,2.409363701146048,2.7878768388789075
MAR00377,0.43857969822853354,0.4177965059559904,3.860704272298068e-05,0.007071612173788726,0.3114336772249884,1.257828172011631,1.9229076991287648
MAR00378,24.931281814277064,1.574336943998806,19.85351290949619,22.836991416811053,24.680257072473626,27.220221788874056,27.305318359319063
MAR00380,0.7088722207850726,0.5277508994754843,0.04328085382800101,0.054490849683586196,0.6269781578202406,1.5977662575912768,2.919480304055835
MAR00381,1.183765646358177,1.2195972040080278,0.001589203426834437,0.013353334521161442,0.7869570297720625,3.226005715884869,5.006149206727118
MAR00382,0.8457023960873894,0.9229487887348223,0.010260192452483797,0.08215472408462635,0.4482885453954528,2.0864797497959624,4.11029998329537
MAR00384,1.099592238587108,1.3379813312341056,0.045463344748473085,0.09701581327870513,0.6215522647500789,5.271421405128493,5.603538408187509
MAR00385,1.462748949059371,1.5409256931903894,0.035845491315039925,0.1076715561705513,0.9999442657618283,5.451520672468484,5.772678774951381
MAR00386,0.7339656809865328,0.6004515780059377,0.05508983357587235,0.2987525439324311,0.4569516375667744,2.5302383467883,2.592457937137574
MAR00388,0.4074677610862374,0.3188164444806075,0.030149374653064342,0.04269728984423392,0.40001772640418165,0.8258568752103288,1.8206542968404251
MAR00389,0.507417100517919,0.47623423924958713,0.013991564534155041,0.024857751151003474,0.31638360934974563,1.4343789880135691,1.7546010592899208
MAR00390,0.4707583099459707,0.3552500831323199,0.06423021268811431,0.11041342680506215,0.379781221384462,1.2034996385047294,1.7082228196475127
MAR00392,0.10221335261050461,0.06600494144452947,0.020079341901307737,0.025904770694828997,0.09719187353323172,0.2264147450263982,0.24586328655675488
MAR00393,0.5785648877281395,0.8001477654123916,0.0009395411815069595,0.009124913064231617,0.15621099132971827,2.526531871999587,3.1808022946000634
MAR00394,0.847160505631927,0.7878859905197099,0.18961531862111514,0.2530777668768531,0.4410141460043042,2.7647306547496555,3.4556845474609927
MAR00396,80.8923840046643,51.40048685339306,3.365181658443872,4.583685084893048,88.68907941776425,155.7963664006123,175.64047041086081
MAR00397,1.5947200824008692,1.6660110650898095,0.001993077538325932,0.11336352498519736,0.938162402835626,5.544545376742732,7.069570631946939
MAR00398,228.45723164086823,137.85574476880922,77.27647585158823,97.49632485978611,190.10102814473404,600.584696837228,650.550510245517
MAR00400,1.17265492365532,0.9738795135379233,0.04594955578945787,0.055401823953794206,0.8366329234478609,2.6668008396483214,3.128589588695823
MAR00401,0.7956592393718789,0.7220656660835085,0.005656278318472453,0.04245489383484661,0.5755688401838401,2.3316001255373013,2.890665603886827
MAR00402,2.311369351945048,0.6721425915590643,0.6628840173577156,1.0122611533675774,2.560182023538155,3.0286827892810235,3.2921237842727074
MAR00404,0.6948485514645942,0.4440669696291343,0.037341922846077985,0.05183549530259916,0.8003352334434402,1.3094367941012588,1.515150455912448
MAR00405,0.6612145561391977,0.9036460199956594,0.015899014705227005,0.027616096249781605,0.3412430182837002,2.577377304518398,4.663676169074763
MAR00406,19.897348169817715,1.2054134348137704,15.673635197735365,18.266015366211867,19.886805460875017,21.66678554075574,23.4972322254174
MAR00408,569.673919172163,245.7718321052104,152.2644720105378,210.7873386668169,554.7441372501353,924.8004354951744,929.6652969140277
MAR00409,1.7667403828770925,1.8622945170246006,0.0005491925604733582,0.0693517546469118,1.087573064270961,5.887827773772235,11.085431791848839
MAR00410,88.59924417130293,28.09757847379365,47.51504238113426,56.48448770785528,78.4481822397884,135.41197064835148,157.57196371922052
MAR00412,1.7042861975005144,0.6459631895495871,0.36687068154098224,0.8911041575191221,1.5621446250288615,3.0542312298483547,4.034098765519579
MAR00413,1.1611810247187946,1.1961658212215445,0.00030056814648432226,0.011804881093994182,0.6914581263425633,3.202357085333643,5.9239877341203995
MAR00414,0.7547262240182392,0.9345653104399714,0.003729066510913702,0.052750169059734835,0.4060238812115925,2.779513016901583,4.251786258899327
MAR00416,0.10156464824846079,0.07424208918437697,0.010366050085040827,0.025021626770630905,0.08354042576316795,0.2528466226004361,0.2715699569828901
MAR00417,0.3031755505115814,0.319409690295563,0.0012793142885841324,0.0074082075863005645,0.244644932406143,0.9646617665361416,1.546513110235118
MAR00418,0.5724198727773898,0.3152822921627042,0.1838803588797533,0.20533970805231536,0.4899744468882896,1.0920533984869987,1.798779132220947
MAR00420,0.09492271511168787,0.06777440210191334,0.006282508383092056,0.007975797788894871,0.09405706414577514,0.2192326447796791,0.2502062202307771
MAR00421,0.989594617389357,1.4522384895722313,0.01657979532947302,0.019159725960456262,0.21965085036513227,4.027956229322014,6.45715044738501
MAR00422,1.2654808727919584,1.4452541477583811,0.1569213520312511,0.20712455973696087,0.541212698097363,4.281717438258626,6.717329196744414
MAR00424,2.586243277622945,1.4919547439096563,0.3031957118032605,0.3759009628096077,2.7269230413585515,4.854540911692828,6.001545258861205
MAR00425,1.5345060043904541,1.3572844741707275,0.005468497217121046,0.09119215651872287,1.3061982187658303,4.2963907070082605,6.829640760006158
MAR00426,2.4709479466531277,1.0146854285459612,0.9680940459591552,1.1339846535526539,2.7338222704805526,3.8919908966804106,4.316648279186379
MAR00428,0.28353844173431014,0.24096487400789815,0.012462919909592743,0.015465443143946454,0.25920414928789637,0.8311936080230178,1.1083304204153621
MAR00429,1.2751614828538167,1.7300505121913474,0.011658989426243003,0.035131341538560054,0.6119842076919462,5.359301174473448,7.322364437850881
MAR00430,1.3624320116337707,1.5310954975014368,0.11170592263650005,0.2549530890629368,0.7295989136893335,4.866825794220953,6.594316281825313
MAR00432,0.337288950123606,0.37953933457518946,0.0019504507578697525,0.007281092430039208,0.1612056119321093,1.070570444035447,1.3651276702971713
MAR00433,0.9195759864051022,0.8551522440470511,0.013958046462566735,0.027675316441420718,0.4965228031795188,2.1950478289114765,3.8041448498614385
MAR00434,0.9530960067958358,0.6567489158862937,0.35696219317686917,0.4011212066698586,0.6247737349447255,2.1072869854223293,3.904869264155412
MAR00436,0.5869770612866881,0.5094558592680017,0.035702442090519614,0.04611841931533112,0.5044999496930453,1.3911799005658982,2.502290448247543
MAR00437,1.1124760614593692,1.3378439339419028,0.000702920326670755,0.021837812155243035,0.5438354483308898,4.344508576299526,6.2757298544541245
MAR00438,0.89630797068695,1.1522614207302895,0.01621772232273355,0.1247431298311864,0.43714627543359574,3.8807673247968406,5.773639851492783
MAR00440,0.0,0.0,0.0,0.0,0.0,0.0,0.0
MAR00443,325.91732291696815,208.86624517077033,16.805910916951884,21.7939153107716,322.4234781181441,629.3046702957098,736.3834834334936
MAR00446,0.251572026516528,0.1514626853937338,0.015476929272003103,0.017543994589582574,0.3039398930949194,0.4302908617158029,0.45278751866624806
MAR00448,0.2515720265165274,0.15146268539373325,0.01547692927200309,0.017543994589582525,0.30393989309492064,0.43029086171580305,0.4527875186662455
MAR00452,-36.90971282275932,31.7607524759081,-142.2011006690763,-105.04005359032597,-29.598174955700934,-2.7436353993097478,5.1095981678795965
MAR00453,0.016481697656788728,0.011948904037988229,0.0008153965755653423,0.0015894232850154361,0.013525530832968197,0.03780557416695191,0.05979320315022092
MAR00456,-9.763993799617409e-17,8.247879172743824e-16,-1.8401408961924455e-15,-1.820780829456539e-15,-9.986460417771249e-17,1.374289654305745e-15,1.439963423533754e-15
MAR00458,0.0,0.0,0.0,0.0,0.0,0.0,0.0
MAR00459,0.0,0.0,0.0,0.0,0.0,0.0,0.0
MAR00460,0.0,0.0,0.0,0.0,0.0,0.0,0.0
MAR00465,-254.15292508697414,276.5236077527464,-729.3983249712845,-624.2607793283566,-194.2845647652984,283.61525320962625,315.5981589100535
MAR00479,87.34100276104923,52.0728063225311,23.28165619940736,27.567743949225648,80.21815180009801,185.99842146639116,234.5080792682092
MAR00481,556.926863728489,243.41162863707046,135.07115310513214,227.46940222937658,499.44358629521025,926.1908691760242,931.2089803512766
MAR00486,0.045186914371428515,0.025337516911822372,0.0053049625542902655,0.006777502090182745,0.046677242849665304,0.09414921719659824,0.12527507283310954
MAR00487,0.04518691437143991,0.02533751691182911,0.005304962554290585,0.006777502090183043,0.046677242849686135,0.09414921719663148,0.1252750728331154
MAR00488,1.5024649028503783,0.84247243731831,0.1763900049301639,0.2253519444985882,1.552018324752078,3.130461471787947,4.1653961717010475
MAR00489,0.045186914371439714,0.02533751691182873,0.005304962554290648,0.006777502090183105,0.04667724284968637,0.09414921719662879,0.12527507283311426
MAR00490,0.045186914371439804,0.025337516911828957,0.0053049625542906575,0.006777502090183096,0.04667724284968623,0.09414921719663158,0.12527507283311395
MAR00491,0.045186914371439485,0.025337516911828662,0.005304962554290643,0.006777502090183126,0.04667724284968567,0.09414921719662826,0.12527507283311431
MAR00492,0.045186914371439735,0.02533751691182879,0.0053049625542906514,0.006777502090183109,0.046677242849686246,0.09414921719662943,0.12527507283311426
MAR00493,25.07873747614886,14.062321886064757,2.94425421763135,3.7615136600516306,25.905869781575646,52.252815544127515,69.52766542237843
MAR00494,2.473983561836327,1.3872290509226284,0.29044669984740995,0.37106823943752243,2.5555790460203243,5.1546696415154845,6.858810237613
MAR00495,0.04518691437143977,0.025337516911828815,0.005304962554290654,0.006777502090183112,0.04667724284968628,0.09414921719662946,0.12527507283311426
MAR00496,0.045186914371439645,0.02533751691182867,0.005304962554290633,0.006777502090182996,0.046677242849686225,0.09414921719662785,0.1252750728331143
MAR00497,0.045186914371439686,0.025337516911828784,0.005304962554290645,0.006777502090183093,0.04667724284968612,0.09414921719663003,0.1252750728331144
MAR00498,0.04518691437144008,0.02533751691182897,0.005304962554290673,0.00677750209018313,0.04667724284968647,0.09414921719663079,0.12527507283311448
MAR00499,16.922499432104278,9.488900083479932,1.9867084765818541,2.5381745327735836,17.480627447207567,35.25888184013808,46.91551477600143
MAR00500,0.04518691437143974,0.02533751691182882,0.005304962554290656,0.006777502090183112,0.04667724284968615,0.0941492171966295,0.12527507283311426
MAR00501,2.8241821482149954,1.5835948069893098,0.33156015964316704,0.4235938806364441,2.9173276781053925,5.884326074789419,7.8296920520696585
MAR00502,17.453445675968606,9.786615907193879,2.049041786594771,2.6178101823332303,18.029085050691293,36.3651351421984,48.38749688179044
MAR00503,0.045186914371439256,0.025337516911828686,0.0053049625542905985,0.006777502090183119,0.04667724284968587,0.09414921719663061,0.12527507283311431
MAR00504,0.04518691437143976,0.025337516911828815,0.005304962554290654,0.006777502090183112,0.04667724284968628,0.09414921719662946,0.12527507283311426
MAR00505,0.04518691437143977,0.025337516911828808,0.005304962554290661,0.0067775020901831105,0.04667724284968637,0.09414921719662943,0.12527507283311426
MAR00506,0.0451869143714395,0.02533751691182866,0.005304962554290642,0.006777502090183096,0.0466772428496859,0.09414921719662847,0.12527507283311426
MAR00507,0.04518691437143978,0.02533751691182882,0.005304962554290654,0.006777502090183112,0.04667724284968633,0.09414921719662947,0.12527507283311426
MAR00508,0.045186914371440935,0.025337516911829526,0.0053049625542906835,0.006777502090183189,0.046677242849686995,0.09414921719663284,0.12527507283311673
MAR00509,0.045186914371439825,0.025337516911828718,0.005304962554290649,0.006777502090183105,0.04667724284968663,0.09414921719662901,0.1252750728331143
MAR00510,0.045186914371439776,0.025337516911828794,0.005304962554290648,0.0067775020901831035,0.0466772428496863,0.09414921719662926,0.12527507283311426
MAR00511,0.045186914371439756,0.025337516911828808,0.0053049625542906575,0.006777502090183118,0.04667724284968627,0.09414921719662944,0.1252750728331142
MAR00512,0.04518691437143957,0.025337516911828624,0.005304962554290644,0.006777502090183102,0.04667724284968631,0.09414921719662801,0.12527507283311437
MAR00513,0.0451869143714399,0.025337516911828728,0.0053049625542906705,0.0067775020901831295,0.046677242849686704,0.09414921719662916,0.12527507283311445
MAR00514,0.04518691437144004,0.025337516911829235,0.005304962554290586,0.006777502090183062,0.04667724284968611,0.09414921719663173,0.12527507283311548
MAR00515,0.04518691437143959,0.02533751691182872,0.005304962554290628,0.006777502090183078,0.04667724284968623,0.09414921719662898,0.12527507283311326
MAR00516,0.04518691437143979,0.025337516911828825,0.005304962554290659,0.006777502090183117,0.046677242849686315,0.09414921719662953,0.12527507283311426
MAR00517,0.04518691437144014,0.02533751691182904,0.005304962554290663,0.00677750209018314,0.04667724284968668,0.09414921719663066,0.1252750728331153
MAR00518,0.04518691437143974,0.025337516911828815,0.005304962554290656,0.006777502090183114,0.04667724284968621,0.09414921719662961,0.12527507283311426
MAR00519,0.0451869143714398,0.02533751691182884,0.005304962554290659,0.006777502090183116,0.0466772428496863,0.09414921719662968,0.12527507283311434
MAR00520,0.0451869143714398,0.025337516911828832,0.005304962554290659,0.006777502090183117,0.04667724284968633,0.09414921719662953,0.12527507283311426
MAR00521,0.04518691437143998,0.025337516911828836,0.0053049625542906575,0.006777502090183116,0.04667724284968673,0.09414921719662954,0.1252750728331143
MAR00522,0.9489252018002375,0.5320878551484065,0.11140421364010393,0.14232754389384542,0.9802220998434101,1.9771335611292393,2.6307765294953995
MAR00523,0.28241821482150054,0.15835948069893244,0.03315601596431708,0.0423593880636449,0.2917327678105397,0.5884326074789541,0.7829692052069643
MAR00524,1.2991237881788904,0.7284536112150509,0.15251767343585665,0.1948531850927651,1.3419707319284653,2.706789994402953,3.601658343951993
MAR00525,1.3104205167717595,0.7347879904430429,0.15384391407442888,0.19654756061531042,1.3536400426408983,2.7303272987023095,3.632977112160333
MAR00526,0.6665069869787296,0.37372837444948803,0.07824819767575476,0.0999681558301682,0.6884893320328738,1.3887009536503077,1.8478073242884354
MAR00527,0.04518691437143977,0.02533751691182879,0.005304962554290648,0.0067775020901831035,0.04667724284968627,0.09414921719662923,0.12527507283311426
MAR00528,0.04518691437143984,0.025337516911828825,0.005304962554290727,0.006777502090183184,0.04667724284968633,0.09414921719662972,0.12527507283311437
MAR00529,3.1404905488150563,1.7609574253720963,0.36869489752320017,0.4710363952677256,3.2440683780531887,6.543370595165745,8.706617561901437
MAR00530,0.04518691437143957,0.02533751691182866,0.005304962554290638,0.006777502090183096,0.046677242849686204,0.09414921719662865,0.12527507283311415
MAR00531,0.04518691437143971,0.02533751691182861,0.00530496255429063,0.006777502090183086,0.04667724284968667,0.09414921719662818,0.1252750728331135
MAR00532,0.04518691437143959,0.025337516911828794,0.005304962554290644,0.0067775020901831,0.046677242849685815,0.09414921719662961,0.12527507283311423
MAR00533,0.04518691437143981,0.02533751691182883,0.0053049625542906575,0.006777502090183116,0.04667724284968637,0.09414921719662951,0.12527507283311426
MAR00534,21.63323525532685,12.13033622153811,2.5397508228666563,3.2447291256751605,22.34673001428733,45.07393773288696,59.97544111885353
MAR00535,0.3276051291929394,0.18369699761076025,0.038460978518606866,0.04913689015382724,0.3384100106602248,0.6825818246755728,0.9082442780400826
MAR00536,2.4287966474648988,1.3618915340108013,0.2851417372931248,0.3642907373473447,2.508901803170649,5.060520424318865,6.733535164779893
MAR00537,12.23435706606736,6.860132703877685,1.4363186115742015,1.8350086909170797,12.637863501552573,25.490900555987743,33.91822596956574
MAR00538,0.15815420030004143,0.08868130919140253,0.018567368940017554,0.02372125731564117,0.16337034997390332,0.3295222601882159,0.43846275491589887
MAR00539,0.04518691437143966,0.025337516911828725,0.005304962554290648,0.006777502090183098,0.04667724284968617,0.09414921719662907,0.1252750728331142
MAR00540,0.045186914371439756,0.025337516911828797,0.005304962554290722,0.006777502090183181,0.04667724284968622,0.09414921719662964,0.12527507283311426
MAR00541,0.4292756865286785,0.24070641066237372,0.05039714426576139,0.06438626985673966,0.4434338070720213,0.8944175633679874,1.1901131919145849
MAR00542,0.045186914371440304,0.025337516911829346,0.0053049625542906645,0.006777502090183121,0.04667724284968649,0.09414921719663079,0.12527507283311431
MAR00543,0.045186914371439776,0.025337516911828815,0.005304962554290654,0.006777502090183112,0.046677242849686294,0.09414921719662946,0.12527507283311426
MAR00544,0.04518691437143967,0.02533751691182862,0.005304962554290635,0.00677750209018309,0.04667724284968661,0.09414921719662846,0.12527507283311354
MAR00566,-1.231789182504611,0.6417387096582863,-3.3233929983535933,-2.38980856189002,-1.2548232113211206,-0.09372883548952197,0.5776958008702547
MAR00567,0.2157119471943751,0.1872004368652,0.009173342409971011,0.013710334865679017,0.14685386100800285,0.5447151532786034,0.6432904054580504
MAR00568,-51.870355947971355,42.86060507833261,-192.929647217558,-144.45302193308632,-45.81630521922625,16.420980120816164,36.1405791449846
MAR00569,-913.9074816262395,63.97457302668077,-994.5366357586614,-992.2478855292463,-916.9994434143208,-800.4261352035392,-772.8589515999906
MAR00571,-2.8390988546553646,1.6072830728397955,-5.874191106309361,-5.279848913888995,-2.933285330224149,-0.5303462191539572,-0.4802069629734046
MAR00574,-0.0049964354341767705,0.004659707963579312,-0.016792527706655194,-0.013740981211736284,-0.0037315956482985493,-0.00020816067713753914,-5.732168515564595e-05
MAR00575,-2.558449335564347,1.47924428032662,-5.962215524759157,-4.805143605942716,-2.683869846034437,-0.37362156524072593,-0.30115152071300194
MAR00577,-8.823857228422687,5.392045064620525,-21.235988828916007,-19.528938651917862,-9.66679234061385,-1.1814415130465061,-1.1043265024323765
MAR00578,1.0201194821547668,0.0012114059507676931,1.0192089440873744,1.0192295552358686,1.0196503602923297,1.0220977788529395,1.0299496036521412
MAR00579,0.5100597410775616,0.0006057029754411627,0.5096044720436921,0.5096147776179667,0.5098251801460791,0.5110488894266701,0.5149748018260424
MAR00580,0.5100597410775616,0.0006057029754411627,0.5096044720436921,0.5096147776179667,0.5098251801460791,0.5110488894266701,0.5149748018260424
MAR00581,0.5100597410775616,0.0006057029754411512,0.5096044720436921,0.5096147776179667,0.5098251801460791,0.5110488894266705,0.5149748018260424
MAR00583,-0.7946411466978863,0.6615646216130348,-2.6739103369089974,-2.066566555202449,-0.6217050070681851,-0.03105637919862245,-0.01832975787270513
MAR00586,0.5100597410775616,0.0006057029754412158,0.509604472043692,0.5096147776179665,0.509825180146079,0.5110488894266708,0.5149748018260423
MAR00587,-0.5100597410775616,0.0006057029754412243,-0.5149748018260423,-0.5110488894266709,-0.5098251801460791,-0.5096147776179665,-0.509604472043692
MAR00593,0.012994520223320758,0.014242850273830248,2.7973661473293957e-06,0.00016928965112146933,0.00730978811658985,0.042131870072401864,0.05323243864875302
MAR00598,0.004656744427425461,5.529948216352488e-06,0.0046525879113060945,0.004652681999159241,0.004654602932572091,0.00466577515597546,0.004701617958715953
MAR00599,0.0,0.0,0.0,0.0,0.0,0.0,0.0
MAR00601,0.012994520223317213,0.014242850273830541,2.7973661476084143e-06,0.0001692896511216381,0.007309788116587712,0.04213187007239607,0.05323243864874628
MAR00605,29.286942142977228,22.207158262736744,0.058046784878847686,0.911856441083191,31.044282450415622,65.28619690277752,85.7342414970178
MAR00611,-66.65016166444809,78.78536906603622,-185.6903644377364,-182.05304079748677,-32.32814127022108,42.2378188070194,71.29352252745961
MAR00617,11.956700124256393,11.094038281585858,-5.846933497589866,0.42783222220753925,8.312000405938116,32.22405562654322,36.85407666971372
MAR00618,-0.037040443115520856,0.06792720544976888,-0.23382600016171856,-0.1625575028157913,-0.021843978710611917,0.05247549962492974,0.09353008004458407
MAR00619,-49.182118149020724,72.29676406240763,-293.51057970818005,-195.58484348719665,-12.535060269734682,-0.46317587298894974,-0.002422307380751275
MAR00620,1.0066801883622638,0.9024975225670355,-0.3935633367322116,-0.08646090115775541,0.9268247848022693,2.647804949542745,3.3299674074460905
MAR00621,0.15751715129459115,0.15998614713990536,-0.11607599249493789,-0.015625655800741323,0.10662669108876308,0.41350289168826737,0.5172006481729028
MAR00624,-1.1353126268702856,1.3079437895805053,-4.3800202396837475,-3.899454564267554,-0.6130427317861828,-0.03461183340365804,-0.0190305446205703
MAR00626,0.16145429515570142,0.4814150471198561,-0.9429763330092944,-0.6715903390981015,0.13166896593542687,1.0189033736325392,1.5877416701274012
MAR00628,63.87970024986704,59.35325417774367,-11.777125530192468,-10.157444804378645,56.02421902541187,181.618621929356,224.6720942607635
MAR00631,112.954291408377,63.338027118928274,13.26219119805815,16.943574960348517,116.67851119606175,235.35120589232346,313.1782925632294
MAR00632,38.73939723673466,19.534228542034867,10.896624059180485,14.93794874287956,37.41459282324433,72.65052270576024,97.27495835639954
MAR00637,-0.11979656686246569,0.06692092738102651,-0.29307338336304734,-0.2268381363464174,-0.12764751849535538,-0.029211069792509144,-0.022592661937153834
MAR00639,-18.62397309129833,45.697325737717925,-145.15184693570072,-131.73838629023862,-4.919599308137029,34.51910136137427,41.7398333377001
MAR00648,284.70409815054063,379.43272777619455,0.10925405414926154,2.162699504427868,37.45474706354028,906.9903241508578,910.8277504704757
MAR00650,49.45003427229274,51.288745824971684,-42.375516551514046,-6.877713869747013,35.971100708542664,133.86442504151495,154.9640023894962
MAR00653,16.55560309501433,12.017169472965229,0.2606829197994691,1.215169804427463,13.728511393023359,40.30665850188627,47.99277922265605
MAR00654,16.55560309501433,12.017169472965232,0.2606829197994683,1.2151698044274621,13.728511393023354,40.306658501886275,47.99277922265604
MAR00655,-61.36193646782756,51.757695324413085,-220.5269565464093,-176.63530203491737,-51.45844793800735,-2.2854825422448877,-1.058379905198087
MAR00656,-21.300083287015894,12.019160714452156,-52.770122898450055,-45.04856439054246,-18.471616195754876,-5.9554709663476375,-5.001042193188578
MAR00657,16.55560309501434,12.017169472965223,0.26068291979946795,1.215169804427494,13.728511393023457,40.306658501886325,47.992779222656054
MAR00658,-0.7489169856797421,0.0008893492468704431,-0.7561337334128958,-0.7503693449630732,-0.7485725815803403,-0.7482636490878385,-0.74824851748854
MAR00661,-0.4727382966084794,0.0005613832455347957,-0.47729371876563137,-0.47365506824911807,-0.47252089867197933,-0.4723258914507947,-0.47231633994293143
MAR00662,0.7654357572423225,0.5270246207197068,0.035000523050939744,0.051120967275005334,0.8459640669028934,1.5449941243339687,1.7911649887398897
MAR00665,29.286942142976578,22.20715826273684,0.05804678487882447,0.911856441079605,31.044282450415697,65.28619690277398,85.73424149701799
MAR00667,0.0049964354344113155,0.004659707963717521,5.7321685176298486e-05,0.0002081606771581675,0.003731595648209147,0.013740981211901397,0.016792527706736723
MAR00668,0.0,0.0,0.0,0.0,0.0,0.0,0.0
MAR00669,0.21244262877391681,0.13215341271693906,0.008687900120840577,0.010782169032700637,0.24880513889390798,0.36567025229206207,0.39059018989887256
MAR00670,0.004656744427425453,5.529948216351706e-06,0.0046525879113060945,0.004652681999159241,0.004654602932572063,0.004665775155975458,0.004701617958715957
MAR00671,0.0,0.0,0.0,0.0,0.0,0.0,0.0
MAR00672,0.01299452022331676,0.014242850273829957,2.797366147433873e-06,0.00016928965112157204,0.007309788116587462,0.04213187007239595,0.05323243864874515
MAR00679,0.004996435434411313,0.004659707963717519,5.732168517629869e-05,0.0002081606771581677,0.0037315956482091425,0.013740981211901393,0.01679252770673672
MAR00680,0.21244262877458642,0.13215341271772926,0.008687900120805272,0.01078216903275058,0.2488051388939282,0.36567025229575345,0.39059018990258537
MAR00681,0.004656744427425454,5.529948216351793e-06,0.004652587911306094,0.00465268199915924,0.004654602932572065,0.00466577515597546,0.0047016179587159555
MAR00682,0.0,0.0,0.0,0.0,0.0,0.0,0.0
MAR00683,0.0,0.0,0.0,0.0,0.0,0.0,0.0
MAR00684,0.012994520223316762,0.014242850273829955,2.7973661474337103e-06,0.00016928965112157139,0.007309788116587463,0.04213187007239595,0.05323243864874515
MAR00695,-1.7471281125499196,1.1818439460817531,-6.18036053009089,-4.586162557294872,-1.843648682000476,-0.21466836532802733,-0.1736386497571463
MAR00697,-0.05213275103311576,0.05981349629921752,-0.21556643702730796,-0.18733127186114043,-0.025369678575623375,-0.003844047159593725,0.0049379453964972855
MAR00698,-0.0644845838948341,0.07050013396331753,-0.23989931002735423,-0.20634346900988362,-0.03400861428361617,-0.001653154138567484,0.01190700358786536
MAR00699,-0.06712877305310423,0.06274922306702652,-0.22825262949973876,-0.19611777502174876,-0.048057826572748916,-0.0053395042630785166,0.002018044705158987
MAR00700,-0.07377070618988328,0.07245251341437371,-0.24677600311643857,-0.22845254595974193,-0.04030121598786203,-0.001804629888016318,0.037073466916194724
MAR00701,-7.980051299870501,6.333792397086489,-28.916582310644646,-19.70466268345418,-7.613933669214772,-1.0665614139307413,-0.8762196963053792
MAR00702,-52.61875336573746,47.25881515868516,-183.34029563429377,-130.8298177156954,-41.973594710895455,-0.7342987296318261,0.9406468060133879
MAR00704,-5.664021688391356,4.68473302244611,-17.939441143302382,-17.29314368752332,-4.242169950216926,-0.7407387147100629,-0.40443562156954455
MAR00709,0.0,0.0,0.0,0.0,0.0,0.0,0.0
MAR00710,610.3855443791751,345.6091064221527,-380.1255799126577,-224.0012220573741,676.9037023257686,972.059335447622,977.8463274941928
MAR00712,182.12458696658743,450.78449331876885,-530.2356612407722,-381.9416785537287,-30.26038168546762,904.1389770464,909.1455307084332
MAR00714,513.4026760889758,301.3059641207474,75.65975004191958,82.25896485006673,591.8189504889781,890.6809108302417,930.1412417239574
MAR00720,0.0,0.0,0.0,0.0,0.0,0.0,0.0
MAR00734,0.0,0.0,0.0,0.0,0.0,0.0,0.0
MAR00736,1.5252030306367832,0.0018111996289997315,1.523841665184299,1.5238724813649294,1.5245016362416575,1.5281608254563226,1.5399002610700268
MAR00737,3.4236412513933843,2.906511464215576,0.09570313729371324,0.1396804824698623,2.649760698344723,9.127556209258787,10.902615215768673
MAR00739,0.0,0.0,0.0,0.0,0.0,0.0,0.0
MAR00750,16.466838304429274,15.591133014116565,0.042046237076785654,0.9418365020285707,9.560419323594125,45.337995777243755,55.551538441078854
MAR00753,-123.9410662425445,119.12826532454167,-465.6807287090241,-433.47042657169715,-98.2395051685277,-10.132917646858736,-6.153299208416085
MAR00758,685.4906203796777,187.77472536680656,337.9942960694239,384.1719441149288,635.7604561972178,943.233137157466,947.4368314602021
MAR00763,0.0,0.0,0.0,0.0,0.0,0.0,0.0
MAR00771,0.0,0.0,0.0,0.0,0.0,0.0,0.0
MAR00782,0.0,0.0,0.0,0.0,0.0,0.0,0.0
MAR00794,0.0,0.0,0.0,0.0,0.0,0.0,0.0
MAR00826,0.0,0.0,0.0,0.0,0.0,0.0,0.0
MAR00837,0.0,0.0,0.0,0.0,0.0,0.0,0.0
MAR00838,0.0,0.0,0.0,0.0,0.0,0.0,0.0
MAR00844,0.0,0.0,0.0,0.0,0.0,0.0,0.0
MAR00845,0.0,0.0,0.0,0.0,0.0,0.0,0.0
MAR00923,0.7433256172988747,0.8997870095356517,0.0002660830155334077,0.032728023982785126,0.48440844270527406,2.661252344985606,6.271593333413345
MAR00927,5.000044436840427,5.915543851927306,0.010177182055247654,0.12289193728411003,1.9431108275015712,15.394199584627518,27.18161334338123
MAR00931,0.0,0.0,0.0,0.0,0.0,0.0,0.0
MAR00932,0.0,0.0,0.0,0.0,0.0,0.0,0.0
MAR00933,0.0,0.0,0.0,0.0,0.0,0.0,0.0
MAR00934,30.091566871646513,51.696492493608254,0.01914216572824085,0.28869615055194714,3.8315175613180017,144.49371162389255,219.3936477473925
MAR00935,0.0,0.0,0.0,0.0,0.0,0.0,0.0
MAR00936,0.0,0.0,0.0,0.0,0.0,0.0,0.0
MAR00937,0.0,0.0,0.0,0.0,0.0,0.0,0.0
MAR00938,0.0,0.0,0.0,0.0,0.0,0.0,0.0
MAR00939,0.0,0.0,0.0,0.0,0.0,0.0,0.0
MAR00940,0.0,0.0,0.0,0.0,0.0,0.0,0.0
MAR00942,0.0,0.0,0.0,0.0,0.0,0.0,0.0
MAR00943,0.0,0.0,0.0,0.0,0.0,0.0,0.0
MAR00944,0.0,0.0,0.0,0.0,0.0,0.0,0.0
MAR00945,0.0,0.0,0.0,0.0,0.0,0.0,0.0
MAR00946,5.55461841933471,7.425827349104723,8.383164326695879e-05,0.08750158173563058,1.9797739086417483,21.621364247829145,38.95273802465449
MAR00947,6.467915740687233,8.088899718470703,0.004387363906197785,0.09508287064072242,2.7493265840214067,26.2800536738856,33.988395442941425
MAR00948,0.0,0.0,0.0,0.0,0.0,0.0,0.0
MAR00949,0.0,0.0,0.0,0.0,0.0,0.0,0.0
MAR00950,0.0,0.0,0.0,0.0,0.0,0.0,0.0
MAR00951,3.0184849523234383e-16,1.7254155701580502e-15,-3.675404311306336e-15,-1.3073554496975174e-15,9.145634328856766e-17,4.361133600686527e-15,4.369051663343638e-15
MAR00953,0.0,0.0,0.0,0.0,0.0,0.0,0.0
MAR00954,0.0,0.0,0.0,0.0,0.0,0.0,0.0
MAR00955,0.0,0.0,0.0,0.0,0.0,0.0,0.0
MAR00956,0.0,0.0,0.0,0.0,0.0,0.0,0.0
MAR00957,0.0,0.0,0.0,0.0,0.0,0.0,0.0
MAR00960,177.97596458248532,158.66646703248836,10.539612225201585,14.843089917451012,121.58632028224886,497.0540953006811,583.4596714498343
MAR00962,0.0,0.0,0.0,0.0,0.0,0.0,0.0
MAR00963,0.0,0.0,0.0,0.0,0.0,0.0,0.0
MAR00969,0.0,0.0,0.0,0.0,0.0,0.0,0.0
MAR00979,-2.691309874306651e-31,8.206498787892439e-31,-2.1805501773766218e-30,-1.7293136512322137e-30,-1.3475970904241607e-31,1.3557198221658394e-30,1.802224283764309e-30
MAR00980,0.0,0.0,0.0,0.0,0.0,0.0,0.0
MAR00981,0.0,0.0,0.0,0.0,0.0,0.0,0.0
MAR00991,0.0,0.0,0.0,0.0,0.0,0.0,0.0
MAR00992,0.0,0.0,0.0,0.0,0.0,0.0,0.0
MAR00993,0.0,0.0,0.0,0.0,0.0,0.0,0.0
MAR00994,0.0,0.0,0.0,0.0,0.0,0.0,0.0
MAR01002,0.0,0.0,0.0,0.0,0.0,0.0,0.0
MAR01003,0.0,0.0,0.0,0.0,0.0,0.0,0.0
MAR01004,0.0,0.0,0.0,0.0,0.0,0.0,0.0
MAR01006,0.0,0.0,0.0,0.0,0.0,0.0,0.0
MAR01007,0.0,0.0,0.0,0.0,0.0,0.0,0.0
MAR01008,0.0,0.0,0.0,0.0,0.0,0.0,0.0
MAR01013,411.67224290891187,250.232204743325,25.21043650648678,28.48812552483248,462.415216714336,793.4493136048294,876.7135120731966
MAR01020,-411.67224290891215,250.23220474332507,-876.7135120731965,-793.4493136048283,-462.41521671433577,-28.488125524832487,-25.21043650648678
MAR01022,0.0,0.0,0.0,0.0,0.0,0.0,0.0
MAR01023,0.0,0.0,0.0,0.0,0.0,0.0,0.0
MAR01025,0.0,0.0,0.0,0.0,0.0,0.0,0.0
MAR01026,0.0,0.0,0.0,0.0,0.0,0.0,0.0
MAR01027,0.0,0.0,0.0,0.0,0.0,0.0,0.0
MAR01028,0.0,0.0,0.0,0.0,0.0,0.0,0.0
MAR01033,1.8593924549165275e-15,4.2279954140079594e-15,-9.104650508267034e-15,-6.11197121697718e-15,1.994321331870605e-15,8.1263960920474e-15,1.5466164452698037e-14
MAR01035,0.0,0.0,0.0,0.0,0.0,0.0,0.0
MAR01036,-6.624080316773039e-16,1.7840031118619023e-15,-4.721705836196072e-15,-4.164976306169699e-15,-1.382267596270218e-16,2.9174396621146186e-15,2.947012274229009e-15
MAR01037,0.0,0.0,0.0,0.0,0.0,0.0,0.0
MAR01038,0.011425384505532179,0.009267006087492048,5.4398277476516776e-05,0.0008812390376650753,0.009183095145408082,0.027166337578259765,0.05457214005504833
MAR01039,0.0,0.0,0.0,0.0,0.0,0.0,0.0
MAR01040,0.0,0.0,0.0,0.0,0.0,0.0,0.0
MAR01041,-5.388880893598096e-14,3.9954691829440116e-14,-1.1465264439839111e-13,-1.138957626333489e-13,-2.7087622780762185e-14,-1.1405232976972299e-14,-8.270907234253962e-15
MAR01042,-5.388880893598096e-14,3.9954691829440116e-14,-1.1465264439839111e-13,-1.138957626333489e-13,-2.7087622780762185e-14,-1.1405232976972299e-14,-8.270907234253962e-15
MAR01043,0.0,0.0,0.0,0.0,0.0,0.0,0.0
MAR01044,0.004656744427425467,5.529948216352472e-06,0.0046525879113060945,0.004652681999159242,0.0046546029325720915,0.004665775155975476,0.004701617958715949
MAR01045,-125.413857242677,488.04608881263806,-850.5922531342521,-839.4195895602287,22.62652286003805,569.8594758998227,652.2555463189585
MAR01047,-54.23489423351734,68.6402038073587,-274.84626489932623,-184.02628962004889,-49.78612057504688,64.98185988464374,134.6560467784293
MAR01048,0.0,0.0,0.0,0.0,0.0,0.0,0.0
MAR01049,1.8593924549165263e-15,4.227995414007959e-15,-9.104650508267034e-15,-6.11197121697718e-15,1.9943213318706036e-15,8.126396092047393e-15,1.5466164452698034e-14
MAR01050,0.0,0.0,0.0,0.0,0.0,0.0,0.0
MAR01051,-336.2386009087377,448.9254954306592,-974.9025886896299,-964.4161340056635,-285.32702657814315,455.8947342463546,526.4956781148774
MAR01052,336.2386009087375,448.9254954306593,-526.4956781148774,-455.89473424635463,285.3270265781427,964.4161340056634,974.9025886896299
MAR01054,0.0,0.0,0.0,0.0,0.0,0.0,0.0
MAR01055,0.0,0.0,0.0,0.0,0.0,0.0,0.0
MAR01057,1.8593924549165263e-15,4.227995414007959e-15,-9.104650508267034e-15,-6.111971216977182e-15,1.9943213318706036e-15,8.126396092047393e-15,1.5466164452698034e-14
MAR01058,0.0,0.0,0.0,0.0,0.0,0.0,0.0
MAR01059,0.0,0.0,0.0,0.0,0.0,0.0,0.0
MAR01061,0.0,0.0,0.0,0.0,0.0,0.0,0.0
MAR01065,0.0,0.0,0.0,0.0,0.0,0.0,0.0
MAR01066,0.0,0.0,0.0,0.0,0.0,0.0,0.0
MAR01067,0.0,0.0,0.0,0.0,0.0,0.0,0.0
MAR01068,0.0,0.0,0.0,0.0,0.0,0.0,0.0
MAR01069,0.0,0.0,0.0,0.0,0.0,0.0,0.0
MAR01070,0.0,0.0,0.0,0.0,0.0,0.0,0.0
MAR01071,0.0,0.0,0.0,0.0,0.0,0.0,0.0
MAR01072,0.0,0.0,0.0,0.0,0.0,0.0,0.0
MAR01074,0.0,0.0,0.0,0.0,0.0,0.0,0.0
MAR01087,0.0,0.0,0.0,0.0,0.0,0.0,0.0
MAR01088,0.0,0.0,0.0,0.0,0.0,0.0,0.0
MAR01089,0.0,0.0,0.0,0.0,0.0,0.0,0.0
MAR01090,0.0,0.0,0.0,0.0,0.0,0.0,0.0
MAR01092,0.0,0.0,0.0,0.0,0.0,0.0,0.0
MAR01093,411.67224290891187,250.232204743325,25.21043650648678,28.48812552483248,462.415216714336,793.4493136048294,876.7135120731966
MAR01094,0.0,0.0,0.0,0.0,0.0,0.0,0.0
MAR01097,0.0,0.0,0.0,0.0,0.0,0.0,0.0
MAR01098,0.0,0.0,0.0,0.0,0.0,0.0,0.0
MAR01099,0.0,0.0,0.0,0.0,0.0,0.0,0.0
MAR01100,2.5728826366342086e-15,1.1632031182988319e-14,-1.6685481246213178e-14,-9.390032106797579e-15,-7.077873552669417e-16,2.9368799126940784e-14,3.949345299389055e-14
MAR01103,0.0,0.0,0.0,0.0,0.0,0.0,0.0
MAR01104,0.0,0.0,0.0,0.0,0.0,0.0,0.0
MAR01107,0.0,0.0,0.0,0.0,0.0,0.0,0.0
MAR01108,0.0,0.0,0.0,0.0,0.0,0.0,0.0
MAR01109,0.0,0.0,0.0,0.0,0.0,0.0,0.0
MAR01110,0.0,0.0,0.0,0.0,0.0,0.0,0.0
MAR01111,0.0,0.0,0.0,0.0,0.0,0.0,0.0
MAR01112,0.0,0.0,0.0,0.0,0.0,0.0,0.0
MAR01113,0.0,0.0,0.0,0.0,0.0,0.0,0.0
MAR01114,0.0,0.0,0.0,0.0,0.0,0.0,0.0
MAR01115,0.0,0.0,0.0,0.0,0.0,0.0,0.0
MAR01116,0.0,0.0,0.0,0.0,0.0,0.0,0.0
MAR01117,0.0,0.0,0.0,0.0,0.0,0.0,0.0
MAR01119,0.0,0.0,0.0,0.0,0.0,0.0,0.0
MAR01120,3.5575736880034915e-13,4.736365977645553e-13,-2.788999740353459e-13,-8.180963932997767e-14,9.922374627351259e-14,1.118589776004996e-12,1.123292180633252e-12
MAR01121,0.0,0.0,0.0,0.0,0.0,0.0,0.0
MAR01122,0.0,0.0,0.0,0.0,0.0,0.0,0.0
MAR01123,0.0,0.0,0.0,0.0,0.0,0.0,0.0
MAR01124,0.0,0.0,0.0,0.0,0.0,0.0,0.0
MAR01125,0.0,0.0,0.0,0.0,0.0,0.0,0.0
MAR01126,0.0,0.0,0.0,0.0,0.0,0.0,0.0
MAR01127,0.0,0.0,0.0,0.0,0.0,0.0,0.0
MAR01128,0.0,0.0,0.0,0.0,0.0,0.0,0.0
MAR01129,0.0,0.0,0.0,0.0,0.0,0.0,0.0
MAR01130,0.0,0.0,0.0,0.0,0.0,0.0,0.0
MAR01131,0.0,0.0,0.0,0.0,0.0,0.0,0.0
MAR01132,0.0,0.0,0.0,0.0,0.0,0.0,0.0
MAR01133,0.0,0.0,0.0,0.0,0.0,0.0,0.0
MAR01134,0.0,0.0,0.0,0.0,0.0,0.0,0.0
MAR01135,0.0,0.0,0.0,0.0,0.0,0.0,0.0
MAR01137,0.0,0.0,0.0,0.0,0.0,0.0,0.0
MAR01138,0.0,0.0,0.0,0.0,0.0,0.0,0.0
MAR01139,0.0,0.0,0.0,0.0,0.0,0.0,0.0
MAR01140,0.0,0.0,0.0,0.0,0.0,0.0,0.0
MAR01143,0.0,0.0,0.0,0.0,0.0,0.0,0.0
MAR01144,-1.7979018343842233e-17,2.6611170533470353e-15,-6.206200969831094e-15,-4.565820360966812e-15,-9.576630773526996e-17,4.958193306884439e-15,7.955638843284816e-15
MAR01145,1.7979018343843847e-17,2.6611170533470334e-15,-7.955638843284805e-15,-4.958193306884434e-15,9.576630773526963e-17,4.5658203609667976e-15,6.206200969831108e-15
MAR01146,0.0,0.0,0.0,0.0,0.0,0.0,0.0
MAR01147,0.0,0.0,0.0,0.0,0.0,0.0,0.0
MAR01148,0.0,0.0,0.0,0.0,0.0,0.0,0.0
MAR01149,0.0,0.0,0.0,0.0,0.0,0.0,0.0
MAR01150,1.7979018343843847e-17,2.6611170533470334e-15,-7.955638843284805e-15,-4.958193306884434e-15,9.576630773526946e-17,4.565820360966799e-15,6.20620096983111e-15
MAR01151,0.0,0.0,0.0,0.0,0.0,0.0,0.0
MAR01152,-1.7979018343844353e-17,2.661117053347034e-15,-6.206200969831114e-15,-4.565820360966801e-15,-9.576630773526936e-17,4.9581933068844345e-15,7.955638843284805e-15
MAR01153,0.0,0.0,0.0,0.0,0.0,0.0,0.0
MAR01154,0.0,0.0,0.0,0.0,0.0,0.0,0.0
MAR01155,0.0,0.0,0.0,0.0,0.0,0.0,0.0
MAR01156,0.0,0.0,0.0,0.0,0.0,0.0,0.0
MAR01157,0.0,0.0,0.0,0.0,0.0,0.0,0.0
MAR01158,1.7979018343843444e-17,2.6611170533470338e-15,-7.955638843284807e-15,-4.958193306884435e-15,9.576630773526964e-17,4.565820360966798e-15,6.206200969831109e-15
MAR01159,0.0,0.0,0.0,0.0,0.0,0.0,0.0
MAR01160,-1.7979018343843746e-17,2.661117053347034e-15,-6.206200969831111e-15,-4.565820360966798e-15,-9.576630773526937e-17,4.958193306884437e-15,7.955638843284805e-15
MAR01161,1.0443055675359602e-15,4.587746399843468e-15,-9.830231789961229e-15,-6.400322359591112e-15,4.710546795345044e-17,9.030606296902645e-15,1.490670650004337e-14
MAR01162,-1.1255384820605745e-15,4.616920590606249e-15,-1.49169912727563e-14,-9.090276899795734e-15,-1.5428172649565935e-16,6.038767487679966e-15,1.0220479147986657e-14
MAR01163,1.122463767196378e-15,4.618812771584998e-15,-1.0222876165097194e-14,-6.0279490404261835e-15,1.435258885857094e-16,9.109884454672212e-15,1.4948822157345546e-14
MAR01164,-1.1255384820605747e-15,4.616920590606249e-15,-1.49169912727563e-14,-9.090276899795735e-15,-1.5428172649565937e-16,6.038767487679967e-15,1.0220479147986657e-14
MAR01165,1.122463767196378e-15,4.618812771584998e-15,-1.0222876165097196e-14,-6.0279490404261835e-15,1.435258885857094e-16,9.109884454672215e-15,1.4948822157345546e-14
MAR01166,-1.1255384820605737e-15,4.616920590606249e-15,-1.4916991272756297e-14,-9.09027689979574e-15,-1.5428172649565912e-16,6.038767487679966e-15,1.0220479147986658e-14
MAR01167,1.126013145543771e-15,4.616631121674428e-15,-1.0220109105058704e-14,-6.040437600871912e-15,1.5599490178095422e-16,9.087249955605619e-15,1.4912077334645116e-14
MAR01168,-6.457265371627118e-16,5.481849418837286e-15,-1.448589463985321e-14,-9.872292197418714e-15,-4.20329369630604e-16,1.0915777935681358e-14,1.4655693826513514e-14
MAR01170,1.125538482060573e-15,4.6169205906062475e-15,-1.0220479147986658e-14,-6.03876748767997e-15,1.5428172649565942e-16,9.090276899795734e-15,1.4916991272756288e-14
MAR01171,-1.1255384820605733e-15,4.616920590606249e-15,-1.4916991272756297e-14,-9.090276899795738e-15,-1.5428172649565944e-16,6.038767487679966e-15,1.0220479147986658e-14
MAR01172,1.1255384820605737e-15,4.616920590606249e-15,-1.0220479147986657e-14,-6.03876748767997e-15,1.5428172649565935e-16,9.090276899795737e-15,1.4916991272756294e-14
MAR01173,-1.125538482060573e-15,4.6169205906062475e-15,-1.4916991272756288e-14,-9.090276899795735e-15,-1.5428172649565957e-16,6.0387674876799685e-15,1.0220479147986657e-14
MAR01174,0.0,0.0,0.0,0.0,0.0,0.0,0.0
MAR01175,0.0,0.0,0.0,0.0,0.0,0.0,0.0
MAR01176,0.0,0.0,0.0,0.0,0.0,0.0,0.0
MAR01177,0.0,0.0,0.0,0.0,0.0,0.0,0.0
MAR01178,0.0,0.0,0.0,0.0,0.0,0.0,0.0
MAR01179,0.0,0.0,0.0,0.0,0.0,0.0,0.0
MAR01180,0.0,0.0,0.0,0.0,0.0,0.0,0.0
MAR01181,0.0,0.0,0.0,0.0,0.0,0.0,0.0
MAR01182,0.0,0.0,0.0,0.0,0.0,0.0,0.0
MAR01183,0.0,0.0,0.0,0.0,0.0,0.0,0.0
MAR01184,0.0,0.0,0.0,0.0,0.0,0.0,0.0
MAR01186,3.494866744637822e-31,9.743379346626679e-31,-1.662799164435593e-30,-8.74437770231537e-31,9.559519219025299e-32,2.4488171826066658e-30,3.40178230235097e-30
MAR01187,1.1018538701635222e-15,3.160400064023231e-15,-5.207579798759719e-15,-3.2348609364632184e-15,3.5098428401248805e-16,8.363057214898464e-15,9.922271810213631e-15
MAR01188,-1.107559463716727e-15,3.1528413362140722e-15,-9.863204840453228e-15,-8.334374291549592e-15,-3.6126345845225426e-16,3.2552246531953584e-15,5.1911498209412215e-15
MAR01189,0.0,0.0,0.0,0.0,0.0,0.0,0.0
MAR01190,0.0,0.0,0.0,0.0,0.0,0.0,0.0
MAR01191,0.0,0.0,0.0,0.0,0.0,0.0,0.0
MAR01192,0.0,0.0,0.0,0.0,0.0,0.0,0.0
MAR01193,0.0,0.0,0.0,0.0,0.0,0.0,0.0
MAR01194,1.1018538701635228e-15,3.160400064023231e-15,-5.2075797987597175e-15,-3.2348609364632184e-15,3.509842840124883e-16,8.363057214898464e-15,9.922271810213634e-15
MAR01195,0.0,0.0,0.0,0.0,0.0,0.0,0.0
MAR01196,-1.1075594637167271e-15,3.1528413362140722e-15,-9.863204840453228e-15,-8.334374291549593e-15,-3.6126345845225475e-16,3.2552246531953584e-15,5.191149820941222e-15
MAR01197,0.0,0.0,0.0,0.0,0.0,0.0,0.0
MAR01198,0.0,0.0,0.0,0.0,0.0,0.0,0.0
MAR01199,0.0,0.0,0.0,0.0,0.0,0.0,0.0
MAR01200,0.0,0.0,0.0,0.0,0.0,0.0,0.0
MAR01201,0.0,0.0,0.0,0.0,0.0,0.0,0.0
MAR01202,0.0,0.0,0.0,0.0,0.0,0.0,0.0
MAR01203,0.0,0.0,0.0,0.0,0.0,0.0,0.0
MAR01204,0.0,0.0,0.0,0.0,0.0,0.0,0.0
MAR01205,0.0,0.0,0.0,0.0,0.0,0.0,0.0
MAR01206,0.0,0.0,0.0,0.0,0.0,0.0,0.0
MAR01207,0.0,0.0,0.0,0.0,0.0,0.0,0.0
MAR01208,0.0,0.0,0.0,0.0,0.0,0.0,0.0
MAR01209,0.0,0.0,0.0,0.0,0.0,0.0,0.0
MAR01210,0.0,0.0,0.0,0.0,0.0,0.0,0.0
MAR01211,-1.1538317968675896e-17,8.728641397060413e-17,-2.0574825169284108e-16,-1.8309032763854224e-16,3.9200221452092206e-18,1.0960433496804486e-16,1.0986483614877048e-16
MAR01212,0.0,0.0,0.0,0.0,0.0,0.0,0.0
MAR01213,0.0,0.0,0.0,0.0,0.0,0.0,0.0
MAR01214,0.0,0.0,0.0,0.0,0.0,0.0,0.0
MAR01215,0.0,0.0,0.0,0.0,0.0,0.0,0.0
MAR01216,0.0,0.0,0.0,0.0,0.0,0.0,0.0
MAR01217,0.0,0.0,0.0,0.0,0.0,0.0,0.0
MAR01218,0.0,0.0,0.0,0.0,0.0,0.0,0.0
MAR01219,0.0,0.0,0.0,0.0,0.0,0.0,0.0
MAR01220,0.0,0.0,0.0,0.0,0.0,0.0,0.0
MAR01221,0.0,0.0,0.0,0.0,0.0,0.0,0.0
MAR01222,0.0,0.0,0.0,0.0,0.0,0.0,0.0
MAR01223,0.0,0.0,0.0,0.0,0.0,0.0,0.0
MAR01224,0.0,0.0,0.0,0.0,0.0,0.0,0.0
MAR01225,0.0,0.0,0.0,0.0,0.0,0.0,0.0
MAR01226,0.0,0.0,0.0,0.0,0.0,0.0,0.0
MAR01228,2.9157238594757417e-15,1.0826552784858243e-14,-1.4659730261673665e-14,-9.40066099787763e-15,-1.3920456963064528e-16,2.7795517229197447e-14,3.6628562554116376e-14
MAR01229,-3.557573688003491e-13,4.736365977645553e-13,-1.123292180633252e-12,-1.118589776004996e-12,-9.922374627351257e-14,8.180963932997652e-14,2.78899974035346e-13
MAR01230,3.369240279356843e-13,4.754983356247874e-13,-4.961361047061205e-14,-1.668517577753667e-14,2.1434481701002138e-14,1.1153065826463878e-12,1.1193032881854805e-12
MAR01232,-3.5585336333330315e-13,4.736200252055543e-13,-1.1233345032584492e-12,-1.1186036247528353e-12,-9.953583527954722e-14,8.267211829517996e-14,2.7848270486910733e-13
MAR01233,0.0,0.0,0.0,0.0,0.0,0.0,0.0
MAR01234,0.0,0.0,0.0,0.0,0.0,0.0,0.0
MAR01236,0.0,0.0,0.0,0.0,0.0,0.0,0.0
MAR01238,0.0,0.0,0.0,0.0,0.0,0.0,0.0
MAR01241,0.0,0.0,0.0,0.0,0.0,0.0,0.0
MAR01243,0.0,0.0,0.0,0.0,0.0,0.0,0.0
MAR01245,0.0,0.0,0.0,0.0,0.0,0.0,0.0
MAR01247,0.0,0.0,0.0,0.0,0.0,0.0,0.0
MAR01249,0.0,0.0,0.0,0.0,0.0,0.0,0.0
MAR01251,0.0,0.0,0.0,0.0,0.0,0.0,0.0
MAR01253,0.0,0.0,0.0,0.0,0.0,0.0,0.0
MAR01254,0.0,0.0,0.0,0.0,0.0,0.0,0.0
MAR01255,0.0,0.0,0.0,0.0,0.0,0.0,0.0
MAR01256,0.0,0.0,0.0,0.0,0.0,0.0,0.0
MAR01257,0.0,0.0,0.0,0.0,0.0,0.0,0.0
MAR01258,0.0,0.0,0.0,0.0,0.0,0.0,0.0
MAR01259,0.0,0.0,0.0,0.0,0.0,0.0,0.0
MAR01260,0.0,0.0,0.0,0.0,0.0,0.0,0.0
MAR01261,0.0,0.0,0.0,0.0,0.0,0.0,0.0
MAR01262,0.0,0.0,0.0,0.0,0.0,0.0,0.0
MAR01263,-3.503226065930713e-13,4.743137606760078e-13,-1.1198868085794535e-12,-1.118491507879805e-12,-1.0482879648617827e-13,9.9718657724321e-14,3.016705121916332e-13
MAR01264,-3.5581621886133675e-13,4.735849008727945e-13,-1.1233223927965738e-12,-1.1185921634442838e-12,-9.928034477479402e-14,8.142452929737679e-14,2.7880888599608974e-13
MAR01266,0.0,0.0,0.0,0.0,0.0,0.0,0.0
MAR01268,-3.488306074032884e-13,4.751123114331894e-13,-1.119824640169237e-12,-1.1183215830426766e-12,-9.688041125511052e-14,1.1397813324209415e-13,3.0276982302893435e-13
MAR01270,0.0,0.0,0.0,0.0,0.0,0.0,0.0
MAR01271,0.0,0.0,0.0,0.0,0.0,0.0,0.0
MAR01272,0.0,0.0,0.0,0.0,0.0,0.0,0.0
MAR01273,0.0,0.0,0.0,0.0,0.0,0.0,0.0
MAR01274,0.0,0.0,0.0,0.0,0.0,0.0,0.0
MAR01275,0.0,0.0,0.0,0.0,0.0,0.0,0.0
MAR01276,0.0,0.0,0.0,0.0,0.0,0.0,0.0
MAR01277,0.0,0.0,0.0,0.0,0.0,0.0,0.0
MAR01278,0.0,0.0,0.0,0.0,0.0,0.0,0.0
MAR01279,0.0,0.0,0.0,0.0,0.0,0.0,0.0
MAR01280,-3.43808583041626e-15,1.063541901169224e-14,-3.73630877196143e-14,-2.803760088658066e-14,-1.4204347398813537e-16,6.800898295076427e-15,1.3183437614027408e-14
MAR01282,-3.4883912326470175e-13,4.747753598059745e-13,-1.1197751453256718e-12,-1.1182617782270785e-12,-9.768329401130625e-14,1.1125400524861942e-13,3.033480035630041e-13
MAR01284,3.5576064458702687e-13,4.737199732853771e-13,-2.7838585902246124e-13,-8.199703895485444e-14,9.97759577613628e-14,1.1186235518207148e-12,1.1234251424285814e-12
MAR01285,-3.5304675090636477e-13,4.7620611096972e-13,-1.1227573993477011e-12,-1.118237032539905e-12,-1.0197221610714151e-13,1.0829014620857084e-13,2.7100538290561566e-13
MAR01286,0.0,0.0,0.0,0.0,0.0,0.0,0.0
MAR01287,0.0,0.0,0.0,0.0,0.0,0.0,0.0
MAR01288,0.0,0.0,0.0,0.0,0.0,0.0,0.0
MAR01289,0.0,0.0,0.0,0.0,0.0,0.0,0.0
MAR01290,0.0,0.0,0.0,0.0,0.0,0.0,0.0
MAR01291,0.0,0.0,0.0,0.0,0.0,0.0,0.0
MAR01292,0.0,0.0,0.0,0.0,0.0,0.0,0.0
MAR01293,0.0,0.0,0.0,0.0,0.0,0.0,0.0
MAR01294,0.0,0.0,0.0,0.0,0.0,0.0,0.0
MAR01295,0.0,0.0,0.0,0.0,0.0,0.0,0.0
MAR01296,0.0,0.0,0.0,0.0,0.0,0.0,0.0
MAR01297,0.0,0.0,0.0,0.0,0.0,0.0,0.0
MAR01298,0.0,0.0,0.0,0.0,0.0,0.0,0.0
MAR01299,0.0,0.0,0.0,0.0,0.0,0.0,0.0
MAR01300,0.0,0.0,0.0,0.0,0.0,0.0,0.0
MAR01301,0.0,0.0,0.0,0.0,0.0,0.0,0.0
MAR01303,0.0,0.0,0.0,0.0,0.0,0.0,0.0
MAR01304,0.0,0.0,0.0,0.0,0.0,0.0,0.0
MAR01309,-167.60486517577323,310.00113608212195,-586.5804623982918,-575.030111186989,-116.58358102362004,262.78176841567097,348.3666648109232
MAR01310,167.60486517577058,310.00113608212484,-348.36666481093897,-262.7817684156853,116.58358102362165,575.030111186988,586.5804623982931
MAR01311,0.0,0.0,0.0,0.0,0.0,0.0,0.0
MAR01312,111.56056199430215,143.90904464569266,2.3579820505170215,4.133939609743575,39.429989836308174,414.1450026724785,542.894951673284
MAR01315,0.0,0.0,0.0,0.0,0.0,0.0,0.0
MAR01316,0.0,0.0,0.0,0.0,0.0,0.0,0.0
MAR01317,0.0,0.0,0.0,0.0,0.0,0.0,0.0
MAR01318,-411.34989498795966,168.43363089767234,-640.9399554717271,-636.4858803014534,-427.4834876124402,-138.13807472198616,-0.9448751749769713
MAR01319,0.0,0.0,0.0,0.0,0.0,0.0,0.0
MAR01320,-160.13872646609238,492.8696444094285,-899.3819445853463,-894.1025707415724,6.244824130951258,453.0341764187847,595.734755405104
MAR01324,-330.2535565939289,354.9235212733329,-867.9473345077365,-861.106866696947,-240.30378574252563,120.53678572445887,208.72753805718125
MAR01328,0.0,0.0,0.0,0.0,0.0,0.0,0.0
MAR01329,-318.4561251127191,241.91243529672334,-797.534152561538,-745.6637913737231,-348.7905726181343,7.712634473024141,15.614800857906857
MAR01331,5.073497911946279e-16,1.1206245620207524e-15,-7.756666937332781e-16,-6.523555791111028e-16,1.1727038943401898e-16,3.319196700540408e-15,3.32735516703175e-15
MAR01332,-382.5286356120288,263.22931399118477,-839.1116784175952,-792.5907251472073,-429.40366209700676,-5.9248242275266865,-0.1314477617044716
MAR01333,267.38013258321234,448.48196082279236,-484.26698273637874,-328.0161079001004,134.48986654351978,943.1310541667141,949.8878139355369
MAR01334,94.5293152590726,530.059701614424,-615.8577567021508,-561.398774771574,-81.60474128944037,907.4004889151716,914.188430264938
MAR01335,-267.38013258321234,448.48196082279236,-949.8878139355369,-943.1310541667141,-134.48986654351978,328.01610790010034,484.26698273637874
MAR01336,0.0,0.0,0.0,0.0,0.0,0.0,0.0
MAR01337,0.0,0.0,0.0,0.0,0.0,0.0,0.0
MAR01338,0.0,0.0,0.0,0.0,0.0,0.0,0.0
MAR01341,0.0,0.0,0.0,0.0,0.0,0.0,0.0
MAR01342,0.0,0.0,0.0,0.0,0.0,0.0,0.0
MAR01343,0.0,0.0,0.0,0.0,0.0,0.0,0.0
MAR01344,0.0,0.0,0.0,0.0,0.0,0.0,0.0
MAR01345,0.0,0.0,0.0,0.0,0.0,0.0,0.0
MAR01365,0.0,0.0,0.0,0.0,0.0,0.0,0.0
MAR01366,0.0,0.0,0.0,0.0,0.0,0.0,0.0
MAR01367,0.0,0.0,0.0,0.0,0.0,0.0,0.0
MAR01369,0.0,0.0,0.0,0.0,0.0,0.0,0.0
MAR01370,0.0,0.0,0.0,0.0,0.0,0.0,0.0
MAR01374,0.0,0.0,0.0,0.0,0.0,0.0,0.0
MAR01375,0.0,0.0,0.0,0.0,0.0,0.0,0.0
MAR01376,0.0,0.0,0.0,0.0,0.0,0.0,0.0
MAR01379,0.0,0.0,0.0,0.0,0.0,0.0,0.0
MAR01381,0.0,0.0,0.0,0.0,0.0,0.0,0.0
MAR01382,0.0,0.0,0.0,0.0,0.0,0.0,0.0
MAR01383,0.0,0.0,0.0,0.0,0.0,0.0,0.0
MAR01384,0.0,0.0,0.0,0.0,0.0,0.0,0.0
MAR01385,0.0,0.0,0.0,0.0,0.0,0.0,0.0
MAR01387,0.0,0.0,0.0,0.0,0.0,0.0,0.0
MAR01397,0.0,0.0,0.0,0.0,0.0,0.0,0.0
MAR01398,0.0,0.0,0.0,0.0,0.0,0.0,0.0
MAR01401,-12.04367110302058,166.80284982678066,-234.36185655456825,-163.33843167032907,-51.2175143465942,461.5507941704148,536.9839716005172
MAR01402,12.04367110302058,166.80284982678066,-536.9839716005172,-461.5507941704148,51.2175143465942,163.33843167032896,234.36185655456825
MAR01434,-1.3931037494852502e-16,3.744818650564068e-16,-1.1062990563984272e-15,-9.320389501103591e-16,-9.598512160644831e-18,3.9907597001807133e-16,7.978523541817087e-16
MAR01435,-1.1804413710101777e-12,3.684759473056151e-12,-1.1042292846447524e-11,-9.089533941036498e-12,-8.847589866405477e-14,2.9655492821393535e-12,4.253887664494075e-12
MAR01437,1.3931037494852507e-16,3.744818650564069e-16,-7.978523541817089e-16,-3.9907597001807143e-16,9.598512160644828e-18,9.320389501103595e-16,1.1062990563984276e-15
MAR01438,0.0,0.0,0.0,0.0,0.0,0.0,0.0
MAR01447,0.0,0.0,0.0,0.0,0.0,0.0,0.0
MAR01452,0.9119549728104887,0.8850940512734455,-0.03161247681940632,0.03428681711235228,0.7158409164593336,2.689969531134076,4.830819122564372
MAR01453,0.0,0.0,0.0,0.0,0.0,0.0,0.0
MAR01454,0.0,0.0,0.0,0.0,0.0,0.0,0.0
MAR01456,194.6286052821588,163.1561660342635,32.89893896782777,45.181304074982584,107.82161540342676,457.96671195157626,459.5735500225651
MAR01457,0.0,0.0,0.0,0.0,0.0,0.0,0.0
MAR01460,2.0828281577306558e-16,3.360351719156452e-16,-1.0173458869261703e-16,-7.668006145407416e-17,4.029906939554928e-17,1.0595532825652656e-15,1.0610954563368012e-15
MAR01461,-80.53368590419888,291.2450058820815,-695.758616334123,-657.8652453741873,-132.86673476837746,314.16884900552736,321.52048839741815
MAR01462,380.07044130053197,403.9850205272393,-513.164818887086,-422.6683714566535,314.52698180430605,934.3490097432469,938.174144067358
MAR01468,0.0,0.0,0.0,0.0,0.0,0.0,0.0
MAR01472,0.011425384505532165,0.009267006087492051,5.439827747646647e-05,0.000881239037665074,0.009183095145408061,0.027166337578259845,0.054572140055048304
MAR01475,61.36193646782756,51.757695324413085,1.0583799051980856,2.2854825422448846,51.45844793800734,176.63530203491726,220.52695654640928
MAR01484,0.0,0.0,0.0,0.0,0.0,0.0,0.0
MAR01486,241.77551210175338,450.1353258763199,-599.8413281638367,-406.00968444377014,118.94929768962686,898.1975298305056,905.3743221884239
MAR01487,-475.5767328179282,295.75172001301377,-959.793266001787,-955.5033356179247,-327.22575318711006,-129.22968278150543,-93.23000770910221
MAR01488,0.0,0.0,0.0,0.0,0.0,0.0,0.0
MAR01490,0.0,0.0,0.0,0.0,0.0,0.0,0.0
MAR01492,320.17460323097714,203.51919983921024,11.685388948046239,15.932193572233041,335.16789232282724,595.5471114093691,726.7892428293545
MAR01493,0.0,0.0,0.0,0.0,0.0,0.0,0.0
MAR01494,0.0,0.0,0.0,0.0,0.0,0.0,0.0
MAR01498,0.0,0.0,0.0,0.0,0.0,0.0,0.0
MAR01499,-2.5177637820396788,12.011291386086171,-33.85770432515387,-26.276435967827023,0.3052584554815676,12.810304707683702,13.764963530949919
MAR01500,0.0,0.0,0.0,0.0,0.0,0.0,0.0
MAR01502,0.0,0.0,0.0,0.0,0.0,0.0,0.0
MAR01503,0.0,0.0,0.0,0.0,0.0,0.0,0.0
MAR01504,0.0,0.0,0.0,0.0,0.0,0.0,0.0
MAR01505,0.0,0.0,0.0,0.0,0.0,0.0,0.0
MAR01506,41.257161018774106,27.310676642434395,0.4525566367074386,2.728086534204294,41.5783001524091,82.17309900768171,124.29000621721315
MAR01508,43.20972354535649,21.836544245834403,3.8471059966949035,17.046053720172615,39.32000135826955,94.10706931074297,121.5999599783819
MAR01509,0.0,0.0,0.0,0.0,0.0,0.0,0.0
MAR01512,0.0,0.0,0.0,0.0,0.0,0.0,0.0
MAR01514,-112.95429140837214,63.3380271189266,-313.1782925632274,-235.3512058923155,-116.67851119605427,-16.94357496034717,-13.262191198056598
MAR01526,8.124019626377953,9.081887510581891,0.008674785506990171,0.26837518617392564,3.4597401526629117,27.002343103388185,41.922811698221174
MAR01530,286.69782608785647,429.6385199521283,-527.8885910371966,-321.3560114354398,200.22010887841952,916.0930373527202,922.7815600857732
MAR01531,0.0,0.0,0.0,0.0,0.0,0.0,0.0
MAR01532,0.0,0.0,0.0,0.0,0.0,0.0,0.0
MAR01533,0.0,0.0,0.0,0.0,0.0,0.0,0.0
MAR01535,0.0,0.0,0.0,0.0,0.0,0.0,0.0
MAR01536,0.0,0.0,0.0,0.0,0.0,0.0,0.0
MAR01538,0.0,0.0,0.0,0.0,0.0,0.0,0.0
MAR01539,0.0,0.0,0.0,0.0,0.0,0.0,0.0
MAR01540,0.0,0.0,0.0,0.0,0.0,0.0,0.0
MAR01542,0.21210121089768771,0.00025187311416240827,0.21191189359700816,0.21191617902987353,0.21200367203699236,0.2125125344320026,0.21414507014586542
MAR01543,0.0,0.0,0.0,0.0,0.0,0.0,0.0
MAR01544,0.0,0.0,0.0,0.0,0.0,0.0,0.0
MAR01545,0.0,0.0,0.0,0.0,0.0,0.0,0.0
MAR01546,0.0,0.0,0.0,0.0,0.0,0.0,0.0
MAR01547,0.0,0.0,0.0,0.0,0.0,0.0,0.0
MAR01548,0.0,0.0,0.0,0.0,0.0,0.0,0.0
MAR01549,0.0,0.0,0.0,0.0,0.0,0.0,0.0
MAR01550,0.0,0.0,0.0,0.0,0.0,0.0,0.0
MAR01553,0.0,0.0,0.0,0.0,0.0,0.0,0.0
MAR01561,-6.624080316773038e-16,1.7840031118619023e-15,-4.721705836196072e-15,-4.164976306169699e-15,-1.3822675962702175e-16,2.917439662114619e-15,2.9470122742290093e-15
MAR01567,14.872713408510146,14.295414984367985,0.03850969322249232,0.6884092186659846,9.404085337558389,46.353418397713114,58.23657896840228
MAR01570,0.0,0.0,0.0,0.0,0.0,0.0,0.0
MAR01572,1.3926282206051233e-16,3.744987085003375e-16,-7.977363004145079e-16,-3.9895252839852523e-16,9.580686980526598e-18,9.32136237851826e-16,1.1063830580019438e-15
MAR01573,2.6866042442117134e-17,2.2906268637565093e-16,-4.706275506117321e-16,-3.9102489161828893e-16,1.8136777922501737e-17,3.296536655092003e-16,6.995904965427084e-16
MAR01588,401.5805819187033,295.49908299453193,-24.043954281249057,14.141250862685773,328.1230662499454,806.0140259397043,817.1467714496407
MAR01589,2.100300690571366,1.6637977913232982,0.0033067358761076516,0.1985341130053767,1.7203845600885053,5.46180318527769,8.988507585356393
MAR01590,3.137635460467371,2.782600356348397,0.015493300426955268,0.10261597497638557,2.7848470594854646,7.970549950631984,9.815532231194345
MAR01593,-5.237936151038745,3.912176086484908,-18.224618294517988,-12.31877157083375,-5.121626481551872,-0.47030711661575453,-0.2794632451748721
MAR01595,5.23793615103875,3.912176086484913,0.2794632451748713,0.47030711661575386,5.121626481551875,12.318771570833777,18.22461829451802
MAR01598,2.8276418690735543,2.147741971745464,0.03085574615214237,0.25176697909069246,2.5712074426413487,6.8609937428506145,9.740188635471172
MAR01599,2.410294281965213,2.285404678666862,0.00406246003421198,0.06654790123142108,2.303627115969741,5.719214386767158,8.484429659046956
MAR01601,21.30008328701589,12.01916071445215,5.001042193188578,5.955470966347636,18.471616195754883,45.04856439054244,52.770122898450055
MAR01602,-633.403105546317,235.14003115105942,-978.2814174032471,-976.2174994442186,-599.0191883263128,-282.9798295897637,-247.05658986363318
MAR01604,638.6410416973554,232.87611421538705,254.47310016037548,289.06597780617477,606.977747419343,976.8495099172463,978.822767227427
MAR01605,199.68565103493114,149.38104570036995,13.372503974465687,15.870223438450099,188.5703587021257,494.82365988795556,604.4875338509074
MAR01606,0.0,0.0,0.0,0.0,0.0,0.0,0.0
MAR01607,0.7489169856797413,0.000889349246870274,0.7482485174885398,0.7482636490878383,0.7485725815803401,0.7503693449630728,0.7561337334128954
MAR01608,641.2526055434769,232.4269402832954,254.77168238226915,289.63561638745404,612.9093474342101,976.9622207850081,978.9378356039695
MAR01609,37.947879515691746,42.567756397660034,0.023282986885135415,0.5297046716689849,24.289356303427887,129.87451120864873,182.48559294065836
MAR01610,7.318577497029166,6.9431817645685685,0.0035105113351215425,0.3407269649740484,5.606500900943997,22.018947885328,40.036157446771455
MAR01611,641.2526055434769,232.42694028329544,254.7716823822691,289.6356163874542,612.9093474342101,976.9622207850081,978.9378356039695
MAR01613,33.623974865437646,42.412322259749985,0.4201530182426909,1.1135132726509673,17.292399373325814,126.56795508533796,177.8899114629934
MAR01614,11.642482147283095,13.349246199821085,0.0027662210141183776,0.2634859002739468,6.428977395848854,44.100325751247055,57.50567736260401
MAR01616,0.0,0.0,0.0,0.0,0.0,0.0,0.0
MAR01619,0.9848959913430695,0.9939789145472909,0.0003780393189846893,0.04005488526374263,0.6123929581520833,3.113747453403827,5.783635990323744
MAR01620,635.7300393528742,234.66995019998583,247.89968756043805,284.4520602142088,604.4169231905214,976.8274477042534,978.8658470831958
MAR01621,-256.38403956103474,415.2507221956775,-896.5950307295939,-890.8012124299114,-115.31258950967279,375.7744920642737,575.9658341468506
MAR01624,0.984895991343068,0.99397891454729,0.00037803931898451896,0.04005488526375745,0.6123929581520768,3.1137474534038225,5.7836359903237415
MAR01625,2.326933806557699,2.266009351559697,0.02328603005022821,0.2336973219464142,1.5324968767719818,7.435517477781895,11.038143108219888
MAR01626,140.03355073409935,475.69350539323705,-462.2155605217114,-385.9925774955931,-88.67534641044136,899.6727127301606,909.0481112748674
MAR01627,4.537670199260296,4.883566713750478,0.00042370177640193305,0.05105206612972115,2.8864880095636183,16.018539597302166,19.267256394510284
MAR01629,5.522566190603406,5.344839629252284,0.0348881858244068,0.1926916534807239,4.4624071743047935,18.095313400285963,21.589826403959986
MAR01631,-0.9848959913430727,0.9939789145472937,-5.7836359903237575,-3.1137474534038274,-0.6123929581520895,-0.04005488526374945,-0.00037803931898467314
MAR01632,7.849499997161014,6.133407939741161,0.48931873602867604,0.6822925087546095,7.2370940236829355,20.208028628982785,27.416734917585778
MAR01633,0.0,0.0,0.0,0.0,0.0,0.0,0.0
MAR01638,7.849499997161031,6.133407939741171,0.4893187360286755,0.6822925087546083,7.237094023682962,20.20802862898279,27.41673491758579
MAR01642,617.5756019555155,241.97847111305543,194.5374047663596,261.35356016483,535.7878140330216,978.3782325435817,982.0508822320371
MAR01645,199.37802827727282,127.16118853856884,27.000665960650537,33.0918931016947,187.12916410365392,405.22329374493563,449.5071346973236
MAR01646,617.5756019555156,241.97847111305555,194.53740476635957,261.35356016483,535.787814033022,978.3782325435819,982.0508822320373
MAR01648,-199.37802827727276,127.16118853856882,-449.5071346973236,-405.22329374493535,-187.12916410365392,-33.09189310169471,-27.000665960650533
MAR01652,7.849499997161077,6.133407939741157,0.4893187360287768,0.6822925087547093,7.237094023682974,20.20802862898284,27.41673491758586
MAR01663,7.849499997161065,6.133407939741044,0.4893187360285531,0.6822925087543883,7.23709402368275,20.208028628981957,27.416734917585693
MAR01665,7.849499997161065,6.13340793974105,0.48931873602855275,0.6822925087543885,7.237094023682749,20.208028628981946,27.416734917585707
MAR01667,2.4705303230855117e-14,5.174774422762349e-13,-1.5070922527212442e-12,-1.2593248691231214e-12,1.0662842528896535e-13,6.71290449660976e-13,1.833886649284268e-12
MAR01668,1.6024960054961013e-14,1.9545883000608744e-14,-2.262474441656965e-14,-1.2809539809936607e-14,8.599338813561811e-15,5.344817613427945e-14,6.562786598200642e-14
MAR01669,0.4727382966084793,0.0005613832455347899,0.47231633994293143,0.4723258914507947,0.4725208986719793,0.473655068249118,0.47729371876563126
MAR01670,1.8224547123181079,2.561092908287263,0.0011410104520413922,0.01591839693982898,0.5979950016910424,7.275356667988495,9.728202564145425
MAR01671,-310.61756018544526,424.3990087195067,-952.7777440812108,-945.4508067459126,-174.00039960398146,275.3251192644583,466.64354015544524
MAR01672,5.237936151038668,3.91217608648489,0.2794632451748486,0.47030711661573144,5.121626481551847,12.318771570833706,18.22461829451796
MAR01673,15.458380728201725,10.16167241739358,0.3872204065659802,1.1971241308330967,13.624584333835223,33.400112287648454,46.20142737390561
MAR01674,1.5271950107389574,1.529485564879475,0.00038398107202101977,0.027576272234993773,0.9285507931004747,4.521553381046847,7.852665914379915
MAR01676,1.8714959886360758,2.7227815091239704,0.003578174381326253,0.05306206174155079,0.8596409216345307,9.250223323180682,11.001820402826608
MAR01678,13.58688473956565,10.103555002042983,0.23281565455567765,0.8008685047071364,11.85147398864299,32.45608358838732,44.88199709626675
MAR01679,8.941884414445799,6.976757020301976,0.3175913179483872,0.675617815732252,7.698897136018304,22.776035982435356,28.663986599926016
MAR01681,6.516496313755933,5.2576913278499005,0.012960724524966018,0.23979068157758388,5.7026171363393985,17.25578085817576,21.538266312390228
MAR01682,2.3872445432164766,2.923815576625611,0.00027026369805877465,0.056629257348808956,1.1177408643276998,9.077978315957438,14.147404472333932
MAR01684,490.13963018250513,114.30935837265773,256.77331893721214,335.05109677707134,469.79370028497203,777.9501587118082,811.0268070851633
MAR01685,306.0293750748934,218.469390788472,16.892496839898122,19.36585061453365,311.72053661063205,711.3504115390963,755.9195987222971
MAR01687,6.554639871229328,5.220755073551204,0.012544141000418802,0.39222614032335845,5.219435752314917,15.032442928754696,18.7587809031197
MAR01689,6.554639871229328,5.2207550735512065,0.012544141000410809,0.3922261403233533,5.219435752314917,15.032442928754685,18.75878090311971
MAR01691,6.554639871229329,5.2207550735512065,0.012544141000414944,0.3922261403233576,5.219435752314917,15.032442928754671,18.758780903119717
MAR01692,-292.5848177209609,455.33035200648976,-863.5041072502455,-829.3865072820244,-483.09964721639835,418.3703732823451,426.2566843415252
MAR01693,12.129408603440051,10.782866570869045,0.0058921234658174506,0.3534123476091989,8.61455037797188,32.88746391374257,49.827689973326024
MAR01694,-125.58470550575096,80.15871957635093,-290.36706181260615,-237.23333926530006,-122.11930891793662,-10.292114260537229,-8.77608928889174
MAR01695,1.965129196993295,1.9222229082072677,0.0008239880181209022,0.03564870253014608,1.3169221015865087,5.912819532013944,8.600856734803477
MAR01697,0.0,0.0,0.0,0.0,0.0,0.0,0.0
MAR01699,1.9651291969932958,1.9222229082072688,0.0008239880181209092,0.035648702530146084,1.3169221015865087,5.912819532013942,8.600856734803479
MAR01700,3.4362481519774604,4.820598689348275,0.0020533853675092344,0.0652079206977762,1.6201265450818543,12.622163865134288,27.86740894953596
MAR01706,194.6286052821588,163.15616603426352,32.89893896782759,45.1813040749825,107.82161540342682,457.9667119515763,459.57355002256514
MAR01708,2.5989067843106653e-14,6.512826666788894e-14,-5.5478034924615443e-14,-4.193736964808398e-14,5.1996098810735664e-15,1.2491106721308576e-13,2.63098618943443e-13
MAR01710,2.2262424361830482e-14,6.376441061700185e-14,-5.906091919093508e-14,-4.417681821784944e-14,3.1201140679837707e-15,1.168829301763305e-13,2.5481669767070057e-13
MAR01711,-1.0234077935144592e-15,1.1033782761009763e-14,-3.854082100018086e-14,-1.6436105989275737e-14,1.4686587359392623e-15,1.0158401163172837e-14,1.0544259808707697e-14
MAR01714,0.0,0.0,0.0,0.0,0.0,0.0,0.0
MAR01715,0.0,0.0,0.0,0.0,0.0,0.0,0.0
MAR01718,3.0899110400492256,3.136671634581501,0.006187297394784167,0.1391499909829356,1.6504034512690209,9.46810764095082,10.297066407835565
MAR01720,9.198097254855352e-15,6.652955709037373e-14,-2.8965108308942406e-13,-9.122398472593406e-14,9.87043636544142e-15,7.051600635025645e-14,1.408480133066671e-13
MAR01721,178.06792922519801,462.54023449288286,-498.5534443655252,-334.22787759046804,-3.9304175816318434,937.7452545613453,946.9233006279965
MAR01722,2.0302829075793922,2.3235631232094844,0.014346773443193364,0.05457900047441668,1.2719197371105562,6.657063344985044,11.705615323923722
MAR01723,-1.2397997213689876e-12,3.746133204655409e-12,-1.1274942611633746e-11,-9.29092056857617e-12,-1.5988956887716253e-13,2.9782897602751605e-12,4.298862922270526e-12
MAR01725,-3.1762272188498875,3.3619374524872616,-11.029089317843308,-9.949991230226434,-1.8493733438628688,-0.06323879322907563,-0.00019172339618974508
MAR01726,1.94396672877748,2.374932939568044,0.0033718475270033714,0.04639211075967978,0.8833387247004438,6.341088350997392,11.344818067330094
MAR01727,3.17622721884989,3.361937452487259,0.00019172339618937298,0.06323879322907577,1.8493733438628808,9.949991230226436,11.029089317843303
MAR01729,-1.078798033710558e-13,5.30808066612408e-13,-1.5416500355775121e-12,-1.3891992083752773e-12,-8.110083037738374e-15,6.198902668826928e-13,1.4552995586264505e-12
MAR01731,-832.2648766461771,120.68911797725337,-988.9849681562144,-982.8085513974548,-857.4306431212319,-618.148912952724,-563.4900895357987
MAR01732,3.261631122418993e-14,5.080129353389289e-13,-1.458476876933625e-12,-1.2198976379111146e-12,1.0665367536755259e-13,7.045840309157124e-13,1.7978565448314258e-12
MAR01734,8.747159980733291e-15,6.791707597473422e-14,-2.886912017201163e-13,-9.085515113906703e-14,9.754254305118034e-15,7.062642611014324e-14,1.396612753757443e-13
MAR01738,0.0,0.0,0.0,0.0,0.0,0.0,0.0
MAR01739,0.0,0.0,0.0,0.0,0.0,0.0,0.0
MAR01740,0.0,0.0,0.0,0.0,0.0,0.0,0.0
MAR01741,0.0,0.0,0.0,0.0,0.0,0.0,0.0
MAR01742,0.0,0.0,0.0,0.0,0.0,0.0,0.0
MAR01743,0.0,0.0,0.0,0.0,0.0,0.0,0.0
MAR01744,0.0,0.0,0.0,0.0,0.0,0.0,0.0
MAR01745,0.0,0.0,0.0,0.0,0.0,0.0,0.0
MAR01746,0.0,0.0,0.0,0.0,0.0,0.0,0.0
MAR01747,0.0,0.0,0.0,0.0,0.0,0.0,0.0
MAR01748,0.0,0.0,0.0,0.0,0.0,0.0,0.0
MAR01749,0.0,0.0,0.0,0.0,0.0,0.0,0.0
MAR01750,0.0,0.0,0.0,0.0,0.0,0.0,0.0
MAR01751,0.0,0.0,0.0,0.0,0.0,0.0,0.0
MAR01752,0.0,0.0,0.0,0.0,0.0,0.0,0.0
MAR01753,0.0,0.0,0.0,0.0,0.0,0.0,0.0
MAR01754,0.0,0.0,0.0,0.0,0.0,0.0,0.0
MAR01755,0.0,0.0,0.0,0.0,0.0,0.0,0.0
MAR01756,0.0,0.0,0.0,0.0,0.0,0.0,0.0
MAR01758,0.0,0.0,0.0,0.0,0.0,0.0,0.0
MAR01759,0.0,0.0,0.0,0.0,0.0,0.0,0.0
MAR01763,0.0,0.0,0.0,0.0,0.0,0.0,0.0
MAR01766,46.37345197245775,74.03851711640273,0.45800249044562047,1.1973562833025633,20.273794070032295,149.9808250727154,353.42026337485726
MAR01767,2.6115638461179898,3.3626417676405636,0.00038538410792677256,0.15443450767894917,0.8802286266550465,9.580387823967081,11.90533780669472
MAR01768,2.611563846118008,3.362641767640588,0.0003853841078982122,0.15443450767894953,0.8802286266550181,9.580387823967332,11.905337806694744
MAR01769,43.76188812633826,72.98881660779229,0.1744764841964697,0.9128078270230066,19.18583894869802,146.2242527433576,350.12318865108546
MAR01770,2.611563846117975,3.3626417676405724,0.00038538410790008937,0.15443450767895092,0.8802286266549945,9.580387823967078,11.90533780669475
MAR01771,43.76188812633826,72.98881660779224,0.17447648419645886,0.9128078270229978,19.185838948698176,146.22425274335734,350.1231886510854
MAR01774,120.07906924327693,77.09416521622326,8.1507990326609,9.590640247811976,118.68612281633607,229.1881833770037,280.3885280428511
MAR01775,0.0,0.0,0.0,0.0,0.0,0.0,0.0
MAR01779,2.326933806557698,2.2660093515596884,0.023286030050236148,0.23369732194645293,1.532496876772004,7.435517477781853,11.038143108219812
MAR01780,72.49434885652772,186.8193656411816,-533.1282932243524,-394.40253713571997,67.84471748628347,314.5040821592873,390.9475843641574
MAR01786,46.37345197245741,74.0385171164029,0.4580024904457557,1.1973562833026103,20.27379407003294,149.98082507271576,353.4202633748573
MAR01795,5.000044436840432,5.915543851927305,0.010177182055240654,0.12289193728406653,1.9431108275015705,15.3941995846275,27.181613343381215
MAR01797,46.37345197245773,74.03851711640273,0.45800249044561797,1.1973562833025613,20.273794070032295,149.98082507271545,353.42026337485726
MAR01799,-84.40692071737405,250.91522587040657,-634.1966490457705,-450.70768078439266,-74.56681196829393,492.05962956969927,550.785151485325
MAR01802,-833.0887565812515,183.35142894839234,-993.9256383293975,-992.1280210894504,-889.1338177907024,-417.3712349483258,-364.87849310161425
MAR01803,0.0,0.0,0.0,0.0,0.0,0.0,0.0
MAR01804,0.0,0.0,0.0,0.0,0.0,0.0,0.0
MAR01805,2.300326795531268,2.3553193186528447,0.0022281697107162427,0.021874961683974733,1.4661306995033137,6.949709832733177,10.941094656080589
MAR01806,835.3890833767841,182.38169938963483,367.49520322332444,420.67607569585687,893.520006965007,992.2380240485011,993.9414696108237
MAR01807,-51.63303017725546,66.24309242457477,-247.02286861232335,-220.81705910130137,-19.046839923690584,-1.7745906425980484,-0.38793113431847814
MAR01809,0.0,0.0,0.0,0.0,0.0,0.0,0.0
MAR01810,0.0,0.0,0.0,0.0,0.0,0.0,0.0
MAR01811,0.0,0.0,0.0,0.0,0.0,0.0,0.0
MAR01813,0.0,0.0,0.0,0.0,0.0,0.0,0.0
MAR01814,-827.7667089382268,173.93971723695302,-983.8918951841873,-980.2889923392868,-890.7410351859812,-574.543710160111,-164.23133956728645
MAR01820,-484.0553803037578,278.7519384445321,-880.3114892133749,-845.9970707194509,-583.4855016423556,-73.63139913434851,-65.69095449663655
MAR01824,0.0,0.0,0.0,0.0,0.0,0.0,0.0
MAR01827,0.2861310742630238,0.0003397845959812228,0.2858756794391433,0.28588146061495445,0.2859994913014574,0.2866859623613014,0.28888830346340355
MAR01832,1.278657539564326,1.1180820505398623,0.0332420575043345,0.054167667960509515,0.7086576494192858,2.963495175426973,3.1098016459351827
MAR01833,0.0,0.0,0.0,0.0,0.0,0.0,0.0
MAR01834,543.8035440626994,240.7086889770887,192.25558948549588,235.03247785188918,466.494009089838,919.8347857438248,930.4802975598819
MAR01835,-1.3151394153413224e-12,3.69544885428575e-12,-1.1270737896805984e-11,-9.133512441060688e-12,-3.3122499366643116e-13,3.4423145729198277e-12,4.769716523266384e-12
MAR01838,3.186601593008988,3.902870263595478,0.00017180250114449914,0.09303210293445548,1.7721036844353346,9.917042944786935,27.111294767838633
MAR01839,13.931065746500405,13.565937958926211,0.005558022358445515,0.25159780022962625,8.766824369387423,38.04120953798425,51.93248262963346
MAR01840,0.0,0.0,0.0,0.0,0.0,0.0,0.0
MAR01841,9.133323422682189e-18,3.43937471194039e-16,-9.669802814100068e-16,-7.058249607987273e-16,5.357694259216182e-18,3.9150531721514403e-16,1.3393272991377181e-15
MAR01842,0.0,0.0,0.0,0.0,0.0,0.0,0.0
MAR01843,0.0,0.0,0.0,0.0,0.0,0.0,0.0
MAR01844,-2.7570680383356806e-16,3.817325490993366e-16,-9.440392862884773e-16,-9.339098853265453e-16,-1.660786570175432e-16,2.28887529323088e-16,4.453778519783809e-16
MAR01846,-2.7570680383356806e-16,3.817325490993366e-16,-9.440392862884773e-16,-9.339098853265453e-16,-1.6607865701754315e-16,2.2888752932308803e-16,4.453778519783809e-16
MAR01848,1.8224547123181027,2.561092908287263,0.0011410104520452624,0.015918396939842257,0.5979950016910321,7.275356667988517,9.72820256414544
MAR01849,0.0,0.0,0.0,0.0,0.0,0.0,0.0
MAR01850,1.8224547123181167,2.5610929082872733,0.0011410104520459688,0.01591839693984269,0.5979950016910356,7.275356667988547,9.728202564145466
MAR01852,309.7905686588314,346.41396393188825,-163.70779353350292,-82.28182576617677,135.69911611207507,859.0774126253225,869.5214345322463
MAR01854,3.176227218849891,3.3619374524872643,0.00019172339618922442,0.0632387932290752,1.8493733438628714,9.94999123022645,11.02908931784331
MAR01855,106.0025392701959,154.17091947678935,3.3391698056325563,8.624802980531795,50.171872264980365,541.2294057889304,570.6246955725209
MAR01859,-309.79056865883115,346.41396393188734,-869.5214345322424,-859.0774126253261,-135.6991161120796,82.28182576617279,163.707793533499
MAR01862,0.7506585109295263,0.9711323601975596,0.0009111745563885075,0.004109832732672791,0.38181394312467515,3.209353199967312,3.9067321410739093
MAR01863,19.518825513919683,20.53689373954035,0.023069921019573624,0.5526938127583032,10.448095968597862,64.40687630648863,73.57882018291453
MAR01864,10.727453316407049,10.943756716992446,0.007722842641922859,0.13753104612200404,7.4294353139351,33.396636978186095,40.28026641689792
MAR01865,15.297199062066284,17.327957348252628,0.011016356409346142,0.3270235662479925,8.275830513770575,51.1937723596907,87.26610636778723
MAR01866,25.882712921589818,21.52388930479611,0.6892538729815545,1.3255350308743312,23.428132548977388,68.71551617819513,81.06271341639108
MAR01867,190.08380988810677,130.65943596710733,35.78030542696313,39.6477722213064,151.65898718789134,455.55476354560767,558.1191088917028
MAR01869,0.0,0.0,0.0,0.0,0.0,0.0,0.0
MAR01871,686.8610764598968,166.91820346873848,462.0672761121887,499.0038636002917,602.4008749803536,947.8625994996743,950.0583238302555
MAR01876,-451.95814326748,272.3784893096907,-901.4179752826764,-825.1798264600347,-560.358386505776,-80.52794797611202,-71.1622650625294
MAR01877,560.0411344342671,280.83587198628544,32.135560313669544,156.22310041664232,537.6040231683752,956.7652937343721,967.539792824114
MAR01878,41.31541585224592,34.7861344796458,0.04770313316099237,1.1657712461181906,32.324912575427135,101.2594522500256,121.18434975088113
MAR01879,-199.76219500350658,441.81468903060045,-916.9901304752095,-908.6459750511245,12.813148060781486,316.3801941591677,528.5144112366504
MAR01882,-58.28830804934948,51.411214656978814,-253.717608204582,-161.97101413280475,-48.82988799211242,-2.8486042236290525,19.435787003385485
MAR01884,674.6756299031083,214.81402776680815,256.5870442972106,282.1832781163478,682.3103160660719,936.061609813121,943.3788292506762
MAR01886,-513.3691400677845,300.17782581333995,-913.080723118745,-885.3982305440693,-656.5796295239168,-82.42354830188344,-75.90109653526497
MAR01888,512.425260312497,299.1337242576273,75.90522821751631,82.58746550718377,651.2313238923182,873.3495223546465,923.120695228404
MAR01889,-210.96835608169914,418.26342675958455,-906.8166294536743,-902.3772736655014,41.309264923489934,145.3883216149628,178.1755205114855
MAR01891,320.5769441091026,442.25076718056835,-504.80354649474793,-475.9222951672442,270.19665108587174,912.5419105064602,923.9874342614389
MAR01894,173.87948208191796,455.9558830037701,-536.1431618772253,-352.85526765070443,-50.870510428609805,907.334483889248,914.778802847116
MAR01901,293.5194234783437,194.9120315713749,14.567147920860634,19.310686269666498,278.6947253195107,612.5129769084296,723.2084346211577
MAR01903,389.08310728955587,366.429026829122,-369.1052464226689,-98.44262230557038,262.5901010300082,967.4290490301172,972.2442266587419
MAR01905,510.74391345464625,281.8913889062597,115.59524507095591,190.71760775208247,370.1432397932307,967.0375388074619,969.699952114891
MAR01906,160.85136175044806,262.8849265767572,-446.46169841965013,-397.6799963949066,124.73463055653122,552.1162904186468,684.7263094596224
MAR01907,-581.8227641797491,309.6215631293737,-980.3664488234743,-976.1400730540881,-635.7062660143451,-11.989131390020502,87.9755599416651
MAR01909,562.5767358006053,361.863112092584,-360.8244084758426,-249.7424833442823,569.9734810222686,981.6027422447071,987.4383670683598
MAR01915,-624.7039446635189,227.3008679827066,-976.6325714083503,-973.6104883166067,-575.0292031680095,-333.0937680266382,-251.5345330172711
MAR01916,0.0,0.0,0.0,0.0,0.0,0.0,0.0
MAR01917,4.086637789208001e-32,1.549462399503914e-31,-2.345326516023883e-31,-1.98786043545827e-31,-3.8862216009805194e-33,3.558158402781287e-31,4.076265907087445e-31
MAR01921,0.0,0.0,0.0,0.0,0.0,0.0,0.0
MAR01923,0.0,0.0,0.0,0.0,0.0,0.0,0.0
MAR01924,302.92041465668296,202.39317479586535,20.29159069493258,24.833825679093497,289.37332274604455,610.2118564569392,725.1070745673572
MAR01925,302.92041465668296,202.39317479586535,20.29159069493258,24.833825679093497,289.37332274604455,610.2118564569392,725.1070745673572
MAR01926,302.92041465668296,202.39317479586535,20.29159069493258,24.833825679093497,289.37332274604455,610.2118564569392,725.1070745673572
MAR01938,0.0,0.0,0.0,0.0,0.0,0.0,0.0
MAR01939,-0.004656744427215861,5.529948348063708e-06,-0.004701617958723708,-0.004665775156002955,-0.004654602932627714,-0.0046526819984061595,-0.004652587910553335
MAR01957,-517.223226422038,294.11396957600147,-930.7030391817937,-921.8298870703488,-471.01337316606543,-95.52432194144876,27.76801693009054
MAR01964,198.0980267257369,104.98145307728464,57.956400560439306,100.37612335930356,173.68152329980956,484.94590585490977,500.3803075363821
MAR01965,-198.0980267257369,104.98145307728464,-500.3803075363821,-484.94590585490977,-173.68152329980956,-100.37612335930359,-57.956400560439306
MAR01972,0.0,0.0,0.0,0.0,0.0,0.0,0.0
MAR01973,4.743278494991719e-16,7.920278531098825e-16,-3.563500960267044e-16,-3.446494283967837e-16,1.2341028839350455e-16,2.4344759350618925e-15,2.9799513093027424e-15
MAR01974,0.0,0.0,0.0,0.0,0.0,0.0,0.0
MAR01978,0.0,0.0,0.0,0.0,0.0,0.0,0.0
MAR01996,54.08602743147413,46.87436244803676,0.014063994620275213,2.008772249325361,46.501522331132435,141.12706975241665,229.86482254887002
MAR01997,0.0,0.0,0.0,0.0,0.0,0.0,0.0
MAR01998,305.1229300003273,480.57934401425194,-588.1886594533087,-530.982258888829,351.414167813038,957.3853461145744,965.1712018934734
MAR02002,0.0,0.0,0.0,0.0,0.0,0.0,0.0
MAR02003,221.94508533610153,276.02236453149686,-372.9728003500091,-327.61383230548364,153.56398024901492,604.7244322381533,716.8063258739768
MAR02004,221.94508533610252,276.0223645314965,-372.97280035000983,-327.6138323054823,153.56398024901475,604.7244322381532,716.8063258739791
MAR02014,-4.743278494991719e-16,7.920278531098825e-16,-2.9799513093027424e-15,-2.4344759350618925e-15,-1.2341028839350455e-16,3.446494283967837e-16,3.563500960267044e-16
MAR02015,-2.3588444762382995e-16,5.2979319601445155e-16,-1.912795476920637e-15,-1.3088225128972433e-15,-4.805858365782437e-18,3.2604601762260887e-16,4.8865551731748e-16
MAR02016,-4.743278494991719e-16,7.920278531098826e-16,-2.979951309302743e-15,-2.4344759350618925e-15,-1.2341028839350455e-16,3.446494283967837e-16,3.5635009602670444e-16
MAR02017,-1.1980283192590768e-15,1.60685025281055e-15,-6.4829572683432805e-15,-3.72483649605715e-15,-5.752814227539678e-16,1.919834720235003e-16,4.67631614724679e-16
MAR02018,0.0,0.0,0.0,0.0,0.0,0.0,0.0
MAR02019,5.466659366821205e-16,9.758085328648873e-16,-1.2005234849508366e-15,-3.7271993007442857e-16,5.498178059154068e-17,2.418090202385667e-15,2.6988604065363533e-15
MAR02036,-184.1484116848519,487.8215656259822,-915.4255502688081,-905.6941647257462,-35.54279774471863,647.9571517139722,709.6318783633741
MAR02039,184.1484116848518,487.8215656259811,-709.6318783633745,-647.9571517139719,35.542797744712914,905.6941647257438,915.4255502688064
MAR02041,-255.41337816236336,239.3000649674774,-799.6174974544751,-732.2525980935675,-178.94234220987425,-28.223902621845586,77.61555220808532
MAR02042,0.0,0.0,0.0,0.0,0.0,0.0,0.0
MAR02043,0.0,0.0,0.0,0.0,0.0,0.0,0.0
MAR02044,0.0,0.0,0.0,0.0,0.0,0.0,0.0
MAR02045,0.0,0.0,0.0,0.0,0.0,0.0,0.0
MAR02046,7.2713585526175475,8.387828449870177,0.0020714151222500344,0.20092495988002548,4.305881833286511,25.730731682408553,40.272541071352066
MAR02047,0.0,0.0,0.0,0.0,0.0,0.0,0.0
MAR02048,0.0,0.0,0.0,0.0,0.0,0.0,0.0
MAR02049,0.0,0.0,0.0,0.0,0.0,0.0,0.0
MAR02051,0.0,0.0,0.0,0.0,0.0,0.0,0.0
MAR02052,0.0,0.0,0.0,0.0,0.0,0.0,0.0
MAR02053,0.0,0.0,0.0,0.0,0.0,0.0,0.0
MAR02054,0.0,0.0,0.0,0.0,0.0,0.0,0.0
MAR02055,0.0,0.0,0.0,0.0,0.0,0.0,0.0
MAR02057,0.0,0.0,0.0,0.0,0.0,0.0,0.0
MAR02058,0.0,0.0,0.0,0.0,0.0,0.0,0.0
MAR02059,0.0,0.0,0.0,0.0,0.0,0.0,0.0
MAR02060,0.0,0.0,0.0,0.0,0.0,0.0,0.0
MAR02061,0.0,0.0,0.0,0.0,0.0,0.0,0.0
MAR02063,0.0,0.0,0.0,0.0,0.0,0.0,0.0
MAR02064,0.0,0.0,0.0,0.0,0.0,0.0,0.0
MAR02065,0.0,0.0,0.0,0.0,0.0,0.0,0.0
MAR02066,0.0,0.0,0.0,0.0,0.0,0.0,0.0
MAR02067,0.0,0.0,0.0,0.0,0.0,0.0,0.0
MAR02068,0.0,0.0,0.0,0.0,0.0,0.0,0.0
MAR02069,0.0,0.0,0.0,0.0,0.0,0.0,0.0
MAR02070,0.0,0.0,0.0,0.0,0.0,0.0,0.0
MAR02071,0.0,0.0,0.0,0.0,0.0,0.0,0.0
MAR02072,0.0,0.0,0.0,0.0,0.0,0.0,0.0
MAR02073,0.0,0.0,0.0,0.0,0.0,0.0,0.0
MAR02074,0.0,0.0,0.0,0.0,0.0,0.0,0.0
MAR02075,0.0,0.0,0.0,0.0,0.0,0.0,0.0
MAR02076,0.0,0.0,0.0,0.0,0.0,0.0,0.0
MAR02078,0.0,0.0,0.0,0.0,0.0,0.0,0.0
MAR02079,0.0,0.0,0.0,0.0,0.0,0.0,0.0
MAR02080,0.0,0.0,0.0,0.0,0.0,0.0,0.0
MAR02081,0.0,0.0,0.0,0.0,0.0,0.0,0.0
MAR02082,0.0,0.0,0.0,0.0,0.0,0.0,0.0
MAR02083,0.0,0.0,0.0,0.0,0.0,0.0,0.0
MAR02084,0.0,0.0,0.0,0.0,0.0,0.0,0.0
MAR02085,0.0,0.0,0.0,0.0,0.0,0.0,0.0
MAR02086,0.0,0.0,0.0,0.0,0.0,0.0,0.0
MAR02087,-309.84860955305504,122.29901632451123,-492.7736250702044,-490.728878385162,-279.53689673475367,-121.41503706760487,-104.95074736225159
MAR02088,-309.84860955305504,122.29901632451119,-492.77362507020433,-490.7288783851619,-279.5368967347535,-121.41503706760484,-104.95074736225162
MAR02089,309.84860955305504,122.29901632451119,104.95074736225162,121.41503706760484,279.5368967347535,490.7288783851619,492.77362507020433
MAR02090,309.84860955305504,122.29901632451119,104.95074736225162,121.41503706760484,279.5368967347535,490.7288783851619,492.77362507020433
MAR02091,0.0,0.0,0.0,0.0,0.0,0.0,0.0
MAR02092,0.0,0.0,0.0,0.0,0.0,0.0,0.0
MAR02093,0.0,0.0,0.0,0.0,0.0,0.0,0.0
MAR02094,0.0,0.0,0.0,0.0,0.0,0.0,0.0
MAR02095,0.0,0.0,0.0,0.0,0.0,0.0,0.0
MAR02096,0.0,0.0,0.0,0.0,0.0,0.0,0.0
MAR02097,0.0,0.0,0.0,0.0,0.0,0.0,0.0
MAR02098,0.0,0.0,0.0,0.0,0.0,0.0,0.0
MAR02099,0.0,0.0,0.0,0.0,0.0,0.0,0.0
MAR02100,0.0,0.0,0.0,0.0,0.0,0.0,0.0
MAR02101,0.0,0.0,0.0,0.0,0.0,0.0,0.0
MAR02102,0.0,0.0,0.0,0.0,0.0,0.0,0.0
MAR02103,0.0,0.0,0.0,0.0,0.0,0.0,0.0
MAR02104,0.0,0.0,0.0,0.0,0.0,0.0,0.0
MAR02105,0.0,0.0,0.0,0.0,0.0,0.0,0.0
MAR02106,0.0,0.0,0.0,0.0,0.0,0.0,0.0
MAR02107,0.0,0.0,0.0,0.0,0.0,0.0,0.0
MAR02108,0.0,0.0,0.0,0.0,0.0,0.0,0.0
MAR02109,0.0,0.0,0.0,0.0,0.0,0.0,0.0
MAR02110,0.0,0.0,0.0,0.0,0.0,0.0,0.0
MAR02111,0.0,0.0,0.0,0.0,0.0,0.0,0.0
MAR02112,0.0,0.0,0.0,0.0,0.0,0.0,0.0
MAR02113,0.0,0.0,0.0,0.0,0.0,0.0,0.0
MAR02117,0.0,0.0,0.0,0.0,0.0,0.0,0.0
MAR02126,2.719725809414158,2.4799971555427587,0.06090516219724379,0.199233358048957,1.8878569453869818,7.955390866384862,8.998822695066961
MAR02127,0.002321623308745452,2.7569596904701504e-06,0.002319551074622169,0.002319597982189548,0.00232055566493451,0.002326125585008054,0.0023439950402873657
MAR02128,17.945919780254343,21.133413587373248,0.00988242678579263,0.14319035498747643,8.081358565561501,65.90289878084614,83.38528725880101
MAR02129,0.0023216233087454525,2.7569596904702156e-06,0.0023195510746221695,0.0023195979821895485,0.0023205556649345104,0.0023261255850080547,0.002343995040287366
MAR02130,-0.002321623308745452,2.7569596904702216e-06,-0.002343995040287366,-0.0023261255850080542,-0.002320555664934511,-0.0023195979821895485,-0.0023195510746221695
MAR02131,0.002321623308745452,2.756959690470021e-06,0.0023195510746221695,0.0023195979821895485,0.0023205556649345104,0.002326125585008054,0.002343995040287366
MAR02132,0.002321623308745452,2.756959690470226e-06,0.0023195510746221695,0.0023195979821895485,0.0023205556649345113,0.0023261255850080547,0.002343995040287366
MAR02133,0.002321623308745452,2.7569596904701797e-06,0.0023195510746221695,0.0023195979821895485,0.0023205556649345104,0.0023261255850080547,0.0023439950402873657
MAR02134,0.0023216233087454525,2.7569596904702347e-06,0.0023195510746221695,0.0023195979821895485,0.0023205556649345104,0.0023261255850080547,0.002343995040287366
MAR02135,0.0023216233087454516,2.756959690470193e-06,0.0023195510746221687,0.0023195979821895476,0.00232055566493451,0.002326125585008055,0.0023439950402873652
MAR02136,0.002321623308745452,2.756959690470227e-06,0.0023195510746221695,0.0023195979821895485,0.0023205556649345104,0.0023261255850080542,0.002343995040287366
MAR02137,0.002321623308745452,2.75695969047017e-06,0.0023195510746221695,0.0023195979821895485,0.0023205556649345104,0.0023261255850080547,0.002343995040287366
MAR02139,0.002321623308745452,2.756959690470019e-06,0.0023195510746221695,0.0023195979821895485,0.00232055566493451,0.002326125585008054,0.002343995040287366
MAR02141,0.002321623308745452,2.7569596904701513e-06,0.002319551074622169,0.002319597982189548,0.0023205556649345104,0.002326125585008054,0.0023439950402873657
MAR02142,0.002321623308745452,2.7569596904701466e-06,0.002319551074622169,0.002319597982189548,0.0023205556649345104,0.0023261255850080547,0.0023439950402873657
MAR02143,0.002321623308745452,2.7569596904701513e-06,0.002319551074622169,0.002319597982189548,0.0023205556649345104,0.002326125585008054,0.0023439950402873657
MAR02144,0.002321623308745452,2.7569596904701885e-06,0.0023195510746221687,0.0023195979821895476,0.00232055566493451,0.0023261255850080547,0.0023439950402873652
MAR02145,0.002321623308745452,2.7569596904701445e-06,0.002319551074622169,0.002319597982189548,0.0023205556649345104,0.002326125585008054,0.0023439950402873657
MAR02150,68.44343700302517,30.434289911745374,23.463694848804383,23.778571001187597,80.98562851077264,112.76403174909862,116.17269492432986
MAR02151,487.5551658078373,219.10447902316656,163.35786990878813,165.67518669452767,571.7980921904846,795.229566421759,821.7136263737452
MAR02152,68.44343700302511,30.43428991174536,23.463694848804387,23.778571001187593,80.98562851077259,112.76403174909879,116.17269492432987
MAR02153,68.44343700302511,30.43428991174536,23.463694848804387,23.778571001187593,80.98562851077259,112.76403174909878,116.17269492432986
MAR02154,68.4434370030251,30.434289911745353,23.4636948488044,23.778571001187608,80.98562851077259,112.76403174909876,116.17269492432987
MAR02155,68.44343700302511,30.434289911745363,23.46369484880439,23.778571001187597,80.98562851077259,112.76403174909876,116.17269492432987
MAR02156,68.44343700302508,30.434289911745356,23.463694848804394,23.7785710011876,80.98562851077259,112.76403174909876,116.17269492432985
MAR02157,68.4434370030251,30.43428991174536,23.463694848804387,23.778571001187593,80.98562851077257,112.76403174909878,116.17269492432986
MAR02158,68.4434370030251,30.434289911745356,23.463694848804398,23.778571001187604,80.98562851077259,112.76403174909876,116.17269492432987
MAR02159,68.44343700302511,30.43428991174536,23.46369484880439,23.778571001187597,80.98562851077259,112.76403174909876,116.17269492432986
MAR02160,68.44343700302508,30.434289911745356,23.463694848804394,23.7785710011876,80.98562851077259,112.76403174909876,116.17269492432985
MAR02161,68.44343700302511,30.43428991174536,23.463694848804387,23.778571001187593,80.98562851077259,112.76403174909878,116.17269492432986
MAR02162,68.4434370030251,30.434289911745356,23.4636948488044,23.778571001187608,80.98562851077259,112.76403174909876,116.17269492432987
MAR02163,68.44343700302511,30.434289911745356,23.46369484880439,23.778571001187597,80.98562851077259,112.76403174909876,116.17269492432986
MAR02164,68.44343700302508,30.434289911745353,23.463694848804394,23.7785710011876,80.98562851077259,112.76403174909876,116.17269492432985
MAR02165,68.44343700302511,30.43428991174536,23.463694848804387,23.778571001187593,80.98562851077259,112.76403174909878,116.17269492432986
MAR02166,68.44343700302485,30.43428991174512,23.463694848804405,23.778571001187576,80.98562851077149,112.764031749099,116.17269492432966
MAR02167,68.44343700302485,30.434289911745115,23.463694848804405,23.778571001187576,80.98562851077148,112.76403174909898,116.17269492432966
MAR02168,68.44343700302483,30.434289911745104,23.4636948488044,23.778571001187572,80.9856285107715,112.76403174909898,116.17269492432966
MAR02169,68.44343700302483,30.434289911745118,23.463694848804405,23.778571001187576,80.98562851077148,112.76403174909915,116.17269492432972
MAR02170,68.44343700302483,30.43428991174511,23.46369484880441,23.77857100118758,80.98562851077149,112.764031749099,116.17269492432966
MAR02171,68.44343700302483,30.434289911745104,23.4636948488044,23.778571001187572,80.98562851077148,112.76403174909899,116.17269492432966
MAR02172,0.9569627248864429,0.9312408820185681,0.004293438634723997,0.11710392137091297,0.5015169844056313,3.3160649092471512,3.5041564409806125
MAR02173,67.48647427813837,30.25128687843924,22.983229690318943,23.299780081916474,79.44505603151417,112.51740615941702,115.97529301032037
MAR02174,67.48647427813837,30.251286878439256,22.983229690318947,23.299780081916477,79.4450560315141,112.51740615941699,115.97529301032034
MAR02175,67.48647427813839,30.251286878439256,22.983229690318947,23.29978008191648,79.44505603151413,112.51740615941702,115.97529301032037
MAR02176,67.48647427813833,30.25128687843923,22.98322969031894,23.29978008191647,79.44505603151396,112.51740615941694,115.97529301032034
MAR02177,9.274610977913808,8.27231737400464,0.01045828459783616,0.459913666716313,8.283493734536648,25.603655768057344,36.534530552511356
MAR02178,58.21186330022485,26.243789587228328,21.709615100306063,22.471201771884918,60.733679784864684,102.99384476348011,105.89793478461188
MAR02179,58.21186330022487,26.243789587228363,21.709615100306063,22.471201771884918,60.73367978486475,102.99384476348027,105.89793478461206
MAR02180,58.211863300224884,26.243789587228363,21.709615100306063,22.47120177188492,60.733679784864776,102.99384476348027,105.89793478461206
MAR02181,58.21186330022489,26.2437895872284,21.709615100306067,22.47120177188491,60.73367978486488,102.99384476348027,105.89793478461209
MAR02182,44.29481679724311,19.596191087495804,21.2385871054938,21.61964194451306,43.73730784558096,90.29051524751053,93.30160586098997
MAR02186,-686.861076459894,166.91820346873772,-950.0583238302511,-947.8625994996719,-602.4008749803452,-499.00386360029137,-462.06727611218923
MAR02194,35.8773040034649,30.04313840668676,0.010203880396499446,2.726685561907027,30.337629046656666,97.14575167615216,135.61725955557625
MAR02198,-198.0980267257369,104.98145307728464,-500.3803075363821,-484.94590585490977,-173.68152329980956,-100.37612335930366,-57.95640056043932
MAR02200,0.0,0.0,0.0,0.0,0.0,0.0,0.0
MAR02201,0.08598873795829334,0.06673771806043888,0.0005412135051453317,0.019425245841409464,0.061628286319602245,0.19802892532361666,0.21443322844593682
MAR02202,0.0859887379583612,0.06673771806041129,0.0005412135053962563,0.01942524584166064,0.06162828631984937,0.1980289253236574,0.2144332284459462
MAR02203,0.08598873795836125,0.06673771806041127,0.0005412135053964273,0.019425245841660804,0.06162828631984938,0.19802892532365735,0.2144332284459462
MAR02204,0.08598873795836154,0.06673771806041116,0.0005412135053965812,0.019425245841661148,0.061628286319850234,0.19802892532365715,0.21443322844594628
MAR02206,-282.70759937161284,196.17530964131464,-667.8724224871154,-570.1282393758996,-300.24114945198005,11.56221552355529,16.38520172066712
MAR02220,-397.7037658277746,239.223372669626,-806.0618896471873,-703.3239210171183,-451.42083146405855,-67.59359646493166,-59.94236567101541
MAR02222,0.0,0.0,0.0,0.0,0.0,0.0,0.0
MAR02223,-3.1948818154228437e-32,1.2113501365179463e-31,-3.1867732089625095e-31,-2.7817233050260338e-31,3.0381989704261085e-33,1.5540841847094603e-31,1.8335466522287276e-31
MAR02225,-372.7789991359133,209.36547661144874,-826.2192581167249,-739.7580866236997,-397.1821886382031,-73.6798930336934,-66.20523540960893
MAR02227,0.8651209601542974,0.83133613762962,0.04476675812415823,0.062244326719481366,0.6442443402189817,2.5582800166222417,4.28660996891757
MAR02228,0.8651209601542997,0.8313361376296208,0.044766758124158736,0.06224432671948152,0.6442443402189832,2.5582800166222484,4.286609968917572
MAR02229,0.8651209601542998,0.8313361376296207,0.04476675812415879,0.062244326719481505,0.6442443402189831,2.5582800166222484,4.286609968917571
MAR02230,0.865120960154296,0.8313361376296188,0.044766758124158375,0.06224432671948138,0.6442443402189824,2.558280016622236,4.286609968917562
MAR02231,0.8651209601542957,0.8313361376296184,0.044766758124158375,0.06224432671948138,0.6442443402189824,2.558280016622234,4.286609968917561
MAR02232,0.8651209601542954,0.8313361376296194,0.04476675812415831,0.06224432671948127,0.644244340218981,2.5582800166222404,4.286609968917565
MAR02233,0.8651209601542958,0.8313361376296197,0.04476675812415837,0.062244326719481255,0.6442443402189812,2.5582800166222412,4.286609968917565
MAR02234,0.8651209601542938,0.8313361376296184,0.04476675812415838,0.06224432671948126,0.6442443402189807,2.558280016622235,4.28660996891756
MAR02235,0.8651209601542936,0.8313361376296187,0.04476675812415837,0.06224432671948125,0.6442443402189808,2.5582800166222355,4.286609968917561
MAR02236,0.8651209601542955,0.8313361376296194,0.044766758124158326,0.06224432671948127,0.644244340218981,2.5582800166222412,4.286609968917565
MAR02237,0.865120960154296,0.8313361376296197,0.04476675812415837,0.062244326719481255,0.6442443402189812,2.558280016622242,4.286609968917565
MAR02238,0.865120960154294,0.8313361376296188,0.044766758124158354,0.06224432671948126,0.6442443402189807,2.558280016622235,4.286609968917562
MAR02239,0.8651209601542937,0.8313361376296188,0.04476675812415834,0.062244326719481234,0.6442443402189808,2.5582800166222364,4.286609968917562
MAR02240,0.8651209601542955,0.8313361376296194,0.04476675812415831,0.06224432671948127,0.644244340218981,2.5582800166222412,4.286609968917565
MAR02241,0.8651209601542957,0.8313361376296196,0.04476675812415837,0.062244326719481255,0.6442443402189812,2.5582800166222412,4.286609968917564
MAR02242,0.8651209601542937,0.8313361376296184,0.044766758124158354,0.06224432671948126,0.6442443402189807,2.558280016622235,4.28660996891756
MAR02243,0.8651209601542937,0.8313361376296188,0.04476675812415834,0.06224432671948125,0.6442443402189808,2.5582800166222355,4.286609968917562
MAR02244,0.8651209601542955,0.8313361376296194,0.04476675812415831,0.06224432671948127,0.644244340218981,2.5582800166222412,4.286609968917565
MAR02245,0.8651209601542962,0.8313361376296196,0.04476675812415842,0.062244326719481255,0.6442443402189812,2.5582800166222412,4.286609968917564
MAR02246,0.8651209601542945,0.8313361376296188,0.044766758124158396,0.06224432671948125,0.6442443402189807,2.558280016622235,4.28660996891756
MAR02247,0.8651209601542946,0.8313361376296191,0.04476675812415842,0.062244326719481234,0.6442443402189806,2.5582800166222364,4.286609968917562
MAR02248,0.11281118041059722,0.06728675059916735,0.021756411113344833,0.023489398744894512,0.12240171766936433,0.21365840416696996,0.23607907344981285
MAR02249,0.752309779743671,0.803091446042444,0.021523464717157034,0.03721217909245265,0.5236370174457317,2.380685117999008,4.175195204040139
MAR02250,0.7523097797436712,0.8030914460424436,0.021523464717157076,0.03721217909245261,0.5236370174457318,2.3806851179990054,4.175195204040139
MAR02251,0.7523097797436707,0.8030914460424432,0.021523464717156993,0.03721217909245255,0.523637017445731,2.3806851179990023,4.175195204040137
MAR02252,0.7523097797436701,0.8030914460424434,0.021523464717156895,0.03721217909245255,0.5236370174457305,2.3806851179990045,4.175195204040137
MAR02253,0.10762764889317115,0.07172646132672941,0.016644675861604393,0.021416576931659877,0.11043444372624998,0.2086933053235636,0.22786307662674826
MAR02254,0.6446821308505164,0.7689574941824489,1.0714776916481869e-05,0.013178249723372122,0.4263775718370888,2.1965172099787367,4.036046814578149
MAR02255,0.6446821308505168,0.768957494182449,1.0714776916551081e-05,0.013178249723372185,0.4263775718370886,2.1965172099787362,4.03604681457815
MAR02256,0.6446821308505166,0.7689574941824484,1.0714776916502008e-05,0.013178249723372138,0.42637757183708896,2.1965172099787345,4.036046814578147
MAR02257,0.6446821308505157,0.7689574941824482,1.0714776916338578e-05,0.01317824972337198,0.4263775718370888,2.1965172099787327,4.036046814578146
MAR02258,0.6446821308506716,0.7689574941825453,1.071477692498531e-05,0.01317824972338039,0.42637757183708225,2.196517209979172,4.036046814578495
MAR02263,3.872313388288543,5.118333681937689,0.15254921444014483,0.17310631991390354,1.6554954090689593,13.829644226671954,28.098504809451317
MAR02264,3.872313388288544,5.118333681937688,0.15254921444014488,0.17310631991390357,1.655495409068965,13.829644226671952,28.09850480945131
MAR02265,3.872313388288545,5.118333681937689,0.15254921444014488,0.1731063199139036,1.6554954090689646,13.829644226671956,28.098504809451313
MAR02266,3.8723133882885454,5.118333681937689,0.15254921444014494,0.1731063199139037,1.655495409068965,13.829644226671958,28.098504809451317
MAR02272,1.1689057174670843e-30,1.4790162125537808e-30,-3.4202656776846256e-31,-1.7267743369385637e-31,6.881229858471822e-31,4.354472095248739e-30,4.3702097464686615e-30
MAR02275,1.8224547123181218,2.5610929082872733,0.0011410104520472844,0.015918396939848346,0.5979950016910379,7.275356667988544,9.72820256414546
MAR02278,0.0,0.0,0.0,0.0,0.0,0.0,0.0
MAR02281,0.35787229786314445,0.5112461191850589,0.00021260006044114725,0.003828567104430913,0.1814656579168869,1.9989445659624607,2.225407841583348
MAR02282,1.3594013553925905,1.4812330072225124,0.00295021805538399,0.06010685179706731,0.924719433530776,4.779012670003823,7.261297906885006
MAR02283,1.9651291969932971,1.9222229082072702,0.0008239880181210757,0.03564870253014775,1.316922101586509,5.912819532013971,8.600856734803486
MAR02284,1.789732906314463,2.483329623095528,7.205700641715499e-06,0.015023716799172119,0.7718178253891681,8.176245511748661,11.92625502132374
MAR02286,0.62571702923659,0.5836961732049627,0.002454921077753582,0.03809637839499044,0.41832503781075747,1.7533941013637582,2.4894396855281267
MAR02287,61.530767807934986,82.89563381766628,0.0025952882226276935,0.2202757108289582,6.340974289872296,198.1483676356305,198.60405820960466
MAR02288,0.04354536540056828,0.04156151728677856,0.00015135391873401425,0.0037842104053971157,0.03542188429526283,0.1088113779595456,0.16839494061488217
MAR02289,0.06295220615007181,0.04967067672144647,0.004983097103630819,0.008237771489168523,0.05524770446883161,0.14243878501319573,0.19778785006882518
MAR02292,6.593816061172649,4.530527024507178,0.020510344485008755,0.7345497888080436,5.370319143540841,16.533631299158717,19.167713981104146
MAR02293,8.993548357599408,5.060289850403003,1.419460505442968,1.6221001785826816,10.983943917498125,15.895767848819505,18.565166253723365
MAR02294,3.136930995770923,3.199248777806728,0.00199426833618684,0.03825214979382218,2.148653626868196,10.578913160891013,11.665310730816984
MAR02295,40.18449563845591,31.737569353732585,0.35458045330452975,3.9219048079477496,31.406284108836665,107.11162413499697,143.62816785500684
MAR02296,12.066663279103125,24.11180891234289,0.33118614964996546,0.7318957739719602,2.9001322967661984,82.5986296598472,83.62447937576822
MAR02299,-6.2541527174171996e-15,1.15338892260856e-14,-3.568629200570901e-14,-2.953645196889322e-14,-1.805223344102417e-15,8.306037460871925e-15,2.099798028425974e-14
MAR02303,123.53669789826678,487.29044363197113,-577.2523450922849,-495.9520118604194,-98.67391312810895,900.5456662007684,905.5833056564875
MAR02310,0.0,0.0,0.0,0.0,0.0,0.0,0.0
MAR02312,0.0,0.0,0.0,0.0,0.0,0.0,0.0
MAR02314,0.0,0.0,0.0,0.0,0.0,0.0,0.0
MAR02316,0.0,0.0,0.0,0.0,0.0,0.0,0.0
MAR02322,13.917046502981853,14.131503845073283,0.0074554858017369455,0.6546925876640691,7.13349969306659,39.90223120987593,51.745776843327434
MAR02323,13.917046502985382,14.131503845071961,0.007455485807177753,0.6546925876642047,7.133499693078757,39.90223120987641,51.74577684332806
MAR02324,0.0183399778720017,0.021621921320474396,0.00024230245585218777,0.0010506563528667897,0.009467804887150702,0.07484717876063292,0.09059416511999795
MAR02325,13.917046502981854,14.131503845073299,0.007455485801147705,0.6546925876640723,7.133499693066783,39.902231209875914,51.745776843327405
MAR02326,0.018339977872000167,0.021621921320473945,0.00024230245584706147,0.0010506563528664488,0.009467804887148542,0.07484717876062819,0.09059416511999217
MAR02327,13.917046502984714,14.13150384507226,0.0074554858011182425,0.654692587664258,7.1334996930768195,39.902231209876014,51.74577684332789
MAR02328,0.01833997787200017,0.021621921320473955,0.0002423024558470554,0.0010506563528664473,0.009467804887148542,0.07484717876062823,0.09059416511999221
MAR02329,13.917046502981853,14.1315038450733,0.00745548580115309,0.6546925876640725,7.133499693066778,39.90223120987593,51.74577684332738
MAR02330,0.018339977871999653,0.021621921320473452,0.0002423024558463335,0.0010506563528665171,0.009467804887148368,0.074847178760626,0.09059416511998908
MAR02331,-2.556708589301258,3.8970707121176407,-14.855466070602397,-12.501676138366157,-0.7980076333059267,-0.04387281933201201,-0.012275940988833252
MAR02332,0.04550821750173076,0.0321271620741294,0.004483421284176015,0.006248715332736627,0.03766904513236296,0.10293591753505836,0.1197606488766673
MAR02333,0.0,0.0,0.0,0.0,0.0,0.0,0.0
MAR02334,0.045508217501732076,0.032127162074130314,0.004483421284176123,0.006248715332736592,0.03766904513236641,0.10293591753506137,0.11976064887666918
MAR02335,0.0,0.0,0.0,0.0,0.0,0.0,0.0
MAR02336,0.045508217501732076,0.032127162074130314,0.004483421284176123,0.006248715332736591,0.03766904513236641,0.1029359175350614,0.11976064887666918
MAR02337,-325.9173229169699,208.86624517077132,-736.3834834334928,-629.3046702957124,-322.4234781181458,-21.79391531077171,-16.805910916952016
MAR02338,0.04550821750173199,0.03212716207413043,0.004483421284175693,0.006248715332736152,0.03766904513236578,0.1029359175350616,0.11976064887666923
MAR02339,325.9173229169679,208.86624517077016,16.805910916951888,21.79391531077162,322.423478118144,629.3046702957095,736.3834834334933
MAR02340,-243.63887191314058,408.44507546148714,-858.7438273748687,-845.1876329620053,-120.71750945720856,265.6900320918725,350.7583540588347
MAR02342,3.8400434989555396,4.013089604149842,0.09168784301140781,0.17703161510651408,2.4367624997383333,12.3609676139047,15.413859830627855
MAR02343,3.8400434989555405,4.013089604149842,0.09168784301140773,0.17703161510651386,2.436762499738334,12.360967613904704,15.413859830627851
MAR02344,3.8400434989555414,4.013089604149843,0.09168784301140775,0.17703161510651386,2.436762499738334,12.360967613904709,15.413859830627855
MAR02345,3.8400434989555468,4.013089604149851,0.09168784301140842,0.17703161510651422,2.4367624997383333,12.360967613904743,15.413859830627821
MAR02347,1.296130423929884,0.8830511661229491,0.09102922063436676,0.15093839242547644,1.126950209992988,2.848895953969951,3.8231801745794614
MAR02348,1.2961304239298834,0.8830511661229486,0.0910292206343667,0.15093839242547658,1.1269502099929878,2.8488959539699468,3.823180174579458
MAR02349,1.2961304239298836,0.8830511661229486,0.0910292206343667,0.15093839242547658,1.1269502099929882,2.8488959539699468,3.823180174579458
MAR02350,1.2961304239298843,0.8830511661229489,0.09102922063436679,0.1509383924254767,1.1269502099929882,2.8488959539699485,3.8231801745794596
MAR02351,983.5163644727036,15.653109178229169,934.580132598006,948.8976624314664,988.2582228154688,999.4744551678705,999.9805722399692
MAR02353,0.5394992077785762,0.5652649298862819,0.0005212065175218812,0.060844991102996106,0.2886112329581563,1.9259561398735068,2.2973963821862715
MAR02354,0.5394992077785762,0.5652649298862825,0.0005212065175220417,0.06084499110299594,0.28861123295815655,1.9259561398735092,2.297396382186272
MAR02355,0.5394992077785761,0.5652649298862825,0.0005212065175220452,0.060844991102995946,0.28861123295815655,1.925956139873509,2.297396382186272
MAR02356,0.5394992077785769,0.5652649298862823,0.0005212065175220478,0.06084499110299605,0.2886112329581564,1.9259561398735086,2.2973963821862724
MAR02357,4.527019225779513,0.005375897750806674,4.52297849975775,4.5230699665596825,4.5249373875928125,4.535798380916821,4.5706426932142525
MAR02359,10.16074738483712,9.333409705873253,0.04793127311896506,0.43229950347879337,6.8885596402661236,27.54861832678809,50.198268228644146
MAR02361,1.0432236783056432,0.8486552494092707,0.006082102921413203,0.054102694031970384,0.932691089393788,2.742011197194862,3.3290087001176376
MAR02362,1.0432236783056454,0.8486552494092745,0.006082102921413254,0.05410269403197056,0.9326910893937996,2.7420111971948655,3.329008700117632
MAR02363,1.0432236783056452,0.8486552494092742,0.006082102921413288,0.054102694031970586,0.932691089393799,2.742011197194865,3.329008700117631
MAR02364,1.0432236783056446,0.8486552494092744,0.006082102921413092,0.054102694031970364,0.9326910893937976,2.7420111971948664,3.329008700117633
MAR02365,0.7958553939723823,0.688583858423574,0.008862910709879835,0.05916005227569623,0.606248479824949,2.0373453375496515,3.2123491976529412
MAR02368,4.342326413443818,3.362125942520967,0.0165012431154964,0.26508994730995294,3.560588591497858,10.441655834715345,14.258792975544612
MAR02371,80.8859364132567,32.44068521106347,31.16031222188898,36.95150026855131,83.95122185481297,140.0407294000829,159.93529797582588
MAR02374,80.88593641325663,32.440685211063425,31.16031222188898,36.9515002685513,83.95122185481293,140.04072940008282,159.9352979758258
MAR02376,80.88593641325664,32.440685211063446,31.160312221888965,36.951500268551285,83.95122185481293,140.04072940008285,159.93529797582582
MAR02377,222.6747122400619,459.8127901763762,-600.7970814750308,-436.52868946883734,111.64490982602346,894.6922716853502,900.9937456434642
MAR02378,80.88593641325652,32.44068521106338,31.160312221888965,36.9515002685513,83.9512218548128,140.04072940008268,159.93529797582565
MAR02379,-333.3241530753576,395.25264040915687,-921.2858389170466,-915.5239148629406,-205.86277935532976,255.6813793953969,379.58483025728475
MAR02380,13.713600244617057,12.312870752197124,0.11773414309121738,0.6155956226516416,10.210042741048598,37.09940080522874,45.07094489219555
MAR02381,4.440132855240077,3.806260231736637,0.014780565649140527,0.20279484373788823,3.590748293087702,12.407586960180332,16.214316166513683
MAR02383,38.02951516199819,23.41938371685956,12.595941704343547,15.036614178336709,24.90576476624325,76.84678866965952,77.77631689902317
MAR02387,38.02951516199821,23.419383716859578,12.595941704343286,15.036614178336652,24.9057647662434,76.84678866965952,77.77631689902317
MAR02389,38.029515161998205,23.419383716859553,12.595941704343529,15.036614178336734,24.90576476624328,76.84678866965952,77.77631689902317
MAR02391,38.029515161997885,23.419383716858913,12.595941704344767,15.0366141783366,24.905764766243472,76.84678866965784,77.77631689902152
MAR02395,0.22932974425474925,0.14098120954530757,0.030148274685670245,0.03746726627380696,0.24685078287893403,0.42998501163890934,0.5040695434603686
MAR02396,351.2137635659692,410.1914621293176,-450.7376430121587,-242.13590977450073,246.86578774938647,959.7301273295466,967.5614585397526
MAR02397,0.2293297442547486,0.14098120954530718,0.030148274685670114,0.03746726627380693,0.24685078287893283,0.42998501163891023,0.5040695434603667
MAR02398,-32.70332784120232,53.816004871100105,-220.8292800631299,-151.81250962629002,-5.239149996051822,1.5425767481530896,19.893260120647597
MAR02399,0.1555329434567855,0.09527851962619692,0.024768357083322312,0.031048157428295295,0.17014279268599003,0.2921231275949272,0.34476246931998217
MAR02400,-348.6020025964136,412.67838588686817,-966.9465648049555,-959.1907714844926,-238.04723605777903,249.39352248824287,453.4703936748686
MAR02401,0.15553294345678326,0.0952785196262028,0.02476835708332185,0.031048157428294813,0.17014279268594912,0.29212312759492337,0.3447624693199497
MAR02403,0.08108743829678536,0.041194679130150104,0.01767000325872955,0.021742136561504147,0.08871071529845673,0.13650603759517418,0.15765372468599756
MAR02406,1.065917432861779,184.20453557647622,-299.24587470511096,-205.50000545448708,-27.136313200949004,511.85634783921097,540.7321704297435
MAR02407,0.0,0.0,0.0,0.0,0.0,0.0,0.0
MAR02408,0.0,0.0,0.0,0.0,0.0,0.0,0.0
MAR02409,0.0,0.0,0.0,0.0,0.0,0.0,0.0
MAR02410,0.0,0.0,0.0,0.0,0.0,0.0,0.0
MAR02412,0.0,0.0,0.0,0.0,0.0,0.0,0.0
MAR02413,-303.6481382380526,431.3059193559163,-958.8102991736554,-952.5124591758903,-158.6000134588743,287.7471246543319,459.1198633101209
MAR02414,565.8539408967188,255.68046879180136,174.70627620610708,222.45900431021738,471.02586300618,974.2496077370931,977.6366104744577
MAR02416,-32.82585237113372,240.58717863261703,-634.7852556340945,-548.9082973866783,-30.465630296437745,366.941012755308,485.7615666722405
MAR02418,320.54351273259795,421.40324678749136,-548.1958155930151,-292.3542849861207,213.98767020505102,927.8644498589434,933.5591355776297
MAR02420,193.69199975653822,115.6712230808473,33.9956420585755,36.67008384669758,191.14907652551992,382.24118900061956,468.61947418073623
MAR02422,-566.9198583295799,269.3825885844651,-977.8730389259624,-971.6701096045183,-495.986816010526,-208.14811849013776,-53.04613895865947
MAR02423,1.5031319808144676,1.547974387597185,0.0901817373265263,0.15565844614268104,0.8520755322008037,4.9759800377327785,6.622454671811727
MAR02426,1.5031319808144676,1.5479743875971852,0.09018173732652626,0.1556584461426811,0.8520755322008028,4.975980037732778,6.622454671811729
MAR02427,-282.4008781079543,470.03022801054203,-971.6843371468025,-963.2546630466849,-181.4367623758162,519.5551712406836,582.7497856947912
MAR02428,1.503131980814468,1.5479743875971854,0.09018173732652633,0.1556584461426811,0.8520755322008025,4.975980037732778,6.622454671811729
MAR02430,1.5031319808144683,1.547974387597184,0.09018173732652672,0.15565844614268126,0.8520755322008029,4.975980037732776,6.622454671811722
MAR02431,279.84416951865165,470.7420232708054,-582.8274881762889,-520.3730284070181,175.72486043856276,963.1365365734929,971.5794774972445
MAR02432,1.8191983913386943e-31,1.7195284957948532e-31,-2.506906575399475e-31,7.544777631130509e-33,1.3016963990734086e-31,4.531442361420576e-31,1.0669045184473941e-30
MAR02433,0.6145634270564161,0.6541108186576712,0.00016955721511210158,0.01851666370861083,0.39422790078152137,2.143944097412024,3.3417080379812445
MAR02434,0.6145634270564159,0.6541108186576711,0.00016955721511119516,0.0185166637086105,0.3942279007815226,2.1439440974120236,3.3417080379812445
MAR02435,0.614563427056416,0.6541108186576711,0.00016955721511119505,0.018516663708610593,0.39422790078152226,2.143944097412023,3.3417080379812454
MAR02436,0.614563427056416,0.6541108186576708,0.00016955721511141024,0.01851666370861053,0.3942279007815219,2.143944097412023,3.3417080379812445
MAR02439,0.0,0.0,0.0,0.0,0.0,0.0,0.0
MAR02441,0.0,0.0,0.0,0.0,0.0,0.0,0.0
MAR02443,0.0,0.0,0.0,0.0,0.0,0.0,0.0
MAR02445,0.0,0.0,0.0,0.0,0.0,0.0,0.0
MAR02446,0.0,0.0,0.0,0.0,0.0,0.0,0.0
MAR02447,0.0,0.0,0.0,0.0,0.0,0.0,0.0
MAR02449,0.0,0.0,0.0,0.0,0.0,0.0,0.0
MAR02450,0.0,0.0,0.0,0.0,0.0,0.0,0.0
MAR02452,0.0,0.0,0.0,0.0,0.0,0.0,0.0
MAR02454,0.0,0.0,0.0,0.0,0.0,0.0,0.0
MAR02455,6.057934445564135,6.736702842048553,0.025536563065820212,0.18345896410810866,2.5018827302316224,19.507050837002662,25.259645204270715
MAR02456,0.0,0.0,0.0,0.0,0.0,0.0,0.0
MAR02457,121.6154578945593,165.54631816726115,0.09181968080620917,4.607751061618233,33.515040264010125,551.7287938021907,637.3639096599676
MAR02458,0.0,0.0,0.0,0.0,0.0,0.0,0.0
MAR02459,0.0,0.0,0.0,0.0,0.0,0.0,0.0
MAR02460,0.0,0.0,0.0,0.0,0.0,0.0,0.0
MAR02463,0.0,0.0,0.0,0.0,0.0,0.0,0.0
MAR02464,0.0,0.0,0.0,0.0,0.0,0.0,0.0
MAR02465,0.0,0.0,0.0,0.0,0.0,0.0,0.0
MAR02466,0.0,0.0,0.0,0.0,0.0,0.0,0.0
MAR02467,0.0,0.0,0.0,0.0,0.0,0.0,0.0
MAR02468,0.0,0.0,0.0,0.0,0.0,0.0,0.0
MAR02469,0.0,0.0,0.0,0.0,0.0,0.0,0.0
MAR02470,0.0,0.0,0.0,0.0,0.0,0.0,0.0
MAR02471,2.5567085893011625,3.8970707121175647,0.01227594098882204,0.04387281933200528,0.7980076333059204,12.501676138365882,14.855466070602128
MAR02472,0.6224916269548227,0.49381675521083657,0.027689352283395783,0.0308662033586326,0.48875077938628253,1.620824482315276,1.9264626680858563
MAR02477,-2.529980876037505e-16,3.573921796886715e-16,-1.1302059442297716e-15,-1.1223258423847458e-15,-1.0836976136060595e-16,4.091611895480197e-17,3.1576922114615913e-16
MAR02479,0.0,0.0,0.0,0.0,0.0,0.0,0.0
MAR02481,-2.5299808760375046e-16,3.5739217968867144e-16,-1.1302059442297714e-15,-1.1223258423847456e-15,-1.0836976136060595e-16,4.091611895480196e-17,3.1576922114615903e-16
MAR02484,0.56718038255285,0.5519844563753532,0.0005324376310555123,0.01768779823298575,0.3492355578529526,1.566535645413664,1.9833203508382844
MAR02499,0.17981508777181165,0.09379629448044918,0.043345305860585784,0.04815439170753839,0.22459025533036536,0.3018862216189834,0.34482380899080456
MAR02501,0.17981508777181165,0.09379629448044921,0.04334530586058578,0.04815439170753838,0.22459025533036542,0.3018862216189834,0.34482380899080456
MAR02503,0.17981508777181132,0.09379629448044602,0.043345305860585936,0.048154391707538304,0.22459025533036023,0.3018862216189833,0.34482380899080467
MAR02505,0.096083460316763,0.051007692911445246,0.019262178421996668,0.02265726399859417,0.10945732889843027,0.15922672232599017,0.17483187961450591
MAR02509,0.0,0.0,0.0,0.0,0.0,0.0,0.0
MAR02510,0.0,0.0,0.0,0.0,0.0,0.0,0.0
MAR02511,0.0,0.0,0.0,0.0,0.0,0.0,0.0
MAR02512,0.0,0.0,0.0,0.0,0.0,0.0,0.0
MAR02514,0.0,0.0,0.0,0.0,0.0,0.0,0.0
MAR02515,0.6989378653766184,1.1202766853552422,0.00014904958254387908,0.004499845258438658,0.20916188602859473,3.380695210866175,4.102419320023542
MAR02516,0.698937865376619,1.1202766853552428,0.00014904958254381646,0.004499845258438747,0.20916188602859498,3.380695210866177,4.102419320023544
MAR02518,0.698937865376619,1.1202766853552428,0.00014904958254384422,0.004499845258438747,0.209161886028595,3.380695210866177,4.102419320023544
MAR02520,0.6989378653765679,1.1202766853552328,0.00014904958254426633,0.004499845258438527,0.20916188602850389,3.3806952108660653,4.102419320023437
MAR02526,0.0737968007979626,0.04632106512072511,0.0053799176023477824,0.006501762230787802,0.0779095389861155,0.1413553914780237,0.16346926296537767
MAR02527,0.0,0.0,0.0,0.0,0.0,0.0,0.0
MAR02528,0.07379680079796264,0.04632106512072534,0.005379917602347764,0.00650176223078776,0.07790953898611465,0.1413553914780236,0.16346926296537873
MAR02544,0.0,0.0,0.0,0.0,0.0,0.0,0.0
MAR02545,0.0,0.0,0.0,0.0,0.0,0.0,0.0
MAR02546,0.0,0.0,0.0,0.0,0.0,0.0,0.0
MAR02547,0.0,0.0,0.0,0.0,0.0,0.0,0.0
MAR02548,0.0,0.0,0.0,0.0,0.0,0.0,0.0
MAR02549,0.0,0.0,0.0,0.0,0.0,0.0,0.0
MAR02550,0.0,0.0,0.0,0.0,0.0,0.0,0.0
MAR02551,0.0,0.0,0.0,0.0,0.0,0.0,0.0
MAR02553,0.0,0.0,0.0,0.0,0.0,0.0,0.0
MAR02554,0.0,0.0,0.0,0.0,0.0,0.0,0.0
MAR02555,0.0,0.0,0.0,0.0,0.0,0.0,0.0
MAR02561,0.0,0.0,0.0,0.0,0.0,0.0,0.0
MAR02562,0.0,0.0,0.0,0.0,0.0,0.0,0.0
MAR02563,0.0,0.0,0.0,0.0,0.0,0.0,0.0
MAR02564,0.0,0.0,0.0,0.0,0.0,0.0,0.0
MAR02569,0.0,0.0,0.0,0.0,0.0,0.0,0.0
MAR02570,0.0,0.0,0.0,0.0,0.0,0.0,0.0
MAR02571,0.0,0.0,0.0,0.0,0.0,0.0,0.0
MAR02572,0.0,0.0,0.0,0.0,0.0,0.0,0.0
MAR02573,0.0,0.0,0.0,0.0,0.0,0.0,0.0
MAR02574,0.0,0.0,0.0,0.0,0.0,0.0,0.0
MAR02575,0.0,0.0,0.0,0.0,0.0,0.0,0.0
MAR02576,0.0,0.0,0.0,0.0,0.0,0.0,0.0
MAR02577,0.0,0.0,0.0,0.0,0.0,0.0,0.0
MAR02578,0.0,0.0,0.0,0.0,0.0,0.0,0.0
MAR02579,0.0,0.0,0.0,0.0,0.0,0.0,0.0
MAR02580,0.0,0.0,0.0,0.0,0.0,0.0,0.0
MAR02591,573.765185679119,270.9961644610326,175.3006618344416,213.70236616893752,474.67046571654237,978.2401677081174,983.7334213257603
MAR02593,-567.3228011490139,241.35172296180488,-923.0048968636183,-917.8284596459517,-524.9660644836387,-268.59789643290964,-219.3984978984966
MAR02594,-73.76468736997427,512.7023923830982,-892.0580797104387,-889.0483413278874,135.68148610293085,487.2119263116624,668.961180747256
MAR02596,355.7389694741788,232.15977971917275,23.292416844254905,28.04024095922487,393.49306720009383,755.528826030101,786.1393944558281
MAR02598,45.84161244452936,467.24332055634653,-648.604617080638,-551.0848232980833,-128.70210492774495,776.0491565069906,786.207374879856
MAR02599,620.4374426189556,223.09020042757928,278.4523478350943,285.4157395246653,714.842873676816,899.0218175852292,920.1288997188549
MAR02600,0.0,0.0,0.0,0.0,0.0,0.0,0.0
MAR02601,0.0,0.0,0.0,0.0,0.0,0.0,0.0
MAR02602,-1.8200499102651182,1.465720904803746,-6.085985086864658,-4.510455124460155,-1.28399854458743,-0.39639433320221434,-0.10470085558966122
MAR02603,60.2393403498479,45.46023482719732,-11.932948732850576,2.4112039500075784,52.31344915986819,147.2917030677903,193.18448083988577
MAR02604,-60.23934034984838,45.46023482719763,-193.1844808398854,-147.29170306779054,-52.313449159868725,-2.4112039500075806,11.93294873285031
MAR02608,1.7056251506162954,3.28352613527198,-6.626460086530202,-3.666232398314197,1.4655333990354174,7.523386212205712,12.467362188793395
MAR02609,1.7056251506161448,3.283526135271422,-6.626460086527855,-3.6662323983119025,1.4655333990353905,7.523386212202734,12.467362188792594
MAR02610,-1.7056251506161348,3.283526135271424,-12.467362188792588,-7.523386212202701,-1.4655333990353687,3.666232398311932,6.6264600865278735
MAR02611,3.203537583792031,3.3379865167723244,0.09052418935113389,0.17862438001935346,1.8299776915769066,9.473979102118854,13.026845187854939
MAR02612,-830.9702465220213,174.12282136165294,-984.1262986002738,-980.5002305787158,-896.0685872448845,-579.2384212545472,-164.75503893473172
MAR02613,-3.2035375837920257,3.337986516772319,-13.02684518785493,-9.473979102118912,-1.8299776915769006,-0.17862438001935346,-0.09052418935113055
MAR02614,1.8264137202794875,1.6669750049600236,-0.07989698297241257,0.07144744205989104,1.3603006727812472,5.353660208549409,8.749779649739523
MAR02616,-1.82641372027948,1.6669750049600225,-8.749779649739532,-5.353660208549376,-1.3603006727812232,-0.07144744205989113,0.0798969829724149
MAR02618,-1.8264137202793695,1.6669750049600187,-8.749779649739509,-5.353660208549243,-1.3603006727809293,-0.07144744205988961,0.07989698297242592
MAR02620,2.905216421204422,3.1549043164556956,0.02588781658664928,0.059575376326659865,1.9005671966271804,10.840331813298794,14.415387589623053
MAR02621,-2.90521642120442,3.1549043164556956,-14.41538758962305,-10.840331813298793,-1.9005671966271835,-0.05957537632665995,-0.025887816586649452
MAR02622,-2.905216421204408,3.1549043164557644,-14.415387589623315,-10.840331813299047,-1.9005671966274482,-0.059575376326659824,-0.025887816586582846
MAR02624,-310.61756018544554,424.39900871950704,-952.7777440812109,-945.4508067459127,-174.0003996039815,275.3251192644584,466.64354015544535
MAR02626,9.82484096058778,8.535919471045151,-5.616976203727897,-2.0130358301881426,9.33733747364417,26.145296970697174,42.466421457771354
MAR02629,727.1068093118139,147.59714934916775,384.3945281493827,552.141255392927,708.4733712542829,933.4717634978459,945.545489149778
MAR02630,-9.824840960587686,8.53591947104518,-42.46642145777161,-26.145296970697213,-9.337337473644029,2.013035830188257,5.616976203728082
MAR02633,61.87939568994597,82.65711366131832,-0.12881552879312783,0.32102789347849775,6.881475099191815,198.12723218941417,198.58529164606023
MAR02634,158.12071067718733,261.7242345770228,-449.04696283556365,-405.194172040571,122.00566474202668,546.4971904051931,680.4596465208467
MAR02635,-10.208586532498417,26.619686869982885,-121.55571141079733,-48.610719219537515,-1.1753281502342592,-0.04656587565090807,-0.0008751790614262328
MAR02636,-335.0149681032946,394.8568194013201,-921.2320056664287,-914.2787600563382,-209.45241842720867,256.04640272573977,380.27942395575343
MAR02638,29.260330543718265,193.21423755297792,-298.2007905544707,-182.94353176584073,-47.096891239952335,490.4968587778482,537.3288673510964
MAR02640,335.01496810329417,394.8568194013208,-380.27942395575667,-256.0464027257412,209.45241842720634,914.2787600563396,921.2320056664321
MAR02642,-0.9119549728104912,0.8850940512734492,-4.8308191225643915,-2.689969531134091,-0.7158409164593365,-0.03428681711235905,0.0316124768194064
MAR02646,0.911954972810225,0.8850940512733071,-0.03161247681962083,0.03428681711224497,0.7158409164592684,2.6899695311337286,4.830819122564257
MAR02648,0.0,0.0,0.0,0.0,0.0,0.0,0.0
MAR02649,0.0,0.0,0.0,0.0,0.0,0.0,0.0
MAR02650,0.0,0.0,0.0,0.0,0.0,0.0,0.0
MAR02651,0.0,0.0,0.0,0.0,0.0,0.0,0.0
MAR02652,0.0,0.0,0.0,0.0,0.0,0.0,0.0
MAR02653,0.0,0.0,0.0,0.0,0.0,0.0,0.0
MAR02654,84.4707364396989,49.719212168907184,15.758391823482253,17.418504163784043,82.0811674158171,163.534326713532,207.7019964947302
MAR02655,-77.2243795903543,157.83088967320998,-548.5960707270235,-531.7568418239554,-15.904833079448736,2.646216231274623,32.65581352451608
MAR02656,39.70910491582194,24.13241055817335,6.979658147932557,10.694772389249637,36.35768650521925,79.81782060125457,92.96858820098305
MAR02657,15.131675910650818,10.447865615486092,0.9006190312210098,2.3386763285140133,15.138092166032298,33.635007041534756,35.321354944034894
MAR02658,-230.32904772610357,457.45907978690707,-906.7383295088451,-898.9014091708226,-114.16677146359169,424.9680201255768,610.8792755549086
MAR02659,-0.43717369646686877,0.5463212596087945,-2.6996241715137366,-1.8420096204360432,-0.22905940051569446,-0.016848570586093105,-0.00279722207402372
MAR02660,1.9026030161938239,4.5588333913532235,-7.261549123928758,-4.429087972175608,0.36976495824761324,11.773838289876707,15.658910278088314
MAR02661,1.9026030161936691,4.558833391353288,-7.261549123929508,-4.429087972176084,0.3697649582469913,11.773838289876506,15.658910278089062
MAR02662,-1.9026030161935819,4.5588333913533265,-15.658910278089413,-11.77383828987633,-0.36976495824663846,4.42908797217614,7.2615491239294965
MAR02663,219.83862366683445,460.6891107322829,-602.1117065541541,-436.8757609039616,106.89322991831403,893.8579068012374,900.1619505720589
MAR02664,219.83862366683584,460.6891107322833,-602.1117065541578,-436.8757609039656,106.89322991831344,893.8579068012388,900.1619505720627
MAR02665,-219.83862366683658,460.6891107322816,-900.1619505720632,-893.8579068012413,-106.89322991831273,436.8757609039551,602.111706554146
MAR02666,37.40727932241071,31.797746571484556,-4.145246832993401,2.969943733121736,29.924185759900542,105.11531922942095,142.39045698896777
MAR02667,254.65049158662399,276.66740523268845,-315.1310508144557,-283.3068115166414,194.52150550583275,626.1786875438399,730.1981148046737
MAR02668,-0.49756649965068095,0.4594885390414495,-2.7210713963386,-1.3238631699949885,-0.36407850474189657,-0.019484375497772974,-0.0011903512976028975
MAR02669,10.181916733153006,23.714244403852405,0.003072118867625721,0.05634121047700434,0.5779139703268534,79.32118451840304,79.61500890102072
MAR02670,-10.181916733153006,23.714244403852405,-79.61500890102072,-79.32118451840304,-0.5779139703268534,-0.056341210477004924,-0.0030721188676252767
MAR02671,-10.181916733153006,23.714244403852405,-79.61500890102072,-79.32118451840304,-0.5779139703268534,-0.056341210477004924,-0.0030721188676252767
MAR02672,24.1847634122244,16.132973774029956,0.697358785751888,1.6000953412412797,23.65302591740272,50.00016380101125,84.77592815191619
MAR02673,-234.2470675510998,456.32936987777697,-905.2286179340864,-898.099540054509,-112.12328098244035,426.87060407051456,614.867810744402
MAR02674,-7.528444550656012,7.536643292697749,-33.06144817777079,-23.227423251286204,-5.415948026749833,-0.12056582120485296,-0.030120366860305482
MAR02675,3.3267109307067297,5.080898839868065,-1.7805928576949994,-0.1974659457995063,0.9079095265153367,13.086156551427187,27.739402424224178
MAR02676,3.326710930706654,5.080898839868034,-1.7805928576947008,-0.19746594579961146,0.9079095265153966,13.086156551426958,27.739402424223936
MAR02677,-3.3267109307065885,5.080898839867997,-27.73940242422396,-13.086156551426576,-0.9079095265153828,0.1974659457997143,1.7805928576951264
MAR02679,-63.40177895863606,534.953157278688,-849.1819754917237,-836.934269486026,31.19209618942938,648.3213075429915,798.6315807774087
MAR02681,4.746975424483624,4.762966937604982,0.06489899169005954,0.18511633644362122,2.7375165740258165,14.562979371279202,16.761764650004622
MAR02682,-4.746975424482985,4.762966937605718,-16.761764650004693,-14.56297937128311,-2.7375165740273815,-0.1851163364395123,-0.06489899168866486
MAR02683,-4.746975424481235,4.762966937605247,-16.76176465000208,-14.562979371277617,-2.737516574021811,-0.18511633644610614,-0.06489899169025648
MAR02684,0.6233950904352117,0.8202132788343257,-0.6947573549080475,-0.39326063200442496,0.36571202784414725,1.9136883355822512,3.757230095938316
MAR02685,-0.6233950904352106,0.8202132788343253,-3.7572300959383145,-1.9136883355822507,-0.3657120278441459,0.393260632004413,0.6947573549080479
MAR02686,-0.6233950904352112,0.8202132788343252,-3.757230095938314,-1.9136883355822492,-0.36571202784414814,0.3932606320044254,0.6947573549080457
MAR02687,0.9903019126299424,0.7956817646322344,0.01311677646227834,0.05360476948263895,0.7832944235191848,2.6819433622542794,3.1437444936800345
MAR02688,-0.9903019126299423,0.7956817646322344,-3.1437444936800345,-2.681943362254281,-0.7832944235191848,-0.05360476948263901,-0.013116776462278362
MAR02689,-0.9903019126299425,0.7956817646322346,-3.1437444936800403,-2.6819433622542803,-0.7832944235191847,-0.05360476948263895,-0.013116776462278306
MAR02690,0.4829132653715995,0.44082684140160244,0.00037662047328025926,0.009019532534378236,0.3760399551745677,1.4070249210025338,2.105292319241671
MAR02691,0.48291326537159945,0.4408268414016024,0.0003766204732802451,0.00901953253437824,0.37603995517456756,1.4070249210025336,2.105292319241671
MAR02692,-0.48291326537159956,0.4408268414016025,-2.1052923192416713,-1.4070249210025338,-0.3760399551745677,-0.009019532534378252,-0.00037662047328038416
MAR02693,0.8367554085268207,0.7848676408829756,0.01927255906842457,0.03935140863242295,0.5838428708324299,2.338561432917774,3.4314080409386545
MAR02695,0.8367554085268207,0.7848676408829756,0.019272559068424434,0.03935140863242295,0.5838428708324299,2.338561432917774,3.431408040938655
MAR02697,-0.836755408526821,0.7848676408829758,-3.431408040938656,-2.338561432917775,-0.5838428708324304,-0.039351408632423,-0.019272559068425045
MAR02699,-4.790174086471981,5.639995169691738,-28.959055072606578,-15.407055280555412,-2.7523048114623467,-0.20249100864673278,-0.07981709000318385
MAR02700,-4.7901740864739795,5.639995169691996,-28.95905507260977,-15.407055280557609,-2.752304811466331,-0.2024910086452679,-0.07981709000199544
MAR02701,4.79017408647193,5.639995169691671,0.07981709000318575,0.20249100864677802,2.7523048114622553,15.407055280554989,28.959055072606628
MAR02702,-0.8864427516606489,0.9601851722660776,-6.512638164524005,-2.860665744323729,-0.6002780312221949,-0.008561304156198527,-0.0001644724764971856
MAR02703,-0.8864427516606492,0.9601851722660786,-6.512638164524004,-2.8606657443237338,-0.6002780312222006,-0.008561304156198362,-0.00016447247649700104
MAR02704,0.8864427516606759,0.9601851722660686,0.00016447247649903848,0.008561304156200366,0.6002780312224139,2.8606657443236667,6.51263816452404
MAR02705,0.9806491915771387,1.2823998475641967,0.009057096954323917,0.03767356368066215,0.48229774526626923,3.908474058753531,7.339770632343536
MAR02706,-0.9806491915771391,1.2823998475641971,-7.33977063234354,-3.9084740587535323,-0.482297745266269,-0.037673563680662256,-0.009057096954323832
MAR02707,-0.9806491915771365,1.282399847564198,-7.339770632343543,-3.908474058753526,-0.48229774526627045,-0.037673563680662055,-0.009057096954323633
MAR02708,0.9197249794603625,1.0263775369594055,0.00040408964836353143,0.041355591713585146,0.4611091467590571,3.378242194080795,3.820792582104637
MAR02709,-0.9197249794603625,1.0263775369594055,-3.820792582104637,-3.378242194080795,-0.4611091467590572,-0.04135559171358514,-0.00040408964836352595
MAR02710,-0.9197249794603626,1.0263775369594057,-3.820792582104637,-3.378242194080796,-0.4611091467590572,-0.04135559171358518,-0.0004040896483635156
MAR02711,0.0,0.0,0.0,0.0,0.0,0.0,0.0
MAR02712,0.0,0.0,0.0,0.0,0.0,0.0,0.0
MAR02713,0.0,0.0,0.0,0.0,0.0,0.0,0.0
MAR02714,2.4990646308686992,1.7583799062531722,0.07436734083821775,0.2543097964309818,2.1288166340200885,6.0497291793666275,8.494676394294943
MAR02715,-175.56886459432891,463.6164148796857,-946.6652602753097,-937.607195207673,7.768155056602524,336.532667141796,499.29769579701644
MAR02716,-2.4990646308687463,1.758379906253174,-8.494676394294954,-6.049729179366667,-2.1288166340201364,-0.25430979643103974,-0.0743673408382737
MAR02717,0.24384483316342948,0.28559835956100094,0.003937351572877041,0.011522109342389404,0.12129181464363659,0.8507069983935631,1.1433076289850985
MAR02718,0.24384483316342942,0.28559835956100094,0.003937351572876625,0.01152210934238941,0.12129181464363656,0.8507069983935631,1.143307628985098
MAR02719,-0.24384483316342942,0.2855983595610009,-1.143307628985098,-0.8507069983935631,-0.12129181464363642,-0.011522109342389399,-0.0039373515728769026
MAR02720,1.2801678168147874,1.1550378146089963,0.022566320815418744,0.06505340489382028,0.9644529972439227,3.4477174170310807,7.377320209988232
MAR02722,85.68708853418956,251.0516760565468,-548.5640639692508,-489.62178986204003,75.32961367920768,452.7463104225748,634.5989526885328
MAR02724,-1.2801678168147936,1.1550378146089992,-7.377320209988264,-3.4477174170310705,-0.9644529972439206,-0.06505340489382389,-0.02256632081541931
MAR02726,0.7710339909938546,0.7509669141709356,0.0009413840301841967,0.06159153188762147,0.5497850547318293,2.222144881377069,3.3075078160684965
MAR02727,-95.49982987594,496.1413500929606,-903.1703430380785,-894.2290182721708,117.9759555963841,505.36860527308613,666.1640794805348
MAR02729,-0.7710339909938552,0.7509669141709361,-3.3075078160684965,-2.2221448813770692,-0.5497850547318301,-0.06159153188762159,-0.000941384030184849
MAR02730,27.425351613717453,29.177543884091577,0.3249878642403482,1.2199058038677741,8.700678463700324,75.56955680944365,76.65475529635242
MAR02731,-27.425351613717787,29.177543884092138,-76.65475529635374,-75.56955680944493,-8.700678463700145,-1.2199058038678168,-0.32498786424034704
MAR02732,-27.42535161371778,29.17754388409214,-76.65475529635374,-75.56955680944493,-8.700678463700154,-1.2199058038677397,-0.3249878642402589
MAR02733,0.5328620673766284,0.47032834330401874,0.009689548320349763,0.020377170138348617,0.43314915725643544,1.3296252706956007,2.635630938890386
MAR02734,0.5328620673766283,0.4703283433040187,0.00968954832034976,0.020377170138348614,0.43314915725643544,1.3296252706956004,2.635630938890386
MAR02735,-0.5328620673766284,0.4703283433040187,-2.635630938890386,-1.3296252706956004,-0.4331491572564355,-0.020377170138348635,-0.009689548320349753
MAR02736,0.9235820851788146,1.2933095615365786,0.004400948103300471,0.052540139125776084,0.4919224433140197,5.001670607547869,5.331136338847661
MAR02737,0.9235820851788146,1.2933095615365786,0.004400948103300464,0.052540139125776195,0.4919224433140197,5.001670607547869,5.331136338847661
MAR02738,-0.9235820851788146,1.2933095615365788,-5.331136338847661,-5.001670607547869,-0.4919224433140198,-0.052540139125776035,-0.0044009481033004845
MAR02739,0.9303954730543923,1.128568469996968,0.0064704578477582445,0.02539978768363478,0.4983490764982857,3.699557827978901,4.372417712301516
MAR02740,0.9303954730543922,1.1285684699969682,0.0064704578477582445,0.02539978768363478,0.4983490764982855,3.6995578279789023,4.372417712301517
MAR02741,-0.9303954730543923,1.1285684699969682,-4.372417712301517,-3.699557827978911,-0.4983490764982855,-0.025399787683634843,-0.006470457847758231
MAR02742,216.18308228008826,172.8897049911852,44.56970474276092,55.18555505258184,167.22793146408046,638.697154174806,679.8492443558821
MAR02744,-478.4775164822018,294.80852745607814,-960.2638447088293,-955.8067489109413,-329.48611419458683,-131.89200404588433,-96.36255999158152
MAR02745,2.90078366427074,2.3775307004374953,0.020222310714767985,0.2009427460552509,2.1738239416617247,7.959646991504243,12.965447152031455
MAR02746,-2.6447259177106908,2.149627284440655,-10.488842128634598,-6.764069326568296,-2.1832429532217095,-0.13980259993505717,-0.007943714403380089
MAR02748,317.52987731326084,202.6449789543423,11.284405336226882,15.4892080314711,332.31549034123293,594.3692918813076,725.9862138859418
MAR02750,2.6447259177084317,2.1496272844401383,0.00794371440320663,0.13980259992483446,2.183242953217153,6.764069326561859,10.488842128634259
MAR02753,-105.35233527073522,511.0601932211179,-848.4564992842147,-837.8653267409153,26.1088091988656,544.7773846767359,677.8226736761744
MAR02755,0.0,0.0,0.0,0.0,0.0,0.0,0.0
MAR02757,-61.065139000827955,535.4610724473686,-848.3408365091518,-836.3928129491885,40.41294278558428,643.7329858086844,791.683859248941
MAR02759,0.329085049631048,0.2934120452671926,0.004428019140200005,0.03158922311493248,0.2964524902183006,0.6938364169158423,1.6279680544111135
MAR02760,-155.43698825561714,463.78373220390586,-902.3978886117179,-895.3442480480583,38.539143439610484,456.16211593638485,628.8518375535452
MAR02761,-0.32908504963104773,0.29341204526719245,-1.6279680544111128,-0.6938364169158422,-0.29645249021830133,-0.03158922311493246,-0.004428019140199922
MAR02762,0.9141468202426312,0.8462699135657376,0.0012646506067279675,0.034463673793807825,0.6410318292884796,2.7398162329482907,4.0102392788576795
MAR02764,-6.698010359948181,223.63394206978683,-593.045357989277,-538.1323734702497,-1.2894077236513795,306.8937356563248,484.8666068676432
MAR02766,-0.9141468202426584,0.8462699135657464,-4.010239278857708,-2.73981623294833,-0.6410318292884579,-0.03446367379381099,-0.0012646506067341956
MAR02768,0.9960968420839388,1.3275032328367193,0.005798907874552061,0.055753080463178784,0.39389614576377957,4.5172659633956505,5.352154102908636
MAR02769,-0.9960968420839388,1.3275032328367196,-5.352154102908637,-4.5172659633956505,-0.3938961457637797,-0.05575308046317883,-0.005798907874551728
MAR02770,-0.996096842083939,1.3275032328367198,-5.352154102908639,-4.517265963395652,-0.3938961457637798,-0.05575308046317884,-0.005798907874552283
MAR02771,0.7758422237714936,0.6948175581386679,0.0010232413690478002,0.02430620091049001,0.5298675154240476,2.1151175636809025,3.3216273593304657
MAR02772,0.7758422237714936,0.6948175581386679,0.001023241369047828,0.024306200910490038,0.5298675154240478,2.1151175636809025,3.3216273593304657
MAR02773,-0.7758422237714933,0.6948175581386679,-3.3216273593304657,-2.1151175636809056,-0.5298675154240475,-0.02430620091049004,-0.0010232413690478262
MAR02774,0.41096690787824114,0.4568449256874933,3.734224475665388e-05,0.0038731608599504026,0.28103413653811105,1.1554177350917367,2.260419696313893
MAR02775,0.41096690787824125,0.4568449256874934,3.7342244756542856e-05,0.0038731608599504286,0.28103413653811116,1.1554177350917367,2.260419696313893
MAR02776,-0.41096690787824114,0.4568449256874933,-2.2604196963138925,-1.1554177350917483,-0.28103413653811127,-0.0038731608599504304,-3.734224475654372e-05
MAR02779,-326.8869697895392,368.90386370592967,-918.6239318049674,-914.3883231468996,-109.7835644612643,45.72387379006898,171.45939732204425
MAR02804,0.0,0.0,0.0,0.0,0.0,0.0,0.0
MAR02808,0.0,0.0,0.0,0.0,0.0,0.0,0.0
MAR02810,0.0,0.0,0.0,0.0,0.0,0.0,0.0
MAR02885,-198.435774696906,189.80537865253413,-707.6462362342653,-641.0617186077575,-158.83167926302113,-9.9379299460143,21.030421770375483
MAR02889,-197.55481246154156,441.4005204746578,-910.2217459752824,-905.0407881348136,-25.498272671432602,423.47140032707455,530.652222937593
MAR02891,110.33690518305413,73.82099286979135,7.863792393944549,9.447783890155026,93.39189076558037,214.83557195297414,276.6016252642103
MAR02895,0.0,0.0,0.0,0.0,0.0,0.0,0.0
MAR02921,0.0,0.0,0.0,0.0,0.0,0.0,0.0
MAR02924,0.0,0.0,0.0,0.0,0.0,0.0,0.0
MAR02927,0.0,0.0,0.0,0.0,0.0,0.0,0.0
MAR02942,0.7499584372045189,1.0113258552800795,0.002492593487020794,0.013905939061806974,0.3611304226199735,2.6351578540187113,3.9974164425386065
MAR02943,0.30277781002432197,0.2606550422955989,0.009150845443575636,0.0340662676910377,0.27640749571564127,0.6324771696761458,1.4141132843493043
MAR02944,0.5303335585298713,0.8364389799367415,0.010616014077210943,0.01816367560807068,0.3241596264649945,1.0745185616096464,5.426250914676639
MAR02945,0.4449040482505212,0.5319077828683206,0.015453844695585335,0.016318729124517695,0.2397510728900051,1.614821819803274,2.6429520090875944
MAR02946,0.959913836286227,1.0560961225594292,0.012553574733720202,0.030343642720363675,0.4415481152603754,2.9142573291221203,3.06552193489715
MAR02947,0.7924471780614623,1.008205932372009,0.03232744452077614,0.03497695659927462,0.3607926662702498,3.0591785258363906,3.0790688514202116
MAR02948,0.4159423359823121,0.5770078220779714,0.010954316661972968,0.03631095859006069,0.18431411441870127,2.0633283471186306,2.6487038326405665
MAR02949,1.181353948455041e-12,3.68532989573548e-12,-4.2534775251161655e-12,-2.965039311428987e-12,8.862436005353342e-14,9.091577735803798e-12,1.1045538675940891e-11
MAR02951,1.3307272219692254,1.7872020240784579,0.0007313509390964306,0.01460848264170825,0.49195955938124036,5.632354092887224,7.092944209093729
MAR02952,0.0,0.0,0.0,0.0,0.0,0.0,0.0
MAR02953,5.401377348967053,5.562381610504995,0.061436392392762315,0.26322422276345897,3.365392578779808,15.809537802467009,28.39392212240598
MAR02954,0.39566452316190315,0.7547585149157842,0.015538857588549879,0.01860944727189382,0.23988446227567767,1.6752727103118212,3.687369027052441
MAR02955,1.0262611390931062,0.9559574201120408,0.002007261891047203,0.0225815479023857,0.8278450131781785,3.1822960921698438,4.518894262027591
MAR02956,0.44214679238062743,0.8246923930777748,0.0019920137617799624,0.014431661490880569,0.2106746179002483,2.3291196513381958,3.8781228176227294
MAR02957,0.0,0.0,0.0,0.0,0.0,0.0,0.0
MAR02959,0.0,0.0,0.0,0.0,0.0,0.0,0.0
MAR02961,0.6194816759512648,1.2032856792324602,0.0169571860417613,0.025647917360893557,0.2678595712085389,4.661646225060653,6.451813805851528
MAR02962,0.3437678618212162,0.33794105528618557,7.239996940084967e-05,0.0027935840088517704,0.20526893713852165,0.8548790419877662,1.5889129646340077
MAR02963,0.4199471090896873,0.45415018462936896,0.009895732631100575,0.016663741458443224,0.2607519346894204,1.6218908875739437,2.1826598723341584
MAR02964,0.723899095901945,1.072235104771193,0.014345089854450254,0.03076401109693661,0.230906407044155,3.811232667683024,3.8920710308777156
MAR02965,0.6729615973929263,0.847700900325584,0.02077189609477339,0.020807081986305483,0.21753324196581927,2.5954339626520095,3.7991352626734467
MAR02966,0.40149201995089834,0.4479751630567367,2.380159568626327e-07,0.0006926101137180003,0.2072131263773363,1.2888935035801519,1.7076996475169164
MAR02967,1.1975462235608114,1.4810364177960524,0.0037491090162348217,0.0046541117909578,0.38105951219335465,5.017159756137994,5.171580069696247
MAR02968,1.5418151003192593,2.4300063427797434,0.01028456426833827,0.01573298695709288,0.25366424278459776,7.004405758134716,8.207358808473645
MAR02969,0.671521676120795,0.9411538357041956,0.016247883302160513,0.01630071487725449,0.14887131251198948,3.5019656870572957,3.522862266386864
MAR02970,0.26328483277077713,0.33398324699374987,0.00022836727334771143,0.00697648700482945,0.12842253793171474,0.9213314227264231,1.6664246583540978
MAR02971,0.5750836213958869,0.6033091093689189,0.014813139049723948,0.016602496580752378,0.363852831474069,1.756636952524996,2.471120552295854
MAR02972,0.552947082051544,0.6997558505553931,0.00010151846252988406,0.015455137908565165,0.22614692865500308,2.1940844333767817,2.2012373834568257
MAR02973,0.0,0.0,0.0,0.0,0.0,0.0,0.0
MAR02974,1.5422747126655356,1.6856712641809903,5.960744798684238e-06,0.0074083808099665235,0.9367737767569,5.0418337176853525,5.754806214528525
MAR02975,0.6247386646989892,0.5154996902690339,0.005892098177572665,0.0178088360685912,0.5386479464901732,1.6543118123195997,1.8214806488020803
MAR02976,1.1110639083197016,1.219619997800898,0.00033683230070548467,0.007594122723990298,0.8115797619172352,3.4003210991897648,5.651675116842889
MAR02977,1.390788809098273,1.269119148483376,0.0065956191089326585,0.041231533652898764,0.8191213501201946,3.5685418828599653,3.5914247056074187
MAR02978,0.48096772318477016,0.43683780992497695,0.006359169721190887,0.03495100186407905,0.3771684171809517,1.460423257132924,2.550889534068912
MAR02979,0.47558789693962206,0.5252406496260063,0.0130923429647066,0.04787367139576815,0.2878154248519166,1.8687889934816844,2.553418152406302
MAR02980,1.0266421504767829,1.0078203280659193,0.022125150634999282,0.07783274353195906,0.6403438403184543,3.075952969075703,4.090881749066594
MAR02981,0.0,0.0,0.0,0.0,0.0,0.0,0.0
MAR02982,0.0,0.0,0.0,0.0,0.0,0.0,0.0
MAR02983,0.32822856297387815,0.3125002563502915,0.009486035986219553,0.03952996173995727,0.25294506884412205,0.8284325787275235,1.7450215709512584
MAR02984,0.0,0.0,0.0,0.0,0.0,0.0,0.0
MAR02985,0.7561430770924803,0.840663074268742,2.921462421610553e-06,0.001785225146304405,0.272125191403455,2.349175647490703,2.616928957502723
MAR02986,0.6743938817993141,1.073512277505919,0.0009989074280501989,0.004157547455715197,0.223102715159185,2.951162731137285,7.145237982602519
MAR02987,0.3417285046016709,0.47633873537885185,0.007287985436668308,0.007298809986919589,0.12071872476547735,0.8553568216705427,2.5971475769010794
MAR02988,1.4914453510151402,1.8976900678392412,0.033242057504334885,0.08354725873249902,0.441691827128559,5.045138256628987,5.060319850592574
MAR02989,0.6994409380650211,0.6323996389815849,0.00851885512906363,0.03802572578942635,0.5916488656961525,2.2623949612293646,2.2949986334629098
MAR02990,0.7846814471239318,0.7917964405316286,0.004709970722857918,0.021228925578499192,0.5326510041462232,2.752948353133625,2.7912097343980666
MAR02991,2.5567085893012593,3.8970707121176402,0.012275940988834019,0.04387281933201266,0.7980076333059273,12.50167613836615,14.855466070602393
MAR02992,0.0,0.0,0.0,0.0,0.0,0.0,0.0
MAR02994,0.0,0.0,0.0,0.0,0.0,0.0,0.0
MAR02996,0.0,0.0,0.0,0.0,0.0,0.0,0.0
MAR02998,0.7224291621332188,0.7433593275231979,0.028674263691402548,0.03326591115469751,0.3693411617358688,2.1792359624245083,4.032969453963488
MAR02999,1.0000834265372591,1.1301775664693148,0.007777872763459344,0.02255788004143565,0.6653044859662183,2.6774419834385945,5.898802149175871
MAR03000,0.5433634818572373,0.7138391671117744,0.00010428559774060899,0.020370875113192115,0.2930648810312611,2.319422563047068,2.857924045936827
MAR03001,0.17621926480328776,0.23516089299844817,0.004748388185218532,0.005685681929358318,0.10698618975760933,0.8148861123709606,2.30684027327693
MAR03002,0.479013193269362,0.4772018684154421,0.00857643707187533,0.015611822389575258,0.26744713972406686,1.3474279663609212,1.4159500912836949
MAR03003,0.8132449903183413,0.8886133847441269,0.032874515473881726,0.04955923159225779,0.5671470975266882,2.874726212860856,4.148724005678184
MAR03013,0.0,0.0,0.0,0.0,0.0,0.0,0.0
MAR03015,0.0,0.0,0.0,0.0,0.0,0.0,0.0
MAR03016,-71.27903208265062,525.7626509004839,-857.201081404558,-851.0602982345731,144.33660143038483,640.2819416752478,734.469288561071
MAR03017,0.0,0.0,0.0,0.0,0.0,0.0,0.0
MAR03022,0.0,0.0,0.0,0.0,0.0,0.0,0.0
MAR03023,0.0,0.0,0.0,0.0,0.0,0.0,0.0
MAR03029,600.1425372377284,243.16282833273866,262.48461965893904,323.0142715940182,488.42711613839185,981.9417889779444,985.7676914839421
MAR03030,-600.1425372377249,243.16282833273866,-985.7676914839348,-981.9417889779448,-488.4271161383936,-323.01427159400777,-262.48461965893773
MAR03032,0.0,0.0,0.0,0.0,0.0,0.0,0.0
MAR03033,0.0,0.0,0.0,0.0,0.0,0.0,0.0
MAR03035,154.07603672940178,136.67448486709316,-25.508748118957104,-22.08918761639933,142.94788999375103,360.21581359092926,573.7289106955064
MAR03037,-154.07603672940988,136.67448486709768,-573.728910695515,-360.2158135909286,-142.9478899937851,22.089187616398487,25.50874811895625
MAR03047,597.2571961366899,255.24279443433053,170.3625249231045,221.98189414414747,526.0314650703766,979.3769855763991,983.2375357823206
MAR03057,0.0,0.0,0.0,0.0,0.0,0.0,0.0
MAR03058,0.0,0.0,0.0,0.0,0.0,0.0,0.0
MAR03059,0.0,0.0,0.0,0.0,0.0,0.0,0.0
MAR03062,0.0,0.0,0.0,0.0,0.0,0.0,0.0
MAR03063,0.0,0.0,0.0,0.0,0.0,0.0,0.0
MAR03064,0.0,0.0,0.0,0.0,0.0,0.0,0.0
MAR03066,0.0,0.0,0.0,0.0,0.0,0.0,0.0
MAR03067,0.0,0.0,0.0,0.0,0.0,0.0,0.0
MAR03068,0.0,0.0,0.0,0.0,0.0,0.0,0.0
MAR03070,0.0,0.0,0.0,0.0,0.0,0.0,0.0
MAR03071,0.0,0.0,0.0,0.0,0.0,0.0,0.0
MAR03072,0.0,0.0,0.0,0.0,0.0,0.0,0.0
MAR03074,0.0,0.0,0.0,0.0,0.0,0.0,0.0
MAR03075,0.0,0.0,0.0,0.0,0.0,0.0,0.0
MAR03076,0.0,0.0,0.0,0.0,0.0,0.0,0.0
MAR03079,0.0,0.0,0.0,0.0,0.0,0.0,0.0
MAR03080,0.0,0.0,0.0,0.0,0.0,0.0,0.0
MAR03082,0.0,0.0,0.0,0.0,0.0,0.0,0.0
MAR03083,0.0,0.0,0.0,0.0,0.0,0.0,0.0
MAR03084,0.0,0.0,0.0,0.0,0.0,0.0,0.0
MAR03087,-2.3446832798587054e-15,5.4292572696344124e-14,-1.1803371750345288e-13,-1.141114913432607e-13,-2.2232825777109375e-16,1.4983668994572372e-13,1.6165159505628493e-13
MAR03088,-1.7178340144265275e-15,5.4401273282070026e-14,-1.1932928905334982e-13,-1.1572196737083495e-13,-2.4217197789716207e-16,1.475888307067291e-13,1.6125792822795632e-13
MAR03090,1.3463301273977245e-15,5.427745523977592e-14,-1.6149707443514419e-13,-1.4913299787661182e-13,1.971934273320262e-16,1.1433071921238393e-13,1.179319129585735e-13
MAR03091,1.0458545794379236e-15,5.449020441054852e-14,-1.6510440046647396e-13,-1.512917521896355e-13,1.977225233638891e-16,1.120754455265333e-13,1.152195563297496e-13
MAR03092,9.664593100658453e-16,5.4514924449111125e-14,-1.6535867556723558e-13,-1.5175957454499736e-13,1.8471478851167375e-16,1.1177676752272719e-13,1.1492006220469184e-13
MAR03094,0.0,0.0,0.0,0.0,0.0,0.0,0.0
MAR03095,0.0,0.0,0.0,0.0,0.0,0.0,0.0
MAR03096,0.0,0.0,0.0,0.0,0.0,0.0,0.0
MAR03098,0.0,0.0,0.0,0.0,0.0,0.0,0.0
MAR03099,1.9041359563846552e-19,3.6672734455967773e-19,-9.216373599966356e-19,-1.0739740344031796e-19,9.520664473182307e-20,8.78482374571156e-19,8.849995376555338e-19
MAR03100,0.0,0.0,0.0,0.0,0.0,0.0,0.0
MAR03102,5.000044436840437,5.9155438519273025,0.010177182055212156,0.12289193728408178,1.9431108275015805,15.394199584627506,27.181613343381215
MAR03103,5.00004443684044,5.915543851927303,0.010177182055212734,0.12289193728408196,1.9431108275015827,15.39419958462751,27.181613343381215
MAR03104,5.000044436840442,5.915543851927303,0.01017718205521268,0.12289193728408276,1.9431108275015836,15.39419958462751,27.181613343381212
MAR03105,5.0000444368403825,5.91554385192728,0.01017718205521153,0.12289193728407063,1.943110827501585,15.39419958462744,27.181613343381155
MAR03106,-153.3128992077126,136.90734173817444,-568.6378612807764,-361.3551486175395,-142.76272281987394,22.22181465616474,25.962536301514888
MAR03107,0.8864427516606725,0.9601851722660677,0.0001644724764988667,0.008561304156200208,0.6002780312224023,2.8606657443236654,6.5126381645240325
MAR03108,0.8864427516606486,0.9601851722660774,0.00016447247649690688,0.008561304156198357,0.6002780312222199,2.8606657443237324,6.512638164523998
MAR03109,0.8864427516606485,0.9601851722660767,0.00016447247649700668,0.008561304156198454,0.6002780312222226,2.860665744323731,6.512638164523993
MAR03110,0.8864427516606479,0.9601851722660765,0.00016447247649705794,0.008561304156198504,0.6002780312222181,2.8606657443237307,6.512638164523991
MAR03111,0.8864427516606481,0.9601851722660767,0.00016447247649701893,0.008561304156198463,0.6002780312222198,2.8606657443237293,6.512638164523994
MAR03112,0.8864427516606485,0.9601851722660768,0.00016447247649708222,0.008561304156198529,0.60027803122222,2.8606657443237307,6.512638164523993
MAR03113,0.8864427516606483,0.9601851722660767,0.00016447247649703712,0.008561304156198487,0.6002780312222222,2.8606657443237324,6.51263816452399
MAR03114,0.8864427516606481,0.9601851722660764,0.00016447247649701983,0.00856130415619847,0.6002780312222227,2.8606657443237307,6.512638164523989
MAR03115,32.86903956742268,20.953748096421567,5.830711448555263,8.490303284571096,29.51022983989846,68.55843768852216,81.5259128179791
MAR03116,32.86903956742265,20.95374809642161,5.830711448555117,8.490303284570945,29.510229839898393,68.55843768852223,81.52591281797922
MAR03117,32.869039567422384,20.953748096421347,5.830711448555161,8.490303284570901,29.5102298398983,68.55843768852203,81.52591281797834
MAR03118,32.86903956742234,20.953748096421336,5.830711448555081,8.49030328457082,29.510229839898322,68.55843768852212,81.52591281797815
MAR03119,365.0245688370154,387.32244098712033,-316.13600160642534,-121.40885257908107,212.7736315980405,968.3921798244445,974.219347533265
MAR03121,19.208466206467676,12.905574475620025,0.5991645170261511,1.303224623532372,16.859533270255977,40.71679700509691,49.023006909172025
MAR03122,19.208466206467673,12.905574475620014,0.5991645170261509,1.3032246235323823,16.859533270256005,40.71679700509693,49.02300690917203
MAR03123,19.20846620646766,12.905574475620009,0.5991645170261531,1.3032246235323846,16.85953327025601,40.71679700509696,49.023006909171976
MAR03125,19.20846620646766,12.905574475620009,0.5991645170261499,1.303224623532382,16.859533270256005,40.71679700509694,49.02300690917198
MAR03128,6.475346897268452,6.767447828990652,0.0056359825429903015,0.25210630386444377,2.65902271109987,19.22722514079868,24.287905389085466
MAR03129,6.47534689726845,6.767447828990652,0.005635982542982447,0.25210630386444316,2.6590227110998654,19.227225140798687,24.28790538908546
MAR03130,70.9369897280131,50.2127433409512,1.6416882302072544,3.5379995288948796,65.43023850306419,163.4574453481073,204.45226723358394
MAR03132,70.9369897280131,50.212743340951185,1.6416882302072584,3.5379995288948827,65.4302385030642,163.45744534810726,204.45226723358388
MAR03135,10.697649378164497,10.918976375339799,0.017592323878854458,0.4141796203164016,5.7055441197949115,31.009610502097946,49.2128022493754
MAR03136,26.919635438149417,29.064826154979013,0.542692113726169,1.3540034135406076,18.176566114418264,74.38005541882387,142.4345570002553
MAR03143,8.157788543388351,4.803268979082112,0.4383837292822904,0.8667162602853679,8.395692661391479,16.258736182779682,25.805670569158167
MAR03144,0.0,0.0,0.0,0.0,0.0,0.0,0.0
MAR03146,0.0,0.0,0.0,0.0,0.0,0.0,0.0
MAR03150,0.0,0.0,0.0,0.0,0.0,0.0,0.0
MAR03151,0.0,0.0,0.0,0.0,0.0,0.0,0.0
MAR03153,0.0,0.0,0.0,0.0,0.0,0.0,0.0
MAR03156,5.978975158673251,7.275432064092223,0.08159792515949522,0.38015834388226694,3.315889733883223,19.262380020400474,39.690134672057376
MAR03157,32.41334897811829,27.91265404430861,0.6217815566706477,2.353926087093937,18.14652679739785,76.24085749392279,76.91967048265126
MAR03158,32.41334897811829,27.912654044308614,0.6217815566706482,2.3539260870939396,18.146526797397847,76.24085749392279,76.91967048265127
MAR03160,32.4133489781183,27.91265404430861,0.6217815566706546,2.3539260870939414,18.14652679739786,76.24085749392279,76.91967048265127
MAR03163,36.04901166581208,27.567800275092033,0.7072310518553859,2.550005405124513,26.596508836393443,76.3718761033044,77.51564481919017
MAR03164,53.27235912669386,32.930949337313564,0.012565296314841157,4.282955001447465,55.38567938236468,116.52304280909733,146.49197313882195
MAR03166,53.27235912669386,32.93094933731352,0.012565296314902996,4.282955001447527,55.38567938236464,116.52304280909719,146.4919731388218
MAR03170,4.790174086472,5.639995169691727,0.07981709000317759,0.20249100864678118,2.752304811462362,15.407055280555406,28.959055072606585
MAR03171,4.790174086472006,5.639995169691726,0.07981709000318245,0.2024910086467884,2.7523048114623805,15.407055280555413,28.95905507260659
MAR03172,4.790174086472005,5.6399951696917245,0.0798170900031825,0.20249100864678843,2.7523048114623796,15.407055280555406,28.95905507260658
MAR03173,4.790174086472006,5.639995169691725,0.07981709000318603,0.20249100864678798,2.7523048114623725,15.407055280555413,28.959055072606585
MAR03174,1.4634631557653373,1.504454736409221,0.011391875247148065,0.05757850997014119,0.9165757800476078,4.649476234695824,6.758967623838211
MAR03175,1.4634631557653375,1.5044547364092193,0.011391875247147645,0.05757850997014087,0.9165757800476044,4.649476234695831,6.758967623838203
MAR03176,1.4634631557653146,1.5044547364092313,0.011391875247143033,0.057578509970137484,0.916575780047587,4.649476234695804,6.758967623838291
MAR03177,1.4634631557653162,1.504454736409235,0.011391875247143078,0.05757850997013735,0.9165757800475852,4.649476234695809,6.758967623838301
MAR03178,2.3754181285753173,2.2196618941714434,0.0444080187572244,0.1705995672937054,1.6527553785116291,7.556850431823773,10.656709666114118
MAR03179,2.375418128575411,2.2196618941714075,0.04440801875722809,0.17059956729371434,1.6527553785118307,7.556850431823993,10.656709666113702
MAR03180,2.375418128575429,2.2196618941713986,0.04440801875722829,0.17059956729371745,1.6527553785118454,7.55685043182393,10.656709666113624
MAR03181,2.3754181285754337,2.219661894171402,0.04440801875722844,0.1705995672937176,1.6527553785118498,7.5568504318239365,10.656709666113631
MAR03182,2.3754181285754337,2.2196618941714017,0.04440801875722852,0.17059956729371778,1.6527553785118503,7.556850431823936,10.65670966611363
MAR03183,2.375418128575433,2.2196618941714017,0.044408018757228496,0.17059956729371767,1.6527553785118507,7.556850431823936,10.656709666113626
MAR03184,2.375418128575433,2.219661894171402,0.04440801875722855,0.17059956729371778,1.6527553785118496,7.556850431823937,10.65670966611363
MAR03185,2.3754181285754323,2.219661894171402,0.04440801875722851,0.17059956729371772,1.65275537851185,7.556850431823939,10.656709666113631
MAR03186,2.375418128575433,2.2196618941714026,0.04440801875722844,0.17059956729371767,1.6527553785118507,7.55685043182394,10.656709666113633
MAR03187,2.375418128575433,2.2196618941714026,0.04440801875722842,0.1705995672937176,1.6527553785118503,7.556850431823942,10.656709666113635
MAR03188,2.375418128575433,2.2196618941714017,0.04440801875722852,0.17059956729371772,1.6527553785118503,7.556850431823936,10.656709666113628
MAR03189,2.375418128575433,2.2196618941714017,0.04440801875722852,0.1705995672937177,1.6527553785118494,7.556850431823937,10.65670966611363
MAR03190,3.101727257485585,2.618470995824249,0.047314243170297754,0.19821048685035278,2.4397766002373937,8.777744856891731,10.991852702027318
MAR03191,3.1017272574855843,2.618470995824248,0.047314243170297844,0.19821048685035278,2.439776600237393,8.777744856891726,10.991852702027314
MAR03192,3.101727257485561,2.618470995824257,0.04731424317029724,0.19821048685034925,2.4397766002373484,8.777744856891694,10.991852702027414
MAR03193,3.1017272574855625,2.6184709958242576,0.047314243170297296,0.19821048685034948,2.4397766002373515,8.777744856891712,10.991852702027412
MAR03194,3.995895558884209,3.0157705719447496,0.05001505435089005,0.2452689910497767,3.6002918176045307,9.553012144013202,12.790010536302551
MAR03195,3.9958955588842104,3.015770571944751,0.050015054350889744,0.24526899104977637,3.6002918176045293,9.553012144013204,12.790010536302555
MAR03196,3.9958955588842047,3.015770571944746,0.050015054350890244,0.24526899104977698,3.6002918176045284,9.553012144013195,12.79001053630255
MAR03197,3.9958955588842042,3.015770571944745,0.05001505435088986,0.2452689910497772,3.6002918176045315,9.553012144013174,12.79001053630253
MAR03198,3.995895558884204,3.0157705719447456,0.05001505435088979,0.2452689910497771,3.6002918176045267,9.553012144013165,12.790010536302523
MAR03199,3.995895558884204,3.0157705719447443,0.050015054350889813,0.24526899104977729,3.600291817604529,9.55301214401316,12.790010536302518
MAR03200,3.995895558884206,3.015770571944747,0.05001505435088976,0.24526899104977717,3.600291817604531,9.553012144013172,12.790010536302532
MAR03201,3.995895558884206,3.015770571944747,0.05001505435088964,0.24526899104977706,3.6002918176045307,9.553012144013175,12.790010536302534
MAR03202,3.9958955588842047,3.0157705719447336,0.05001505435088983,0.24526899104977867,3.600291817604546,9.55301214401309,12.790010536302422
MAR03203,3.9958955588842118,3.0157705719447385,0.05001505435088987,0.24526899104977895,3.600291817604548,9.553012144013099,12.790010536302438
MAR03204,3.9958955588842033,3.0157705719447443,0.050015054350889966,0.24526899104977729,3.6002918176045293,9.553012144013161,12.790010536302518
MAR03205,3.9958955588842073,3.015770571944748,0.05001505435089034,0.24526899104977762,3.6002918176045293,9.55301214401318,12.790010536302539
MAR03206,219.47926272253946,128.73349217289038,89.93818323778758,92.77116987057717,169.3761510037245,494.5855656079126,621.2745797585345
MAR03209,105.08649064047664,125.43465464053624,-158.55598816282588,-89.16480930587123,64.36232872156785,341.6737931535237,407.2039584031662
MAR03210,-153.40864979729304,499.9814148601106,-949.8366014388471,-942.3930945813242,7.420671383270701,536.7293479000173,662.6472862703895
MAR03212,0.0,0.0,0.0,0.0,0.0,0.0,0.0
MAR03214,-55.73661331754355,49.357702296410714,-186.65907431100175,-138.0184495449851,-60.31356986910271,6.740690789465212,13.203313699191767
MAR03215,807.0964407024595,145.86769862041686,362.8713707468344,559.302525600434,809.2967575811444,981.0321363813816,982.9377474712985
MAR03218,0.9806491915771381,1.2823998475641967,0.009057096954323818,0.037673563680662034,0.48229774526626956,3.9084740587535305,7.339770632343537
MAR03219,0.9806491915771441,1.2823998475641976,0.0090570969543242,0.03767356368066241,0.4822977452662694,3.9084740587535376,7.3397706323435425
MAR03220,0.9806491915771439,1.2823998475641971,0.009057096954324172,0.03767356368066238,0.4822977452662695,3.9084740587535367,7.339770632343542
MAR03221,0.9806491915771518,1.2823998475642022,0.009057096954324639,0.0376735636806628,0.4822977452662708,3.908474058753551,7.33977063234356
MAR03222,1.6040442820123613,1.6156652168700834,0.00010686034539556546,0.008966893239049905,1.3360102880813982,5.417775664171933,7.754768466252156
MAR03223,1.604044282012362,1.6156652168700827,0.00010686034539572377,0.008966893239049837,1.336010288081403,5.417775664171932,7.75476846625215
MAR03224,1.6040442820123615,1.615665216870083,0.00010686034539577278,0.008966893239049893,1.336010288081403,5.4177756641719315,7.754768466252152
MAR03225,1.6040442820123613,1.615665216870083,0.00010686034539577934,0.008966893239049896,1.3360102880814027,5.417775664171932,7.754768466252152
MAR03226,4.4401328552401225,3.8062602317365943,0.014780565649171101,0.20279484373796616,3.590748293087541,12.407586960180204,16.21431616651315
MAR03227,4.4401328552400745,3.8062602317366383,0.014780565649138698,0.2027948437378889,3.5907482930877057,12.40758696018034,16.21431616651369
MAR03228,4.440132855240078,3.8062602317366405,0.014780565649140697,0.20279484373789067,3.5907482930877075,12.407586960180359,16.214316166513697
MAR03230,10.208586532498426,26.619686869982903,0.0008751790614233467,0.04656587565090624,1.1753281502342563,48.61071921953756,121.55571141079734
MAR03231,10.208586532498419,26.619686869982896,0.0008751790614206318,0.04656587565090399,1.1753281502342454,48.61071921953753,121.55571141079734
MAR03232,10.20858653249842,26.619686869982896,0.0008751790614197966,0.04656587565090424,1.1753281502342485,48.61071921953753,121.55571141079734
MAR03233,10.208586532498417,26.619686869982882,0.0008751790614198798,0.046565875650904864,1.1753281502342476,48.610719219537515,121.5557114107973
MAR03234,13.113802953702885,27.155647464602115,0.059811709513460744,0.11284486931775566,3.172395476405988,55.615114202885984,125.2975576957804
MAR03235,13.113802953702868,27.155647464602136,0.05981170951345683,0.11284486931775244,3.1723954764060887,55.61511420288611,125.29755769578047
MAR03236,13.113802953702866,27.155647464602133,0.059811709513456504,0.11284486931775213,3.1723954764060887,55.615114202886105,125.29755769578044
MAR03237,13.113802953702868,27.155647464602136,0.05981170951345665,0.11284486931775224,3.1723954764060904,55.61511420288611,125.29755769578047
MAR03238,140.40790454697358,123.65079081899516,7.113129162882839,11.578852257562858,115.26004232701669,447.5380511716039,475.8859735024818
MAR03239,-13.113802953702864,27.155647464602136,-125.29755769578045,-55.61511420288612,-3.1723954764060887,-0.11284486931775184,-0.05981170951345624
MAR03240,4.746975424483697,4.762966937605023,0.0648989916901469,0.1851163364435915,2.737516574026059,14.562979371279345,16.761764650004878
MAR03241,4.7469754244837015,4.762966937605025,0.06489899169015009,0.1851163364435978,2.737516574026059,14.562979371279352,16.76176465000488
MAR03242,4.7469754244837,4.7629669376050225,0.06489899169014965,0.185116336443596,2.737516574026059,14.562979371279342,16.761764650004878
MAR03243,4.746975424483699,4.7629669376050225,0.06489899169014876,0.1851163364435953,2.73751657402606,14.562979371279349,16.761764650004878
MAR03244,2.8443724082900568,2.3109907848261293,0.0018026131422959717,0.31406180416346346,2.30455247262307,7.471411197240456,9.475363535032967
MAR03245,2.844372408290093,2.3109907848261733,0.0018026131421758108,0.31406180416360147,2.3045524726229876,7.471411197240781,9.475363535033194
MAR03246,2.844372408290094,2.3109907848261746,0.001802613142174999,0.3140618041636007,2.3045524726229867,7.471411197240781,9.475363535033193
MAR03247,2.844372408290094,2.310990784826174,0.001802613142174874,0.31406180416359747,2.3045524726229862,7.471411197240776,9.475363535033186
MAR03250,1.281769386002598,1.174924203964639,0.0016731893043913772,0.07760612783889537,0.8609896931137618,3.594619693421794,5.929353021515162
MAR03252,1.2817693860025503,1.1749242039645655,0.0016731893043088067,0.07760612783890962,0.8609896931141674,3.5946196934218837,5.929353021514167
MAR03254,1.2817693860025507,1.1749242039645655,0.0016731893043090288,0.07760612783890986,0.8609896931141707,3.5946196934218846,5.929353021514166
MAR03256,1.2817693860025496,1.1749242039645649,0.0016731893043087928,0.07760612783890962,0.8609896931141696,3.594619693421882,5.929353021514166
MAR03258,3.1081831062820173,2.5110013575259265,0.07034037863095062,0.20833000787308384,2.477138886633821,8.560223369099367,11.868694945164698
MAR03259,0.0,0.0,0.0,0.0,0.0,0.0,0.0
MAR03260,3.108183106282162,2.511001357526029,0.07034037863108213,0.20833000787309752,2.477138886633741,8.560223369098493,11.868694945164918
MAR03262,3.1081831062821617,2.5110013575260273,0.07034037863108195,0.20833000787309727,2.477138886633737,8.560223369098493,11.868694945164911
MAR03264,3.1081831062821643,2.5110013575260295,0.07034037863108204,0.2083300078730974,2.4771388866337425,8.5602233690985,11.868694945164922
MAR03272,-3.108183106282168,2.5110013575260224,-11.868694945164888,-8.560223369098543,-2.477138886633726,-0.20833000787309786,-0.07034037863108232
MAR03273,2.27293474215671,2.38349332132076,0.0019358839424417503,0.033691669499404844,1.385410716432083,7.17803162186773,11.283104017432088
MAR03275,2.9007836642735136,2.37753070043842,0.02022231071491203,0.20094274605539417,2.173823941661899,7.959646991507828,12.965447152031096
MAR03276,0.0,0.0,0.0,0.0,0.0,0.0,0.0
MAR03277,2.9007836642735145,2.37753070043842,0.020222310714912362,0.20094274605539467,2.173823941661899,7.959646991507828,12.965447152031096
MAR03278,2.9007836642735145,2.377530700438418,0.020222310714912338,0.20094274605539672,2.1738239416619094,7.959646991507837,12.9654471520311
MAR03279,2.9007836642735145,2.377530700438417,0.020222310714912244,0.2009427460553968,2.1738239416619107,7.959646991507833,12.965447152031102
MAR03280,2.9007836642735128,2.377530700438417,0.020222310714912446,0.20094274605539694,2.173823941661908,7.959646991507828,12.9654471520311
MAR03281,6.459656402224613,3.758214566277978,0.43269286196002804,0.8236061230638526,6.4390380803395235,12.179261773773677,24.549124930798214
MAR03282,6.459656402224615,3.758214566277979,0.4326928619600278,0.8236061230638525,6.4390380803395235,12.17926177377368,24.549124930798218
MAR03283,6.459656402224613,3.7582145662779776,0.4326928619600274,0.8236061230638525,6.4390380803395235,12.179261773773675,24.549124930798218
MAR03284,6.459656402224611,3.758214566277977,0.43269286196002843,0.8236061230638527,6.4390380803395235,12.179261773773677,24.549124930798214
MAR03285,2.983382496786581,2.5795865520123096,0.0031699675336783655,0.4258103625563397,2.32982657729063,7.963463228283577,18.174900208157208
MAR03286,2.983382496786579,2.579586552012313,0.0031699675336737524,0.4258103625563406,2.3298265772906084,7.963463228283593,18.17490020815723
MAR03287,2.9833824967865854,2.5795865520123114,0.0031699675336777063,0.4258103625563406,2.3298265772906275,7.9634632282835875,18.174900208157222
MAR03288,2.9833824967865863,2.579586552012313,0.0031699675336781434,0.4258103625563408,2.3298265772906257,7.963463228283598,18.174900208157222
MAR03289,0.0,0.0,0.0,0.0,0.0,0.0,0.0
MAR03290,6.459656402224624,3.758214566277984,0.4326928619600293,0.8236061230638542,6.439038080339529,12.179261773773694,24.549124930798232
MAR03292,6.4596564022246215,3.7582145662779816,0.43269286196002865,0.8236061230638537,6.439038080339529,12.179261773773685,24.549124930798232
MAR03293,6.459656402224622,3.7582145662779816,0.4326928619600293,0.8236061230638543,6.439038080339527,12.179261773773689,24.549124930798232
MAR03294,6.459656402224602,3.7582145662779727,0.43269286196002643,0.8236061230638524,6.439038080339472,12.179261773773694,24.54912493079823
MAR03298,-8.157788543388351,4.803268979082114,-25.80567056915817,-16.25873618277968,-8.395692661391482,-0.8667162602853682,-0.4383837292822913
MAR03302,0.0,0.0,0.0,0.0,0.0,0.0,0.0
MAR03304,0.0,0.0,0.0,0.0,0.0,0.0,0.0
MAR03305,0.0,0.0,0.0,0.0,0.0,0.0,0.0
MAR03307,0.0,0.0,0.0,0.0,0.0,0.0,0.0
MAR03309,0.0,0.0,0.0,0.0,0.0,0.0,0.0
MAR03310,0.0,0.0,0.0,0.0,0.0,0.0,0.0
MAR03312,0.0,0.0,0.0,0.0,0.0,0.0,0.0
MAR03314,0.0,0.0,0.0,0.0,0.0,0.0,0.0
MAR03315,0.0,0.0,0.0,0.0,0.0,0.0,0.0
MAR03316,0.0,0.0,0.0,0.0,0.0,0.0,0.0
MAR03317,0.0,0.0,0.0,0.0,0.0,0.0,0.0
MAR03319,0.0,0.0,0.0,0.0,0.0,0.0,0.0
MAR03323,0.0,0.0,0.0,0.0,0.0,0.0,0.0
MAR03326,0.0,0.0,0.0,0.0,0.0,0.0,0.0
MAR03327,0.0,0.0,0.0,0.0,0.0,0.0,0.0
MAR03328,0.0,0.0,0.0,0.0,0.0,0.0,0.0
MAR03329,0.0,0.0,0.0,0.0,0.0,0.0,0.0
MAR03330,0.0,0.0,0.0,0.0,0.0,0.0,0.0
MAR03331,0.0,0.0,0.0,0.0,0.0,0.0,0.0
MAR03332,0.0,0.0,0.0,0.0,0.0,0.0,0.0
MAR03333,0.0,0.0,0.0,0.0,0.0,0.0,0.0
MAR03334,0.0,0.0,0.0,0.0,0.0,0.0,0.0
MAR03335,0.0,0.0,0.0,0.0,0.0,0.0,0.0
MAR03336,0.0,0.0,0.0,0.0,0.0,0.0,0.0
MAR03337,0.0,0.0,0.0,0.0,0.0,0.0,0.0
MAR03338,0.0,0.0,0.0,0.0,0.0,0.0,0.0
MAR03339,0.0,0.0,0.0,0.0,0.0,0.0,0.0
MAR03340,0.0,0.0,0.0,0.0,0.0,0.0,0.0
MAR03342,0.0,0.0,0.0,0.0,0.0,0.0,0.0
MAR03343,0.0,0.0,0.0,0.0,0.0,0.0,0.0
MAR03344,0.0,0.0,0.0,0.0,0.0,0.0,0.0
MAR03346,0.0,0.0,0.0,0.0,0.0,0.0,0.0
MAR03347,0.0,0.0,0.0,0.0,0.0,0.0,0.0
MAR03348,0.0,0.0,0.0,0.0,0.0,0.0,0.0
MAR03350,0.0,0.0,0.0,0.0,0.0,0.0,0.0
MAR03351,0.0,0.0,0.0,0.0,0.0,0.0,0.0
MAR03352,0.0,0.0,0.0,0.0,0.0,0.0,0.0
MAR03355,0.0,0.0,0.0,0.0,0.0,0.0,0.0
MAR03356,0.0,0.0,0.0,0.0,0.0,0.0,0.0
MAR03357,0.0,0.0,0.0,0.0,0.0,0.0,0.0
MAR03358,0.0,0.0,0.0,0.0,0.0,0.0,0.0
MAR03359,0.0,0.0,0.0,0.0,0.0,0.0,0.0
MAR03360,0.0,0.0,0.0,0.0,0.0,0.0,0.0
MAR03361,0.0,0.0,0.0,0.0,0.0,0.0,0.0
MAR03362,0.0,0.0,0.0,0.0,0.0,0.0,0.0
MAR03363,0.0,0.0,0.0,0.0,0.0,0.0,0.0
MAR03365,0.0,0.0,0.0,0.0,0.0,0.0,0.0
MAR03367,0.0,0.0,0.0,0.0,0.0,0.0,0.0
MAR03368,0.0,0.0,0.0,0.0,0.0,0.0,0.0
MAR03370,0.0,0.0,0.0,0.0,0.0,0.0,0.0
MAR03372,0.0,0.0,0.0,0.0,0.0,0.0,0.0
MAR03374,3.476273905438048,2.951061885062129,0.015445587759396018,0.08614056696435651,2.8651784945622607,8.5014345589291,11.39756580713377
MAR03375,0.0,0.0,0.0,0.0,0.0,0.0,0.0
MAR03376,3.476273905438048,2.9510618850621295,0.01544558775939606,0.08614056696435657,2.8651784945622603,8.501434558929102,11.397565807133772
MAR03377,3.476273905438048,2.9510618850621295,0.01544558775939599,0.08614056696435643,2.8651784945622607,8.501434558929102,11.39756580713377
MAR03378,-3.4762739054380485,2.9510618850621295,-11.397565807133772,-8.501434558929104,-2.86517849456226,-0.08614056696435637,-0.015445587759395963
MAR03379,3.47627390543805,2.951061885062131,0.015445587759396171,0.08614056696435662,2.865178494562261,8.501434558929105,11.397565807133777
MAR03380,3.476273905438049,2.9510618850621304,0.015445587759396213,0.08614056696435662,2.8651784945622616,8.501434558929105,11.397565807133775
MAR03381,3.476273905438049,2.95106188506213,0.015445587759396102,0.08614056696435651,2.865178494562262,8.501434558929105,11.397565807133772
MAR03386,-199.37802827727276,127.16118853856885,-449.5071346973236,-405.22329374493575,-187.12916410365392,-33.09189310169471,-27.000665960650522
MAR03398,3.2035375837920226,3.3379865167723155,0.09052418935112988,0.17862438001935332,1.8299776915768993,9.473979102118836,13.026845187854928
MAR03406,0.4371736964669501,0.546321259608788,0.0027972220740258256,0.016848570585979994,0.22905940051574683,1.8420096204362084,2.6996241715137126
MAR03407,0.49756649965066285,0.45948853904145,0.0011903512976009546,0.019484375497771045,0.3640785047418954,1.3238631699949726,2.721071396338597
MAR03408,10.181916733153,23.714244403852405,0.003072118867612661,0.05634121047699885,0.5779139703268542,79.32118451840304,79.61500890102072
MAR03409,0.5967950838226151,0.8562718827062945,0.0017200943169182873,0.007683870613283686,0.22582328466799756,1.8481534255357677,4.127777847977485
MAR03411,0.9903019126299423,0.7956817646322353,0.013116776462278285,0.053604769482638925,0.783294423519184,2.681943362254287,3.1437444936800474
MAR03413,0.4829132653716014,0.44082684140159956,0.00037662047328251743,0.009019532534378752,0.3760399551745797,1.407024921002536,2.105292319241651
MAR03414,0.8367554085268207,0.7848676408829759,0.019272559068428504,0.03935140863242294,0.5838428708324317,2.338561432917773,3.431408040938659
MAR03416,0.9197249794603601,1.0263775369594037,0.00040408964836577627,0.0413555917135838,0.4611091467590573,3.378242194080788,3.820792582104628
MAR03421,0.3290850496309691,0.2934120452672038,0.004428019139875856,0.03158922311462195,0.29645249021822195,0.6938364169158547,1.6279680544111526
MAR03423,0.9960968420839325,1.327503232836717,0.005798907874521943,0.055753080463178804,0.39389614576377935,4.517265963395643,5.352154102908629
MAR03424,0.7758422237714349,0.694817558138634,0.0010232413690379179,0.024306200910480157,0.5298675154239889,2.1151175636807924,3.321627359330432
MAR03425,0.4109669078782424,0.4568449256874932,3.734224476456454e-05,0.00387316085995076,0.2810341365381099,1.1554177350917454,2.260419696313892
MAR03427,0.24384483316343022,0.28559835956100105,0.003937351572878639,0.011522109342389557,0.1212918146436378,0.8507069983935646,1.1433076289851039
MAR03428,0.5368421995159076,0.6074775864053692,0.003384834272903061,0.02007900160176302,0.31813236058076844,2.0552756494319504,2.335041673852153
MAR03429,0.7710339909938707,0.7509669141709472,0.0009413840301549514,0.061591531887619816,0.5497850547318553,2.222144881377012,3.307507816068439
MAR03430,0.9909777942726035,1.092662896681528,7.50214002165283e-05,0.02433484883195149,0.49888252734880256,3.3487343915728807,5.390075923462017
MAR03431,0.5328620673766293,0.47032834330401946,0.00968954832034976,0.020377170138348638,0.43314915725643144,1.3296252706956049,2.635630938890392
MAR03432,0.9235820851788124,1.2933095615365784,0.004400948103299937,0.05254013912577466,0.49192244331402035,5.00167060754787,5.331136338847661
MAR03433,0.9303954730543523,1.1285684699969254,0.006470457847757739,0.025399787683634316,0.49834907649837296,3.699557827978675,4.372417712301284
MAR03437,-38.37953594091187,23.886940155357227,-78.86732462137519,-77.87434010047296,-25.977838737247353,-14.842773016179459,-12.716258334644213
MAR03439,0.17981508777181213,0.09379629448044956,0.04334530586058582,0.04815439170753841,0.22459025533036522,0.3018862216189834,0.34482380899080456
MAR03452,2.644725917708486,2.1496272844401463,0.007943714403211139,0.1398025999250918,2.1832429532172046,6.764069326562016,10.488842128634257
MAR03453,2.644725917708442,2.1496272844401387,0.007943714403207559,0.13980259992485777,2.1832429532171753,6.7640693265619944,10.488842128634262
MAR03454,2.6447259177084415,2.1496272844401387,0.007943714403207552,0.13980259992485825,2.183242953217173,6.764069326561989,10.488842128634259
MAR03455,-2.6447259177084614,2.1496272844401427,-10.488842128634262,-6.764069326562014,-2.183242953217194,-0.13980259992493269,-0.007943714403209307
MAR03456,3.558872737953948,2.5720960255128396,0.1342166251589632,0.42403319583641413,3.159208108649885,8.51951267447603,11.583677778767509
MAR03457,3.558872737951069,2.5720960255120517,0.1342166251579077,0.4240331958361216,3.159208108649712,8.51951267447386,11.583677778767084
MAR03458,3.55887273795107,2.5720960255120526,0.13421662515790686,0.42403319583612104,3.159208108649713,8.51951267447387,11.583677778767086
MAR03473,7.290376969274601,6.573580373362175,0.5188902910891154,0.7479492579535622,4.75598895343686,21.693388525467693,32.37275885230314
MAR03480,0.0,0.0,0.0,0.0,0.0,0.0,0.0
MAR03481,0.0,0.0,0.0,0.0,0.0,0.0,0.0
MAR03482,0.0,0.0,0.0,0.0,0.0,0.0,0.0
MAR03483,0.0,0.0,0.0,0.0,0.0,0.0,0.0
MAR03484,0.0,0.0,0.0,0.0,0.0,0.0,0.0
MAR03486,0.0,0.0,0.0,0.0,0.0,0.0,0.0
MAR03488,0.0,0.0,0.0,0.0,0.0,0.0,0.0
MAR03491,0.0,0.0,0.0,0.0,0.0,0.0,0.0
MAR03493,0.0,0.0,0.0,0.0,0.0,0.0,0.0
MAR03498,0.0,0.0,0.0,0.0,0.0,0.0,0.0
MAR03501,0.0,0.0,0.0,0.0,0.0,0.0,0.0
MAR03503,0.0,0.0,0.0,0.0,0.0,0.0,0.0
MAR03505,0.0,0.0,0.0,0.0,0.0,0.0,0.0
MAR03506,0.0,0.0,0.0,0.0,0.0,0.0,0.0
MAR03508,0.0,0.0,0.0,0.0,0.0,0.0,0.0
MAR03509,0.0,0.0,0.0,0.0,0.0,0.0,0.0
MAR03510,0.0,0.0,0.0,0.0,0.0,0.0,0.0
MAR03511,0.0,0.0,0.0,0.0,0.0,0.0,0.0
MAR03512,0.0,0.0,0.0,0.0,0.0,0.0,0.0
MAR03513,0.0,0.0,0.0,0.0,0.0,0.0,0.0
MAR03514,0.0,0.0,0.0,0.0,0.0,0.0,0.0
MAR03515,0.0,0.0,0.0,0.0,0.0,0.0,0.0
MAR03517,0.0,0.0,0.0,0.0,0.0,0.0,0.0
MAR03519,0.0,0.0,0.0,0.0,0.0,0.0,0.0
MAR03520,-411.064052473566,387.8071057750446,-972.1373275139539,-964.4141043236397,-293.73510936196044,172.52908027486217,387.8059390259508
MAR03521,0.0,0.0,0.0,0.0,0.0,0.0,0.0
MAR03522,0.0,0.0,0.0,0.0,0.0,0.0,0.0
MAR03523,0.0,0.0,0.0,0.0,0.0,0.0,0.0
MAR03524,0.0,0.0,0.0,0.0,0.0,0.0,0.0
MAR03525,0.0,0.0,0.0,0.0,0.0,0.0,0.0
MAR03527,0.0,0.0,0.0,0.0,0.0,0.0,0.0
MAR03528,0.0,0.0,0.0,0.0,0.0,0.0,0.0
MAR03529,0.0,0.0,0.0,0.0,0.0,0.0,0.0
MAR03530,0.0,0.0,0.0,0.0,0.0,0.0,0.0
MAR03531,0.0,0.0,0.0,0.0,0.0,0.0,0.0
MAR03532,0.0,0.0,0.0,0.0,0.0,0.0,0.0
MAR03533,0.0,0.0,0.0,0.0,0.0,0.0,0.0
MAR03534,0.0,0.0,0.0,0.0,0.0,0.0,0.0
MAR03540,0.0,0.0,0.0,0.0,0.0,0.0,0.0
MAR03545,0.0,0.0,0.0,0.0,0.0,0.0,0.0
MAR03547,0.0,0.0,0.0,0.0,0.0,0.0,0.0
MAR03551,0.0,0.0,0.0,0.0,0.0,0.0,0.0
MAR03552,0.0,0.0,0.0,0.0,0.0,0.0,0.0
MAR03554,0.0,0.0,0.0,0.0,0.0,0.0,0.0
MAR03574,0.0,0.0,0.0,0.0,0.0,0.0,0.0
MAR03575,0.0,0.0,0.0,0.0,0.0,0.0,0.0
MAR03576,0.0,0.0,0.0,0.0,0.0,0.0,0.0
MAR03577,0.0,0.0,0.0,0.0,0.0,0.0,0.0
MAR03578,0.0,0.0,0.0,0.0,0.0,0.0,0.0
MAR03581,0.0,0.0,0.0,0.0,0.0,0.0,0.0
MAR03586,0.0,0.0,0.0,0.0,0.0,0.0,0.0
MAR03587,0.0,0.0,0.0,0.0,0.0,0.0,0.0
MAR03588,0.0,0.0,0.0,0.0,0.0,0.0,0.0
MAR03589,-4.086637789208001e-32,1.549462399503914e-31,-4.076265907087445e-31,-3.558158402781287e-31,3.8862216009805194e-33,1.98786043545827e-31,2.345326516023883e-31
MAR03590,0.0,0.0,0.0,0.0,0.0,0.0,0.0
MAR03593,0.0,0.0,0.0,0.0,0.0,0.0,0.0
MAR03599,0.0,0.0,0.0,0.0,0.0,0.0,0.0
MAR03625,0.7499584372045189,1.0113258552800795,0.002492593487020794,0.013905939061806974,0.3611304226199735,2.6351578540187113,3.9974164425386065
MAR03626,0.3027778100243221,0.2606550422955988,0.009150845443575622,0.03406626769103768,0.27640749571564127,0.6324771696761455,1.4141132843493043
MAR03627,0.5303335585298712,0.8364389799367415,0.01061601407721086,0.018163675608070598,0.32415962646499435,1.0745185616096462,5.426250914676639
MAR03628,0.9599138362862273,1.0560961225594294,0.012553574733720175,0.03034364272036366,0.44154811526037563,2.9142573291221203,3.065521934897149
MAR03629,0.7924471780614624,1.0082059323720098,0.03232744452077631,0.034976956599274814,0.3607926662702499,3.059178525836394,3.0790688514202134
MAR03630,0.4449040482505212,0.5319077828683206,0.015453844695585335,0.016318729124517695,0.2397510728900051,1.614821819803274,2.6429520090875944
MAR03631,0.4159423359823121,0.5770078220779713,0.010954316661972979,0.03631095859006067,0.1843141144187021,2.0633283471186297,2.648703832640566
MAR03633,1.3307272219689112,1.7872020240779372,0.0007313509391752623,0.014608482641787079,0.49195955938128233,5.632354092883636,7.092944209093477
MAR03635,0.3956645231619029,0.7547585149157842,0.015538857588549794,0.018609447271893877,0.23988446227567542,1.675272710311827,3.6873690270524406
MAR03636,1.0262611390932346,0.9559574201120208,0.0020072618910480667,0.022581547902388904,0.8278450131783772,3.1822960921696883,4.518894262027544
MAR03637,0.44214679238062965,0.824692393077777,0.0019920137617800713,0.014431661490880656,0.2106746179002536,2.3291196513382126,3.878122817622733
MAR03639,0.3437678618212153,0.33794105528618545,7.239996939564826e-05,0.0027935840088462336,0.2052689371385216,0.8548790419877655,1.588912964634005
MAR03640,0.4199471090896873,0.4541501846293689,0.009895732631100575,0.016663741458443224,0.2607519346894204,1.6218908875739437,2.1826598723341584
MAR03642,0.6194816759512645,1.2032856792324598,0.016957186041761364,0.02564791736089353,0.2678595712085388,4.661646225060651,6.451813805851527
MAR03644,0.7238990959019447,1.0722351047711922,0.014345089854450238,0.030764011096936574,0.2309064070441556,3.811232667683021,3.8920710308777124
MAR03645,0.672961597392925,0.8477009003255833,0.020771896094773326,0.020807081986305424,0.21753324196581808,2.5954339626520078,3.7991352626734467
MAR03646,0.40149201995089845,0.4479751630567367,2.38015956855272e-07,0.0006926101137179899,0.20721312637733633,1.2888935035801519,1.707699647516916
MAR03647,1.5418151003192586,2.4300063427797425,0.010284564268338353,0.015732986957093725,0.25366424278459804,7.004405758134712,8.20735880847364
MAR03648,1.1975462235608116,1.4810364177960524,0.003749109016234794,0.004654111790957777,0.38105951219335465,5.017159756137995,5.171580069696247
MAR03649,0.6715216761207953,0.9411538357041958,0.016247883302160492,0.01630071487725446,0.14887131251198882,3.501965687057295,3.522862266386864
MAR03650,0.26328483277077586,0.3339832469937493,0.00022836727334636414,0.00697648700482943,0.12842253793171285,0.9213314227264219,1.6664246583540965
MAR03651,0.5750836213958861,0.6033091093689189,0.014813139049723322,0.016602496580752298,0.3638528314740703,1.7566369525249952,2.471120552295854
MAR03652,0.5529470820515432,0.6997558505553932,0.00010151846252708978,0.015455137908566138,0.22614692865500285,2.1940844333767786,2.2012373834568257
MAR03654,1.542274712665535,1.6856712641809894,5.960744798836894e-06,0.007408380809966485,0.9367737767569,5.041833717685351,5.7548062145285215
MAR03655,0.624738664698989,0.5154996902690339,0.0058920981775726095,0.017808836068591207,0.5386479464901732,1.6543118123195992,1.8214806488020798
MAR03656,1.1110639083197016,1.219619997800898,0.00033683230070548467,0.007594122723990298,0.8115797619172352,3.4003210991897648,5.651675116842889
MAR03657,1.3907888090982723,1.2691191484833753,0.006595619108934319,0.04123153365289875,0.8191213501201948,3.568541882859965,3.5914247056074187
MAR03658,0.4809677231847699,0.43683780992497695,0.0063591697211907204,0.03495100186407898,0.37716841718094946,1.4604232571329245,2.550889534068912
MAR03659,0.4755878969396221,0.5252406496260063,0.013092342964707127,0.0478736713957682,0.2878154248519166,1.8687889934816844,2.553418152406301
MAR03660,1.026642150476783,1.0078203280659195,0.022125150634999282,0.07783274353195907,0.6403438403184543,3.0759529690757024,4.090881749066595
MAR03663,0.3282285629738759,0.3125002563502906,0.009486035986219162,0.03952996173995702,0.2529450688441147,0.8284325787275213,1.7450215709512502
MAR03665,0.7561430770924805,0.840663074268742,2.9214624215827975e-06,0.0017852251463043773,0.2721251914034551,2.349175647490703,2.616928957502723
MAR03666,0.6743938817993148,1.073512277505919,0.0009989074280502422,0.004157547455715151,0.22310271515918545,2.9511627311372877,7.145237982602517
MAR03667,0.34172850460167037,0.4763387353788516,0.007287985436668331,0.007298809986919611,0.12071872476547693,0.8553568216705435,2.5971475769010786
MAR03668,1.49144535101514,1.8976900678392408,0.03324205750433487,0.08354725873249906,0.44169182712855876,5.045138256628987,5.060319850592574
MAR03669,0.6994409380650217,0.6323996389815851,0.008518855129063519,0.03802572578942643,0.5916488656961525,2.2623949612293663,2.294998633462911
MAR03670,0.7846814471239318,0.7917964405316286,0.004709970722857918,0.021228925578499192,0.5326510041462232,2.752948353133625,2.7912097343980666
MAR03677,0.7224291621332188,0.7433593275231978,0.028674263691402548,0.0332659111546975,0.36934116173586945,2.1792359624245075,4.032969453963489
MAR03678,1.0000834265372587,1.1301775664693143,0.007777872763459341,0.022557880041435698,0.6653044859662176,2.677441983438591,5.898802149175867
MAR03679,0.5433634818572366,0.7138391671117743,0.00010428559774144859,0.020370875113192043,0.2930648810312616,2.319422563047068,2.857924045936827
MAR03680,0.17621926480328604,0.23516089299844709,0.004748388185218199,0.005685681929358295,0.10698618975760636,0.8148861123709558,2.306840273276922
MAR03681,0.4790131932693575,0.4772018684154393,0.008576437071875281,0.015611822389575175,0.2674471397240661,1.3474279663609288,1.4159500912836633
MAR03682,0.813244990318345,0.8886133847441284,0.03287451547388198,0.049559231592257745,0.5671470975266882,2.8747262128608604,4.148724005678184
MAR03684,0.7499584372045189,1.0113258552800795,0.002492593487020794,0.013905939061806974,0.3611304226199735,2.6351578540187113,3.9974164425386065
MAR03685,0.3027778100243221,0.2606550422955988,0.009150845443575622,0.03406626769103768,0.27640749571564127,0.6324771696761455,1.4141132843493043
MAR03686,0.5303335585298712,0.8364389799367415,0.01061601407721086,0.018163675608070598,0.32415962646499435,1.0745185616096462,5.426250914676639
MAR03687,0.9599138362862273,1.0560961225594294,0.012553574733720175,0.03034364272036366,0.44154811526037563,2.9142573291221203,3.065521934897149
MAR03688,0.7924471780614624,1.0082059323720098,0.032327444520776294,0.034976956599274814,0.3607926662702499,3.059178525836394,3.0790688514202134
MAR03689,0.4449040482505212,0.5319077828683206,0.015453844695585335,0.016318729124517695,0.2397510728900051,1.614821819803274,2.6429520090875944
MAR03690,0.4159423359823121,0.5770078220779713,0.010954316661972979,0.03631095859006067,0.1843141144187021,2.0633283471186297,2.648703832640566
MAR03692,1.3307272219689108,1.787202024077937,0.0007313509391752866,0.014608482641787103,0.4919595593812819,5.632354092883636,7.092944209093477
MAR03694,0.3956645231619029,0.7547585149157842,0.015538857588549794,0.018609447271893877,0.23988446227567542,1.675272710311827,3.6873690270524406
MAR03695,1.0262611390932366,0.9559574201120211,0.0020072618910481916,0.02258154790238898,0.827845013178377,3.1822960921696937,4.518894262027542
MAR03696,0.44214679238062954,0.8246923930777771,0.0019920137617800296,0.01443166149088061,0.2106746179002536,2.3291196513382126,3.878122817622733
MAR03697,0.0,0.0,0.0,0.0,0.0,0.0,0.0
MAR03698,0.3437678618212154,0.33794105528618545,7.239996939543316e-05,0.0027935840088460177,0.20526893713852173,0.8548790419877655,1.5889129646340054
MAR03699,0.4199471090896869,0.45415018462936874,0.009895732631099965,0.01666374145844316,0.26075193468942026,1.6218908875739422,2.182659872334156
MAR03701,0.6194816759512645,1.2032856792324598,0.016957186041761364,0.02564791736089353,0.2678595712085388,4.661646225060651,6.451813805851527
MAR03703,0.7238990959019447,1.0722351047711922,0.014345089854450238,0.030764011096936574,0.2309064070441556,3.811232667683021,3.8920710308777124
MAR03704,0.6729615973929252,0.8477009003255834,0.020771896094773333,0.020807081986305428,0.21753324196581797,2.5954339626520078,3.7991352626734467
MAR03705,0.40149201995089845,0.4479751630567367,2.38015956855272e-07,0.0006926101137179899,0.20721312637733633,1.2888935035801519,1.707699647516916
MAR03706,1.541815100319258,2.4300063427797425,0.010284564268338353,0.01573298695709267,0.2536642427845979,7.004405758134711,8.20735880847364
MAR03707,1.1975462235608116,1.4810364177960524,0.003749109016234794,0.004654111790957777,0.38105951219335465,5.017159756137995,5.171580069696247
MAR03708,0.6715216761207953,0.9411538357041958,0.016247883302160492,0.01630071487725446,0.14887131251198882,3.501965687057295,3.522862266386864
MAR03709,0.2632848327707758,0.33398324699374937,0.00022836727334641272,0.006976487004829415,0.1284225379317128,0.921331422726422,1.6664246583540965
MAR03710,0.5750836213958861,0.6033091093689189,0.014813139049723322,0.016602496580752298,0.3638528314740703,1.7566369525249952,2.471120552295854
MAR03711,0.5529470820515432,0.6997558505553931,0.00010151846252697962,0.015455137908565926,0.22614692865500285,2.194084433376778,2.2012373834568253
MAR03713,1.5422747126655345,1.6856712641809892,5.9607447991699605e-06,0.007408380809966392,0.9367737767569007,5.041833717685351,5.7548062145285215
MAR03714,0.624738664698989,0.5154996902690339,0.0058920981775726095,0.017808836068591207,0.5386479464901732,1.6543118123195992,1.8214806488020798
MAR03715,1.1110639083197016,1.219619997800898,0.00033683230070548467,0.007594122723990298,0.8115797619172352,3.4003210991897648,5.651675116842889
MAR03716,1.3907888090982723,1.2691191484833753,0.006595619108934319,0.04123153365289875,0.8191213501201948,3.568541882859965,3.5914247056074187
MAR03717,0.4809677231847699,0.43683780992497695,0.0063591697211907204,0.03495100186407898,0.37716841718094946,1.4604232571329245,2.550889534068912
MAR03718,0.475587896939622,0.5252406496260061,0.013092342964706905,0.0478736713957682,0.2878154248519166,1.8687889934816844,2.553418152406301
MAR03719,1.026642150476783,1.0078203280659195,0.022125150634999282,0.07783274353195907,0.6403438403184543,3.0759529690757024,4.090881749066595
MAR03722,0.32822856297387604,0.3125002563502906,0.0094860359862192,0.03952996173995713,0.25294506884411483,0.8284325787275213,1.7450215709512504
MAR03724,0.7561430770924805,0.840663074268742,2.9214624215827975e-06,0.0017852251463043773,0.2721251914034551,2.349175647490703,2.616928957502723
MAR03725,0.6743938817993149,1.073512277505919,0.0009989074280502422,0.004157547455715151,0.22310271515918545,2.9511627311372877,7.145237982602517
MAR03726,0.34172850460167037,0.4763387353788516,0.007287985436668331,0.007298809986919611,0.12071872476547693,0.8553568216705435,2.5971475769010786
MAR03727,1.49144535101514,1.8976900678392408,0.03324205750433487,0.08354725873249906,0.44169182712855876,5.045138256628987,5.060319850592574
MAR03728,0.6994409380650202,0.6323996389815847,0.008518855129061965,0.0380257257894263,0.5916488656961509,2.262394961229363,2.294998633462908
MAR03729,0.784681447123931,0.7917964405316289,0.004709970722857831,0.021228925578499112,0.5326510041462222,2.7529483531336236,2.791209734398067
MAR03736,0.7224291621332191,0.743359327523198,0.028674263691402534,0.0332659111546975,0.3693411617358696,2.1792359624245083,4.0329694539634895
MAR03737,1.0000834265372591,1.1301775664693146,0.007777872763459341,0.022557880041435708,0.6653044859662176,2.6774419834385914,5.898802149175868
MAR03738,0.5433634818572368,0.7138391671117744,0.00010428559774179554,0.020370875113192036,0.2930648810312615,2.3194225630470684,2.8579240459368274
MAR03739,0.17621926480328604,0.23516089299844709,0.004748388185218199,0.005685681929358295,0.10698618975760636,0.8148861123709558,2.306840273276922
MAR03740,0.4790131932693575,0.4772018684154393,0.008576437071875281,0.015611822389575175,0.2674471397240661,1.3474279663609288,1.4159500912836633
MAR03741,0.8132449903183451,0.8886133847441284,0.03287451547388198,0.049559231592257745,0.5671470975266882,2.8747262128608604,4.148724005678185
MAR03752,0.0,0.0,0.0,0.0,0.0,0.0,0.0
MAR03753,0.0,0.0,0.0,0.0,0.0,0.0,0.0
MAR03755,0.0,0.0,0.0,0.0,0.0,0.0,0.0
MAR03756,-609.7261019583552,245.3909801599343,-981.3103366237253,-977.6560858130177,-525.4234924041841,-253.74902812988697,-185.12783985546866
MAR03757,0.0,0.0,0.0,0.0,0.0,0.0,0.0
MAR03759,-1.6039994388857164e-15,3.7360172709951725e-15,-1.1795002955037214e-14,-9.4027504899489e-15,-4.522408399254562e-16,3.128007846887893e-15,4.714245180786684e-15
MAR03762,8.97953703276331e-14,1.142280852654466e-13,-1.0811342985259542e-14,-4.743541833099474e-15,5.702768155905211e-14,3.666432389620971e-13,3.7526671428751105e-13
MAR03763,807.0964407024591,145.86769862041706,362.87137074683415,559.3025256004336,809.2967575811444,981.0321363813814,982.9377474712983
MAR03764,-609.7261019583551,245.39098015993434,-981.3103366237253,-977.6560858130177,-525.4234924041841,-253.7490281298868,-185.12783985546855
MAR03768,49.33270338172323,65.42321808670638,0.09892559039228033,1.3232984906515985,16.19878869271225,215.94434947297856,245.08329954739614
MAR03770,0.0,0.0,0.0,0.0,0.0,0.0,0.0
MAR03771,0.0,0.0,0.0,0.0,0.0,0.0,0.0
MAR03782,0.0,0.0,0.0,0.0,0.0,0.0,0.0
MAR03784,0.0,0.0,0.0,0.0,0.0,0.0,0.0
MAR03785,219.4792627225395,128.73349217289038,89.9381832377876,92.77116987057715,169.3761510037245,494.5855656079126,621.2745797585347
MAR03789,807.096440702459,145.8676986204172,362.87137074683426,559.3025256004328,809.2967575811444,981.0321363813814,982.9377474712983
MAR03790,6.994767948511489e-15,2.8198916026781782e-14,-1.6940761598712876e-14,-9.890281526889216e-15,-2.1842062917031203e-16,1.0130282477902713e-13,1.0576579884158641e-13
MAR03792,0.0,0.0,0.0,0.0,0.0,0.0,0.0
MAR03796,-2.417157127853498,3.2646973308320475,-17.809119223042785,-10.220940047125751,-1.1963048618595267,-0.05236107357723549,-0.0003399133771973896
MAR03799,2.4171571278535198,3.2646973308320972,0.00033991337720011333,0.052361073577223444,1.1963048618600374,10.220940047125861,17.809119223043254
MAR03801,1.1018538701635224e-15,3.160400064023232e-15,-5.207579798759721e-15,-3.234860936463218e-15,3.5098428401248824e-16,8.363057214898465e-15,9.922271810213631e-15
MAR03802,211.40037694298528,352.16841225279387,-321.4132939889518,-318.43066153112227,338.39187140096203,661.9532718754821,748.6332471381235
MAR03804,-76.65074098715394,292.07017100009847,-538.1007042456165,-533.6641075996888,35.45598307699839,358.56013221037546,420.32432234010946
MAR03805,-1.1075594637167271e-15,3.1528413362140722e-15,-9.863204840453226e-15,-8.334374291549592e-15,-3.6126345845225465e-16,3.2552246531953576e-15,5.1911498209412215e-15
MAR03806,146.68362609828614,107.01569689780226,-5.071397345419829,-0.1256793156658509,132.27330055750136,317.83135757263216,370.50334036911846
MAR03807,0.0,0.0,0.0,0.0,0.0,0.0,0.0
MAR03809,0.0,0.0,0.0,0.0,0.0,0.0,0.0
MAR03811,1.2648518708544279,1.680207791885183,3.866978485656922e-07,0.017697125345126234,0.558382298019203,5.144173624937511,7.86573523941643
MAR03813,-1.2648518708544174,1.6802077918851785,-7.865735239416288,-5.144173624937372,-0.5583822980191133,-0.01769712534512279,-3.866978582676025e-07
MAR03815,-153.40864979729213,499.98141486011247,-949.8366014388505,-942.3930945813277,7.4206713832719515,536.7293479000184,662.6472862703913
MAR03816,569.4065671917763,81.43555549954823,385.0613387147392,415.175484067754,599.6966837336324,671.6655315602874,707.8466944765328
MAR03817,622.9329492414956,241.59870373865894,249.75401823551204,267.0608714519613,560.0619771097024,977.3937129644645,980.9160890845455
MAR03818,14.518046559629173,12.76878700623502,0.15788572491091726,1.6705134935644672,10.457986493882707,41.90392306124156,66.23468748582306
MAR03819,14.518046559629177,12.768787006235018,0.157885724910916,1.670513493564466,10.457986493882714,41.90392306124154,66.23468748582306
MAR03820,-161.20167265792045,114.94579543921313,-413.4844432899475,-344.0082742366261,-144.63386987145114,-7.7621555293511335,-2.907187479920367
MAR03822,225.57865128557228,168.6428686789217,8.711079399587536,12.839949573417488,187.55424565478057,511.16156193600824,658.1661527207285
MAR03823,219.47926272253957,128.73349217289046,89.93818323778757,92.77116987057714,169.37615100372454,494.58556560791277,621.2745797585346
MAR03827,-679.3194032304674,136.3071637021341,-873.9523003905088,-834.8804024141081,-681.4230680224792,-446.55976121064543,-372.9201198350397
MAR03829,776.2884305391052,153.12385936150568,408.31263881068963,544.4232253825115,738.2349544232313,982.6927465813768,986.0692777883036
MAR03836,-267.38013258321257,448.48196082279236,-949.8878139355369,-943.1310541667139,-134.48986654351984,328.0161079000999,484.2669827363783
MAR03839,177.1603858712233,173.14629304301434,14.297574945055485,16.265197777510874,126.55496490275833,626.187676077627,701.3906493615935
MAR03841,177.1603858712233,173.14629304301434,14.297574945055487,16.26519777751087,126.55496490275826,626.187676077627,701.3906493615935
MAR03845,66.71251133202607,111.61029244435834,-30.34713010498664,-2.0233988510023297,12.967029023395998,312.0202447226198,477.6530488632464
MAR03846,3.4317700356621977e-13,4.756947549645894e-13,-7.006611582561413e-14,-2.8145506720703538e-14,3.099027450699284e-14,1.118318215387735e-12,1.1192814770048333e-12
MAR03849,3.8224809982861716,4.88969348030122,0.00965699550388835,0.10480234210347789,1.8503476372024563,12.673560870083376,27.126781414542815
MAR03850,3.8224809982861845,4.889693480301223,0.009656995503888155,0.10480234210347776,1.8503476372024759,12.673560870083376,27.126781414542815
MAR03859,265.71840951156787,263.6845195926636,1.7646114434411189,38.763095376900985,103.93819174934828,689.2789803146999,692.3039107439954
MAR03863,679.3194032304701,136.30716370213338,372.92011983504847,446.559761210645,681.4230680224803,834.8804024141144,873.9523003905093
MAR03864,679.3194032304701,136.30716370213344,372.92011983504847,446.5597612106449,681.4230680224802,834.8804024141144,873.9523003905091
MAR03865,-4.604868422845171e-15,7.525489568099462e-15,-2.2962604013441968e-14,-2.1247722165798513e-14,-9.005940657501566e-16,7.906484478690213e-15,9.531255401399532e-15
MAR03866,-4.340154792238422e-15,7.416008785339879e-15,-2.2550240296416625e-14,-2.0823014253757734e-14,-5.043018396951336e-16,8.277703532918783e-15,9.963747320877164e-15
MAR03867,-3.822480998286176,4.88969348030122,-27.126781414542812,-12.673560870083378,-1.8503476372024608,-0.10480234210347905,-0.009656995503889251
MAR03873,0.0,0.0,0.0,0.0,0.0,0.0,0.0
MAR03874,3.3751438087238104e-13,4.754442627527694e-13,-7.701887295961335e-14,-2.9080423261037595e-14,2.7090992030416725e-14,1.116146152990927e-12,1.1195025824534524e-12
MAR03875,2.6256706194738664,5.320203816185858,0.0009271658633981177,0.08249649943850584,0.8697145411979474,8.653088274088448,38.0338848018557
MAR03883,45.09998517888135,34.379029691527286,1.934168903777869,3.3611349398649426,38.383541922900626,114.93907485387409,136.66790245900293
MAR03885,53.27235912669431,32.93094933731322,0.012565296315196975,4.2829550014497535,55.3856793823649,116.52304280909722,146.4919731388223
MAR03886,-6.186176618944499e-31,1.6356185594375198e-30,-4.849431387113152e-30,-3.89825285776632e-30,-1.135573792448305e-31,1.8801263992575174e-30,2.920951548941136e-30
MAR03890,221.97205922212137,253.66067313955097,0.03561912648001006,2.7608772366806256,70.04969207086171,634.0789467429239,638.7652375617962
MAR03898,0.0,0.0,0.0,0.0,0.0,0.0,0.0
MAR03899,-328.4308990351794,61.29306994276811,-417.40018873738785,-404.9228872344918,-331.3852404757248,-217.74953845261095,-134.40021630702836
MAR03901,410.25617596617735,228.92746810357562,66.06686870801555,71.90871463807007,493.3845842267687,702.4889848411719,735.6663541613246
MAR03905,29.60838640994665,31.286708519965664,0.006350081933792925,0.3023015296145474,24.80274238601001,102.40671363967105,166.19337204952743
MAR03907,198.6384692177025,197.8561270636892,11.315967423463098,15.111145478285309,107.11734591094788,628.134155028742,682.0071625404356
MAR03908,2.6829030856137297e-14,1.7334489172828881e-13,-3.439293418267142e-13,-3.3744112322690495e-13,4.590178217609299e-14,4.318377658485695e-13,4.4188482530959505e-13
MAR03912,279.45140160166727,333.75770302304215,0.24408493162752315,8.106919088044929,82.98265719907309,819.8624906032752,823.4910480512264
MAR03920,356.16966384749884,183.286860794989,66.86396767228962,79.60218163615582,387.35532863427153,608.9026195702478,651.4405594447481
MAR03925,386.17719331249896,376.5027984366995,-370.080161081102,-163.85950911544623,262.52424617452124,964.8625852847305,971.1017977344254
MAR03928,0.0,0.0,0.0,0.0,0.0,0.0,0.0
MAR03929,-98.67413733722556,219.20253316659662,-635.9902262464349,-598.8470223363087,-32.14657648277152,235.06528334098115,413.6623350900288
MAR03931,0.9064173057184164,0.0010763830485384935,0.9056082559195796,0.9056265697565775,0.9060004720215507,0.9081751021292944,0.9151517651598072
MAR03933,-386.43776830375145,384.41828008926524,-977.9401039737035,-968.1021998657341,-285.66733442123746,165.31814237801478,295.8970476749017
MAR03935,386.43776830375134,384.41828008926507,-295.8970476749015,-165.31814237801447,285.66733442123757,968.102199865734,977.9401039737033
MAR03944,0.4785873475799606,0.0005683290741800688,0.47816017016969115,0.4781698398556254,0.47836725984319406,0.47951546216533714,0.4831991326267116
MAR03946,342.54781062680433,203.01584326034487,60.83135551575367,72.26455466787267,354.1468255507487,730.7445256595605,772.572762111024
MAR03947,-341.72251777138587,221.2866996412312,-785.2808933946412,-743.0035169111482,-338.9388279645301,-47.36566905573109,-38.888195417729094
MAR03948,0.0,0.0,0.0,0.0,0.0,0.0,0.0
MAR03949,712.9473884166785,331.06501514818683,170.12299023775276,173.71567431496845,911.1110356805129,987.2979149433461,999.7008065858073
MAR03951,-282.5205843800701,409.6438812512307,-896.4238955711232,-892.7368720576252,-58.48481770730842,182.9876294177479,231.14386268210308
MAR03953,0.0,0.0,0.0,0.0,0.0,0.0,0.0
MAR03955,189.4929603000947,356.6790114602458,-416.31019018814584,-270.49345640282706,312.363518597314,700.7205569255362,729.1531295712516
MAR03956,372.7789991359127,209.3654766114488,66.20523540960886,73.6798930336933,397.18218863820323,739.7580866236996,826.219258116725
MAR03958,-234.4006472158492,440.9107255566973,-913.3380249467172,-906.4475802452224,-72.16629828876921,492.3920319346798,538.7077841290047
MAR03959,-953.2888695316253,45.48259344621832,-998.8837624121834,-997.6893215392768,-966.4678239440958,-861.3652636157268,-839.4972284414343
MAR03960,225.85346439235863,122.5266245957552,55.50818265832481,78.00082590506014,170.4167920122432,417.15317819413906,419.3318818772616
MAR03967,348.8013967421654,406.52985484816946,-313.8069210425365,-185.18377052114025,249.8790341203341,965.7555753636772,975.3888956444983
MAR03968,4.527019225779508,0.005375897750806529,4.522978499757746,4.523069966559679,4.5249373875927965,4.5357983809168285,4.57064269321425
MAR03974,126.09988707288413,69.28713437791833,33.52297854839377,34.80279660398589,130.2486083665474,231.54081352149242,267.61003679307163
MAR03980,652.7220230967486,325.2351717490562,120.74353983536432,122.59683847771387,851.419743971465,945.8890076836534,970.8396521952856
MAR03982,213.76670312380145,118.13429723665304,36.12957174677052,38.947148820941706,249.943041876628,392.4489473375039,412.21796834022865
MAR03984,243.3783859151606,143.5400546936947,23.916299701478085,67.26779931559314,226.5038131258624,457.7826098261052,460.980642120306
MAR03991,0.0,0.0,0.0,0.0,0.0,0.0,0.0
MAR03992,20.66564558966852,22.76740940079705,0.13521058135172956,0.43582512755383673,10.936362921321066,72.42840685112748,92.29173835261189
MAR03996,617.0394376174868,257.06272445478476,28.47371925501858,176.20297734207452,610.2541663421973,974.754962900232,983.0282848970162
MAR03997,3.476273905437996,2.9510618850620767,0.015445587759395158,0.08614056696435837,2.865178494562338,8.501434558928882,11.397565807133509
MAR03998,1.9359089071249955,3.19712033698158,0.0012715445690834022,0.004010581185582014,0.2729657130012233,9.447919610704377,9.578456330628141
MAR04002,-383.813959517176,132.82366428182308,-560.2169648772687,-552.2708909518918,-387.8443893644484,-130.5802087744038,-104.56608270115794
MAR04004,382.50595040238915,373.7866891192596,-331.82668634185353,-152.96872068215293,252.89854676366977,966.7662763392188,972.7768585988754
MAR04007,-372.9468616432684,383.5373796410486,-974.5921872941356,-968.544965247333,-225.65430646202785,118.07478613486767,307.7395866700107
MAR04008,240.11896277367327,166.68154397580264,7.988415316889343,14.112250954334836,233.52477315100725,532.1242122057312,618.9687333068532
MAR04020,670.7516236713266,124.73759230929655,518.3550001252494,521.7973038280844,642.9478897832546,875.4699861479312,905.4778973432101
MAR04024,461.793207190546,294.9661299548237,67.15040311084408,110.47078093424997,336.38870300194645,905.6288798584646,913.1293748036704
MAR04026,-4.585745947169674,0.005445636542157824,-4.6299353196932955,-4.594638989829384,-4.583637102353905,-4.581745456215263,-4.581652802860982
MAR04030,-4.585745947169669,0.005445636542157058,-4.629935319693287,-4.59463898982937,-4.583637102353904,-4.581745456215262,-4.581652802860981
MAR04052,0.0,0.0,0.0,0.0,0.0,0.0,0.0
MAR04059,4.507204884782246,4.30131229583638,0.011230353165351151,0.19366010295106387,3.1493282976621364,13.996018081678491,18.94549548268246
MAR04060,0.0,0.0,0.0,0.0,0.0,0.0,0.0
MAR04062,0.0,0.0,0.0,0.0,0.0,0.0,0.0
MAR04063,-0.0046567444274254665,5.529948216352396e-06,-0.004701617958715949,-0.004665775155975476,-0.004654602932572091,-0.004652681999159242,-0.0046525879113060945
MAR04079,0.0,0.0,0.0,0.0,0.0,0.0,0.0
MAR04080,174.3333267292807,150.6537071645872,5.986542257655193,9.734067062145435,130.23318656097203,494.45000227768935,526.5637378825782
MAR04092,-111.56056199429952,143.90904464569033,-542.8949516732777,-414.1450026724729,-39.42998983630832,-4.133939609742795,-2.357982050516057
MAR04094,-466.708824859805,308.61538071440526,-913.4564811267577,-909.9138967246871,-488.68542139672974,-55.37604073814113,0.267935999402539
MAR04101,220.2607901743565,145.1419837525404,39.29514501589805,62.63087498265671,147.71798496376306,443.6651839732922,444.824828824625
MAR04103,19.519947226782687,18.624751510334832,0.006416349902745515,0.8376877573668859,15.277534548191793,59.30092554548148,92.87894713574192
MAR04109,0.0,0.0,0.0,0.0,0.0,0.0,0.0
MAR04116,525.5183568367885,277.3034580970928,122.84066804373741,164.62950595162388,435.6920280192111,968.2120196824741,972.0654367357207
MAR04120,0.0,0.0,0.0,0.0,0.0,0.0,0.0
MAR04121,-1.6989573642042684e-13,2.3881217503911984e-13,-5.595583380436399e-13,-5.590611850532824e-13,-1.522237359214299e-14,1.9084094486982316e-14,4.002024873164449e-14
MAR04123,-6.103671129305086e-14,7.893009527050019e-13,-2.381319716262067e-12,-1.5678567157420175e-12,-2.9120426648404144e-14,1.35758909788346e-12,1.5620382842415095e-12
MAR04134,0.0,0.0,0.0,0.0,0.0,0.0,0.0
MAR04135,-670.746185178741,124.73759138368308,-905.4724629158299,-875.464552374741,-642.9424487629674,-521.7918700788781,-518.3495661649987
MAR04136,0.0,0.0,0.0,0.0,0.0,0.0,0.0
MAR04139,-156.91974805192598,335.49939248881606,-585.6706429693663,-518.821763261751,-294.3160254927516,364.83956982363657,369.5274756689836
MAR04141,-534.6818246533082,175.27623859744693,-725.0469589313418,-721.9832141030336,-571.5076533210819,-266.5165652894798,49.74352940889082
MAR04145,548.7898626127466,310.1219612970447,59.61501752716574,62.734878917965844,716.9961033428358,865.3329940501027,896.0448417731214
MAR04146,1.0325381578519652e-16,3.533225436128132e-16,-5.707465784297378e-16,-5.327659224867072e-16,3.16837375749484e-17,1.0066801562613969e-15,1.4179616929335074e-15
MAR04147,-630.610903042794,108.84733765941904,-876.2370365324482,-836.5017480980915,-592.9760819416058,-520.879367116053,-500.88803133567296
MAR04152,331.71313716950453,113.71080422727414,95.90395813258746,124.79301665881536,338.2534097386976,475.36902299179695,477.2394256113674
MAR04153,-8.596876058926512e-14,5.407034021538429e-13,-1.4911173113291718e-12,-1.3639029691386985e-12,-7.382743560224798e-15,7.393300586066846e-13,1.5775365605825836e-12
MAR04158,2.82801614479067,0.0033583081656098014,2.8254919146390787,2.8255490536923213,2.8267156263461377,2.8335004582497443,2.855267601885104
MAR04164,-22.971854219908742,18.694864518328437,-66.0702452115567,-57.537345983700774,-20.804978128049566,-0.8340030505510411,-0.3566448096032076
MAR04178,0.0,0.0,0.0,0.0,0.0,0.0,0.0
MAR04181,0.0,0.0,0.0,0.0,0.0,0.0,0.0
MAR04191,0.0,0.0,0.0,0.0,0.0,0.0,0.0
MAR04193,39.58646984712286,26.410420506499356,2.015757074980177,3.504292450291226,36.297740353793166,92.1079216759486,124.33900784571338
MAR04195,0.0,0.0,0.0,0.0,0.0,0.0,0.0
MAR04198,13.525179452073615,11.546167550426137,0.04007293702741247,0.39334284389578644,9.425141058657179,33.88466125754646,45.77790345107254
MAR04200,126.09988707288392,69.28713437791825,33.52297854839379,34.80279660398593,130.2486083665474,231.54081352149186,267.61003679307163
MAR04201,0.0,0.0,0.0,0.0,0.0,0.0,0.0
MAR04202,0.0,0.0,0.0,0.0,0.0,0.0,0.0
MAR04203,12.043671103020591,166.80284982678066,-536.9839716005172,-461.5507941704148,51.21751434659419,163.33843167032904,234.36185655456833
MAR04204,0.0046567444274254665,5.529948216352478e-06,0.0046525879113060945,0.004652681999159242,0.0046546029325720915,0.004665775155975478,0.004701617958715949
MAR04209,155.22759950982893,139.000851105572,13.869494484698787,15.948614349892456,119.19218940029614,399.80828369058304,596.6285215583551
MAR04210,360.1334916884728,336.65636331732054,0.13868462453480024,28.040515545060398,186.52997869404354,911.5456883205421,915.5956819378283
MAR04213,-71.2790320826559,525.762650900482,-857.2010814045574,-851.0602982345736,144.33660143037196,640.2819416752418,734.4692885610625
MAR04214,0.0,0.0,0.0,0.0,0.0,0.0,0.0
MAR04215,-12.043671103020584,166.80284982678066,-234.36185655456825,-163.33843167032907,-51.2175143465942,461.5507941704148,536.9839716005172
MAR04217,330.25355659393654,354.92352127332975,-208.72753805716675,-120.53678572444446,240.30378574255494,861.1068666969514,867.9473345077367
MAR04220,0.0,0.0,0.0,0.0,0.0,0.0,0.0
MAR04222,401.89806734781007,95.1374669864659,199.21719413764964,245.40879929788355,393.4394479218263,578.1703075267069,631.5797859193896
MAR04230,3.672135814776615e-15,2.7597616595169597e-14,-6.418268774244472e-14,-3.8846764986702855e-14,-1.6178177344846162e-15,4.63827088340948e-14,7.397830938845516e-14
MAR04234,-160.13872646609653,492.8696444094263,-899.3819445853517,-894.1025707415746,6.244824130949652,453.0341764187691,595.734755405088
MAR04249,0.0,0.0,0.0,0.0,0.0,0.0,0.0
MAR04251,0.0,0.0,0.0,0.0,0.0,0.0,0.0
MAR04265,0.21210121089768433,0.00025187311416216557,0.211911893597008,0.21191617902987414,0.21200367203699003,0.21251253443199397,0.21414507014586456
MAR04269,0.03263095560629023,3.874971825439317e-05,0.03260182978335051,0.03260248908497416,0.032615949647207695,0.03269423624600219,0.032945395413205875
MAR04281,0.0,0.0,0.0,0.0,0.0,0.0,0.0
MAR04282,32.957735667336365,24.709382013752442,0.11061738164482446,6.227522407084698,26.130005765434632,83.87910961455167,99.02543954620423
MAR04300,2.8280161447906713,0.003358308165609779,2.825491914639079,2.8255490536923227,2.8267156263461395,2.8335004582497434,2.8552676018851044
MAR04308,3.229476637276082,0.45256330178549686,1.7417083378842624,2.3155123625322678,3.439938153737141,3.5420139206627943,3.5453784252669616
MAR04312,318.4426407708972,379.16520876076015,-167.38941339613217,-96.8285579580679,130.82440272036982,911.4712567238023,916.5228787661893
MAR04315,8.44432901864433,47.711159764996474,-129.2000662429757,-79.46610808069362,4.552616468057806,89.2673931683213,135.0695081497273
MAR04321,8.444329018643035,47.71115976499755,-129.20006624298009,-79.46610808069684,4.552616468055575,89.26739316832114,135.0695081497277
MAR04328,0.0,0.0,0.0,0.0,0.0,0.0,0.0
MAR04329,879.7417411395729,96.71900864932125,577.7711082781171,724.6390775604278,881.6541081288337,994.8795177169942,997.2516121810446
MAR04330,-32.957735667336436,24.709382013749348,-99.02543954619966,-83.87910961454409,-26.13000576544073,-6.227522407087973,-0.11061738164903545
MAR04333,-67.96267288632514,186.8204205708956,-386.41972683751226,-309.9709179730148,-63.311059059891605,398.93089336109773,537.6727353018817
MAR04336,160.85962944347156,173.77100208520093,1.0244815400303995,5.830359197512015,126.49079881165565,605.9407420587333,642.3254494293832
MAR04338,0.0,0.0,0.0,0.0,0.0,0.0,0.0
MAR04342,0.0,0.0,0.0,0.0,0.0,0.0,0.0
MAR04344,-335.21940697875993,222.20219735529193,-714.3026139303852,-623.6295858960759,-393.0890458109734,-22.417546327649724,-19.85050663424488
MAR04346,335.2194069787565,222.20219735528931,19.850506634243406,22.417546327648253,393.0890458109728,623.6295858960649,714.3026139303726
MAR04347,32.957735667335896,24.709382013752286,0.1106173816437618,6.227522407084663,26.130005765433935,83.87910961455047,99.02543954620295
MAR04348,183.7288282603762,145.93522168616792,7.075082370871901,11.293173731487785,155.2562730046954,431.4723737085375,484.13654523179616
MAR04350,995.2158094184862,4.315815078852257,984.1093627498827,987.277438230627,996.4137478173184,999.9113784953142,999.9836047111588
MAR04354,995.22668640366,4.315811699001816,984.1202311472557,987.2883201598154,996.4246573410264,999.9222496231764,999.9944722815303
MAR04355,0.026420758608680445,0.02203917592841004,5.065752936021395e-07,0.001203554124171716,0.022820414648330303,0.05965832133080567,0.11217210828920894
MAR04358,362.9327737569187,123.23590868732612,118.91127259607288,157.11477785978562,416.66264358247867,555.6398175242201,628.6728320851169
MAR04363,544.0712609431093,346.41222113192146,-377.24652132103904,-333.26154160223086,556.6704160539045,921.1816758901018,930.2853328591441
MAR04365,-807.7268433423533,170.59411477555335,-985.117100869053,-983.1985781729759,-833.3368970031427,-368.1565265129724,-295.4958014525698
MAR04368,985.0068760504606,19.492062955763835,930.4121553580062,945.5995979062996,993.8542867416807,999.7730510493215,999.921626517722
MAR04371,0.07613889620590066,9.041598907392898e-05,0.0760709361633597,0.07607247452248571,0.07610388224777873,0.07628655079902945,0.07687258928151829
MAR04373,-985.0830149466763,19.49206324729277,-999.9977000658032,-999.8491307473437,-993.9304091917072,-945.6757042063714,-930.4882586966297
MAR04375,-301.3858694462435,118.94866395468173,-479.51195441159547,-476.8388212070674,-281.1581021824966,-140.22108576944976,-83.34556860083957
MAR04377,0.2954382628619529,0.4480295415315799,0.0011397596187489583,0.003603186704043268,0.08198728390491954,1.1939590212114213,1.800761623078904
MAR04381,-2.538788078836831,0.45253998262057304,-2.8552339811364207,-2.851929238606281,-2.74893287110161,-1.6248390970893862,-1.051536059422471
MAR04384,-546.6079188633363,294.80536393465377,-931.2493078743114,-926.4157110026422,-522.2229795634846,50.273243457782655,77.88526294865426
MAR04388,360.5733368309972,385.84997703556814,-416.9333879366789,-201.16867647435697,338.35816835128196,915.7547308716954,921.1197097104216
MAR04391,-307.1714233961145,124.98813868854795,-479.18524251012,-476.54096778726625,-318.4339443763628,-131.20980061911177,-80.97664925375841
MAR04392,-470.08790853724105,438.88577906717757,-879.0269554812942,-832.513842710397,-744.7750851861224,245.59128723952105,249.81063281986502
MAR04393,556.926863728489,243.4116286370705,135.07115310513197,227.46940222937613,499.4435862952105,926.1908691760242,931.2089803512766
MAR04396,-0.47858734757996063,0.0005683290741800622,-0.4831991326267116,-0.4795154621653372,-0.4783672598431941,-0.47816983985562544,-0.4781601701696912
MAR04398,990.9384975958543,12.624581203224086,948.2239957032539,960.4815301889419,995.6411709672416,999.8041813486606,999.9970356791019
MAR04404,-2.3810171731745505e-15,5.157161220224821e-15,-1.6758499463113856e-14,-1.3447217734436326e-14,-6.658389871205255e-16,3.904459975035711e-15,9.992924040404076e-15
MAR04408,111.093354217477,120.24182672834827,-138.26670178638634,-109.075640751625,95.84135695769376,273.24670904374443,278.24204578271747
MAR04409,-125.4138572426767,488.04608881263823,-850.5922531342521,-839.4195895602287,22.626522860038165,569.8594758998236,652.2555463189594
MAR04410,580.9487363872354,311.34700453338354,79.19953176294122,85.96228252501953,764.8797107948714,890.5777319934474,931.4135178719213
MAR04421,40.49135673537703,32.986672995774676,0.1997517872338828,2.3306636602650945,33.210608929119914,110.53816218261584,136.3093782701823
MAR04438,-219.47926272253946,128.73349217289044,-621.2745797585345,-494.58556560791277,-169.3761510037245,-92.77116987057714,-89.93818323778754
MAR04439,-17.223347460882206,26.897593447795646,-113.04271387678124,-80.09120643386996,-6.244418967430964,9.257961810180072,37.39676131395099
MAR04442,32.853055962160994,523.8679683591279,-613.5755804434328,-536.7166813428449,-239.85115380129008,893.0267614498377,898.1620581434782
MAR04444,0.0,0.0,0.0,0.0,0.0,0.0,0.0
MAR04454,924.2725655056718,96.81953448436481,544.6623389537724,758.2578818570377,956.4065022117425,995.1769909756536,997.7721737129135
MAR04457,0.0,0.0,0.0,0.0,0.0,0.0,0.0
MAR04460,2.417157127853685,3.2646973308319405,0.00033991337727171675,0.05236107357769248,1.196304861860784,10.220940047125481,17.80911922304302
MAR04465,0.0,0.0,0.0,0.0,0.0,0.0,0.0
MAR04467,1.5788963506839078,1.8719704936539954,7.731437149153796e-05,0.04600107913836893,1.0089384770324048,4.596597558633637,11.243269114042304
MAR04468,1.5788963506839082,1.8719704936539951,7.731437149128723e-05,0.0460010791383706,1.0089384770324048,4.596597558633637,11.243269114042304
MAR04469,-1.5788963506838973,1.8719704936539938,-11.24326911404229,-4.596597558633626,-1.008938477032387,-0.0460010791383613,-7.731437149257424e-05
MAR04480,0.005438492586133993,6.458284933645644e-06,0.005433638297382281,0.0054337481801769606,0.005435991589125067,0.005449039342784091,0.005490899234393844
MAR04484,3.626040412647225,0.004305972987220666,3.622803882135479,3.6228771449832164,3.62437290716041,3.633072318130255,3.6609818272888566
MAR04485,-757.011828466129,209.59971348551318,-994.8493394799777,-992.2805918459462,-793.2619692770866,-366.8865615487245,-318.757012707151
MAR04501,2.5550079468470524e-15,4.5709206461668724e-15,-7.709547889838019e-15,-2.197415824730924e-15,7.688456483007732e-16,1.1043126238292398e-14,1.5215959684771613e-14
MAR04503,-160.8596294434715,173.77100208520088,-642.325449429383,-605.9407420587332,-126.4907988116558,-5.830359197512019,-1.0244815400304017
MAR04504,8.157788543392053,4.803268979084907,0.4383837292825658,0.8667162602855041,8.395692661398456,16.25873618279862,25.805670569158536
MAR04512,746.1175716177326,210.02646782566927,252.01367233859207,327.9704791360023,771.0413733720295,988.1165296009492,990.5171073335905
MAR04522,26.919635438149335,29.064826154979034,0.5426921137261635,1.3540034135405088,18.176566114418552,74.38005541882362,142.43455700025504
MAR04523,-386.17719331249907,376.5027984366995,-971.1017977344254,-964.8625852847305,-262.5242461745214,163.8595091154462,370.080161081102
MAR04543,6.1972218587900425,6.33588378347236,0.017079007328144755,0.19745616177975323,4.065107949460351,19.695879040234722,32.14799292920408
MAR04548,372.94686164326765,383.53737964104835,-307.7395866700092,-118.07478613486667,225.6543064620244,968.5449652473334,974.5921872941359
MAR04558,0.0,0.0,0.0,0.0,0.0,0.0,0.0
MAR04559,0.0,0.0,0.0,0.0,0.0,0.0,0.0
MAR04560,0.0,0.0,0.0,0.0,0.0,0.0,0.0
MAR04561,0.0,0.0,0.0,0.0,0.0,0.0,0.0
MAR04565,0.026420758608677552,0.022039175928407803,5.065752927995338e-07,0.001203554124171753,0.022820414648326084,0.05965832133079171,0.11217210828919041
MAR04566,0.0,0.0,0.0,0.0,0.0,0.0,0.0
MAR04571,0.0,0.0,0.0,0.0,0.0,0.0,0.0
MAR04573,95.34037384671403,63.07910693217993,3.4983987876184712,7.475466149188987,92.37596205251656,204.0945964217644,261.703733517836
MAR04578,5.233517325670117,6.019981332235687,0.0033837599803733433,0.06733252961377274,2.250718219647622,17.99534669300461,23.406161046619573
MAR04579,582.6817742790638,325.1250020007373,77.65356275499869,82.20144596882471,715.2594547201141,924.9611336164153,949.8445358573363
MAR04582,-746.1536969754668,102.03141209387476,-897.9745583000176,-893.8867431185696,-728.8485282171985,-605.5932819076181,-548.5275324061015
MAR04583,746.153696975453,102.03141209388572,548.5275324061076,605.5932819076235,728.8485282172,893.8867431185696,897.974558300017
MAR04584,-847.5755685549685,134.63352349265801,-995.5879935092281,-990.4516412946313,-890.777935289593,-575.6452298366082,-486.3037458985874
MAR04590,182.4322221261582,156.1203261278315,5.322108846750583,8.624304122514692,128.60685018870544,467.02513907665644,621.5235686285833
MAR04593,389.52702813872173,326.73791498453966,61.179482921555014,84.80637041996866,207.6087837522534,914.9369209594006,920.5435108893627
MAR04597,-2.0025682278188245e-12,2.78962502356949e-12,-6.551530232556634e-12,-6.545412088808571e-12,-2.077913914085683e-13,2.291983692416468e-13,4.8246874225516e-13
MAR04598,5.233517325670207,6.019981332235737,0.003383759980375847,0.06733252961381311,2.2507182196477755,17.995346693004922,23.406161046619893
MAR04599,0.0,0.0,0.0,0.0,0.0,0.0,0.0
MAR04601,5.127671767867879,0.006089180926519832,5.123094911506191,5.123198514277587,5.125313707881166,5.137615756108052,5.177083270498148
MAR04603,-233.9266691297292,204.43280920735424,-675.3144734068275,-627.8705553722049,-202.58308404757508,-7.403608926157483,-5.119744406913952
MAR04608,-0.23385518120384063,0.00027770625215540806,-0.23610866707895234,-0.23430869173987595,-0.23374763833246653,-0.23365117174763372,-0.23364644678746158
MAR04610,-53.434148672162266,41.98019199088076,-178.32524067590623,-143.50596589990994,-46.77010219039764,-2.3206927884236226,-0.07491023090835824
MAR04611,0.7435259691545,0.11161316368243471,0.43469629207717725,0.5067245990149114,0.7516397662624166,0.8945866794096284,0.8989424580088407
MAR04612,0.162891336563916,0.11196942968494342,0.006667115384977987,0.011032374828259802,0.15475684899560804,0.40022251933917,0.47272371660543283
MAR04613,12.144253193411041,8.557770131082771,0.07174502805109918,0.5704499865011755,12.052078927613124,27.976751597300492,34.593928201913485
MAR04616,0.0,0.0,0.0,0.0,0.0,0.0,0.0
MAR04620,0.0,0.0,0.0,0.0,0.0,0.0,0.0
MAR04623,0.0,0.0,0.0,0.0,0.0,0.0,0.0
MAR04624,0.0,0.0,0.0,0.0,0.0,0.0,0.0
MAR04627,0.0,0.0,0.0,0.0,0.0,0.0,0.0
MAR04628,2.82801614479067,0.003358308165609938,2.825491914639079,2.8255490536923213,2.8267156263461373,2.833500458249741,2.855267601885104
MAR04631,2.82801614479067,0.0033583081656098114,2.8254919146390787,2.8255490536923213,2.8267156263461377,2.8335004582497443,2.855267601885104
MAR04634,3.835732400366529,3.7569156142012634,0.0056682148713892684,0.06926005883219948,2.347485675833159,11.127215287483912,17.240856679373856
MAR04638,0.0,0.0,0.0,0.0,0.0,0.0,0.0
MAR04639,7.726508100060119,6.576658204160441,0.011965258507143832,0.3456714928921447,5.87983271431605,20.7154743170243,26.871347591130966
MAR04644,4.527019225779506,0.005375897750807011,4.522978499757746,4.523069966559678,4.524937387592793,4.535798380916822,4.570642693214254
MAR04651,412.7570133354983,328.30304288372855,38.43501858936884,68.13425964608457,278.94805419955503,917.7207575187067,922.3987937965678
MAR04652,-962.3240402122993,32.034336572909915,-997.8432556401742,-997.1771914878293,-963.0948418062621,-886.851269920142,-872.7920833651553
MAR04655,-72.48969211209801,186.81936672514885,-390.94293154355415,-314.49942388556843,-67.84005870468138,394.4071904687819,533.1329630872187
MAR04658,-98.67413733722937,219.20253316659594,-635.9902262464373,-598.8470223363165,-32.146576482772616,235.0652833409724,413.6623350900238
MAR04661,0.0,0.0,0.0,0.0,0.0,0.0,0.0
MAR04671,-17.223347460882152,26.897593447795686,-113.04271387678126,-80.09120643387001,-6.244418967430733,9.257961810180392,37.39676131395092
MAR04673,4.527019225779515,0.005375897750806535,4.52297849975775,4.5230699665596825,4.524937387592812,4.53579838091683,4.570642693214249
MAR04674,0.0,0.0,0.0,0.0,0.0,0.0,0.0
MAR04681,0.0,0.0,0.0,0.0,0.0,0.0,0.0
MAR04682,0.0,0.0,0.0,0.0,0.0,0.0,0.0
MAR04692,-182.22541818279615,634.6828158151011,-802.9246748924611,-776.4593229155204,-499.4263630854305,833.4729447093682,839.4031180578951
MAR04693,-182.22541818279757,634.6828158150979,-802.9246748924613,-776.4593229155153,-499.42636308543194,833.4729447093613,839.4031180578876
MAR04696,0.0,0.0,0.0,0.0,0.0,0.0,0.0
MAR04698,0.0,0.0,0.0,0.0,0.0,0.0,0.0
MAR04699,0.0,0.0,0.0,0.0,0.0,0.0,0.0
MAR04700,301.0038200630534,209.6800150923279,-104.47565693722493,3.3768333076545876,329.5520119939562,618.7275005529972,705.5937967133415
MAR04702,0.0,0.0,0.0,0.0,0.0,0.0,0.0
MAR04703,0.0,0.0,0.0,0.0,0.0,0.0,0.0
MAR04704,0.0,0.0,0.0,0.0,0.0,0.0,0.0
MAR04707,0.0,0.0,0.0,0.0,0.0,0.0,0.0
MAR04710,990.9384975958545,12.624581203224135,948.223995703254,960.4815301889419,995.6411709672423,999.8041813486608,999.9970356791035
MAR04711,-219.47926272254065,128.73349217288927,-621.2745797585284,-494.58556560791027,-169.3761510037254,-92.77116987057558,-89.93818323778225
MAR04719,-4.69549090835808,7.275315393517545,-38.407509545863505,-17.979935021956223,-2.032314716297903,0.9022648450464112,1.2008718779133727
MAR04726,0.0,0.0,0.0,0.0,0.0,0.0,0.0
MAR04728,0.0,0.0,0.0,0.0,0.0,0.0,0.0
MAR04735,0.0,0.0,0.0,0.0,0.0,0.0,0.0
MAR04736,2.2011075417556293e-16,5.076202308192001e-16,-5.695569528381399e-16,-5.617479855412403e-16,4.451700839529375e-17,9.818380551282133e-16,1.4998137089147307e-15
MAR04737,0.0,0.0,0.0,0.0,0.0,0.0,0.0
MAR04738,0.0,0.0,0.0,0.0,0.0,0.0,0.0
MAR04740,0.0,0.0,0.0,0.0,0.0,0.0,0.0
MAR04744,0.0,0.0,0.0,0.0,0.0,0.0,0.0
MAR04752,0.004656744427425466,5.529948216352348e-06,0.0046525879113060945,0.004652681999159242,0.0046546029325720915,0.004665775155975475,0.004701617958715949
MAR04756,0.004656744427425467,5.529948216352465e-06,0.0046525879113060945,0.004652681999159242,0.0046546029325720915,0.004665775155975476,0.004701617958715949
MAR04760,0.0,0.0,0.0,0.0,0.0,0.0,0.0
MAR04765,-308.62755748245934,384.5902725292982,-948.657999039622,-943.8189375726225,-178.49960300848107,232.61990790852107,463.52941659257453
MAR04766,161.2108961870788,111.86902785313748,6.225569829962232,8.627347226705748,171.38664129023005,364.2575828073492,385.72881793701225
MAR04767,318.41601991007576,209.2015016879126,12.526724413349333,16.194055376989105,381.022806232819,710.0742393808198,744.3675950269104
MAR04770,0.004656744427425466,5.529948216352393e-06,0.0046525879113060945,0.004652681999159242,0.0046546029325720915,0.004665775155975476,0.004701617958715949
MAR04782,-411.06405247356327,387.80710577504715,-972.1373275139547,-964.414104323638,-293.73510936196226,172.52908027487592,387.80593902596405
MAR04783,0.0,0.0,0.0,0.0,0.0,0.0,0.0
MAR04784,172.6481915978427,145.16236071385174,5.796675905411486,8.753476971137347,133.97877078892816,486.18776345571985,584.5826086371253
MAR04785,51.529666895523505,48.84623804367881,0.6256083910002568,1.8393104122780308,39.655409529530004,152.91910190082757,291.06272457653625
MAR04786,6.216781100873573e-15,1.0461681982238278e-14,-7.95348188267753e-15,-2.4444093842603127e-15,1.4392847553335688e-15,3.29466420589743e-14,3.560234106982432e-14
MAR04787,4.088498757799065e-15,7.522966206121802e-15,-1.0888354680924832e-14,-8.354777941852847e-15,5.65833048280006e-16,1.9962705929908064e-14,2.3922181955407566e-14
MAR04788,0.0,0.0,0.0,0.0,0.0,0.0,0.0
MAR04791,1.5788963506839104,1.8719704936539938,7.731437149268453e-05,0.04600107913836741,1.008938477032419,4.596597558633627,11.243269114042302
MAR04792,0.0,0.0,0.0,0.0,0.0,0.0,0.0
MAR04797,4.0012888654554285e-15,1.3496911112569918e-14,-2.0158743608839156e-14,-1.438490509279446e-14,1.1135584412506543e-15,2.840509684309963e-14,4.930942033281646e-14
MAR04807,0.0,0.0,0.0,0.0,0.0,0.0,0.0
MAR04815,-17.22334746088213,26.897593447795664,-113.04271387678111,-80.0912064338699,-6.244418967430759,9.257961810180396,37.39676131395111
MAR04819,0.0,0.0,0.0,0.0,0.0,0.0,0.0
MAR04820,26.919635438149648,29.06482615497909,0.5426921137261782,1.3540034135404984,18.176566114418613,74.38005541882339,142.43455700025484
MAR04821,8.15778854339205,4.803268979084906,0.4383837292825653,0.8667162602855032,8.395692661398442,16.258736182798632,25.805670569158533
MAR04822,12.144253193411041,8.55777013108277,0.07174502805109782,0.5704499865011747,12.052078927613138,27.976751597300503,34.59392820191348
MAR04823,3.8357324003665316,3.756915614201268,0.0056682148713889284,0.06926005883219935,2.347485675833158,11.127215287483907,17.240856679373874
MAR04824,0.0,0.0,0.0,0.0,0.0,0.0,0.0
MAR04826,7.72650810006012,6.576658204160441,0.011965258507123558,0.3456714928921459,5.879832714316059,20.7154743170243,26.871347591130984
MAR04828,-53.43414867216118,41.980191990881195,-178.3252406759056,-143.5059658999132,-46.77010219040011,-2.3206927884240507,-0.07491023090758883
MAR04830,0.0,0.0,0.0,0.0,0.0,0.0,0.0
MAR04831,-517.2232264220395,294.1139695760043,-930.7030391817987,-921.8298870703518,-471.0133731660627,-95.52432194143871,27.768016930093722
MAR04838,0.0,0.0,0.0,0.0,0.0,0.0,0.0
MAR04840,0.0,0.0,0.0,0.0,0.0,0.0,0.0
MAR04844,-419.62369338748744,362.6753859995177,-975.8925750899172,-966.582587293933,-306.1501542549063,103.1799474733203,370.0357767908472
MAR04846,-41.3427196330508,27.002484672956907,-87.02313297493207,-79.56709442622277,-45.24977325275066,-2.6136039487073734,-1.6431588221454387
MAR04849,-1.2648518708544276,1.6802077918851828,-7.86573523941643,-5.144173624937511,-0.5583822980192024,-0.01769712534512624,-3.866978485951825e-07
MAR04852,-394.9200485915551,316.13245707688276,-819.5986852640391,-814.2628928284383,-311.5695623980459,79.73688576289356,367.2508466791495
MAR04853,5.233517325670202,6.019981332235739,0.0033837599803757173,0.06733252961381266,2.2507182196477644,17.995346693004922,23.40616104661992
MAR04854,-381.3753038250648,333.8105888700243,-917.1013443638187,-911.079865343344,-193.33203659251558,-45.73112350918445,-28.379172072992333
MAR04858,-310.65594709066545,414.8084496035691,-921.4555431039213,-912.4655908922074,-139.98480464760502,377.34923421346855,477.0641451433771
MAR04859,0.0,0.0,0.0,0.0,0.0,0.0,0.0
MAR04869,0.0,0.0,0.0,0.0,0.0,0.0,0.0
MAR04873,367.80880362182415,244.53746071380985,-307.1836584029945,-66.23805079642015,308.1365709423314,775.0908878981891,828.8208452600052
MAR04874,134.74963595582986,617.7387374846006,-858.7822911212525,-850.5960213899184,387.3116360574057,741.0316969131928,777.1742249409448
MAR04880,4.507204884782208,4.301312295836368,0.011230353165300707,0.19366010295105657,3.149328297662091,13.996018081678422,18.94549548268241
MAR04882,247.46236730030205,232.2754982868532,-305.5873678765349,-28.68216211141278,198.4806040982975,688.5295797145361,739.9807178066261
MAR04883,-133.27046021635581,494.76688968886884,-949.7918343161539,-945.3758583927282,113.75482400524535,374.8830749725452,511.56049758411115
MAR04884,0.0,0.0,0.0,0.0,0.0,0.0,0.0
MAR04885,-136.10314614051072,337.72842927809967,-709.6839553987716,-627.1973669991308,-211.37129280936793,256.5400565434993,391.8105161891402
MAR04886,-620.4374426189529,223.09020042757786,-920.1288997188532,-899.0218175852309,-714.8428736768155,-285.41573952466473,-278.45234783509153
MAR04887,619.6972191061101,244.59803264902237,209.90149472450324,242.83007413520968,559.073793469507,981.4577567703238,985.5472501404087
MAR04888,-251.96414705707852,85.3732991043527,-470.65083292169754,-387.2848450475,-272.2687881897667,-112.34619603325959,8.734166288036988
MAR04889,-3.6356626876926983,12.476420032771637,-46.25167703696371,-32.46878757397359,-0.5850441600232938,12.91878012333276,33.63017969095269
MAR04890,-326.98832000325774,364.870360120893,-911.0814186483598,-905.7983322357309,-143.23145023552075,112.62697844801663,164.89876472183687
MAR04893,256.2208159806481,71.66959501418896,145.3609579427821,147.11597100050827,284.39407175295264,339.4587567717103,353.7306821974163
MAR04894,363.65016487566646,162.86686644819326,99.31026763689775,152.42679010776453,347.39379045075555,653.0416505641356,728.7677128426495
MAR04895,-219.4792627225401,128.7334921728903,-621.2745797585344,-494.5855656079134,-169.37615100372489,-92.77116987057747,-89.93818323778783
MAR04896,-980.2164613642863,16.371871247096333,-999.6656695693431,-999.104277027993,-981.881939079849,-951.8409148184976,-920.1678702514773
MAR04897,0.0,0.0,0.0,0.0,0.0,0.0,0.0
MAR04898,-204.2407250075605,137.4307148030572,-456.7127041224383,-416.33680881246755,-194.74072421485184,-9.314266482234242,18.682097666845436
MAR04899,-4.69549090835808,7.275315393517545,-38.407509545863505,-17.979935021956223,-2.032314716297903,0.9022648450464115,1.2008718779133731
MAR04901,0.0,0.0,0.0,0.0,0.0,0.0,0.0
MAR04904,-128.11040799032406,35.834797507094486,-176.8653410987082,-169.72937838585517,-142.19703587647643,-73.55798550025413,-72.6804789713911
MAR04905,0.004656744427759841,5.529948334584756e-06,0.004652587911973175,0.004652681999799332,0.00465460293227058,0.004665775154128788,0.004701617958697943
MAR04906,1.9651291969942022,1.9222229082081554,0.0008239880181244412,0.0356487025301135,1.3169221015859598,5.912819532017081,8.600856734803019
MAR04908,-7.290376969274604,6.573580373362178,-32.37275885230317,-21.69338852546774,-4.755988953436829,-0.7479492579535633,-0.518890291089115
MAR04913,10.505415708806984,7.495276634953944,0.2756263023698352,0.4029722868536528,11.858191538271665,23.59124789076932,25.820320621581274
MAR04914,91.36551262303021,486.2000813209778,-682.9666660196381,-645.7636498800309,-7.826607713968997,792.5333747945522,805.649816794417
MAR04916,0.0,0.0,0.0,0.0,0.0,0.0,0.0
MAR04917,0.0,0.0,0.0,0.0,0.0,0.0,0.0
MAR04918,0.0,0.0,0.0,0.0,0.0,0.0,0.0
MAR04919,600.0814623831282,242.75192642778515,103.70182540757213,238.71301833915732,591.521433540825,962.8400762948901,967.5387757857167
MAR04920,0.0,0.0,0.0,0.0,0.0,0.0,0.0
MAR04922,384.3702881450314,368.05477750360575,-312.25155187020164,-48.10498821061113,232.46152707853645,952.7583860055869,956.0894749065401
MAR04923,62.05939026011269,46.30854022290115,-11.802730961478577,2.8622340818373213,54.165651879693584,149.6853590686413,194.47136358919755
MAR04924,-182.1245869665874,450.78449331876897,-909.1455307084332,-904.1389770464,30.26038168546777,381.9416785537285,530.2356612407724
MAR04927,-1.119411438740484,1.302335657321679,-7.459696489971551,-4.037458426151881,-0.628295224299163,-0.06756529994410877,-0.039016574156981176
MAR04929,-0.8678953106590277,0.9335653298368471,-6.457757268586462,-2.7826462652748365,-0.5626952912504917,-0.024896551273777528,0.11545296295908324
MAR04936,0.0,0.0,0.0,0.0,0.0,0.0,0.0
MAR04941,0.0,0.0,0.0,0.0,0.0,0.0,0.0
MAR04943,0.0,0.0,0.0,0.0,0.0,0.0,0.0
MAR04947,-572.654862206253,227.35222882014077,-935.7756977788686,-926.7203894130046,-495.9409495068927,-274.35841702744557,-232.2447774430533
MAR04948,845.6998259563176,111.5381085229171,564.6764206418912,609.1051020460151,866.1863183833145,985.9770047629279,989.338474125874
MAR04949,99.31865865453884,474.50367988826423,-393.3476023883844,-325.6156588216097,-153.4885867376442,882.7521148306532,889.5446923784676
MAR04951,0.0,0.0,0.0,0.0,0.0,0.0,0.0
MAR04953,32.95773566733589,24.70938201375228,0.1106173816437987,6.227522407084659,26.1300057654339,83.87910961455044,99.02543954620293
MAR04954,0.0,0.0,0.0,0.0,0.0,0.0,0.0
MAR04957,821.614487262103,142.09832827442847,378.6513679983864,569.7726823985763,828.3725816426088,989.1693124239839,990.7034865278855
MAR04958,995.2158094184865,4.315815078852234,984.1093627498835,987.2774382306277,996.4137478173188,999.9113784953147,999.9836047111587
MAR04960,0.0,0.0,0.0,0.0,0.0,0.0,0.0
MAR04961,0.0,0.0,0.0,0.0,0.0,0.0,0.0
MAR04963,64.37697862765258,78.79950300513309,0.4769271114351984,4.542492789666078,27.340950095648914,223.00887057847734,317.20835659074487
MAR04968,6.085876913009927e-16,1.722919312251567e-15,-2.946170483575983e-15,-2.9322088834427745e-15,1.0208370502575623e-16,4.098893499074513e-15,4.666181768878842e-15
MAR04969,-67.69958168030844,53.43624865815255,-216.1883616597541,-154.35384178955323,-63.425150187759414,-3.66292559121833,-0.8765802895483148
MAR04970,6.4596564022246,3.758214566277978,0.43269286196002316,0.8236061230638484,6.439038080339456,12.179261773773701,24.549124930798214
MAR04971,68.06723819237888,93.60702748519523,-163.82380550218153,-19.444953078981914,32.92740407206226,274.1969722137085,317.0551817981765
MAR04972,21.75553028965775,165.92123732599342,-147.77503405995606,-113.69143912885318,-18.365858099008534,508.8594234911046,576.1943507933744
MAR04973,0.0,0.0,0.0,0.0,0.0,0.0,0.0
MAR04974,0.0,0.0,0.0,0.0,0.0,0.0,0.0
MAR04978,26.434373819445447,29.68088951356756,0.013839787196031395,0.4642339218905328,7.715917503993533,75.52039573476645,76.6126314378109
MAR04979,0.0,0.0,0.0,0.0,0.0,0.0,0.0
MAR04980,757.0118284661288,209.5997134855131,318.757012707151,366.8865615487243,793.2619692770868,992.280591845946,994.8493394799775
MAR04981,5.00004443684045,5.915543851927299,0.010177182055249022,0.12289193728411005,1.9431108275015834,15.394199584627517,27.181613343381223
MAR04982,105.42987490482919,171.75458094056188,-200.36871377802004,-116.2394042777608,59.269907871622536,556.5406305479194,629.794253726788
MAR04984,26.434373819445465,29.680889513567564,0.013839787196028106,0.46423392189052526,7.715917503993529,75.52039573476647,76.61263143781092
MAR04985,646.6836824652243,186.71188107390373,353.2921640905156,406.71811423125604,612.2857702619693,925.0762022554038,930.2312223178039
MAR04986,3.59044069829971e-14,5.08551666046248e-13,-1.4149624099998616e-12,-1.3144789425827584e-12,7.291259274791776e-14,7.244464471990461e-13,1.5836648788370541e-12
MAR04987,5.000044436840438,5.915543851927301,0.010177182055248377,0.12289193728411009,1.9431108275015765,15.394199584627511,27.181613343381223
MAR04988,26.434373819445458,29.680889513567568,0.013839787196029327,0.4642339218905049,7.715917503993518,75.52039573476647,76.61263143781092
MAR04991,5.000044436840439,5.915543851927302,0.010177182055248356,0.12289193728411127,1.9431108275015776,15.394199584627511,27.181613343381223
MAR04992,101.4218715795276,112.70394607130835,-164.14527533419488,-122.77916935167715,107.95541488425403,230.74170632042433,342.1307156111669
MAR04993,0.0,0.0,0.0,0.0,0.0,0.0,0.0
MAR04994,-655.7957547538446,223.10067827919696,-934.1996352377048,-930.5722173125931,-665.5327492256738,-224.52642391044637,-182.44968455432553
MAR04997,5.127671767867887,0.006089180926521053,5.12309491150619,5.123198514277586,5.125313707881178,5.137615756108052,5.17708327049815
MAR04999,-49.182118149020724,72.29676406240763,-293.51057970818005,-195.58484348719665,-12.535060269734682,-0.46317587298894974,-0.002422307380751275
MAR05000,-230.86382922429047,206.03557981730512,-707.7228682408122,-648.3729749284494,-168.1105844277505,-16.86174866358465,-14.90038171118158
MAR05001,26.43437381944544,29.68088951356756,0.013839787196029563,0.4642339218905154,7.715917503993522,75.52039573476645,76.6126314378109
MAR05003,-4.075686206092263,0.004839933566741122,-4.114960517867266,-4.083590100402178,-4.0738119222079465,-4.07213067859721,-4.072048330817282
MAR05004,304.1990932758592,392.31249686654877,-554.0355237855406,-316.73225526857294,190.67285370666193,893.4550056159055,898.3660871981734
MAR05005,61.11006427179847,53.25650649500014,10.833022567774286,12.29689032848736,42.03239545228969,173.65252799999365,220.55872196684538
MAR05011,-108.99752927570354,73.44146602277678,-326.8727959099763,-233.84825333419502,-85.803968428502,-11.470065155265338,-8.052139360413548
MAR05013,443.78222633689995,285.90582578509054,50.43215405408391,70.759020065427,536.6555899069272,829.5419529045023,863.9691166983437
MAR05017,5.000044436840447,5.915543851927302,0.010177182055249487,0.12289193728411278,1.94311082750158,15.394199584627518,27.181613343381226
MAR05029,-326.8869697895412,368.9038637059293,-918.6239318049713,-914.3883231469042,-109.78356446126566,45.72387379006949,171.45939732204437
MAR05032,419.62369338748744,362.6753859995177,-370.0357767908472,-103.17994747332033,306.1501542549063,966.582587293933,975.8925750899172
MAR05033,-3.626040412647225,0.004305972987220633,-3.660981827288857,-3.633072318130255,-3.624372907160409,-3.6228771449832164,-3.622803882135479
MAR05034,-753.3857880534819,209.60147122772455,-991.2262509147204,-988.6575526893702,-789.637455169743,-363.2575862533829,-315.1207574377085
MAR05035,-582.681774279058,325.1250020007327,-949.844535857315,-924.9611336163925,-715.2594547201107,-82.20144596882542,-77.65356275500324
MAR05037,-412.7570133354968,328.30304288372946,-922.3987937965652,-917.7207575187044,-278.94805419956293,-68.13425964607475,-38.43501858935883
MAR05042,-419.62369338748744,362.6753859995177,-975.8925750899172,-966.582587293933,-306.1501542549063,103.1799474733203,370.0357767908472
MAR05043,901.273296795618,68.21423089595874,711.3474053801547,757.8733982798661,900.608570554873,991.2408963780268,994.9535678925647
MAR05068,22.08964563509943,17.50129679460191,1.472765222144741,2.327309775205992,17.03390940806851,53.605959551394506,62.590786530787824
MAR05069,1.4912096623598327e-15,5.4582585795709475e-14,-1.5940341448718478e-13,-1.4732054326860187e-13,3.774109320070266e-16,1.1614780831739184e-13,1.1975334144583484e-13
MAR05070,5.02647868570796,96.58965715773995,-259.7933531843365,-164.66503349163193,10.048509426297358,151.68711215605634,208.2074107824206
MAR05071,748.0987373408057,175.29265141041498,429.11164741484913,474.4234809813341,739.9575573075621,991.9009396968967,996.2581906455473
MAR05074,-92.68999542388946,23.02050464322317,-127.49792537527375,-126.90182086419678,-87.63842851307447,-61.13739905372561,-50.700620174342234
MAR05080,-25.73991924065602,4.881707087510227,-32.64131413078909,-32.51940671757127,-25.512084628219803,-18.022392335253226,-16.803623165437944
MAR05081,0.0,0.0,0.0,0.0,0.0,0.0,0.0
MAR05082,-105.24182797927426,474.70920912989175,-871.7661035099377,-859.0545928285301,123.78926674804669,400.02971076399643,462.0562688142609
MAR05083,26.434373819445447,29.68088951356756,0.013839787196029536,0.4642339218905293,7.7159175039935315,75.52039573476645,76.6126314378109
MAR05085,-128.59285677128284,75.48723450761176,-320.1762085409297,-275.5611914783263,-127.21824440605263,-33.12064625915329,42.29684505404151
MAR05086,5.000044436840444,5.915543851927302,0.010177182055248262,0.12289193728411006,1.9431108275015794,15.394199584627518,27.181613343381226
MAR05089,-227.397618068411,46.359160612997485,-292.99898614037124,-291.84341233661524,-225.26762706922966,-154.74743044016105,-142.87280671382345
MAR05090,26.434373819445447,29.680889513567564,0.013839787196028536,0.46423392189051227,7.7159175039935235,75.52039573476645,76.6126314378109
MAR05091,205.9376370747609,144.26295390283587,20.740409964510338,28.35413028646663,227.36891365433752,405.91071032174364,481.322319120589
MAR05092,-172.51303693774523,36.18219394237414,-223.73282598573542,-222.83161552311458,-170.84167402520893,-116.04333768518731,-106.66722600232589
MAR05093,5.000044436840444,5.9155438519273025,0.01017718205524815,0.1228919372841105,1.9431108275015785,15.394199584627518,27.18161334338123
MAR05094,176.74712978368942,55.630341031453355,94.98366145985986,101.9062160803884,163.39575722541022,256.49124398990625,257.23076038412427
MAR05103,0.0,0.0,0.0,0.0,0.0,0.0,0.0
MAR05120,0.0,0.0,0.0,0.0,0.0,0.0,0.0
MAR05130,17.069892349487194,0.33538416715847824,16.856028920619806,16.858751409970836,16.923189970390467,17.797614125482237,18.400887687404502
MAR05131,48.899622501900126,1.1809542005000842,48.04959707740851,48.06036089877708,48.330806090083215,51.52278925078482,53.19868533409279
MAR05132,31.043002182536647,0.4872433192585304,30.7127181466328,30.717304345911213,30.823630702769194,32.164812564802844,32.91846070688338
MAR05133,22.660628716452315,0.2978271010374521,22.49391511691496,22.496595636499396,22.53811088331478,23.31293891887203,23.877675501073554
MAR05134,33.81554510409913,0.6607658579636126,33.35250304343044,33.35844022249495,33.5036488769434,35.31502177800051,36.29113339678042
MAR05135,11.28883220520302,0.6010756294272626,10.977113365833924,10.98021116618454,11.032410740192326,12.438917843970254,13.808304850980472
MAR05136,25.974970566850587,0.3961771432824816,25.674116388853832,25.678183170942308,25.781538782427685,26.931266398979716,27.335330009738986
MAR05137,47.63284964268915,1.0837808230220494,46.96897101262714,46.977019428773396,47.17173222349054,49.89812968373888,52.00396601025014
MAR05138,43.45220096770039,0.26088392112535014,43.24911965525857,43.252653879108536,43.341050051272006,44.15367600131086,44.39192757747623
MAR05139,13.844287914394053,0.27921622877568525,13.676707207863982,13.678774102469477,13.72673682767505,14.429867915451608,14.975934541994123
MAR05140,26.6140797134197,0.16404529197391687,26.512793732766983,26.514592964299702,26.548308776032798,27.06287989723585,27.283958158299434
MAR05141,55.44134690523091,1.159180940093731,54.6477174555075,54.657883055703344,54.90617571903593,58.02447033496241,59.860280355507975
MAR05142,43.79096132294685,1.053282905335196,43.13008463462917,43.13829286711108,43.3311956281207,46.006760854351555,48.00447817664246
MAR05143,13.441893491451927,0.15582836818648327,13.316868919478955,13.318618240347694,13.364913022631722,13.825462652101994,13.916634929091206
MAR05145,22.466691885166764,0.6158987754461731,22.07509199640475,22.080049628213214,22.1972091046401,23.752457953715847,24.918569259307407
MAR05146,30.879291569787323,0.43059991918076884,30.59258941052887,30.596550110397253,30.68976456886532,31.880583748350386,32.55889514112642
MAR05147,40.13914459968658,0.6155524297813567,39.650852501984744,39.65779114939611,39.82595956646692,41.649443293549005,42.028114629741154
MAR05148,32.45886298377101,0.5287674167807601,32.09250267955353,32.097412825004895,32.21604909709967,33.68169233954511,34.463105792015874
MAR05149,5.954140800216015,0.09972054330510172,5.878596415001027,5.879702642225672,5.909408559324592,6.204656447562368,6.39021935867354
MAR05150,40.57556926385846,0.7957989035651948,40.01107924845775,40.01819782489525,40.19655093423921,42.389852499244725,43.52490452006033
MAR05151,0.008629620715030342,0.017081950685811965,4.695612010093096e-07,4.036084726344075e-05,0.0013463600961358814,0.04118074064853225,0.08078583912086944
MAR05159,0.017747483060997476,0.030372171594761382,1.0161468743966718e-06,0.00012426356690902043,0.005124369569876526,0.10550775687253341,0.1565757998020901
MAR05175,0.0,0.0,0.0,0.0,0.0,0.0,0.0
MAR05176,5.233517325670108,6.019981332235684,0.0033837599803723207,0.06733252961377181,2.250718219647622,17.9953466930046,23.40616104661957
MAR05177,26.43437381944545,29.680889513567557,0.013839787196031714,0.4642339218905347,7.715917503993534,75.52039573476645,76.6126314378109
MAR05178,5.0000444368404295,5.9155438519273025,0.010177182055247348,0.12289193728411088,1.9431108275015738,15.39419958462751,27.181613343381215
MAR05181,11.027494158583117,7.3657211648369865,0.3867480030286131,0.8606481134374312,11.02797136994134,23.034607888603198,26.61818948526378
MAR05182,0.0,0.0,0.0,0.0,0.0,0.0,0.0
MAR05183,1.5271950107390768,1.52948556487945,0.0003839810720574089,0.027576272235002076,0.9285507931009802,4.521553381046781,7.852665914379913
MAR05188,0.0,0.0,0.0,0.0,0.0,0.0,0.0
MAR05190,12.14425319341112,8.557770131082828,0.07174502805113477,0.5704499865011778,12.052078927613174,27.97675159730087,34.59392820191386
MAR05192,1.1141855452985121e-15,1.5909541326647356e-15,-2.4842742539188248e-15,-1.377369620964128e-15,7.152993918613824e-16,4.271775930208601e-15,6.097354844465287e-15
MAR05193,0.0,0.0,0.0,0.0,0.0,0.0,0.0
MAR05196,0.0,0.0,0.0,0.0,0.0,0.0,0.0
MAR05213,0.0,0.0,0.0,0.0,0.0,0.0,0.0
MAR05225,302.92041465668296,202.39317479586535,20.29159069493258,24.833825679093497,289.37332274604455,610.2118564569392,725.1070745673572
MAR05235,0.0,0.0,0.0,0.0,0.0,0.0,0.0
MAR05242,26.434373819445444,29.680889513567557,0.013839787196027218,0.46423392189052987,7.715917503993527,75.52039573476645,76.6126314378109
MAR05256,5.000044436840429,5.915543851927304,0.010177182055247974,0.12289193728411126,1.9431108275015725,15.394199584627515,27.181613343381223
MAR05258,0.008629620715030338,0.017081950685811958,4.6956120099802037e-07,4.036084726344615e-05,0.0013463600961358796,0.04118074064853222,0.08078583912086942
MAR05293,0.0,0.0,0.0,0.0,0.0,0.0,0.0
MAR05298,26.43437381944545,29.680889513567546,0.013839787196028523,0.46423392189053675,7.715917503993535,75.52039573476644,76.61263143781089
MAR05300,5.000044436840431,5.915543851927303,0.010177182055247497,0.12289193728411084,1.9431108275015734,15.394199584627508,27.181613343381226
MAR05303,-913.9074816262399,63.974573026679415,-994.53663575866,-992.247885529246,-916.999443414317,-800.42613520354,-772.8589515999961
MAR05304,4.527019225779505,0.0053758977508069645,4.522978499757746,4.523069966559678,4.524937387592793,4.535798380916821,4.570642693214254
MAR05305,140.79049638862165,128.5087809611333,0.025256208738605044,1.4355088118900128,113.04257829900627,352.6263035715807,376.1346353068936
MAR05306,26.43437381944545,29.680889513567564,0.013839787196027093,0.46423392189052076,7.715917503993522,75.52039573476647,76.61263143781092
MAR05307,9.493143688274525,9.604540374794535,0.035790662877172474,0.3067498430017321,5.8679794230920805,28.606953965782733,41.88744390556839
MAR05308,388.22828592562894,116.4845483651143,143.60751834275604,183.88333454006332,374.3430893394843,541.3264423589726,545.6220489074237
MAR05309,5.0000444368404295,5.915543851927305,0.010177182055247671,0.12289193728411071,1.9431108275015723,15.394199584627518,27.181613343381226
MAR05311,1.6905631663948957,2.3882832478587894,0.008106335707233696,0.04201334371609321,0.6252216697425483,4.2945612138407805,11.467647510411018
MAR05312,26.434373819445447,29.68088951356755,0.013839787196032991,0.46423392189053825,7.715917503993531,75.52039573476644,76.61263143781089
MAR05313,30.378167703838265,14.956661367368561,9.108813229159763,12.238389293175365,26.70186240901787,59.91015096713905,70.08514263848714
MAR05315,382.55885948254144,219.00933224393285,67.94498487463974,75.07905067686892,380.7491131560116,711.9811822518654,754.6882040606312
MAR05319,192.37223417206624,139.546011379413,8.134029099299468,11.56428981181504,175.75148491144643,454.25039480596945,534.9224745816726
MAR05320,196.78491666291595,134.34441304424485,25.255876743694895,30.138909162546987,212.89799852715976,409.23131041181176,433.1874171059925
MAR05321,5.0000444368404,5.915543851927283,0.010177182055251597,0.12289193728413178,1.9431108275016045,15.394199584627446,27.18161334338118
MAR05322,12.900702876377732,16.13187055295508,0.0021365843974824354,0.16345496795369915,6.311698205171096,52.20324531980813,61.18968417851708
MAR05324,236.91018232407032,278.09885116095506,1.4479572537203609,12.103991668411773,65.89529858304921,694.3801261501451,696.8700456555447
MAR05326,16.586485862072035,18.450179922638934,0.05324214936794147,0.7532137280120269,8.03876274959141,58.79464741026016,74.05120380449436
MAR05328,297.5741071932116,87.45061699547765,153.21571542746798,181.43452387537684,264.8179203165809,409.0894970997526,489.44009087002286
MAR05329,3.835732400366916,3.756915614201484,0.005668214871330285,0.06926005883223665,2.3474856758335996,11.127215287484924,17.240856679374417
MAR05330,496.8240228439958,260.1936483393999,87.98139836304752,123.37816529278419,412.0911310110865,893.6226856114357,897.5290794818424
MAR05331,0.0,0.0,0.0,0.0,0.0,0.0,0.0
MAR05333,24.24102021110196,34.39955204451528,0.02553095068384498,0.30213715299384897,5.633973394416939,103.39412260528874,126.5630010744946
MAR05335,13.496732404391336,14.781568331789346,0.030079617181911607,0.3568556057962356,7.528835514743134,47.835558080655495,57.08038171984759
MAR05341,0.0,0.0,0.0,0.0,0.0,0.0,0.0
MAR05344,-140.03355073410094,475.69350539323653,-909.0481112748699,-899.6727127301606,88.67534641043919,385.9925774955921,462.21556052171104
MAR05345,2.177767545787978,2.7867063294536933,1.7239287765547125e-06,0.03782017777369348,1.4774664704088671,9.635714130203125,14.200774672869091
MAR05346,-7.2903769692745515,6.573580373362186,-32.37275885230316,-21.69338852546763,-4.755988953436541,-0.7479492579535628,-0.518890291089102
MAR05353,0.0,0.0,0.0,0.0,0.0,0.0,0.0
MAR05354,0.0,0.0,0.0,0.0,0.0,0.0,0.0
MAR05357,0.0,0.0,0.0,0.0,0.0,0.0,0.0
MAR05360,0.9141468202426569,0.8462699135657462,0.0012646506067341542,0.034463673793811156,0.6410318292884567,2.739816232948326,4.010239278857711
MAR05361,28.183904199735295,172.1022167193341,-170.3562176605111,-129.09320678837847,-22.87604859073938,509.2586022294087,563.4175362028786
MAR05362,140.82515938328137,129.314641288058,-26.646632507125332,-22.83317269835835,129.92719027336005,338.35679496694866,540.7514035541033
MAR05364,0.0,0.0,0.0,0.0,0.0,0.0,0.0
MAR05366,5.0000444368404295,5.9155438519273025,0.010177182055247654,0.12289193728411006,1.9431108275015743,15.394199584627504,27.181613343381226
MAR05367,0.9141468202426573,0.8462699135657463,0.0012646506067341646,0.03446367379381104,0.641031829288458,2.739816232948326,4.01023927885771
MAR05368,0.0,0.0,0.0,0.0,0.0,0.0,0.0
MAR05369,26.434373819445447,29.68088951356755,0.013839787196028564,0.4642339218905211,7.715917503993523,75.52039573476644,76.61263143781089
MAR05370,26.434373819445447,29.68088951356755,0.013839787196026802,0.46423392189052326,7.715917503993527,75.52039573476644,76.61263143781089
MAR05371,7.726508100060172,6.576658204160472,0.01196525850714034,0.34567149289214705,5.879832714316078,20.715474317024388,26.871347591131098
MAR05373,0.9141468202426594,0.8462699135657471,0.0012646506067341327,0.0344636737938114,0.6410318292884634,2.7398162329483275,4.010239278857713
MAR05374,0.0,0.0,0.0,0.0,0.0,0.0,0.0
MAR05375,0.0,0.0,0.0,0.0,0.0,0.0,0.0
MAR05376,26.43437381944542,29.680889513567532,0.01383978719602651,0.46423392189052226,7.715917503993518,75.52039573476642,76.61263143781088
MAR05378,0.9141468202426568,0.846269913565746,0.0012646506067340588,0.03446367379381073,0.6410318292884589,2.739816232948327,4.0102392788577035
MAR05379,0.0,0.0,0.0,0.0,0.0,0.0,0.0
MAR05380,0.9141468202426588,0.8462699135657464,0.001264650606734122,0.03446367379381034,0.6410318292884555,2.7398162329483293,4.01023927885771
MAR05382,0.0,0.0,0.0,0.0,0.0,0.0,0.0
MAR05383,0.9141468202426575,0.8462699135657462,0.0012646506067340588,0.034463673793811,0.6410318292884615,2.739816232948326,4.010239278857703
MAR05402,0.0,0.0,0.0,0.0,0.0,0.0,0.0
MAR05403,26.43437381944542,29.680889513567536,0.013839787196026732,0.464233921890513,7.71591750399351,75.52039573476644,76.61263143781089
MAR05404,0.9141468202426112,0.8462699135657171,0.0012646506067317347,0.034463673793818275,0.6410318292884294,2.7398162329481077,4.010239278857477
MAR05405,0.0,0.0,0.0,0.0,0.0,0.0,0.0
MAR05407,-461.8193472905694,194.7486804633282,-787.2340090427791,-702.3655893920989,-411.5347583853346,-189.46709396824753,-139.0211431336735
MAR05408,26.434373819445373,29.68088951356757,0.013839787196005097,0.46423392189033597,7.715917503993481,75.52039573476641,76.61263143781088
MAR05410,26.434373819445447,29.680889513567564,0.013839787196028897,0.4642339218905213,7.715917503993523,75.52039573476645,76.6126314378109
MAR05412,26.43437381944542,29.68088951356754,0.013839787196024845,0.4642339218905065,7.7159175039934995,75.52039573476644,76.61263143781089
MAR05414,-556.9268637284939,243.41162863706913,-931.2089803512808,-926.1908691760253,-499.4435862952201,-227.46940222938102,-135.07115310513717
MAR05420,0.004656744427425467,5.529948216352348e-06,0.004652587911306095,0.004652681999159243,0.0046546029325720915,0.004665775155975475,0.004701617958715949
MAR05422,240.57460463149076,71.66346632183804,129.72862377467368,131.48364316207602,268.74573495790276,323.8232558750589,338.08756822842685
MAR05423,3.7928845916130496,0.0045041027501931084,3.789499139353247,3.78957577322787,3.791140359573145,3.800240054577022,3.82943375767875
MAR05425,0.0,0.0,0.0,0.0,0.0,0.0,0.0
MAR05427,0.0,0.0,0.0,0.0,0.0,0.0,0.0
MAR05435,-1.0325381578519642e-16,3.533225436128132e-16,-1.417961692933507e-15,-1.0066801562613965e-15,-3.16837375749484e-17,5.327659224867074e-16,5.707465784297379e-16
MAR05436,0.0,0.0,0.0,0.0,0.0,0.0,0.0
MAR05437,0.0,0.0,0.0,0.0,0.0,0.0,0.0
MAR05438,0.0,0.0,0.0,0.0,0.0,0.0,0.0
MAR05439,4.904704253469566,6.192434798282882,0.008492181642041319,0.1239205837430855,2.4908313332617165,18.66038690856221,38.94040447429176
MAR05453,0.0,0.0,0.0,0.0,0.0,0.0,0.0
MAR05456,0.0,0.0,0.0,0.0,0.0,0.0,0.0
MAR05461,-158.76284496134394,266.7621802420993,-599.8741287228593,-597.0846610588507,2.1550931195564864,68.49948247838158,81.56363201446314
MAR05468,-78.43113674839638,67.66270495736327,-182.64063186083877,-181.25641625087843,-58.614670927276705,21.211040019735442,62.345623304603244
MAR05481,406.310359397376,93.9371496372984,203.77665734634797,228.68498861625795,454.662872549889,501.6278720328261,566.8744547517314
MAR05565,168.772989062273,74.42458463647692,-42.81718996660692,18.938819983288383,178.20867097898076,250.60353640186747,257.158741826555
MAR05987,0.004656744427425467,5.529948216352338e-06,0.004652587911306095,0.004652681999159243,0.0046546029325720915,0.004665775155975475,0.004701617958715949
MAR05989,0.0,0.0,0.0,0.0,0.0,0.0,0.0
MAR05991,0.0,0.0,0.0,0.0,0.0,0.0,0.0
MAR05994,370.4700068946182,350.1855899137761,20.666983059772036,50.07894175870228,174.23239790496396,931.6021138275113,933.8959614511789
MAR05997,5.197604746255248,6.630066146754477,0.0002344433460716788,0.13630373857980627,2.6384278381141058,20.26016919421314,41.58615999658772
MAR05998,-406.7937578012536,256.2686053769454,-810.2005295008363,-740.3247710667155,-462.3539746566171,-66.84429612505235,-47.078483984285754
MAR06020,31.063763842368463,38.33783038993166,-88.07273979877834,-27.168378770925003,23.565179902581747,89.85859847669765,129.93650522221606
MAR06055,204.302660339372,158.086752632974,8.698465471051948,11.371250858060536,173.37597356511887,529.404624614872,634.1917653845095
MAR06095,-708.0505909093962,203.223051695956,-989.4291800319027,-984.6463353057261,-689.4198241658034,-345.66011061552086,-230.61377665944553
MAR06096,204.302660339372,158.086752632974,8.698465471051948,11.371250858060536,173.37597356511887,529.404624614872,634.1917653845095
MAR06098,0.0,0.0,0.0,0.0,0.0,0.0,0.0
MAR06103,568.0487887418936,258.05238152277764,130.3026581664426,238.55879741284892,475.5232164974231,973.1263191994357,976.7788538088931
MAR06104,371.5190109493209,382.57264835423183,-356.4306077040595,-178.13275781023515,220.25996284479825,969.2132281961008,975.1802132600641
MAR06105,709.0820067046936,220.42403168132287,208.31595231606624,318.92771816936477,768.9247776383716,977.6899508425024,982.476731513155
MAR06106,55.10733901733086,169.82067453829742,-219.55641841310646,-174.8041484884963,9.687179673687986,456.8207462472321,623.439619906979
MAR06107,-233.1026214765096,190.57432678284033,-707.4924768590083,-679.415287721437,-233.0499784743174,-9.031094602123304,-6.128021870020916
MAR06123,-65.50275815564663,186.75517968628566,-604.4675801763678,-572.1896944459306,-16.93823178916378,102.26650586207482,156.28058621335032
MAR06124,-391.9497761682853,266.4967428118141,-796.0535872647508,-767.1048935282204,-448.1718008416692,6.2627492980283455,9.406407742385952
MAR06125,20.388934800187066,230.50409835824996,-476.7832650978516,-317.9255469548331,18.340599425539274,544.7274822871559,611.6888146025578
MAR06126,-390.4275719830962,371.8503458405931,-972.4960408600418,-965.58310493144,-270.405681802694,161.04076608098788,352.98759243725505
MAR06127,-606.2489620203208,234.09048392305561,-981.2678879037728,-977.992377214496,-529.5282460858681,-339.6616099342816,-259.1973020308375
MAR06128,385.0396842312701,371.4510758735702,-355.3637282513864,-191.2282372624343,246.7743660377326,962.3573044720176,969.0288913675114
MAR06129,11.533732207344395,10.409537679090548,0.030696036465606764,0.8951317668780413,7.664146466972751,33.70660440649999,47.842019858076235
MAR06130,-219.07861247605905,165.2381950117138,-641.1045476154386,-539.236725031059,-216.70303212520497,-11.948003256153369,-8.995150804530454
MAR06131,56.159314520398155,42.17636562495885,-43.70992723523591,8.177624080563875,48.093769990062555,142.7365951722255,188.5070045013136
MAR06132,-281.77230721876714,148.68675267956536,-598.7032903266164,-511.08120268998476,-293.8460752920865,-72.09611546130199,-60.447237969230514
MAR06133,-767.3940099163501,190.6287090152339,-990.8966503447938,-989.5839154330376,-794.5968462929858,-388.56538183419343,-282.3500376897874
MAR06134,-319.5089426321922,391.9589098760055,-919.2076071648878,-907.4374461355122,-167.03239757145204,196.74997113020504,374.24260432355686
MAR06135,473.0506523801607,295.3545615379532,98.5521965607504,166.29553682788702,331.3663584769972,961.6611501876836,964.1335217207194
MAR06136,-54.198887832780244,34.24193269086025,-135.5399301945348,-112.94801486013512,-51.306208479149404,-4.908967528647288,-1.5074570351870307
MAR06137,-140.0614784696526,491.25729032970304,-953.1008160191864,-948.202194273874,106.2892773267146,359.4811690752248,495.78000315266445
MAR06138,-382.3723786834538,377.21502643382837,-975.4705970803631,-969.8307421870812,-233.38302971216973,164.74626099048209,348.9855263132761
MAR06139,-431.2842902064505,368.8192433792442,-971.14026201469,-965.5412737206428,-343.76371982075784,194.28771474176014,344.9901853824507
MAR06140,538.278208918915,276.6904318674176,181.24218761408133,214.98162939486647,406.1109369855886,950.8916113605586,955.0729083590378
MAR06141,556.806898252318,320.0895768228409,-221.82488116940607,-41.12437952530191,495.3636726923571,972.0372701873149,979.7057479623625
MAR06145,-802.641798011265,193.1687237788476,-992.0146494449161,-986.7984832648835,-860.0978064545433,-379.74337980838186,-326.81994982430484
MAR06146,598.7732132587505,251.05467380064144,200.54729578969568,243.92902598327487,528.876146427928,977.4202649654411,982.4835057347418
MAR06147,-505.21342195218114,285.22191268403594,-972.0317417857822,-968.5639935201426,-368.6937316804292,-184.48497206701487,-99.08517350463485
MAR06148,160.49391799832136,176.38879692838728,-203.69807246137833,-13.618474426718294,141.70207702680213,557.5705942120516,648.8412788138976
MAR06149,-218.3539879140503,208.78005969761767,-797.5100405853741,-651.4554998167887,-146.59914434489315,24.391363797027598,32.811191089772365
MAR06150,241.16472971710922,434.0813331765238,-490.1657904083187,-391.1937695047041,55.45060204970059,911.0620450349695,917.5519807387702
MAR06151,381.22320463088244,381.01732380561805,-334.64258329573534,-201.4151321270866,244.84795154734957,970.1884552311078,976.6404086708591
MAR06152,-3.850305365147189,5.377226314447332,-20.846753442617683,-20.767247742249914,-1.9013448186383926,0.9774999265253314,4.585575971506842
MAR06153,-377.37289926573726,382.7491508974152,-976.5192976449546,-969.9769454296294,-233.61498181414265,203.83462910792423,336.50573948868885
MAR06154,-322.3146339066451,433.20310919887595,-925.617020043609,-920.3354610180157,-213.30470631550418,384.34562006283386,464.5825619555454
MAR06155,268.1229121952543,382.29479430614094,-142.68191323476174,-66.85500482947862,39.21354740655056,891.9433771802926,896.593477993726
MAR06156,288.9314383569372,421.1113156739734,-431.5034477044422,-291.63119609443305,135.147755624738,952.585079880273,959.5317295099162
MAR06157,118.44901730637497,87.1387042303147,-54.393960909272494,21.070215284316753,96.1323045955375,274.1285789329836,336.5253423026952
MAR06158,-402.4809131901449,333.88588678117,-962.5650551954668,-958.8848696323297,-244.05795216644367,-46.84384200085161,26.32710073951489
MAR06159,-5.815159779102656,72.67116993412,-211.48620037082253,-138.77894370267578,-3.174627033640377,113.81445379625467,210.05546497438286
MAR06160,375.27517707672007,376.8387776694066,-345.71837026304996,-174.35684182438177,225.281073231854,966.892316566804,972.415639669521
MAR06161,-494.1104574510545,301.0482471808031,-977.1048281677994,-971.9517353781532,-356.72643972422946,-143.62226972046003,-88.27487201174002
MAR06162,-22.608243895098532,121.91100555678246,-285.27979396082765,-180.44509751486135,-42.734802088764866,271.6231978526739,406.05266418960804
MAR06163,-231.93367273422552,269.718405475112,-716.1061751151572,-667.9157971207674,-214.82797414314606,322.00017102786234,383.56326294280683
MAR06164,790.5591556456243,195.64112039188265,322.76896109636743,384.783473287869,855.822318718245,986.4789923309174,990.9049246996744
MAR06165,-570.6691540144186,260.65010698305827,-981.2469725512925,-976.5363534273716,-470.7041887343436,-230.65586113595336,-190.87835670158572
MAR06166,51.69742468006441,171.69272320327616,-179.59066234806556,-109.2275103920356,-0.7392224848562137,508.93351628946306,632.4096289431211
MAR06167,-640.2467677224479,232.97103110160714,-983.9278929497419,-979.7587612232486,-535.5082491592996,-351.101426346518,-269.49466516904147
MAR06168,606.1369623328311,305.9523019294082,-220.76027061532835,6.483259122786458,647.8748796067405,981.6852227046159,988.1821175162296
MAR06169,256.22902715080943,467.48540568288587,-596.9801067042235,-457.1694135849225,104.84755107189882,958.6393555219948,964.7602125108042
MAR06170,2.023815876045786,4.012420926532347,-4.760676028826822,-2.6879732665403937,0.8437625131904554,10.525670207856688,13.170174579569448
MAR06171,-246.20917192383027,428.12433572329326,-953.7269845722639,-949.2592802368157,-47.30475065349833,296.1975270591277,440.0510380132713
MAR06172,-523.9327604293727,328.1561037748069,-982.9974466773206,-976.5664835710527,-459.21466572246925,73.96161557118818,266.2619978233049
MAR06173,155.24876274967653,142.77200946612234,-325.05527406866906,-49.08393455948947,126.79207906107587,386.0915076883315,459.07305127046607
MAR06174,38.43044108575977,138.89939290349474,-358.48321254306603,-287.45810566861724,54.617822623997995,212.36226353124272,403.5765187093933
MAR06175,356.2502951883525,388.46363477217216,-338.7277533868644,-229.7520000153018,209.1468171296683,964.2128061787787,971.3254384467386
MAR06176,-0.5989363066627618,3.0194248804142827,-8.552807623483034,-8.454159933689533,-0.1084728497494325,4.213208877342462,7.065328483525036
MAR06177,-355.6513588816887,388.68050024869274,-971.3196651923942,-963.9811138193134,-207.6007378351155,229.53692966347467,339.09345771099703
MAR06178,108.17903496288696,154.9573018952431,-178.23175398581242,-39.17912183124141,57.70995059145096,464.14448836462736,556.8833146370083
MAR06179,-6.425406865034487,9.84485113737522,-33.911640407766356,-25.01392812071696,-3.8420106922632726,5.648990253205672,13.504804870476448
MAR06180,-101.75362809785791,154.06622313689059,-552.0439106046003,-453.1061290104106,-53.82568882656517,59.56053013904881,204.63399365445144
MAR06181,93.87748959145807,180.72435502396627,-375.6406754823127,-263.20380743055586,57.98584811422381,428.53208407421374,585.0386270287893
MAR06182,-530.5448163253941,265.38706891925864,-976.9541818357344,-974.4982752577089,-405.8033813975935,-259.29134755960894,-205.4834660979945
MAR06183,436.6673267339353,365.230901178914,-376.0802174265762,-164.05505857151007,334.12441793046895,969.2981209738737,974.4629263462251
MAR06184,-248.58420665204204,437.5928790837311,-911.2611201290222,-906.3063677292922,-74.30056000271338,480.92598486794213,555.3958912927574
MAR06185,252.53290604176738,176.84231808385897,10.18993512557779,14.7305713527773,257.81172590568485,548.5839161311925,664.8844603449686
MAR06186,-34.40550414948228,31.478351586627983,-132.9186189709452,-105.47523280394931,-29.207697040043115,2.0038579157600798,14.682675394945818
MAR06187,-179.17509029609167,456.14919744189285,-911.3722227655139,-905.0906901617116,35.33453444265953,395.9233874168201,554.4353814304116
MAR06188,-45.47340725502333,50.631462490118714,-214.655824682477,-174.58239849869346,-30.61850245759473,1.5159095686049862,13.342307775263293
MAR06189,224.6484975511117,432.42116405990834,-527.8292650009748,-364.71988388729307,46.208064294240785,906.417301917538,910.7366513366755
MAR06190,369.0594924441148,385.24086613036593,-340.0466798960783,-209.78798149846378,244.78204595004263,967.2393000221832,974.1599624314024
MAR06191,1.1123968337056138,2.764512346407538,-4.266683518386003,-4.197922759064355,0.01704343782336082,5.289870560212995,5.6953603998549625
MAR06192,-370.1718892778204,383.88917874674615,-974.1577757604331,-967.1042227256286,-245.31965634251293,205.17230540320926,340.1721303435218
MAR06193,670.8326950081713,343.5170991064858,-329.46423834660123,-191.14217340237528,766.1048344113794,978.2283498718793,985.6598466034138
MAR06194,145.09153887916736,166.2504658796437,-20.854803325102694,9.780204919339095,81.98778628611751,551.1492521267173,687.3628348013219
MAR06195,-577.2842373023897,261.0198479818866,-982.5980036830242,-976.0480760298004,-505.24647234430864,-223.28778754027593,-193.21633612609125
MAR06196,567.8887001813897,320.8680808946913,-225.51555911502413,-40.5764041792223,555.6861345667397,980.3117480532813,985.0329080986344
MAR06197,-37.17156414897123,559.774698668991,-716.6290235694644,-611.8868680742139,-264.01741081750856,879.4468831391697,883.2907792692478
MAR06198,-370.57840956632583,385.1374075635186,-973.7014572949671,-965.6583275717019,-249.25157208805416,217.05702907265442,343.72552222622505
MAR06199,623.0175303295119,237.76518020414088,164.7054023116276,246.48481262837007,589.3883548536159,970.8828813868427,976.9857787183602
MAR06200,-219.96528967203676,410.2938697889195,-862.3230347405305,-849.2601572614471,-45.04317809005943,276.2421074996496,402.1959203402572
MAR06201,-498.3648385794681,342.0541832163401,-980.9866219191929,-974.7636336874897,-478.80084313552845,51.28870184236544,234.0178966134892
MAR06202,220.3878651854123,165.96806443640068,4.449928683525468,7.393395752785878,228.13819858005695,558.1829856997646,625.6552227343448
MAR06203,-463.01995994678873,301.94449435291483,-960.0823143131691,-958.6225709084507,-309.00433255878795,-151.7516098300012,-91.3728500381635
MAR06204,242.6320947613785,434.16760530316066,-437.22883331366467,-313.97409864428664,40.27848657519192,951.4492118389127,955.5405233630256
MAR06205,-303.24699976965564,401.3018606935917,-959.3781829741149,-953.7033201219117,-127.30446590634207,217.71437578846877,407.4137661954847
MAR06206,307.2321682468235,364.2024406906873,6.498498522145269,22.384713746787888,81.2608094233953,907.2981273101045,910.3631709354831
MAR06207,-3.9851684771622877,107.48362053046881,-429.16901579627654,-257.16265824129397,25.757056182717122,128.8358420257766,197.15818145183943
MAR06208,481.2206454481848,299.29827651557457,47.51343396273063,138.00119570456565,341.974042474822,968.4787616457596,976.2923720723024
MAR06209,6.158042410090413,9.096217373259131,-22.312779790454442,-6.557345563343713,5.35414683761195,21.43891017112972,44.80132401982189
MAR06210,-375.8181258639736,381.3100111871712,-973.7681645845561,-965.159685415007,-249.20957580779626,198.63211343583924,336.9063544992091
MAR06211,367.0608484719597,340.53586078784537,-44.64635206776961,12.091447514928058,250.50478268735492,905.1262681690143,912.3332419947927
MAR06212,246.00232036043985,406.29585510990756,-377.0114443586876,-256.0771759654784,53.836557730571755,897.0788277930587,902.3569478901644
MAR06213,-146.35434397259698,469.302152313725,-898.0900182212092,-892.5921582760006,62.882454185136154,425.08599350337806,601.5886796822311
MAR06218,-76.93219363842648,501.0875540219886,-895.7279078649756,-888.2564824536288,152.85538532440228,511.13150980029405,699.064055761328
MAR06221,-594.9769027102911,260.529344673875,-979.6547649394203,-973.3888941312492,-493.5170422398304,-256.93405815822655,-221.67500157091666
MAR06241,0.0,0.0,0.0,0.0,0.0,0.0,0.0
MAR06243,682.6025307679024,222.6153794276734,289.47045436492834,332.766590250521,656.7264644905247,986.1783945172637,988.5834908430503
MAR06245,671.5952752050977,353.19635148982286,-330.86645334869434,-208.28333509947237,756.4212957128191,983.7527964889248,987.9850476004137
MAR06246,147.4139625169778,155.70782199364126,1.1414626624464843,4.678800982849953,82.73948169682262,472.25189611144305,594.4477446792902
MAR06247,208.95800194976783,161.84437922863327,8.532042196352373,11.272684441966327,178.85870400481411,538.6639477940188,634.9219807211476
MAR06248,196.11722571376566,157.7297514088149,7.428745577115688,11.079681822052175,160.76936479067,507.11009505088987,633.4239391460409
MAR06249,380.9067690403427,337.0708810581255,63.80809720730166,88.91505997082257,176.07767732170197,915.9384082491566,918.3981619341928
MAR06250,-286.71006125508393,412.45799241994314,-959.5048988899293,-955.0008915686848,-101.36858702377009,238.47496251213784,434.5785561591408
MAR06251,663.8008169647821,229.35216465113365,287.34376729650245,340.86003290443387,598.5335909385449,959.519564886823,965.1593511260852
MAR06257,0.0,0.0,0.0,0.0,0.0,0.0,0.0
MAR06258,-562.9741096782838,255.2553367034277,-982.0723104286558,-975.7142885979525,-455.6621390949606,-240.12780068206467,-168.5898296661015
MAR06260,206.14531912066587,636.8969739434157,-827.5457780188028,-820.8587803975242,460.4079309709929,834.9127645573494,886.0668416083959
MAR06278,0.0,0.0,0.0,0.0,0.0,0.0,0.0
MAR06280,5.0000444368404375,5.915543851927303,0.010177182055212718,0.1228919372840832,1.9431108275015814,15.39419958462751,27.181613343381212
MAR06281,26.434373819445447,29.680889513567568,0.013839787196035225,0.4642339218905157,7.715917503993524,75.52039573476645,76.6126314378109
MAR06282,5.000044436840437,5.915543851927304,0.010177182055212746,0.1228919372840817,1.9431108275015814,15.39419958462751,27.181613343381215
MAR06285,0.0,0.0,0.0,0.0,0.0,0.0,0.0
MAR06287,795.9744441473738,109.61856311055553,585.9672162617239,631.5687054037048,768.2868922971716,954.7527885883641,958.257643483503
MAR06297,-173.09738363074348,172.70971572822967,-686.3846566254715,-590.0216127794096,-116.46233351354968,-13.05824136988579,-7.805268679263577
MAR06298,85.51019821157725,161.9258759583861,-34.007808649487856,0.06770325606387957,20.203491876529142,543.670402029745,596.9742551713219
MAR06320,26.43437381944545,29.680889513567557,0.013839787196033033,0.46423392189053186,7.715917503993532,75.52039573476645,76.6126314378109
MAR06322,5.000044436840426,5.915543851927304,0.010177182055211651,0.1228919372840822,1.9431108275015774,15.394199584627499,27.18161334338121
MAR06328,556.7993355848406,273.7400063358955,87.51127502279135,139.04776958202976,588.0033404856106,920.1035702569512,926.084831178451
MAR06348,0.0,0.0,0.0,0.0,0.0,0.0,0.0
MAR06350,0.0,0.0,0.0,0.0,0.0,0.0,0.0
MAR06366,-239.05434089759905,204.4353003033492,-680.4565902516589,-632.9968314916143,-207.71387818885887,-12.526910775661618,-10.243241895726783
MAR06367,0.0,0.0,0.0,0.0,0.0,0.0,0.0
MAR06375,317.27917868598666,78.15197904707554,132.18425277833703,173.01181798156784,333.73407900894404,442.20318986821644,492.2723027504816
MAR06376,0.0,0.0,0.0,0.0,0.0,0.0,0.0
MAR06377,586.2798049088773,255.21131078965902,179.74784676837024,239.28177848740458,488.7673162991824,977.6572709762162,980.9372881324051
MAR06378,1.6981321411637054,2.0673289960348766,0.0002921629534076051,0.009482387225151271,1.0563848190338387,6.813113238512198,9.629476908188062
MAR06380,-431.61810371683816,323.8182401804172,-951.6264799715514,-948.738122527687,-296.9842246192571,-35.21274897832111,-2.4153243788443888
MAR06381,170.16664821778951,140.8253707073016,6.383644647502397,8.312186728625411,159.74589868949155,424.0277791922545,580.2488266068632
MAR06382,41.38811170683967,28.871885595092994,1.7193153058732717,2.993419860960145,40.626540859134636,95.0966356287676,126.44906474978801
MAR06384,317.8052617713917,359.27974054362744,1.7818788418092892,37.897504583359286,93.56333293282589,910.1455948390371,912.4831678458935
MAR06387,-304.1990932758622,392.31249686656605,-898.3660871982139,-893.455005615943,-190.67285370662768,316.7322552685686,554.0355237855445
MAR06388,-41.3427196330517,27.002484672957944,-87.02313297493362,-79.56709442622459,-45.24977325275131,-2.6136039487073055,-1.6431588221454443
MAR06390,1.6981321411637054,2.0673289960348766,0.00029216295340760335,0.009482387225151224,1.056384819033839,6.813113238512196,9.62947690818806
MAR06394,0.0,0.0,0.0,0.0,0.0,0.0,0.0
MAR06407,1.6981321411637054,2.0673289960348757,0.0002921629534073761,0.009482387225151023,1.0563848190338396,6.8131132385121935,9.629476908188055
MAR06409,-155.22759950984198,139.00085110558607,-596.628521558362,-399.808283690628,-119.19218940030629,-15.948614349890844,-13.869494484697812
MAR06413,155.22759950982893,139.000851105572,13.869494484698738,15.948614349892456,119.19218940029612,399.8082836905829,596.6285215583551
MAR06414,155.22759950984192,139.00085110558595,13.869494484697734,15.948614349890912,119.19218940030655,399.80828369062766,596.6285215583622
MAR06418,1.6981321411637058,2.0673289960348766,0.00029216295340745937,0.009482387225151108,1.0563848190338399,6.8131132385122,9.629476908188062
MAR06421,1.2859508355140611e-11,1.9414587224184586e-11,-2.7336868638249354e-12,-1.6256819663028921e-12,3.8280195832065e-12,5.514743229384385e-11,6.289687551253686e-11
MAR06422,0.0,0.0,0.0,0.0,0.0,0.0,0.0
MAR06424,-0.004656744427425475,5.529948216352377e-06,-0.004701617958715949,-0.004665775155975477,-0.004654602932572107,-0.004652681999159248,-0.004652587911306099
MAR06426,0.004656744427425476,5.5299482163524265e-06,0.004652587911306099,0.004652681999159248,0.004654602932572106,0.004665775155975476,0.004701617958715949
MAR06428,0.004656744427425477,5.529948216352604e-06,0.004652587911306099,0.004652681999159248,0.004654602932572107,0.004665775155975492,0.004701617958715949
MAR06431,0.004656744427425476,5.529948216352578e-06,0.004652587911306099,0.004652681999159248,0.004654602932572107,0.004665775155975492,0.004701617958715949
MAR06432,0.004656744427425469,5.529948216352386e-06,0.004652587911306097,0.004652681999159245,0.004654602932572093,0.004665775155975492,0.004701617958715949
MAR06433,0.004656744427425469,5.529948216352366e-06,0.004652587911306097,0.004652681999159245,0.004654602932572095,0.00466577515597549,0.004701617958715949
MAR06434,0.00465674442742547,5.529948216352472e-06,0.004652587911306097,0.004652681999159245,0.004654602932572094,0.004665775155975491,0.004701617958715949
MAR06435,0.004656744427425467,5.529948216352314e-06,0.004652587911306096,0.004652681999159244,0.0046546029325720915,0.004665775155975475,0.004701617958715949
MAR06436,0.004656744427425467,5.529948216352314e-06,0.004652587911306096,0.004652681999159244,0.0046546029325720915,0.004665775155975475,0.004701617958715949
MAR06437,1.6981321411637056,2.0673289960348766,0.00029216295340754784,0.009482387225151167,1.0563848190338394,6.813113238512198,9.629476908188062
MAR06438,-0.004656744427425467,5.529948216352261e-06,-0.004701617958715949,-0.004665775155975476,-0.0046546029325720915,-0.004652681999159244,-0.004652587911306096
MAR06439,0.0046567444274274875,5.529948216846167e-06,0.004652587911306368,0.004652681999159335,0.004654602932572817,0.004665775155976983,0.004701617958718639
MAR06441,0.0046567444274274875,5.52994821684617e-06,0.004652587911306368,0.004652681999159335,0.004654602932572816,0.004665775155976983,0.004701617958718639
MAR06443,0.004656744427427488,5.529948216846572e-06,0.004652587911306367,0.004652681999159334,0.004654602932572818,0.004665775155976985,0.004701617958718639
MAR06446,0.004656744427427488,5.529948216846547e-06,0.004652587911306367,0.004652681999159334,0.004654602932572818,0.004665775155976984,0.004701617958718639
MAR06447,0.004656744427427488,5.529948216846521e-06,0.004652587911306367,0.004652681999159334,0.004654602932572818,0.004665775155976984,0.004701617958718639
MAR06448,0.004656744427427488,5.529948216846592e-06,0.004652587911306366,0.004652681999159333,0.004654602932572819,0.004665775155976988,0.004701617958718639
MAR06449,6.931649466833821,7.552001722832877,0.012897607932501243,0.10329048823006284,4.109970568373193,23.089120689631503,33.01482974488436
MAR06450,0.004656744427427488,5.529948216846557e-06,0.004652587911306366,0.004652681999159333,0.004654602932572819,0.004665775155976986,0.004701617958718639
MAR06451,0.004656744427427659,5.529948216861604e-06,0.004652587911306372,0.0046526819991593365,0.004654602932572973,0.004665775155976993,0.004701617958718649
MAR06452,6.931649466833424,7.552001722832983,0.012897607932456718,0.10329048823003645,4.109970568372011,23.089120689632193,33.01482974488502
MAR06453,0.0046567444274274875,5.529948216846588e-06,0.004652587911306366,0.004652681999159333,0.004654602932572818,0.004665775155976986,0.004701617958718639
MAR06454,0.00465674442742778,5.529948216905576e-06,0.004652587911306363,0.004652681999159348,0.004654602932573353,0.004665775155977379,0.004701617958718701
MAR06457,-372.9468616432676,383.53737964104823,-974.5921872941358,-968.5449652473333,-225.65430646202412,118.07478613486649,307.7395866700089
MAR06474,0.0,0.0,0.0,0.0,0.0,0.0,0.0
MAR06483,0.0,0.0,0.0,0.0,0.0,0.0,0.0
MAR06485,0.0,0.0,0.0,0.0,0.0,0.0,0.0
MAR06487,8.157788543392147,4.803268979084944,0.43838372928256697,0.866716260285505,8.395692661398545,16.258736182798806,25.80567056915852
MAR06489,26.91963543814938,29.064826154979126,0.5426921137261622,1.3540034135404202,18.176566114418932,74.38005541882372,142.43455700025513
MAR06490,36.39708880580457,28.20989934381694,0.35303863614423237,1.352018410197163,35.69842897581931,94.90157164058179,130.19853114732015
MAR06491,3.8357324003669335,3.756915614201499,0.005668214871345856,0.06926005883223617,2.3474856758335854,11.127215287484859,17.24085667937438
MAR06492,36.39243206137744,28.209897765010258,0.3483859171839638,1.3473645717717329,35.69376966245939,94.89691792134914,130.19386831027128
MAR06493,12.144253193411034,8.557770131082759,0.07174502805109771,0.5704499865011742,12.052078927613136,27.976751597300456,34.593928201913435
MAR06499,0.0,0.0,0.0,0.0,0.0,0.0,0.0
MAR06500,-597.2571961366857,255.2427944343309,-983.2375357823207,-979.3769855763982,-526.0314650703663,-221.9818941441475,-170.3625249231043
MAR06502,0.0,0.0,0.0,0.0,0.0,0.0,0.0
MAR06503,0.0,0.0,0.0,0.0,0.0,0.0,0.0
MAR06505,-0.0046567444274254665,5.529948216352396e-06,-0.004701617958715949,-0.004665775155975476,-0.004654602932572091,-0.004652681999159242,-0.0046525879113060945
MAR06512,-0.004656744427215861,5.529948348063708e-06,-0.004701617958723708,-0.004665775156002955,-0.004654602932627714,-0.0046526819984061595,-0.004652587910553335
MAR06514,279.45140160166727,333.75770302304215,0.24408493162760098,8.106919088045,82.98265719907302,819.8624906032752,823.4910480512264
MAR06515,0.0,0.0,0.0,0.0,0.0,0.0,0.0
MAR06516,-279.45140160166727,333.75770302304215,-823.4910480512264,-819.8624906032752,-82.98265719907305,-8.106919088045009,-0.24408493162759018
MAR06517,4.533134910058527e-15,7.568736963514334e-15,-9.49092980182247e-15,-8.193436444384359e-15,4.896559397856375e-16,2.113203777498829e-14,2.305865369855635e-14
MAR06518,279.4514016016672,333.75770302304215,0.24408493162754463,8.106919088044943,82.98265719907303,819.8624906032752,823.4910480512264
MAR06520,4.497450926091051e-15,7.539874806787764e-15,-9.578358563707765e-15,-8.201399152736282e-15,4.923641154436453e-16,2.1125224483017584e-14,2.2853132665199517e-14
MAR06528,7.72650810006016,6.576658204160468,0.011965258507130108,0.3456714928921481,5.8798327143160805,20.715474317024352,26.87134759113104
MAR06537,-653.090331910487,220.22617091929243,-944.4024347652248,-935.7776075001509,-627.8044368926442,-270.4453238233811,-209.7293288882688
MAR06586,-53.434148672161236,41.98019199088121,-178.32524067590558,-143.50596589991315,-46.77010219039996,-2.320692788424058,-0.07491023090758243
MAR06593,0.0,0.0,0.0,0.0,0.0,0.0,0.0
MAR06598,2.177767545787902,2.7867063294538816,1.7239275236275423e-06,0.037820177773686084,1.477466470408935,9.635714130204144,14.20077467287011
MAR06599,2.177767545788003,2.786706329453709,1.7239288365615501e-06,0.03782017777369399,1.4774664704089346,9.635714130203187,14.200774672869153
MAR06600,2.1777675457879813,2.7867063294536942,1.7239287813656351e-06,0.0378201777736936,1.477466470408872,9.635714130203135,14.2007746728691
MAR06602,-470.08790853723895,438.8857790671774,-879.0269554812947,-832.5138427103963,-744.7750851861206,245.5912872395236,249.8106328198652
MAR06604,1.7472889172579744,1.7250664947189152,0.007396733167726903,0.027310070315825528,1.5252608004039878,5.5251626280323896,6.342348177189233
MAR06605,0.0,0.0,0.0,0.0,0.0,0.0,0.0
MAR06606,0.0,0.0,0.0,0.0,0.0,0.0,0.0
MAR06615,5.127671767867879,0.006089180926520136,5.123094911506189,5.123198514277586,5.1253137078811655,5.137615756108051,5.17708327049815
MAR06621,-4.527019225779513,0.005375897750806615,-4.570642693214253,-4.535798380916825,-4.524937387592811,-4.5230699665596825,-4.52297849975775
MAR06627,105.34745405773884,67.82537552003409,-8.11678541649033,36.10764056873614,78.50397351627365,244.84359235299175,270.6615462201336
MAR06628,200.89031541010587,203.59818137564088,5.952298068500758,10.688446993262607,102.33484448644018,587.5938877883857,641.7246752999099
MAR06629,0.007865113952864829,0.0015276493313014056,0.005171543891597384,0.005996836523653629,0.00816054850136144,0.01029817430932048,0.011291776533749694
MAR06630,351.9056632233836,232.26286906228688,14.121317524947127,16.490142340899,406.00411981729724,695.4274057751486,732.8823489456731
MAR06631,45.291334517301806,32.85432051525284,3.0314443280305947,4.616108932758264,37.03538335787325,116.69201186762211,142.50760486777222
MAR06632,0.0029623545900260995,0.0017220113923881169,0.00042927961516511993,0.00046486849739264233,0.002994685143963214,0.005244503546025682,0.006197629493409193
MAR06633,0.002581136054092064,0.0007408319492805619,0.0006877785611161957,0.0013364166220067968,0.002842828792691452,0.0034534839474513333,0.004002645322594757
MAR06634,0.004656744427425467,5.529948216352387e-06,0.0046525879113060945,0.004652681999159242,0.0046546029325720915,0.004665775155975476,0.004701617958715949
MAR06636,41.25716101877412,27.310676642434387,0.45255663670744106,2.7280865342042984,41.57830015240909,82.17309900768177,124.29000621721315
MAR06638,619.9275337125125,246.6503965205499,208.27515678366046,230.58454715294957,577.3737780999829,980.1452598205486,985.7816728137062
MAR06641,0.002321623308745452,2.7569596904701885e-06,0.0023195510746221687,0.0023195979821895476,0.00232055566493451,0.0023261255850080547,0.0023439950402873652
MAR06642,0.0023216233087454525,2.756959690470231e-06,0.0023195510746221695,0.0023195979821895485,0.0023205556649345113,0.0023261255850080547,0.002343995040287366
MAR06644,0.004656744427425467,5.529948216352265e-06,0.004652587911306096,0.004652681999159244,0.0046546029325720915,0.004665775155975476,0.004701617958715949
MAR06646,55.221508307805905,35.67525718999965,2.969786977439657,5.638606114374118,47.833353179902346,114.136618239437,174.24493552030927
MAR06647,620.9674324416578,241.74755615045822,214.05118049213237,260.0065857621202,558.7402117445548,980.0515032126899,984.6818315277004
MAR06648,0.002321623308745452,2.7569596904701885e-06,0.0023195510746221687,0.0023195979821895476,0.00232055566493451,0.0023261255850080547,0.0023439950402873652
MAR06649,0.0023216233087454525,2.756959690470231e-06,0.0023195510746221695,0.0023195979821895485,0.0023205556649345113,0.0023261255850080547,0.002343995040287366
MAR06650,4.15435962645057,4.068589627425506,0.016267091921451742,0.17765106036209322,2.259757434289835,11.60335100513237,22.847773650928623
MAR06651,196.32618255669456,152.21893366440662,7.957295771469161,11.15411592887108,167.15781114742236,500.81012933672787,614.5967220292257
MAR06652,4.152038003141826,4.068589078863701,0.013947297553473731,0.17533082010249976,2.2574359177109335,11.601026538274265,22.84544814250486
MAR06653,0.002321623308745452,2.7569596904701187e-06,0.0023195510746221695,0.0023195979821895485,0.0023205556649345104,0.0023261255850080547,0.0023439950402873657
MAR06654,0.0023216233087454525,2.7569596904701627e-06,0.002319551074622169,0.002319597982189548,0.0023205556649345104,0.0023261255850080547,0.0023439950402873652
MAR06655,0.002321623308745452,2.756959690470151e-06,0.002319551074622169,0.002319597982189548,0.0023205556649345104,0.0023261255850080547,0.0023439950402873652
MAR06656,0.002321623308745452,2.756959690470232e-06,0.0023195510746221695,0.0023195979821895485,0.002320555664934511,0.0023261255850080542,0.002343995040287366
MAR06657,0.002321623308745452,2.7569596904701885e-06,0.0023195510746221687,0.0023195979821895476,0.00232055566493451,0.0023261255850080547,0.0023439950402873652
MAR06658,0.0023216233087454525,2.756959690470231e-06,0.0023195510746221695,0.0023195979821895485,0.0023205556649345113,0.0023261255850080547,0.002343995040287366
MAR06659,-65.83591519659436,53.928640973485955,-266.5558455310951,-163.2766574881558,-47.330481501662376,-4.468094791948887,2.0638355359232037
MAR06660,4.149716379833089,4.068588530303713,0.011627503185495278,0.1730105798429,2.2551144011319764,11.598702071416126,22.843122634081244
MAR06661,-72.73399731854403,475.952018035883,-850.1492921928523,-842.2136731938383,177.53480696602173,387.9750026385369,466.5513615633291
MAR06662,-436.18370651499254,349.343012537743,-977.6971779635993,-970.6998218673843,-339.19195707029365,70.32192791050343,286.9644352025153
MAR06664,0.0023216233087454525,2.7569596904702152e-06,0.0023195510746221695,0.0023195979821895485,0.002320555664934511,0.0023261255850080547,0.002343995040287366
MAR06665,0.002321623308745619,2.756959690483924e-06,0.0023195510746221834,0.0023195979821895737,0.0023205556649346865,0.0023261255850083977,0.0023439950402873327
MAR06668,0.002321623308745452,2.756959690470246e-06,0.002319551074622169,0.002319597982189548,0.0023205556649345104,0.0023261255850080542,0.002343995040287366
MAR06669,0.002321623308745619,2.7569596904839253e-06,0.0023195510746221834,0.0023195979821895737,0.0023205556649346865,0.0023261255850083977,0.0023439950402873327
MAR06673,625.1185702007734,240.17538647811017,218.17164487242516,261.2044628174511,567.5787444928897,980.1593655366518,984.8775230612881
MAR06674,-188.93780705558805,149.72882891450382,-612.8654970077114,-492.5637794000573,-159.22801901494896,-10.49890126024051,-7.186766761633635
MAR06675,202.23051860374446,455.2055738285894,-452.3032527325925,-288.8256697900057,-23.716136805541325,952.4019115010763,957.744578050352
MAR06676,-436.18308476849495,349.34098151683173,-977.6930759517272,-970.6957237996629,-339.19122957884366,70.32023186718365,286.9611543378187
MAR06677,0.002321623308745452,2.7569596904701885e-06,0.0023195510746221687,0.0023195979821895476,0.00232055566493451,0.0023261255850080547,0.0023439950402873652
MAR06678,0.0023216233087455162,2.7569596904687067e-06,0.0023195510746221617,0.0023195979821895394,0.002320555664934414,0.002326125585008009,0.0023439950402873886
MAR06679,0.0,0.0,0.0,0.0,0.0,0.0,0.0
MAR06680,0.0,0.0,0.0,0.0,0.0,0.0,0.0
MAR06682,0.0046567444274254665,5.529948216352378e-06,0.0046525879113060945,0.004652681999159242,0.0046546029325720915,0.004665775155975476,0.004701617958715949
MAR06687,0.004656744427425467,5.529948216352387e-06,0.0046525879113060945,0.004652681999159242,0.0046546029325720915,0.004665775155975476,0.004701617958715949
MAR06688,0.0,0.0,0.0,0.0,0.0,0.0,0.0
MAR06690,-0.004656744427425466,5.529948216352284e-06,-0.004701617958715949,-0.004665775155975474,-0.004654602932572091,-0.004652681999159242,-0.0046525879113060945
MAR06691,-0.004656744427425466,5.5299482163522435e-06,-0.004701617958715949,-0.004665775155975476,-0.0046546029325720915,-0.004652681999159243,-0.0046525879113060945
MAR06692,0.004656744427425467,5.529948216352449e-06,0.0046525879113060945,0.004652681999159242,0.0046546029325720915,0.004665775155975476,0.004701617958715949
MAR06693,0.004656744427425467,5.529948216352546e-06,0.0046525879113060945,0.004652681999159242,0.004654602932572092,0.0046657751559754925,0.004701617958715949
MAR06700,0.002321623308745452,2.756959690470126e-06,0.0023195510746221695,0.0023195979821895485,0.0023205556649345104,0.0023261255850080547,0.0023439950402873657
MAR06701,0.002321623308745452,2.7569596904701466e-06,0.002319551074622169,0.002319597982189548,0.00232055566493451,0.0023261255850080547,0.0023439950402873652
MAR06702,0.002321623308745452,2.7569596904701835e-06,0.0023195510746221687,0.0023195979821895476,0.00232055566493451,0.0023261255850080547,0.0023439950402873652
MAR06703,0.002321623308745452,2.756959690470226e-06,0.0023195510746221695,0.0023195979821895485,0.0023205556649345104,0.0023261255850080542,0.002343995040287366
MAR06713,0.0,0.0,0.0,0.0,0.0,0.0,0.0
MAR06714,0.0,0.0,0.0,0.0,0.0,0.0,0.0
MAR06716,0.0,0.0,0.0,0.0,0.0,0.0,0.0
MAR06717,0.0,0.0,0.0,0.0,0.0,0.0,0.0
MAR06718,0.0,0.0,0.0,0.0,0.0,0.0,0.0
MAR06719,0.0,0.0,0.0,0.0,0.0,0.0,0.0
MAR06720,0.0,0.0,0.0,0.0,0.0,0.0,0.0
MAR06721,0.0,0.0,0.0,0.0,0.0,0.0,0.0
MAR06724,0.0,0.0,0.0,0.0,0.0,0.0,0.0
MAR06725,0.5547262437858661,0.0006587450632556152,0.5542311063330501,0.5542423143781112,0.5544711420909749,0.5558020129643683,0.5600717219082457
MAR06726,0.0,0.0,0.0,0.0,0.0,0.0,0.0
MAR06732,263.4808302808675,258.4143348649245,-355.74067034476263,-276.41379377336244,279.8135353505037,677.6344323918236,757.3174645437587
MAR06742,0.0,0.0,0.0,0.0,0.0,0.0,0.0
MAR06745,1.2291245390627604e-12,3.766998384693943e-12,-4.316584156244958e-12,-2.995288436862775e-12,9.155235551398038e-14,9.333080237164221e-12,1.1308847967852002e-11
MAR06747,0.0,0.0,0.0,0.0,0.0,0.0,0.0
MAR06751,0.0,0.0,0.0,0.0,0.0,0.0,0.0
MAR06752,-1.2295232568808256e-12,3.767074113802409e-12,-1.1309362102673969e-11,-9.33440455862591e-12,-9.149779351381376e-14,2.9941850273870863e-12,4.315050573000981e-12
MAR06756,0.0,0.0,0.0,0.0,0.0,0.0,0.0
MAR06758,14.4544804047626,15.165074291666427,0.003942545124273306,0.2031091895636281,8.226654897739941,46.001344532824525,59.1285807783619
MAR06765,376.1025008638261,256.6795430410453,25.43890364431252,31.634760897407492,340.5152712113566,762.8381465407963,846.8889000004588
MAR06768,3.4089737607040895e-15,1.1335443928786827e-14,-3.0140396841070487e-14,-1.5392294821935973e-14,8.438424335009151e-16,2.2974389237329962e-14,3.468407082042561e-14
MAR06769,0.0,0.0,0.0,0.0,0.0,0.0,0.0
MAR06772,0.0,0.0,0.0,0.0,0.0,0.0,0.0
MAR06774,0.0,0.0,0.0,0.0,0.0,0.0,0.0
MAR06776,0.0,0.0,0.0,0.0,0.0,0.0,0.0
MAR06778,0.0,0.0,0.0,0.0,0.0,0.0,0.0
MAR06780,-4.938047226376457e-15,1.1316621326569527e-14,-3.151155430051418e-14,-2.649690056244998e-14,-1.2821760309332057e-15,1.3026095421490938e-14,2.6036465166242585e-14
MAR06781,4.544651672513204e-15,1.255988829548714e-14,-2.748649153570788e-14,-1.5805789524198127e-14,1.016061784864265e-15,2.873306736206029e-14,3.367208761131949e-14
MAR06797,0.0,0.0,0.0,0.0,0.0,0.0,0.0
MAR06807,297.1813390647722,206.89143993482162,-110.12828679144951,-1.9429184207977872,325.5062922816556,613.0884501170968,698.6986565367683
MAR06825,0.0,0.0,0.0,0.0,0.0,0.0,0.0
MAR06826,0.0,0.0,0.0,0.0,0.0,0.0,0.0
MAR06834,0.0,0.0,0.0,0.0,0.0,0.0,0.0
MAR06841,0.0,0.0,0.0,0.0,0.0,0.0,0.0
MAR06849,0.0,0.0,0.0,0.0,0.0,0.0,0.0
MAR06854,0.0,0.0,0.0,0.0,0.0,0.0,0.0
MAR06876,0.0,0.0,0.0,0.0,0.0,0.0,0.0
MAR06877,0.0,0.0,0.0,0.0,0.0,0.0,0.0
MAR06883,0.0,0.0,0.0,0.0,0.0,0.0,0.0
MAR06887,-230.73362787270761,137.1714349992905,-516.2944479202254,-457.42396340884784,-243.63063491268673,-57.96217301490803,-49.84014801802794
MAR06899,0.0,0.0,0.0,0.0,0.0,0.0,0.0
MAR06911,668.8776248715899,82.45258389957857,566.797884524072,572.5157863251707,670.2895332575981,839.5721527456955,863.1242048298668
MAR06912,526.5346788231107,28.980385942162926,472.98943340783023,482.98562704566314,524.4188193377738,588.5172747982746,612.7802624877471
MAR06914,464.4643393237303,102.34389598932589,358.60596741655576,370.8076895012748,407.5986872476559,631.2823825023636,632.2050079605373
MAR06916,995.644654642192,4.983830566156944,979.3147166199382,984.5626923860539,997.5986156441797,999.8993011303673,999.9966048285092
MAR06918,663.21026913589,65.9170003678191,571.3669752051832,572.6506860898837,675.5988315832094,760.3870035877865,774.8870713664949
MAR06921,14.20705752854459,12.083274747166572,0.1093089192747663,1.3061522586901324,10.966748679596055,40.587107665198246,56.86105305753427
MAR06940,-655.7957547538472,223.10067827919806,-934.1996352377066,-930.5722173125961,-665.5327492256831,-224.52642391044415,-182.44968455432297
MAR06970,-183.728828260376,145.93522168616778,-484.1365452317953,-431.47237370853736,-155.25627300469614,-11.293173731487721,-7.075082370871905
MAR06974,448.8330171820143,111.7011822865149,245.66770641044573,274.59494520873153,443.6262675867474,604.2117114070516,606.985297360663
MAR06986,182.12458696658695,450.78449331876834,-530.2356612407643,-381.94167855372234,-30.260381685460317,904.1389770464002,909.1455307084317
MAR06990,0.0,0.0,0.0,0.0,0.0,0.0,0.0
MAR06992,8.908646262064436e-15,1.7002950610465782e-14,-2.1810140806588437e-14,-1.357857109083588e-14,1.593632580595925e-15,3.783416280855574e-14,4.505684904710242e-14
MAR06993,1.797822672209319e-14,3.406421789728983e-14,-4.394818435267631e-14,-2.716522046552245e-14,3.606274846609121e-15,7.552237713268991e-14,8.932011643635346e-14
MAR06994,8.91093643764978e-15,1.7012195571425493e-14,-2.198526335688899e-14,-1.3659096335951317e-14,1.6151688497477227e-15,3.783532878297489e-14,4.5382328157569995e-14
MAR06995,-8.91093643764978e-15,1.7012195571425493e-14,-4.538232815757001e-14,-3.7835328782974894e-14,-1.6151688497477235e-15,1.3659096335951315e-14,2.198526335688899e-14
MAR06996,1.7978226722093198e-14,3.4064217897289837e-14,-4.3948184352676294e-14,-2.7165220465522454e-14,3.606274846609119e-15,7.552237713268992e-14,8.932011643635351e-14
MAR06997,8.908646262064431e-15,1.700295061046578e-14,-2.181014080658844e-14,-1.3578571090835886e-14,1.5936325805959254e-15,3.783416280855571e-14,4.505684904710238e-14
MAR06998,8.03416718797304e-15,1.6606464752507873e-14,-2.1903141134398106e-14,-1.4200131837710167e-14,1.3791520480338572e-15,3.629406631507185e-14,4.474649394518854e-14
MAR06999,8.987938742299676e-15,1.6956447178654595e-14,-2.1985000521195828e-14,-1.3073638493401233e-14,1.7784501521528222e-15,3.7841911991168686e-14,4.52250945498002e-14
MAR07000,9.047011767369714e-15,1.7003653076928944e-14,-2.1848626105615283e-14,-1.2901369752542115e-14,1.70448840292305e-15,3.788987930132094e-14,4.522825789376828e-14
MAR07001,9.369272075079563,8.179042795792434,0.13463452625547231,0.8613876268193114,6.554112828378088,24.877033705184836,29.502242525171713
MAR07002,-2.4061607402037307e-15,6.385493586843877e-15,-2.2987662049708413e-14,-1.855937899875465e-14,-1.7829777154254868e-15,6.454417201877691e-15,1.4263882338464538e-14
MAR07003,8.15212696207285e-15,1.6702612529580732e-14,-2.1968810943548185e-14,-1.399533935975997e-14,1.3339277553201623e-15,3.6496772982641503e-14,4.519159527159619e-14
MAR07004,3.343300881700523e-14,5.427310453056028e-14,-5.2877914924622776e-14,-3.4111351831266555e-14,9.553299619519764e-15,1.31621912811267e-13,1.7229078461620654e-13
MAR07005,8.775508897499698e-15,1.69068358509816e-14,-2.1922964114717563e-14,-1.3689349299516433e-14,1.5352236614058295e-15,3.7510927457273775e-14,4.485136822380796e-14
MAR07006,8.867323392741219e-15,1.6978038111730886e-14,-2.1965200527396637e-14,-1.3668838991375145e-14,1.607415715322232e-15,3.779031168441316e-14,4.5211337977801817e-14
MAR07007,8.945946076787508e-15,1.6982376649705815e-14,-2.202093288586131e-14,-1.32185464217461e-14,1.7014571433380783e-15,3.7843292727130236e-14,4.519635435577434e-14
MAR07008,8.775508897499701e-15,1.69068358509816e-14,-2.1922964114717566e-14,-1.368934929951643e-14,1.5352236614058391e-15,3.751092745727379e-14,4.485136822380796e-14
MAR07009,8.775508897499697e-15,1.6906835850981596e-14,-2.1922964114717563e-14,-1.3689349299516435e-14,1.5352236614058295e-15,3.751092745727376e-14,4.485136822380796e-14
MAR07010,8.775508897499695e-15,1.6906835850981596e-14,-2.1922964114717563e-14,-1.3689349299516428e-14,1.5352236614058218e-15,3.7510927457273775e-14,4.485136822380796e-14
MAR07013,8.867323392741219e-15,1.6978038111730886e-14,-2.1965200527396634e-14,-1.3668838991375142e-14,1.6074157153222343e-15,3.779031168441316e-14,4.52113379778018e-14
MAR07014,-1.483029780520473e-14,2.1146104579195315e-14,-8.071813995500198e-14,-6.281571613771481e-14,-6.265374053281991e-15,7.081368995201809e-15,1.0852462656898466e-14
MAR07017,8.987438347831267e-15,1.695955230702003e-14,-2.199159499859443e-14,-1.3076835302799623e-14,1.777797194633426e-15,3.783979749966807e-14,4.5212737115945997e-14
MAR07018,1.0209775625048405e-14,1.7628354202683685e-14,-2.1095033870762474e-14,-1.1962833460711253e-14,2.4917761542465127e-15,4.080779529637965e-14,4.761163008348358e-14
MAR07019,8.987438347831267e-15,1.695955230702003e-14,-2.199159499859443e-14,-1.3076835302799623e-14,1.777797194633426e-15,3.783979749966807e-14,4.5212737115945997e-14
MAR07020,8.987438347831267e-15,1.695955230702003e-14,-2.199159499859443e-14,-1.3076835302799623e-14,1.777797194633426e-15,3.783979749966807e-14,4.5212737115945997e-14
MAR07021,6.3547124836954145,6.648385319385957,0.010045868288592864,0.12798193832460422,3.933240017408446,20.397451566984074,26.611119485449528
MAR07022,8.152126962072848e-15,1.6702612529580732e-14,-2.1968810943548185e-14,-1.399533935975997e-14,1.3339277553201623e-15,3.6496772982641503e-14,4.519159527159619e-14
MAR07023,9.003882550481205e-15,1.697760627499197e-14,-2.20031834047683e-14,-1.3034205847264007e-14,1.7528483925486831e-15,3.785726322628155e-14,4.538050909944942e-14
MAR07024,9.003882550481189e-15,1.6977606274991957e-14,-2.2003183404768307e-14,-1.3034205847264018e-14,1.7528483925486843e-15,3.7857263226281554e-14,4.53805090994494e-14
MAR07025,9.015767041224909e-15,1.6977764850305094e-14,-2.20064889842843e-14,-1.3001954958833637e-14,1.7546713778091533e-15,3.7860767026880596e-14,4.539523174905117e-14
MAR07026,9.013453182035265e-15,1.6977731514200432e-14,-2.20058454021818e-14,-1.3002854251260272e-14,1.75431645042619e-15,3.786008485198646e-14,4.539236531254923e-14
MAR07029,9.075189278029456e-15,1.6979028802774325e-14,-2.2023016821531217e-14,-1.2759090880379338e-14,1.7949337926376695e-15,3.787828596592487e-14,4.546884472834472e-14
MAR07030,0.0,0.0,0.0,0.0,0.0,0.0,0.0
MAR07031,0.0,0.0,0.0,0.0,0.0,0.0,0.0
MAR07033,1.9621465305479772e-14,3.3718318596556944e-14,-4.313641893406917e-14,-2.439294435694695e-14,5.268959505529494e-15,7.649916470129703e-14,8.954632286314177e-14
MAR07034,1.9626140511654995e-14,3.3721948922494085e-14,-4.3103873679072764e-14,-2.438678014754543e-14,5.269042811304678e-15,7.653642386068973e-14,8.958514996697798e-14
MAR07036,1.1931324091112396e-14,1.9048575508939917e-14,-2.1476703881316906e-14,-1.148784476360226e-14,3.803666752819941e-15,4.4870689174053315e-14,5.1747332572074767e-14
MAR07037,9.854362313684503e-15,1.764705259999049e-14,-2.1262291039052786e-14,-1.3507621521585744e-14,1.8969516146825074e-15,3.9227289566633723e-14,4.753534024572701e-14
MAR07038,2.3112603801615928e-14,3.631654270913957e-14,-4.2797791028435095e-14,-2.1249913176664564e-14,7.228780574670609e-15,8.340409329958916e-14,9.648557449371953e-14
MAR07039,8.964818181594388e-15,1.6949054095424313e-14,-2.1991709188500873e-14,-1.3099330722567553e-14,1.7769391663548542e-15,3.7838717768739345e-14,4.521211269546886e-14
MAR07040,2.0212397048466065e-14,3.5421204096894314e-14,-4.42416512499685e-14,-2.462458932234158e-14,3.95471232787715e-15,7.976278394742382e-14,9.118310502832534e-14
MAR07041,8.871834245236453e-15,1.7036334037071193e-14,-2.201872239598259e-14,-1.3666419893537089e-14,1.5678696208671104e-15,3.785409767975147e-14,4.535556623181257e-14
MAR07042,8.988946667200165e-15,1.7001138889177434e-14,-2.191331289320231e-14,-1.3654144714025954e-14,1.807514356267713e-15,3.7781743914119256e-14,4.4785490307409984e-14
MAR07043,0.0,0.0,0.0,0.0,0.0,0.0,0.0
MAR07044,0.0,0.0,0.0,0.0,0.0,0.0,0.0
MAR07046,9.043991939314094e-15,1.70601052550733e-14,-2.1964308678742773e-14,-1.3584991192304155e-14,1.738602708818402e-15,3.7997044734104547e-14,4.521621484108206e-14
MAR07047,9.09919668608145e-15,1.708686170080718e-14,-2.1964029997109458e-14,-1.3530090890568704e-14,1.828492024304729e-15,3.800593771078536e-14,4.52177387456345e-14
MAR07048,1.4810971984088307e-14,3.296272203585234e-14,-4.408903784959636e-14,-2.782923308425554e-14,2.18263961846798e-15,7.290374506903308e-14,9.112340631279648e-14
MAR07049,-9.091506005262656e-15,1.6979513249289427e-14,-4.5489058085642144e-14,-3.7883096484094027e-14,-1.838175340733271e-15,1.2676581915784808e-14,2.2027555193471024e-14
MAR07050,8.195740006981344e-15,1.6736233244447367e-14,-2.1988873773040442e-14,-1.3918185320420759e-14,1.3074663409563497e-15,3.662101190855243e-14,4.5362585451364125e-14
MAR07052,-5.271909291436943e-15,1.1253427875917226e-14,-3.2513967833649143e-14,-2.346410948408057e-14,-4.3689367377961184e-15,2.235280319287503e-14,3.062083081057218e-14
MAR07053,7.767318725850525e-15,1.6809645669387707e-14,-2.3006058606293656e-14,-1.501897136765867e-14,6.824586687247212e-16,3.61062641932686e-14,4.312413168643469e-14
MAR07054,9.285598346060864e-15,1.713373673091988e-14,-2.209625779083005e-14,-1.2458346570908502e-14,1.7638037411695665e-15,3.809547517534153e-14,4.6321675596605676e-14
MAR07055,-5.271909291436943e-15,1.1253427875917223e-14,-3.251396783364913e-14,-2.3464109484080563e-14,-4.3689367377961184e-15,2.235280319287503e-14,3.062083081057218e-14
MAR07056,8.987438347831267e-15,1.695955230702003e-14,-2.199159499859443e-14,-1.3076835302799623e-14,1.777797194633427e-15,3.783979749966807e-14,4.5212737115945997e-14
MAR07057,3.962977371929238e-14,5.1979612906888965e-14,-3.965421047078994e-14,-1.9082964414233782e-14,2.4586014888681323e-14,1.42369061336567e-13,1.9509411131879902e-13
MAR07058,9.285598346060867e-15,1.713373673091988e-14,-2.209625779083005e-14,-1.2458346570908502e-14,1.7638037411695676e-15,3.809547517534153e-14,4.632167559660569e-14
MAR07059,2.266794050858048e-16,6.69395268773872e-14,-1.6539330444250434e-13,-1.1022761090908091e-13,-1.0201465919738529e-14,1.2213366326740712e-13,1.479288052298338e-13
MAR07061,9.09424303438463e-15,1.7007321452074656e-14,-2.203491943728589e-14,-1.2785542339349109e-14,1.78715566618175e-15,3.788845515847027e-14,4.558981070606341e-14
MAR07062,8.98793874229968e-15,1.6956447178654595e-14,-2.1985000521195835e-14,-1.3073638493401233e-14,1.778450152152822e-15,3.784191199116868e-14,4.5225094549800155e-14
MAR07064,8.730975196157334e-15,1.678893542500975e-14,-2.196732809656051e-14,-1.367858587960739e-14,1.6392679608500435e-15,3.718846059395467e-14,4.439532899636702e-14
MAR07065,9.010019616058933e-15,1.6942993929364665e-14,-2.1966106316734684e-14,-1.3007138809314894e-14,1.818935148455198e-15,3.7831313259620787e-14,4.524020691736142e-14
MAR07066,8.964818181594397e-15,1.6949054095424313e-14,-2.199170918850087e-14,-1.3099330722567538e-14,1.776939166354857e-15,3.7838717768739345e-14,4.521211269546883e-14
MAR07067,8.965318576062712e-15,1.6945940420384297e-14,-2.1985114711102332e-14,-1.3096133913169223e-14,1.7775921238742467e-15,3.7826277674162716e-14,4.522447012932316e-14
MAR07071,9.094243034384633e-15,1.700732145207466e-14,-2.203491943728589e-14,-1.2785542339349106e-14,1.787155666181749e-15,3.7888455158470263e-14,4.558981070606344e-14
MAR07072,8.98793874229968e-15,1.6956447178654598e-14,-2.1985000521195828e-14,-1.3073638493401233e-14,1.7784501521528222e-15,3.78419119911687e-14,4.52250945498002e-14
MAR07075,8.296371902248568e-15,1.6728379394275893e-14,-2.2050710503008706e-14,-1.494435671035308e-14,1.2508459071974014e-15,3.6659097050597094e-14,4.3158858036238124e-14
MAR07076,8.434737407553865e-15,1.6719525745220433e-14,-2.20891958020356e-14,-1.4208315207773583e-14,1.2842070601533056e-15,3.6686150128245457e-14,4.333026688290338e-14
MAR07077,7.481961884499844e-15,1.6809013167969528e-14,-2.2198988520235133e-14,-1.5882220977703277e-14,7.655550889192539e-16,3.737247608298357e-14,4.307591943415734e-14
MAR07078,2.7377669131894857e-14,5.1101343441758525e-14,-6.597299414689373e-14,-3.861639557914693e-14,5.411281622166048e-15,1.1373053262905358e-13,1.373947069231644e-13
MAR07079,8.196576316482736e-15,1.6730444374059345e-14,-2.1977852419980493e-14,-1.3912820545495634e-14,1.3192999570227147e-15,3.656541580128171e-14,4.538323843615594e-14
MAR07080,8.196576316482758e-15,1.673044437405935e-14,-2.1977852419980493e-14,-1.3912820545495605e-14,1.3192999570227149e-15,3.656541580128171e-14,4.5383238436155946e-14
MAR07081,8.570401915392456e-15,1.6839681982656702e-14,-2.2099868206981536e-14,-1.3035382701400718e-14,1.3579543687262045e-15,3.710154514977766e-14,4.630193289039999e-14
MAR07082,1.6393152632965497e-14,3.346088874811871e-14,-4.3955704839961e-14,-2.7825641090991248e-14,2.638599914045424e-15,7.31308316025635e-14,9.076647687231188e-14
MAR07083,8.196576316482755e-15,1.6730444374059348e-14,-2.19778524199805e-14,-1.3912820545495607e-14,1.3192999570227145e-15,3.656541580128169e-14,4.5383238436155946e-14
MAR07084,8.196576316482736e-15,1.6730444374059345e-14,-2.1977852419980493e-14,-1.391282054549563e-14,1.3192999570227149e-15,3.656541580128171e-14,4.538323843615594e-14
MAR07085,9.514025493808458e-15,1.718682297363403e-14,-2.20298629028141e-14,-1.2398393014138096e-14,2.0797670114787324e-15,3.846212660126445e-14,4.5519714251485896e-14
MAR07086,9.514025493808455e-15,1.718682297363403e-14,-2.2029862902814105e-14,-1.2398393014138096e-14,2.0797670114787324e-15,3.846212660126445e-14,4.5519714251485896e-14
MAR07087,9.484581535996751e-15,1.7184706612833142e-14,-2.2021673292850228e-14,-1.2409923152363007e-14,2.0769252117472485e-15,3.840868260425892e-14,4.548323872358148e-14
MAR07088,1.880883758543042e-14,3.4754052590717385e-14,-4.4205124187061415e-14,-2.64987230270364e-14,3.858718302094004e-15,7.677338767326462e-14,9.203709737001203e-14
MAR07089,8.156637814568006e-15,1.6760623579998073e-14,-2.2022332812134164e-14,-1.405309202080688e-14,1.2691431770878848e-15,3.659762146862745e-14,4.533582352560676e-14
MAR07090,8.57040191539245e-15,1.6839681982656702e-14,-2.2099868206981536e-14,-1.3035382701400724e-14,1.357954368726205e-15,3.710154514977765e-14,4.630193289039998e-14
MAR07099,-3.408680759564261e-16,2.020717824152747e-15,-5.137213951435911e-15,-3.945619041101141e-15,-3.5552832342564454e-17,3.7025906059539024e-15,4.5285948364582855e-15
MAR07100,-3.408680759564262e-16,2.0207178241527466e-15,-5.137213951435911e-15,-3.945619041101141e-15,-3.555283234256445e-17,3.702590605953901e-15,4.528594836458285e-15
MAR07103,9.200473838957443e-15,1.6729924464938868e-14,-2.2550506374596372e-14,-1.213013409698783e-14,2.7288148835544307e-15,3.7521586032428746e-14,4.472476138920744e-14
MAR07104,9.033445341688683e-15,1.6709485466369137e-14,-2.2504048685237937e-14,-1.3010457278190458e-14,2.435385274109463e-15,3.732647911866011e-14,4.4415923113644416e-14
MAR07106,-3.408680759564262e-16,2.0207178241527466e-15,-5.137213951435911e-15,-3.945619041101141e-15,-3.555283234256447e-17,3.7025906059539024e-15,4.5285948364582855e-15
MAR07108,-3.5797809421807333e-14,6.807446661214457e-14,-1.7975929364102565e-13,-1.5114662287582267e-13,-6.817944545912704e-15,5.4467670932279803e-14,8.774358851615383e-14
MAR07109,3.5797809421807333e-14,6.807446661214457e-14,-8.774358851615383e-14,-5.4467670932279816e-14,6.817944545912704e-15,1.5114662287582267e-13,1.7975929364102565e-13
MAR07110,-9.369272075079534,8.179042795792446,-29.502242525171734,-24.87703370518483,-6.554112828378077,-0.8613876268193096,-0.13463452625546843
MAR07111,9.369272075079534,8.179042795792446,0.13463452625546843,0.8613876268193092,6.554112828378077,24.877033705184825,29.502242525171734
MAR07112,-6.354712483695433,6.648385319385978,-26.61111948544957,-20.39745156698415,-3.9332400174085023,-0.1279819383245991,-0.010045868288587634
MAR07113,6.354712483695433,6.648385319385978,0.010045868288587634,0.1279819383245991,3.9332400174085023,20.39745156698415,26.61111948544957
MAR07114,-2.869665458350932e-14,5.0663608370385236e-14,-1.3501516759148693e-13,-1.1413942440779952e-13,-6.98230319141638e-15,3.697412317505766e-14,6.515943575560032e-14
MAR07115,2.86966545835093e-14,5.0663608370385224e-14,-6.515943575560035e-14,-3.697412317505768e-14,6.98230319141638e-15,1.1413942440779945e-13,1.3501516759148688e-13
MAR07116,-3.502336903255431e-14,6.769009755337853e-14,-1.8230651134112164e-13,-1.5036107445002866e-13,-5.449202361277625e-15,5.278242837788708e-14,8.833068909956487e-14
MAR07117,3.502336903255431e-14,6.769009755337853e-14,-8.833068909956487e-14,-5.278242837788709e-14,5.449202361277625e-15,1.5036107445002866e-13,1.8230651134112164e-13
MAR07118,-1.178100778047437e-14,3.7156004184966687e-14,-1.08984518241297e-13,-7.508045129812595e-14,-1.4336002453854402e-15,4.740157972280445e-14,6.597830645466334e-14
MAR07119,1.178100778047437e-14,3.7156004184966687e-14,-6.597830645466334e-14,-4.7401579722804506e-14,1.4336002453854402e-15,7.508045129812587e-14,1.08984518241297e-13
MAR07120,-1.8308861181770314e-14,9.670360212088779e-14,-2.2691770117810953e-13,-1.9479734035378754e-13,7.21278302224782e-15,1.2031570750624971e-13,1.9866840295859004e-13
MAR07121,1.8308861181770314e-14,9.670360212088779e-14,-1.9866840295859004e-13,-1.203157075062498e-13,-7.21278302224782e-15,1.9479734035378752e-13,2.2691770117810953e-13
MAR07122,-5.3284847258668816e-14,1.0162790384424847e-13,-2.7368089804696096e-13,-2.2593401522736922e-13,-9.438926093971419e-15,7.929690437799247e-14,1.319585618896689e-13
MAR07123,5.328484725866881e-14,1.0162790384424845e-13,-1.3195856188966885e-13,-7.929690437799249e-14,9.438926093971417e-15,2.2593401522736904e-13,2.7368089804696096e-13
MAR07124,-1.8808837585430422e-14,3.475405259071739e-14,-9.2037097370012e-14,-7.677338767326461e-14,-3.858718302094004e-15,2.6498723027036393e-14,4.420512418706143e-14
MAR07125,1.8808837585430422e-14,3.475405259071739e-14,-4.420512418706143e-14,-2.64987230270364e-14,3.858718302094004e-15,7.67733876732646e-14,9.2037097370012e-14
MAR07126,-8.859605763001036e-15,1.70419967925579e-14,-4.634433700497429e-14,-3.7272924835274634e-14,-1.527881892848631e-15,1.3003605125476925e-14,2.207848843987854e-14
MAR07127,8.859605763001036e-15,1.70419967925579e-14,-2.207848843987854e-14,-1.3003605125476928e-14,1.5278818928486317e-15,3.727292483527461e-14,4.634433700497429e-14
MAR07155,-139.92208475932577,235.37101163540265,-485.78973874862214,-481.56826828674633,-87.86243021928168,260.18651420350903,291.4137440881444
MAR07160,3.0032627104411214,0.003566415878677346,3.0005820587408887,3.0006427385882284,3.0018816014414966,3.0090868759552194,3.0322028864184203
MAR07161,12.642948638711061,0.015013675833867918,12.631663797845546,12.631919244094266,12.637134531911094,12.667466848590863,12.764779192263612
MAR07178,0.0,0.0,0.0,0.0,0.0,0.0,0.0
MAR07190,-5.910481507476625e-13,1.8434170688106144e-12,-5.522838458372785e-12,-4.549579157771585e-12,-4.4249268250467036e-14,1.482132443043261e-12,2.1288001353728562e-12
MAR07196,0.0,0.0,0.0,0.0,0.0,0.0,0.0
MAR07199,0.0,0.0,0.0,0.0,0.0,0.0,0.0
MAR07253,-207.09480601256098,446.7823513243336,-910.9993142928031,-906.2480881658377,3.4315661041346104,317.0131254277188,517.2620095871338
MAR07431,0.0,0.0,0.0,0.0,0.0,0.0,0.0
MAR07591,0.0,0.0,0.0,0.0,0.0,0.0,0.0
MAR07638,721.850799729425,186.60506786864252,415.4543099414696,492.00130105467065,634.2746543129801,985.9016499142389,987.7199973903903
MAR07648,3.3626732837367305e-14,6.25409637689361e-14,-1.873021208363759e-14,-1.338475944673963e-14,1.2588344275153465e-15,2.1176397693407166e-13,2.178060275181749e-13
MAR07649,-3.361973374377357e-14,6.255026248366057e-14,-2.1785264355470766e-13,-2.1182866702785766e-13,-1.2676524786842186e-15,1.3387007896268605e-14,1.8737036526057516e-14
MAR07651,-3.384557214228687e-14,6.259758811953955e-14,-2.18122327452175e-13,-2.1205499694636788e-13,-1.6150823468050869e-15,1.395075378336414e-14,1.8740062596057812e-14
MAR07676,67.48748046941743,53.436154970983445,0.6646445058681946,3.4510082045713086,63.21312890455271,154.14154396425565,215.97602448746233
MAR07690,0.0,0.0,0.0,0.0,0.0,0.0,0.0
MAR07702,-511.79192631064024,265.082766587925,-851.8725681037405,-816.0474124663472,-653.4406484142701,-83.9888991697209,-78.14414014406555
MAR07703,26.085581555158193,26.766925429590373,0.05973010053028013,1.6764666237747867,14.14826470679016,81.88273341294675,108.05718073194068
MAR07705,54.288352783604694,64.5437910639744,0.006716868283445327,0.4166691565095309,23.43190329913027,210.66996671132193,224.83543982465662
MAR07706,54.28835278360469,64.5437910639744,0.00671686828344548,0.41666915650952907,23.431903299130262,210.66996671132193,224.83543982465662
MAR07707,-52.70945643292066,64.34442101997342,-224.22217168413118,-209.18831118053527,-22.49904765841217,-0.04866700939524141,6.63889442554455
MAR07708,590.5869642987259,315.50298493709914,82.0888595661285,87.30173535324802,744.6888967427672,927.4984455080424,965.3217617368845
MAR07709,17.22334746088199,26.897593447795625,-37.3967613139517,-9.257961810180403,6.244418967430685,80.09120643386943,113.04271387678043
MAR07723,4.075686206092263,0.0048399335667409496,4.072048330817283,4.072130678597211,4.0738119222079465,4.083590100402177,4.114960517867267
MAR07757,0.0,0.0,0.0,0.0,0.0,0.0,0.0
MAR07762,-309.8486095530551,122.29901632451123,-492.77362507020445,-490.72887838516203,-279.5368967347538,-121.41503706760481,-104.95074736225156
MAR07763,-128.110407990324,35.83479750709447,-176.86534109870811,-169.7293783858551,-142.19703587647638,-73.55798550025413,-72.68047897139105
MAR07764,-512.4416319612963,143.33919002837789,-707.4613643948328,-678.9175135434205,-568.7881435059055,-294.23194200101653,-290.7219158855644
MAR07766,-51.12777456486827,76.76747385293872,-258.00649220236227,-222.2485822307962,-9.685920245364219,-0.4165827021397028,-0.011829052263548648
MAR07768,51.12777456486827,76.76747385293874,0.011829052263548627,0.4165827021397028,9.685920245364212,222.24858223079616,258.00649220236227
MAR07777,217.13271247141202,167.73597937776535,6.881242534597652,12.173657588707941,174.02775656083213,516.1234489959476,668.8994063988144
MAR07778,267.8459659738809,89.189561129331,43.327982443643606,81.26945563623582,309.5927630246474,352.12124748578077,379.04120165789465
MAR07779,217.13271247141196,167.73597937776523,6.881242534597566,12.173657588707862,174.02775656083202,516.1234489959471,668.8994063988142
MAR07780,267.84596597388526,89.18956112933081,43.327982443645446,81.26945563623735,309.59276302462507,352.1212474857888,379.04120165790687
MAR07781,731.8853995301369,201.17247115889322,341.33376654650226,379.697567689794,786.7299443307832,977.6180897413806,981.2059889829395
MAR07786,2.27573075496795,0.002702461650092267,2.2736994836121953,2.273745463936948,2.27468421574392,2.280144032746324,2.2976602546073956
MAR07789,8.05013081894192,6.517765547089772,0.05419643681280192,0.45598250371550736,7.104288055029718,19.944729227102357,37.188284927864444
MAR07791,8.050130818941918,6.517765547089772,0.05419643681280192,0.4559825037155001,7.104288055029722,19.944729227102354,37.18828492786444
MAR07792,4.298602537161756,0.005104649783512421,4.294765691267524,4.294852542992086,4.296625740849729,4.30693872852085,4.340024925369652
MAR07794,256.22081598064807,71.66959501418899,145.3609579427822,147.11597100050827,284.39407175295275,339.4587567717105,353.7306821974165
MAR07796,2.2757307549679733,0.0027024616500944646,2.273699483612194,2.2737454639369483,2.2746842157439633,2.2801440327463274,2.2976602546073877
MAR07797,-182.12458696658746,450.78449331876897,-909.1455307084333,-904.1389770464001,30.26038168546755,381.94167855372825,530.2356612407722
MAR07800,-199.4959347520194,107.57438254618074,-454.20535868086165,-373.6862253549135,-191.5139811709089,-64.06126666892308,-45.236959306829135
MAR07801,-387.2426097166769,371.684678198481,-973.1217441409162,-967.0695034089129,-257.28986976935494,145.92434569117927,326.60368637401973
MAR07804,-0.8380348145627464,4.180443752446117,-13.815852224843155,-8.49687352763051,0.5373196833776852,4.722546333107161,9.250258967667776
MAR07806,0.83803481455961,4.180443752447088,-9.25025896766715,-4.722546333114616,-0.5373196833786551,8.496873527630731,13.815852224839318
MAR07810,424.74409023604363,364.6190945428621,-282.2191463171489,-140.13895350937736,337.0807777067915,972.1252794303314,979.3139863987775
MAR07814,-424.74409023604125,364.6190945428637,-979.3139863987776,-972.1252794303318,-337.080777706788,140.13895350938407,282.21914631715214
MAR07819,982.198453476544,15.499612834790675,937.0504546273895,950.0934989807133,985.9417918665056,999.1694202370034,999.8903213689733
MAR07822,105.34745405773891,67.8253755200341,-8.116785416490373,36.10764056873628,78.50397351627372,244.84359235299178,270.6615462201337
MAR07824,-426.1827775926929,363.21093434379594,-979.3146015379026,-971.813288945391,-340.74930583395883,139.4350204785741,284.887161968427
MAR07855,0.0,0.0,0.0,0.0,0.0,0.0,0.0
MAR07856,0.0,0.0,0.0,0.0,0.0,0.0,0.0
MAR07857,0.9009788131323265,0.001069924763599906,0.9001746176222674,0.9001928215764673,0.9005644804324344,0.9027260627865622,0.9096608659254929
MAR07860,0.6006525420879343,0.0007132831757799794,0.6001164117477022,0.6001285477171738,0.6003763202881144,0.6018173751908151,0.6064405772834083
MAR07861,0.9009788131323282,0.0010699247636002304,0.900174617622268,0.900192821576468,0.9005644804324349,0.9027260627865621,0.909660865925493
MAR07862,0.6006525420882276,0.0007132831757283979,0.6001164117482102,0.6001285477176763,0.6003763202882832,0.6018173751910417,0.606440577283684
MAR07864,587.1436716025626,265.59859482994824,182.2802006413001,214.55100091306252,505.64533900615834,980.6267334338531,985.2737134614617
MAR07865,-122.17524671283608,141.28341809070812,-543.1713881566021,-418.68442741577735,-62.46129524064756,-3.621080066511025,-1.7828253778734506
MAR07866,-595.2516442060356,251.6211874808884,-984.9056112374303,-978.1994909090923,-507.29962542806726,-227.38949280532162,-201.32500857655276
MAR07867,-122.26493083490456,133.29206320345418,-520.3625763662312,-419.9713442111255,-75.5378387201788,-2.7291144853593465,147.76638520434608
MAR07869,-138.00374211914863,80.00196856339117,-373.7044573698063,-260.479970902621,-152.08313436121057,-9.321585774984648,-5.825544284646412
MAR07872,439.7566875632091,350.83523387669334,-248.02399756380572,-93.63080840529649,363.32240641054705,970.8471933445358,978.8934453506697
MAR07873,137.8177520084318,148.25388581108393,-90.45495780989643,3.0977676107417103,83.64993778781518,471.35474058142074,574.0424979375277
MAR07874,3.3880053604386196,6.105425234081703,-10.31284396068721,-7.876840485939132,1.903642133334194,13.632929672369075,16.135896169470087
MAR07876,-435.0367203201739,366.7837827746347,-979.1674151109472,-973.1779862994946,-363.2119032735058,151.82773204282856,284.4901585715996
MAR07877,0.0,0.0,0.0,0.0,0.0,0.0,0.0
MAR07886,99.31880347673757,67.8251355967123,-14.203529552915938,30.069172238015835,72.47241018368445,238.81938817825113,264.63238451984546
MAR07890,-105.94810659982716,67.82539946566207,-271.26224968656715,-245.4438018862848,-79.10491626454072,-36.709271282680525,7.510344839206496
MAR07896,-284.7040981505406,379.4327277761948,-910.8277504704761,-906.9903241508586,-37.4547470635419,-2.162699504427844,-0.10925405414928946
MAR07942,137.57533555059453,185.83495626982344,-71.44468168103981,-2.883900714631299,58.462794873381796,616.7992245109832,646.9054495061623
MAR07943,-442.6982655509178,344.62348786725937,-962.2377383098878,-959.6825067607939,-390.57075792675863,-44.171120159256496,-25.31268623124231
MAR07946,8.57369673855313,8.429287084499812,0.03344159291164109,0.21049169434811973,5.286874171417281,25.223022980103334,36.09052056513014
MAR07951,0.0,0.0,0.0,0.0,0.0,0.0,0.0
MAR07953,0.0,0.0,0.0,0.0,0.0,0.0,0.0
MAR07955,5.734569609933778e-16,1.0489739730713083e-15,-4.4346484410746534e-16,1.592294999387245e-17,1.569228402377281e-16,3.94824449313478e-15,4.1216797739849865e-15
MAR07956,-6.046100478880898e-16,9.951169875754244e-16,-3.7688035210994956e-15,-3.598606617786799e-15,-1.582545122701733e-16,1.8587651903529486e-16,5.161518086936345e-16
MAR07968,439.56178984721913,346.33578607821056,16.059030868018713,41.271445632188744,383.702886713675,959.4771700061972,962.0949034668113
MAR07969,-184.1484116848544,487.82156562598175,-915.4255502688062,-905.6941647257443,-35.54279774472367,647.9571517139699,709.6318783633737
MAR07974,0.0,0.0,0.0,0.0,0.0,0.0,0.0
MAR07976,177.8507085843144,145.17221865115326,6.150947740667012,8.667422971414904,143.7849295821664,490.06106311621403,585.1043898571011
MAR07978,1.078937897387264e-15,1.3589131534518467e-15,-2.1133637490193471e-16,-1.1993718312448512e-16,6.058938698519635e-16,4.2851991975174504e-15,4.564381345049056e-15
MAR07979,1.0789378973872642e-15,1.358913153451847e-15,-2.1133637490193471e-16,-1.199371831244851e-16,6.058938698519635e-16,4.2851991975174504e-15,4.564381345049056e-15
MAR07993,0.0,0.0,0.0,0.0,0.0,0.0,0.0
MAR07994,-116.45977751356169,120.56452009404207,-315.91336651422273,-314.0012457315486,-49.01509471624456,-8.262475070021404,-0.10099827928659444
MAR07995,116.45977751356165,120.56452009404207,0.10099827928658023,8.262475070021402,49.01509471624452,314.0012457315486,315.91336651422273
MAR07996,116.45977751356165,120.56452009404207,0.10099827928658733,8.262475070021413,49.01509471624453,314.0012457315486,315.91336651422273
MAR07997,116.45977751356169,120.56452009404207,0.10099827928659444,8.262475070021404,49.01509471624456,314.0012457315486,315.91336651422273
MAR07998,-116.45977751356166,120.56452009404205,-315.91336651422273,-314.0012457315486,-49.01509471624455,-8.262475070021404,-0.10099827928658023
MAR08009,0.002321623308745452,2.756959690470213e-06,0.0023195510746221695,0.0023195979821895485,0.002320555664934511,0.0023261255850080547,0.002343995040287366
MAR08010,-0.006964869926236438,8.270879071441874e-06,-0.0070319851208623775,-0.006978376755024255,-0.006961666994803545,-0.006958793946568616,-0.006958653223866497
MAR08020,0.0,0.0,0.0,0.0,0.0,0.0,0.0
MAR08021,0.0,0.0,0.0,0.0,0.0,0.0,0.0
MAR08023,448.83301718201574,111.70118228651292,245.66770641044766,274.5949452087424,443.6262675867481,604.2117114070522,606.9852973606637
MAR08034,0.0,0.0,0.0,0.0,0.0,0.0,0.0
MAR08036,0.0,0.0,0.0,0.0,0.0,0.0,0.0
MAR08037,62.10533093644727,55.266306378818655,0.03961522036295306,0.7193456606910695,44.42092379020055,156.21209996667685,221.3842417833065
MAR08038,37.02739006207352,30.031874636243035,0.0005135877036383701,0.7712571627858384,33.77095030594223,100.09928799095537,122.1337211683195
MAR08039,-10.694139670226916,12.579090687568035,-58.765878609254095,-37.99255581181692,-6.032409134545295,-0.23447565400193884,-0.008039924154011066
MAR08040,10.694139670226916,12.579090687568035,0.00803992415401115,0.23447565400193798,6.032409134545297,37.992555811816835,58.765878609254095
MAR08041,10.694139670226916,12.579090687568035,0.008039924154011066,0.23447565400193793,6.032409134545295,37.992555811816835,58.765878609254095
MAR08048,-5.353841733587799,5.740382709000682,-24.609679929758343,-15.199474936081753,-3.305701272864701,-0.0505555785116578,-0.005562850067913474
MAR08049,5.3538417335878,5.7403827090006825,0.005562850067913585,0.05055557851165733,3.305701272864702,15.199474936081751,24.609679929758343
MAR08050,5.353841733587797,5.7403827090006745,0.005562850067913585,0.05055557851165721,3.305701272864706,15.199474936081762,24.609679929758286
MAR08051,-8.076762976324929,9.409736337288475,-45.00801471187985,-27.86708347229158,-4.635770900942074,-0.07818839385496977,-3.3153681693732346e-05
MAR08052,8.076762976324927,9.409736337288473,3.315368169445399e-05,0.07818839385496973,4.635770900942071,27.867083472291576,45.008014711879845
MAR08053,8.07676297632493,9.409736337288441,3.315368174732457e-05,0.07818839385497275,4.635770900942071,27.867083472291423,45.0080147118798
MAR08054,0.0,0.0,0.0,0.0,0.0,0.0,0.0
MAR08055,0.0,0.0,0.0,0.0,0.0,0.0,0.0
MAR08066,0.0,0.0,0.0,0.0,0.0,0.0,0.0
MAR08067,0.0,0.0,0.0,0.0,0.0,0.0,0.0
MAR08068,0.0,0.0,0.0,0.0,0.0,0.0,0.0
MAR08069,0.0,0.0,0.0,0.0,0.0,0.0,0.0
MAR08088,8.951780840929422e-14,1.1212435816270196e-13,-1.4687874496558963e-14,7.651006098917976e-16,5.032832572309982e-14,3.618333644808133e-13,3.7057011345946137e-13
MAR08089,-6.51559477896078e-15,2.5200350688530997e-14,-9.763212310742339e-14,-8.166654905000639e-14,-7.152426997844089e-16,2.3383095400891743e-14,3.208873481558357e-14
MAR08091,0.0,0.0,0.0,0.0,0.0,0.0,0.0
MAR08092,0.0,0.0,0.0,0.0,0.0,0.0,0.0
MAR08096,-224.1778584933659,169.87501856733905,-676.2004038698335,-522.4363326095655,-185.02541744914294,-13.05114737550421,-8.629294353700752
MAR08097,224.17785849336593,169.87501856733908,8.629294353700748,13.051147375504206,185.02541744914294,522.4363326095655,676.2004038698336
MAR08098,-1.2294014186089966e-15,9.873991369445231e-15,-2.5288764134319738e-14,-2.208211866060334e-14,-3.2656307208718047e-16,1.501381922737035e-14,1.9526686944538462e-14
MAR08099,9.244523887195061e-12,2.0523341194796123e-11,-8.25787663064887e-12,-8.250147620477039e-12,1.9846249440515234e-12,5.2189503662025654e-11,5.962229672474788e-11
MAR08102,0.0,0.0,0.0,0.0,0.0,0.0,0.0
MAR08104,0.0,0.0,0.0,0.0,0.0,0.0,0.0
MAR08132,181.98727141494658,168.05654305242973,1.2744005140000725,19.875337637948192,94.12501989161719,450.9682859422539,452.6823708270357
MAR08144,-95.03854806840778,476.34573305335226,-898.693369221867,-892.991128164859,161.25312571505157,333.39339858149265,550.8171653940103
MAR08202,0.0,0.0,0.0,0.0,0.0,0.0,0.0
MAR08218,27.03557310003652,17.824138785348943,0.30208852394331104,2.745060481933966,24.30156620596925,62.33782274897931,90.82477488079064
MAR08234,0.0,0.0,0.0,0.0,0.0,0.0,0.0
MAR08240,0.0,0.0,0.0,0.0,0.0,0.0,0.0
MAR08241,0.0,0.0,0.0,0.0,0.0,0.0,0.0
MAR08274,0.9009788131323284,0.0010699247635978931,0.9001746176222728,0.9001928215764724,0.9005644804324436,0.9027260627865986,0.9096608659255014
MAR08301,104.44647524460646,67.82533961563928,-9.026446282414852,35.205194497820756,77.60255939387451,243.94327805304795,269.76049102047665
MAR08340,0.0,0.0,0.0,0.0,0.0,0.0,0.0
MAR08341,0.0,0.0,0.0,0.0,0.0,0.0,0.0
MAR08344,0.0,0.0,0.0,0.0,0.0,0.0,0.0
MAR08345,0.0,0.0,0.0,0.0,0.0,0.0,0.0
MAR08346,0.0,0.0,0.0,0.0,0.0,0.0,0.0
MAR08348,0.0,0.0,0.0,0.0,0.0,0.0,0.0
MAR08349,0.0,0.0,0.0,0.0,0.0,0.0,0.0
MAR08350,0.0,0.0,0.0,0.0,0.0,0.0,0.0
MAR08352,653.0903319104876,220.22617091929297,209.72932888826253,270.4453238233751,627.8044368926468,935.7776075001511,944.40243476522
MAR08353,-653.0903319104875,220.22617091929314,-944.4024347652202,-935.7776075001512,-627.8044368926471,-270.4453238233745,-209.7293288882623
MAR08356,0.0,0.0,0.0,0.0,0.0,0.0,0.0
MAR08357,0.0,0.0,0.0,0.0,0.0,0.0,0.0
MAR08358,0.0,0.0,0.0,0.0,0.0,0.0,0.0
MAR08360,0.0,0.0,0.0,0.0,0.0,0.0,0.0
MAR08364,18.374931164529876,18.25361888452747,0.03475421156436435,0.5054673478544996,12.672792312887598,59.592931790859076,69.29067624746992
MAR08370,0.0,0.0,0.0,0.0,0.0,0.0,0.0
MAR08386,0.0,0.0,0.0,0.0,0.0,0.0,0.0
MAR08408,-829.636050298969,160.0646104573987,-990.2326916305627,-985.7495524950302,-895.5169915142872,-484.0224086156072,-408.9251288773882
MAR08410,77.91786526422584,61.65214551267815,2.6895583933715703,4.378801232098726,60.024970988431775,201.83617318565655,250.3034250094509
MAR08411,155.8357305284537,123.30429102535717,5.379116786743181,8.75760246419709,120.04994197686352,403.6723463713171,500.60685001890243
MAR08412,256.2208159806484,71.66959501418938,145.3609579427822,147.1159710005079,284.39407175295264,339.4587567717102,353.73068219741816
MAR08413,128.11040799032406,35.834797507094486,72.6804789713911,73.55798550025413,142.19703587647643,169.72937838585517,176.8653410987082
MAR08414,89.52539423780289,113.717813137614,1.1068186145822863,5.670927342698933,43.715884415857104,385.381055693729,420.38354509308033
MAR08415,44.76269711890157,56.85890656880715,0.5534093072924152,2.8354636713486694,21.857942207928236,192.6905278468636,210.19177254653943
MAR08418,-21.290030140479946,562.2089397655615,-941.66786094336,-936.4240502356831,203.60075452691314,688.740660873406,797.1129769550182
MAR08422,0.0,0.0,0.0,0.0,0.0,0.0,0.0
MAR08445,4.075686206092263,0.0048399335667412184,4.072048330817282,4.07213067859721,4.073811922207946,4.083590100402177,4.114960517867267
MAR08448,-57.75385695334302,62.08036943730162,-253.34616807175672,-178.15610185973594,-43.22184148140764,3.2495834104851826,126.01982273980985
MAR08449,-179.19442047646555,144.63833095611602,-589.0188136696484,-490.8225053103827,-151.34555543269164,-9.771232235377761,-6.49531184957732
MAR08450,-174.8036163597131,150.7272100622156,-586.5169585164599,-511.5227056365315,-135.0612056472359,-8.896139841579883,-5.094215309983724
MAR08451,175.80641511602772,142.06566592365837,6.589444313334866,9.968027475732857,148.87704778178016,479.8642788009652,588.4524118763934
MAR08452,329.3347859225111,397.1955790910474,-410.75806807626344,-287.5925880745743,255.88907628574194,916.3134420633057,922.454648073142
MAR08453,3.6068210113799966,14.884723733591432,-33.72482417903802,-18.376766565603894,0.8214031274057731,39.13338093543999,60.357531600957714
MAR08454,181.3849483083284,92.53326609940386,47.2789101389767,57.97763290254919,184.3377156263267,306.5378827399794,395.9928923750844
MAR08455,0.0,0.0,0.0,0.0,0.0,0.0,0.0
MAR08456,-443.80540859173914,352.3543377431133,-979.2962168306692,-971.4678659299559,-368.80155689568744,102.31328584164116,249.5660232821329
MAR08457,427.89063207115015,354.7436458893868,-251.9366711251506,-102.54545460951435,339.67983816031204,969.3340233347135,977.8626618607497
MAR08458,444.73145854314873,358.53349142659516,-264.2316855255529,-116.19484319891389,378.53728762374584,972.4922052969351,979.1432003594184
MAR08459,-9.694738222972278,14.595171933046759,-48.69008276830181,-37.45493745394739,-4.539227806119147,6.542088257411657,25.600133769933024
MAR08460,-159.96934177848271,131.52689198559642,-564.4889041542954,-452.38510334813395,-133.83241128500507,-9.77356884789226,-6.178751085340082
MAR08461,-477.54224163737905,341.0976928097643,-980.849137095695,-973.0021255673014,-427.90390542438365,61.93732839169101,206.19517263177391
MAR08462,-437.63978819709655,355.25414558936177,-978.1353709192581,-970.3435632869663,-353.8923341875869,101.74134202730286,248.62124709165175
MAR08463,-161.2866918018293,134.3707257968701,-566.4418909024242,-460.1253293815973,-124.92360709423939,-9.482433798958622,-5.802083669967715
MAR08464,437.63978819709655,355.25414558936177,-248.62124709165175,-101.74134202730309,353.8923341875868,970.3435632869663,978.1353709192581
MAR08465,121.70022195470608,126.94833517301649,3.127069141331731,6.071127026383425,78.86742665079367,415.26197862136587,532.1317565878983
MAR08466,-427.17432982407973,361.8306404131649,-979.0949623761245,-971.5460943793832,-340.71435273610257,119.14105082763487,265.40599767416603
MAR08467,-356.14361887323855,318.73592368419185,-870.0899326245869,-853.8681484726241,-257.95963379677903,5.50431375843441,100.34315628034398
MAR08468,167.36101213488973,151.61486948442013,7.042949376678507,9.47121156995999,111.40673022230368,498.171907348208,588.0715155999051
MAR08469,-83.71511008059123,52.325864681138,-192.50853607260308,-170.44149290364732,-58.78446746796729,-16.700169266450345,15.121664867120558
MAR08471,-434.68223998024814,353.7190823417562,-978.7346531101052,-970.5045191844406,-366.5094091372805,77.62653868465408,260.94379144678953
MAR08472,-443.3635085745894,352.08065632906226,-978.7312464296541,-971.1141867052776,-365.81607664352725,95.6391850126803,248.41360820633736
MAR08474,0.0,0.0,0.0,0.0,0.0,0.0,0.0
MAR08481,-5.127671767867878,0.006089180926519714,-5.177083270498144,-5.137615756108051,-5.1253137078811655,-5.123198514277585,-5.123094911506189
MAR08497,113.83367343514877,76.70261917939091,8.317543982651845,11.767749893646457,89.81590260747537,248.9851966143889,331.6411143634859
MAR08498,18.37493116452987,18.253618884527466,0.034754211564365235,0.5054673478545005,12.672792312887598,59.59293179085906,69.2906762474699
MAR08499,9.876640804327218,9.108540428946565,0.034187917491615503,0.44091496561962584,8.103039594236215,27.024206189020738,45.336555035249475
MAR08500,122.33196379535411,76.34569121427737,8.448255569476014,11.917650327525973,115.56995907417817,247.9685402077164,327.5714305615904
MAR08501,5.0404966448821815,5.902029294326648,0.00266779708335911,0.128941811071556,1.75819598338109,17.132400978388752,22.42050223364236
MAR08502,0.0,0.0,0.0,0.0,0.0,0.0,0.0
MAR08503,88.14030340473357,50.67246598460738,22.79495970419751,25.416872268167324,80.68607622634278,190.8260693032718,223.70983749648363
MAR08504,86.61485261756884,109.59257122660244,0.22840595625944984,4.667695912687582,55.103492692705046,385.14347813537876,412.4101393420514
MAR08505,0.0,0.0,0.0,0.0,0.0,0.0,0.0
MAR08506,0.0,0.0,0.0,0.0,0.0,0.0,0.0
MAR08507,92.79686975483685,112.24588068263269,0.2754707039335528,6.604015000685682,61.76586574339865,395.95861675083216,426.0666459117632
MAR08508,88.14030340473366,50.67246598460738,22.794959704197503,25.416872268167317,80.68607622634326,190.82606930327182,223.7098374964837
MAR08509,11.222513782150301,11.260866124598719,0.02951056562773413,0.3958223706547101,6.843152901928199,39.28522952103335,50.5099516284359
MAR08510,0.0,0.0,0.0,0.0,0.0,0.0,0.0
MAR08511,0.0,0.0,0.0,0.0,0.0,0.0,0.0
MAR08512,-179.10355689399884,331.14327602651855,-685.504367774696,-682.9062387356965,-37.91758214575867,326.6869640839659,348.534396617562
MAR08529,1.2294271898221179e-12,3.766939238068935e-12,-4.315490395387755e-12,-2.994069640156336e-12,9.148759722007992e-14,9.333990043713122e-12,1.1308948908796515e-11
MAR08530,-386.43776830375145,384.41828008926524,-977.9401039737035,-968.1021998657341,-285.6673344212375,165.31814237801478,295.8970476749017
MAR08539,6.19722185879004,6.335883783472359,0.017079007328145088,0.1974561617797536,4.065107949460343,19.695879040234722,32.147992929204065
MAR08546,0.0,0.0,0.0,0.0,0.0,0.0,0.0
MAR08547,-3.230839961360404e-14,6.634278659350647e-14,-1.334489122231654e-13,-1.3288243311969397e-13,-6.388558671577675e-15,6.561487642670845e-14,1.033956718938677e-13
MAR08549,-289.84705566287,375.6863227167217,-896.5831405940361,-893.8809429379058,-86.9376798760999,96.88210084315708,170.5903363869328
MAR08551,43.58806103024844,46.87402336090735,0.20328685663845256,3.7467809899657167,24.16008675201562,148.52441268751184,172.86561792063998
MAR08552,-1.2882921271064661e-14,1.1156954013374943e-14,-4.100667613110524e-14,-3.5977276212857776e-14,-1.022786439011859e-14,-4.686412645521766e-16,7.959259343129078e-17
MAR08562,0.0,0.0,0.0,0.0,0.0,0.0,0.0
MAR08563,0.0,0.0,0.0,0.0,0.0,0.0,0.0
MAR08566,7.922292806251877,9.680823781966566,0.008000671245344843,0.09534942455072921,4.082027943644288,29.099127961879503,41.11200475132639
MAR08594,-4.743278494991719e-16,7.920278531098826e-16,-2.979951309302743e-15,-2.4344759350618925e-15,-1.2341028839350455e-16,3.446494283967837e-16,3.5635009602670444e-16
MAR08595,-5.750166190842292,5.6773370081602685,-27.05912943703049,-17.984745615867265,-3.8995235515666344,-0.28726687477416285,-0.007242174378051777
MAR08596,0.0,0.0,0.0,0.0,0.0,0.0,0.0
MAR08598,5.7501661908422905,5.677337008160268,0.007242174378051999,0.2872668747741623,3.899523551566636,17.98474561586723,27.05912943703049
MAR08599,5.750166190842036,5.67733700815987,0.007242174377810439,0.2872668747738968,3.89952355156598,17.984745615867315,27.059129437027455
MAR08600,-9.784910835204622,8.021232535656956,-31.50892265664854,-25.672602903841483,-7.770683701711249,-0.8332309293283021,-0.05992977055678376
MAR08601,9.78491083520462,8.021232535656956,0.05992977055678398,0.8332309293283027,7.77068370171125,25.672602903841472,31.508922656648533
MAR08602,9.78491083520462,8.021232535656955,0.059929770556783925,0.8332309293283026,7.770683701711251,25.672602903841472,31.508922656648533
MAR08603,0.0,0.0,0.0,0.0,0.0,0.0,0.0
MAR08604,0.0,0.0,0.0,0.0,0.0,0.0,0.0
MAR08605,0.0,0.0,0.0,0.0,0.0,0.0,0.0
MAR08610,14.518046559628976,12.768787006235213,0.15788572491025352,1.6705134935638015,10.45798649388275,41.9039230612416,66.23468748582314
MAR08611,64.37697862765916,78.79950300512995,0.476927111471825,4.542492789701491,27.34095009564851,223.00887057847788,317.20835659074584
MAR08612,0.00465674442742547,5.529948216352494e-06,0.004652587911306097,0.004652681999159245,0.004654602932572093,0.004665775155975491,0.004701617958715949
MAR08613,0.0023283722137127337,2.7649741081761476e-06,0.002326293955653048,0.002326340999579622,0.0023273014662860457,0.002332887577987738,0.0023508089793579743
MAR08614,0.004656744427425467,5.529948216352303e-06,0.004652587911306096,0.004652681999159244,0.0046546029325720915,0.004665775155975476,0.004701617958715949
MAR08615,0.004656744427425467,5.529948216352438e-06,0.0046525879113060945,0.004652681999159242,0.0046546029325720915,0.004665775155975476,0.004701617958715949
MAR08616,0.0046567444274254665,5.529948216352354e-06,0.0046525879113060945,0.004652681999159242,0.0046546029325720915,0.004665775155975476,0.004701617958715949
MAR08617,0.004656744427425467,5.529948216352269e-06,0.004652587911306096,0.004652681999159244,0.0046546029325720915,0.004665775155975476,0.004701617958715949
MAR08631,75.60879650448236,46.33896889400906,3.2311101721378424,5.7961195981073885,76.5185366566622,147.02862275208744,165.90257765073014
MAR08632,261.64926641381584,186.41876065516172,48.68521352520268,56.16094236762481,226.23874941813156,613.840356619254,707.8077000518059
MAR08635,39.658172568446986,24.772823071065986,4.073745598516132,4.646736881517555,36.183858176502405,78.51599202109689,129.55679792913736
MAR08643,124.26674328838929,86.30257568904979,3.134971560786072,6.676036869538952,108.59840319936258,280.98276776694405,371.74398412746893
MAR08645,349.04068228551,226.84061278966772,13.502317160142029,18.99176726370224,401.664976467693,707.3024488334971,786.9176585388661
MAR08646,-540.5244185529326,244.86313937062474,-930.1786788601564,-919.6571019778257,-454.21739617532955,-225.9735534961195,-178.19382428191696
MAR08653,0.0,0.0,0.0,0.0,0.0,0.0,0.0
MAR08654,0.0,0.0,0.0,0.0,0.0,0.0,0.0
MAR08659,36.44243616435952,38.220850946278155,0.08073403369890823,0.6290257031291123,21.177794266429327,114.19932735342623,206.02582990484638
MAR08660,31.498431491556712,30.55896150680036,0.6612950752066816,2.9650431108443804,23.100056446707356,82.51346067583644,204.69626724611697
MAR08662,-451.4248583051851,344.89955895283236,-979.5913528122657,-972.7281408524112,-372.3647225839922,90.02383974498193,250.48002161868465
MAR08663,-451.42485830518723,344.8995589528309,-979.5913528122643,-972.7281408524135,-372.36472258398993,90.02383974497056,250.48002161867453
MAR08676,266.0316428760347,642.7230597537147,-770.0617558369697,-766.2075942412756,650.0848911049501,849.2181960331451,883.3287870280986
MAR08678,-359.20895743179824,449.36338866364184,-967.8520426225977,-961.0919307492214,-408.2832737950035,484.4490508364179,526.8751015065582
MAR08682,-617.0394376174901,257.06272445478436,-983.028284897017,-974.7549629002341,-610.2541663422069,-176.20297734207873,-28.47371925502091
MAR08698,-59.272835448617144,476.67302585121865,-848.9374732733968,-841.5640758611432,198.08544186911854,375.93491553422894,439.23268687843006
MAR08699,-202.23284022705448,455.2055728003435,-957.746897644335,-952.4042313029098,23.71381458840679,288.823349653191,452.30093302856795
MAR08700,6.974543841333546,5.909694490491763,0.0709930232784548,0.28961490388181466,5.536937596042842,18.456452962301753,31.43106081391661
MAR08701,0.0,0.0,0.0,0.0,0.0,0.0,0.0
MAR08702,-0.006978367736170912,8.286907906819271e-06,-0.007045612999003297,-0.006991900740983467,-0.006975158597506565,-0.006972279981348795,-0.006972138985928274
MAR08709,-423.6013511558167,361.3451668686399,-977.6284302066214,-970.2771494045418,-336.51296980229273,104.40795742188789,254.53908484109144
MAR08711,155.06436479348986,138.92676802128872,4.828135898634287,7.416370872106865,111.33873354556128,461.3486790684528,567.5237889111685
MAR08716,0.004034997931040637,0.0022061555183601447,0.0004960505904220277,0.0005525300372483373,0.004982469555294992,0.0066756759900497165,0.008117907037014073
MAR08720,874.0956438626648,138.01805648019388,480.68361946461283,524.883854615164,919.8994003757928,985.1805110660155,999.7493598123893
MAR08722,0.009007995704701652,0.003376597983053331,0.004398080973812122,0.005046173769168731,0.007343687125118206,0.014305353554099766,0.014349472024538049
MAR08740,0.0,0.0,0.0,0.0,0.0,0.0,0.0
MAR08752,0.0,0.0,0.0,0.0,0.0,0.0,0.0
MAR08753,0.0,0.0,0.0,0.0,0.0,0.0,0.0
MAR08756,0.0,0.0,0.0,0.0,0.0,0.0,0.0
MAR08757,2.616973596638522,4.081123662514487,0.001998485448518439,0.04075789345649238,1.3816608952312481,8.423453073251894,29.63713318980047
MAR08758,0.0,0.0,0.0,0.0,0.0,0.0,0.0
MAR08760,0.016481697656788488,0.011948904037988586,0.0008153965755651158,0.0015894232850155224,0.01352553083296763,0.03780557416694788,0.05979320315022109
MAR08761,0.005056313151256448,0.00465386245737579,1.8998368427496015e-06,0.00020051586067939807,0.0033265177342999717,0.01470250136517503,0.019864498336170468
MAR08762,0.005056313151256445,0.004653862457375797,1.8998368428510056e-06,0.00020051586067938433,0.0033265177342999596,0.01470250136517469,0.01986449833617065
MAR08765,0.0,0.0,0.0,0.0,0.0,0.0,0.0
MAR08772,36.23173101122689,36.94222698489042,0.7554660006323136,2.206153845512092,24.081034078642045,117.82306883106176,141.5812402870418
MAR08773,36.23173101122688,36.94222698489041,0.7554660006323152,2.2061538455120946,24.081034078642023,117.82306883106175,141.58124028704177
MAR08775,36.23173101122688,36.94222698489044,0.7554660006323136,2.2061538455120915,24.081034078642006,117.82306883106178,141.58124028704182
MAR08776,15.104075802757572,12.850843181871998,0.09574514433686171,0.49195834235477987,10.67526234009943,38.81717985465564,50.991018944487365
MAR08777,15.104075802757546,12.850843181871978,0.09574514433686086,0.49195834235477914,10.67526234009943,38.817179854655514,50.99101894448726
MAR08778,15.104075802759413,12.850843181872255,0.09574514433746123,0.49195834235540115,10.67526234009907,38.81717985465438,50.99101894449185
MAR08779,590.5869642987261,315.5029849370992,82.08885956612845,87.30173535324798,744.6888967427672,927.4984455080424,965.3217617368847
MAR08782,2.0009415531302474e-16,8.21342488389063e-16,-1.4854494033102272e-15,-1.0777881628629528e-15,1.5536559872383556e-16,1.7911421208283546e-15,1.8115330045751964e-15
MAR08783,49.18211814902073,72.29676406240763,0.002422307380750387,0.4631758729889492,12.53506026973469,195.58484348719668,293.51057970818005
MAR08784,49.182118149018976,72.29676406240587,0.0024223073757336,0.463175872988784,12.535060269738329,195.58484348719082,293.5105797081778
MAR08791,0.21210121089768375,0.0002518731141620811,0.21191189359700802,0.2119161790298742,0.21200367203698983,0.21251253443199358,0.21414507014586456
MAR08847,53.78600563441778,40.51419229220261,0.746266764550607,5.5214206948225915,46.575893666266474,122.21328451553502,161.33862886459457
MAR08855,0.0,0.0,0.0,0.0,0.0,0.0,0.0
MAR08864,62.105330936447245,55.26630637881865,0.03961522036295327,0.7193456606910701,44.42092379020055,156.21209996667685,221.3842417833065
MAR08865,37.02739006207352,30.031874636243035,0.000513587703637253,0.7712571627858374,33.77095030594223,100.09928799095537,122.1337211683195
MAR08866,0.0,0.0,0.0,0.0,0.0,0.0,0.0
MAR08869,6.354712483695393,6.648385319385941,0.010045868288596377,0.12798193832460777,3.9332400174083983,20.397451566984003,26.611119485449503
MAR08870,-7.271358552614207,8.387828449872286,-40.27254107134327,-25.730731682427297,-4.305881833284602,-0.20092495987918668,-0.002071415118724676
MAR08879,64.98114328603364,60.211111699270795,0.8971688593413294,2.190732214892084,42.97981857180282,182.34572919885454,233.63115965020313
MAR08891,0.25848771456140013,0.15129701859400793,0.056856563540231886,0.07979978689863203,0.20603680772485639,0.4920824911844383,0.49418099422780803
MAR08905,7.2713585526175475,8.387828449870177,0.0020714151222500344,0.20092495988002548,4.305881833286511,25.730731682408553,40.272541071352066
MAR08915,0.0,0.0,0.0,0.0,0.0,0.0,0.0
MAR08927,9.36927207507952,8.179042795792391,0.13463452625548994,0.8613876268193162,6.5541128283780985,24.877033705184694,29.50224252517156
MAR08931,2.7209503213076518e-14,2.1772285505579572e-14,9.730196043534956e-16,1.3650948382470075e-15,2.2565191443248914e-14,7.315201171749625e-14,9.120976935602355e-14
MAR08962,0.0,0.0,0.0,0.0,0.0,0.0,0.0
MAR08966,-982.1984534765443,15.499612834790474,-999.8903213689733,-999.1694202370034,-985.9417918665056,-950.0934989807139,-937.0504546273904
MAR08967,982.1937967321081,15.499614964162223,937.0457986332974,950.0888425470165,985.9371357095915,999.1647669217231,999.8856686043773
MAR08970,-336.23860090873745,448.92549543065934,-974.9025886896299,-964.4161340056635,-285.3270265781429,455.8947342463546,526.4956781148774
MAR08981,0.0,0.0,0.0,0.0,0.0,0.0,0.0
MAR08987,521.283303023327,27.667384177354798,467.61476471493313,480.59874850704847,515.2371612514553,583.1621101447685,607.8756709664092
MAR08989,0.0,0.0,0.0,0.0,0.0,0.0,0.0
MAR08991,982.1937967321084,15.49961496416225,937.0457986332975,950.0888425470163,985.9371357095913,999.1647669217232,999.8856686043773
MAR08997,384.9366005954242,247.1813357727243,16.48834689256455,19.957962408540187,443.35739677042505,759.4039712368021,798.5801669093895
MAR08998,384.94125733985527,247.1813378360335,16.492999678300944,19.96261590268973,443.3620571984266,759.4086292352779,798.5848385617267
MAR09000,-123.82471162379747,596.424946084673,-859.6499895232084,-766.3550730310044,-418.2701217523037,830.0879320080171,836.6980381434839
MAR09002,0.0,0.0,0.0,0.0,0.0,0.0,0.0
MAR09003,9.120164444164567e-12,2.044927749820703e-11,-8.259673120575377e-12,-8.25251142224534e-12,1.948409733843807e-12,5.201250209623688e-11,5.944855984283052e-11
MAR09004,0.0,0.0,0.0,0.0,0.0,0.0,0.0
MAR09006,-2.625670619441975,5.320203816191213,-38.03388480185872,-8.653088274064503,-0.869714541130153,-0.0824964994298694,-0.0009271658617234966
MAR09007,0.0,0.0,0.0,0.0,0.0,0.0,0.0
MAR09009,0.2338551812038404,0.00027770625215540985,0.23364644678746146,0.2336511717476336,0.2337476383324661,0.23430869173987462,0.2361086670789523
MAR09011,123.82471162379744,596.424946084673,-836.6980381434839,-830.0879320080171,418.2701217523037,766.3550730310044,859.6499895232084
MAR09013,-9.120164444164567e-12,2.044927749820703e-11,-5.944855984283052e-11,-5.20125020962372e-11,-1.948409733843807e-12,8.25251142224534e-12,8.259673120575377e-12
MAR09014,0.0,0.0,0.0,0.0,0.0,0.0,0.0
MAR09021,0.0,0.0,0.0,0.0,0.0,0.0,0.0
MAR09026,2.625670619441974,5.320203816191213,0.0009271658617233439,0.08249649942986882,0.8697145411301527,8.6530882740645,38.03388480185872
MAR09027,0.0,0.0,0.0,0.0,0.0,0.0,0.0
MAR09029,-0.2338551812038404,0.00027770625215540985,-0.2361086670789523,-0.23430869173987462,-0.2337476383324661,-0.2336511717476336,-0.23364644678746146
MAR09031,0.0,0.0,0.0,0.0,0.0,0.0,0.0
MAR09033,-277.9394205858727,177.62678785168404,-606.0601823649903,-523.7747176405718,-320.1340933773848,-20.734198121041906,-14.936769138433428
MAR09034,-326.88696978954187,368.90386370592904,-918.6239318049693,-914.3883231469015,-109.78356446126915,45.72387379006954,171.4593973220443
MAR09035,-61.15868514306804,42.91783542521201,-149.21046343952995,-129.08900874156043,-57.6930048617935,-3.01670157723633,-1.9241721748392746
MAR09036,-5.381449546347934,2.6761498040199325,-10.064644837214844,-8.890712040220725,-6.50624839200194,-0.931888221681684,-0.7613902358205387
MAR09037,0.0,0.0,0.0,0.0,0.0,0.0,0.0
MAR09038,-350.5165357011785,340.77726549001306,-919.8991495892772,-913.207891060116,-187.73542752011792,-9.303366504723654,52.22565795185733
MAR09039,-172.51303693774523,36.182193942374134,-223.73282598573547,-222.83161552311464,-170.84167402520887,-116.0433376851874,-106.66722600232598
MAR09040,-308.58559911391035,62.86483545652341,-397.5467367683196,-395.9797383416359,-305.6963117493668,-210.10750753416312,-193.98625901112996
MAR09041,-748.0987373408074,175.29265141041498,-996.2581906455462,-991.9009396968959,-739.9575573075731,-474.423480981329,-429.111647414844
MAR09042,-78.14733736272605,15.112117470376937,-107.33295196110899,-97.45660007058991,-78.59122919855977,-53.00094447089582,-49.5741916627244
MAR09043,-127.47752016228857,23.298394869618473,-163.6848036218961,-155.92370796367288,-130.49972815555526,-86.7303216046733,-78.53123410406454
MAR09044,-391.2971119991073,109.81596941802262,-614.7002711427035,-577.7337167485382,-345.699528197786,-278.3456113414067,-272.4691121110927
MAR09045,-25.73991924065602,4.881707087510227,-32.64131413078909,-32.51940671757127,-25.512084628219803,-18.022392335253226,-16.803623165437944
MAR09046,-227.397618068411,46.359160612997485,-292.99898614037124,-291.84341233661524,-225.26762706922966,-154.74743044016105,-142.87280671382345
MAR09047,796.8680583533694,132.15865239388273,556.9142181499006,599.6613925918497,781.1468750932329,988.5820711909363,993.9687351799112
MAR09048,-980.2164613642847,16.37187124709625,-999.6656695693428,-999.1042770279925,-981.8819390798456,-951.8409148184968,-920.1678702514774
MAR09049,0.0,0.0,0.0,0.0,0.0,0.0,0.0
MAR09051,-0.29856559121809334,0.17916163054248216,-0.5906501927654224,-0.5453610103230866,-0.2661009523114528,-0.0524474379294743,-0.04833263558207739
MAR09053,0.0,0.0,0.0,0.0,0.0,0.0,0.0
MAR09055,0.29856559121809334,0.17916163054248216,0.04833263558207739,0.0524474379294743,0.2661009523114528,0.5453610103230866,0.5906501927654224
MAR09058,269.5087027707478,441.89075492802334,-562.36414537927,-512.4652648952807,200.70140778785634,867.4212469413051,883.9481190225096
MAR09061,22.103160776363545,53.13188595973359,-135.99703145741194,-48.24772028813452,1.6143472593378192,122.10837630963101,169.54771134718624
MAR09062,-151.88797932546942,32.173617921487065,-197.43369056133713,-196.63247962975706,-150.40093659786203,-101.67616348741069,-93.33917566759423
MAR09063,43.38981779121028,226.79646884994196,-190.48409937472098,-173.4171112290481,-73.94705810807076,405.5450869072741,411.01817261285396
MAR09064,-92.68999542388946,23.02050464322317,-127.49792537527375,-126.90182086419678,-87.63842851307447,-61.13739905372561,-50.700620174342234
MAR09065,524.1955641034049,287.836254514949,69.5261331891719,75.1300888630058,671.2963814231491,824.86611208634,858.9481597775889
MAR09066,-22.08964563509943,17.50129679460191,-62.590786530787824,-53.60595955139451,-17.03390940806851,-2.3273097752059924,-1.472765222144741
MAR09067,447.43537921032373,143.48043254823753,146.55966449867617,217.36264434172756,505.4391298612419,675.6558167905705,710.6930733677361
MAR09068,-250.43807321148097,54.759084315843126,-452.4460017866728,-353.98751788691476,-233.66101949949353,-177.847494144072,-160.6654705211069
MAR09069,-487.4458269037735,119.74740544554547,-780.1842503744369,-698.6247029587546,-472.9776812681724,-344.37429372758663,-342.6565373892221
MAR09070,-297.5741071932116,87.4506169954777,-489.440090870023,-409.08949709975263,-264.817920316581,-181.4345238753767,-153.21571542746784
MAR09071,231.12506281579013,452.37805967633346,-493.36408933993897,-326.6155235175806,38.024000372042416,910.2781875659986,914.4237912666001
MAR09072,-90.03616293823451,482.9249806210848,-851.3965935265073,-845.4107888367615,151.5684745663741,449.8230355785011,565.9732839000314
MAR09073,367.8088036218209,244.53746071381195,-307.1836584029983,-66.23805079642621,308.13657094232667,775.0908878981893,828.8208452600061
MAR09074,-2.7010975754161935e-14,1.6087320733368994e-13,-5.178155330956514e-13,-4.703560069369922e-13,4.96114109250285e-15,1.2138700800850615e-13,1.7303288297377472e-13
MAR09075,470.0879085372399,438.88577906717677,-249.8106328198651,-245.5912872395211,744.7750851861213,832.5138427103938,879.0269554812909
MAR09076,-0.004656744427425467,5.529948216352338e-06,-0.004701617958715949,-0.004665775155975475,-0.0046546029325720915,-0.004652681999159243,-0.004652587911306095
MAR09078,100.45261214534695,635.1902469844927,-843.4666954491911,-838.5336755238571,397.03691810261057,814.2157612446197,853.6006935921537
MAR09079,-49.178641164564525,249.79364704144757,-313.5880887118009,-301.91053031455766,-102.81172416484372,405.90630258913365,486.9098443000352
MAR09084,-284.70409815054074,379.4327277761952,-910.8277504704778,-906.9903241508574,-37.45474706353809,-2.1626995044272497,-0.10925405414928946
MAR09087,-176.74712978368942,55.630341031453355,-257.23076038412427,-256.49124398990625,-163.39575722541022,-101.90621608038842,-94.98366145985986
MAR09091,182.22541818279606,634.6828158151013,-839.4031180578953,-833.4729447093684,499.4263630854307,776.4593229155205,802.9246748924614
MAR09092,282.7268586600091,198.05986779938397,-115.51502132360241,-11.654912082579102,302.42938131626875,594.9564648181821,688.135731801808
MAR09095,-1.221558272751825e-12,3.759050833466466e-12,-1.1276879141139762e-11,-9.300362654338291e-12,-8.992779009225355e-14,2.9959673253556625e-12,4.309603805149344e-12
MAR09099,-230.86382922428712,206.03557981730728,-707.722868240812,-648.372974928449,-168.11058442773736,-16.86174866358182,-14.900381711182028
MAR09100,0.0,0.0,0.0,0.0,0.0,0.0,0.0
MAR09101,0.0,0.0,0.0,0.0,0.0,0.0,0.0
MAR09102,517.223226422038,294.11396957600147,-27.76801693009054,95.5243219414487,471.01337316606543,921.8298870703488,930.7030391817937
MAR09104,67.48748046941745,53.43615497098347,0.6646445058681943,3.4510082045713113,63.213128904552704,154.14154396425602,215.97602448746224
MAR09107,0.0,0.0,0.0,0.0,0.0,0.0,0.0
MAR09108,-686.8610764598969,166.91820346873828,-950.0583238302555,-947.8625994996743,-602.400874980353,-499.00386360029177,-462.06727611218884
MAR09109,-0.004656744427425468,5.529948216352306e-06,-0.004701617958715949,-0.004665775155975488,-0.0046546029325720915,-0.004652681999159244,-0.004652587911306096
MAR09112,-219.97992158809205,218.41749526702537,-736.3368934034783,-695.9781971168545,-159.51979500012678,63.06147195533527,328.7183451708988
MAR09129,3.3845572142286865e-14,6.259758811953954e-14,-1.874006259605781e-14,-1.3950753783364138e-14,1.6150823468050845e-15,2.120549969463678e-13,2.1812232745217494e-13
MAR09131,105.42987490482963,171.75458094056125,-200.36871377802436,-116.23940427776411,59.26990787161935,556.5406305479152,629.7942537267875
MAR09132,0.0,0.0,0.0,0.0,0.0,0.0,0.0
MAR09133,836.7195436058034,89.5278961297748,636.5600886994166,695.7265624531236,812.2927638724302,973.4145304189534,977.9504047165805
MAR09135,448.71364023573324,367.37937381228227,-349.1639710372897,-123.920138986006,473.3666782210538,944.0017437992032,951.2426492232092
MAR09138,-207.09480601256095,446.7823513243336,-910.9993142928031,-906.2480881658377,3.4315661041346353,317.0131254277188,517.2620095871338
MAR09139,8.444329018643025,47.7111597649976,-129.20006624298028,-79.46610808069698,4.552616468055574,89.26739316832114,135.0695081497277
MAR09140,-3.8026546145014476e-14,7.621468265021487e-14,-2.9451443366007024e-13,-2.7585386756584813e-13,-3.418438293077308e-16,1.1471693753939059e-14,1.550977372930977e-14
MAR09143,-0.004656744427425468,5.529948216352486e-06,-0.004701617958715949,-0.004665775155975489,-0.0046546029325720915,-0.004652681999159244,-0.004652587911306096
MAR09144,0.0,0.0,0.0,0.0,0.0,0.0,0.0
MAR09146,72.48969211209739,186.81936672514843,-533.1329630872189,-394.4071904687826,67.84005870468135,314.49942388556445,390.9429315435504
MAR09147,-200.89031541010775,203.59818137564116,-641.7246752999112,-587.5938877883868,-102.33484448644231,-10.688446993264265,-5.952298068505684
MAR09150,1.2736300638933725e-12,1.796895750006113e-12,-4.2109702920531756e-13,-1.4368403693521142e-13,1.0859226420892036e-13,4.190796747353565e-12,4.224573661893697e-12
MAR09152,-0.004656744427425475,5.529948216352377e-06,-0.004701617958715949,-0.004665775155975477,-0.004654602932572107,-0.004652681999159248,-0.004652587911306099
MAR09154,-0.0046567444274274875,5.529948216846167e-06,-0.004701617958718639,-0.004665775155976983,-0.004654602932572817,-0.004652681999159335,-0.004652587911306368
MAR09159,-0.004656744427425467,5.52994821635231e-06,-0.004701617958715949,-0.004665775155975476,-0.0046546029325720915,-0.004652681999159244,-0.004652587911306096
MAR09160,-279.45140160166727,333.75770302304215,-823.4910480512264,-819.8624906032752,-82.98265719907305,-8.106919088045009,-0.24408493162759018
MAR09161,0.0,0.0,0.0,0.0,0.0,0.0,0.0
MAR09163,289.8470556628795,375.686322716717,-170.59033638693114,-96.88210084315588,86.93767987611287,893.8809429379089,896.5831405940372
MAR09167,-0.0046567444274254665,5.529948216352386e-06,-0.004701617958715949,-0.004665775155975476,-0.0046546029325720915,-0.004652681999159242,-0.0046525879113060945
MAR09179,438.7471363787402,334.5011047762356,-16.300541908419234,71.23977067903043,222.77274445594304,921.2323910294884,928.3563826347432
MAR09183,0.0,0.0,0.0,0.0,0.0,0.0,0.0
MAR09188,3.186601593008988,3.902870263595478,0.00017180250114449914,0.09303210293445548,1.772103684435332,9.917042944786932,27.111294767838633
MAR09189,545.0822016022634,239.98791623634665,194.90301541348572,236.69596044165533,467.14925300095217,919.8906285740593,930.5210739620574
MAR09192,-1.221558272751825e-12,3.759050833466466e-12,-1.1276879141139762e-11,-9.300362654338291e-12,-8.992779009225355e-14,2.9959673253556625e-12,4.309603805149344e-12
MAR09201,-1.2648518708544276,1.6802077918851828,-7.86573523941643,-5.144173624937511,-0.5583822980192024,-0.01769712534512624,-3.866978485951825e-07
MAR09209,874.0956438626648,138.01805648019393,480.6836194646127,524.883854615164,919.8994003757924,985.1805110660172,999.74935981239
MAR09210,0.0,0.0,0.0,0.0,0.0,0.0,0.0
MAR09213,0.0,0.0,0.0,0.0,0.0,0.0,0.0
MAR09214,116.45977751356166,120.56452009404207,0.10099827928658023,8.262475070021406,49.01509471624455,314.0012457315486,315.91336651422273
MAR09215,-0.006964869926236438,8.270879071441874e-06,-0.0070319851208623775,-0.006978376755024255,-0.006961666994803545,-0.006958793946568616,-0.006958653223866497
MAR09216,0.0,0.0,0.0,0.0,0.0,0.0,0.0
MAR09218,0.0,0.0,0.0,0.0,0.0,0.0,0.0
MAR09219,0.0,0.0,0.0,0.0,0.0,0.0,0.0
MAR09226,8.07676297632493,9.409736337288441,3.315368174732457e-05,0.07818839385497275,4.635770900942071,27.867083472291423,45.0080147118798
MAR09228,0.0,0.0,0.0,0.0,0.0,0.0,0.0
MAR09229,0.0,0.0,0.0,0.0,0.0,0.0,0.0
MAR09231,0.0,0.0,0.0,0.0,0.0,0.0,0.0
MAR09234,0.0,0.0,0.0,0.0,0.0,0.0,0.0
MAR09235,-181.98727141494635,168.0565430524301,-452.6823708270357,-450.9682859422539,-94.12501989161748,-19.87533763794654,-1.274400513998899
MAR09242,845.6998259563176,111.53810852291727,564.6764206418909,609.1051020460151,866.1863183833145,985.977004762928,989.3384741258741
MAR09243,-18.374931164529876,18.25361888452747,-69.29067624746992,-59.59293179085909,-12.672792312887598,-0.5054673478544996,-0.03475421156436446
MAR09254,0.0,0.0,0.0,0.0,0.0,0.0,0.0
MAR09255,731.8853995301367,201.17247115889361,341.33376654650255,379.69756768979465,786.7299443307855,977.6180897413806,981.2059889829395
MAR09259,327.59665118562936,270.45633549161914,-100.32768001899564,36.784900358424544,303.4406085315404,834.8762889747642,895.6101186127827
MAR09260,0.0,0.0,0.0,0.0,0.0,0.0,0.0
MAR09266,9.78491083520462,8.021232535656955,0.059929770556783925,0.8332309293283026,7.770683701711251,25.672602903841472,31.508922656648533
MAR09267,-9.784910835204622,8.021232535656956,-31.50892265664854,-25.672602903841483,-7.770683701711249,-0.8332309293283021,-0.05992977055678376
MAR09269,-0.00465674442742547,5.529948216352494e-06,-0.004701617958715949,-0.004665775155975491,-0.004654602932572093,-0.004652681999159245,-0.004652587911306097
MAR09270,0.0,0.0,0.0,0.0,0.0,0.0,0.0
MAR09271,-157.20512372299586,110.42852997892746,-364.73744336374347,-345.1488426503917,-158.73650433652276,-7.483145115640678,-6.301154583387073
MAR09272,-450.0772303461545,349.7769341620469,-965.3622596947824,-959.588153268492,-384.89221890572435,64.65073473190138,191.83918039317797
MAR09273,607.2823540691519,242.15081423977514,168.84133815413435,281.92661270151194,549.5876423252294,967.061757601444,972.1641293604255
MAR09274,287.96715137711436,163.2689873894066,52.83923145616733,61.066577235913776,280.7192698718161,528.2008054590248,594.5732540463148
MAR09277,0.0,0.0,0.0,0.0,0.0,0.0,0.0
MAR09279,-879.741741139573,96.71900864932117,-997.2516121810447,-994.8795177169943,-881.6541081288341,-724.639077560428,-577.7711082781168
MAR09280,-9.652559606565497,14.230104425772323,-58.90914948007287,-40.748187310069916,-5.440899929688328,5.312632033164001,13.838715860728371
MAR09281,1.8224547123176522,2.561092908284116,0.001141010452093703,0.015918396948131353,0.5979950016916986,7.275356667981507,9.728202564135758
MAR09282,7.514286739273212e-14,5.518834946380108e-13,-1.4224988791908987e-12,-1.1430433090770927e-12,1.6891985037184587e-13,9.95949955387971e-13,1.9829511891230237e-12
MAR09283,7.431660256545187,7.612867353812699,0.08498415060945821,0.3641730183365434,4.675178203156449,21.08258744569893,40.01153549394391
MAR09285,135.6251859091873,147.4064191138178,-265.8156555390088,-167.18198963307478,134.35488181651294,360.97416365799376,437.91909192575366
MAR09286,-375.6676116408552,347.37565355829264,-934.6475934933975,-932.1735597503066,-182.82633548495676,-59.40621276094102,-40.728993489805134
MAR09289,-10.694139670226916,12.579090687568035,-58.765878609254095,-37.99255581181692,-6.032409134545295,-0.23447565400193884,-0.008039924154011066
MAR09290,101.42187157952574,112.70394607130655,-164.1452753341945,-122.77916935167626,107.95541488425289,230.74170632041805,342.1307156111637
MAR09292,266.0316428760364,642.7230597537148,-770.0617558369695,-766.207594241274,650.0848911049519,849.2181960331434,883.3287870280982
MAR09293,-359.2089574318039,449.3633886636423,-967.8520426225966,-961.0919307492193,-408.2832737950204,484.4490508364152,526.8751015065566
MAR09295,-4.075686206092263,0.004839933566741122,-4.114960517867266,-4.083590100402178,-4.0738119222079465,-4.07213067859721,-4.072048330817282
MAR09297,0.0,0.0,0.0,0.0,0.0,0.0,0.0
MAR09300,-239.05434089760348,204.4353003033487,-680.4565902516586,-632.996831491616,-207.71387818886257,-12.526910775666956,-10.243241895730648
MAR09302,-1.5741130782621594e-12,2.7627826384767197e-12,-1.140321600410538e-11,-9.959331199477545e-12,-1.2516975674730222e-12,3.8713267551547334e-13,5.33965935878431e-12
MAR09311,6.354712483695393,6.648385319385941,0.010045868288596377,0.12798193832460777,3.9332400174083983,20.397451566984003,26.611119485449503
MAR09314,-7.271358552614207,8.387828449872286,-40.27254107134327,-25.730731682427297,-4.305881833284602,-0.20092495987918668,-0.002071415118724676
MAR09317,-2.8624623138386155e-13,5.286189753440362e-13,-2.5745671075356634e-12,-1.2349430080275458e-12,-7.936518872369522e-14,4.983980439571882e-13,5.552061298044917e-13
MAR09318,0.0,0.0,0.0,0.0,0.0,0.0,0.0
MAR09348,-412.7570133354983,328.30304288372855,-922.3987937965677,-917.7207575187066,-278.9480541995547,-68.13425964608427,-38.43501858936868
MAR09351,-0.9843671581017668,0.0011689495759349435,-0.9938527614256282,-0.9862761210505303,-0.983914477632295,-0.9835084206134038,-0.9834885318276599
MAR09352,0.0,0.0,0.0,0.0,0.0,0.0,0.0
MAR09353,646.6836824652243,186.71188107390373,353.2921640905156,406.7181142312563,612.2857702619682,925.0762022554037,930.2312223178038
MAR09354,-829.6360502989687,160.06461045739903,-990.2326916305625,-985.7495524950288,-895.5169915142844,-484.02240861560455,-408.92512887738803
MAR09355,7.271358552649483,8.3878284498956,0.002071415151158359,0.20092495988285536,4.305881833299245,25.730731682437355,40.2725410715109
MAR09356,10.694139670226916,12.579090687568035,0.008039924154011066,0.23447565400193793,6.032409134545295,37.992555811816835,58.765878609254095
MAR09357,5.353841733587797,5.7403827090006745,0.005562850067913585,0.05055557851165721,3.305701272864706,15.199474936081762,24.609679929758286
MAR09360,174.33332672928077,150.65370716458725,5.986542257655187,9.73406706214543,130.23318656097203,494.45000227768946,526.5637378825782
MAR09364,411.67224290891227,250.232204743325,25.210436506486815,28.488125524832522,462.415216714336,793.4493136048275,876.7135120731964
MAR09365,-3.595772013912265e-16,1.1218499696170048e-14,-3.5891422805349223e-14,-2.506220810038788e-14,1.5587731157812724e-15,1.3449716043091362e-14,2.349055754269673e-14
MAR09368,-289.8470556628703,375.6863227167215,-896.583140594036,-893.8809429379057,-86.93767987609945,96.88210084315716,170.5903363869328
MAR09369,-5.750166190842292,5.6773370081602685,-27.05912943703049,-17.984745615867265,-3.8995235515666344,-0.28726687477416285,-0.007242174378051777
MAR09374,0.0,0.0,0.0,0.0,0.0,0.0,0.0
MAR09375,-108.99752927570377,73.44146602277536,-326.8727959099753,-233.848253334193,-85.80396842850892,-11.470065155267047,-8.052139360413705
MAR09376,517.223226422038,294.11396957600147,-27.76801693009054,95.5243219414487,471.01337316606543,921.8298870703488,930.7030391817937
MAR09378,-67.699581680316,53.436248658154035,-216.1883616597596,-154.35384178956147,-63.4251501877629,-3.6629255912201395,-0.8765802895510602
MAR09379,0.0,0.0,0.0,0.0,0.0,0.0,0.0
MAR09380,0.0,0.0,0.0,0.0,0.0,0.0,0.0
MAR09383,-953.288869531625,45.48259344622032,-998.8837624121875,-997.6893215392804,-966.4678239441018,-861.3652636157236,-839.4972284414289
MAR09386,0.0,0.0,0.0,0.0,0.0,0.0,0.0
MAR09388,9.36927207507952,8.179042795792391,0.13463452625548994,0.8613876268193162,6.5541128283780985,24.877033705184694,29.50224252517156
MAR09389,448.8330171820144,111.70118228651393,245.66770641044644,274.594945208737,443.62626758674656,604.2117114070517,606.9852973606631
MAR09390,5.750166190842036,5.67733700815987,0.007242174377810439,0.2872668747738968,3.89952355156598,17.984745615867315,27.059129437027455
MAR09393,2.7209503213076518e-14,2.1772285505579572e-14,9.730196043534956e-16,1.3650948382470075e-15,2.2565191443248914e-14,7.315201171749625e-14,9.120976935602355e-14
MAR09395,30.456804759773032,551.5917625099321,-688.8870003010725,-626.3496132590923,-214.2738937540323,894.5276671387752,901.3176706921513
MAR09396,0.0,0.0,0.0,0.0,0.0,0.0,0.0
MAR09397,-147.4139625169778,155.70782199364126,-594.4477446792902,-472.25189611144305,-82.73948169682262,-4.6788009828499595,-1.1414626624464843
MAR09398,-113.64540402777527,602.3726164869199,-817.583772399808,-733.5652850080502,-423.7595915650001,842.5584982891418,849.6461388453012
MAR09400,0.0,0.0,0.0,0.0,0.0,0.0,0.0
MAR09403,113.93091597069613,136.44416063264043,-145.75238772727488,-72.29027837686681,69.92397922078626,315.7830503863232,319.51459244510903
MAR09404,-31.063763842368736,38.337830389932535,-129.93650522222006,-89.85859847670065,-23.565179902581537,27.168378770924388,88.0727397987814
MAR09406,995.2158094184865,4.315815078852234,984.1093627498835,987.2774382306277,996.4137478173188,999.9113784953147,999.9836047111587
MAR09410,0.0,0.0,0.0,0.0,0.0,0.0,0.0
MAR09411,0.0,0.0,0.0,0.0,0.0,0.0,0.0
MAR09417,-0.016481697656789238,0.011948904037989342,-0.0597932031502214,-0.03780557416694822,-0.013525530832967664,-0.0015894232850155463,-0.0008153965755651379
MAR09419,-5.353841733587799,5.740382709000682,-24.609679929758343,-15.199474936081753,-3.305701272864701,-0.0505555785116578,-0.005562850067913474
MAR09420,279.45140160166727,333.75770302304215,0.24408493162760098,8.106919088045,82.98265719907302,819.8624906032752,823.4910480512264
MAR09421,109.49292255841856,254.8888474760127,-336.1959429843946,-297.23141050614754,72.64360178312089,430.6088112106082,570.8261042271732
MAR09422,757.0118284661293,209.599713485513,318.7570127071511,366.8865615487246,793.2619692770877,992.280591845946,994.8493394799776
MAR09423,-753.3857880534819,209.60147122772452,-991.2262509147204,-988.65755268937,-789.6374551697431,-363.2575862533828,-315.12075743770845
MAR09424,0.0,0.0,0.0,0.0,0.0,0.0,0.0
MAR09425,-8.076762976324929,9.409736337288475,-45.00801471187985,-27.86708347229158,-4.635770900942074,-0.07818839385496977,-3.3153681693732346e-05
MAR09431,1.0789378973872642e-15,1.358913153451847e-15,-2.1133637490193471e-16,-1.199371831244851e-16,6.058938698519635e-16,4.2851991975174504e-15,4.564381345049056e-15
MAR09436,0.0,0.0,0.0,0.0,0.0,0.0,0.0
MAR09437,247.46236730030506,232.27549828685562,-305.5873678765357,-28.682162111415536,198.48060409830487,688.5295797145432,739.9807178066344
MAR09438,99.31865865453769,474.5036798882641,-393.3476023883883,-325.615658821613,-153.4885867376462,882.7521148306533,889.5446923784684
MAR09439,-582.6817742790582,325.1250020007327,-949.844535857315,-924.9611336163927,-715.2594547201107,-82.20144596882542,-77.65356275500324
MAR09440,-572.6548622062544,227.35222882014094,-935.7756977788706,-926.7203894130084,-495.940949506899,-274.35841702744443,-232.24477744305295
MAR09441,-116.45977751356166,120.56452009404207,-315.91336651422273,-314.0012457315486,-49.01509471624455,-8.262475070021408,-0.10099827928658023
MAR09443,0.0,0.0,0.0,0.0,0.0,0.0,0.0
MAR09444,62.105330936447245,55.26630637881865,0.03961522036295327,0.7193456606910701,44.42092379020055,156.21209996667685,221.3842417833065
MAR09445,37.02739006207352,30.031874636243035,0.000513587703637253,0.7712571627858374,33.77095030594223,100.09928799095537,122.1337211683195
MAR09446,0.0,0.0,0.0,0.0,0.0,0.0,0.0
MAR09456,0.0,0.0,0.0,0.0,0.0,0.0,0.0
MAR09459,-41.733459713499876,513.565262503324,-860.5986026075554,-848.271834680826,235.02743751212392,575.4815783025846,613.37228034683
MAR09462,3.1866015930089886,3.902870263595479,0.00017180250114405505,0.0930321029344554,1.772103684435335,9.917042944786935,27.11129476783864
MAR09463,545.0822016022622,239.98791623634648,194.90301541348515,236.6959604416569,467.14925300095274,919.8906285740571,930.5210739620571
MAR09526,-260.5282115979182,680.7626629915994,-864.0916702165906,-833.8926269364212,-698.5847097975563,834.2964305781828,838.9899870451139
MAR09581,503.8306117771651,149.34067535776603,231.86076718812157,324.0605136881116,434.5608058116686,781.6318828576624,839.8037180338972
MAR09582,503.8306117771651,149.340675357766,231.8607671881217,324.0605136881118,434.56080581166884,781.6318828576624,839.8037180338972
MAR09583,509.39529436417524,286.14354712461426,135.25618541824562,193.11593166744314,382.25989759639833,967.9688680049857,975.2769726532862
MAR09584,509.39529436417524,286.14354712461426,135.25618541824562,193.11593166744314,382.25989759639833,967.9688680049857,975.2769726532862
MAR09589,-401.89806734781024,95.13746698646585,-631.5797859193897,-578.170307526707,-393.43944792182634,-245.40879929788403,-199.21719413764964
MAR09605,233.92355854409357,172.85371069045755,15.328303025041661,37.76674050681067,156.09115654867577,487.980201337586,492.97401175882044
MAR09606,155.18973705338516,86.87298560983797,15.326483841799677,17.17007326266704,170.3338439433306,271.4044899860396,319.9367286077793
MAR09608,0.004656744427425468,5.529948216352386e-06,0.004652587911306096,0.004652681999159244,0.0046546029325720915,0.004665775155975489,0.004701617958715949
MAR09618,67.48748046941745,53.43615497098347,0.6646445058681943,3.4510082045713113,63.213128904552704,154.14154396425602,215.97602448746224
MAR09623,179.15952549362387,113.51905202301214,8.162328514942148,16.46467159275148,168.94615467391668,370.2285511219838,418.13382358414725
MAR09624,228.46695051476726,125.91450723111886,53.16825647644465,60.34524084072729,240.0135001861347,413.52192335083384,464.8860870444752
MAR09626,0.0,0.0,0.0,0.0,0.0,0.0,0.0
MAR09628,0.0,0.0,0.0,0.0,0.0,0.0,0.0
MAR09634,0.0,0.0,0.0,0.0,0.0,0.0,0.0
MAR09638,0.0,0.0,0.0,0.0,0.0,0.0,0.0
MAR09639,-470.08790853724105,438.88577906717757,-879.0269554812942,-832.513842710397,-744.7750851861224,245.59128723952105,249.81063281986502
MAR09640,0.0,0.0,0.0,0.0,0.0,0.0,0.0
MAR09641,685.4906203795583,187.7747253668253,337.9942960692728,384.17194411501964,635.7604561968182,943.2331371574635,947.4368314601993
MAR09649,113.39800193285545,128.47668605873056,3.2255903426637955,5.305516440393393,63.3052840362742,399.4053195565336,542.9167007498828
MAR09650,135.37914657408496,137.97961251820155,3.8048593500290844,6.544817771506987,85.70156218602344,448.58301505528027,559.7273607262671
MAR09656,6.974543841333548,5.909694490491764,0.07099302327845486,0.2896149038818153,5.536937596042846,18.45645296230176,31.43106081391661
MAR09675,605.6910401014852,322.0495592793899,82.49730155961511,87.75671973048294,765.5662164344649,938.5323418665037,966.642122137929
MAR09676,0.0,0.0,0.0,0.0,0.0,0.0,0.0
MAR09680,0.0,0.0,0.0,0.0,0.0,0.0,0.0
MAR09685,318.4426407708947,379.1652087607601,-167.38941339613203,-96.82855795806982,130.8244027203673,911.471256723797,916.5228787661835
MAR09690,0.0,0.0,0.0,0.0,0.0,0.0,0.0
MAR09691,-0.004656744427425468,5.529948216352486e-06,-0.004701617958715949,-0.004665775155975489,-0.0046546029325720915,-0.004652681999159244,-0.004652587911306096
MAR09693,0.0,0.0,0.0,0.0,0.0,0.0,0.0
MAR09702,-0.004656744427435297,5.529948210823789e-06,-0.004701617958725055,-0.004665775156035472,-0.004654602932587316,-0.004652681999159428,-0.004652587911305955
MAR09713,6.9745438413335545,5.909694490491763,0.07099302327845464,0.2896149038818198,5.536937596042849,18.456452962301768,31.43106081391661
MAR09715,-2.1654729607577229e-16,5.3024477644944e-16,-1.4529559060800009e-15,-1.3720923588691834e-15,-6.3499522143161635e-18,4.639325431486348e-16,4.939417118911279e-16
MAR09719,3.2423902481675,2.191361666803413,0.12595601990735214,0.3439660317894907,2.8954837845154815,7.11512194103003,10.930122720251655
MAR09721,0.0,0.0,0.0,0.0,0.0,0.0,0.0
MAR09723,0.0,0.0,0.0,0.0,0.0,0.0,0.0
MAR09725,0.0,0.0,0.0,0.0,0.0,0.0,0.0
MAR09726,0.0,0.0,0.0,0.0,0.0,0.0,0.0
MAR09728,-45.69008662850766,0.05425760786188871,-46.13036750798069,-45.778692472397495,-45.66907515001844,-45.65022773088112,-45.649304579046685
MAR09729,-45.69008662850766,0.05425760786188871,-46.13036750798069,-45.778692472397495,-45.66907515001844,-45.65022773088112,-45.649304579046685
MAR09744,0.0,0.0,0.0,0.0,0.0,0.0,0.0
MAR09768,0.0,0.0,0.0,0.0,0.0,0.0,0.0
MAR09769,0.0,0.0,0.0,0.0,0.0,0.0,0.0
MAR09771,0.0,0.0,0.0,0.0,0.0,0.0,0.0
MAR09774,0.0,0.0,0.0,0.0,0.0,0.0,0.0
MAR09779,0.0,0.0,0.0,0.0,0.0,0.0,0.0
MAR09783,0.0,0.0,0.0,0.0,0.0,0.0,0.0
MAR09787,0.0,0.0,0.0,0.0,0.0,0.0,0.0
MAR09789,0.0,0.0,0.0,0.0,0.0,0.0,0.0
MAR09792,3.0542089507544863e-32,1.1580135489178042e-31,-1.752814320025698e-31,-1.4856567789933675e-31,-2.904424960214157e-33,2.6592420964430516e-31,3.046457371866714e-31
MAR09793,-1.0434233198560926e-30,1.3478417579615915e-30,-3.9498699022739715e-30,-3.8963800228261354e-30,-5.900892029476904e-31,2.415587707234198e-31,3.631199086471044e-31
MAR09804,0.0,0.0,0.0,0.0,0.0,0.0,0.0
MAR09814,-0.8941683013985824,1.072789466056709,-5.218008269744529,-3.342052667205633,-0.4990672769174498,-0.015115173202971907,-0.000277829782785595
MAR09816,-0.7263091289112455,0.8920219375528364,-4.780468613061037,-2.5962330727145546,-0.34642843578771804,-0.014157597677312912,-0.0006441868212957104
MAR09820,-263.65558239924184,188.44383303706533,-780.4705107578071,-693.5771449695751,-244.91611649290144,-58.50975899323785,-35.96643261186773
MAR09822,0.0,0.0,0.0,0.0,0.0,0.0,0.0
MAR09824,0.6115295272587421,0.0007261997451910304,0.6109836883427814,0.610996044077831,0.6112483034677485,0.6127154538783984,0.6174223757517856
MAR09825,0.0,0.0,0.0,0.0,0.0,0.0,0.0
MAR09826,-301.0038200630541,209.68001509232718,-705.5937967133422,-618.727500552999,-329.5520119939563,-3.376833307657715,104.47565693722424
MAR09827,-284.7040981505447,379.4327277761952,-910.8277504704765,-906.9903241508621,-37.45474706355287,-2.162699504427713,-0.10925405414911893
MAR09828,-271.39452368603384,244.36525524837143,-642.2892071136747,-639.7963876089437,-146.84435654316871,7.075411397028212,53.04549255444488
MAR09830,-689.4827639718623,208.3655269814621,-946.0387938351038,-938.2437530933339,-723.4710594532472,-300.8072153332515,-246.18192920548825
MAR09831,-366.15220439057936,240.69449318546617,-826.1505709492646,-728.4435391008197,-383.63537661011173,-26.330316155192985,-21.0979769724554
MAR09833,0.0,0.0,0.0,0.0,0.0,0.0,0.0
MAR09835,0.0,0.0,0.0,0.0,0.0,0.0,0.0
MAR09837,-561.9146435931348,227.35764267319541,-925.0450346207239,-915.9887499285468,-485.1990349093493,-263.5839075559674,-221.51272689950687
MAR09838,-174.3333267292807,150.6537071645872,-526.5637378825782,-494.4500022776894,-130.23318656097194,-9.734067062145437,-5.98654225765519
MAR09839,0.0,0.0,0.0,0.0,0.0,0.0,0.0
MAR09840,0.0,0.0,0.0,0.0,0.0,0.0,0.0
MAR09842,263.65558239924343,188.4438330370646,35.96643261187013,58.50975899323843,244.91611649289948,693.5771449695713,780.4705107578008
MAR09843,0.0,0.0,0.0,0.0,0.0,0.0,0.0
MAR09844,302.26167131142154,206.6500703770535,8.384203649907924,12.523624883326047,364.43065342759144,568.7068019218095,678.8678262701203
MAR09845,0.0,0.0,0.0,0.0,0.0,0.0,0.0
MAR09847,-0.6115295272587421,0.0007261997451910304,-0.6174223757517856,-0.6127154538783984,-0.6112483034677485,-0.610996044077831,-0.6109836883427814
MAR09848,301.0038200630541,209.68001509232718,-104.47565693722424,3.3768333076574923,329.5520119939563,618.7275005529989,705.5937967133422
MAR09849,284.7040981505405,379.4327277761944,0.10925405414926828,2.162699504427918,37.45474706354052,906.9903241508575,910.8277504704755
MAR09853,183.2707732291124,104.50440735939145,-50.399561010559495,54.10950463023871,185.1005575555526,350.2237291011235,443.2811935429909
MAR09854,366.15220439057845,240.6944931854661,21.09797697245532,26.330316155191184,383.63537661011577,728.443539100816,826.1505709492646
MAR09855,401.89806734781,95.13746698646591,199.21719413764964,245.40879929788346,393.43944792182623,578.1703075267069,631.5797859193898
MAR09856,0.0,0.0,0.0,0.0,0.0,0.0,0.0
MAR09857,-401.8980673478101,95.13746698646581,-631.5797859193893,-578.170307526707,-393.4394479218264,-245.40879929788392,-199.2171941376497
MAR09858,-219.97992158808955,218.41749526702628,-736.3368934034781,-695.978197116849,-159.5197950001237,63.061471955340004,328.7183451709009
MAR09861,0.0,0.0,0.0,0.0,0.0,0.0,0.0
MAR09863,0.0,0.0,0.0,0.0,0.0,0.0,0.0
MAR09864,561.914643593138,227.35764267319595,221.51272689950883,263.5839075559692,485.1990349093566,915.988749928552,925.0450346207281
MAR09865,0.0,0.0,0.0,0.0,0.0,0.0,0.0
MAR09866,0.0,0.0,0.0,0.0,0.0,0.0,0.0
MAR09884,462.4548456462711,302.0025815951619,-21.243993607404832,69.21278988529346,392.8257728924897,911.2522168546844,913.2047824807378
MAR09885,-480.7096435248483,299.78237779228976,-921.4106156616026,-917.6207843785778,-439.09526083301853,-73.7250934260638,-28.266789899694686
MAR09886,-182.22541818279612,634.6828158151011,-802.9246748924614,-776.4593229155203,-499.4263630854307,833.4729447093683,839.4031180578952
MAR09890,0.0,0.0,0.0,0.0,0.0,0.0,0.0
MAR09894,0.0017690175170193018,0.001445528250130412,5.4253861536956167e-05,0.0003869959488015203,0.0012540650515020855,0.0056579745037114324,0.0062690776650933255
MAR09902,-805.6557797634392,104.61196819052842,-974.2882999851524,-969.828541953574,-766.0649211999955,-665.2525906607535,-609.6810905219745
MAR09913,181.99911165484656,116.87409236475497,61.82214773160544,88.98870082396162,129.12883008917473,440.4531610714905,550.4191203267634
MAR09920,593.7001527076216,252.51965691517086,148.64721501187802,225.38494563418834,572.4720667311909,920.201654654479,926.0855759672273
MAR09921,181.99911165484656,116.87409236475497,61.82214773160544,88.98870082396162,129.1288300891747,440.4531610714905,550.4191203267634
MAR09922,16.656318861568383,12.947586698290513,-8.136344975830443,0.9359874242395797,14.028348809017615,38.86126001999788,66.20204593949074
MAR09923,26.029545107351638,24.019187287803696,-41.695181909158805,-8.400044923445638,20.46209602042942,73.5583440147892,98.25407630493385
MAR09924,-124.17984135552052,71.89821812311668,-290.37171680615046,-236.36832049319614,-122.89363805308466,-30.095582529399888,-26.29617942692316
MAR09925,0.0,0.0,0.0,0.0,0.0,0.0,0.0
MAR09926,0.0,0.0,0.0,0.0,0.0,0.0,0.0
MAR09927,-847.5755685549819,134.63352349265716,-995.5879935092285,-990.451641294634,-890.7779352896326,-575.6452298366221,-486.30374589859497
MAR09928,4.38194998261604e-14,3.586457463104235e-12,-1.2179778842085552e-11,-1.1936000804905652e-11,9.298687851752415e-13,3.190412226065548e-12,3.985687144568362e-12
MAR09929,0.0,0.0,0.0,0.0,0.0,0.0,0.0
MAR09934,-204.81072108494374,444.18102852727867,-840.3310990673303,-834.3835502058243,-60.126615340421324,407.02344317167035,569.6309566301086
MAR09935,-80.02982482276316,246.93294142212983,-483.9183796260853,-413.5940773598271,-82.937374745296,522.3225538495416,584.11460811916
MAR09938,0.0,0.0,0.0,0.0,0.0,0.0,0.0
MAR09939,272.49667643912727,328.1444994779646,-111.79003165401353,-61.36014292044637,123.69660776532135,812.6849816556369,820.0780037643287
MAR09957,296.8273275078091,222.64613149481565,-170.61422036625038,71.66226995052175,248.77312799901244,706.4859669686083,780.5397767531343
MAR09958,-531.0420928464016,265.29615705091135,-943.4752590639362,-937.078682074776,-488.94934375353307,-169.09458590376056,-57.600625412759086
MAR09959,283.1015430519005,208.4549343021812,12.962825738983042,20.403202091696386,243.29283639016484,624.091215675461,699.5225648568755
MAR09960,0.0,0.0,0.0,0.0,0.0,0.0,0.0
MAR09961,0.0,0.0,0.0,0.0,0.0,0.0,0.0
MAR09964,18.153073962678654,202.17551238961573,-518.9293725706423,-467.81918743244063,42.842473443689784,276.17234713049646,353.89688169513425
MAR09967,80.02982482276178,246.93294142212952,-584.1146081191602,-522.3225538495423,82.93737474529622,413.5940773598251,483.9183796260835
MAR09968,0.0,0.0,0.0,0.0,0.0,0.0,0.0
MAR09972,0.0,0.0,0.0,0.0,0.0,0.0,0.0
MAR09973,531.2684195974159,268.5455886997705,132.9276727390031,162.04051696093052,456.36271407189474,926.6972139458006,935.8499659988352
MAR09974,88.6352011692196,438.62093414280815,-609.4786839278803,-602.2338128960954,239.17317088125537,600.5184433975394,637.1743375106647
MAR09975,170.1365419890601,367.80255378469064,-351.76723879407115,-273.2787935489437,57.508466820833036,715.4263493989037,732.0107672667373
MAR09976,-376.1025008638254,256.67954304104563,-846.88890000046,-762.8381465407986,-340.51527121135575,-31.6347608974067,-25.43890364431155
MAR09977,2.2011075417556293e-16,5.076202308192001e-16,-5.695569528381399e-16,-5.617479855412403e-16,4.451700839529375e-17,9.818380551282133e-16,1.4998137089147307e-15
MAR09979,148.5824560498793,417.37833062614044,-432.2529607378098,-415.64814116665303,204.9195782697413,764.6954623488434,811.9306884237643
MAR09980,-148.58245604987565,417.37833062614106,-811.9306884237634,-764.6954623488413,-204.91957826972643,415.648141166655,432.2529607378106
MAR09981,801.4387206169816,175.86403501083882,411.4807224380794,503.14811152097946,867.2807800291171,990.8760934468286,994.2298209090518
MAR09982,-801.4387206169835,175.86403501083677,-994.2298209090584,-990.8760934468314,-867.2807800291143,-503.1481115209877,-411.4807224380926
MAR09983,637.3761006531117,302.2221565888432,-120.16774886659408,131.18104640024495,746.2301416440523,987.2493222009982,990.0230801467479
MAR09984,-637.3761006531103,302.22215658884596,-990.0230801467493,-987.2493222009977,-746.2301416440541,-131.18104640023327,120.16774886660619
MAR09987,-177.97596458248535,158.66646703248833,-583.4596714498342,-497.05409530068107,-121.58632028224895,-14.84308991745103,-10.539612225201598
MAR09991,195.1504341953291,164.46017434248904,9.018474190888002,12.546943118973331,133.3348565542575,508.00597926484403,636.4454956388754
MAR09992,195.15043419532938,164.4601743424897,9.018474190888048,12.546943118973383,133.33485655425602,508.00597926484426,636.4454956388753
MAR09993,0.0,0.0,0.0,0.0,0.0,0.0,0.0
MAR09996,0.0,0.0,0.0,0.0,0.0,0.0,0.0
MAR09997,0.0,0.0,0.0,0.0,0.0,0.0,0.0
MAR10002,-80.02982482276175,246.9329414221295,-483.9183796260835,-413.5940773598252,-82.93737474529624,522.3225538495423,584.1146081191603
MAR10007,183.7288282603763,145.9352216861672,7.075082370871837,11.293173731487657,155.25627300469984,431.47237370853674,484.13654523179594
MAR10011,-22.971854219908185,18.69486451832804,-66.07024521155677,-57.53734598370069,-20.804978128050237,-0.8340030505527527,-0.35664480960338096
MAR10012,0.0,0.0,0.0,0.0,0.0,0.0,0.0
MAR10013,0.0,0.0,0.0,0.0,0.0,0.0,0.0
MAR10015,-540.5244185529341,244.86313937062386,-930.1786788601563,-919.6571019778235,-454.2173961753318,-225.9735534961201,-178.19382428192068
MAR10017,0.0,0.0,0.0,0.0,0.0,0.0,0.0
MAR10019,177.97596458248535,158.6664670324883,10.539612225201598,14.843089917451026,121.58632028224896,497.054095300681,583.4596714498342
MAR10022,-259.8367319128733,180.8029965293484,-740.5166412561954,-692.1732161742981,-258.46816400333216,-59.491886191881896,-53.31603597479261
MAR10023,112.48174945472434,0.13357362841518902,112.38135051464015,112.38362316809844,112.43002252589858,112.69988299457948,113.56565117672216
MAR10024,112.48174945472434,0.13357362841518902,112.38135051464015,112.38362316809844,112.43002252589858,112.69988299457948,113.56565117672216
MAR10026,-9.7835735611154,11.353375777373433,-60.45645271275225,-36.42632742769072,-6.6055117047471725,-0.2889335927997835,-0.12202505791054818
MAR10027,0.0,0.0,0.0,0.0,0.0,0.0,0.0
MAR10029,0.0,0.0,0.0,0.0,0.0,0.0,0.0
MAR10030,8.86732339274122e-15,1.6978038111730883e-14,-2.196520052739664e-14,-1.366883899137514e-14,1.6074157153222374e-15,3.7790311684413124e-14,4.521133797780182e-14
MAR10031,0.0,0.0,0.0,0.0,0.0,0.0,0.0
MAR10032,-71.27903208265606,525.7626509004817,-857.2010814045574,-851.0602982345735,144.33660143037181,640.2819416752415,734.4692885610623
MAR10033,-927.0224262856736,45.78442950713701,-985.5747267916133,-982.3512440436826,-930.8146075441737,-850.2403708604057,-739.3403366326486
MAR10035,-112.96728592859849,63.3437922795734,-313.1876820827846,-235.37304299157935,-116.6931071242114,-16.943755225454712,-13.262406385728013
MAR10036,599.9643286931619,216.43512241899262,248.60700409639128,309.0708770575428,511.49255626139336,917.6854370934749,923.5138150298768
MAR10037,0.0,0.0,0.0,0.0,0.0,0.0,0.0
MAR10044,0.0,0.0,0.0,0.0,0.0,0.0,0.0
MAR10046,1.3127604018628922,0.1316908194909799,1.1340195348093143,1.1589529287848785,1.2760739825309801,1.5130824221526213,1.5152139989738618
MAR10047,1.3127604018628922,0.1316908194909799,1.1340195348093143,1.1589529287848785,1.2760739825309801,1.5130824221526213,1.5152139989738618
MAR10050,0.0,0.0,0.0,0.0,0.0,0.0,0.0
MAR10059,0.0,0.0,0.0,0.0,0.0,0.0,0.0
MAR10062,600.371337714577,0.7129492416618856,599.8354583718915,599.8475886597241,600.0952452319725,601.535625483551,606.1566631557156
MAR10063,24.880962979392926,0.029546486606849144,24.85875473383848,24.859257444778603,24.869520982735207,24.929214118373885,25.12072204029415
MAR10064,54.38492586135866,0.06458284933857902,54.33638297382845,54.33748180177544,54.359915891271356,54.49039342787895,54.90899234394378
MAR10065,0.13497809934566787,0.00016028835409778597,0.13485762061756784,0.13486034780171774,0.13491602703107736,0.13523985959349277,0.1362787814120626
MAR10066,177.85070858431442,145.17221865115332,6.150947740667027,8.667422971414918,143.78492958216628,490.06106311621414,585.1043898571012
MAR10069,1.2786575395630133,1.118082050539435,0.03324205750430833,0.054167667960404335,0.7086576494178869,2.9634951754278513,3.1098016459322086
MAR10082,3.2223203141478143,3.403811830027274,0.004212275914868724,0.0465199449027044,1.9980967970931438,10.488963634114075,17.520349203709017
MAR10103,1.3231758147977064,1.7007713782199572,0.029614174331876374,0.03230452821092113,0.5169120534693732,4.930302998647265,5.84243769553869
MAR10110,0.7082173357089583,0.8065765922438843,0.029372800097810323,0.03325853172958366,0.37500406000187997,2.707227443641872,2.721850295767002
MAR10118,3.222320314147485,3.4038118300273412,0.0042122759148748926,0.04651994490217451,1.9980967970939285,10.488963634111327,17.520349203708747
MAR10119,1.3231758147977069,1.7007713782199572,0.029614174331876443,0.032304528210921196,0.5169120534693781,4.930302998647265,5.84243769553869
MAR10120,0.7082173357089603,0.8065765922438831,0.029372800097810337,0.0332585317295836,0.3750040600018799,2.707227443641867,2.721850295766998
MAR10125,1.4411172864291326,2.4083951767402225,0.022401262300485458,0.028060067613007424,0.35300336615362865,5.682897163701093,11.605714015121727
MAR10127,1.4411172864291326,2.4083951767402225,0.022401262300485458,0.028060067613007424,0.35300336615362865,5.682897163701093,11.605714015121727
MAR10134,-348.2306620884371,356.03977014969774,-894.4108572004925,-883.8856643650009,-211.89168094662298,77.54307386186935,155.4023010923387
MAR10135,730.759297700463,136.52343674976393,399.1735429895956,496.4780357219267,734.9931314870585,890.2768947511594,902.6388066302623
MAR10138,238.63999658495595,174.4140537114852,12.64285115901771,17.936018604610666,195.76468169857128,517.4229829549943,628.7791749524197
MAR10139,0.0,0.0,0.0,0.0,0.0,0.0,0.0
MAR10140,0.0,0.0,0.0,0.0,0.0,0.0,0.0
MAR10143,12.022534160021959,13.934696380935538,0.004794039551171411,0.3247679860926594,6.882388355495097,39.89586782910797,67.46260670247396
MAR10145,12.022534160021959,13.934696380935538,0.004794039551171411,0.3247679860926594,6.882388355495097,39.89586782910797,67.46260670247396
MAR10149,6.057934445564135,6.736702842048553,0.025536563065820323,0.18345896410810866,2.5018827302316224,19.507050837002662,25.259645204270715
MAR10151,121.61545789455946,165.54631816726123,0.09181968080624114,4.607751061618261,33.51504026401014,551.7287938021908,637.3639096599676
MAR10152,403.8837562782808,344.1789716052344,-193.89613240697628,-43.65578492459929,276.09917418494473,957.5656075245668,961.7895807341037
MAR10153,-167.60486517577397,310.00113608212166,-586.5804623982918,-575.0301111869892,-116.58358102362092,262.7817684156708,348.3666648109231
MAR10160,0.0,0.0,0.0,0.0,0.0,0.0,0.0
MAR10168,-94.52931525907016,530.0597016144252,-914.1884302649371,-907.4004889151694,81.60474128944088,561.3987747715719,615.8577567021508
MAR10169,0.0,0.0,0.0,0.0,0.0,0.0,0.0
MAR10174,359.20895743179994,449.36338866364133,-526.8751015065574,-484.4490508364161,408.2832737950082,961.0919307492185,967.852042622597
MAR10175,305.1229300003253,480.57934401425064,-588.188659453309,-530.9822588888301,351.41416781303553,957.385346114569,965.171201893473
MAR10178,-296.8273275078091,222.64613149481565,-780.5397767531343,-706.4859669686084,-248.77312799901244,-71.66226995052178,170.61422036625038
MAR10179,125.4138572426769,488.0460888126382,-652.2555463189592,-569.8594758998233,-22.62652286003822,839.4195895602287,850.5922531342521
MAR10180,0.0,0.0,0.0,0.0,0.0,0.0,0.0
MAR10181,18.15307396267642,202.1755123896143,-518.9293725706407,-467.81918743244086,42.842473443690324,276.1723471304825,353.89688169511794
MAR10183,80.02982482276175,246.9329414221295,-584.1146081191602,-522.3225538495423,82.93737474529625,413.59407735982506,483.9183796260835
MAR10184,0.0,0.0,0.0,0.0,0.0,0.0,0.0
MAR10186,0.0,0.0,0.0,0.0,0.0,0.0,0.0
MAR10188,272.49667643913034,328.1444994779617,-111.79003165401923,-61.36014292039793,123.69660776531947,812.6849816556385,820.0780037643294
MAR10189,2.2011075417556293e-16,5.076202308192001e-16,-5.695569528381399e-16,-5.617479855412403e-16,4.451700839529375e-17,9.818380551282133e-16,1.4998137089147307e-15
MAR10190,0.0,0.0,0.0,0.0,0.0,0.0,0.0
MAR10194,-177.97596458248535,158.66646703248833,-583.4596714498342,-497.05409530068107,-121.58632028224895,-14.84308991745103,-10.539612225201598
MAR10197,0.0,0.0,0.0,0.0,0.0,0.0,0.0
MAR10201,-80.02982482276175,246.9329414221295,-483.9183796260835,-413.5940773598252,-82.93737474529624,522.3225538495423,584.1146081191603
MAR10206,183.7288282603763,145.9352216861672,7.075082370871837,11.293173731487657,155.25627300469984,431.47237370853674,484.13654523179594
MAR10208,0.0,0.0,0.0,0.0,0.0,0.0,0.0
MAR10209,177.97596458248535,158.6664670324883,10.539612225201598,14.843089917451026,121.58632028224896,497.054095300681,583.4596714498342
MAR10210,382.52863561202736,263.2293139911839,0.1314477617048766,5.924824227526763,429.4036620970013,792.5907251472078,839.1116784175962
MAR10211,0.0,0.0,0.0,0.0,0.0,0.0,0.0
MAR10213,0.0,0.0,0.0,0.0,0.0,0.0,0.0
MAR10214,0.0,0.0,0.0,0.0,0.0,0.0,0.0
MAR10215,3.1796864963939853e-16,1.7196894757846283e-15,-3.6814948270461495e-15,-1.2868075247829179e-15,9.120089122205445e-17,4.356939446914981e-15,4.365891793922738e-15
MAR10216,0.0,0.0,0.0,0.0,0.0,0.0,0.0
MAR10217,6.057934445564135,6.736702842048553,0.025536563065820323,0.18345896410810866,2.5018827302316224,19.507050837002662,25.259645204270715
MAR10218,121.61545789455946,165.54631816726123,0.09181968080624114,4.607751061618261,33.51504026401014,551.7287938021908,637.3639096599676
MAR10219,403.88375627828066,344.17897160523563,-193.8961324069756,-43.65578492459835,276.0991741849405,957.5656075245677,961.7895807341071
MAR10223,0.0,0.0,0.0,0.0,0.0,0.0,0.0
MAR10225,0.0,0.0,0.0,0.0,0.0,0.0,0.0
MAR10227,0.0,0.0,0.0,0.0,0.0,0.0,0.0
MAR10229,-94.5293152590712,530.0597016144253,-914.1884302649365,-907.4004889151689,81.60474128944026,561.3987747715753,615.8577567021509
MAR10230,0.0,0.0,0.0,0.0,0.0,0.0,0.0
MAR10234,-411.67224290891204,250.2322047433251,-876.7135120731966,-793.4493136048294,-462.41521671433605,-28.48812552483245,-25.210436506486754
MAR10235,359.20895743179994,449.36338866364133,-526.8751015065574,-484.4490508364161,408.2832737950081,961.0919307492185,967.852042622597
MAR10242,-98.67413733722563,219.20253316659662,-635.9902262464349,-598.8470223363087,-32.146576482771536,235.06528334098107,413.66233509002876
MAR10243,-807.0964407024587,145.86769862042152,-982.9377474712988,-981.0321363813819,-809.296757581145,-559.3025256004223,-362.8713707468352
MAR10250,-1.2834842503152217,0.0015241552425522128,-1.2958522193154687,-1.2859732849165886,-1.2828940150255865,-1.2823645705251794,-1.2823386381855242
MAR10254,-219.08386594436243,173.01368838998513,-685.2382201493565,-639.3708396430419,-171.4604017180871,-56.22031369558956,-47.44081785625929
MAR10255,0.0,0.0,0.0,0.0,0.0,0.0,0.0
MAR10256,-43.209723545356375,21.83654424583436,-121.59995997838186,-94.10706931074284,-39.320001358269366,-17.046053720172587,-3.847105996694757
MAR10263,-3.229476637276082,0.4525633017854973,-3.545378425266962,-3.5420139206627943,-3.439938153737141,-2.3155123625322673,-1.7417083378842615
MAR10321,0.0,0.0,0.0,0.0,0.0,0.0,0.0
MAR10346,7.099028109811438e-15,1.0282585981672189e-14,-1.610541243480609e-15,-7.878788611654229e-16,7.168937211170346e-16,2.829793884170653e-14,3.382295719308565e-14
MAR10348,30.09156687164656,51.69649249360827,0.019142165728240887,0.2886961505519479,3.831517561318003,144.49371162389258,219.39364774739252
MAR10355,-98.67413733722563,219.20253316659662,-635.9902262464349,-598.8470223363087,-32.146576482771536,235.06528334098107,413.66233509002876
MAR10359,531.0420928464089,265.29615705091135,57.60062541275647,169.09458590375576,488.9493437535585,937.0786820747783,943.4752590639375
MAR10360,49.75691046330084,43.0976647256695,0.8697887458543606,2.923252739066577,34.88987906538084,143.07577255776124,159.33023718301123
MAR10363,-282.52058438006844,409.64388125122883,-896.4238955711237,-892.7368720576264,-58.48481770730723,182.98762941774677,231.14386268210222
MAR10364,462.45484564627077,302.0025815951629,-21.243993607408356,69.21278988529043,392.82577289248434,911.2522168546848,913.2047824807386
MAR10366,-987.0307019686585,21.4941846859008,-999.9995292844211,-999.6078114882092,-995.3301615173935,-928.392288858418,-902.2939021083182
MAR10375,-1.2834842503152217,0.0015241552425522128,-1.2958522193154687,-1.2859732849165886,-1.2828940150255865,-1.2823645705251794,-1.2823386381855242
MAR10378,0.0,0.0,0.0,0.0,0.0,0.0,0.0
MAR10379,3.2119486345265324e-16,4.822222314590501e-16,-1.7292288597573237e-16,-1.6892345202055054e-16,7.567693358515165e-17,1.5471286401721046e-15,1.956555088743972e-15
MAR10383,-502.18540899626726,275.7945231908791,-872.2288763727241,-835.8220614718784,-603.941306822174,-79.72398595436368,-70.0363381153461
MAR10384,0.0,0.0,0.0,0.0,0.0,0.0,0.0
MAR10385,0.0,0.0,0.0,0.0,0.0,0.0,0.0
MAR10387,-43.209723545356375,21.83654424583436,-121.59995997838186,-94.10706931074284,-39.320001358269366,-17.046053720172587,-3.847105996694757
MAR10389,3.2294766372760813,0.4525633017854972,1.741708337884262,2.3155123625322673,3.4399381537371405,3.542013920662794,3.5453784252669616
MAR10395,222.96379504761805,397.3272366806501,-229.99591198441158,-170.0503751829641,29.988070724920448,846.9652472394247,855.3666010442616
MAR10396,177.02442355657067,173.14623400295295,14.161731666297932,16.12934619871864,126.41907341926054,626.051651364673,701.2541822786008
MAR10399,0.0,0.0,0.0,0.0,0.0,0.0,0.0
MAR10420,0.0,0.0,0.0,0.0,0.0,0.0,0.0
MAR10421,0.0,0.0,0.0,0.0,0.0,0.0,0.0
MAR10422,0.0,0.0,0.0,0.0,0.0,0.0,0.0
MAR10427,-376.1025008638296,256.6795430410445,-846.8889000004586,-762.8381465407996,-340.5152712113768,-31.6347608974089,-25.438903644315133
MAR10428,0.0,0.0,0.0,0.0,0.0,0.0,0.0
MAR10429,-195.15043419532907,164.46017434248907,-636.4454956388754,-508.00597926484454,-133.33485655425736,-12.546943118973342,-9.018474190888009
MAR10430,0.0,0.0,0.0,0.0,0.0,0.0,0.0
MAR10432,-0.7716113017850817,0.8620617045774918,-3.9723406271508797,-2.16981375861552,-0.5354770214324993,0.2563049663624774,0.5175612571023228
MAR10434,-0.09410330879511498,0.8986536067444535,-4.300178965111782,-1.7244373141851563,0.07182435745482181,1.1295966861634064,1.8719704973778213
MAR10435,531.0420928464089,265.2961570509113,57.600625412756585,169.09458590375584,488.94934375355876,937.0786820747783,943.4752590639375
MAR10436,49.75691046330083,43.09766472566951,0.8697887458543614,2.923252739066579,34.8898790653808,143.07577255776133,159.33023718301123
MAR10437,-3.2119486345265324e-16,4.822222314590499e-16,-1.9565550887439714e-15,-1.5471286401721042e-15,-7.567693358515164e-17,1.6892345202055044e-16,1.7292288597573227e-16
MAR10440,0.0,0.0,0.0,0.0,0.0,0.0,0.0
MAR10441,177.02442355657067,173.14623400295295,14.161731666297932,16.12934619871864,126.41907341926054,626.051651364673,701.2541822786008
MAR10442,-2.9938814972787458,3.2629869175571353,-12.72585805998665,-9.56184776658284,-1.1622863154017011,-0.18743196881137889,-0.08088022907340058
MAR10444,0.0,0.0,0.0,0.0,0.0,0.0,0.0
MAR10445,-1.1047955636269523e-13,1.4314765944067153e-13,-3.427843209072046e-13,-3.416120907400442e-13,-2.779606592244346e-14,2.0536425323237318e-14,3.705292508387331e-14
MAR10446,1.1785511340344937e-13,1.4043008301631968e-13,-2.37593697990435e-14,-1.3235303531246877e-14,3.844782481991006e-14,3.426253953920166e-13,3.4428458917931174e-13
MAR10450,6.963211295464314e-15,8.079987332413901e-15,-6.1255022243016035e-15,-2.646540946043809e-15,4.32172486141573e-15,2.429366671888615e-14,2.7898332141397982e-14
MAR10475,473.307425573898,283.6473467678869,21.613897699898462,24.18417778181312,588.9984342902823,811.8609856470632,887.6566773490244
MAR10483,86.35785794767291,587.7378132499488,-845.8622979647265,-836.3709525969937,332.9175488794063,697.3299938160737,752.6480807964579
MAR10488,0.0,0.0,0.0,0.0,0.0,0.0,0.0
MAR10489,-6.201878603217665,6.335885208923638,-32.152658669668575,-19.700533157417844,-4.069766617916567,-0.20210885586076252,-0.021731695540246884
MAR10490,0.0,0.0,0.0,0.0,0.0,0.0,0.0
MAR10492,86.35785794767247,587.7378132499492,-845.8622979647266,-836.3709525969914,332.917548879397,697.3299938160749,752.6480807964606
MAR10496,-6.201878603217664,6.335885208923637,-32.15265866966856,-19.700533157417837,-4.06976661791656,-0.20210885586076247,-0.021731695540246836
MAR10503,0.0,0.0,0.0,0.0,0.0,0.0,0.0
MAR10513,0.0,0.0,0.0,0.0,0.0,0.0,0.0
MAR10700,0.0,0.0,0.0,0.0,0.0,0.0,0.0
MAR10724,0.0,0.0,0.0,0.0,0.0,0.0,0.0
MAR10997,0.0,0.0,0.0,0.0,0.0,0.0,0.0
MAR11237,17.22334746088214,26.89759344779568,-37.396761313950954,-9.257961810180396,6.24441896743073,80.09120643386994,113.0427138767812
MAR11238,-26.919635438149598,29.064826154979066,-142.43455700025476,-74.38005541882336,-18.176566114418545,-1.3540034135405001,-0.5426921137261786
MAR11239,-8.157788543392044,4.803268979084903,-25.805670569158526,-16.258736182798632,-8.395692661398435,-0.8667162602855027,-0.4383837292825648
MAR11240,-12.144253193411041,8.55777013108277,-34.59392820191348,-27.976751597300506,-12.05207892761312,-0.5704499865011745,-0.07174502805109795
MAR11241,-3.835732400366531,3.756915614201266,-17.240856679373856,-11.127215287483919,-2.3474856758331555,-0.06926005883219984,-0.005668214871388888
MAR11242,0.0,0.0,0.0,0.0,0.0,0.0,0.0
MAR11243,0.0,0.0,0.0,0.0,0.0,0.0,0.0
MAR11244,-7.726508100060113,6.576658204160438,-26.871347591130974,-20.71547431702432,-5.879832714316049,-0.34567149289214594,-0.011965258507123776
MAR11246,53.434148672161186,41.98019199088122,0.07491023090759129,2.3206927884240502,46.77010219040005,143.5059658999132,178.32524067590563
MAR11247,0.0,0.0,0.0,0.0,0.0,0.0,0.0
MAR11249,-5.233517325670204,6.01998133223574,-23.40616104661993,-17.995346693004933,-2.250718219647765,-0.06733252961381284,-0.003383759980375795
MAR11250,-593.7001527076234,252.51965691517023,-926.0855759672288,-920.20165465448,-572.4720667311908,-225.38494563419508,-148.64721501188296
MAR11252,0.0,0.0,0.0,0.0,0.0,0.0,0.0
MAR11254,0.0,0.0,0.0,0.0,0.0,0.0,0.0
MAR11255,0.0,0.0,0.0,0.0,0.0,0.0,0.0
MAR11256,620.437442618953,223.09020042757788,278.45234783509153,285.41573952466473,714.8428736768155,899.0218175852309,920.1288997188531
MAR11257,3.635662687692677,12.476420032771621,-33.630179690952716,-12.918780123332798,0.5850441600232901,32.468787573973486,46.25167703696363
MAR11259,219.47926272254003,128.7334921728903,89.93818323778774,92.77116987057738,169.37615100372483,494.5855656079132,621.2745797585343
MAR11260,0.0,0.0,0.0,0.0,0.0,0.0,0.0
MAR11261,4.695490908358078,7.275315393517545,-1.2008718779133731,-0.9022648450464115,2.0323147162978996,17.97993502195622,38.407509545863505
MAR11262,0.0,0.0,0.0,0.0,0.0,0.0,0.0
MAR11265,0.0,0.0,0.0,0.0,0.0,0.0,0.0
MAR11266,-62.05939026011168,46.308540222900795,-194.47136358919767,-149.6853590686422,-54.1656518796907,-2.8622340818362675,11.80273096147846
MAR11272,-16.656318861568334,12.947586698290465,-66.20204593949079,-38.86126001999783,-14.028348809017592,-0.93598742423958,8.136344975830443
MAR11274,-26.02954510735125,24.019187287803202,-98.2540763049318,-73.55834401478702,-20.462096020429513,8.400044923444842,41.69518190916108
MAR11277,124.17984135552048,71.89821812311665,26.29617942692316,30.095582529399884,122.89363805308463,236.3683204931959,290.37171680615035
MAR11281,0.0,0.0,0.0,0.0,0.0,0.0,0.0
MAR11299,-86.44944530919436,55.424167342304834,-284.58281428305486,-170.16431474557157,-91.04942608889854,-6.8706938115590575,-3.4360478347808963
MAR11300,86.449445309194,55.42416734230457,3.4360478347808776,6.87069381155904,91.04942608889846,170.16431474557004,284.5828142830548
MAR11301,86.44944530919398,55.424167342304564,3.4360478347808803,6.870693811559039,91.0494260888984,170.16431474556998,284.58281428305474
MAR11304,2.272934742156736,2.3834933213207656,0.0019358839424413548,0.033691669499407,1.3854107164320926,7.178031621867693,11.283104017432235
MAR11313,-183.27077322911117,104.50440735939065,-443.28119354299014,-350.22372910112,-185.10055755555004,-54.10950463023818,50.39956101056072
MAR11316,0.0046567444274254665,5.52994821635233e-06,0.0046525879113060945,0.004652681999159242,0.00465460293257209,0.004665775155975475,0.004701617958715949
MAR11317,443.78222633690064,285.905825785091,50.43215405408377,70.75902006542672,536.6555899069257,829.5419529045043,863.9691166983444
MAR11318,-478.7279299080108,293.4056925018278,-899.6477125975832,-882.8638523214194,-402.85946271302305,-59.051544872369476,57.01468707194056
MAR11319,0.0,0.0,0.0,0.0,0.0,0.0,0.0
MAR11321,-602.8538898625502,202.66988770149632,-926.9482952980135,-919.1213473639168,-536.6522710697801,-350.11541066689887,-249.51074829871652
MAR11322,0.0,0.0,0.0,0.0,0.0,0.0,0.0
MAR11323,0.0,0.0,0.0,0.0,0.0,0.0,0.0
MAR11347,0.0,0.0,0.0,0.0,0.0,0.0,0.0
MAR11348,0.0,0.0,0.0,0.0,0.0,0.0,0.0
MAR11349,-847.5755685549826,134.63352349265662,-995.5879935092291,-990.4516412946336,-890.777935289633,-575.645229836624,-486.3037458985953
MAR11350,4.381949982616014e-14,3.586457463104235e-12,-1.2179778842085552e-11,-1.1936000804905652e-11,9.298687851752415e-13,3.190412226065548e-12,3.985687144568362e-12
MAR11351,0.0,0.0,0.0,0.0,0.0,0.0,0.0
MAR11354,0.0,0.0,0.0,0.0,0.0,0.0,0.0
MAR11359,0.0,0.0,0.0,0.0,0.0,0.0,0.0
MAR11360,0.0,0.0,0.0,0.0,0.0,0.0,0.0
MAR11362,0.0,0.0,0.0,0.0,0.0,0.0,0.0
MAR11366,0.0,0.0,0.0,0.0,0.0,0.0,0.0
MAR11367,71.27903208265165,525.7626509004839,-734.4692885610657,-640.2819416752451,-144.33660143038483,851.0602982345735,857.2010814045574
MAR11370,43.209723545356375,21.836544245834354,3.8471059966947436,17.046053720172587,39.32000135826939,94.10706931074276,121.59995997838172
MAR11371,-0.5100597410775616,0.0006057029754412158,-0.5149748018260423,-0.5110488894266708,-0.509825180146079,-0.5096147776179665,-0.509604472043692
MAR11375,-366.5200538737463,143.49893056875518,-723.455194072417,-683.0628015049364,-342.73178615035926,-165.01543100991987,-118.41264644337775
MAR11376,-366.5200538737464,143.49893056875547,-723.4551940724158,-683.0628015049381,-342.73178615036045,-165.01543100992,-118.41264644337576
MAR11378,0.0,0.0,0.0,0.0,0.0,0.0,0.0
MAR11381,420.338945379318,147.80479073151284,148.93111406050141,187.0769667499817,417.0133260724241,702.7078648187186,735.6338776955455
MAR11382,420.33894537931786,147.804790731514,148.9311140605016,187.07696674998328,417.01332607242637,702.7078648187199,735.6338776955466
MAR11384,-20.696316879240708,13.140103043301801,-57.73702817834612,-41.734428509206126,-19.5492854955246,-1.7274864654515716,-0.9778791438698704
MAR11385,-20.696316879240307,13.140103043301684,-57.73702817834806,-41.73442850920132,-19.549285495522156,-1.7274864654522544,-0.9778791438701787
MAR11389,0.0,0.0,0.0,0.0,0.0,0.0,0.0
MAR11390,0.0,0.0,0.0,0.0,0.0,0.0,0.0
MAR11393,0.0,0.0,0.0,0.0,0.0,0.0,0.0
MAR11400,271.39452368603577,244.3652552483708,-53.04549255444226,-7.075411397024302,146.8443565431701,639.7963876089458,642.2892071136764
MAR11410,-310.6559470906691,414.8084496035683,-921.4555431039275,-912.4655908922119,-139.98480464761548,377.3492342134666,477.0641451433765
MAR11419,0.0,0.0,0.0,0.0,0.0,0.0,0.0
MAR11420,0.0,0.0,0.0,0.0,0.0,0.0,0.0
MAR11424,689.4827639718637,208.36552698145988,246.18192920549532,300.80721533325595,723.4710594532437,938.2437530933346,946.0387938351075
MAR11427,-655.7957547538446,223.10067827919696,-934.1996352377048,-930.5722173125931,-665.5327492256738,-224.52642391044637,-182.44968455432553
MAR11433,0.0046567444274254665,5.5299482163523545e-06,0.0046525879113060945,0.004652681999159242,0.0046546029325720915,0.004665775155975476,0.004701617958715949
MAR11438,0.0,0.0,0.0,0.0,0.0,0.0,0.0
MAR11440,0.0,0.0,0.0,0.0,0.0,0.0,0.0
MAR11443,0.0,0.0,0.0,0.0,0.0,0.0,0.0
MAR11445,0.0,0.0,0.0,0.0,0.0,0.0,0.0
MAR11449,0.0,0.0,0.0,0.0,0.0,0.0,0.0
MAR11451,0.0,0.0,0.0,0.0,0.0,0.0,0.0
MAR11456,0.0,0.0,0.0,0.0,0.0,0.0,0.0
MAR11457,0.0,0.0,0.0,0.0,0.0,0.0,0.0
MAR11467,0.0,0.0,0.0,0.0,0.0,0.0,0.0
MAR11468,0.0,0.0,0.0,0.0,0.0,0.0,0.0
MAR11474,0.0,0.0,0.0,0.0,0.0,0.0,0.0
MAR11476,0.0,0.0,0.0,0.0,0.0,0.0,0.0
MAR11477,0.0,0.0,0.0,0.0,0.0,0.0,0.0
MAR11478,0.0,0.0,0.0,0.0,0.0,0.0,0.0
MAR11479,-123.82471162380452,596.4249460846772,-859.649989523223,-766.3550730310236,-418.2701217523256,830.0879320080126,836.6980381434838
MAR11480,-123.82471162379747,596.424946084673,-859.6499895232084,-766.3550730310044,-418.2701217523037,830.0879320080171,836.6980381434839
MAR11481,-123.82471162379744,596.424946084673,-859.6499895232084,-766.3550730310044,-418.2701217523037,830.0879320080171,836.6980381434839
MAR11486,26.94487173955574,18.67637193479951,1.020539334709562,1.7032042598276562,25.385565480508397,61.5677461460496,97.02708095379674
MAR11487,26.94487173955577,18.676371934799537,1.020539334709556,1.70320425982765,25.385565480509516,61.567746146050276,97.02708095379731
MAR11488,26.944871739555964,18.676371934799594,1.020539334709561,1.70320425982766,25.38556548050864,61.56774614604965,97.02708095379715
MAR11489,26.944871739555996,18.676371934799604,1.0205393347095637,1.7032042598276618,25.385565480508724,61.56774614604968,97.02708095379715
MAR11490,26.94487173955595,18.676371934799587,1.020539334709563,1.703204259827661,25.38556548050864,61.56774614604965,97.02708095379714
MAR11491,26.944871739555946,18.676371934799587,1.020539334709563,1.703204259827661,25.38556548050863,61.56774614604965,97.02708095379714
MAR11498,0.0,0.0,0.0,0.0,0.0,0.0,0.0
MAR11506,0.0,0.0,0.0,0.0,0.0,0.0,0.0
MAR11507,0.0,0.0,0.0,0.0,0.0,0.0,0.0
MAR11508,0.0,0.0,0.0,0.0,0.0,0.0,0.0
MAR11525,0.0,0.0,0.0,0.0,0.0,0.0,0.0
MAR11526,0.0,0.0,0.0,0.0,0.0,0.0,0.0
MAR11528,0.0,0.0,0.0,0.0,0.0,0.0,0.0
MAR11539,0.0,0.0,0.0,0.0,0.0,0.0,0.0
MAR11540,0.0,0.0,0.0,0.0,0.0,0.0,0.0
MAR11541,0.0,0.0,0.0,0.0,0.0,0.0,0.0
MAR11542,0.0,0.0,0.0,0.0,0.0,0.0,0.0
MAR11543,0.0,0.0,0.0,0.0,0.0,0.0,0.0
MAR11569,-5.388880893598096e-14,3.9954691829440116e-14,-1.1465264439839111e-13,-1.138957626333489e-13,-2.7087622780762185e-14,-1.1405232976972299e-14,-8.270907234253962e-15
MAR11570,0.0,0.0,0.0,0.0,0.0,0.0,0.0
MAR11571,-742.4234783129901,148.5602968439817,-949.4124363065016,-941.8951670324959,-721.1642288202465,-496.1334145840858,-396.8198329394515
MAR11574,-3.1796864963939853e-16,1.7196894757846283e-15,-4.365891793922738e-15,-4.356939446914981e-15,-9.120089122205445e-17,1.2868075247829179e-15,3.6814948270461495e-15
MAR11576,0.0,0.0,0.0,0.0,0.0,0.0,0.0
MAR11577,1.002639560271245,0.9861062915923956,0.017207488208172497,0.1008392924415547,0.6465870810711808,3.2505349605281157,4.405115537238894
MAR11578,0.0,0.0,0.0,0.0,0.0,0.0,0.0
MAR11580,411.67224290891204,250.2322047433251,25.210436506486754,28.48812552483245,462.41521671433605,793.4493136048294,876.7135120731966
MAR11581,0.007923004393127084,0.008496304138762092,4.0780377913093e-06,0.0003285851125934132,0.0038176788490501103,0.02486616948395612,0.03244549175971226
MAR11583,-1.721762638174031,0.002044616873209419,-1.7383539651884954,-1.725101616991512,-1.7209708520052993,-1.720260615178683,-1.720225827581627
MAR11646,742.423478312989,148.56029684398288,396.8198329394517,496.1334145840798,721.1642288202454,941.8951670324961,949.4124363065009
MAR11779,0.0,0.0,0.0,0.0,0.0,0.0,0.0
MAR11781,655.7957547538446,223.10067827919696,182.44968455432553,224.52642391044637,665.5327492256738,930.5722173125931,934.1996352377048
MAR11790,376.10250086382604,256.67954304104535,25.438903644312514,31.634760897407478,340.5152712113566,762.8381465407963,846.8889000004586
MAR11797,113.39800193285546,128.47668605873054,3.225590342663793,5.305516440393389,63.30528403627437,399.4053195565336,542.9167007498828
MAR11798,135.38380331851303,137.97961285254763,3.809512140523067,6.549470649322588,85.70621984232126,448.5876717751185,559.7320139898446
MAR11801,-6.197221858790041,6.33588378347236,-32.14799292920407,-19.695879040234722,-4.065107949460343,-0.19745616177975323,-0.017079007328144755
MAR11806,0.0,0.0,0.0,0.0,0.0,0.0,0.0
MAR11807,0.0,0.0,0.0,0.0,0.0,0.0,0.0
MAR11815,21.611014252827577,18.115419764535012,0.5825840007491072,1.642940304011876,16.452983335674908,55.18876178944642,98.1828658720231
MAR11825,-182.22541818279564,634.6828158151009,-802.9246748924611,-776.4593229155199,-499.4263630854284,833.4729447093681,839.403118057895
MAR11826,-182.22541818279566,634.6828158151009,-802.9246748924611,-776.4593229155199,-499.42636308542865,833.4729447093681,839.403118057895
MAR11827,-182.22541818279566,634.6828158151009,-802.9246748924611,-776.4593229155199,-499.42636308542865,833.4729447093681,839.403118057895
MAR11831,349.0406822855101,226.84061278966777,13.50231716014206,18.99176726370227,401.664976467693,707.3024488334975,786.9176585388665
MAR11832,473.30742557389846,283.6473467678873,21.613897699898445,24.184177781813105,588.9984342902837,811.860985647067,887.6566773490243
MAR11833,473.30742557389846,283.6473467678873,21.613897699898445,24.184177781813105,588.9984342902837,811.860985647067,887.6566773490243
MAR11843,438.7471363787413,334.50110477623673,-16.300541908418893,71.23977067903031,222.77274445594554,921.2323910294903,928.3563826347447
MAR11856,0.0,0.0,0.0,0.0,0.0,0.0,0.0
MAR11872,0.0,0.0,0.0,0.0,0.0,0.0,0.0
MAR11873,0.0,0.0,0.0,0.0,0.0,0.0,0.0
MAR11874,0.0,0.0,0.0,0.0,0.0,0.0,0.0
MAR11885,8.124019626377956,9.081887510581891,0.00867478550698941,0.26837518617392686,3.4597401526629366,27.002343103388156,41.92281169822114
MAR11894,72.72298395287721,475.95411706272074,-466.5649996857423,-387.98797533410124,-177.5482669222179,842.2061001895629,850.1417407799189
MAR11895,72.72298395287895,475.95411706272074,-466.56499968574246,-387.9879753340995,-177.5482669222113,842.2061001895672,850.1417407799232
MAR11896,65.83359357328038,53.928639910662625,-2.066156104084783,4.465775003742041,47.328159729249876,163.27432564791664,266.55350153603035
MAR11897,65.83359357328204,53.92863991066258,-2.066156104084939,4.4657750037484,47.32815972924732,163.27432564791587,266.5535015360282
MAR11900,0.0,0.0,0.0,0.0,0.0,0.0,0.0
MAR11913,-356.1696638475013,183.28686079499062,-651.4405594447503,-608.9026195702513,-387.355328634275,-79.60218163615616,-66.8639676722898
MAR11914,-356.1696638474999,183.28686079498928,-651.4405594447453,-608.9026195702469,-387.3553286342716,-79.60218163615608,-66.86396767228985
MAR11917,655.7957547538446,223.10067827919696,182.44968455432553,224.52642391044637,665.5327492256738,930.5722173125931,934.1996352377048
MAR11923,0.0,0.0,0.0,0.0,0.0,0.0,0.0
MAR11926,376.1025008638259,256.67954304104535,25.438903644312497,31.634760897407485,340.5152712113566,762.8381465407966,846.8889000004588
MAR11932,0.0,0.0,0.0,0.0,0.0,0.0,0.0
MAR11933,0.0,0.0,0.0,0.0,0.0,0.0,0.0
MAR11935,-47.38269558206526,125.49330324191831,-435.10554888381034,-392.98367216980955,-13.406121535491316,105.83769083708272,185.6211017604876
MAR11936,-47.38269558206623,125.4933032419185,-435.1055488838117,-392.9836721698123,-13.406121535491629,105.8376908370832,185.6211017604849
MAR11939,-640.3721198413153,230.30309853595165,-936.8119170375743,-932.5764066971119,-695.5200050400699,-229.49216582231338,-189.40883349315285
MAR11940,-640.3721198413136,230.30309853595256,-936.8119170375721,-932.5764066971117,-695.5200050400715,-229.49216582231284,-189.40883349315197
MAR11941,353.2952971274923,347.50875960111654,-29.288987404772854,38.65612108359767,157.53487959550506,912.6089390618667,919.1968728321995
MAR11942,353.2952971274923,347.50875960111654,-29.288987404772854,38.65612108359767,157.53487959550506,912.6089390618667,919.1968728321995
MAR11943,0.0,0.0,0.0,0.0,0.0,0.0,0.0
MAR11944,0.0,0.0,0.0,0.0,0.0,0.0,0.0
MAR11945,0.0,0.0,0.0,0.0,0.0,0.0,0.0
MAR11947,685.4906203795567,187.774725366825,337.9942960692739,384.17194411501885,635.7604561968159,943.2331371574576,947.4368314601971
MAR11948,51.67080915744814,92.72073439810721,-117.9749157781723,-48.25931951747334,3.8549996710905763,198.0569266153229,198.51004567030637
MAR11949,51.67080915744814,92.72073439810723,-117.97491577817225,-48.25931951747339,3.854999671090583,198.0569266153229,198.51004567030637
MAR11950,-49.182118149018976,72.29676406240587,-293.5105797081778,-195.58484348719085,-12.535060269738334,-0.4631758729887842,-0.0024223073757358065
MAR11951,49.182118149018976,72.29676406240587,0.0024223073757358065,0.46317587298878377,12.535060269738334,195.58484348719082,293.5105797081778
MAR11952,0.0,0.0,0.0,0.0,0.0,0.0,0.0
MAR11957,6.1972218587900425,6.33588378347236,0.01707900732814497,0.19745616177975342,4.065107949460349,19.695879040234722,32.14799292920407
MAR11958,140.40790454697333,123.65079081899563,7.113129162882775,11.578852257562664,115.26004232701644,447.53805117160744,475.88597350248165
MAR11959,-140.40790454697333,123.65079081899563,-475.88597350248165,-447.5380511716075,-115.26004232701644,-11.578852257562662,-7.113129162882775
MAR11960,0.0,0.0,0.0,0.0,0.0,0.0,0.0
MAR11961,0.0,0.0,0.0,0.0,0.0,0.0,0.0
MAR11963,0.0,0.0,0.0,0.0,0.0,0.0,0.0
MAR11964,21.60869262951891,18.115418648973478,0.5802604074026834,1.6406206403932302,16.45066321711664,55.18644069749147,98.18054165685031
MAR11965,-0.0023216233087467587,2.7569596907195237e-06,-0.002343995040288746,-0.002326125585010017,-0.0023205556649355864,-0.002319597982189823,-0.0023195510746223933
MAR11973,-302.1598950566777,118.9042002587545,-479.9928395427971,-477.3283588956815,-282.41818623533106,-140.82554672482686,-84.01111856407539
MAR11974,-302.15989505668136,118.90420025875574,-479.9928395427977,-477.32835889568355,-282.4181862353346,-140.8255467248244,-84.0111185640764
MAR11975,-473.30742557389834,283.64734676788726,-887.6566773490243,-811.8609856470669,-588.9984342902826,-24.184177781813116,-21.613897699898448
MAR11976,473.30742557389834,283.64734676788726,21.613897699898448,24.184177781813112,588.9984342902826,811.8609856470669,887.6566773490243
MAR11977,349.0406822855101,226.84061278966777,13.50231716014206,18.99176726370227,401.664976467693,707.3024488334975,786.9176585388665
MAR11989,0.0,0.0,0.0,0.0,0.0,0.0,0.0
MAR11990,0.0,0.0,0.0,0.0,0.0,0.0,0.0
MAR11995,0.017747483060997476,0.030372171594761396,1.0161468743965633e-06,0.0001242635669090204,0.005124369569876518,0.10550775687253346,0.1565757998020901
MAR11996,0.017747483060997476,0.030372171594761396,1.0161468743963736e-06,0.00012426356690902008,0.005124369569876514,0.10550775687253347,0.15657579980209013
MAR11998,0.0,0.0,0.0,0.0,0.0,0.0,0.0
MAR11999,0.0,0.0,0.0,0.0,0.0,0.0,0.0
MAR12005,14.454480404762561,15.165074291666436,0.003942545124239652,0.20310918956363255,8.226654897739902,46.00134453282461,59.12858077836257
MAR12016,0.0,0.0,0.0,0.0,0.0,0.0,0.0
MAR12031,-297.18133906477226,206.89143993482165,-698.6986565367687,-613.0884501170971,-325.50629228165576,1.94291842079775,110.12828679144951
MAR12032,-297.18133906477175,206.8914399348212,-698.6986565367672,-613.0884501170957,-325.50629228165576,1.9429184207976433,110.12828679144948
MAR12036,0.0,0.0,0.0,0.0,0.0,0.0,0.0
MAR12040,546.6079188633427,294.80536393465684,-77.88526294865503,-50.273243457790265,522.2229795634988,926.4157110026467,931.2493078743152
MAR12043,0.0,0.0,0.0,0.0,0.0,0.0,0.0
MAR12044,0.0,0.0,0.0,0.0,0.0,0.0,0.0
MAR12058,0.0,0.0,0.0,0.0,0.0,0.0,0.0
MAR12060,0.0,0.0,0.0,0.0,0.0,0.0,0.0
MAR12090,0.0,0.0,0.0,0.0,0.0,0.0,0.0
MAR12093,0.0,0.0,0.0,0.0,0.0,0.0,0.0
MAR12094,0.0,0.0,0.0,0.0,0.0,0.0,0.0
MAR12095,0.0,0.0,0.0,0.0,0.0,0.0,0.0
MAR12112,3.2119486345265324e-16,4.822222314590501e-16,-1.7292288597573237e-16,-1.6892345202055054e-16,7.567693358515165e-17,1.5471286401721046e-15,1.956555088743972e-15
MAR12113,-14.454480404762561,15.165074291666436,-59.128580778362576,-46.00134453282462,-8.226654897739902,-0.20310918956363316,-0.003942545124238764
MAR12114,14.454480404762561,15.165074291666436,0.003942545124238764,0.203109189563633,8.226654897739902,46.00134453282461,59.128580778362576
MAR12127,-1.7217626381740314,0.0020446168732094028,-1.7383539651884952,-1.7251016169915114,-1.7209708520052995,-1.720260615178683,-1.720225827581627
MAR12128,0.0,0.0,0.0,0.0,0.0,0.0,0.0
MAR12129,0.0,0.0,0.0,0.0,0.0,0.0,0.0
MAR12130,0.0,0.0,0.0,0.0,0.0,0.0,0.0
MAR12131,0.0,0.0,0.0,0.0,0.0,0.0,0.0
MAR12136,0.0,0.0,0.0,0.0,0.0,0.0,0.0
MAR12141,-517.223226422038,294.11396957600147,-930.7030391817937,-921.8298870703488,-471.01337316606543,-95.52432194144876,27.76801693009054
MAR12143,-11.758607740082809,13.984948212059434,-57.01390544551344,-45.51338344878342,-5.51141432377517,-0.20041118716033426,-0.004232876801144532
MAR12144,11.758607740083841,13.984948212059585,0.004232876801016533,0.20041118716021325,5.511414323774696,45.513383448783706,57.01390544551386
MAR12145,15.679604891410436,15.366246553999352,0.0038234561551898603,0.35611409996535004,11.571985233041403,48.80389029242798,64.94078447546104
MAR12146,7.753290653537822,10.71639207880467,0.000500939853492106,0.20208565695937797,3.9304955567849884,32.88036086045887,57.801280300423166
MAR12148,-11.450296450084672,11.392265347152673,-58.960003744819005,-37.67510636507079,-8.961281566588525,-0.40657614629035677,-0.22766593981916117
MAR12149,3.6970057965466756,3.9841855206238845,0.00024796225826599833,0.18270026314237903,3.3468907016526037,10.916757035405576,23.685324762889316
MAR12151,-19.45911514227332,16.683632856905746,-71.21785871046461,-55.99455183943855,-15.276617810369856,-0.752964850418496,-0.011071973870414809
MAR12152,3.779510250862706,3.5843945093417213,0.002725832699803199,0.08164021400170625,2.7427063828440126,12.332021847351578,12.94649767481075
MAR12154,9.37328269717164,8.846992051834915,0.04106533190305666,0.37936017296826413,6.625030926327435,26.555448037487377,44.4496752095846
MAR12155,-14.001410145581394,12.549155376710468,-62.83070598581514,-38.283368582030576,-9.714044015929659,-0.7286139924119972,-0.3840404336800134
MAR12156,4.628127448410623,5.080142568786905,0.008975248265187962,0.036503656647560716,3.3076126116857516,16.4669406998242,18.465430333610026
MAR12158,5.8541868803994745,6.18867009376252,0.006254869844366236,0.1148559841182826,3.5864478115064387,19.917241182715994,22.722711949534148
MAR12159,-9.386135305139728,8.963415206395734,-31.187512794043357,-28.78687369891291,-6.728107454917222,-0.18716991471713498,-0.07193977161304588
MAR12160,3.5319484247405644,4.296294693416706,0.04286211829779105,0.0473624503066288,1.1492323253919454,13.054533240592729,13.987959779673208
MAR12162,-0.9697261099783427,0.6886787183514624,-4.74805519833994,-2.3099267968313195,-0.8497223871548064,-0.21996755283294542,-0.04069963948967748
MAR12163,0.969726109978343,0.6886787183514625,0.04069963948967747,0.21996755283294542,0.8497223871548069,2.30992679683132,4.748055198339941
MAR12165,-1.9526286388969694,2.507469434176643,-7.817660505360176,-7.15319907173283,-0.6028153979912454,-0.09267011886000885,-0.018178094396991886
MAR12166,1.9526286388969718,2.50746943417664,0.01817809439699222,0.09267011886000887,0.6028153979912512,7.153199071732825,7.817660505360174
MAR12172,-1.995306676068582e-14,2.681668859064605e-14,-1.0551702585780893e-13,-8.371310214980849e-14,-1.0650040709170366e-14,4.732624701301337e-15,1.8768480767697238e-14
MAR12173,2.012439990798051e-14,2.7022233889984467e-14,-2.414900654408814e-14,-5.032877060474544e-15,1.116801747158215e-14,8.12126171564256e-14,1.0639171584337665e-13
MAR12178,6.926614678847576e-16,1.7865367912817947e-15,-2.565434670403067e-15,-2.512428782325446e-15,3.1879165860079504e-16,3.523305175145361e-15,5.384270445159261e-15
MAR12179,0.0,0.0,0.0,0.0,0.0,0.0,0.0
MAR12180,6.926614678847576e-16,1.7865367912817943e-15,-2.565434670403066e-15,-2.512428782325445e-15,3.1879165860079504e-16,3.5233051751453604e-15,5.384270445159259e-15
MAR12182,-4.904704253470192,6.19243479828347,-38.94040447429393,-18.660386908562945,-2.4908313332632304,-0.12392058373979477,-0.008492181642210994
MAR12183,-3.890451480212796e-16,7.343754888839743e-16,-2.4256851069941152e-15,-1.4887490764731397e-15,-1.6551443705810378e-16,7.787358211634547e-16,1.1211921530922983e-15
MAR12185,-1.8624243138495595,1.4656191331164599,-7.116775256820031,-4.694991846749916,-1.2727370348196736,-0.15941578366508222,-0.0059674223965531376
MAR12186,1.862424313849564,1.4656191331164607,0.005967422396549918,0.1594157836650825,1.2727370348196758,4.694991846749917,7.116775256820034
MAR12187,0.0,0.0,0.0,0.0,0.0,0.0,0.0
MAR12188,0.0,0.0,0.0,0.0,0.0,0.0,0.0
MAR12189,0.0,0.0,0.0,0.0,0.0,0.0,0.0
MAR12191,0.0,0.0,0.0,0.0,0.0,0.0,0.0
MAR12192,0.0,0.0,0.0,0.0,0.0,0.0,0.0
MAR12193,0.0,0.0,0.0,0.0,0.0,0.0,0.0
MAR12196,3.595428342799942e-14,6.782890692488741e-13,-1.514698019512013e-12,-1.179572785353966e-12,-3.503733620445753e-14,1.182357943522722e-12,1.2056584938349236e-12
MAR12197,-4.9772250743627675e-14,6.845275064159794e-13,-1.2279240201787263e-12,-1.211480706398366e-12,3.3394621894641326e-14,1.1497678054773269e-12,1.4514691511524058e-12
MAR12199,7.7532906535378245,10.716392078804674,0.0005009398534880537,0.20208565695937905,3.930495556785014,32.88036086045887,57.80128030042318
MAR12200,15.679604891410422,15.36624655399935,0.0038234561551861827,0.35611409996534493,11.571985233041392,48.803890292427965,64.94078447546104
MAR12201,9.37328269717165,8.846992051834919,0.041065331903056786,0.3793601729682634,6.6250309263274385,26.555448037487384,44.44967520958461
MAR12202,5.854186880399474,6.18867009376252,0.006254869844366079,0.11485598411828275,3.5864478115064404,19.917241182715998,22.72271194953415
MAR12206,1.966517547973832e-14,2.6698264238548874e-14,-2.0823270061604494e-14,-4.904693037952507e-15,1.0668165405670751e-14,8.30342698152436e-14,1.0417154774067262e-13
MAR12212,-3.595428342799937e-14,6.782890692488739e-13,-1.2056584938349232e-12,-1.1823579435227217e-12,3.503733620445753e-14,1.179572785353953e-12,1.514698019512013e-12
MAR12213,4.696985587982271e-13,5.303046527946578e-12,-1.103950550214903e-11,-8.77325024964032e-12,-1.9177734076101852e-13,9.59439275028178e-12,9.636817102724258e-12
MAR12214,-1.3809034899234197e-15,4.2905323816366794e-14,-1.118403505722725e-13,-1.0227227761942015e-13,-3.7221764329319656e-15,1.0315512504242818e-13,1.1058653102555423e-13
MAR12215,-2.3439870068506152e-14,3.086415572913041e-14,-1.1800361193665074e-13,-9.707130354162024e-14,-1.2519703234727108e-14,3.302688312853731e-15,1.3039057248732624e-14
MAR12216,1.202969098896095e-13,1.3754990389569014e-13,-7.876958262262474e-15,5.355882783269638e-15,3.23543301357932e-14,3.4219251145027606e-13,3.439060362832146e-13
MAR12226,-2.358106055395188e-14,3.764590622530841e-14,-1.1131253106837363e-13,-9.305835310489546e-14,-3.766834218232844e-15,1.5489710021711873e-14,3.2110943631803775e-14
MAR12227,-1.2436599651414685e-14,3.0799763180698256e-14,-1.0136142005597061e-13,-9.034662093027348e-14,-4.0088902432554924e-16,2.3169979298524774e-14,2.831148325818523e-14
MAR12228,-1.6124032889103251e-12,5.7626475527655755e-12,-1.3488616814882107e-11,-1.3478381950772822e-11,-4.296631438776473e-14,6.558831622638084e-12,8.060754149520267e-12
MAR12229,1.3086543943601095e-12,3.692448615950769e-12,-4.772825001518729e-12,-3.4646704763432374e-12,3.193077780985335e-13,9.112199263195968e-12,1.1257495822263825e-11
MAR12230,-2.3918236572787097e-14,4.7377934419334673e-14,-3.341419843980638e-13,-1.0178451253182204e-13,-1.5697281056639408e-14,1.100367618464617e-14,1.1130504899494287e-13
MAR12231,-1.1132738270237046e-13,1.4104278992320396e-13,-3.3978722145432683e-13,-3.384642183491071e-13,-2.2413111737696574e-14,1.313330326042473e-14,2.4082032101119116e-14
MAR12233,-5.854013311508733e-15,7.251628975769647e-15,-2.5138439035180723e-14,-1.9305762948966844e-14,-3.753931116341142e-15,3.925295023731137e-15,1.0238693707789663e-14
MAR12235,-4.69698558798226e-13,5.303046527946572e-12,-9.636817102724241e-12,-9.59439275028178e-12,1.917773407610183e-13,8.773250249640212e-12,1.103950550214898e-11
MAR12236,4.725351406277579e-13,5.303754594920173e-12,-1.1031638143676545e-11,-8.768690489494547e-12,-1.9176332783588077e-13,9.599525227680698e-12,9.642064765321884e-12
MAR12238,1.3193121556428827e-15,4.2862890023306034e-14,-1.1082362187934903e-13,-1.0336736062028368e-13,3.708183116531749e-15,1.0221537498640517e-13,1.1090754496956345e-13
MAR12239,-7.885638451223236e-15,4.720955056943468e-14,-1.2652741784540792e-13,-1.1653288972116842e-13,-1.0387283190837155e-14,1.0254192437707717e-13,1.0863367947327052e-13
MAR12241,2.3278496325617058e-14,3.086470133924098e-14,-1.2881202348426444e-14,-3.411792523317596e-15,1.245987881191645e-14,9.762427907337441e-14,1.184526284867746e-13
MAR12242,-2.8884835330851614e-14,3.227769505024726e-14,-1.2566309436491067e-13,-1.0436453301591634e-13,-2.1257709679113675e-14,1.0068596896980152e-15,5.576641169002684e-15
MAR12244,-1.2071193078201613e-13,1.3730185670711177e-13,-3.439830583167214e-13,-3.4221058723458524e-13,-3.310018303443439e-14,-5.306773533423267e-15,7.957597076153545e-15
MAR12245,1.1655902672984966e-13,1.409647304248546e-13,-2.707474178441258e-14,-1.7531023559828417e-14,3.706446402633017e-14,3.4214358415321027e-13,3.440259150079202e-13
MAR12246,-1.3748303702825027e-16,4.1641898859917443e-16,-1.0989810550461446e-15,-9.437346389300536e-16,2.4550591305447e-18,3.6835829236944223e-16,4.1144956595204737e-16
MAR12247,0.0,0.0,0.0,0.0,0.0,0.0,0.0
MAR12248,0.0,0.0,0.0,0.0,0.0,0.0,0.0
MAR12249,0.0,0.0,0.0,0.0,0.0,0.0,0.0
MAR12250,-7.065787681189712e-16,1.346987116763162e-15,-3.907792249975895e-15,-3.6680025383805214e-15,-2.2174731492273103e-17,7.154525581557715e-16,9.69712222900353e-16
MAR12251,0.0,0.0,0.0,0.0,0.0,0.0,0.0
MAR12252,-7.913375997552571e-16,1.3816287479456314e-15,-4.478395176333886e-15,-4.471015623810623e-15,-3.326817044696111e-16,8.97637875563301e-16,1.188371527999025e-15
MAR12258,0.0,0.0,0.0,0.0,0.0,0.0,0.0
MAR12259,0.0,0.0,0.0,0.0,0.0,0.0,0.0
MAR12260,0.0,0.0,0.0,0.0,0.0,0.0,0.0
MAR12261,0.0,0.0,0.0,0.0,0.0,0.0,0.0
MAR12263,-51.75079623188525,32.35598007992333,-144.13216483739333,-104.41165891910877,-50.90034578500822,-3.673405080381815,-2.608266573404124
MAR12264,51.75079623188537,32.35598007992332,2.6082665734042956,3.673405080381875,50.90034578500833,104.41165891910903,144.13216483739325
MAR12265,0.0,0.0,0.0,0.0,0.0,0.0,0.0
MAR12267,-1.4599474860319919,1.9234527022089052,-7.729609478790657,-5.744744767174509,-0.6866670531542249,-0.009721174105308279,-0.0034427718874385053
MAR12268,1.459947486031991,1.9234527022089032,0.0034427718874390605,0.009721174105308336,0.6866670531542245,5.744744767174499,7.729609478790645
MAR12270,-2.6918446020311664,2.4430518906542535,-9.010449231077224,-6.359519527967601,-1.4927205155362748,-0.23957826344711305,-0.014096135977803624
MAR12271,2.6918446020311673,2.4430518906542544,0.014096135977803846,0.23957826344711317,1.4927205155362748,6.3595195279676044,9.010449231077226
MAR12272,0.0,0.0,0.0,0.0,0.0,0.0,0.0
MAR12273,0.0,0.0,0.0,0.0,0.0,0.0,0.0
MAR12274,0.0,0.0,0.0,0.0,0.0,0.0,0.0
MAR12275,0.0,0.0,0.0,0.0,0.0,0.0,0.0
MAR12276,0.0,0.0,0.0,0.0,0.0,0.0,0.0
MAR12277,0.0,0.0,0.0,0.0,0.0,0.0,0.0
MAR12278,0.0,0.0,0.0,0.0,0.0,0.0,0.0
MAR12279,0.0,0.0,0.0,0.0,0.0,0.0,0.0
MAR12281,2.3581060553951886e-14,3.764590622530842e-14,-3.211094363180379e-14,-1.548971002171189e-14,3.766834218232839e-15,9.305835310489541e-14,1.1131253106837365e-13
MAR12282,-2.3195464667019818e-14,3.726217727616277e-14,-1.1179448636234794e-13,-9.245843281132184e-14,-3.819676731911919e-15,1.5263040899942916e-14,3.1616147901683635e-14
MAR12283,0.0,0.0,0.0,0.0,0.0,0.0,0.0
MAR12285,1.2436599651414622e-14,3.079976318069818e-14,-2.8311483258185326e-14,-2.316997929852481e-14,4.0088902432554086e-16,9.034662093027324e-14,1.0136142005597053e-13
MAR12286,-1.2372787574749331e-14,3.4407110101404546e-14,-1.0409413623293061e-13,-9.311340939454037e-14,1.5669897586910485e-16,2.6502889868428216e-14,3.574128820361804e-14
MAR12288,1.612448359587965e-12,5.7627592568701005e-12,-8.0608153248136e-12,-6.559026014552938e-12,4.295549849863796e-14,1.3478756552624264e-11,1.3489334373446181e-11
MAR12289,-3.1159054449746726e-14,5.3175207120352424e-14,-3.655574523661582e-13,-1.3026193172415642e-13,-1.9285025956641493e-14,3.1737551048340728e-15,1.057819717567398e-13
MAR12290,-1.6075983864054072e-12,5.75528774836217e-12,-1.347207932245784e-11,-1.3455882249102177e-11,-4.409613007819e-14,6.550028806723755e-12,8.064198227637703e-12
MAR12292,-1.3086543943601095e-12,3.692448615950769e-12,-1.1257495822263825e-11,-9.11219926319597e-12,-3.193077780985335e-13,3.4646704763432374e-12,4.772825001518729e-12
MAR12293,1.3052373670213457e-12,3.692795027736222e-12,-4.780618100362871e-12,-3.469895749097346e-12,3.118539439387802e-13,9.098247386995153e-12,1.1258660638442237e-11
MAR12295,-4.318621186547832,3.6030314707406577,-19.028956998231024,-11.665345452399754,-3.2413847295241567,-0.48836781965255277,-0.19722761926112753
MAR12296,4.318621186546213,3.603031470739312,0.19722761926113933,0.4883678196530068,3.24138472952506,11.665345452397986,19.02895699822412
MAR12298,1.1053437599793791e-13,1.4143087775742756e-13,-2.4028842395588532e-14,-1.400370150970914e-14,2.1086526607978194e-14,3.384443894750966e-13,3.3973600240811485e-13
MAR12299,-1.0935360972316398e-13,1.4376008130359206e-13,-3.4288088805417154e-13,-3.4159028992472474e-13,-2.2822667639450915e-14,1.9707916162994707e-14,3.659455723776152e-14
MAR12301,-20.23309359305518,15.587463984763867,-73.05113007097017,-50.18610426372602,-17.636056858876817,-0.932974778484988,-0.4863141885608497
MAR12302,20.23309359305518,15.587463984763867,0.4863141885608497,0.9329747784849868,17.636056858876817,50.18610426372599,73.05113007097017
MAR12304,5.854013311508731e-15,7.251628975769647e-15,-1.0238693707789663e-14,-3.925295023731151e-15,3.753931116341142e-15,1.9305762948966838e-14,2.5138439035180723e-14
MAR12305,-7.366480047313265e-15,7.761224080980859e-15,-2.556207747055966e-14,-2.2432180128932443e-14,-4.809082978577925e-15,1.4238113009608402e-15,6.190847722689797e-15
MAR12306,-49.88773110797692,41.243890254483745,-211.14777120361546,-122.15114560423864,-42.835915837538096,-2.910485147018123,-0.4416978935290685
MAR12307,49.88773110797743,41.243890254484135,0.44169789352908406,2.9104851470180395,42.83591583753794,122.15114560424111,211.14777120361305
MAR12308,3.746613509940737,3.2654890079125827,0.0016502984399420497,0.08854496140649674,3.109839198639145,10.394315346770636,13.25549292344014
MAR12310,3.7466135099407367,3.2654890079125822,0.001650298439942119,0.0885449614064968,3.109839198639145,10.394315346770636,13.25549292344014
MAR12318,2.9808848699284747,2.9898746280891615,0.0033820401481220817,0.08996918803332984,2.02036749964317,9.03206428724379,19.116826570902617
MAR12319,3.8697122628170706,4.6822507960597095,0.001185530008799133,0.08754736932484813,1.7372469358461817,13.194785661440777,22.407447690133083
MAR12320,6.850597132745536,5.8431675723853065,0.09221354532796686,0.34084455987557366,5.340827582597358,17.678027483044893,26.1611860316322
MAR12332,3.4398616189359528,3.6715347254726667,0.08354797041901907,0.11445321165704418,1.9826597835439714,11.359935207388828,19.61860058892181
MAR12333,3.4398616189359528,3.671534725472667,0.08354797041901904,0.11445321165704407,1.9826597835439714,11.359935207388826,19.61860058892181
MAR12335,13.153884284083977,16.771513449233154,0.012687267384356972,0.13079391704860185,4.076379475433921,46.59285209651846,54.26365000936487
MAR12336,-13.153884284083972,16.771513449233144,-54.263650009364845,-46.592852096518435,-4.0763794754339155,-0.13079391704860263,-0.012687267384357721
MAR12337,17.023596546900865,17.570699553695228,0.02469757167675092,0.32984862059951714,10.567618073786264,51.36874243625766,61.06026911858094
MAR12338,0.0,0.0,0.0,0.0,0.0,0.0,0.0
MAR12342,0.0,0.0,0.0,0.0,0.0,0.0,0.0
MAR12343,78.34427721978187,63.46796788341089,0.21965061688449455,7.178045503089205,72.86014488332742,220.86441005192913,247.7447686335135
MAR12346,-78.3442772197825,63.4679678834108,-247.744768633516,-220.86441005193234,-72.86014488332984,-7.17804550309143,-0.2196506168843655
MAR12347,-2.4638992705693152e-32,3.8625252798955495e-32,-1.3926177740429698e-31,-8.748696148102765e-32,-6.0113475984264406e-33,1.1206069028140926e-32,3.1394597746796976e-32
MAR12348,-2.4638992705693152e-32,3.8625252798955495e-32,-1.3926177740429698e-31,-8.748696148102765e-32,-6.0113475984264406e-33,1.1206069028140926e-32,3.1394597746796976e-32
MAR12349,-2.4638992705693152e-32,3.8625252798955495e-32,-1.3926177740429698e-31,-8.748696148102765e-32,-6.0113475984264406e-33,1.1206069028140926e-32,3.1394597746796976e-32
MAR12352,78.34427721978186,63.46796788341089,0.2196506168844981,7.178045503089206,72.86014488332742,220.86441005192913,247.7447686335135
MAR12353,3.2014432634940344,2.9088952486558393,0.10121950301454578,0.14213591191294406,1.8844529698288865,8.652383982090123,10.34363823059979
MAR12354,0.0,0.0,0.0,0.0,0.0,0.0,0.0
MAR12355,3.201443263494034,2.9088952486558397,0.10121950301454423,0.1421359119129436,1.8844529698288863,8.652383982090123,10.343638230599794
MAR12360,0.0,0.0,0.0,0.0,0.0,0.0,0.0
MAR12362,0.0,0.0,0.0,0.0,0.0,0.0,0.0
MAR12363,0.0,0.0,0.0,0.0,0.0,0.0,0.0
MAR12365,5.70023833749361,4.624112168739741,0.04010368272154975,0.2374633086831648,4.726995931192393,14.09288516113906,17.7141982261502
MAR12367,5.700238337493609,4.624112168739739,0.040103682721549724,0.23746330868316456,4.726995931192393,14.09288516113906,17.714198226150195
MAR12369,0.0,0.0,0.0,0.0,0.0,0.0,0.0
MAR12371,0.0,0.0,0.0,0.0,0.0,0.0,0.0
MAR12372,0.0,0.0,0.0,0.0,0.0,0.0,0.0
MAR12374,0.0,0.0,0.0,0.0,0.0,0.0,0.0
MAR12375,5.592727765795262,6.149352356282469,5.390770780685617e-05,0.23532093333068,3.150395044596438,19.02488442029275,29.678301094521974
MAR12378,-5.592727765795262,6.14935235628247,-29.67830109452198,-19.024884420292754,-3.150395044596439,-0.23532093333068063,-5.3907707806925556e-05
MAR12379,0.0,0.0,0.0,0.0,0.0,0.0,0.0
MAR12381,0.0,0.0,0.0,0.0,0.0,0.0,0.0
MAR12385,0.0,0.0,0.0,0.0,0.0,0.0,0.0
MAR12387,0.0,0.0,0.0,0.0,0.0,0.0,0.0
MAR12392,0.0,0.0,0.0,0.0,0.0,0.0,0.0
MAR12393,0.0,0.0,0.0,0.0,0.0,0.0,0.0
MAR12396,0.0,0.0,0.0,0.0,0.0,0.0,0.0
MAR12397,0.0,0.0,0.0,0.0,0.0,0.0,0.0
MAR12400,-500.78043420710856,135.64246980491694,-706.0636655687415,-630.3829838202921,-571.2175397441479,-220.57053192926784,-193.03066783747028
MAR12401,-500.78043420710924,135.6424698049194,-706.063665568756,-630.3829838203067,-571.2175397441432,-220.57053192926728,-193.0306678374675
MAR12402,0.0,0.0,0.0,0.0,0.0,0.0,0.0
MAR12403,0.0,0.0,0.0,0.0,0.0,0.0,0.0
MAR12404,2.9808848699284924,2.9898746280891975,0.003382040148140143,0.08996918803332755,2.0203674996431964,9.032064287243816,19.116826570902777
MAR12405,0.0,0.0,0.0,0.0,0.0,0.0,0.0
MAR12406,0.0,0.0,0.0,0.0,0.0,0.0,0.0
MAR12409,0.0,0.0,0.0,0.0,0.0,0.0,0.0
MAR12414,0.0,0.0,0.0,0.0,0.0,0.0,0.0
MAR12423,3.792936962028592,4.237497145149763,8.146514529104533e-05,0.08824325400298787,2.6797824667598613,14.722200362598509,18.672191599671454
MAR12424,3.7929369620285915,4.237497145149762,8.146514529094818e-05,0.08824325400298776,2.6797824667598613,14.722200362598505,18.67219159967145
MAR12425,0.0,0.0,0.0,0.0,0.0,0.0,0.0
MAR12427,0.0,0.0,0.0,0.0,0.0,0.0,0.0
MAR12429,-432.9067275971052,256.50870637799306,-897.4741752667808,-798.7114647792664,-519.2862286208585,-76.48540739171285,-71.89571194936411
MAR12431,-432.9067275971071,256.50870637799466,-897.4741752667835,-798.7114647792667,-519.2862286208585,-76.48540739171322,-71.89571194936417
MAR12432,0.0,0.0,0.0,0.0,0.0,0.0,0.0
MAR12434,0.0,0.0,0.0,0.0,0.0,0.0,0.0
MAR12436,0.0,0.0,0.0,0.0,0.0,0.0,0.0
MAR12437,0.0,0.0,0.0,0.0,0.0,0.0,0.0
MAR12439,0.0,0.0,0.0,0.0,0.0,0.0,0.0
MAR12440,0.0,0.0,0.0,0.0,0.0,0.0,0.0
MAR12443,0.0,0.0,0.0,0.0,0.0,0.0,0.0
MAR12446,0.0,0.0,0.0,0.0,0.0,0.0,0.0
MAR12455,0.0,0.0,0.0,0.0,0.0,0.0,0.0
MAR12456,0.0,0.0,0.0,0.0,0.0,0.0,0.0
MAR12457,0.0,0.0,0.0,0.0,0.0,0.0,0.0
MAR12469,0.0,0.0,0.0,0.0,0.0,0.0,0.0
MAR12472,35.38413517141795,28.13326991942145,0.6011143536074467,1.8972116266066879,31.652610289892298,88.91547170055992,104.00606706048546
MAR12473,35.38413517141796,28.13326991942146,0.6011143536074501,1.897211626606686,31.65261028989231,88.91547170055995,104.00606706048549
MAR12474,1.7352644434514441,1.612886958004809,0.001981214859279435,0.030585742118134765,1.3365225327411687,4.66195457480938,7.957604834815965
MAR12484,0.0,0.0,0.0,0.0,0.0,0.0,0.0
MAR12497,1.7352644434514428,1.6128869580048084,0.001981214859279324,0.030585742118134637,1.336522532741167,4.661954574809379,7.957604834815965
MAR12498,0.0,0.0,0.0,0.0,0.0,0.0,0.0
MAR12506,0.0,0.0,0.0,0.0,0.0,0.0,0.0
MAR12510,0.0,0.0,0.0,0.0,0.0,0.0,0.0
MAR12511,0.0,0.0,0.0,0.0,0.0,0.0,0.0
MAR12515,0.0,0.0,0.0,0.0,0.0,0.0,0.0
MAR12517,0.0,0.0,0.0,0.0,0.0,0.0,0.0
MAR12518,-599.0263343190953,239.63581838484455,-927.5831550014598,-917.8843424593252,-616.2947416426243,-263.2806579582753,-176.6826938094373
MAR12522,599.0263343190961,239.63581838484447,176.68269380943687,263.2806579582746,616.2947416426273,917.884342459325,927.5831550014581
MAR12524,1.7352644434514437,1.6128869580048086,0.001981214859279463,0.03058574211813478,1.3365225327411683,4.661954574809378,7.957604834815961
MAR12526,0.0,0.0,0.0,0.0,0.0,0.0,0.0
MAR12527,9.239836118229356,10.90208182752808,0.12075343994217172,0.6292734239071192,5.606972742257659,39.13394514403094,51.83885064953353
MAR12528,0.0,0.0,0.0,0.0,0.0,0.0,0.0
MAR12533,4.9709102039963575,5.1868442206943115,0.0024911965877435216,0.04332909612574115,3.132768065891838,15.356286404503175,18.275252883320988
MAR12535,46.15686436087194,73.11864745550093,0.00043168650623260263,0.1572595288136176,5.041425688822203,209.7856654608441,257.12182872665767
MAR12539,4.9709102039963575,5.186844220694311,0.002491196587743583,0.04332909612574106,3.132768065891838,15.356286404503175,18.275252883320988
MAR12543,46.156864360871985,73.11864745550099,0.0004316865062300631,0.15725952881360405,5.041425688822214,209.78566546084414,257.1218287266577
MAR12548,51.127774564868254,76.76747385293872,0.01182905226354889,0.4165827021397028,9.685920245364212,222.24858223079616,258.00649220236227
MAR12551,51.12777456486829,76.76747385293874,0.011829052263546313,0.41658270213970383,9.685920245364144,222.24858223079636,258.00649220236227
MAR12555,1.7352644434514428,1.612886958004808,0.0019812148592793103,0.030585742118134623,1.3365225327411674,4.6619545748093785,7.957604834815963
MAR12562,703.4549920770381,179.29380575649833,376.596791582126,431.50702728033826,685.4899254389547,956.9362515310513,959.301557001656
MAR12563,703.4549920770377,179.293805756498,376.5967915821271,431.50702728033923,685.4899254389534,956.9362515310514,959.3015570016552
MAR12564,0.0,0.0,0.0,0.0,0.0,0.0,0.0
MAR12567,12.144101718191743,13.093802718775459,0.017193699215677354,0.23812896802426992,6.704485154530319,41.19137002368617,45.659541992597674
MAR12568,12.144101718191743,13.093802718775462,0.01719369921567734,0.2381289680242699,6.704485154530317,41.19137002368618,45.659541992597674
MAR12569,0.0,0.0,0.0,0.0,0.0,0.0,0.0
MAR12575,3.7466135099407367,3.2654890079125822,0.001650298439942119,0.0885449614064968,3.109839198639145,10.394315346770636,13.25549292344014
MAR12578,6.850597132745536,5.8431675723853065,0.0922135453279668,0.3408445598755723,5.340827582597358,17.678027483044893,26.1611860316322
MAR12583,3.4398616189359528,3.6715347254726667,0.0835479704190191,0.11445321165704418,1.9826597835439714,11.359935207388828,19.61860058892181
MAR12584,13.153884284083972,16.771513449233144,0.012687267384357721,0.13079391704860263,4.0763794754339155,46.592852096518435,54.263650009364845
MAR12586,78.34427721978199,63.467967883410445,0.21965061688409296,7.178045503091678,72.86014488332617,220.86441005193083,247.74476863351455
MAR12588,-78.34427721978186,63.46796788341089,-247.7447686335135,-220.86441005192916,-72.86014488332742,-7.178045503089219,-0.219650616884491
MAR12592,3.2014432634940344,2.9088952486558393,0.10121950301454578,0.14213591191294406,1.8844529698288865,8.652383982090123,10.34363823059979
MAR12595,0.0,0.0,0.0,0.0,0.0,0.0,0.0
MAR12597,0.0,0.0,0.0,0.0,0.0,0.0,0.0
MAR12598,5.70023833749361,4.624112168739741,0.04010368272154975,0.2374633086831648,4.726995931192393,14.09288516113906,17.7141982261502
MAR12599,0.0,0.0,0.0,0.0,0.0,0.0,0.0
MAR12600,5.592727765795262,6.14935235628247,5.3907707806925556e-05,0.23532093333068002,3.150395044596439,19.024884420292754,29.67830109452198
MAR12601,0.0,0.0,0.0,0.0,0.0,0.0,0.0
MAR12602,0.0,0.0,0.0,0.0,0.0,0.0,0.0
MAR12603,0.0,0.0,0.0,0.0,0.0,0.0,0.0
MAR12604,0.0,0.0,0.0,0.0,0.0,0.0,0.0
MAR12608,0.0,0.0,0.0,0.0,0.0,0.0,0.0
MAR12609,0.0,0.0,0.0,0.0,0.0,0.0,0.0
MAR12610,0.0,0.0,0.0,0.0,0.0,0.0,0.0
MAR12615,3.7929369620285915,4.237497145149762,8.146514529094818e-05,0.08824325400298776,2.6797824667598613,14.722200362598505,18.67219159967145
MAR12617,0.0,0.0,0.0,0.0,0.0,0.0,0.0
MAR12620,0.0,0.0,0.0,0.0,0.0,0.0,0.0
MAR12621,0.0,0.0,0.0,0.0,0.0,0.0,0.0
MAR12622,0.0,0.0,0.0,0.0,0.0,0.0,0.0
MAR12624,0.0,0.0,0.0,0.0,0.0,0.0,0.0
MAR12630,0.0,0.0,0.0,0.0,0.0,0.0,0.0
MAR12633,-35.38413517141796,28.13326991942146,-104.00606706048549,-88.91547170055995,-31.65261028989231,-1.8972116266066885,-0.6011143536074501
MAR12634,1.735264443451443,1.6128869580048077,0.0019812148592792825,0.030585742118134602,1.3365225327411674,4.661954574809374,7.95760483481596
MAR12643,0.0,0.0,0.0,0.0,0.0,0.0,0.0
MAR12648,1.2562534597620131e-15,6.98947650834357e-15,-1.2730414765310855e-14,-8.610896773603157e-15,-1.241200627393141e-16,1.8851296321095756e-14,2.0649878722259902e-14
MAR12649,9.239836118229356,10.902081827528082,0.12075343994217194,0.629273423907125,5.606972742257664,39.133945144030946,51.83885064953352
MAR12653,-51.12777456486829,76.76747385293874,-258.00649220236227,-222.2485822307964,-9.685920245364144,-0.41658270213970083,-0.011829052263542913
MAR12656,51.127774564868254,76.76747385293872,0.01182905226354889,0.4165827021397028,9.685920245364212,222.24858223079616,258.00649220236227
MAR12657,-1.7352644434514428,1.612886958004808,-7.957604834815963,-4.661954574809387,-1.3365225327411665,-0.030585742118134623,-0.0019812148592793103
MAR12660,703.4549920770381,179.29380575649844,376.5967915821261,431.50702728033826,685.4899254389557,956.9362515310513,959.301557001656
MAR12661,0.0,0.0,0.0,0.0,0.0,0.0,0.0
MAR12662,12.144101718191743,13.093802718775462,0.01719369921567734,0.2381289680242699,6.704485154530317,41.19137002368618,45.659541992597674
MAR12663,0.0,0.0,0.0,0.0,0.0,0.0,0.0
MAR12665,-703.4549920770381,179.29380575649836,-959.301557001656,-956.9362515310513,-685.489925438955,-431.50702728033826,-376.596791582126
MAR12669,-15.937038680220347,14.031001287540912,-52.792542049393006,-44.30728798236927,-12.220316965434101,-0.8486983721800638,-0.029894712646752624
MAR12671,-9.239836118229384,10.902081827528093,-51.83885064953346,-39.13394514403087,-5.606972742257594,-0.6292734239078379,-0.12075343994215709
MAR12672,-12.341543219922961,9.168167097038602,-36.972697781817814,-29.129159676007102,-11.58289582897692,-0.5833130239715881,-0.2949785104191575
MAR12673,0.0,0.0,0.0,0.0,0.0,0.0,0.0
MAR12674,0.0,0.0,0.0,0.0,0.0,0.0,0.0
MAR12675,0.0,0.0,0.0,0.0,0.0,0.0,0.0
MAR12676,-278.8211782713043,78.68735570083189,-380.7763021131185,-379.35581276965604,-285.8041821660407,-124.72336037558291,-51.27875837289686
MAR12678,130.03864012068533,120.39359074325802,1.566045054876624,11.6299970083528,54.0843600894146,316.5301398529449,320.20828917431436
MAR12679,2.9488813586597287,3.56069823397704,0.02714306756565727,0.10806406657697365,1.3721598707785096,12.454411888631029,13.632036535705362
MAR12681,5.19061310489895,3.578630167009297,0.11675435406287589,0.49999151228727,4.866347291771225,12.67598623374345,14.47971817705978
MAR12682,140.6430436870627,68.00997821228201,41.22767720122578,50.26098272359343,138.46238641718287,243.03883318332333,269.3155949495241
MAR12683,0.0,0.0,0.0,0.0,0.0,0.0,0.0
MAR12684,-20.004481416829396,19.04155620347467,-66.66295146108556,-56.661860978785285,-13.946839300881962,-0.5217941189882298,-0.22254463884586465
MAR12688,0.0,0.0,0.0,0.0,0.0,0.0,0.0
MAR12689,-5.981741948744161,5.332135394685601,-20.73332765758761,-16.847970077393924,-5.0797487173140485,-0.09508710131922735,-0.009702239814827408
MAR12692,5.981741948744161,5.332135394685601,0.009702239814827408,0.09508710131922733,5.0797487173140485,16.847970077393924,20.73332765758761
MAR12693,35.38413517141796,28.13326991942146,0.6011143536074501,1.897211626606686,31.65261028989231,88.91547170055995,104.00606706048549
MAR12696,0.0,0.0,0.0,0.0,0.0,0.0,0.0
MAR12697,-1.8611315749608859,2.5702118830606477,-13.047165116334398,-8.477098968354683,-0.8985810936806924,-0.034828616951724865,-2.1342077716087932e-07
MAR12699,0.0,0.0,0.0,0.0,0.0,0.0,0.0
MAR12700,-5.5927277657952486,6.149352356282411,-29.678301094522006,-19.024884420292047,-3.150395044595976,-0.23532093333066928,-5.39077077973645e-05
MAR12702,0.0,0.0,0.0,0.0,0.0,0.0,0.0
MAR12705,-148.6781340191768,103.08198017242404,-373.0270659230755,-332.2480825009471,-133.81943515094827,-10.617201254710627,-4.8964935273405485
MAR12706,148.6781340192784,103.0819801724882,4.896493527342992,10.617201254719598,133.81943515100727,332.24808250111124,373.0270659232412
MAR12709,-3.7466135099407367,3.2654890079125822,-13.25549292344014,-10.394315346770636,-3.109839198639145,-0.08854496140649715,-0.001650298439942119
MAR12713,6.2096647632414625e-15,1.3282976580033691e-14,-8.019669217324344e-15,-3.462953194862233e-15,1.363633380297869e-15,5.0964803366544887e-14,5.2874398396925944e-14
MAR12727,703.4549920770381,179.29380575649836,376.596791582126,431.50702728033826,685.489925438955,956.9362515310513,959.301557001656
MAR12731,15.937038680220347,14.031001287540912,0.029894712646752624,0.8486983721800623,12.220316965434101,44.30728798236926,52.792542049393006
MAR12736,0.0,0.0,0.0,0.0,0.0,0.0,0.0
MAR12737,0.0,0.0,0.0,0.0,0.0,0.0,0.0
MAR12738,0.0,0.0,0.0,0.0,0.0,0.0,0.0
MAR12739,9.239836118229393,10.90208182752813,0.12075343994216925,0.6292734239070938,5.606972742257801,39.13394514403093,51.83885064953384
MAR12740,9.239836118229354,10.902081827528079,0.12075343994217194,0.62927342390712,5.606972742257659,39.133945144030925,51.83885064953351
MAR12742,17.860888293208284,256.1379381931724,-328.2159536889327,-322.5088359227723,43.77010881342563,507.7860709646976,540.2367296917599
MAR12743,-8.621052174978926,254.50038905343453,-528.8941615338429,-492.76862078364553,-20.650895310371716,323.76827527544737,328.4853195067
MAR12746,3.4398616189360802,3.6715347254727684,0.08354797041904118,0.11445321165709893,1.9826597835441584,11.359935207389432,19.618600588922206
MAR12747,3.201443263493266,2.90889524865512,0.10121950301548763,0.14213591191292477,1.8844529698289039,8.652383982089972,10.343638230597875
MAR12748,5.700238337493618,4.624112168739742,0.04010368272155915,0.23746330868316917,4.726995931192393,14.092885161139076,17.714198226150213
MAR12749,0.0,0.0,0.0,0.0,0.0,0.0,0.0
MAR12751,452.22702024403173,268.79073965192504,71.68616329578938,77.57448412205207,521.9327908951411,814.4634783863407,901.9885402739709
MAR12752,-439.8854770241072,263.79083809372037,-899.4053455910962,-806.5773546177487,-500.14258737257035,-76.81459106294724,-71.09902776525746
MAR12753,0.0,0.0,0.0,0.0,0.0,0.0,0.0
MAR12756,0.0,0.0,0.0,0.0,0.0,0.0,0.0
MAR12757,0.0,0.0,0.0,0.0,0.0,0.0,0.0
MAR12761,130.03864012068533,120.393590743258,1.5660450548766311,11.629997008352808,54.08436008941459,316.5301398529449,320.20828917431436
MAR12762,130.03864012068533,120.39359074325802,1.566045054876624,11.6299970083528,54.0843600894146,316.5301398529449,320.20828917431436
MAR12763,2.948881358659729,3.56069823397704,0.027143067565657354,0.1080640665769732,1.37215987077851,12.45441188863103,13.632036535705359
MAR12764,2.9488813586597287,3.56069823397704,0.02714306756565727,0.10806406657697365,1.3721598707785096,12.454411888631029,13.632036535705362
MAR12767,5.190613104898951,3.578630167009298,0.11675435406287611,0.4999915122872698,4.866347291771227,12.675986233743453,14.479718177059784
MAR12768,5.19061310489895,3.5786301670092966,0.11675435406287567,0.49999151228727,4.866347291771224,12.67598623374345,14.47971817705978
MAR12770,140.64304368706271,68.00997821228204,41.22767720122578,50.260982723593436,138.46238641718287,243.03883318332328,269.31559494952415
MAR12771,-140.6430436870627,68.00997821228202,-269.3155949495241,-243.03883318332333,-138.46238641718287,-50.260982723593436,-41.22767720122578
MAR12772,278.82117827130435,78.68735570083189,51.278758372896846,124.72336037558281,285.80418216604085,379.35581276965604,380.7763021131185
MAR12775,0.0,0.0,0.0,0.0,0.0,0.0,0.0
MAR12777,0.0,0.0,0.0,0.0,0.0,0.0,0.0
MAR12778,0.0,0.0,0.0,0.0,0.0,0.0,0.0
MAR12779,0.0,0.0,0.0,0.0,0.0,0.0,0.0
MAR12780,0.0,0.0,0.0,0.0,0.0,0.0,0.0
MAR12781,0.0,0.0,0.0,0.0,0.0,0.0,0.0
MAR12783,0.0,0.0,0.0,0.0,0.0,0.0,0.0
MAR12785,20.004481416829396,19.041556203474666,0.22254463884586462,0.5217941189882296,13.946839300881965,56.66186097878526,66.66295146108556
MAR12790,0.0,0.0,0.0,0.0,0.0,0.0,0.0
MAR12791,0.0,0.0,0.0,0.0,0.0,0.0,0.0
MAR12792,0.0,0.0,0.0,0.0,0.0,0.0,0.0
MAR12794,5.98174194874416,5.332135394685601,0.009702239814827408,0.0950871013192273,5.0797487173140485,16.847970077393924,20.733327657587605
MAR12795,-5.981741948744161,5.332135394685601,-20.73332765758761,-16.847970077393924,-5.0797487173140485,-0.09508710131922735,-0.009702239814827408
MAR12800,5.981741948744161,5.332135394685601,0.009702239814827408,0.09508710131922733,5.0797487173140485,16.847970077393924,20.73332765758761
MAR12801,0.0,0.0,0.0,0.0,0.0,0.0,0.0
MAR12806,-35.38413517141796,28.13326991942146,-104.00606706048549,-88.91547170055995,-31.65261028989231,-1.8972116266066885,-0.6011143536074501
MAR12808,0.0,0.0,0.0,0.0,0.0,0.0,0.0
MAR12810,0.0,0.0,0.0,0.0,0.0,0.0,0.0
MAR12812,0.0,0.0,0.0,0.0,0.0,0.0,0.0
MAR12815,1.8611315749608845,2.5702118830606464,2.134207778686465e-07,0.03482861695172494,0.8985810936806942,8.47709896835468,13.047165116334396
MAR12817,0.0,0.0,0.0,0.0,0.0,0.0,0.0
MAR12818,0.0,0.0,0.0,0.0,0.0,0.0,0.0
MAR12820,1.8611315749608859,2.5702118830606477,2.1342077727190163e-07,0.03482861695172484,0.8985810936806925,8.477098968354683,13.047165116334398
MAR12825,326.64433156069083,218.8547222595675,14.542336543785227,17.217535571056594,363.84701492763025,696.2198073543407,749.155620455196
MAR12826,-321.05160379489536,217.1061337855873,-745.0005882561676,-693.652189903507,-351.3400582767665,-16.822562081798566,-14.088861373024201
MAR12829,0.0,0.0,0.0,0.0,0.0,0.0,0.0
MAR12830,0.0,0.0,0.0,0.0,0.0,0.0,0.0
MAR12832,0.0,0.0,0.0,0.0,0.0,0.0,0.0
MAR12835,0.0,0.0,0.0,0.0,0.0,0.0,0.0
MAR12840,148.67813401927833,103.08198017248817,4.896493527342988,10.617201254719589,133.81943515100716,332.2480825011111,373.0270659232411
MAR12844,148.6781340192783,103.08198017248816,4.896493527342991,10.617201254719598,133.8194351510071,332.2480825011111,373.0270659232411
MAR12847,148.678134019177,103.0819801724242,4.896493527340571,10.617201254710679,133.81943515094872,332.24808250094736,373.0270659230752
MAR12851,3.7466135099407367,3.2654890079125822,0.001650298439942119,0.0885449614064968,3.109839198639145,10.394315346770636,13.25549292344014
MAR12860,0.0,0.0,0.0,0.0,0.0,0.0,0.0
MAR12863,0.0,0.0,0.0,0.0,0.0,0.0,0.0
MAR12864,0.0,0.0,0.0,0.0,0.0,0.0,0.0
MAR12865,362.13701248053854,104.96394795626524,135.80791917655137,188.73037337446425,351.12166778293545,556.2357556380657,630.3413217958195
MAR12866,362.13701248053786,104.96394795626674,135.80791917654904,188.73037337446323,351.12166778293397,556.2357556380721,630.3413217958181
MAR12869,0.0,0.0,0.0,0.0,0.0,0.0,0.0
MAR12876,3.746613509940737,3.2654890079125827,0.0016502984399420497,0.08854496140649674,3.109839198639145,10.394315346770636,13.25549292344014
MAR12878,6.850597132745537,5.8431675723853065,0.09221354532796702,0.34084455987557594,5.340827582597357,17.678027483044893,26.1611860316322
MAR12882,3.439861618935953,3.6715347254726676,0.08354797041901904,0.11445321165704452,1.9826597835439714,11.359935207388828,19.618600588921815
MAR12883,13.153884284083976,16.77151344923315,0.012687267384357055,0.13079391704860194,4.076379475433916,46.59285209651845,54.26365000936486
MAR12885,-2.4638992705693152e-32,3.8625252798955495e-32,-1.3926177740429698e-31,-8.748696148102765e-32,-6.0113475984264406e-33,1.1206069028140926e-32,3.1394597746796976e-32
MAR12886,0.0,0.0,0.0,0.0,0.0,0.0,0.0
MAR12888,3.2014432634940344,2.9088952486558393,0.10121950301454578,0.14213591191294406,1.884452969828887,8.652383982090123,10.343638230599792
MAR12889,0.0,0.0,0.0,0.0,0.0,0.0,0.0
MAR12890,0.0,0.0,0.0,0.0,0.0,0.0,0.0
MAR12891,9.239836118229356,10.902081827528082,0.1207534399421713,0.6292734239071187,5.606972742257659,39.13394514403094,51.83885064953353
MAR12892,5.70023833749361,4.624112168739741,0.04010368272154975,0.2374633086831648,4.726995931192393,14.09288516113906,17.7141982261502
MAR12893,0.0,0.0,0.0,0.0,0.0,0.0,0.0
MAR12894,5.592727765795262,6.14935235628247,5.3907707806994945e-05,0.2353209333306801,3.150395044596439,19.02488442029275,29.67830109452198
MAR12895,0.0,0.0,0.0,0.0,0.0,0.0,0.0
MAR12896,0.0,0.0,0.0,0.0,0.0,0.0,0.0
MAR12898,0.0,0.0,0.0,0.0,0.0,0.0,0.0
MAR12899,0.0,0.0,0.0,0.0,0.0,0.0,0.0
MAR12900,0.0,0.0,0.0,0.0,0.0,0.0,0.0
MAR12902,0.0,0.0,0.0,0.0,0.0,0.0,0.0
MAR12908,0.0,0.0,0.0,0.0,0.0,0.0,0.0
MAR12909,0.0,0.0,0.0,0.0,0.0,0.0,0.0
MAR12914,0.0,0.0,0.0,0.0,0.0,0.0,0.0
MAR12917,0.0,0.0,0.0,0.0,0.0,0.0,0.0
MAR12918,0.0,0.0,0.0,0.0,0.0,0.0,0.0
MAR12921,0.0,0.0,0.0,0.0,0.0,0.0,0.0
MAR12925,0.0,0.0,0.0,0.0,0.0,0.0,0.0
MAR12926,0.0,0.0,0.0,0.0,0.0,0.0,0.0
MAR12928,1.7352644434514441,1.612886958004809,0.001981214859279435,0.030585742118134765,1.3365225327411687,4.66195457480938,7.957604834815965
MAR12936,0.0,0.0,0.0,0.0,0.0,0.0,0.0
MAR12937,0.0,0.0,0.0,0.0,0.0,0.0,0.0
MAR12939,51.127774564868275,76.76747385293872,0.011829052263546077,0.41658270213970394,9.685920245364144,222.2485822307963,258.0064922023622
MAR12941,51.127774564868254,76.76747385293872,0.011829052263548787,0.4165827021397028,9.685920245364217,222.24858223079616,258.00649220236227
MAR12943,1.7352644434514428,1.6128869580048084,0.0019812148592792964,0.030585742118134623,1.336522532741167,4.661954574809379,7.957604834815965
MAR12944,-703.4549920770381,179.29380575649833,-959.301557001656,-956.9362515310513,-685.4899254389547,-431.50702728033804,-376.5967915821259
MAR12945,0.0,0.0,0.0,0.0,0.0,0.0,0.0
MAR12946,0.0,0.0,0.0,0.0,0.0,0.0,0.0
MAR12948,703.4549920770384,179.29380575649844,376.5967915821259,431.507027280338,685.4899254389549,956.9362515310515,959.3015570016562
MAR12949,0.0,0.0,0.0,0.0,0.0,0.0,0.0
MAR12953,3.7929369620285915,4.23749714514976,8.146514529130055e-05,0.08824325400298813,2.679782466759862,14.7222003625985,18.672191599671446
MAR12955,9.239836118229364,10.902081827528097,0.1207534399421713,0.6292734239071563,5.6069727422577085,39.133945144030896,51.83885064953365
MAR12956,12.341543219922968,9.168167097038607,0.2949785104191614,0.5833130239715886,11.582895828976914,29.12915967600715,36.97269778181782
MAR12957,0.0,0.0,0.0,0.0,0.0,0.0,0.0
MAR12959,278.82117827130463,78.6873557008318,51.2787583728968,124.72336037558327,285.80418216604096,379.3558127696562,380.7763021131187
MAR12960,-130.03864012068533,120.393590743258,-320.20828917431436,-316.5301398529449,-54.08436008941459,-11.629997008352817,-1.5660450548766294
MAR12961,-2.948881358659729,3.56069823397704,-13.632036535705359,-12.45441188863103,-1.37215987077851,-0.1080640665769732,-0.027143067565657354
MAR12963,-5.190613104898951,3.578630167009298,-14.479718177059784,-12.675986233743453,-4.866347291771227,-0.4999915122872705,-0.11675435406287611
MAR12964,140.6430436870627,68.00997821228201,41.22767720122578,50.26098272359343,138.46238641718287,243.03883318332333,269.3155949495241
MAR12965,0.0,0.0,0.0,0.0,0.0,0.0,0.0
MAR12967,0.0,0.0,0.0,0.0,0.0,0.0,0.0
MAR12968,20.004481416829403,19.041556203474673,0.22254463884586584,0.5217941189882306,13.94683930088197,56.66186097878526,66.66295146108557
MAR12970,0.0,0.0,0.0,0.0,0.0,0.0,0.0
MAR12972,5.981741948744161,5.332135394685601,0.009702239814827408,0.09508710131922736,5.0797487173140485,16.847970077393924,20.73332765758761
MAR12973,0.0,0.0,0.0,0.0,0.0,0.0,0.0
MAR12975,1.8611315749608843,2.5702118830606464,2.134207775596726e-07,0.03482861695172476,0.8985810936806937,8.477098968354682,13.047165116334396
MAR12976,1.8611315749608845,2.570211883060647,2.1342077784089093e-07,0.034828616951724956,0.898581093680694,8.477098968354682,13.047165116334396
MAR12977,1.8611315749608843,2.5702118830606464,2.1342077785476871e-07,0.034828616951724956,0.8985810936806944,8.477098968354682,13.047165116334396
MAR12978,0.0,0.0,0.0,0.0,0.0,0.0,0.0
MAR12979,5.592727765795259,6.149352356282468,5.39077078060235e-05,0.23532093333067916,3.1503950445964373,19.024884420292743,29.678301094521977
MAR12981,0.0,0.0,0.0,0.0,0.0,0.0,0.0
MAR12982,3.746613509940737,3.2654890079125827,0.0016502984399420497,0.08854496140649674,3.109839198639145,10.394315346770636,13.25549292344014
MAR12986,0.0,0.0,0.0,0.0,0.0,0.0,0.0
MAR12989,0.0,0.0,0.0,0.0,0.0,0.0,0.0
MAR12991,0.0,0.0,0.0,0.0,0.0,0.0,0.0
MAR12994,0.0,0.0,0.0,0.0,0.0,0.0,0.0
MAR12997,0.0,0.0,0.0,0.0,0.0,0.0,0.0
MAR12999,-5.981741948744161,5.332135394685601,-20.73332765758761,-16.847970077393924,-5.0797487173140485,-0.09508710131922737,-0.009702239814827408
MAR13002,52.988906139829055,77.3340105236608,0.27603215426621025,0.6646644160351551,11.134802296147775,223.83418510046556,259.03406754715746
MAR13009,0.0,0.0,0.0,0.0,0.0,0.0,0.0
MAR13010,-2.4638992705693152e-32,3.8625252798955495e-32,-1.3926177740429698e-31,-8.748696148102765e-32,-6.0113475984264406e-33,1.1206069028140926e-32,3.1394597746796976e-32
MAR13012,0.0,0.0,0.0,0.0,0.0,0.0,0.0
MAR13013,3.792936962028592,4.237497145149763,8.146514529104533e-05,0.08824325400298787,2.6797824667598613,14.722200362598509,18.672191599671454
MAR13014,0.0,0.0,0.0,0.0,0.0,0.0,0.0
MAR13017,0.0,0.0,0.0,0.0,0.0,0.0,0.0
MAR13018,0.0,0.0,0.0,0.0,0.0,0.0,0.0
MAR13021,1.8611315749608852,2.5702118830606473,2.13420777313535e-07,0.03482861695172491,0.8985810936806924,8.477098968354682,13.047165116334394
MAR13023,0.0,0.0,0.0,0.0,0.0,0.0,0.0
MAR13031,0.0,0.0,0.0,0.0,0.0,0.0,0.0
MAR13034,0.0,0.0,0.0,0.0,0.0,0.0,0.0
MAR13040,1.2016444308042655,0.8099792317586827,0.04187172075840907,0.07048949475926126,1.3604750057995845,2.3891446959160145,2.807608989559404
MAR13041,0.1611646312030887,0.24879376758922359,-0.5112601594906936,-0.21158387341696236,0.08886316395407506,0.5798460069422379,0.7191443202936965
MAR13042,-0.2641691478476738,0.4300006675907115,-2.614836639469364,-1.0942491804429024,-0.1323756220145496,0.13133959311619683,0.4824189133069926
MAR13043,-1.055148136877901,1.5034314130207804,-7.286106827259684,-3.8252971577475186,-0.3527166207940583,-0.005984802725662569,0.021964730388813532
MAR13044,-7.677445464302478,6.975383564662587,-23.049460483126595,-18.761325903802774,-7.035395727275901,-0.1047709972243993,0.013748887059804442
MAR13045,-0.30949500806501845,0.37207038028581985,-1.3217075994693368,-1.0376145535716121,-0.12948163407744867,-0.0010622941629848605,0.0018540868884785785
MAR13046,-0.5682306858551998,0.831061672821219,-4.688350913074271,-1.7697863442746593,-0.280792728554878,0.008979326192710494,0.031031686325302656
MAR13047,-0.6152285762366634,0.5706888023406578,-2.6908897626161887,-1.8374504722216738,-0.35287659076430733,-0.04316386969671584,-0.0020696094330468727
MAR13048,-0.37967381902763114,0.31177695559227486,-1.7812729530302969,-0.784522591212766,-0.36465319572479393,-0.038323241146277186,0.007740121031780081
MAR13049,-0.5591831192281067,0.4986673871106485,-2.46006491692848,-1.3386975495543085,-0.46542094043392357,-0.04386017677480546,-0.033418222165487656
MAR13050,-0.07441941055192376,0.06185500758272378,-0.22339085314151177,-0.20203081611787727,-0.05057590159369232,-0.018529190637805438,-0.0036751397644890493
MAR13051,-1.0717982965285273,1.3322632873710196,-5.568737545294816,-5.240029556263469,-0.5917353503812817,-0.09037655038140953,-0.04035865701614846
MAR13052,-0.49684409336103785,0.700458732739407,-3.106425441783721,-2.0977000380896333,-0.19289556770217622,-0.005906383944057306,0.002821135427080852
MAR13053,-0.38376119238820877,0.3017351367974211,-1.388148352543026,-1.017746618263753,-0.34708616607773335,-0.025751335259325395,-0.0010973405701372903
MAR13054,-0.3818869078293211,0.32662886635271127,-1.233584552636143,-1.164182770364254,-0.3160291055589973,-0.015103096655774868,0.0009825396855735816
MAR13055,-0.08526400519979588,0.06011844595803792,-0.24088211922725178,-0.22767288183517356,-0.07929353109459986,-0.02310879839913058,-0.020972515163724694
MAR13056,-0.528441983031658,0.5742168996233872,-2.1421594683177587,-2.020983468417746,-0.29638756600135774,-0.0019986522332967093,0.002839245496130016
MAR13057,-1.066076909533348,1.3786717159983044,-5.16706967330621,-4.075279243132119,-0.3394763137039922,-0.0478245849091046,0.010404312109424552
MAR13058,-0.07794045766998076,0.18522910355846614,-1.630906957169769,-0.5098642250377063,-0.006055136018022508,0.08617254822464565,0.17279042424465457
MAR13059,-0.6938186689316942,0.5565502330106038,-3.2986041019822934,-1.802989803226817,-0.5777864318459589,-0.05600591997091895,-0.03707952476366419
MAR13060,-1.263699726239846,1.1001809771978,-5.095283757298388,-3.1408531751522646,-1.043321049513351,-0.03940205928760518,-0.037367188709422544
MAR13061,-0.1204222692912726,0.07132624208862078,-0.29217349852498975,-0.2365693559742449,-0.11882407167343693,-0.029003199108189652,-0.026598688821188626
MAR13062,-0.03540503093929516,0.027948621029989486,-0.10224054742107301,-0.08696786220049235,-0.030497743872505603,0.002160241476182711,0.03733368153680067
MAR13063,-0.10270799384814089,0.07119666190820262,-0.290533669360589,-0.21701599645851094,-0.08258420933981742,-0.024340005331175543,-0.02218282904229529
MAR13078,448.8330171820143,111.70118228651471,245.6677064104461,274.5949452087341,443.62626758674776,604.2117114070518,606.9852973606633
MAR13082,112.48174945472435,0.13357362841519052,112.38135051464013,112.38362316809842,112.43002252589858,112.69988299457957,113.56565117672216
MAR13086,12.642948638711056,0.01501367583386784,12.631663797845544,12.631919244094263,12.637134531911075,12.667466848590854,12.764779192263612
MAR20016,0.0,0.0,0.0,0.0,0.0,0.0,0.0
MAR20070,0.02642075860868051,0.022039175928410086,5.065752936678318e-07,0.001203554124171791,0.0228204146483307,0.05965832133080645,0.11217210828920965
MAR20114,80.26160040577093,79.35041567986015,0.060676669100767966,1.2610208003092718,42.299469785470365,222.5247950736602,240.96732871000015
MAR20134,105.94810659982718,67.82539946566212,-7.51034483920651,36.70927128268056,79.10491626454075,245.44380188628486,271.2622496865673
MAR20137,560.7223923728235,80.32419533522919,460.24463538737444,462.6708252671245,537.8589083587229,696.9140279838309,748.9238536093402
MAR20139,-670.7461851787409,124.73759138368315,-905.4724629158297,-875.4645523747407,-642.9424487629668,-521.791870078878,-518.3495661649986
MAR20163,-4.527019225779515,0.005375897750806486,-4.570642693214249,-4.535798380916833,-4.5249373875928125,-4.5230699665596825,-4.52297849975775
MAR20165,-114.55081203170155,67.82574324345975,-279.86568447048955,-254.04016242840612,-87.7117781064725,-45.32598635198597,-1.1752583718805454
MAR20173,1.9315480190026258e-14,2.1035297459591205e-14,-6.830062122883073e-15,-4.14621276859003e-15,1.1423185984405161e-14,5.939751911358213e-14,7.674542279781535e-14
MAR20176,9.239568890617769e-12,2.0518426046131045e-11,-8.25463518980816e-12,-8.247075261460486e-12,1.973423409388968e-12,5.217495312636864e-11,5.959963347255005e-11
