reaction_id,mean,std,min,p5,median,p95,max
MAR00003,0.0,0.0,0.0,0.0,0.0,0.0,0.0
MAR00004,0.0,0.0,0.0,0.0,0.0,0.0,0.0
MAR00005,0.0,0.0,0.0,0.0,0.0,0.0,0.0
MAR00009,0.0,0.0,0.0,0.0,0.0,0.0,0.0
MAR00010,0.0,0.0,0.0,0.0,0.0,0.0,0.0
MAR00011,0.0,0.0,0.0,0.0,0.0,0.0,0.0
MAR00014,0.22175180262139108,0.12704500012254674,0.02148383903481799,0.08027732664423343,0.19288711907780692,0.6412927112045351,0.6436082170415732
MAR00018,353.0738125018013,115.92387967247159,105.75714673388131,193.8057645665144,351.3898222018704,468.25366117968133,937.5892755492022
MAR00019,0.0,0.0,0.0,0.0,0.0,0.0,0.0
MAR00020,0.0,0.0,0.0,0.0,0.0,0.0,0.0
MAR00035,0.0,0.0,0.0,0.0,0.0,0.0,0.0
MAR00038,0.0,0.0,0.0,0.0,0.0,0.0,0.0
MAR00040,626.6529435801436,165.85447842771137,18.918519176164864,25.838572465658757,643.2051467300671,880.5231070363025,953.2035019804165
MAR00056,-75.74239371823286,46.5167961935243,-210.64333569573,-160.2377551860593,-70.24232805496807,-9.392225722281232,-0.31022207088473397
MAR00057,0.0,0.0,0.0,0.0,0.0,0.0,0.0
MAR00060,-128.18257151613668,202.45240039444167,-994.2791761637563,-346.5365411507908,-125.50183768354032,41.95135479541495,821.3292272857334
MAR00061,-568.218045597475,112.77655401646625,-947.0078678523021,-744.777010938066,-559.4123581145163,-422.9591996339886,-386.9764814371505
MAR00063,0.0,0.0,0.0,0.0,0.0,0.0,0.0
MAR00064,-106.46242889566429,132.00775226987082,-904.2259922424149,-197.8694457743763,-104.83729873640301,12.975304368036664,57.455134759460094
MAR00076,456.2898451948982,189.7791108617327,-30.119869223163455,107.04842963978635,459.9574501411897,973.716923801526,979.4422458131463
MAR00077,0.0,0.0,0.0,0.0,0.0,0.0,0.0
MAR00078,-111.205541751693,201.94203005146207,-889.9301186272871,-410.93495709814346,-113.14636287259742,94.74457824218095,828.282050325213
MAR00079,0.0,0.0,0.0,0.0,0.0,0.0,0.0
MAR00083,0.0,0.0,0.0,0.0,0.0,0.0,0.0
MAR00084,3.0645850765626514,2.905938861271074,0.00015420567274606969,0.06999177820968713,2.2942315147419334,9.299226964454498,15.953687917231678
MAR00085,3.476141244954687,2.889906721939336,0.01371610369595954,0.19967159481257551,2.7478154396239876,9.612051510959295,14.089629692822506
MAR00089,205.2953381501343,134.8434280483187,7.357042088185099,12.160150519252042,202.2771031640777,381.96039493886906,948.2231353195224
MAR00090,-265.4981135539864,182.22994506769308,-948.8111916784567,-507.4582289759445,-259.7631531074011,-16.06651910550283,-10.81147478978514
MAR00095,0.004657045727582519,9.502280982896708e-06,0.004651484561100265,0.004651598903477536,0.004654144171960136,0.00466939650737152,0.0047348417242931646
MAR00099,-86.92744907162589,54.754519341904576,-216.56684509529794,-181.39738495179077,-87.93034117249488,-4.733275823246546,-0.8542212915597247
MAR00100,0.0,0.0,0.0,0.0,0.0,0.0,0.0
MAR00101,0.0,0.0,0.0,0.0,0.0,0.0,0.0
MAR00102,-656.8723693819028,102.0049539915085,-971.2334663645872,-855.9893968796725,-646.2570120895075,-507.99592404330735,-436.6833511884749
MAR00104,2.3456369739383693,134.78396111168962,-149.71277123628838,-97.43289821341305,-8.04397408999563,51.38397503021002,942.9364751444028
MAR00105,-234.63407017506276,220.7535310199897,-796.2273105517593,-526.6232545043966,-255.92363281438537,-9.53569246511708,979.169999081621
MAR00106,581.4427636493609,169.89390216822477,49.271798512656844,184.69093319818472,598.427354038638,981.895138560272,986.4805571231806
MAR00107,-122.1242461025321,122.19475116312383,-894.1268094840442,-201.31299497824833,-109.10805673830774,-11.453925583790715,-4.386661485954114
MAR00109,-237.3759012027256,93.54514067901566,-398.0729332124988,-357.3208445048514,-263.035175888,-8.003838974130653,-5.015057130796436
MAR00110,37.22431461874306,229.05953613354492,-192.6158597323314,-119.8447486854805,-12.490989298447175,956.6318468680442,964.4505481966548
MAR00111,350.3907700143197,317.2626422191286,-899.893133995657,-526.3609063198513,398.39704109029265,971.7483777210928,980.1865809625419
MAR00112,17.749561865899278,138.9973307332851,-876.0399610865228,-71.95203606557541,36.87462922791723,127.33411574396912,181.75905164592908
MAR00115,0.0,0.0,0.0,0.0,0.0,0.0,0.0
MAR00116,0.0,0.0,0.0,0.0,0.0,0.0,0.0
MAR00118,0.0,0.0,0.0,0.0,0.0,0.0,0.0
MAR00123,0.0,0.0,0.0,0.0,0.0,0.0,0.0
MAR00124,-578.9255726517612,180.49339090362636,-959.1683392949295,-732.8189811924507,-627.3455140771857,-20.188569025470283,-16.011140440723803
MAR00125,38.455324065652725,153.3878175630211,-887.8093328495712,-94.11614524901144,46.18483257277771,179.02146840805017,279.39362849690974
MAR00128,-148.72375682736111,348.4958538240321,-964.278222585097,-954.0370454119842,-177.96445638186464,682.8965991827793,940.2412733200496
MAR00136,-10.023288702307418,10.067249415750052,-35.60987026849418,-29.924938002176436,-4.9572245643270865,-0.09911206129162076,-0.008239053714486159
MAR00138,-225.53997541569885,357.99211860862704,-968.5357259929166,-960.2536272416971,-265.4376664966611,642.3327434597245,900.1784901108422
MAR00142,9.370450390158139,7.742130273109536,0.004112690180639486,0.1171714388418736,7.446297683707456,23.13548458613055,27.89535223945211
MAR00144,2.5704097935805166,2.757103146102967,0.008076249310816672,0.09164144892764453,1.7163680588916517,5.496514786825299,18.833271594549625
MAR00146,172.00996019042236,73.16788098569312,13.97510517874221,30.19282025754404,178.25005336707068,276.17185088721305,330.85671405821404
MAR00147,25.736299445736158,16.973326595477467,0.00563582499710797,0.3791304045177555,24.549755021838244,53.37391320971152,63.94493934760598
MAR00148,14.824979415462753,13.67797293932968,0.03446238910431318,0.27905636547232715,11.764552982015015,48.41488078610054,79.9039241963677
MAR00151,25.799033065724988,20.390997107776577,0.054727413909565224,0.4604154618273539,22.683583790412577,73.3079018922567,120.4539214784101
MAR00155,384.7071122637635,134.23729361490268,18.051623353125137,24.65787020191102,411.24258612043127,558.3899517532017,617.4253531949455
MAR00156,2.3234921521786753,1.9930089679040075,0.002125417259080942,0.07619494242617658,1.8026084341236177,6.028301323879079,10.761235727686127
MAR00158,1.868576331778841e-14,2.4051588081043323e-14,-2.4291361592215417e-14,-1.0434210312482595e-15,1.4401232367529734e-14,3.6529369495130854e-14,1.643382237128642e-13
MAR00160,232.4443295771375,320.20133993411383,-978.1132322750723,-544.5307822972077,231.50048689012542,969.2619823890212,979.7649496421719
MAR00161,-1.0845584171594305e-15,8.70218594636269e-15,-2.9277305567840654e-14,-1.5302267001997598e-14,-6.537501999720773e-18,1.5619102083948878e-14,1.956182478580045e-14
MAR00162,-138.23714402956458,50.150002215740294,-246.92482906079533,-243.42581766928194,-136.48313395383173,-57.48423815201828,-9.79347550256955
MAR00163,-138.23714402956233,50.150002215740855,-246.92482906080053,-243.425817669284,-136.48313395382877,-57.48423815201682,-9.793475502569231
MAR00164,1.284300694016774,1.180455655171406,0.0008774850809193466,0.04954046760583523,0.9856033693876809,3.7425557760799695,5.661098936875507
MAR00165,1.284300694016774,1.180455655171406,0.0008774850809194577,0.04954046760583535,0.98560336938768,3.7425557760799695,5.661098936875506
MAR00166,1.2843006940167747,1.1804556551714058,0.0008774850809194577,0.04954046760583545,0.98560336938768,3.7425557760799713,5.661098936875506
MAR00167,-32.241001721838664,25.124744690787896,-120.02666586205495,-78.16654490764799,-30.075946664520544,-0.830081616122286,11.127968892216456
MAR00168,2.6138607127090454,2.408677498170053,0.004382993178946209,0.07253617258281828,1.9475876027961208,7.940945074189027,12.665936396468796
MAR00170,1.897486655289195,1.9745134375352473,0.000806167531711484,0.03861489786930133,1.363752610906328,5.398053151411044,9.168228035037183
MAR00171,1.897486655289195,1.9745134375352469,0.000806167531711484,0.03861489786930133,1.363752610906328,5.398053151411042,9.168228035037181
MAR00172,1.8974866552891942,1.9745134375352469,0.000806167531711484,0.0386148978693005,1.3637526109063276,5.398053151411042,9.16822803503718
MAR00173,3.1346021009362137,3.235074142974523,3.391371351677344e-05,0.10173336287674406,2.046826806769518,10.115924860083346,16.976953516296817
MAR00174,3.1346021009362146,3.235074142974523,3.391371351677344e-05,0.10173336287674417,2.04682680676952,10.115924860083346,16.976953516296824
MAR00175,15.507759597888704,12.10863617625312,-2.2556026107533036,0.832711331390868,12.925806650399048,39.14076513038461,54.47004540598947
MAR00176,1.8074963204382555,1.2613528371971445,0.002390077790405678,0.04176788846823987,1.7166001066822725,3.8451921384771532,5.093261826976025
MAR00177,1.8074963204382548,1.2613528371971445,0.0023900777904056893,0.04176788846823987,1.7166001066822711,3.8451921384771515,5.093261826976025
MAR00178,1.8074963204382544,1.2613528371971443,0.0023900777904057057,0.04176788846823988,1.7166001066822707,3.8451921384771515,5.093261826976025
MAR00179,1.7166655789211036,2.552415496856894,0.0033096481454067505,0.025196834467143308,0.9038529736214365,5.637176909778343,23.446769735007837
MAR00180,1.2533927181597763e-12,9.710066587798738e-13,-4.0840639168997425e-13,-1.0278861874811051e-13,1.241633830812096e-12,2.7456441188667324e-12,3.731127672986465e-12
MAR00182,1.2506524824759806e-12,9.688067800464566e-13,-4.178564649589402e-13,-6.47524555944967e-14,1.1610373285712868e-12,2.794104108627364e-12,3.755508541224587e-12
MAR00183,6.836924177005267,5.368897428650818,0.03063189089387668,0.3236461580980915,6.056065985728836,16.31750129402176,33.879227698672956
MAR00184,6.836924177005266,5.368897428650818,0.03063189089387668,0.3236461580980915,6.056065985728834,16.317501294021763,33.879227698672956
MAR00185,6.8369241770052644,5.368897428650818,0.03063189089387665,0.3236461580980925,6.0560659857288055,16.317501294021756,33.87922769867295
MAR00186,0.13536839150314336,0.1152194310119852,0.00025060957579562635,0.0035649179160473937,0.10808463930940836,0.3503913461845816,0.4754805008850196
MAR00187,280.6037650866257,183.2251668423805,0.8383779170126802,59.03449670459388,257.72625543493245,968.129888283298,972.6630718761163
MAR00189,0.22905900514959848,0.06391829768980985,0.03891722299096493,0.07776995698463691,0.23420538963548665,0.33045372299197034,0.3642589425408856
MAR00191,2.3160624759907233,3.491996283202809,0.004462178911331138,0.030060550566775028,0.7446394076740684,12.995578114887818,13.111567679555185
MAR00192,1.6110770749580094,1.5011509347814052,0.0002745397537167317,0.0024593680732951234,1.1278958079598753,4.348665592350513,4.403342872470717
MAR00193,1.8401360801076025,1.5115730343615075,0.04180596935016194,0.09068360642649986,1.3832327739540193,4.588031386696971,4.614957213001382
MAR00194,6.715679364927288,6.195686412034776,0.17304702745121867,0.4913121315739808,4.894969855302989,20.12863543192883,30.927906098624995
MAR00195,1.958102027340759,0.9047466894322068,0.06031252763495816,0.09616581271750849,2.0727186212186233,3.2693909513138717,3.802971827356448
MAR00197,7.153516150096962,2.0878568233685724,1.2792985054095214,2.5622519409683933,7.095384070404249,10.628953552217792,11.999350063991848
MAR00199,3.98283771014714,3.715628770912311,0.03363106573670084,0.11364688223808118,3.256284918009264,10.540578833407766,14.407693955465756
MAR00201,0.498885019330551,0.22928426243271724,0.03941843833724897,0.08309670700785766,0.4800382409457584,1.0158524499728887,1.097035311622481
MAR00202,4.187499867758027,3.7732446307936143,0.00435198293153058,0.08912201130495029,3.3744909757025523,10.787475903374446,14.789693892106133
MAR00203,3.9247080675463217,3.7305179794311947,0.03243133164335851,0.1274214124854509,2.4520018417082485,11.49433279130962,15.61490181949095
MAR00206,0.31515094732103294,0.10488679739596717,0.03907708751668966,0.0803448566576421,0.3257299848260399,0.45399997798507447,0.5013100294778344
MAR00207,3.9456361531476767,3.721987777288926,0.006302273870849941,0.05792222131543424,2.5258710133219635,11.452424023304571,15.677862622850878
MAR00208,3.9698942618569535,2.4854145941005963,0.033395582204731135,0.1806688350878463,4.566007676109245,7.461257253136132,10.940072004190718
MAR00210,0.3358368199245174,0.12325652457298923,0.05295530215901693,0.07875252392155523,0.3248490769732777,0.5436898665853467,0.695690571677478
MAR00211,4.011508220061803,2.529233723317919,0.005270939089142189,0.11843842192531442,4.542478322319219,7.484782807189495,11.198735865173672
MAR00212,0.03825628452322731,0.04744439645096182,0.0004254234228456534,0.0041521628088104215,0.029421609713647767,0.06609837773083234,0.3440684735258999
MAR00214,0.2290590051496007,0.06391829768980987,0.03891722299096497,0.07776995698463701,0.2342053896354881,0.3304537229919724,0.3642589425408843
MAR00216,498.6846818811543,169.06795233379958,38.86597679073248,152.0434832515416,504.4317824709685,944.0476443352178,950.0568546929854
MAR00220,6.540726321517357,3.833774973672385,0.01434780994425407,0.4057287133488585,6.280260422598671,13.30139162068938,18.9857868333517
MAR00221,6.5407263215173135,3.8337749736723774,0.014347809944254018,0.40572871334885885,6.28026042259866,13.301391620689303,18.9857868333516
MAR00223,103.95670638831743,33.838998168936016,1.9597993834924454,42.36743293635613,103.67278323681256,169.31670177111613,192.00262100765457
MAR00224,3.6874985708824317,3.4798057660015007,0.0022858406544383433,0.10173325619114863,2.946598123122487,9.231842820763632,21.570483685792034
MAR00225,0.0,0.0,0.0,0.0,0.0,0.0,0.0
MAR00229,0.0,0.0,0.0,0.0,0.0,0.0,0.0
MAR00230,16.10870167915227,3.67238217626458,3.6828384519732404,4.5377372750576805,16.52942072448539,20.529935574850978,21.810917368543407
MAR00232,0.05896678971491919,0.048472855040656924,0.003452545805234887,0.005207013305603137,0.05521163163540386,0.10277602942114597,0.3594480835970681
MAR00234,0.23525607200475598,0.06442317232371823,0.03892483637632751,0.07784763847029637,0.24110090669820902,0.3328283156890777,0.36500497864371373
MAR00236,0.06668806697208357,0.04673975853509502,0.006813237116765575,0.008038478432199996,0.061822511723736054,0.10374189001626014,0.34442488571222957
MAR00238,0.17494310039222782,0.060228167500041827,0.03712615280365968,0.07359051982067173,0.16278608701445407,0.2642748698336803,0.34501297683888765
MAR00240,5.620081031466263,5.380821945469819,0.025112071673516013,0.16462932694462296,3.9119714610138945,16.862755148286737,24.121940016506503
MAR00242,0.26244582081961265,0.07230762645406706,0.038970433708332905,0.07981314635813008,0.27585295279892474,0.3710887825253747,0.4093429818163374
MAR00243,5.588303990566182,5.377745778312202,0.010124586363385485,0.09190468280328595,3.900769486141294,16.840360978382783,24.05451020223621
MAR00244,0.04443476748271269,0.04774475500742392,0.00167193978164085,0.003012990870499003,0.040413452176802867,0.07601844028016919,0.3577178375124932
MAR00246,0.24978809423696338,0.06716870008652169,0.040655082460902284,0.0800198042092741,0.2582610587827646,0.34217936076176514,0.36948995302348303
MAR00248,46.952341356500085,21.28722541724013,3.4339610300376826,11.508448265909873,51.76042351211707,67.94507660281826,142.29365835099756
MAR00250,72.98122585373031,32.94519332352494,2.600466501884843,3.9874506727293033,67.9175392862671,132.83424381915594,189.68350951018354
MAR00252,-122.16799071783274,169.26899461470424,-881.7158418121478,-634.9158182556313,-88.6907151377037,8.171887845823928,92.34949060073586
MAR00253,9.747105496212543,11.30742765675072,0.009297873112189008,0.3717581067376472,5.963478493559167,27.017422497103027,80.37291013070018
MAR00254,0.8342613432134167,0.7309739124565443,0.013672583930639184,0.016900454966919654,0.6477533475073254,2.2041025886104233,2.255868609366459
MAR00256,3.1440340979847106,2.400114339202793,0.08603999935827304,0.24319434873939613,2.9340551992315955,8.338344058335869,11.002446864671827
MAR00257,3.6840725794781837,2.6391049929388033,0.028316256943601292,0.1617241518086016,3.214775824499304,9.213543597471011,11.863424672197283
MAR00258,3.483611267468997,4.1791727019284854,0.024338605160909597,0.15136770480366266,2.2861525671863507,13.322859924156909,21.597167754343868
MAR00260,16.555466763867592,5.477277717912894,3.303577818334972,5.114119573330881,16.696683551733393,25.00150181030409,33.62149995364656
MAR00261,12.950463424208866,11.022327042395295,0.04267053904122027,0.45776445298688717,10.977818297967804,32.92862022723603,50.20057641911573
MAR00262,40.52646738815972,21.29707579472509,6.165233705724242,13.13067148365397,37.50896061438302,91.74091798418743,130.2387043289901
MAR00264,78.43558859939608,23.114807310864308,18.11517291378295,19.351805915794326,83.79585729987936,107.35944777639791,118.61025152289662
MAR00265,5.318475648331412,5.484801272858562,0.001972237252737319,0.14095948550472723,3.472468616770623,16.811314216024762,25.494484803076396
MAR00266,0.058156253788049096,0.04648116574424909,0.003305033150693017,0.005025770602945897,0.055096353023613986,0.09342122753185444,0.34556499659877044
MAR00268,0.236066607931627,0.06379142436048969,0.052807923374625365,0.07810704671919505,0.24281009286891259,0.3312106091007192,0.36450520921351764
MAR00270,2.054362234539627,2.9008092029075523,0.005348282883353437,0.051756497651343235,1.7736655821350333,7.17037675575243,13.903175516689602
MAR00272,7.364564637060163,5.6553938951791975,0.061706128617603516,0.3021517423662698,6.404721219546079,18.024815107931413,26.563077398982024
MAR00273,9.124704009880116,6.7896891902527745,0.013657372994035737,0.30691046017581297,8.800814566221053,22.47395941139056,29.316271543747817
MAR00274,0.12138138283397061,0.05569152293946611,0.0033410250367693264,0.005237459601580896,0.12571692313502814,0.17626572579347768,0.3599963508630244
MAR00276,0.1728414788857089,0.053305376045908376,0.03837656911037114,0.07808280444399979,0.1707384592348029,0.2543551537686035,0.35216213511360217
MAR00278,1.479080398449326,1.071994447818169,0.039924606220500494,0.049398514111364825,1.2504668410110442,3.5716727872791685,4.273801922572574
MAR00280,0.22905900514960076,0.06391829768980987,0.03891722299096497,0.07776995698463701,0.2342053896354881,0.3304537229919723,0.3642589425408843
MAR00281,1.413916541879246,1.0694120824315247,0.0028518474410889664,0.0440491762079656,1.1876249618935208,3.473663210917448,4.215244729794647
MAR00282,0.06516385657007484,0.04813135253146439,0.0034845101096031383,0.005261205007126337,0.06367020246170416,0.10800924250807999,0.35945569698243063
MAR00284,0.2290590051496007,0.06391829768980987,0.03891722299096497,0.07776995698463701,0.2342053896354881,0.3304537229919724,0.3642589425408843
MAR00288,2.0486395886655213,1.8771976520209916,0.0306913270460714,0.08172996432437102,1.0328844934829031,6.014601089430886,6.416807113405339
MAR00290,0.20454590106146003,0.06267907375200736,0.038901183711994795,0.07748039040213929,0.20259541215052473,0.28753868048220965,0.3581720905525151
MAR00291,1.9589626280073014,1.86568776031325,0.0028551454298886988,0.054041723573199515,0.9529242832908391,5.876350223380513,6.330913670066025
MAR00292,0.06516385657007487,0.04813135253146439,0.0034845101096031383,0.005261205007126337,0.06367020246170421,0.10800924250808001,0.35945569698243063
MAR00294,0.22905900514960073,0.06391829768980987,0.03891722299096497,0.07776995698463701,0.23420538963548804,0.3304537229919723,0.3642589425408843
MAR00296,1.5222728497216858,1.4143085004543166,0.05373622676930415,0.08699441335416089,1.5628013035731416,5.024826056048447,5.823269129804289
MAR00298,0.18261940691746215,0.06398813053886111,0.006608995882003275,0.008547720342152714,0.18589301666162997,0.2683085174217613,0.3428902725946143
MAR00299,1.4106693949194709,1.410044741428397,0.0006885866358412199,0.0009619885512097166,1.469327386878621,4.908875628461494,5.697476450716534
MAR00300,1.984710496072889,2.439944412584126,0.09174972369842063,0.14591595488099232,0.9324219310061936,8.180074448669268,8.29385144928098
MAR00302,0.19229804394798794,0.06542040530425351,0.005658733412556537,0.0075411721054298685,0.19718762661073075,0.2776933544042354,0.34541086948352095
MAR00303,1.8827856783012014,2.4470740719478337,0.002839886403863166,0.017514315193338598,0.8019270400486569,8.105972364689759,8.216896726841911
MAR00304,0.11471187579973507,0.047869032411417746,0.01346203368111497,0.051201510965204075,0.1128296832080959,0.16398077012468917,0.3599810159020962
MAR00306,0.17951098591994127,0.0661295123751853,0.004714568554977403,0.006964014528306919,0.18342762271262308,0.2743605575740492,0.3438338198881742
MAR00308,0.11901679398031884,0.052366771012146006,0.010052785818077904,0.03790205995344535,0.11447184433739446,0.1809420524282581,0.3599276462227232
MAR00310,0.17520606773935674,0.06856046096938706,0.006429681511038235,0.008883124761425523,0.17554470284052626,0.27160635160508806,0.35912380955954354
MAR00312,0.12155026759942482,0.06513799619353706,0.005312245596889051,0.007262446873149178,0.11471077658692858,0.2967188482951609,0.39630542525180407
MAR00314,0.1726725941202522,0.05078112224024703,0.0020674947215914598,0.06932088553579645,0.18309924589753657,0.23256682470596549,0.2599561134151302
MAR00315,82.51884193564433,66.98848576727693,-67.67419542042427,-4.700733900865019,76.1651694981729,211.35046779243626,289.6745398002609
MAR00318,0.1084594559920931,0.06584101392947513,0.004602356035648991,0.0063164244612644495,0.0996341332052448,0.2892556353352167,0.39334900291185765
MAR00320,0.18576340572758313,0.055704821766090123,0.005023917061537706,0.07314545820304735,0.19869284381366908,0.25303824394327346,0.2858478466178302
MAR00322,0.3698290259578069,0.37026076193766183,0.017696501387689457,0.08139566267318768,0.2265476025240994,1.3799782859130443,1.6263833144017048
MAR00324,0.19485858331259348,0.059848458801283165,0.03845065049262949,0.07693624042974122,0.19946385226565616,0.27737241899670995,0.3510202727790078
MAR00325,0.27046474755072347,0.3676166762160558,0.00034682376903000754,0.0006492720801912133,0.11795299273119264,1.2771756720509548,1.5097202601283284
MAR00326,2.1506199416420513,2.1178134973711753,0.04137726497380878,0.11622694517422369,1.4738810158085855,6.668915364424759,11.47550904256721
MAR00328,0.2290590051496007,0.06391829768980989,0.03891722299096494,0.07776995698463701,0.2342053896354881,0.3304537229919724,0.3642589425408843
MAR00329,2.0854560850719666,2.1201463927969195,7.852321376443892e-05,0.04678985866257725,1.4191211123351772,6.64757766769294,11.40646291448438
MAR00330,0.06516385657007484,0.04813135253146439,0.0034845101096031383,0.005261205007126337,0.06367020246170414,0.10800924250807996,0.35945569698243063
MAR00332,0.22905900514960076,0.06391829768980987,0.03891722299096497,0.07776995698463701,0.23420538963548806,0.3304537229919724,0.3642589425408843
MAR00336,0.06516385657007487,0.048131352531464375,0.0034845101096031383,0.005261205007126337,0.06367020246170413,0.10800924250807996,0.35945569698243063
MAR00338,0.2290590051496007,0.06391829768980986,0.03891722299096497,0.07776995698463701,0.2342053896354881,0.3304537229919723,0.3642589425408843
MAR00340,2.6942489412234636,3.019713826978948,0.05107029490644643,0.11900630831279091,1.2056242434642999,9.682842955058478,13.687579198981435
MAR00342,0.22905900514960073,0.06391829768980989,0.03891722299096497,0.07776995698463701,0.2342053896354881,0.3304537229919724,0.3642589425408843
MAR00343,2.629085084653385,3.017298031188587,0.0019874780852169134,0.0615767371004096,1.1730198211143086,9.625262219890244,13.626613535585879
MAR00344,0.06516385657007483,0.04813135253146439,0.0034845101096031383,0.005261205007126337,0.06367020246170413,0.10800924250807996,0.35945569698243063
MAR00346,0.22905900514960073,0.06391829768980987,0.03891722299096497,0.07776995698463701,0.23420538963548806,0.3304537229919724,0.3642589425408843
MAR00348,1.3684409879715727,1.010758403160753,0.07317471230166611,0.11048530514965367,1.3370742516957987,2.268194092669682,7.548569636631046
MAR00350,4.810239108141628,1.342284251486014,0.8172616828102642,1.6331690966773784,4.918313182345279,6.939528182831444,7.649437793358596
MAR00352,0.4072741035629686,0.30082095332165304,0.021778188185019743,0.03288253129453981,0.3979387653856536,0.6750577656755021,2.24659810614019
MAR00354,1.4316187821850048,0.39948936056131096,0.24323264369353115,0.4860622311539806,1.463783685221809,2.065335768699811,2.2766183908805186
MAR00356,4.768953006438945,1.7026472529058096,0.23362967687005817,0.3278572124011749,5.1295378271192735,6.596454484536626,10.351873625903119
MAR00358,3.689954268001714,1.419364277947775,0.5704697559074998,2.0620769255798113,3.448288356013517,6.142791203826484,9.131041322056037
MAR00360,3.9729407862834045,3.446068409781733,0.018254542905277057,0.2709342972293762,3.4476666807085037,12.432069758427895,14.903550476412518
MAR00362,6.778079540841572,1.8896287990762486,1.1291575749265543,2.2571432609046624,6.98614024820137,9.758022078089843,10.609206466039106
MAR00363,6.7938381616893,5.733739661866089,0.0005867011309685494,0.1659196911410785,5.06928560241486,17.2619377275605,25.297664451537425
MAR00364,3.9954630208508375,2.091015310741834,0.07511386552366812,0.1546865583511991,3.7696911213494384,7.85462825430606,11.501045432258389
MAR00366,3.1483526303424894,0.921206175173466,0.5736435481742681,1.1297246264721021,3.162702950678438,4.7101583953214385,5.322931228609903
MAR00367,2.8040284408281204,1.921266267705278,0.004880872845543248,0.04896512964677905,2.59294191555999,6.417689784526654,10.61813572956439
MAR00368,2.848368328622371,3.040772893647459,0.057774607897119266,0.11139873651567374,1.757984787531374,10.370194601303066,13.248911601352967
MAR00370,0.20174229047603168,0.06281173738355345,0.037165312273112025,0.07557807556093994,0.20026077925563418,0.31801150116389226,0.36024569813806423
MAR00371,2.755887757378721,3.0342884228640443,0.002451999217788374,0.07787650116915316,1.6862770287331375,10.270132757323411,13.171542284093608
MAR00372,0.037847141896505954,0.04788633297736298,0.0016959440801555038,0.0029807559063317057,0.030756464204678827,0.06907743721093124,0.3577037862645778
MAR00374,0.2563757198231707,0.06751487453123615,0.040669133708817994,0.08004113327329042,0.2672623791005152,0.34151429198890426,0.3688913413063199
MAR00376,11.352394525624241,6.0218078616409985,0.046201105462707996,0.5709486941176432,11.934467050549891,21.603453280181117,25.016599343722806
MAR00378,12.924382933729623,5.274440456607629,2.5810437852333465,5.170245634796262,13.200031207839029,21.527319488086086,23.65624715312322
MAR00379,7.684905122422947,5.537418172122003,0.050896713443956826,0.3252064621732981,6.602747074086032,19.735216882598436,25.59032238713793
MAR00380,1.086260498518621,1.2910876836184575,0.053965627898155254,0.08842270517487227,0.4555389126668803,4.232064471069061,4.368846113449543
MAR00382,0.1829686310967857,0.06711920802074181,0.005184086349069736,0.007377877164346432,0.19258916890237776,0.2757828734389366,0.3468362216536787
MAR00383,0.9750062678957315,1.2894944087722824,0.0007951975155561934,0.010807273323516279,0.34275798555476733,4.091128371246729,4.268369280544585
MAR00384,6.178141802843255,4.166197992304615,0.06264516812544317,0.087402333847525,7.214934949965799,11.781192798449206,13.053376035871697
MAR00386,0.1994673762241544,0.06678466457644068,0.006522654852216907,0.008021928350830728,0.20766912452470526,0.2844324567650313,0.35005936141271443
MAR00387,6.083386317347718,4.173076461223601,0.0002610453228928805,0.002440614112476417,7.110817226342697,11.702619003585946,12.941173244259927
MAR00388,0.09845391891411999,0.04720185028580012,0.013225438910891516,0.027607480615084366,0.0989293732320414,0.1350020015857847,0.3595451354974721
MAR00390,0.19576894280555648,0.07011727465110973,0.007332752803610363,0.009518335783450533,0.19746689236603449,0.298133741535895,0.35932971220185045
MAR00392,3.4845267667212827,3.4700461553616098,0.03506896735932844,0.04480781913399273,1.9405972409578565,10.86888986026094,15.634301919078455
MAR00394,0.22905900514960073,0.06391829768980987,0.03891722299096497,0.07776995698463701,0.23420538963548806,0.3304537229919724,0.3642589425408843
MAR00395,3.419362910151206,3.4666161041931915,0.004036798154209657,0.03664529765064461,1.877786258575,10.775718774706897,15.562498085180398
MAR00396,31.197196332923426,23.042885024438572,1.668209214972518,2.518801897161823,30.48210942854114,51.7094248507435,172.08941493033876
MAR00398,109.66199871537202,30.600885018996625,18.63162050692447,37.23236690639501,112.12583028799216,158.20471988240723,174.38896874144876
MAR00400,2.6848201266384377,2.123649914281139,0.055127959184407375,0.14644037583181815,2.1640013512144263,6.32924763471646,7.659979481781321
MAR00402,0.9631996071331081,0.3032371091383592,0.02223122028160151,0.36507084143440527,1.039537412880128,1.3511752358384947,1.5538643164625152
MAR00403,2.2123821665053875,2.105156386270065,0.0021017115624891195,0.05708950676126458,1.4782074555916211,5.926017599703968,7.111166633689732
MAR00404,9.03802009126198,4.893463630602139,0.28847267924456077,0.47559437972212815,9.431466780472958,18.82537913264735,24.055262757344074
MAR00406,9.87946326744844,3.3175877720979696,2.0883919128686173,4.110541232553366,9.277674183450205,16.28019294382666,18.91062664494407
MAR00407,3.1030045412778557,3.710895503036703,0.0013529018501057314,0.001589251318660787,1.6648450762933433,11.19303499416024,17.533206632192407
MAR00408,172.19198015040055,70.30250539907267,4.26809666323183,9.490081222086422,178.10073047106107,269.2655082039159,305.1775086503222
MAR00410,44.35579202105387,12.639179221838235,1.2507801516327688,18.13090083139266,46.47815603619434,58.51934902133205,71.63367126145016
MAR00411,6.165304209254378,6.57178337207686,0.008192664591629104,0.19916305101192072,4.266932468420659,17.390682538152085,58.07114785350608
MAR00412,0.8048749547046887,0.2494818528671137,0.03241944019292743,0.04417824012373855,0.8330429143082725,1.1645027791008824,1.3849731842077866
MAR00414,0.22490506131418614,0.1397657821887839,0.0005560441027439847,0.020374069052667226,0.2235368383400184,0.48020740194356293,0.6112391622577333
MAR00416,1.819480299413308,1.2113417077840463,0.03288859725699033,0.10021379955319222,1.913874245656065,3.7975287357099257,4.722276473401695
MAR00418,0.22125961224417487,0.06327901513033649,0.03751056256502011,0.07763787464736603,0.22150728079812354,0.3210432842407031,0.36137241946448223
MAR00419,1.7465170499378049,1.2097579282778457,0.0029603613638991043,0.03124868902514439,1.8753840554331096,3.732215889263017,4.652003493974853
MAR00420,4.856347196994326,5.448463951257405,0.01604854380678305,0.11182111393664758,2.675797999667198,15.213885329684969,22.83649364331275
MAR00422,0.23685839805502656,0.0651439855410806,0.04032388341690978,0.07792139269769882,0.24450494860153194,0.3382856849786766,0.36714546561728495
MAR00423,4.798982733329677,5.448598082740379,0.005837512803962328,0.047727696551431414,2.6281053349855883,15.162363742596556,22.81075703401333
MAR00424,3.6947897162565178,2.9830809122454145,0.05351834844410656,0.27211623898470005,3.0044062533560387,9.985276246391372,11.25997103510565
MAR00426,2.1760605489212113,0.607223828053195,0.36971361841416717,0.7388145913540517,2.224951201537162,3.1393103684236947,3.4604599541383996
MAR00427,3.0757330788408055,2.9464173275782692,0.0011781233315744345,0.007110472245482351,2.323043257061755,9.312389151827544,10.542506980830872
MAR00428,2.6047847776587187,2.904994902621238,0.055818792213363964,0.0870903230388635,1.2278882242904208,8.719600132179227,11.023540143510537
MAR00430,0.1894961058269269,0.0639179560374597,0.005595717395807889,0.0070744317285344185,0.19518688848458254,0.27321626633567314,0.346926386833574
MAR00431,2.500058021765973,2.9085738970818933,7.391119279077322e-06,0.005909315804719741,1.1418081936777424,8.629637805580177,10.927973621564977
MAR00432,1.5030363010659689,1.1283368957045696,0.05259815523237342,0.08823721951805867,1.436653037971664,4.290508709721916,4.4036973793084995
MAR00434,0.18184151246455538,0.06496428102491993,0.006125287087331044,0.007866579446652873,0.1867104775385775,0.2664514797619036,0.3495678631807205
MAR00435,1.3906549518108469,1.1258965298001853,0.0007064754535907516,0.001704694177653506,1.3267923407165538,4.187740212361934,4.268524627055694
MAR00436,1.9226840352603467,2.7550701587172854,0.05489627409190178,0.0880771692110238,0.9183902778305582,9.826955268228811,9.974048397916105
MAR00438,0.19522413395385915,0.0652767885706366,0.005897863081181681,0.007474328845114897,0.2032539127727253,0.2796186548015059,0.35272241176468033
MAR00439,1.8236853074945267,2.7596261761855807,0.0006655640706107396,0.0006948476718191742,0.8260418664852349,9.724951708472492,9.847994045555259
MAR00440,-2.666988887425211e-17,7.332258818617731e-17,-2.873153292496192e-16,-1.5711150571037765e-16,-1.9317871586073426e-18,5.455280943817067e-17,5.589413509855084e-17
MAR00446,0.3097509937859556,0.10356980107470838,0.013909490440729578,0.019115331377938624,0.3340234562644128,0.43546566838630996,0.5058413773173057
MAR00448,0.30975099378595733,0.1035698010747085,0.013909490440729635,0.019115331377938506,0.33402345626441154,0.43546566838630807,0.5058413773173057
MAR00451,-318.60348533060085,284.7083531838546,-972.3676015895131,-960.9847468297612,-346.9411218146955,49.30495928191848,648.1092427462721
MAR00453,37.317101033407624,25.63284946684682,0.39125320467476404,2.2303952196523107,33.25361767789839,88.68083530559973,111.0481690592078
MAR00455,-34.672217839547784,15.718148884551438,-66.65521904104415,-58.710893604176654,-35.14975371589975,-1.7970473071077768,-0.5402274434514521
MAR00456,0.0,0.0,0.0,0.0,0.0,0.0,0.0
MAR00458,0.0,0.0,0.0,0.0,0.0,0.0,0.0
MAR00459,0.0,0.0,0.0,0.0,0.0,0.0,0.0
MAR00460,0.0,0.0,0.0,0.0,0.0,0.0,0.0
MAR00461,0.0,0.0,0.0,0.0,0.0,0.0,0.0
MAR00462,0.0,0.0,0.0,0.0,0.0,0.0,0.0
MAR00466,0.0,0.0,0.0,0.0,0.0,0.0,0.0
MAR00467,0.0,0.0,0.0,0.0,0.0,0.0,0.0
MAR00468,0.0,0.0,0.0,0.0,0.0,0.0,0.0
MAR00470,0.0,0.0,0.0,0.0,0.0,0.0,0.0
MAR00476,7.067369999907989,7.770606707763403,0.002729579271019659,0.08679003462506188,4.281341376441259,24.240841835097743,38.734899388829945
MAR00479,585.8924226701794,156.82971599960794,44.73623835865049,397.6507010840002,571.523244757637,978.8934313865703,983.6738170136639
MAR00486,0.0,0.0,0.0,0.0,0.0,0.0,0.0
MAR00487,0.0,0.0,0.0,0.0,0.0,0.0,0.0
MAR00488,0.0,0.0,0.0,0.0,0.0,0.0,0.0
MAR00489,0.0,0.0,0.0,0.0,0.0,0.0,0.0
MAR00490,0.0,0.0,0.0,0.0,0.0,0.0,0.0
MAR00491,0.0,0.0,0.0,0.0,0.0,0.0,0.0
MAR00492,0.0,0.0,0.0,0.0,0.0,0.0,0.0
MAR00493,0.0,0.0,0.0,0.0,0.0,0.0,0.0
MAR00495,0.0,0.0,0.0,0.0,0.0,0.0,0.0
MAR00496,0.0,0.0,0.0,0.0,0.0,0.0,0.0
MAR00497,0.0,0.0,0.0,0.0,0.0,0.0,0.0
MAR00498,0.0,0.0,0.0,0.0,0.0,0.0,0.0
MAR00499,0.0,0.0,0.0,0.0,0.0,0.0,0.0
MAR00500,0.0,0.0,0.0,0.0,0.0,0.0,0.0
MAR00501,0.0,0.0,0.0,0.0,0.0,0.0,0.0
MAR00502,0.0,0.0,0.0,0.0,0.0,0.0,0.0
MAR00503,0.0,0.0,0.0,0.0,0.0,0.0,0.0
MAR00504,0.0,0.0,0.0,0.0,0.0,0.0,0.0
MAR00505,0.0,0.0,0.0,0.0,0.0,0.0,0.0
MAR00506,0.0,0.0,0.0,0.0,0.0,0.0,0.0
MAR00507,0.0,0.0,0.0,0.0,0.0,0.0,0.0
MAR00508,0.0,0.0,0.0,0.0,0.0,0.0,0.0
MAR00509,0.0,0.0,0.0,0.0,0.0,0.0,0.0
MAR00510,0.0,0.0,0.0,0.0,0.0,0.0,0.0
MAR00511,0.0,0.0,0.0,0.0,0.0,0.0,0.0
MAR00512,0.0,0.0,0.0,0.0,0.0,0.0,0.0
MAR00513,0.0,0.0,0.0,0.0,0.0,0.0,0.0
MAR00514,0.0,0.0,0.0,0.0,0.0,0.0,0.0
MAR00515,0.0,0.0,0.0,0.0,0.0,0.0,0.0
MAR00516,0.0,0.0,0.0,0.0,0.0,0.0,0.0
MAR00517,0.0,0.0,0.0,0.0,0.0,0.0,0.0
MAR00518,0.0,0.0,0.0,0.0,0.0,0.0,0.0
MAR00519,0.0,0.0,0.0,0.0,0.0,0.0,0.0
MAR00520,0.0,0.0,0.0,0.0,0.0,0.0,0.0
MAR00521,0.0,0.0,0.0,0.0,0.0,0.0,0.0
MAR00522,0.0,0.0,0.0,0.0,0.0,0.0,0.0
MAR00523,0.0,0.0,0.0,0.0,0.0,0.0,0.0
MAR00524,0.0,0.0,0.0,0.0,0.0,0.0,0.0
MAR00525,0.0,0.0,0.0,0.0,0.0,0.0,0.0
MAR00526,0.0,0.0,0.0,0.0,0.0,0.0,0.0
MAR00527,0.0,0.0,0.0,0.0,0.0,0.0,0.0
MAR00528,0.0,0.0,0.0,0.0,0.0,0.0,0.0
MAR00529,0.0,0.0,0.0,0.0,0.0,0.0,0.0
MAR00530,0.0,0.0,0.0,0.0,0.0,0.0,0.0
MAR00531,0.0,0.0,0.0,0.0,0.0,0.0,0.0
MAR00532,0.0,0.0,0.0,0.0,0.0,0.0,0.0
MAR00533,0.0,0.0,0.0,0.0,0.0,0.0,0.0
MAR00534,0.0,0.0,0.0,0.0,0.0,0.0,0.0
MAR00535,0.0,0.0,0.0,0.0,0.0,0.0,0.0
MAR00536,0.0,0.0,0.0,0.0,0.0,0.0,0.0
MAR00537,0.0,0.0,0.0,0.0,0.0,0.0,0.0
MAR00538,0.0,0.0,0.0,0.0,0.0,0.0,0.0
MAR00539,0.0,0.0,0.0,0.0,0.0,0.0,0.0
MAR00540,0.0,0.0,0.0,0.0,0.0,0.0,0.0
MAR00541,0.0,0.0,0.0,0.0,0.0,0.0,0.0
MAR00542,0.0,0.0,0.0,0.0,0.0,0.0,0.0
MAR00543,0.0,0.0,0.0,0.0,0.0,0.0,0.0
MAR00544,0.0,0.0,0.0,0.0,0.0,0.0,0.0
MAR00553,0.0,0.0,0.0,0.0,0.0,0.0,0.0
MAR00561,0.0,0.0,0.0,0.0,0.0,0.0,0.0
MAR00566,-0.8048749547046887,0.2494818528671137,-1.3849731842077866,-1.1645027791008824,-0.8330429143082725,-0.04417824012373856,-0.03241944019292743
MAR00567,-0.06516385657007485,0.048131352531464375,-0.35945569698243063,-0.10800924250808,-0.06367020246170411,-0.005261205007126339,-0.0034845101096031383
MAR00568,-333.58619342808913,223.63006158998445,-936.8281558143472,-650.911270411633,-357.37078493271804,-107.03490539966008,852.5929599064398
MAR00569,-823.7535768965174,208.45522943357466,-999.2067337431266,-978.0054577412391,-891.0789018529365,-150.20107660579578,-58.51329752249569
MAR00571,-1.1914345800227233,0.7215568933798236,-5.302357021433318,-1.7597620004005596,-1.1907047028057656,-0.09702512159301217,-0.0596860293823259
MAR00572,-10.023288702307418,10.067249415750052,-35.60987026849418,-29.924938002176436,-4.9572245643270865,-0.09911206129162076,-0.008239053714486159
MAR00573,-3.6674894032013037,6.480914099233036,-22.394679758248454,-14.803508983393813,-3.248498719089985,7.404551489767345,16.794949972446403
MAR00574,-9.370450390158123,7.742130273109523,-27.895352239452063,-23.135484586130513,-7.44629768370744,-0.11717143884187484,-0.004112690180638983
MAR00575,-0.6190566374157142,0.4572478490489119,-3.414829121333092,-1.0260878038267698,-0.6048669233861916,-0.049981447567701176,-0.033102846041230476
MAR00576,-5.9350155499841515,2.8628970953568285,-19.32415253570138,-9.075558377862807,-6.091412374976923,-0.355946234756155,-0.2280475186308151
MAR00577,-4.768953006438945,1.7026472529058096,-10.351873625903119,-6.596454484536628,-5.1295378271192735,-0.32785721240117494,-0.23362967687005817
MAR00578,1.0201854858112314,0.0020815962968701225,1.0189672410997712,1.0189922892612777,1.019549862906897,1.0228910822379669,1.0372276948298758
MAR00579,0.5100927429056934,0.0010407981484307895,0.5094836205498855,0.5094961446306574,0.5097749314533934,0.5114455411190095,0.5186138474149733
MAR00580,0.5100927429056934,0.0010407981484307858,0.5094836205498855,0.5094961446306574,0.5097749314533934,0.5114455411190095,0.5186138474149733
MAR00581,0.5100927429056932,0.001040798148430817,0.5094836205498857,0.5094961446306575,0.5097749314533911,0.51144554111901,0.5186138474149734
MAR00583,-0.0581562537880491,0.0464811657442491,-0.34556499659877044,-0.0934212275318545,-0.05509635302361399,-0.0050257706029458995,-0.003305033150693017
MAR00586,0.5100927429056931,0.001040798148430849,0.5094836205498857,0.5094961446306575,0.509774931453391,0.5114455411190099,0.5186138474149734
MAR00587,-0.5100927429056931,0.0010407981484308552,-0.5186138474149735,-0.5114455411190101,-0.5097749314533906,-0.5094961446306576,-0.5094836205498857
MAR00593,3.7985571772055335,3.941024292431203,0.0003991841218946157,0.0642397234819552,2.1701836185169068,11.551264202027888,18.319638328763816
MAR00594,0.0,0.0,0.0,0.0,0.0,0.0,0.0
MAR00596,0.0,0.0,0.0,0.0,0.0,0.0,0.0
MAR00597,0.0,0.0,0.0,0.0,0.0,0.0,0.0
MAR00598,0.004657045727583087,9.502280982937263e-06,0.004651484561100269,0.004651598903477479,0.00465414417196236,0.004669396507373059,0.004734841724293352
MAR00599,0.0,0.0,0.0,0.0,0.0,0.0,0.0
MAR00600,0.0,0.0,0.0,0.0,0.0,0.0,0.0
MAR00601,3.798557177191629,3.9410242924297156,0.0003991841218733072,0.06423972348301807,2.17018361849955,11.551264202023505,18.319638328728324
MAR00602,0.0,0.0,0.0,0.0,0.0,0.0,0.0
MAR00603,361.5470289442474,196.2986303918159,40.3567697397641,124.1191941136653,321.53994617550524,975.3479102634524,992.241006437726
MAR00611,-494.9971833102715,168.845961136152,-949.7736399233697,-943.9110879836446,-498.4537377108087,-150.73104402961948,-38.61110340897893
MAR00618,-0.06516385657007663,0.04813135253146447,-0.3594556969824308,-0.10800924250808228,-0.06367020246170726,-0.005261205007126387,-0.003484510109603157
MAR00620,-0.06668806697208356,0.04673975853509502,-0.34442488571222957,-0.10374189001626011,-0.061822511723736026,-0.008038478432199998,-0.006813237116765575
MAR00621,-0.06516385657007483,0.048131352531464375,-0.35945569698243063,-0.10800924250808,-0.06367020246170409,-0.005261205007126339,-0.0034845101096031383
MAR00624,-0.12138138283397067,0.05569152293946611,-0.3599963508630244,-0.17626572579347768,-0.12571692313502822,-0.00523745960158091,-0.0033410250367693272
MAR00625,280.1294039960101,111.72046396578467,9.419560620538997,15.5504820469822,307.639893520639,414.39125811049246,468.03731027948015
MAR00626,-0.4724379601330414,0.348952305853118,-2.6060538031226224,-0.7830670081835849,-0.4616089678473529,-0.03814373630166595,-0.025262698294622833
MAR00628,187.49162097858172,62.97532406054853,1.4351685300384514,4.705548551906705,204.2562344101894,245.3743394713196,269.8075067023224
MAR00630,53.28995545675019,22.432005734567653,0.5821077103573803,1.7365213748957913,57.380211546254216,86.8889134331332,97.45232340432305
MAR00631,-3.7985571772055327,3.9410242924312033,-18.31963832876382,-11.55126420202789,-2.170183618516907,-0.06423972348195525,-0.0003991841218943381
MAR00632,79.60725418788375,42.26154772978912,2.0226975698695178,8.875941961843527,79.61923578387764,141.9485655285034,199.32903830246428
MAR00634,206.74154970980723,74.4771009882666,2.8728840258355275,11.861501643640475,215.66405636052465,293.244203865956,390.31215907469215
MAR00637,-0.06516385657007485,0.048131352531464375,-0.35945569698243063,-0.10800924250808,-0.06367020246170411,-0.005261205007126339,-0.0034845101096031383
MAR00639,-37.205235860287715,24.69556662723657,-129.50799446802097,-63.267768069119455,-40.5246652832852,-0.8838563292791641,60.35817084671688
MAR00641,0.0,0.0,0.0,0.0,0.0,0.0,0.0
MAR00643,0.0,0.0,0.0,0.0,0.0,0.0,0.0
MAR00650,-35.20799173982858,21.581395112922632,-124.52784048387302,-89.32622176455168,-31.25900780232102,-10.772892665897206,-4.577173507023694
MAR00653,201.5303685662594,62.980026111934826,15.45715188195288,18.728541430208647,218.2898182061637,259.39983078953827,283.8462949422064
MAR00654,201.53036856625937,62.98002611193482,15.45715188195288,18.728541430208647,218.2898182061636,259.3998307895383,283.84629494220627
MAR00656,-206.2751557350872,62.9816181679404,-288.5910958505828,-264.14013763155396,-223.03286012724334,-23.468003854614686,-20.196273108697028
MAR00657,201.5303685662594,62.98002611193483,15.45715188195288,18.728541430208647,218.28981820616372,259.39983078953844,283.84629494220627
MAR00658,-0.7489654420225001,0.0015281963057427186,-0.7614769174239329,-0.7509517457405911,-0.7484988017925396,-0.7480894611406222,-0.7480710721244662
MAR00661,-0.4727688836686925,0.0009646421863504472,-0.48066649272607287,-0.47402269664688684,-0.4724743267129029,-0.4722159389259742,-0.47220433124135713
MAR00662,-0.03825628452322728,0.04744439645096182,-0.3440684735258999,-0.06609837773083231,-0.029421609713647726,-0.004152162808810422,-0.0004254234228456697
MAR00667,9.370450390159453,7.742130273110879,0.004112690180781635,0.1171714388418208,7.4462976837098065,23.13548458613283,27.89535223945422
MAR00668,0.0,0.0,0.0,0.0,0.0,0.0,0.0
MAR00669,0.8118097345273354,0.3033401178275422,0.10394154468717164,0.4434860357082437,0.7394025332656453,1.4808354169885232,1.4871219569104843
MAR00670,0.004657045727582787,9.502280982977913e-06,0.004651484561100267,0.0046515989034774585,0.004654144171961812,0.0046693965073728964,0.004734841724293521
MAR00671,0.0,0.0,0.0,0.0,0.0,0.0,0.0
MAR00672,3.7985571771916264,3.9410242924297143,0.00039918412187508356,0.06423972348301815,2.170183618499547,11.551264202023505,18.319638328728313
MAR00679,9.370450390159473,7.742130273110586,0.004112690180728962,0.11717143884186292,7.44629768370989,23.13548458613255,27.895352239453963
MAR00680,0.811809734527385,0.30334011782756526,0.10394154468715373,0.4434860357082265,0.7394025332656757,1.4808354169885205,1.4871219569104837
MAR00681,0.004657045727582782,9.502280982979029e-06,0.004651484561100269,0.0046515989034774585,0.004654144171961807,0.004669396507372898,0.004734841724293523
MAR00682,0.0,0.0,0.0,0.0,0.0,0.0,0.0
MAR00683,0.0,0.0,0.0,0.0,0.0,0.0,0.0
MAR00684,3.798557177191628,3.941024292429715,0.00039918412187508356,0.06423972348301808,2.1701836184995504,11.551264202023509,18.31963832872832
MAR00695,-0.4072741035629685,0.300820953321653,-2.24659810614019,-0.6750577656755024,-0.3979387653856534,-0.03288253129453982,-0.02177818818501975
MAR00696,0.0,0.0,0.0,0.0,0.0,0.0,0.0
MAR00697,-0.03784714189650595,0.04788633297736298,-0.3577037862645778,-0.06907743721093125,-0.030756464204678816,-0.002980755906331706,-0.0016959440801555038
MAR00698,-0.09248057124364499,0.05169746980249663,-0.36120760770028354,-0.14661757843443787,-0.09416934690542891,-0.007537316878914138,-0.005273076139050798
MAR00699,-0.05736446366464949,0.04874033252954614,-0.3580490365564861,-0.10089345996115535,-0.05475495535440547,-0.00506634918699164,-0.0026851904093234654
MAR00700,-0.07296324947550055,0.04831675927502846,-0.3608623574083758,-0.11242576821000493,-0.07238754818039157,-0.005533061335563867,-0.003966479662244931
MAR00701,2.820897375405894,4.4578447900494735,-10.37310825206684,-1.1866750062364724,1.4488008848198555,11.178175900039923,21.744580657573003
MAR00702,-1.9581020273407554,0.9047466894322054,-3.802971827356448,-3.269390951313856,-2.072718621218633,-0.09616581271750853,-0.06031252763495831
MAR00704,9.466852156739963,11.359986927420351,-21.372594477912585,-1.7680434426354836,6.823879790081088,31.350432555368346,47.37287131003807
MAR00709,5.335518189269637,4.731289424157431,0.015017923745796692,0.1665188845906971,4.240611609740084,15.387105389922706,20.56839894792139
MAR00710,44.871171305022784,195.65616650058996,-882.5754769356854,-115.77571027159193,38.09282012656911,206.6470632577804,912.2397035443016
MAR00712,0.0,0.0,0.0,0.0,0.0,0.0,0.0
MAR00714,549.4767510936402,163.32810780393544,51.87266732967375,320.11761905832566,534.9270223869758,981.3374297193319,985.7585829484736
MAR00720,0.0,0.0,0.0,0.0,0.0,0.0,0.0
MAR00722,-412.19192094701344,104.78019784042368,-635.3375940163078,-593.4033587677205,-410.9296231293521,-226.9696287230239,-77.17073612896151
MAR00730,-280.12940399601007,111.7204639657847,-468.03731027948004,-414.3912581104926,-307.63989352063913,-15.550482046982255,-9.419560620539
MAR00736,281.65470571016044,111.72084260221834,10.943079186725653,17.074082191421503,309.16404230239544,415.91498943582434,469.56220541201355
MAR00748,490.6212048355771,176.60062141302288,14.627850216864159,138.1457085766172,494.7844430805905,976.8391755294366,983.213476272055
MAR00752,6.2044794206649785,6.593296601195916,0.00039307423112743076,0.09534076366175472,5.157247569765223,14.187660561453825,41.670929276540036
MAR00753,-827.0022198135464,182.90276348418317,-999.6589464457804,-972.5093358023465,-868.8309401779901,-212.27634808629327,-182.22517509637407
MAR00755,0.006974243259891631,0.008320446147367348,1.442457611242919e-09,3.602657688349674e-05,0.003457269846521841,0.026881475361067893,0.04515282790706006
MAR00756,2.69475911960089,2.0194041657797306,0.001513171662903353,0.04014995877344217,2.623696229951359,6.194709634470973,9.23634502340491
MAR00757,20.041773924309695,44.47648201515329,0.011667894224405475,0.16503670575649299,8.710221871423546,202.58430970563444,202.88241233668688
MAR00758,667.2576710872809,180.0519826931809,100.37022380341668,205.22180457359556,687.1575805679848,928.0065633971071,961.5013895376078
MAR00762,0.0,0.0,0.0,0.0,0.0,0.0,0.0
MAR00763,-280.12940399600996,111.7204639657847,-468.03731027948004,-414.3912581104925,-307.63989352063913,-15.550482046982255,-9.419560620539
MAR00764,6.2444850719117415,5.657729696103242,0.011182394762150149,0.1902282897375364,4.331638783063859,17.48007176002331,22.988219359477394
MAR00765,0.0,0.0,0.0,0.0,0.0,0.0,0.0
MAR00767,10.023288702307418,10.06724941575004,0.008239053714533828,0.09911206129161966,4.9572245643271,29.924938002176372,35.60987026849415
MAR00771,280.12940399601024,111.72046396578475,9.419560620538997,15.5504820469822,307.6398935206394,414.39125811049263,468.03731027948015
MAR00772,19.871824449927676,13.204589752865456,0.04173300021886587,4.357375903734511,17.35840780089341,45.8508776738664,87.22429092337204
MAR00774,0.004251841583676369,0.0036123829272528825,2.518987428633411e-06,3.2339825726280865e-05,0.0027331655811057357,0.009904555817561033,0.018922045365087705
MAR00780,25.736299445736183,16.973326595477484,0.005635824997108248,0.37913040451776875,24.54975502183824,53.37391320971157,63.94493934760605
MAR00782,-1.9950571447153334,1.9483471541079675,-8.156426663636017,-7.364620623455343,-1.240882057061482,-0.04945177394668911,-0.003804574667172751
MAR00784,0.7214510904544137,1.2309988385422204,7.710261349686969e-05,0.0008194931083958124,0.19980631096823903,3.4081061666832877,5.131156230069874
MAR00785,18.946390313893833,17.43392132255827,0.02904836228955912,0.8091104884894196,12.30422784323783,52.37354603627378,64.73235032147663
MAR00788,18.14729377145286,19.777937797340446,0.04146620018543965,0.29810525726704784,12.985102588756167,66.66641920645738,118.00796567940179
MAR00796,0.0,0.0,0.0,0.0,0.0,0.0,0.0
MAR00799,2.432458259341763,1.3379883401347146,0.0024106629857554083,0.07273661047146594,2.5101027170658208,5.022394031241931,5.754739246424861
MAR00803,6.96531666553587e-14,5.5533864588051234e-14,-2.5133602334334938e-14,-1.7333484005263717e-15,6.36752036297245e-14,1.860685483774834e-13,2.2101403773119637e-13
MAR00804,-3.4404130576525625e-14,2.4573034521184335e-14,-8.497720927131798e-14,-7.455304735916637e-14,-3.717202681288722e-14,6.219334362788399e-16,1.3273969814836986e-14
MAR00807,9.046702783717697e-14,5.91449273691935e-14,-5.405152670341752e-16,9.330205771700714e-16,8.876216689356981e-14,2.074195493055039e-13,2.3518247962678783e-13
MAR00808,-3.0669378587156766e-14,2.2532701713059027e-14,-7.628740689241365e-14,-6.677350089272703e-14,-3.1401311979902406e-14,7.900064586639219e-16,1.631183607161189e-14
MAR00818,10.587408104644823,7.3051160245312685,0.14749106509284252,1.0532982536732023,9.951823448399132,24.5476041694392,34.77605740118828
MAR00821,0.0,0.0,0.0,0.0,0.0,0.0,0.0
MAR00826,-5.657776889286155e-14,4.8292572661582066e-14,-2.3488921369697197e-13,-1.4378171429457308e-13,-5.4475093699768133e-14,4.565705465986445e-16,8.266340488617608e-15
MAR00828,0.0,0.0,0.0,0.0,0.0,0.0,0.0
MAR00835,-5.6691466439394076e-14,4.827865759632742e-14,-2.349031612333792e-13,-1.437466392315921e-13,-5.445881249396724e-14,4.405504107598247e-16,7.931868009330155e-15
MAR00836,-5.6691466439394064e-14,4.82786575963274e-14,-2.3490316123337913e-13,-1.437466392315921e-13,-5.445881249396723e-14,4.4055041075982294e-16,7.931868009330153e-15
MAR00859,0.0,0.0,0.0,0.0,0.0,0.0,0.0
MAR00869,0.041145780666103714,0.05441035214224186,6.443006451289338e-05,0.0013726918287565607,0.029692404014978004,0.101939140241054,0.28910749485110754
MAR00874,2.432458259341782,1.3379883401347425,0.0024106629856358434,0.07273661047146601,2.5101027170658448,5.022394031242019,5.75473924642493
MAR00875,0.0,0.0,0.0,0.0,0.0,0.0,0.0
MAR00916,9.648197782745783,18.526667183179487,0.0010280849264799963,0.07786290131372435,5.152570914759302,32.083596633103205,93.75333443172791
MAR00918,0.0,0.0,0.0,0.0,0.0,0.0,0.0
MAR00922,2.514996412954964,1.103878227238198,0.016550875242429177,0.16463929469480143,2.642932989461268,4.291665600463676,4.978213175902605
MAR00923,9.665309445003125,6.787107573971247,0.13865330417861813,0.9415897030289975,9.575528919387956,20.76045900284171,31.80797611863482
MAR00927,-4.0629625329478766e-15,9.610600738998388e-15,-3.932850947907683e-14,-1.989657620522568e-14,-1.2170058461300988e-15,9.456959614503725e-15,1.4598180181734022e-14
MAR00930,9.648197782745758,18.52666718317949,0.0010280849264800447,0.0778629013137244,5.152570914759261,32.083596633103205,93.75333443172791
MAR00931,0.0,0.0,0.0,0.0,0.0,0.0,0.0
MAR00932,0.0,0.0,0.0,0.0,0.0,0.0,0.0
MAR00933,0.0,0.0,0.0,0.0,0.0,0.0,0.0
MAR00934,0.0,0.0,0.0,0.0,0.0,0.0,0.0
MAR00935,0.0,0.0,0.0,0.0,0.0,0.0,0.0
MAR00936,0.0,0.0,0.0,0.0,0.0,0.0,0.0
MAR00937,0.0,0.0,0.0,0.0,0.0,0.0,0.0
MAR00938,0.0,0.0,0.0,0.0,0.0,0.0,0.0
MAR00939,0.0,0.0,0.0,0.0,0.0,0.0,0.0
MAR00940,0.0,0.0,0.0,0.0,0.0,0.0,0.0
MAR00942,3.5299327380731538,3.159577694198141,0.0053726452640721215,0.13497636121932102,3.077499426069135,12.511442231328267,15.420208518537422
MAR00943,840.9392714989094,127.08559434519515,92.27199066992803,717.8264976113802,860.0545957772395,987.8101003486119,997.9465805333616
MAR00944,0.0,0.0,0.0,0.0,0.0,0.0,0.0
MAR00945,0.0,0.0,0.0,0.0,0.0,0.0,0.0
MAR00946,-2.578229976138199e-17,1.1201613448093399e-16,-6.607023741921824e-16,-1.7486137431119771e-16,-1.3704702422560131e-19,1.258813527906226e-16,1.5903398644080407e-16
MAR00947,-3.4190768703094113e-16,3.5453791424717763e-16,-1.0599225491431856e-15,-9.228035789229332e-16,-2.0058702836457362e-16,2.2714249979708096e-17,2.653967353227418e-16
MAR00948,0.0,0.0,0.0,0.0,0.0,0.0,0.0
MAR00949,0.0,0.0,0.0,0.0,0.0,0.0,0.0
MAR00950,-1.4481741259144474e-19,6.110858347530204e-20,-2.4321119340113877e-19,-2.144113732060136e-19,-1.591153495668874e-19,-3.5892902951005325e-21,9.107857096355164e-22
MAR00951,4.2319360125645394e-16,2.51905106837984e-15,-7.946357141908658e-15,-4.574054956176402e-15,8.243393315797632e-16,3.622640643724529e-15,1.483063237825568e-14
MAR00953,0.0,0.0,0.0,0.0,0.0,0.0,0.0
MAR00954,0.0,0.0,0.0,0.0,0.0,0.0,0.0
MAR00955,1.4984430328810625e-21,9.779754595344838e-22,3.1710948101473195e-24,4.190676078347318e-23,1.5320212847256619e-21,2.943513333482042e-21,3.9577272767026555e-21
MAR00956,0.0,0.0,0.0,0.0,0.0,0.0,0.0
MAR00957,1.4984430328810625e-21,9.779754595344838e-22,3.1710948101473195e-24,4.190676078347318e-23,1.5320212847256619e-21,2.943513333482042e-21,3.9577272767026555e-21
MAR00960,443.3465262290608,167.55023150860015,11.403837559040202,18.24667513888405,493.9835723887574,626.6181442748936,662.0670909146722
MAR00962,0.0,0.0,0.0,0.0,0.0,0.0,0.0
MAR00963,0.0,0.0,0.0,0.0,0.0,0.0,0.0
MAR00969,0.0,0.0,0.0,0.0,0.0,0.0,0.0
MAR00970,10.225837470907202,6.984474076105704,0.312432217270277,1.1147750769278426,9.855528596330663,21.144763416553253,31.997958536814355
MAR00979,0.0,0.0,0.0,0.0,0.0,0.0,0.0
MAR00980,0.0,0.0,0.0,0.0,0.0,0.0,0.0
MAR00981,0.0,0.0,0.0,0.0,0.0,0.0,0.0
MAR00991,0.0,0.0,0.0,0.0,0.0,0.0,0.0
MAR00992,0.0,0.0,0.0,0.0,0.0,0.0,0.0
MAR00993,0.0,0.0,0.0,0.0,0.0,0.0,0.0
MAR00994,0.0,0.0,0.0,0.0,0.0,0.0,0.0
MAR00995,0.0,0.0,0.0,0.0,0.0,0.0,0.0
MAR00996,0.0,0.0,0.0,0.0,0.0,0.0,0.0
MAR00997,0.0,0.0,0.0,0.0,0.0,0.0,0.0
MAR01002,0.0,0.0,0.0,0.0,0.0,0.0,0.0
MAR01003,0.0,0.0,0.0,0.0,0.0,0.0,0.0
MAR01004,0.0,0.0,0.0,0.0,0.0,0.0,0.0
MAR01006,0.0,0.0,0.0,0.0,0.0,0.0,0.0
MAR01007,0.0,0.0,0.0,0.0,0.0,0.0,0.0
MAR01008,0.0,0.0,0.0,0.0,0.0,0.0,0.0
MAR01013,119.56277566072764,70.96398426287541,0.5108407194498604,9.712091826350159,114.75214896723688,244.12784104655574,290.6410819867666
MAR01020,-703.2865167951988,190.05278072035338,-947.5928938192103,-889.7557058505623,-735.4618363865443,-536.4607723041936,454.6048036452872
MAR01022,0.0,0.0,0.0,0.0,0.0,0.0,0.0
MAR01023,0.0,0.0,0.0,0.0,0.0,0.0,0.0
MAR01025,0.0,0.0,0.0,0.0,0.0,0.0,0.0
MAR01026,0.0,0.0,0.0,0.0,0.0,0.0,0.0
MAR01027,0.0,0.0,0.0,0.0,0.0,0.0,0.0
MAR01028,0.0,0.0,0.0,0.0,0.0,0.0,0.0
MAR01033,0.0,0.0,0.0,0.0,0.0,0.0,0.0
MAR01035,0.0,0.0,0.0,0.0,0.0,0.0,0.0
MAR01036,14.016163497280155,10.837645210317826,0.02830741834490455,0.8175898865669584,11.46145976208906,35.69606894426418,50.05051066232866
MAR01038,15.870010127247292,14.844389293989593,0.003582090937292194,0.5455893262160015,10.935825174609775,44.263946505721485,75.12739160977637
MAR01041,0.0,0.0,0.0,0.0,0.0,0.0,0.0
MAR01042,0.0,0.0,0.0,0.0,0.0,0.0,0.0
MAR01043,0.0,0.0,0.0,0.0,0.0,0.0,0.0
MAR01044,0.004657045727582519,9.502280982896618e-06,0.004651484561100264,0.004651598903477534,0.004654144171960136,0.00466939650737152,0.004734841724293164
MAR01045,0.0,0.0,0.0,0.0,0.0,0.0,0.0
MAR01047,-384.83872979475836,213.43997246199478,-986.7037836153311,-976.2356787716642,-339.38263304356224,-166.3341238920921,-62.59738287081666
MAR01048,0.0,0.0,0.0,0.0,0.0,0.0,0.0
MAR01049,0.0,0.0,0.0,0.0,0.0,0.0,0.0
MAR01050,0.0,0.0,0.0,0.0,0.0,0.0,0.0
MAR01051,-8.312663960193516,340.84447583270014,-992.7679160837173,-273.5526938829451,-96.73348000309653,954.3329759575234,970.7408280504129
MAR01052,8.312663960193516,340.84447583270014,-970.7408280504129,-954.3329759575236,96.73348000309653,273.55269388294505,992.7679160837173
MAR01054,0.0,0.0,0.0,0.0,0.0,0.0,0.0
MAR01055,0.0,0.0,0.0,0.0,0.0,0.0,0.0
MAR01057,0.0,0.0,0.0,0.0,0.0,0.0,0.0
MAR01058,0.0,0.0,0.0,0.0,0.0,0.0,0.0
MAR01059,0.0,0.0,0.0,0.0,0.0,0.0,0.0
MAR01061,0.0,0.0,0.0,0.0,0.0,0.0,0.0
MAR01065,0.0,0.0,0.0,0.0,0.0,0.0,0.0
MAR01066,0.0,0.0,0.0,0.0,0.0,0.0,0.0
MAR01067,0.0,0.0,0.0,0.0,0.0,0.0,0.0
MAR01068,0.0,0.0,0.0,0.0,0.0,0.0,0.0
MAR01069,0.0,0.0,0.0,0.0,0.0,0.0,0.0
MAR01070,0.0,0.0,0.0,0.0,0.0,0.0,0.0
MAR01074,0.0,0.0,0.0,0.0,0.0,0.0,0.0
MAR01087,0.0,0.0,0.0,0.0,0.0,0.0,0.0
MAR01088,0.0,0.0,0.0,0.0,0.0,0.0,0.0
MAR01089,0.0,0.0,0.0,0.0,0.0,0.0,0.0
MAR01090,0.0,0.0,0.0,0.0,0.0,0.0,0.0
MAR01091,0.0,0.0,0.0,0.0,0.0,0.0,0.0
MAR01092,0.0,0.0,0.0,0.0,0.0,0.0,0.0
MAR01093,703.2865167951988,190.0527807203536,-454.60480364528837,536.4607723041956,735.4618363865428,889.7557058505657,947.5928938192109
MAR01094,0.0,0.0,0.0,0.0,0.0,0.0,0.0
MAR01095,-30.071087652344687,14.060981132579546,-62.87336505659231,-49.57138349767529,-31.640617700395424,-1.0133497529925013,-0.04712322290752417
MAR01097,0.0,0.0,0.0,0.0,0.0,0.0,0.0
MAR01098,0.0,0.0,0.0,0.0,0.0,0.0,0.0
MAR01099,0.0,0.0,0.0,0.0,0.0,0.0,0.0
MAR01100,0.0,0.0,0.0,0.0,0.0,0.0,0.0
MAR01102,0.0,0.0,0.0,0.0,0.0,0.0,0.0
MAR01103,0.0,0.0,0.0,0.0,0.0,0.0,0.0
MAR01104,0.0,0.0,0.0,0.0,0.0,0.0,0.0
MAR01105,0.0,0.0,0.0,0.0,0.0,0.0,0.0
MAR01107,0.0,0.0,0.0,0.0,0.0,0.0,0.0
MAR01108,0.0,0.0,0.0,0.0,0.0,0.0,0.0
MAR01109,0.0,0.0,0.0,0.0,0.0,0.0,0.0
MAR01110,0.0,0.0,0.0,0.0,0.0,0.0,0.0
MAR01111,0.0,0.0,0.0,0.0,0.0,0.0,0.0
MAR01112,0.0,0.0,0.0,0.0,0.0,0.0,0.0
MAR01113,0.0,0.0,0.0,0.0,0.0,0.0,0.0
MAR01114,0.0,0.0,0.0,0.0,0.0,0.0,0.0
MAR01115,0.0,0.0,0.0,0.0,0.0,0.0,0.0
MAR01116,0.0,0.0,0.0,0.0,0.0,0.0,0.0
MAR01117,0.0,0.0,0.0,0.0,0.0,0.0,0.0
MAR01119,0.0,0.0,0.0,0.0,0.0,0.0,0.0
MAR01120,0.0,0.0,0.0,0.0,0.0,0.0,0.0
MAR01121,0.0,0.0,0.0,0.0,0.0,0.0,0.0
MAR01122,0.0,0.0,0.0,0.0,0.0,0.0,0.0
MAR01123,0.0,0.0,0.0,0.0,0.0,0.0,0.0
MAR01124,0.0,0.0,0.0,0.0,0.0,0.0,0.0
MAR01125,0.0,0.0,0.0,0.0,0.0,0.0,0.0
MAR01126,0.0,0.0,0.0,0.0,0.0,0.0,0.0
MAR01127,0.0,0.0,0.0,0.0,0.0,0.0,0.0
MAR01128,0.0,0.0,0.0,0.0,0.0,0.0,0.0
MAR01129,0.0,0.0,0.0,0.0,0.0,0.0,0.0
MAR01130,0.0,0.0,0.0,0.0,0.0,0.0,0.0
MAR01131,0.0,0.0,0.0,0.0,0.0,0.0,0.0
MAR01132,0.0,0.0,0.0,0.0,0.0,0.0,0.0
MAR01133,0.0,0.0,0.0,0.0,0.0,0.0,0.0
MAR01134,0.0,0.0,0.0,0.0,0.0,0.0,0.0
MAR01137,0.0,0.0,0.0,0.0,0.0,0.0,0.0
MAR01138,0.0,0.0,0.0,0.0,0.0,0.0,0.0
MAR01139,0.0,0.0,0.0,0.0,0.0,0.0,0.0
MAR01140,0.0,0.0,0.0,0.0,0.0,0.0,0.0
MAR01143,0.0,0.0,0.0,0.0,0.0,0.0,0.0
MAR01144,0.0,0.0,0.0,0.0,0.0,0.0,0.0
MAR01145,0.0,0.0,0.0,0.0,0.0,0.0,0.0
MAR01146,0.0,0.0,0.0,0.0,0.0,0.0,0.0
MAR01147,0.0,0.0,0.0,0.0,0.0,0.0,0.0
MAR01148,0.0,0.0,0.0,0.0,0.0,0.0,0.0
MAR01149,0.0,0.0,0.0,0.0,0.0,0.0,0.0
MAR01150,0.0,0.0,0.0,0.0,0.0,0.0,0.0
MAR01151,0.0,0.0,0.0,0.0,0.0,0.0,0.0
MAR01152,0.0,0.0,0.0,0.0,0.0,0.0,0.0
MAR01153,0.0,0.0,0.0,0.0,0.0,0.0,0.0
MAR01154,0.0,0.0,0.0,0.0,0.0,0.0,0.0
MAR01155,0.0,0.0,0.0,0.0,0.0,0.0,0.0
MAR01156,0.0,0.0,0.0,0.0,0.0,0.0,0.0
MAR01157,0.0,0.0,0.0,0.0,0.0,0.0,0.0
MAR01161,0.0,0.0,0.0,0.0,0.0,0.0,0.0
MAR01162,0.0,0.0,0.0,0.0,0.0,0.0,0.0
MAR01163,0.0,0.0,0.0,0.0,0.0,0.0,0.0
MAR01164,0.0,0.0,0.0,0.0,0.0,0.0,0.0
MAR01165,0.0,0.0,0.0,0.0,0.0,0.0,0.0
MAR01166,0.0,0.0,0.0,0.0,0.0,0.0,0.0
MAR01167,0.0,0.0,0.0,0.0,0.0,0.0,0.0
MAR01168,-8.022478383086119e-15,1.2279784369069086e-14,-5.3483410981688495e-14,-3.260898152500239e-14,-6.4673279925584365e-15,7.132075796231317e-15,1.1633846283963851e-14
MAR01170,9.41874424165048e-15,1.3132059140753847e-14,-1.59428934926256e-14,-6.685329918194334e-15,7.15656610214754e-15,3.8629624186377874e-14,5.225228947316392e-14
MAR01171,-1.4978915062388588e-14,1.2882167243330518e-14,-6.129983299792132e-14,-4.202382383589333e-14,-1.2979396270905672e-14,2.967164020332675e-16,3.596046742920909e-15
MAR01172,1.497891506238859e-14,1.2882167243330521e-14,-3.5960467429209085e-15,-2.967164020332688e-16,1.297939627090567e-14,4.2023823835893335e-14,6.129983299792135e-14
MAR01173,-9.913623045273783e-15,1.2526428178074175e-14,-5.5294905798817034e-14,-3.738606425282967e-14,-7.58979836107902e-15,5.0071822968116986e-15,8.575217340317585e-15
MAR01174,0.0,0.0,0.0,0.0,0.0,0.0,0.0
MAR01175,0.0,0.0,0.0,0.0,0.0,0.0,0.0
MAR01176,0.0,0.0,0.0,0.0,0.0,0.0,0.0
MAR01177,0.0,0.0,0.0,0.0,0.0,0.0,0.0
MAR01178,0.0,0.0,0.0,0.0,0.0,0.0,0.0
MAR01179,0.0,0.0,0.0,0.0,0.0,0.0,0.0
MAR01180,0.0,0.0,0.0,0.0,0.0,0.0,0.0
MAR01181,0.0,0.0,0.0,0.0,0.0,0.0,0.0
MAR01182,0.0,0.0,0.0,0.0,0.0,0.0,0.0
MAR01183,0.0,0.0,0.0,0.0,0.0,0.0,0.0
MAR01184,0.0,0.0,0.0,0.0,0.0,0.0,0.0
MAR01186,0.0,0.0,0.0,0.0,0.0,0.0,0.0
MAR01187,0.0,0.0,0.0,0.0,0.0,0.0,0.0
MAR01188,0.0,0.0,0.0,0.0,0.0,0.0,0.0
MAR01189,0.0,0.0,0.0,0.0,0.0,0.0,0.0
MAR01190,0.0,0.0,0.0,0.0,0.0,0.0,0.0
MAR01191,0.0,0.0,0.0,0.0,0.0,0.0,0.0
MAR01192,0.0,0.0,0.0,0.0,0.0,0.0,0.0
MAR01193,0.0,0.0,0.0,0.0,0.0,0.0,0.0
MAR01194,0.0,0.0,0.0,0.0,0.0,0.0,0.0
MAR01195,0.0,0.0,0.0,0.0,0.0,0.0,0.0
MAR01196,0.0,0.0,0.0,0.0,0.0,0.0,0.0
MAR01197,0.0,0.0,0.0,0.0,0.0,0.0,0.0
MAR01198,0.0,0.0,0.0,0.0,0.0,0.0,0.0
MAR01199,0.0,0.0,0.0,0.0,0.0,0.0,0.0
MAR01200,0.0,0.0,0.0,0.0,0.0,0.0,0.0
MAR01201,0.0,0.0,0.0,0.0,0.0,0.0,0.0
MAR01202,0.0,0.0,0.0,0.0,0.0,0.0,0.0
MAR01204,0.0,0.0,0.0,0.0,0.0,0.0,0.0
MAR01206,0.0,0.0,0.0,0.0,0.0,0.0,0.0
MAR01208,0.0,0.0,0.0,0.0,0.0,0.0,0.0
MAR01210,0.0,0.0,0.0,0.0,0.0,0.0,0.0
MAR01212,0.0,0.0,0.0,0.0,0.0,0.0,0.0
MAR01216,0.0,0.0,0.0,0.0,0.0,0.0,0.0
MAR01217,0.0,0.0,0.0,0.0,0.0,0.0,0.0
MAR01218,0.0,0.0,0.0,0.0,0.0,0.0,0.0
MAR01219,0.0,0.0,0.0,0.0,0.0,0.0,0.0
MAR01220,0.0,0.0,0.0,0.0,0.0,0.0,0.0
MAR01221,0.0,0.0,0.0,0.0,0.0,0.0,0.0
MAR01222,0.0,0.0,0.0,0.0,0.0,0.0,0.0
MAR01223,0.0,0.0,0.0,0.0,0.0,0.0,0.0
MAR01224,0.0,0.0,0.0,0.0,0.0,0.0,0.0
MAR01225,0.0,0.0,0.0,0.0,0.0,0.0,0.0
MAR01226,0.0,0.0,0.0,0.0,0.0,0.0,0.0
MAR01228,0.0,0.0,0.0,0.0,0.0,0.0,0.0
MAR01229,0.0,0.0,0.0,0.0,0.0,0.0,0.0
MAR01230,0.0,0.0,0.0,0.0,0.0,0.0,0.0
MAR01234,0.0,0.0,0.0,0.0,0.0,0.0,0.0
MAR01236,0.0,0.0,0.0,0.0,0.0,0.0,0.0
MAR01238,0.0,0.0,0.0,0.0,0.0,0.0,0.0
MAR01241,0.0,0.0,0.0,0.0,0.0,0.0,0.0
MAR01243,0.0,0.0,0.0,0.0,0.0,0.0,0.0
MAR01245,0.0,0.0,0.0,0.0,0.0,0.0,0.0
MAR01247,0.0,0.0,0.0,0.0,0.0,0.0,0.0
MAR01249,0.0,0.0,0.0,0.0,0.0,0.0,0.0
MAR01251,0.0,0.0,0.0,0.0,0.0,0.0,0.0
MAR01253,0.0,0.0,0.0,0.0,0.0,0.0,0.0
MAR01254,0.0,0.0,0.0,0.0,0.0,0.0,0.0
MAR01255,0.0,0.0,0.0,0.0,0.0,0.0,0.0
MAR01256,-4.895643778121377e-17,1.3459421384989995e-16,-5.274088357217565e-16,-2.884008887434345e-16,-3.546074686805786e-18,1.0013957064622714e-16,1.0260176786595873e-16
MAR01257,0.0,0.0,0.0,0.0,0.0,0.0,0.0
MAR01258,0.0,0.0,0.0,0.0,0.0,0.0,0.0
MAR01259,0.0,0.0,0.0,0.0,0.0,0.0,0.0
MAR01260,0.0,0.0,0.0,0.0,0.0,0.0,0.0
MAR01261,0.0,0.0,0.0,0.0,0.0,0.0,0.0
MAR01262,0.0,0.0,0.0,0.0,0.0,0.0,0.0
MAR01263,0.0,0.0,0.0,0.0,0.0,0.0,0.0
MAR01270,0.0,0.0,0.0,0.0,0.0,0.0,0.0
MAR01271,0.0,0.0,0.0,0.0,0.0,0.0,0.0
MAR01272,0.0,0.0,0.0,0.0,0.0,0.0,0.0
MAR01273,0.0,0.0,0.0,0.0,0.0,0.0,0.0
MAR01274,0.0,0.0,0.0,0.0,0.0,0.0,0.0
MAR01275,0.0,0.0,0.0,0.0,0.0,0.0,0.0
MAR01276,0.0,0.0,0.0,0.0,0.0,0.0,0.0
MAR01277,0.0,0.0,0.0,0.0,0.0,0.0,0.0
MAR01278,0.0,0.0,0.0,0.0,0.0,0.0,0.0
MAR01279,0.0,0.0,0.0,0.0,0.0,0.0,0.0
MAR01280,0.0,0.0,0.0,0.0,0.0,0.0,0.0
MAR01281,0.0,0.0,0.0,0.0,0.0,0.0,0.0
MAR01285,0.0,0.0,0.0,0.0,0.0,0.0,0.0
MAR01286,0.0,0.0,0.0,0.0,0.0,0.0,0.0
MAR01287,-4.45567510380061e-17,9.176815003274227e-17,-1.9663396297226e-16,-1.7907259953138807e-16,-2.0349994472416502e-17,1.323346658639407e-16,3.0219854268272225e-16
MAR01288,-7.669550643475162e-17,1.0600478152300219e-16,-4.649931456243279e-16,-2.891408124144741e-16,-4.1803638073401207e-17,3.9772169601644725e-17,1.1733128824613947e-16
MAR01289,-7.669550643475162e-17,1.0600478152300219e-16,-4.649931456243279e-16,-2.891408124144741e-16,-4.1803638073401207e-17,3.9772169601644725e-17,1.1733128824613947e-16
MAR01290,-1.1885844171790422e-17,1.4663286392960238e-16,-2.6352745813476056e-16,-2.371310228160715e-16,-1.0593903033625376e-18,3.3104407097517216e-16,4.925116333732114e-16
MAR01291,-1.1885844171790408e-17,1.4663286392960233e-16,-2.635274581347604e-16,-2.3713102281607145e-16,-1.0593903033625372e-18,3.3104407097517216e-16,4.925116333732114e-16
MAR01292,-1.1885844171790422e-17,1.4663286392960238e-16,-2.6352745813476056e-16,-2.371310228160715e-16,-1.0593903033625376e-18,3.3104407097517216e-16,4.925116333732114e-16
MAR01293,-1.1885844171790423e-17,1.4663286392960233e-16,-2.635274581347605e-16,-2.3713102281607145e-16,-1.0593903033625376e-18,3.3104407097517206e-16,4.925116333732112e-16
MAR01294,-1.1885844171790426e-17,1.4663286392960233e-16,-2.635274581347605e-16,-2.3713102281607145e-16,-1.0593903033625376e-18,3.3104407097517206e-16,4.92511633373211e-16
MAR01295,0.0,0.0,0.0,0.0,0.0,0.0,0.0
MAR01296,-1.1885844171790425e-17,1.466328639296023e-16,-2.635274581347605e-16,-2.3713102281607145e-16,-1.0593903033625372e-18,3.31044070975172e-16,4.92511633373211e-16
MAR01297,1.1885844171790431e-17,1.4663286392960233e-16,-4.92511633373211e-16,-3.3104407097517206e-16,1.0593903033625372e-18,2.3713102281607145e-16,2.635274581347605e-16
MAR01298,1.1885844171790425e-17,1.466328639296023e-16,-4.92511633373211e-16,-3.31044070975172e-16,1.0593903033625372e-18,2.3713102281607145e-16,2.635274581347605e-16
MAR01299,-1.1885844171790425e-17,1.466328639296023e-16,-2.635274581347605e-16,-2.3713102281607145e-16,-1.0593903033625372e-18,3.31044070975172e-16,4.92511633373211e-16
MAR01300,-1.18858441717904e-17,1.466328639296023e-16,-2.6352745813476046e-16,-2.371310228160714e-16,-1.0593903033625372e-18,3.31044070975172e-16,4.92511633373211e-16
MAR01301,0.0,0.0,0.0,0.0,0.0,0.0,0.0
MAR01303,0.0,0.0,0.0,0.0,0.0,0.0,0.0
MAR01304,0.0,0.0,0.0,0.0,0.0,0.0,0.0
MAR01311,-506.39500202198667,165.84715863136407,-992.760481320299,-976.8818334670109,-490.9279134364458,-200.38376338754642,-51.69412671572243
MAR01312,506.39500202198695,165.847158631364,51.69412671572243,200.38376338754614,490.9279134364467,976.881833467011,992.7604813202992
MAR01315,430.32133786162564,223.27112756790618,-144.39025757316784,92.65249165048684,432.03264680935877,974.2733217564954,981.711296040388
MAR01316,-430.3213378616255,223.27112756790578,-981.7112960403872,-974.2733217564953,-432.03264680935945,-92.65249165048512,144.39025757316804
MAR01317,0.0,0.0,0.0,0.0,0.0,0.0,0.0
MAR01318,0.0,0.0,0.0,0.0,0.0,0.0,0.0
MAR01319,0.0,0.0,0.0,0.0,0.0,0.0,0.0
MAR01324,0.0,0.0,0.0,0.0,0.0,0.0,0.0
MAR01326,0.0,0.0,0.0,0.0,0.0,0.0,0.0
MAR01327,0.0,0.0,0.0,0.0,0.0,0.0,0.0
MAR01328,0.0,0.0,0.0,0.0,0.0,0.0,0.0
MAR01329,0.0,0.0,0.0,0.0,0.0,0.0,0.0
MAR01331,0.0,0.0,0.0,0.0,0.0,0.0,0.0
MAR01332,0.0,0.0,0.0,0.0,0.0,0.0,0.0
MAR01333,-89.26109911537343,343.53559711833157,-963.1552232130581,-950.9744052562694,-115.05254079438839,694.591690679823,900.4226867267307
MAR01334,0.0,0.0,0.0,0.0,0.0,0.0,0.0
MAR01335,89.26109911537343,343.53559711833157,-900.4226867267307,-694.5916906798232,115.05254079438839,950.9744052562694,963.1552232130581
MAR01336,0.0,0.0,0.0,0.0,0.0,0.0,0.0
MAR01337,0.0,0.0,0.0,0.0,0.0,0.0,0.0
MAR01338,0.0,0.0,0.0,0.0,0.0,0.0,0.0
MAR01341,0.0,0.0,0.0,0.0,0.0,0.0,0.0
MAR01342,0.0,0.0,0.0,0.0,0.0,0.0,0.0
MAR01343,0.0,0.0,0.0,0.0,0.0,0.0,0.0
MAR01344,0.0,0.0,0.0,0.0,0.0,0.0,0.0
MAR01345,0.0,0.0,0.0,0.0,0.0,0.0,0.0
MAR01350,0.0,0.0,0.0,0.0,0.0,0.0,0.0
MAR01365,0.0,0.0,0.0,0.0,0.0,0.0,0.0
MAR01366,0.0,0.0,0.0,0.0,0.0,0.0,0.0
MAR01367,0.0,0.0,0.0,0.0,0.0,0.0,0.0
MAR01370,0.0,0.0,0.0,0.0,0.0,0.0,0.0
MAR01374,0.0,0.0,0.0,0.0,0.0,0.0,0.0
MAR01375,0.0,0.0,0.0,0.0,0.0,0.0,0.0
MAR01376,0.0,0.0,0.0,0.0,0.0,0.0,0.0
MAR01377,8.262089658353805,7.1442603573699035,0.008281137072361042,0.1522305656748888,6.540556658849554,20.621358079840576,47.208646085672704
MAR01379,0.0,0.0,0.0,0.0,0.0,0.0,0.0
MAR01382,0.0,0.0,0.0,0.0,0.0,0.0,0.0
MAR01383,0.0,0.0,0.0,0.0,0.0,0.0,0.0
MAR01384,0.0,0.0,0.0,0.0,0.0,0.0,0.0
MAR01385,361.5470289442474,196.29863039181586,40.35676973976411,124.1191941136653,321.53994617550524,975.3479102634524,992.241006437726
MAR01387,0.0,0.0,0.0,0.0,0.0,0.0,0.0
MAR01391,3.821743174331673e-16,1.7208264994796053e-15,-4.552588951623412e-15,-2.048350217310143e-15,1.9462572469354513e-18,3.420204580115056e-15,3.780894159876873e-15
MAR01392,0.0,0.0,0.0,0.0,0.0,0.0,0.0
MAR01393,4.042939695321222e-16,1.6619315897036919e-15,-4.516975538400126e-15,-2.1517693981666766e-15,3.465217705794876e-17,3.148255430627722e-15,3.482216237683447e-15
MAR01394,0.0,0.0,0.0,0.0,0.0,0.0,0.0
MAR01398,0.0,0.0,0.0,0.0,0.0,0.0,0.0
MAR01434,-47.68579315737764,37.98947801149423,-271.12069027527497,-83.37625586581501,-41.53725115711223,-2.3725186836773124,-1.3683903825981458
MAR01435,519.27151927868,168.26575645815092,5.244053897486437,312.04146094637093,499.61075969335,976.9315595356125,979.952407587934
MAR01437,47.685793157377645,37.98947801149423,1.3683903825981452,2.3725186836773076,41.53725115711233,83.37625586581512,271.1206902752749
MAR01447,75.7423937182328,46.51679619352431,0.31022207088473724,9.39222572228117,70.24232805496797,160.23775518605922,210.6433356957301
MAR01449,75.74239371823289,46.5167961935243,0.31022207088473264,9.392225722281223,70.24232805496806,160.23775518605927,210.64333569573003
MAR01450,0.0,0.0,0.0,0.0,0.0,0.0,0.0
MAR01452,0.0,0.0,0.0,0.0,0.0,0.0,0.0
MAR01453,180.773514472124,98.14931519590786,20.178384869882056,62.059597056832615,160.76997308775333,487.6739551317263,496.120503218863
MAR01454,0.0,0.0,0.0,0.0,0.0,0.0,0.0
MAR01456,9.441618724292706,18.647604428670768,0.0368014975872956,0.38617993656845817,3.984991738217068,30.026301869860855,131.73295550096938
MAR01457,0.0,0.0,0.0,0.0,0.0,0.0,0.0
MAR01461,359.524926808905,230.17663673435175,-516.9039879079323,20.284318761874186,382.53236810074293,661.8883925377725,988.1427197780379
MAR01462,-120.84810222309089,315.8301361854163,-965.070925375967,-954.3812744241956,-74.04682603451005,186.62034707348698,980.0940225717063
MAR01472,15.870010127247303,14.844389293989593,0.0035820909372850885,0.5455893262160019,10.935825174609779,44.26394650572152,75.12739160977634
MAR01475,7.067369999907981,7.770606707763408,0.002729579271019352,0.08679003462506187,4.281341376441253,24.24084183509775,38.734899388829945
MAR01477,0.0,0.0,0.0,0.0,0.0,0.0,0.0
MAR01478,0.0,0.0,0.0,0.0,0.0,0.0,0.0
MAR01479,0.0,0.0,0.0,0.0,0.0,0.0,0.0
MAR01484,0.0,0.0,0.0,0.0,0.0,0.0,0.0
MAR01486,12.329307850838022,315.95357490451556,-960.1550576767166,-951.0475116802468,27.11626894615074,672.0394168784743,904.2028280494073
MAR01487,-42.59968332991402,124.82261858010423,-888.9900895230818,-88.17970323826802,-24.200280870922185,26.691319102133654,48.18559963145535
MAR01489,0.0,0.0,0.0,0.0,0.0,0.0,0.0
MAR01490,0.0,0.0,0.0,0.0,0.0,0.0,0.0
MAR01491,0.0,0.0,0.0,0.0,0.0,0.0,0.0
MAR01492,190.2444355683165,349.1840759915038,-900.0775939131247,-642.5091236821625,244.59885821570643,959.3517505439087,971.7192536708993
MAR01493,0.0,0.0,0.0,0.0,0.0,0.0,0.0
MAR01494,0.0,0.0,0.0,0.0,0.0,0.0,0.0
MAR01496,0.0,0.0,0.0,0.0,0.0,0.0,0.0
MAR01498,0.0,0.0,0.0,0.0,0.0,0.0,0.0
MAR01499,-180.42425097867343,61.36927365358783,-265.3264952194331,-240.13985073287148,-194.60264592368526,-4.588759169029057,-1.4322941663234126
MAR01500,0.0,0.0,0.0,0.0,0.0,0.0,0.0
MAR01502,0.0,0.0,0.0,0.0,0.0,0.0,0.0
MAR01503,0.0,0.0,0.0,0.0,0.0,0.0,0.0
MAR01504,0.0,0.0,0.0,0.0,0.0,0.0,0.0
MAR01505,0.0,0.0,0.0,0.0,0.0,0.0,0.0
MAR01509,0.0,0.0,0.0,0.0,0.0,0.0,0.0
MAR01514,3.7985571772055327,3.9410242924312033,0.0003991841218943381,0.06423972348195517,2.170183618516907,11.551264202027888,18.31963832876382
MAR01530,-565.9202702258123,110.54429271232773,-956.0454603105406,-673.4928241242934,-577.7820747384853,-340.83603794079323,-170.71636374443642
MAR01531,0.0,0.0,0.0,0.0,0.0,0.0,0.0
MAR01535,0.0,0.0,0.0,0.0,0.0,0.0,0.0
MAR01536,0.0,0.0,0.0,0.0,0.0,0.0,0.0
MAR01538,0.0,0.0,0.0,0.0,0.0,0.0,0.0
MAR01539,0.0,0.0,0.0,0.0,0.0,0.0,0.0
MAR01540,0.0,0.0,0.0,0.0,0.0,0.0,0.0
MAR01542,0.2121149342103479,0.00043280135594290353,0.2118616391933407,0.21186684716051782,0.21198277675930371,0.21267747643361878,0.21565831636809787
MAR01543,0.0,0.0,0.0,0.0,0.0,0.0,0.0
MAR01544,0.0,0.0,0.0,0.0,0.0,0.0,0.0
MAR01545,0.0,0.0,0.0,0.0,0.0,0.0,0.0
MAR01546,0.0,0.0,0.0,0.0,0.0,0.0,0.0
MAR01547,0.0,0.0,0.0,0.0,0.0,0.0,0.0
MAR01548,0.0,0.0,0.0,0.0,0.0,0.0,0.0
MAR01549,0.0,0.0,0.0,0.0,0.0,0.0,0.0
MAR01550,0.0,0.0,0.0,0.0,0.0,0.0,0.0
MAR01551,0.0,0.0,0.0,0.0,0.0,0.0,0.0
MAR01552,0.0,0.0,0.0,0.0,0.0,0.0,0.0
MAR01553,0.0,0.0,0.0,0.0,0.0,0.0,0.0
MAR01561,1.6430060003279177,4.398757316861796,-11.276789728890353,-6.327146568467789,1.4315246549095588,8.919720723145732,11.43249792135121
MAR01572,-28.05660056085545,57.75568718835044,-151.4975988955847,-102.93031332684622,-36.349357134373285,39.15188942789204,270.81046820439036
MAR01573,445.44841153167573,131.51176115731073,44.38133418920566,50.86958856150401,464.1511033289464,591.4499672801259,739.2917472024594
MAR01577,417.3918109708209,144.80235948040476,11.492892351039892,15.587338463334136,425.46958413753293,707.1785036374395,867.9456062741477
MAR01589,39.02816955931638,79.1062689644752,0.007715584979483233,1.0524217381572802,26.268149473968617,57.41626297314377,583.1751996534563
MAR01590,17.239495778834293,13.334439026233436,0.008194544462487678,0.3087126925721087,13.906753862533842,39.76920259103948,54.59974517655581
MAR01593,-56.26766533815093,77.78287017084028,-583.6652732418092,-80.53620131308294,-50.61021684127776,-2.1531805652343747,-0.2714452860354645
MAR01595,56.26766533815093,77.78287017084028,0.2714452860354645,2.153180565234339,50.61021684127775,80.5362013130829,583.6652732418092
MAR01598,35.23426974200482,79.18180978082215,0.07734806745585968,0.8997610464896417,23.312202162853517,52.2663304383985,583.1993937702346
MAR01599,21.033395596145894,14.673718550746491,0.034355767388455014,0.1846502791955252,23.581715954033818,42.356564095145586,48.07213776371524
MAR01601,206.2751557350872,62.9816181679404,20.196273108697028,23.46800385461467,223.03286012724334,264.14013763155396,288.5910958505828
MAR01602,56.26766533815092,77.78287017084031,0.2714452860354644,2.153180565234339,50.61021684127776,80.53620131308288,583.6652732418094
MAR01607,0.7489654420225003,0.00152819630574263,0.748071072124466,0.748089461140622,0.7484988017925401,0.7509517457405908,0.7614769174239326
MAR01608,341.02805253216843,108.18517012423843,43.77938779440817,156.1153233259516,333.2294061038763,503.7097044095559,748.7119096950548
MAR01611,341.0280525321683,108.1851701242384,43.779387794408144,156.11532332595172,333.2294061038755,503.7097044095559,748.7119096950548
MAR01616,0.0,0.0,0.0,0.0,0.0,0.0,0.0
MAR01620,184.45192743237223,170.5200355466978,-845.4211277596198,11.78851889447668,208.03016538327591,326.23082645185684,487.51328465971915
MAR01621,57.96393310239642,272.7263053144136,-913.4448481957954,-638.7677675337009,113.15635410664062,385.1236298974234,457.68431929641497
MAR01623,0.0,0.0,0.0,0.0,0.0,0.0,0.0
MAR01626,-140.9365478039272,298.01037877294493,-966.1436503324537,-955.5742157563454,-87.23734784672422,158.25547359124508,716.6287816835688
MAR01629,0.0,0.0,0.0,0.0,0.0,0.0,0.0
MAR01631,0.0,0.0,0.0,0.0,0.0,0.0,0.0
MAR01632,0.0,0.0,0.0,0.0,0.0,0.0,0.0
MAR01633,5.335518189269645,4.731289424157438,0.015017923745797062,0.1665188845906935,4.240611609740112,15.387105389922736,20.5683989479214
MAR01642,456.664886259101,175.04351963092427,18.062569419636084,22.22456854438198,453.8127653248378,847.1824493192515,990.0369939542156
MAR01646,456.66488625910097,175.0435196309243,18.062569419636084,22.224568544381967,453.81276532483787,847.1824493192515,990.0369939542154
MAR01652,0.0,0.0,0.0,0.0,0.0,0.0,0.0
MAR01667,0.0,0.0,0.0,0.0,0.0,0.0,0.0
MAR01668,29.741190259963005,74.32915740741416,0.0034232831421392583,0.2016572257897627,14.368263559503514,336.9355755610123,337.0236137533282
MAR01669,4.754560080146303,4.67537328504765,0.4811424019780328,0.4932386989165973,2.943661515161491,14.872847478981484,18.366226812974574
MAR01670,2.6860603082884116,3.335062984793155,0.0050887095580326395,0.05422612268160507,1.475072282930621,10.7541510304136,16.609926267610483
MAR01671,97.85584223121533,125.52957934495672,-73.98076099882722,-5.905392775004363,84.21815213643745,182.39945673130293,884.9361688324315
MAR01672,56.26766533815087,77.7828701708403,0.2714452860354645,2.15318056523434,50.61021684127773,80.53620131308286,583.6652732418094
MAR01673,0.0,0.0,0.0,0.0,0.0,0.0,0.0
MAR01676,0.0,0.0,0.0,0.0,0.0,0.0,0.0
MAR01678,0.0,0.0,0.0,0.0,0.0,0.0,0.0
MAR01679,0.0,0.0,0.0,0.0,0.0,0.0,0.0
MAR01684,148.9189462382358,131.68699741115603,-28.04624025804111,5.952302726792021,127.14730179679111,401.09435939261994,634.5561777822564
MAR01692,-372.70239797817464,192.73516423024037,-977.7066239246983,-970.9279315354811,-357.50703227037116,-36.13072380953338,36.53561415803347
MAR01694,-81.96420171596935,40.87740084259522,-172.23341921270205,-155.55498605362814,-83.39090014358851,-2.605389023876093,1.1730809855650743
MAR01700,6.54072632151732,3.8337749736723823,0.014347809944253213,0.4057287133488588,6.2802604225986585,13.301391620689335,18.9857868333516
MAR01703,6.540726321517317,3.8337749736723805,0.014347809944253448,0.40572871334885874,6.280260422598655,13.301391620689325,18.9857868333516
MAR01704,6.540726321517333,3.8337749736723814,0.014347809944253213,0.4057287133488579,6.280260422598651,13.301391620689316,18.98578683335164
MAR01706,12.91775996924717,18.861823127016212,0.15486185480615144,0.8549112100337659,7.4808499158214365,37.35419445772924,131.74714910524085
MAR01708,3.4761412449547,2.889906721939341,0.013716103695955512,0.19967159481257638,2.7478154396240173,9.612051510959342,14.08962969282253
MAR01710,3.476141244954688,2.889906721939336,0.013716103695957355,0.19967159481257557,2.7478154396239867,9.612051510959288,14.08962969282251
MAR01711,0.43779786808038473,0.4151341230387256,2.2029381820899475e-05,0.009998825458535204,0.32774735924885645,1.3284609949220756,2.279098273890247
MAR01714,0.0,0.0,0.0,0.0,0.0,0.0,0.0
MAR01718,-2.3078637856198255e-15,6.690344144367318e-15,-2.005459790631799e-14,-1.474279811900305e-14,-1.9245803786547635e-15,8.626500918361202e-15,1.8061212663575137e-14
MAR01720,0.0,0.0,0.0,0.0,0.0,0.0,0.0
MAR01721,-114.64879819322454,339.2109772672112,-965.3610121355379,-958.4837190544451,-134.67696362935664,656.6920612547204,940.2323393505696
MAR01722,5.7576356571632895e-15,6.9456805055967666e-15,-6.516740177345653e-15,-2.7287680572984976e-15,4.755633786795347e-15,1.7482871704134943e-14,1.8343142415793027e-14
MAR01723,-2.1643275156289657e-16,6.668263408888533e-15,-2.4271876902378485e-14,-9.844615242328933e-15,-4.577280920271282e-17,1.2855563915326044e-14,1.4521514583058994e-14
MAR01733,-707.7359635099739,130.11449596381917,-995.1905212765178,-988.7390102311928,-664.8133302752162,-561.3779778590327,-484.50994977360716
MAR01736,0.0,0.0,0.0,0.0,0.0,0.0,0.0
MAR01738,0.0,0.0,0.0,0.0,0.0,0.0,0.0
MAR01739,0.0,0.0,0.0,0.0,0.0,0.0,0.0
MAR01740,0.0,0.0,0.0,0.0,0.0,0.0,0.0
MAR01741,0.0,0.0,0.0,0.0,0.0,0.0,0.0
MAR01742,0.0,0.0,0.0,0.0,0.0,0.0,0.0
MAR01743,0.0,0.0,0.0,0.0,0.0,0.0,0.0
MAR01744,0.0,0.0,0.0,0.0,0.0,0.0,0.0
MAR01745,0.0,0.0,0.0,0.0,0.0,0.0,0.0
MAR01746,0.0,0.0,0.0,0.0,0.0,0.0,0.0
MAR01747,0.0,0.0,0.0,0.0,0.0,0.0,0.0
MAR01748,0.0,0.0,0.0,0.0,0.0,0.0,0.0
MAR01749,0.0,0.0,0.0,0.0,0.0,0.0,0.0
MAR01750,0.0,0.0,0.0,0.0,0.0,0.0,0.0
MAR01751,0.0,0.0,0.0,0.0,0.0,0.0,0.0
MAR01752,0.0,0.0,0.0,0.0,0.0,0.0,0.0
MAR01753,0.0,0.0,0.0,0.0,0.0,0.0,0.0
MAR01754,0.0,0.0,0.0,0.0,0.0,0.0,0.0
MAR01755,0.0,0.0,0.0,0.0,0.0,0.0,0.0
MAR01756,0.0,0.0,0.0,0.0,0.0,0.0,0.0
MAR01757,0.0,0.0,0.0,0.0,0.0,0.0,0.0
MAR01758,0.0,0.0,0.0,0.0,0.0,0.0,0.0
MAR01759,0.0,0.0,0.0,0.0,0.0,0.0,0.0
MAR01760,0.0,0.0,0.0,0.0,0.0,0.0,0.0
MAR01763,0.0,0.0,0.0,0.0,0.0,0.0,0.0
MAR01766,412.19192094701356,104.7801978404238,77.17073612896151,226.96962872302387,410.9296231293521,593.403358767721,635.3375940163083
MAR01767,100.30845976164494,104.5417651856845,12.735479300093546,26.918288033734395,72.65045473969268,488.98454070432956,492.5785610194198
MAR01768,100.30845976164511,104.54176518568445,12.735479300093553,26.918288033734573,72.6504547396928,488.98454070432956,492.5785610194198
MAR01769,311.88346118536975,137.62115763330442,3.133796417863808,13.714843655066872,321.7470774169817,531.6295462980157,571.6266825803248
MAR01770,100.30845976164495,104.5417651856845,12.735479300093568,26.918288033734523,72.65045473969269,488.98454070432956,492.5785610194198
MAR01771,311.88346118536975,137.62115763330442,3.1337964178638034,13.71484365506684,321.74707741698114,531.6295462980157,571.6266825803248
MAR01772,-240.71959277052298,116.93277236082565,-527.4224624380631,-373.3156205355329,-251.87702233246318,-12.286397645238239,263.74981755890093
MAR01773,0.0,0.0,0.0,0.0,0.0,0.0,0.0
MAR01774,88.5049280374866,41.50764687171247,0.2781761937590298,2.9003569814581156,89.76179520771834,163.7932209155153,175.99796862256312
MAR01775,0.0,0.0,0.0,0.0,0.0,0.0,0.0
MAR01780,143.8823155596385,241.66037323780702,-112.27852096259826,-61.72702816273601,80.08884556268922,963.6807305876175,970.7103165111199
MAR01795,-4.1317428954029744e-15,9.599901300513413e-15,-3.929368131996876e-14,-1.9963169745336548e-14,-1.2180542492211724e-15,9.361856392110038e-15,1.4408359207058318e-14
MAR01797,0.0,0.0,0.0,0.0,0.0,0.0,0.0
MAR01799,-91.4187787455148,347.80514866647337,-971.6485283356111,-966.0154185214454,-121.21837014055976,655.2131097614068,980.0501562216295
MAR01802,56.26766533815084,77.78287017084027,0.2714452860354611,2.153180565234335,50.61021684127768,80.53620131308283,583.6652732418092
MAR01803,0.0,0.0,0.0,0.0,0.0,0.0,0.0
MAR01804,0.0,0.0,0.0,0.0,0.0,0.0,0.0
MAR01805,205.87311162791121,60.5309706573447,44.17507037421977,94.94984928884386,200.9093130575747,325.64040968439315,329.6612593854736
MAR01806,149.6054462897617,85.74066312506915,-263.0418756812335,59.97916715773775,146.5851132417901,321.6769212237834,329.2608854911557
MAR01807,-205.87311162791124,60.53097065734473,-329.6612593854736,-325.6404096843932,-200.9093130575748,-94.94984928884406,-44.17507037421977
MAR01809,0.0,0.0,0.0,0.0,0.0,0.0,0.0
MAR01810,0.0,0.0,0.0,0.0,0.0,0.0,0.0
MAR01811,0.0,0.0,0.0,0.0,0.0,0.0,0.0
MAR01813,0.0,0.0,0.0,0.0,0.0,0.0,0.0
MAR01814,166.41225338436254,327.81843472652594,-900.2989151243594,-659.9800102173646,188.31695422597133,954.226018273451,965.0658953399948
MAR01820,-619.8952430177152,159.0483445852596,-988.0961482001442,-984.9381555228956,-612.3719674326658,-384.66115454964216,-182.40066315279614
MAR01827,-206.4554001223236,74.47695857050822,-390.02214760125497,-292.95813280065306,-215.3772786417089,-11.575688363213136,-2.587076141136816
MAR01835,628.0742165464552,134.67475837379297,155.70049717895787,356.92622001941163,645.2123732253956,771.3337038297869,954.2474848498548
MAR01838,5.173689362493836,5.059769289247796,0.00799686112748499,0.09524661016507324,3.748091412032828,12.749447035122742,35.3683123632778
MAR01839,78.21254767003033,130.32374026856115,0.32597430760190294,2.6669006100417385,49.83514577615148,171.47956214507334,713.3175967922394
MAR01840,20.20001456874902,89.7969034213633,0.0012689430154998252,0.09005598297108053,2.7012263485039503,28.629649592055035,661.971198942907
MAR01841,0.0,0.0,0.0,0.0,0.0,0.0,0.0
MAR01842,-2.53808791129229e-18,6.977875895076002e-18,-2.7342879729860598e-17,-1.4951798833830786e-17,-1.8384199715149823e-19,5.191616163640059e-18,5.319265831014687e-18
MAR01844,0.0,0.0,0.0,0.0,0.0,0.0,0.0
MAR01848,32.427250568251594,73.73840444411823,0.039549867007189765,0.5636975018106929,15.232796224772667,337.02279894858106,337.29648119983074
MAR01849,0.0,0.0,0.0,0.0,0.0,0.0,0.0
MAR01850,32.42725056825155,73.73840444411825,0.03954986700718971,0.5636975018106974,15.232796224772564,337.0227989485811,337.29648119983074
MAR01852,-32.29479030833879,58.466897540547514,-262.82653744689634,-261.78727625644626,-13.9709241795511,2.006651802285803,7.9238117062261235
MAR01854,0.0,0.0,0.0,0.0,0.0,0.0,0.0
MAR01855,15.643773389800574,12.498997533466698,0.008473077968044989,0.5444346846089889,13.007178626441,41.01840444660852,58.69732346278545
MAR01859,32.29479030833885,58.46689754054749,-7.923811706226074,-2.006651802285766,13.97092417955109,261.78727625644626,262.82653744689634
MAR01860,-412.19192094701356,104.7801978404237,-635.337594016308,-593.4033587677208,-410.9296231293523,-226.9696287230239,-77.17073612896152
MAR01862,108.60854879842009,57.2895725908632,3.688282252096118,8.616750476163615,114.10225652198503,193.809029975939,222.33693581338116
MAR01863,7.934136609369456,5.821072574453316,0.005954879236602745,0.2404970812576411,6.3990019856616644,17.48628147832756,22.108195085238496
MAR01864,12.462063340828895,13.592605499537353,0.0024802365210307275,0.13111045352057915,9.645717006783784,34.63977919711814,78.94271267455906
MAR01865,2.4421340548439594,2.5949709326066612,0.001419591339055449,0.054909760956385195,1.147335323134432,7.008219307364092,11.530327904935177
MAR01866,31.39830706760459,20.936646787132084,0.031116399554679475,1.7224122661664099,27.173593077640184,73.39195081065903,87.24352831612384
MAR01867,33.81589846847884,57.4537035595298,0.011444966368279914,2.237884051631901,15.453592878740205,262.1020360007973,263.019598577855
MAR01868,4.837408623876057,4.634936686258084,0.009085448043502337,0.1285888900619706,3.458055358426402,15.322272263992005,20.4651899049139
MAR01869,0.0,0.0,0.0,0.0,0.0,0.0,0.0
MAR01870,8.122174081162068,8.274678799471411,0.017632804169664586,0.39545342008428885,5.439022300194959,25.883889977690547,34.395621006021635
MAR01871,528.4145453490871,80.71596565407363,340.2074235411993,344.26543549376754,536.0998671430898,583.1927723438589,948.9217578153817
MAR01872,10.016109883027973,8.334044795013234,0.013656215201198914,0.22464245546631914,8.339671796927654,25.72383160364603,33.76804779078098
MAR01874,8.061834481657266,7.655074446741738,0.004862232664232942,0.1590978784736489,5.633280710949947,26.15023320351193,32.48700648835509
MAR01875,-187.53631543817616,151.74389123666063,-402.20656050121096,-376.2280686710358,-213.20368817045625,327.7361319994651,335.3045766643505
MAR01876,207.06022936976586,199.93402295844493,-258.72035556513936,-254.8615970771142,180.62017158475734,717.1090358848671,901.9428662761627
MAR01877,44.27700597781531,100.18852409142085,-336.5787707918049,-333.2708127057496,63.25742163100756,130.7464072682575,276.69243696842545
MAR01878,13.454068965994967,10.164982930375839,0.004293432695052772,0.31330188213040205,11.341027233450564,32.35254349674345,44.186683479832155
MAR01879,538.0274262542971,172.36824862839038,-28.489218690265034,188.4504789662162,537.6818327231329,979.6947080293556,992.6854648556495
MAR01880,-862.4248088379171,121.1247561285122,-999.629925688041,-993.7808409520114,-871.1787515133007,-780.0077720468663,-100.95572528859815
MAR01881,582.1135061782975,185.01817720908923,19.055407557624342,25.581895452357433,595.0864815238166,906.0463980364727,996.5891396081644
MAR01882,481.4697749158741,172.474709247867,44.58417846098502,124.48456647064349,486.136401586988,973.6102467447614,979.128891113616
MAR01883,114.46609001001097,300.78219547063117,-887.0222925853571,-625.2024213816921,109.1893792496362,954.1223570655937,964.3022285734609
MAR01884,-429.9109786168898,168.94830799436488,-951.1279224661031,-851.420289508481,-425.7098786559359,-22.560719262257287,-15.794139740082983
MAR01885,-52.45698592966828,318.36703671696836,-960.9372143604545,-949.2318196877621,-52.72935515971827,700.4196382724626,904.3946456790853
MAR01886,-394.9312815043556,174.51541999403733,-976.5603832284585,-969.722221573259,-386.48889305443856,-105.56384202996956,-36.43105453606565
MAR01887,380.88408480861585,170.13782781913218,15.116315992677348,22.161786207405694,366.6135759278733,822.7208892399331,950.0052169212415
MAR01888,50.678519140753316,325.5871094846739,-902.9823986899104,-700.4862239872555,43.07298787394407,948.696452663442,961.0338979976688
MAR01889,34.729215385540066,318.1893834698029,-901.2357144954289,-710.478412583545,51.793065523900594,951.2700316200583,961.8806650083999
MAR01890,-33.346070283259834,35.41295656826977,-129.78892924994642,-87.95220523166039,-29.772629748847606,16.31937558496141,45.80463792843898
MAR01891,-98.81914366953849,317.1434913788195,-964.1526675832297,-952.9285729539487,-117.6014543144054,681.5899338778745,900.3101808924805
MAR01892,-38.33225898695016,204.3481328979529,-912.1126792636007,-244.88666270254944,-32.75215743917397,142.47710729889434,879.9731767222094
MAR01893,369.25322518094833,175.13733576006268,3.266184682462267,96.56826438888139,365.19096750928156,971.0280782176422,975.5670649051149
MAR01894,-103.37288779145355,323.0194917130495,-962.8002335543533,-950.4475284069896,-114.56786920972556,689.9115955422177,901.7512221007894
MAR01898,474.88501717873373,174.81273365861958,44.265111492424346,122.25683410800016,472.0969753419803,972.8760836134376,978.8132209548334
MAR01899,-359.8626177227466,173.5424604439067,-951.4048793381972,-821.4484342802359,-338.0054889122698,-20.94521616398837,-13.85163940840249
MAR01900,-115.02239945598832,325.1760682504244,-963.6653599278828,-951.9559899928687,-134.69082843035682,689.28681122649,903.1722854307293
MAR01901,380.2508643559161,169.33708431078276,15.383843032867706,22.298106461912692,356.0794339339534,819.0952208134472,951.4233814055677
MAR01902,-486.6289931646266,170.61900843579662,-979.1123753300354,-973.3951247940292,-491.51919004628303,-121.83279064626593,-46.97771594427852
MAR01903,106.37812880871046,318.37600034173687,-903.1647218474897,-687.0361506219541,133.46223460443383,951.9521816707509,963.3988586289096
MAR01904,373.51585140171335,169.17178408430084,15.430513125258617,22.15311735417985,345.2801999171718,817.7131393429015,950.4129380238111
MAR01905,-18.893889534741696,21.13578887069896,-70.51466179067052,-60.77506132084727,-8.77799609941053,0.06861086749642212,1.516474971795219
MAR01906,-354.6219618669711,175.26478987205567,-949.9551343951242,-814.6767214326152,-330.7655061247677,-22.361556439545073,-15.366414867423732
MAR01907,-82.15868900269267,313.9724895985372,-963.1433847791744,-951.8946187489086,-100.82047487069954,688.600595252257,903.2015957971232
MAR01908,-3.6082668455895655,5.177046693183398,-14.41945798317363,-13.3058221329007,-1.76095381633246,5.554352883279972,5.90039134780028
MAR01909,85.7669558482836,315.12629359821364,-903.1962000252514,-688.5713352164705,102.89329176284295,951.8973227714853,963.1446106413052
MAR01911,3.2309708529501893,2.1730335385459436,0.0004412641744543066,0.14549264515992638,3.0289548511592255,7.251544549173716,9.984808434901854
MAR01916,2.6250931798303063,2.957330664561144,0.0023153746221267115,0.0582023597398469,2.23982573853155,8.077786642037072,14.490440534107329
MAR01921,0.0,0.0,0.0,0.0,0.0,0.0,0.0
MAR01939,-0.004657045727601591,9.502280981604815e-06,-0.004734841724294908,-0.00466939650738462,-0.004654144171996898,-0.004651598903479181,-0.004651484561100298
MAR01957,0.0,0.0,0.0,0.0,0.0,0.0,0.0
MAR01964,222.63190284155385,105.2068717058556,-35.60235033165974,11.831272511204716,231.63213936057753,321.61956477941203,716.0744142552518
MAR01965,-222.63190284155385,105.2068717058556,-716.0744142552518,-321.61956477941203,-231.63213936057753,-11.831272511204721,35.60235033165974
MAR01973,0.0,0.0,0.0,0.0,0.0,0.0,0.0
MAR01974,-2.555717547128442e-15,2.7616873937333803e-15,-7.763516396010365e-15,-7.50996295444509e-15,-2.320599002116278e-15,2.2866306932738312e-15,2.9436781479205272e-15
MAR01977,0.0,0.0,0.0,0.0,0.0,0.0,0.0
MAR01978,7.616562390698193,7.028541018627743,0.0036471836272148742,0.1946683804519843,4.95122027332517,20.86139254379622,26.882077090853397
MAR01996,149.6300568944576,78.47670607265215,2.051770277487586,9.669390220725885,167.06043246629466,268.8798868615767,323.37838021992224
MAR01997,0.0,0.0,0.0,0.0,0.0,0.0,0.0
MAR01998,-105.8547170950937,269.3960946117824,-969.4712694048152,-965.2715630476454,-101.61628349261186,132.25435011030817,880.0840392548739
MAR02002,1.2427001749711423e-14,1.904676820865068e-14,-6.231551366996825e-15,-1.79271981322494e-15,4.581330487707214e-15,5.2232648792630573e-14,7.817043637710209e-14
MAR02003,388.7013977745402,261.74425673895485,-615.5491347014278,34.82841595109759,435.6837555018292,969.5381417311141,976.6908534019288
MAR02004,388.70139777454165,261.7442567389548,-615.5491347014275,34.82841595109761,435.6837555018278,969.5381417311136,976.6908534019295
MAR02014,0.0,0.0,0.0,0.0,0.0,0.0,0.0
MAR02015,-1.2835343344289409e-16,2.415332329938059e-16,-1.0629398948951354e-15,-6.004705944947272e-16,-5.5281372862861726e-17,9.07484402175194e-17,9.132981688765854e-17
MAR02016,0.0,0.0,0.0,0.0,0.0,0.0,0.0
MAR02017,0.0,0.0,0.0,0.0,0.0,0.0,0.0
MAR02018,0.0,0.0,0.0,0.0,0.0,0.0,0.0
MAR02019,0.0,0.0,0.0,0.0,0.0,0.0,0.0
MAR02036,-46.123330289132866,311.8987878376237,-921.7595438797917,-297.0085096053474,-108.56634926315493,954.2854194669095,960.2604728844179
MAR02039,46.12333028913362,311.89878783762356,-960.2604728844177,-954.2854194669079,108.56634926315758,297.00850960534603,921.7595438797914
MAR02041,-158.83726844143297,244.68187132643658,-970.4970505632047,-962.075420439068,-107.88397081383138,89.27510354643879,167.59124245950295
MAR02042,-4.25475804776517e-15,3.3030721898345627e-15,-1.1732040114030348e-14,-9.634689987658262e-15,-3.4728351938585746e-15,-3.1090915640407414e-17,2.196381625619896e-15
MAR02043,0.0,0.0,0.0,0.0,0.0,0.0,0.0
MAR02044,0.0,0.0,0.0,0.0,0.0,0.0,0.0
MAR02045,-4.252891310646194e-15,3.3010298825820383e-15,-1.173060375780243e-14,-9.64094329150314e-15,-3.4753214225431254e-15,-3.215522595823128e-17,2.1970067518183117e-15
MAR02046,-1.615038961216692e-16,8.859784014072859e-16,-1.9384692866905055e-15,-1.934012242275222e-15,7.599788280598845e-20,9.252298553000676e-16,1.7645609883253856e-15
MAR02047,0.0,0.0,0.0,0.0,0.0,0.0,0.0
MAR02048,8.619741219682111e-14,4.412838232580834e-14,-3.9796774276159754e-14,3.524867664335652e-15,8.291112232258715e-14,1.8637067696773783e-13,2.0198078096534868e-13
MAR02049,0.0,0.0,0.0,0.0,0.0,0.0,0.0
MAR02051,0.0,0.0,0.0,0.0,0.0,0.0,0.0
MAR02052,0.0,0.0,0.0,0.0,0.0,0.0,0.0
MAR02053,0.0,0.0,0.0,0.0,0.0,0.0,0.0
MAR02054,0.0,0.0,0.0,0.0,0.0,0.0,0.0
MAR02055,4.917749042638928e-15,5.884070824028892e-15,-8.207588852015069e-15,-1.800392953445896e-15,3.3490917617486244e-15,1.813404889401236e-14,2.110151307670436e-14
MAR02057,-5.5047106777661985e-15,4.714588443018562e-15,-1.9460746613637595e-14,-1.4679180326305497e-14,-4.921348339144255e-15,4.379301134773406e-17,4.639359788146831e-15
MAR02058,5.073974199387832e-15,6.128001013898349e-15,-8.35410081934028e-15,-1.7770843436683784e-15,3.439544777086134e-15,1.8722258188842725e-14,2.188417673157633e-14
MAR02059,-5.234036332250285e-15,4.768008895048051e-15,-1.891337432193992e-14,-1.4201098845170153e-14,-4.706447205484141e-15,5.9960533071727005e-16,4.716531763952535e-15
MAR02060,0.0,0.0,0.0,0.0,0.0,0.0,0.0
MAR02061,0.0,0.0,0.0,0.0,0.0,0.0,0.0
MAR02063,0.0,0.0,0.0,0.0,0.0,0.0,0.0
MAR02064,0.0,0.0,0.0,0.0,0.0,0.0,0.0
MAR02065,0.0,0.0,0.0,0.0,0.0,0.0,0.0
MAR02066,0.0,0.0,0.0,0.0,0.0,0.0,0.0
MAR02067,0.0,0.0,0.0,0.0,0.0,0.0,0.0
MAR02068,0.0,0.0,0.0,0.0,0.0,0.0,0.0
MAR02069,0.0,0.0,0.0,0.0,0.0,0.0,0.0
MAR02070,0.0,0.0,0.0,0.0,0.0,0.0,0.0
MAR02071,0.0,0.0,0.0,0.0,0.0,0.0,0.0
MAR02072,0.0,0.0,0.0,0.0,0.0,0.0,0.0
MAR02073,0.0,0.0,0.0,0.0,0.0,0.0,0.0
MAR02074,0.0,0.0,0.0,0.0,0.0,0.0,0.0
MAR02075,0.0,0.0,0.0,0.0,0.0,0.0,0.0
MAR02076,0.0,0.0,0.0,0.0,0.0,0.0,0.0
MAR02078,0.0,0.0,0.0,0.0,0.0,0.0,0.0
MAR02079,0.0,0.0,0.0,0.0,0.0,0.0,0.0
MAR02080,0.0,0.0,0.0,0.0,0.0,0.0,0.0
MAR02081,0.0,0.0,0.0,0.0,0.0,0.0,0.0
MAR02082,0.0,0.0,0.0,0.0,0.0,0.0,0.0
MAR02083,0.0,0.0,0.0,0.0,0.0,0.0,0.0
MAR02084,0.0,0.0,0.0,0.0,0.0,0.0,0.0
MAR02085,0.0,0.0,0.0,0.0,0.0,0.0,0.0
MAR02086,0.0,0.0,0.0,0.0,0.0,0.0,0.0
MAR02087,523.3912444124478,168.71226326015227,16.36413160898077,20.022546505357795,541.6585226307106,827.8206683786178,955.0905063425199
MAR02088,523.391244412448,168.71226326015233,16.364131608980763,20.022546505357813,541.6585226307108,827.820668378618,955.09050634252
MAR02089,-523.3912444124469,168.7122632601524,-955.0905063425178,-827.820668378618,-541.6585226307075,-20.022546505356633,-16.364131608980983
MAR02090,-523.3912444124481,168.71226326015233,-955.09050634252,-827.8206683786182,-541.6585226307108,-20.022546505357813,-16.364131608980763
MAR02091,0.0,0.0,0.0,0.0,0.0,0.0,0.0
MAR02092,0.0,0.0,0.0,0.0,0.0,0.0,0.0
MAR02093,0.0,0.0,0.0,0.0,0.0,0.0,0.0
MAR02094,0.0,0.0,0.0,0.0,0.0,0.0,0.0
MAR02095,0.0,0.0,0.0,0.0,0.0,0.0,0.0
MAR02096,0.0,0.0,0.0,0.0,0.0,0.0,0.0
MAR02097,0.0,0.0,0.0,0.0,0.0,0.0,0.0
MAR02098,0.0,0.0,0.0,0.0,0.0,0.0,0.0
MAR02099,0.0,0.0,0.0,0.0,0.0,0.0,0.0
MAR02100,0.0,0.0,0.0,0.0,0.0,0.0,0.0
MAR02101,0.0,0.0,0.0,0.0,0.0,0.0,0.0
MAR02102,0.0,0.0,0.0,0.0,0.0,0.0,0.0
MAR02103,0.0,0.0,0.0,0.0,0.0,0.0,0.0
MAR02104,0.0,0.0,0.0,0.0,0.0,0.0,0.0
MAR02105,0.0,0.0,0.0,0.0,0.0,0.0,0.0
MAR02106,0.0,0.0,0.0,0.0,0.0,0.0,0.0
MAR02107,0.0,0.0,0.0,0.0,0.0,0.0,0.0
MAR02108,0.0,0.0,0.0,0.0,0.0,0.0,0.0
MAR02109,0.0,0.0,0.0,0.0,0.0,0.0,0.0
MAR02110,0.0,0.0,0.0,0.0,0.0,0.0,0.0
MAR02111,0.0,0.0,0.0,0.0,0.0,0.0,0.0
MAR02112,0.0,0.0,0.0,0.0,0.0,0.0,0.0
MAR02113,0.0,0.0,0.0,0.0,0.0,0.0,0.0
MAR02117,0.0,0.0,0.0,0.0,0.0,0.0,0.0
MAR02126,3.245194510925324,2.605237758353124,0.000289694928729433,0.019550540795735438,2.3332658427000807,8.37461180054793,8.594243573640407
MAR02127,0.002321773522157077,4.737369069728371e-06,0.0023190009985775252,0.002319058004052558,0.0023203269494989735,0.002327931012370736,0.002360558772691093
MAR02128,24.969363874977745,17.707177514252344,0.012502989441591674,0.9268332839035357,22.631841997011147,58.95268182855871,88.04683746289997
MAR02129,0.0023217735221570776,4.737369069728333e-06,0.0023190009985775257,0.0023190580040525588,0.002320326949498973,0.002327931012370737,0.0023605587726910934
MAR02130,-0.0023217735221570763,4.737369069728441e-06,-0.002360558772691093,-0.0023279310123707356,-0.0023203269494989727,-0.0023190580040525583,-0.0023190009985775257
MAR02131,0.0023217735221570768,4.737369069728468e-06,0.0023190009985775257,0.0023190580040525583,0.0023203269494989727,0.0023279310123707356,0.002360558772691093
MAR02132,0.0023217735221570763,4.737369069728439e-06,0.0023190009985775257,0.0023190580040525583,0.0023203269494989727,0.0023279310123707356,0.002360558772691093
MAR02133,0.002321773522157079,4.737369069728072e-06,0.0023190009985775252,0.002319058004052558,0.0023203269494989787,0.002327931012370736,0.0023605587726910904
MAR02134,0.0023217735221570768,4.737369069728373e-06,0.0023190009985775252,0.002319058004052558,0.0023203269494989727,0.0023279310123707356,0.002360558772691093
MAR02135,0.002321773522157077,4.737369069728327e-06,0.0023190009985775252,0.002319058004052558,0.0023203269494989744,0.0023279310123707356,0.002360558772691093
MAR02136,0.002321773522157079,4.73736906972815e-06,0.0023190009985775252,0.002319058004052558,0.002320326949498977,0.002327931012370736,0.0023605587726910904
MAR02137,0.002321773522157077,4.737369069728371e-06,0.0023190009985775252,0.002319058004052558,0.002320326949498974,0.0023279310123707365,0.002360558772691093
MAR02139,0.0023217735221570768,4.737369069728482e-06,0.0023190009985775252,0.0023190580040525575,0.0023203269494989735,0.0023279310123707365,0.002360558772691093
MAR02141,0.0023217735221570785,4.737369069728173e-06,0.0023190009985775252,0.002319058004052558,0.002320326949498978,0.002327931012370736,0.0023605587726910904
MAR02142,0.0023217735221570763,4.737369069728464e-06,0.0023190009985775252,0.0023190580040525575,0.002320326949498974,0.002327931012370736,0.002360558772691093
MAR02143,0.0023217735221570785,4.737369069728173e-06,0.0023190009985775252,0.002319058004052558,0.002320326949498978,0.002327931012370736,0.0023605587726910904
MAR02144,0.002321773522157077,4.737369069728372e-06,0.0023190009985775252,0.002319058004052558,0.0023203269494989744,0.0023279310123707356,0.002360558772691093
MAR02145,0.002321773522157079,4.737369069728095e-06,0.0023190009985775252,0.002319058004052558,0.002320326949498978,0.002327931012370736,0.0023605587726910904
MAR02146,-152.22378040155496,120.55096065513327,-899.7413307092254,-232.3981832744563,-145.05525309916945,-6.7052606570346045,-0.367053105740931
MAR02150,50.66118046597096,17.369053564302163,6.07824135819703,18.29343258423714,50.1012123314981,69.66773440744356,136.62716097467847
MAR02151,376.0816557291747,125.76420419247432,43.25333223411536,130.862507024486,375.9240071611755,508.8238815858615,984.8362547159261
MAR02152,50.66118046597126,17.36905356430222,6.078241358196996,18.293432584237085,50.101212331498246,69.66773440744424,136.6271609746785
MAR02153,50.66118046597126,17.36905356430221,6.078241358196996,18.293432584237085,50.10121233149827,69.66773440744423,136.6271609746785
MAR02154,50.66118046597126,17.369053564302213,6.078241358196996,18.293432584237085,50.101212331498246,69.66773440744423,136.62716097467853
MAR02155,50.66118046597127,17.36905356430221,6.078241358196996,18.293432584237085,50.101212331498274,69.66773440744423,136.6271609746785
MAR02156,50.661180465971285,17.36905356430221,6.078241358196996,18.293432584237085,50.101212331498296,69.66773440744421,136.6271609746785
MAR02157,50.6611804659713,17.369053564302213,6.078241358196996,18.293432584237085,50.10121233149832,69.66773440744421,136.6271609746785
MAR02158,50.661180465971285,17.369053564302217,6.078241358196996,18.293432584237095,50.10121233149826,69.66773440744421,136.62716097467853
MAR02159,50.66118046597129,17.369053564302213,6.078241358196996,18.293432584237095,50.101212331498274,69.66773440744423,136.6271609746785
MAR02160,50.661180465971285,17.36905356430221,6.078241358196997,18.293432584237085,50.1012123314983,69.66773440744421,136.6271609746785
MAR02161,50.661180465971285,17.369053564302213,6.078241358196997,18.293432584237085,50.1012123314983,69.66773440744421,136.6271609746785
MAR02162,50.66118046597129,17.36905356430222,6.078241358196997,18.293432584237095,50.101212331498246,69.66773440744421,136.62716097467853
MAR02163,50.6611804659713,17.369053564302213,6.078241358196997,18.293432584237095,50.10121233149829,69.66773440744423,136.6271609746785
MAR02164,50.66118046597128,17.36905356430221,6.078241358196997,18.293432584237085,50.10121233149829,69.66773440744421,136.6271609746785
MAR02165,50.66118046597131,17.369053564302217,6.078241358196997,18.293432584237085,50.10121233149833,69.66773440744421,136.6271609746785
MAR02166,50.661180465971285,17.369053564302217,6.078241358196997,18.293432584237095,50.10121233149826,69.66773440744419,136.62716097467853
MAR02167,50.661180465971306,17.369053564302217,6.078241358196997,18.293432584237095,50.10121233149829,69.66773440744423,136.6271609746785
MAR02168,50.66118046597128,17.36905356430221,6.078241358196997,18.293432584237085,50.10121233149829,69.66773440744421,136.6271609746785
MAR02169,50.66118046597126,17.36905356430221,6.078241358196997,18.293432584237085,50.10121233149829,69.66773440744423,136.6271609746785
MAR02170,50.6611804659713,17.369053564302217,6.078241358196997,18.293432584237095,50.101212331498274,69.6677344074442,136.62716097467853
MAR02171,50.66118046597129,17.369053564302213,6.078241358196997,18.29343258423709,50.101212331498274,69.66773440744423,136.6271609746785
MAR02172,0.36440328909094655,0.46123096950622827,0.0005597256761042545,0.010546797783185423,0.19085508613482877,1.2280866799385022,2.19922402791561
MAR02173,50.29677717688069,17.343438599744673,6.054553262393267,18.22665389588324,49.87287479945621,69.63358135414524,136.61278696363703
MAR02174,50.29677717688065,17.343438599744662,6.0545532623932665,18.226653895883256,49.87287479945607,69.6335813541452,136.61278696363703
MAR02175,50.29677717687994,17.343438599744626,6.0545532623932985,18.226653895883118,49.87287479945583,69.63358135414455,136.61278696363698
MAR02176,50.29677717687994,17.34343859974463,6.054553262393301,18.226653895883114,49.87287479945583,69.63358135414455,136.61278696363698
MAR02177,0.6712919747415635,1.536044532814283,0.0066784924001628086,0.07596340397463783,0.4036791447817056,0.9463940774883565,11.465248158124746
MAR02178,49.625485202138734,16.216051787002325,5.933782683580647,18.022076476058988,49.40397916066591,69.13992304433951,125.14753880551244
MAR02179,49.625485202138684,16.216051787002332,5.933782683580647,18.02207647605901,49.40397916066581,69.13992304433951,125.14753880551244
MAR02180,49.62548520213865,16.21605178700232,5.933782683580647,18.022076476059,49.403979160665735,69.13992304433945,125.14753880551247
MAR02181,49.625485202138705,16.216051787002325,5.933782683580666,18.02207647605899,49.40397916066581,69.13992304433947,125.14753880551244
MAR02182,49.62548520213869,16.216051787002325,5.933782683580666,18.022076476059002,49.40397916066579,69.13992304433948,125.14753880551244
MAR02186,-528.4145453490878,80.71596565407404,-948.921757815382,-583.1927723438624,-536.0998671430928,-344.26543549376674,-340.207423541199
MAR02190,10.974053650262293,7.840689546433391,0.013008179118505268,0.2206342141607883,10.016540664950893,26.920918513433143,40.54999728204242
MAR02191,10.974053650262197,7.840689546433382,0.013008179118505143,0.22063421416078885,10.016540664950725,26.920918513432994,40.54999728204242
MAR02193,10.974053650262297,7.840689546433392,0.013008179118505365,0.22063421416078832,10.016540664950911,26.920918513433154,40.549997282042426
MAR02198,-222.6319028415537,105.20687170585558,-716.0744142552517,-321.619564779412,-231.63213936057747,-11.831272511204721,35.60235033165974
MAR02200,0.0,0.0,0.0,0.0,0.0,0.0,0.0
MAR02201,0.0,0.0,0.0,0.0,0.0,0.0,0.0
MAR02202,0.0,0.0,0.0,0.0,0.0,0.0,0.0
MAR02203,0.0,0.0,0.0,0.0,0.0,0.0,0.0
MAR02205,2.972981264798363e-19,4.176673998597228e-19,-1.578372907502979e-19,-1.352903391371934e-19,2.533505582427331e-19,1.0641216126886205e-18,2.753507572046772e-18
MAR02208,0.0,0.0,0.0,0.0,0.0,0.0,0.0
MAR02209,0.0,0.0,0.0,0.0,0.0,0.0,0.0
MAR02211,5.86561877400222e-16,1.4979526160315206e-15,-1.0797206405363112e-15,-1.067373221677179e-15,3.0355208216540102e-18,4.148251530008409e-15,4.346788993657531e-15
MAR02212,5.867766288066601e-16,1.498137684735156e-15,-1.0795466553900063e-15,-1.0674692117889745e-15,3.0348416149465064e-18,4.1490099418306006e-15,4.347543227372476e-15
MAR02213,0.0,0.0,0.0,0.0,0.0,0.0,0.0
MAR02215,2.972981264798363e-19,4.176673998597228e-19,-1.578372907502979e-19,-1.352903391371934e-19,2.533505582427331e-19,1.0641216126886205e-18,2.753507572046772e-18
MAR02217,0.0,0.0,0.0,0.0,0.0,0.0,0.0
MAR02218,0.0,0.0,0.0,0.0,0.0,0.0,0.0
MAR02220,-51.37714788753989,188.1540374359334,-783.4637897122966,-656.0347706859399,-4.1928792794360055,121.43223682160249,232.58950547028564
MAR02223,546.1880585984381,109.84236680626006,167.7324852954424,340.0476025016899,561.0869106352034,659.4375600022956,954.0385645608711
MAR02225,-491.4657004430615,212.44258965486506,-965.5770190567308,-758.1901535693177,-527.6005547602712,-23.031497969594625,188.96430261021496
MAR02227,4.54428001190852,3.666298481553441,0.00908909425491521,0.26550751286814533,3.979082564823985,11.471281729960975,18.020571682855177
MAR02228,4.544280011908534,3.66629848155344,0.009089094254914745,0.265507512868145,3.979082564824008,11.47128172996099,18.020571682855184
MAR02229,4.544280011908536,3.6662984815534387,0.009089094254914732,0.2655075128681451,3.979082564824009,11.47128172996099,18.02057168285518
MAR02230,4.544280011908535,3.6662984815534414,0.009089094254915185,0.26550751286814506,3.9790825648240045,11.471281729960987,18.02057168285519
MAR02231,4.544280011908535,3.6662984815534405,0.009089094254915102,0.26550751286814506,3.9790825648240045,11.471281729960983,18.020571682855184
MAR02232,4.544280011908539,3.6662984815534387,0.009089094254915189,0.26550751286814533,3.9790825648240156,11.471281729960994,18.02057168285518
MAR02233,4.544280011908538,3.6662984815534387,0.009089094254914774,0.265507512868145,3.9790825648240133,11.47128172996099,18.020571682855177
MAR02234,4.544280011908537,3.666298481553441,0.009089094254915093,0.26550751286814506,3.9790825648240116,11.471281729960994,18.020571682855188
MAR02235,4.544280011908537,3.666298481553441,0.009089094254915052,0.26550751286814506,3.979082564824011,11.47128172996099,18.020571682855188
MAR02236,4.544280011908539,3.666298481553439,0.009089094254915202,0.26550751286814533,3.9790825648240156,11.471281729960994,18.02057168285518
MAR02237,4.544280011908539,3.6662984815534396,0.009089094254915149,0.26550751286814545,3.9790825648240133,11.471281729960994,18.02057168285518
MAR02238,4.544280011908537,3.6662984815534405,0.009089094254915093,0.26550751286814506,3.9790825648240116,11.471281729960994,18.020571682855188
MAR02239,4.544280011908537,3.6662984815534405,0.009089094254915116,0.26550751286814506,3.979082564824007,11.47128172996099,18.020571682855184
MAR02240,4.544280011908539,3.666298481553439,0.009089094254915202,0.26550751286814533,3.9790825648240156,11.471281729960994,18.02057168285518
MAR02241,4.544280011908539,3.666298481553439,0.009089094254915149,0.26550751286814545,3.9790825648240165,11.471281729960994,18.02057168285518
MAR02242,4.544280011908537,3.66629848155344,0.009089094254915093,0.26550751286814506,3.9790825648240116,11.47128172996099,18.020571682855188
MAR02243,4.544280011908535,3.6662984815534396,0.009089094254915112,0.26550751286814506,3.9790825648240045,11.471281729960983,18.020571682855184
MAR02244,4.54428001190854,3.6662984815534383,0.009089094254915216,0.26550751286814533,3.9790825648240165,11.471281729960998,18.020571682855177
MAR02245,4.544280011908541,3.6662984815534387,0.009089094254914718,0.2655075128681449,3.9790825648240182,11.471281729960994,18.02057168285518
MAR02246,4.5442800119085325,3.6662984815534396,0.00908909425491521,0.26550751286814506,3.9790825648239956,11.471281729960983,18.02057168285518
MAR02247,4.5442800119085325,3.666298481553439,0.009089094254915154,0.26550751286814506,3.9790825648239974,11.471281729960976,18.02057168285518
MAR02248,4.464780745506291,3.663243522406687,0.008116104185341358,0.254981703069888,3.8672473622904437,11.392145899048304,17.95749186670607
MAR02249,0.07949926640221484,0.04390804875629848,0.00045464291250038813,0.0025792387419498373,0.08065582570271257,0.1384009294618067,0.14981464167066494
MAR02250,0.07949926640221393,0.04390804875629781,0.0004546429125005556,0.0025792387419499192,0.08065582570271201,0.13840092946180427,0.14981464167066258
MAR02251,0.0794992664022153,0.043908048756298626,0.0004546429125005195,0.0025792387419499023,0.08065582570271346,0.13840092946180763,0.1498146416706648
MAR02252,0.07949926640221532,0.04390804875629862,0.0004546429125005195,0.0025792387419499014,0.08065582570271346,0.1384009294618076,0.1498146416706648
MAR02253,0.026907572046847527,0.01717483895839938,6.689033844548253e-06,0.0008052074325709061,0.026963420077436205,0.052811846087135496,0.0593055880687015
MAR02254,0.05259169435536532,0.02836089226594017,0.0003905097962626935,0.001718032195824304,0.054207839434638735,0.09267333434383092,0.1100986118598401
MAR02255,0.05259169435536539,0.02836089226594018,0.0003905097962626972,0.0017180321958243058,0.05420783943463914,0.09267333434383107,0.11009861185983999
MAR02256,0.05259169435536698,0.02836089226594099,0.00039050979626270517,0.0017180321958246035,0.05420783943463962,0.09267333434383238,0.11009861185984086
MAR02257,0.05259169435536697,0.02836089226594099,0.00039050979626270495,0.0017180321958245985,0.05420783943463959,0.09267333434383232,0.11009861185984086
MAR02258,0.0525916943553691,0.028360892265942076,0.00039050979626271525,0.001718032195824244,0.054207839434642156,0.0926733343438368,0.11009861185984632
MAR02259,0.0,0.0,0.0,0.0,0.0,0.0,0.0
MAR02260,0.0,0.0,0.0,0.0,0.0,0.0,0.0
MAR02261,0.0,0.0,0.0,0.0,0.0,0.0,0.0
MAR02263,3.3891582249949622e-19,4.2249259156819324e-19,-1.5782333579515155e-19,-1.307677338317726e-19,2.952102950381302e-19,1.1609150220229509e-18,2.688221167904397e-18
MAR02264,4.655267840834991e-20,4.641053894869322e-20,-7.376240844415054e-20,-1.2379567971102297e-20,4.1388949368859313e-20,1.1614914710987873e-19,1.1830691455418244e-19
MAR02265,0.0,0.0,0.0,0.0,0.0,0.0,0.0
MAR02267,-4.0745024741667325e-18,1.5801246531694143e-17,-3.924059098373848e-17,-3.0196421170177075e-17,-7.474975108191868e-19,2.3234828323689962e-17,2.9745104196429923e-17
MAR02268,4.655267840834991e-20,4.641053894869322e-20,-7.376240844415054e-20,-1.2379567971102297e-20,4.1388949368859313e-20,1.1614914710987873e-19,1.1830691455418244e-19
MAR02269,0.0,0.0,0.0,0.0,0.0,0.0,0.0
MAR02275,32.42725056825228,73.73840444411988,0.03954986700718964,0.5636975018106944,15.232796224772834,337.02279894858856,337.2964811998383
MAR02278,0.0,0.0,0.0,0.0,0.0,0.0,0.0
MAR02281,0.26982601418094565,0.21707327513994093,0.0003119326149294231,0.004197798952127955,0.23415048762117385,0.7924394147692513,0.8565834482170639
MAR02282,0.08609194217143201,0.06997492860845887,2.15747342002566e-05,0.0035528465471762597,0.07144868239977861,0.21915008682420928,0.2564426011207631
MAR02284,0.1067778147749159,0.08565022355983253,0.00029507517058415764,0.001508960036923366,0.0984870718006792,0.27428294488092875,0.37038212674866217
MAR02286,1.0396682588170758,0.7538909551789216,0.010023443028723236,0.10145027375785737,0.9486987163776603,2.5366855326001576,3.186720641129411
MAR02287,0.006197066855155318,0.004952762185640152,6.094295540281729e-06,6.102312250164493e-05,0.00565616814536146,0.013612429109776003,0.017897490083452816
MAR02288,0.03338681567001234,0.019933122548263186,5.321071736793269e-05,0.0020747091212215897,0.03305530386295221,0.06396283821469369,0.07921265435047106
MAR02289,0.020729089087361884,0.01020689014216278,0.0013118638612980502,0.001987261896848649,0.02099602604490497,0.03464496496777781,0.04098524668739384
MAR02292,2.914975092835102,2.3916575632388217,0.0354842254474961,0.16448031929972565,2.6904443442571826,8.120915975819106,10.794468057931768
MAR02293,2.239278942017515,2.688880822649477,0.010093632124802656,0.163543981580691,1.4228765366047003,8.410847487136014,12.75025210394492
MAR02294,47.596040418453526,30.78079284935865,0.9161544875806935,2.4311910323368795,42.43375922155211,105.68973588757535,116.35256743431955
MAR02295,0.007007602782026294,0.0054285316102194985,1.5444347090850768e-05,0.00018241461871548907,0.006320490552273897,0.016572899791164643,0.01870379682083034
MAR02296,10.242762290722181,6.526205566331073,0.02853048225627927,0.51141451087032,10.333426298880534,23.41604130143684,28.991807213693246
MAR02299,489.62314848558265,169.16845261942277,10.70342153464987,17.568378449384298,478.68116508000446,837.424825601234,952.5763764366113
MAR02303,-85.4969494521519,337.221400065734,-962.8087665308198,-954.0503120626861,-96.2895507656566,694.5146383740638,941.8784690915152
MAR02305,0.0,0.0,0.0,0.0,0.0,0.0,0.0
MAR02307,0.0,0.0,0.0,0.0,0.0,0.0,0.0
MAR02309,0.0,0.0,0.0,0.0,0.0,0.0,0.0
MAR02315,3.3891582249949622e-19,4.2249259156819324e-19,-1.5782333579515155e-19,-1.307677338317726e-19,2.952102950381302e-19,1.1609150220229509e-18,2.688221167904397e-18
MAR02317,4.655267840834991e-20,4.641053894869322e-20,-7.376240844415054e-20,-1.2379567971102297e-20,4.1388949368859313e-20,1.1614914710987873e-19,1.1830691455418244e-19
MAR02319,0.0,0.0,0.0,0.0,0.0,0.0,0.0
MAR02322,-1.3343711495437217e-20,1.341988078264959e-20,-4.2955090226900745e-20,-4.134582920233679e-20,-7.983678492426103e-21,2.2291772838190023e-22,9.225457269058067e-21
MAR02323,-5.512347664473454e-22,7.289998180598977e-22,-2.2781611273119053e-21,-1.9080339194619102e-21,-2.1685125849519833e-22,3.707748190935379e-22,3.973362596602169e-22
MAR02324,0.0,0.0,0.0,0.0,0.0,0.0,0.0
MAR02325,-1.3343711495437217e-20,1.341988078264959e-20,-4.2955090226900745e-20,-4.134582920233679e-20,-7.983678492426103e-21,2.2291772838190023e-22,9.225457269058067e-21
MAR02326,0.0,0.0,0.0,0.0,0.0,0.0,0.0
MAR02327,0.0,0.0,0.0,0.0,0.0,0.0,0.0
MAR02328,0.0,0.0,0.0,0.0,0.0,0.0,0.0
MAR02331,0.0,0.0,0.0,0.0,0.0,0.0,0.0
MAR02332,2.972981264798363e-19,4.176673998597228e-19,-1.578372907502979e-19,-1.352903391371934e-19,2.533505582427331e-19,1.0641216126886205e-18,2.753507572046772e-18
MAR02334,0.0,0.0,0.0,0.0,0.0,0.0,0.0
MAR02336,0.0,0.0,0.0,0.0,0.0,0.0,0.0
MAR02339,0.0,0.0,0.0,0.0,0.0,0.0,0.0
MAR02340,-61.33958929496051,181.24465549297528,-892.6695772855604,-585.3108624187823,-23.96760434792418,105.54176826107316,240.8736246748913
MAR02342,0.0,0.0,0.0,0.0,0.0,0.0,0.0
MAR02343,0.0,0.0,0.0,0.0,0.0,0.0,0.0
MAR02344,0.0,0.0,0.0,0.0,0.0,0.0,0.0
MAR02347,0.0,0.0,0.0,0.0,0.0,0.0,0.0
MAR02348,0.0,0.0,0.0,0.0,0.0,0.0,0.0
MAR02349,0.0,0.0,0.0,0.0,0.0,0.0,0.0
MAR02351,988.5725883713638,14.243528970682377,926.1351437112638,954.8456924339354,993.6460818627668,999.8285412556921,999.996718995934
MAR02353,3.3891582249949622e-19,4.2249259156819324e-19,-1.5782333579515155e-19,-1.307677338317726e-19,2.952102950381302e-19,1.1609150220229509e-18,2.688221167904397e-18
MAR02354,4.655267840834991e-20,4.641053894869322e-20,-7.376240844415054e-20,-1.2379567971102297e-20,4.1388949368859313e-20,1.1614914710987873e-19,1.1830691455418244e-19
MAR02355,0.0,0.0,0.0,0.0,0.0,0.0,0.0
MAR02357,4.52731213247085,0.009237571305163216,4.521905886116549,4.522017043202523,4.524491406899216,4.539318850560971,4.602940928142577
MAR02361,-2.3632646928897517e-15,2.8597924343282706e-15,-8.70907826098478e-15,-6.1478659003589075e-15,-2.461652006609574e-15,1.5163546636859826e-15,1.0133665709619512e-14
MAR02362,-2.362888043343608e-15,2.8561777368324594e-15,-8.700407220613598e-15,-6.1412085144142595e-15,-2.4554227215821677e-15,1.5161257940482719e-15,1.0139528402331863e-14
MAR02363,0.0,0.0,0.0,0.0,0.0,0.0,0.0
MAR02371,0.0,0.0,0.0,0.0,0.0,0.0,0.0
MAR02374,0.0,0.0,0.0,0.0,0.0,0.0,0.0
MAR02376,0.0,0.0,0.0,0.0,0.0,0.0,0.0
MAR02377,254.61381662349237,92.1376580097442,18.98034043453926,44.31218865309372,278.9265652965271,375.3397043879786,419.9390269048363
MAR02379,3.28755141611131,3.462739445219642,-2.7449681688178895,-0.898775904599392,2.123654963418023,10.340390475312605,12.430253864902902
MAR02381,16.55975992972815,13.398342330356048,0.07001212466969027,1.57645529327475,14.10873209739412,44.10821309674529,85.45570949076287
MAR02383,17.661933623200635,15.122776479636167,0.5263142826155728,1.1145213465208086,14.431551122786576,39.259710962626436,78.209920907145
MAR02386,1.7166655789198613,2.552415496856878,0.0033096481454043714,0.025196834467067424,0.9038529736195652,5.63717690977735,23.446769735006328
MAR02387,17.661933623200568,15.122776479636192,0.5263142826155726,1.114521346520808,14.431551122786502,39.25971096262651,78.20992090714502
MAR02389,17.66193362320059,15.122776479636189,0.5263142826155726,1.1145213465208077,14.431551122786487,39.259710962626485,78.20992090714503
MAR02391,17.6619336232012,15.122776479636038,0.5263142826155763,1.1145213465208228,14.431551122789223,39.25971096262649,78.20992090714506
MAR02395,1.139756150396782e-17,1.8144949984045618e-17,-2.923361684287554e-17,-2.6825470315407352e-17,7.391523699894709e-18,3.646312130520661e-17,5.558064550660005e-17
MAR02397,1.139756150396782e-17,1.8144949984045615e-17,-2.923361684287553e-17,-2.682547031540734e-17,7.391523699894712e-18,3.6463121305206616e-17,5.558064550660005e-17
MAR02399,0.0,0.0,0.0,0.0,0.0,0.0,0.0
MAR02403,0.007799392905425689,0.006199800356284362,4.1572696637403455e-06,0.0006579227067524694,0.006537297736786861,0.02180964386308602,0.028526914265679857
MAR02404,0.0,0.0,0.0,0.0,0.0,0.0,0.0
MAR02405,529.8769262026161,193.48778675572933,9.715102891810158,16.978398116484065,535.1354943820543,809.7707704891965,843.7031947482
MAR02406,268.3523485423768,233.99579854741378,-35.43028356094757,61.61758160335797,187.2518528043351,963.593854196137,969.6343325210019
MAR02412,0.0,0.0,0.0,0.0,0.0,0.0,0.0
MAR02414,251.96583981848482,215.6589234000547,-560.6194477258721,14.636510211142275,283.4459564526487,451.104378357235,989.6304781393906
MAR02415,0.0,0.0,0.0,0.0,0.0,0.0,0.0
MAR02416,513.6324688045595,152.69626830821565,8.234947653106083,333.843541096565,504.3427445048079,971.965687478818,979.2356803700451
MAR02417,0.0,0.0,0.0,0.0,0.0,0.0,0.0
MAR02418,-132.06432050850188,167.70080606375907,-782.3793387573501,-669.0817640938965,-102.95539860726836,10.582782362231654,41.66280465707371
MAR02419,0.0,0.0,0.0,0.0,0.0,0.0,0.0
MAR02420,-215.8789339479401,130.20636363797922,-726.3261992489904,-437.8111309294403,-208.69960937189893,-7.750835234936264,35.303838252136984
MAR02423,0.0,0.0,0.0,0.0,0.0,0.0,0.0
MAR02426,0.0,0.0,0.0,0.0,0.0,0.0,0.0
MAR02427,-434.9825168467472,156.45300636828426,-996.0145356206552,-600.8703099116302,-458.8845280373962,-20.68926912683426,-14.853713896372824
MAR02428,0.0,0.0,0.0,0.0,0.0,0.0,0.0
MAR02429,519.27151927868,168.26575645815092,5.244053897486437,312.04146094637093,499.61075969335,976.9315595356125,979.952407587934
MAR02431,-83.59152425173326,296.2412097162804,-964.1683067007635,-956.5091360255728,-38.162468721532775,230.6254084492012,991.0304003695718
MAR02432,0.0,0.0,0.0,0.0,0.0,0.0,0.0
MAR02433,3.3891582249949622e-19,4.2249259156819324e-19,-1.5782333579515155e-19,-1.307677338317726e-19,2.952102950381302e-19,1.1609150220229509e-18,2.688221167904397e-18
MAR02434,4.655267840834991e-20,4.641053894869322e-20,-7.376240844415054e-20,-1.2379567971102297e-20,4.1388949368859313e-20,1.1614914710987873e-19,1.1830691455418244e-19
MAR02435,0.0,0.0,0.0,0.0,0.0,0.0,0.0
MAR02439,0.0,0.0,0.0,0.0,0.0,0.0,0.0
MAR02441,0.0,0.0,0.0,0.0,0.0,0.0,0.0
MAR02443,0.0,0.0,0.0,0.0,0.0,0.0,0.0
MAR02445,0.0,0.0,0.0,0.0,0.0,0.0,0.0
MAR02446,0.0,0.0,0.0,0.0,0.0,0.0,0.0
MAR02447,0.0,0.0,0.0,0.0,0.0,0.0,0.0
MAR02449,0.0,0.0,0.0,0.0,0.0,0.0,0.0
MAR02452,0.0,0.0,0.0,0.0,0.0,0.0,0.0
MAR02454,0.0,0.0,0.0,0.0,0.0,0.0,0.0
MAR02455,0.0,0.0,0.0,0.0,0.0,0.0,0.0
MAR02456,0.0,0.0,0.0,0.0,0.0,0.0,0.0
MAR02457,0.0,0.0,0.0,0.0,0.0,0.0,0.0
MAR02458,0.0,0.0,0.0,0.0,0.0,0.0,0.0
MAR02459,0.0,0.0,0.0,0.0,0.0,0.0,0.0
MAR02460,0.0,0.0,0.0,0.0,0.0,0.0,0.0
MAR02463,0.0,0.0,0.0,0.0,0.0,0.0,0.0
MAR02464,0.0,0.0,0.0,0.0,0.0,0.0,0.0
MAR02465,0.0,0.0,0.0,0.0,0.0,0.0,0.0
MAR02466,0.0,0.0,0.0,0.0,0.0,0.0,0.0
MAR02467,0.0,0.0,0.0,0.0,0.0,0.0,0.0
MAR02468,0.0,0.0,0.0,0.0,0.0,0.0,0.0
MAR02469,0.0,0.0,0.0,0.0,0.0,0.0,0.0
MAR02470,0.0,0.0,0.0,0.0,0.0,0.0,0.0
MAR02471,0.0,0.0,0.0,0.0,0.0,0.0,0.0
MAR02473,0.6974781802015052,0.4387911725217317,0.024296871847550375,0.039889180234899166,0.6458594606896317,1.6093375972716013,2.2872674412456586
MAR02475,0.0,0.0,0.0,0.0,0.0,0.0,0.0
MAR02476,0.0,0.0,0.0,0.0,0.0,0.0,0.0
MAR02478,0.0,0.0,0.0,0.0,0.0,0.0,0.0
MAR02479,0.6974781802015055,0.4387911725217305,0.024296871847550253,0.03988918023489917,0.6458594606896336,1.6093375972715978,2.287267441245658
MAR02480,0.0,0.0,0.0,0.0,0.0,0.0,0.0
MAR02481,0.0,0.0,0.0,0.0,0.0,0.0,0.0
MAR02486,0.0,0.0,0.0,0.0,0.0,0.0,0.0
MAR02489,0.0,0.0,0.0,0.0,0.0,0.0,0.0
MAR02491,0.0,0.0,0.0,0.0,0.0,0.0,0.0
MAR02497,0.0,0.0,0.0,0.0,0.0,0.0,0.0
MAR02499,0.0,0.0,0.0,0.0,0.0,0.0,0.0
MAR02501,0.0,0.0,0.0,0.0,0.0,0.0,0.0
MAR02505,0.02731671467356957,0.012893313712593458,0.0013839993879204166,0.0021206172525481716,0.030570924069709803,0.04287479094650037,0.04838501576616318
MAR02515,0.0,0.0,0.0,0.0,0.0,0.0,0.0
MAR02516,0.0,0.0,0.0,0.0,0.0,0.0,0.0
MAR02518,0.0,0.0,0.0,0.0,0.0,0.0,0.0
MAR02522,-1.1416660785695246e-17,1.8159588933535826e-17,-5.563880181842023e-17,-3.6518751297072294e-17,-7.395044937522761e-18,2.6817046025438065e-17,2.923524922476915e-17
MAR02524,-1.1402902517557784e-17,1.814904116067425e-17,-5.55969086130458e-17,-3.6478677939576655e-17,-7.392508395460385e-18,2.6823114507065812e-17,2.923407332987857e-17
MAR02527,0.0,0.0,0.0,0.0,0.0,0.0,0.0
MAR02530,0.0,0.0,0.0,0.0,0.0,0.0,0.0
MAR02533,0.0,0.0,0.0,0.0,0.0,0.0,0.0
MAR02535,0.0,0.0,0.0,0.0,0.0,0.0,0.0
MAR02540,0.0,0.0,0.0,0.0,0.0,0.0,0.0
MAR02541,0.0,0.0,0.0,0.0,0.0,0.0,0.0
MAR02542,0.0,0.0,0.0,0.0,0.0,0.0,0.0
MAR02544,0.0,0.0,0.0,0.0,0.0,0.0,0.0
MAR02545,0.0,0.0,0.0,0.0,0.0,0.0,0.0
MAR02546,0.0,0.0,0.0,0.0,0.0,0.0,0.0
MAR02547,0.0,0.0,0.0,0.0,0.0,0.0,0.0
MAR02548,0.0,0.0,0.0,0.0,0.0,0.0,0.0
MAR02549,0.0,0.0,0.0,0.0,0.0,0.0,0.0
MAR02550,0.0,0.0,0.0,0.0,0.0,0.0,0.0
MAR02551,0.0,0.0,0.0,0.0,0.0,0.0,0.0
MAR02553,0.0,0.0,0.0,0.0,0.0,0.0,0.0
MAR02554,0.0,0.0,0.0,0.0,0.0,0.0,0.0
MAR02555,0.0,0.0,0.0,0.0,0.0,0.0,0.0
MAR02560,0.0,0.0,0.0,0.0,0.0,0.0,0.0
MAR02561,0.0,0.0,0.0,0.0,0.0,0.0,0.0
MAR02562,0.0,0.0,0.0,0.0,0.0,0.0,0.0
MAR02563,0.0,0.0,0.0,0.0,0.0,0.0,0.0
MAR02564,0.0,0.0,0.0,0.0,0.0,0.0,0.0
MAR02566,0.0,0.0,0.0,0.0,0.0,0.0,0.0
MAR02567,0.0,0.0,0.0,0.0,0.0,0.0,0.0
MAR02569,0.0,0.0,0.0,0.0,0.0,0.0,0.0
MAR02570,0.0,0.0,0.0,0.0,0.0,0.0,0.0
MAR02571,0.0,0.0,0.0,0.0,0.0,0.0,0.0
MAR02572,0.0,0.0,0.0,0.0,0.0,0.0,0.0
MAR02573,0.0,0.0,0.0,0.0,0.0,0.0,0.0
MAR02574,0.0,0.0,0.0,0.0,0.0,0.0,0.0
MAR02575,0.0,0.0,0.0,0.0,0.0,0.0,0.0
MAR02576,0.0,0.0,0.0,0.0,0.0,0.0,0.0
MAR02577,0.0,0.0,0.0,0.0,0.0,0.0,0.0
MAR02578,0.0,0.0,0.0,0.0,0.0,0.0,0.0
MAR02579,0.0,0.0,0.0,0.0,0.0,0.0,0.0
MAR02580,0.0,0.0,0.0,0.0,0.0,0.0,0.0
MAR02583,0.0,0.0,0.0,0.0,0.0,0.0,0.0
MAR02584,0.0,0.0,0.0,0.0,0.0,0.0,0.0
MAR02585,0.0,0.0,0.0,0.0,0.0,0.0,0.0
MAR02591,519.3727513507093,170.15718881376696,62.994402472918374,228.76096114479256,513.6139729611673,978.5207110930154,985.0930628103641
MAR02593,-128.18257151614563,202.45240039443885,-994.2791761637566,-346.53654115079524,-125.50183768355919,41.95135479538918,821.3292272857327
MAR02594,-456.2483567320155,180.20293797465388,-959.9863022934018,-653.6678717563827,-469.3265276046407,-20.7219614774814,-13.780132258156982
MAR02596,258.5328448119733,154.80473672923608,-29.831531218078325,8.476903340630395,244.8192330573545,443.20373816677443,811.0827813305879
MAR02598,-258.53284481197215,154.80473672923515,-811.0827813305882,-443.20373816677204,-244.8192330573546,-8.476903340630452,29.831531218078336
MAR02599,446.76613349447865,129.21557441293996,49.33868198877684,234.2801146890285,444.29832106248125,620.163755249948,994.2274999689371
MAR02600,6.932374325853341e-18,3.809573542232272e-17,-7.605155482090035e-17,-3.5424699972897903e-17,3.3169348310455676e-18,9.01316577481207e-17,1.1183574376682918e-16
MAR02601,2.2946346401134217e-18,4.5031743253098755e-17,-9.297725653850544e-17,-5.991062801950956e-17,-6.11059491364709e-20,9.837341338699335e-17,1.338097672298388e-16
MAR02603,156.19297405435066,133.0228527797216,1.417303743183491,7.810893143807742,147.72209821849805,237.73664632006046,990.2414979973441
MAR02604,-156.19297405435063,133.02285277972163,-990.2414979973441,-237.73664632006054,-147.72209821849805,-7.810893143807757,-1.4173037431834903
MAR02606,0.0,0.0,0.0,0.0,0.0,0.0,0.0
MAR02607,0.0,0.0,0.0,0.0,0.0,0.0,0.0
MAR02609,0.0,0.0,0.0,0.0,0.0,0.0,0.0
MAR02610,0.0,0.0,0.0,0.0,0.0,0.0,0.0
MAR02612,166.4122533843623,327.8184347265259,-900.2989151243595,-659.9800102173646,188.3169542259712,954.2260182734511,965.0658953399949
MAR02613,2.2417722909921955e-14,4.420982015081106e-14,-1.2162100115715728e-13,-8.917463449465597e-14,2.5356474192482423e-14,1.289039082974327e-13,1.3036813307231106e-13
MAR02616,0.0,0.0,0.0,0.0,0.0,0.0,0.0
MAR02618,0.0,0.0,0.0,0.0,0.0,0.0,0.0
MAR02621,0.0,0.0,0.0,0.0,0.0,0.0,0.0
MAR02622,0.0,0.0,0.0,0.0,0.0,0.0,0.0
MAR02624,97.85584223121481,125.52957934495664,-73.98076099882553,-5.905392775004333,84.21815213643734,182.3994567313005,884.9361688324324
MAR02625,-9.6392482703184e-15,1.5617027061144955e-14,-1.1035505405605338e-13,-1.9044078722038007e-14,-7.641471146973549e-15,1.7311522516641174e-15,1.0482161176414738e-14
MAR02629,-845.9052039988039,67.23844709824337,-998.0940928872863,-988.5395530605267,-849.0349767858334,-737.0479303876773,-674.0792127414859
MAR02630,189.03283461690052,64.19725416457919,15.569461761896191,59.139593552320584,199.48437031158574,282.6097246448113,329.98716509400055
MAR02634,-236.97970714899688,150.13083746785082,-818.2821449590813,-451.52702302207683,-221.52819729747102,-14.6737617717727,36.23352393721814
MAR02635,4.490482971749558e-15,2.536539441214398e-14,-3.152205449076388e-14,-2.1530586241325813e-14,-1.13078465217619e-15,5.821470659727774e-14,9.545535543660425e-14
MAR02638,581.4427636493634,169.89390216822497,49.27179851265714,184.69093319818396,598.4273540386403,981.8951385602716,986.4805571231807
MAR02640,-7.212812352775111e-14,2.0643777391276662e-14,-1.1606752805832027e-13,-1.1536610289733243e-13,-7.543333679067641e-14,-2.0598942215810763e-14,-5.871162505649227e-15
MAR02646,0.0,0.0,0.0,0.0,0.0,0.0,0.0
MAR02648,0.0,0.0,0.0,0.0,0.0,0.0,0.0
MAR02649,0.0,0.0,0.0,0.0,0.0,0.0,0.0
MAR02650,0.0,0.0,0.0,0.0,0.0,0.0,0.0
MAR02651,0.0,0.0,0.0,0.0,0.0,0.0,0.0
MAR02652,0.0,0.0,0.0,0.0,0.0,0.0,0.0
MAR02653,0.0,0.0,0.0,0.0,0.0,0.0,0.0
MAR02654,287.7392956986181,112.21344307990783,6.87639093338212,12.279799266557301,321.86019392174876,415.96851037889985,442.483494624979
MAR02655,-156.7400775310506,120.66111703450481,-896.3494838011762,-234.98511034423592,-150.7294059727091,-13.205062677665564,-5.816235970306584
MAR02656,34.61583142851849,15.728109162685326,0.5033777151820733,1.7953805388672663,35.08183316272597,58.67291550573173,66.63312115067065
MAR02658,272.2635894689505,187.1712778648557,-23.622542484371706,51.98970557031881,247.5050411009562,963.8629898417552,971.3735643391864
MAR02659,-2.3366263525204296,2.1946455191197565,-9.223766666691764,-7.070859680429526,-1.914220855614515,-0.030652543407796322,-7.885435260939372e-05
MAR02661,0.0,0.0,0.0,0.0,0.0,0.0,0.0
MAR02662,0.0,0.0,0.0,0.0,0.0,0.0,0.0
MAR02664,0.0,0.0,0.0,0.0,0.0,0.0,0.0
MAR02665,0.0,0.0,0.0,0.0,0.0,0.0,0.0
MAR02668,-34.67221783954783,15.718148884551448,-66.65521904104419,-58.710893604176704,-35.14975371589976,-1.7970473071077764,-0.5402274434514507
MAR02669,3.1072566588116315,2.862892612132599,0.000229046759228628,0.1709176450938796,2.2918074710432665,8.619319149882344,11.908091450448387
MAR02670,-3.1072566588116315,2.8628926121325984,-11.90809145044838,-8.61931914988234,-2.291807471043267,-0.17091764509388102,-0.00022904675922957168
MAR02671,-3.1072566588116315,2.862892612132599,-11.90809145044838,-8.619319149882347,-2.291807471043267,-0.17091764509387855,-0.00022904675922685858
MAR02672,25.855250591988696,20.4090545301787,0.055268067790159206,0.46101169191671787,22.737594111215337,73.38598690541976,120.55693695998436
MAR02673,13.52594274114854,312.88661527513335,-904.1475599816167,-667.3376634324645,-7.0564351117780575,951.7209831536379,960.579514519513
MAR02674,-25.85525059198868,20.409054530178683,-120.55693695998428,-73.38598690541967,-22.737594111215323,-0.46101169191692254,-0.055268067789962086
MAR02676,0.0,0.0,0.0,0.0,0.0,0.0,0.0
MAR02677,0.0,0.0,0.0,0.0,0.0,0.0,0.0
MAR02679,456.2898451949023,189.7791108617323,-30.119869223164073,107.04842963978678,459.9574501411945,973.7169238015242,979.4422458131457
MAR02680,-6.007460340240487e-14,2.671386173963667e-14,-1.34012165663332e-13,-1.3329682968445564e-13,-6.230198570247907e-14,-1.3207473660843056e-14,4.127201504056537e-15
MAR02681,0.024513104088140652,0.017040583169489757,1.603927897016315e-05,0.00039223685413919336,0.02328260683584664,0.06054161660977987,0.07379563347460892
MAR02682,-0.024513104088140666,0.017040583169489747,-0.07379563347460881,-0.06054161660977994,-0.023282606835846674,-0.0003922368541391946,-1.6039278970161462e-05
MAR02683,-0.024513104088140614,0.017040583169489712,-0.07379563347460878,-0.0605416166097799,-0.02328260683584659,-0.0003922368541391908,-1.6039278970162915e-05
MAR02685,0.0,0.0,0.0,0.0,0.0,0.0,0.0
MAR02686,0.0,0.0,0.0,0.0,0.0,0.0,0.0
MAR02687,0.04643959823213923,0.01985670824220225,0.0005024192601637595,0.015804470970917202,0.04497006279649498,0.08177582408256492,0.09631528230519418
MAR02688,-0.04643959823213906,0.01985670824220228,-0.09631528230519404,-0.08177582408256481,-0.0449700627964946,-0.015804470970917035,-0.0005024192601637644
MAR02689,-0.04643959823213909,0.019856708242202266,-0.09631528230519407,-0.08177582408256484,-0.0449700627964947,-0.015804470970917084,-0.0005024192601637612
MAR02690,0.03676096120161373,0.019037723137534265,0.00050309892429807,0.012513319957378167,0.03223354524761761,0.07172209256783076,0.0807848308268644
MAR02691,0.036760961201613575,0.01903772313753431,0.0005030989242980732,0.012513319957378108,0.0322335452476174,0.07172209256783077,0.08078483082686455
MAR02692,-0.03676096120161364,0.019037723137534282,-0.08078483082686454,-0.07172209256783078,-0.032233545247617505,-0.012513319957378144,-0.0005030989242980702
MAR02693,0.04954801922966048,0.02153516420304402,0.0005253189196655515,0.013929534469380117,0.04829071303371306,0.08303999947785518,0.10155053371362897
MAR02695,0.04954801922966017,0.0215351642030441,0.0005253189196655571,0.013929534469379563,0.04829071303371285,0.083039999477855,0.10155053371362881
MAR02697,-0.0495480192296602,0.02153516420304409,-0.10155053371362886,-0.08303999947785501,-0.048290713033712955,-0.013929534469379619,-0.0005253189196655541
MAR02699,-0.0538529374102408,0.027815541174112023,-0.13202037260978342,-0.09406510303981806,-0.059011452109704474,-0.008556800494059878,-0.0004719492402925728
MAR02700,-0.05385293741023956,0.027815541174112987,-0.13202037260978292,-0.09406510303981848,-0.05901145210970213,-0.008556800494059007,-0.000471949240292571
MAR02701,0.05385293741023689,0.027815541174116127,0.0004719492402925704,0.008556800494058605,0.05901145210969923,0.09406510303984941,0.13202037260978353
MAR02702,-0.05638641102934767,0.054772383980501375,-0.2952460914270051,-0.12649141237989023,-0.04643115820899763,-0.0032732716575775596,-0.0012207770801892213
MAR02703,-0.056386411029347445,0.05477238398050154,-0.29524609142700525,-0.12649141237989117,-0.046431158208997556,-0.0032732716575775613,-0.001220777080189214
MAR02704,0.056386411029346835,0.05477238398050145,0.0012207770801892749,0.0032732716575775704,0.04643115820899828,0.12649141237988934,0.295246091427005
MAR02705,0.04329559942201835,0.05573523350005151,0.00022795024350280647,0.0012087004373918199,0.02884297867886657,0.12228735912674761,0.28618597505070004
MAR02706,-0.04329559942201845,0.05573523350005163,-0.28618597505070026,-0.12228735912674887,-0.028842978678866538,-0.0012087004373918543,-0.00022795024350299664
MAR02707,-0.04329559942201863,0.05573523350005161,-0.2861859750506992,-0.1222873591267498,-0.028842978678867016,-0.0012087004373918617,-0.00022795024350312767
MAR02708,0.03420042183700811,0.019711964757570186,7.570388453599945e-05,0.0020591418090661496,0.03266115827867029,0.06507335721305123,0.08229886114416186
MAR02709,-0.03420042183700793,0.019711964757570172,-0.08229886114416209,-0.06507335721305099,-0.032661158278669944,-0.0020591418090661444,-7.570388453599393e-05
MAR02710,-0.03420042183700809,0.019711964757570175,-0.08229886114416184,-0.06507335721305121,-0.03266115827867028,-0.0020591418090661513,-7.570388453599908e-05
MAR02711,0.0,0.0,0.0,0.0,0.0,0.0,0.0
MAR02712,0.0,0.0,0.0,0.0,0.0,0.0,0.0
MAR02713,0.0,0.0,0.0,0.0,0.0,0.0,0.0
MAR02715,114.64879819322846,339.21097726721246,-940.2323393505701,-656.6920612547212,134.67696362935789,958.4837190544429,965.3610121355371
MAR02716,0.0,0.0,0.0,0.0,0.0,0.0,0.0
MAR02717,2.7601237385461435,1.1305867496601432,0.01696422946967841,0.17953747147931068,2.933145152256383,4.435166821950701,5.198652678724457
MAR02718,321.36360906914496,284.414881312897,-647.082692848256,-46.52743462996009,349.41402956731065,961.1741444656054,972.5289834538071
MAR02719,-2.760123738546143,1.130586749660143,-5.198652678724455,-4.435166821950702,-2.9331451522563805,-0.1795374714793104,-0.01696422946967883
MAR02722,91.41877874551447,347.80514866647366,-980.0501562216294,-655.21310976141,121.21837014056115,966.0154185214444,971.6485283356118
MAR02726,0.23026769561411958,0.17138620062116672,0.0003854909424656283,0.01193687037230386,0.19304280246304506,0.5962803897378464,0.7016502216459273
MAR02727,148.95402452297566,348.5125725407302,-940.2408878291067,-682.8402308381261,178.18486909466836,954.0553639529277,964.2928334480608
MAR02729,-0.23026769561411883,0.1713862006211667,-0.7016502216459278,-0.5962803897378468,-0.19304280246304356,-0.011936870372303876,-0.00038549094246562084
MAR02730,10.525342070578837,7.01894719642731,0.31579563594807447,1.1261492932759807,10.133212563622937,21.936138063851054,32.13972711737033
MAR02731,7.224219795321346,137.18801636066183,-877.1358645965024,-80.17010476862446,25.357780606607065,115.00233351049106,172.54908382066748
MAR02732,-10.525342070579233,7.0189471964273125,-32.13972711737055,-21.93613806385107,-10.133212563623228,-1.1261492932759836,-0.315795635948548
MAR02733,0.046090374052815034,0.025419375056729702,0.0003240054793449261,0.006381971231185302,0.04764506308787557,0.08473159597753514,0.10246071972636547
MAR02734,0.04609037405281488,0.025419375056729712,0.00032400547934477095,0.006381971231185311,0.04764506308787536,0.08473159597753464,0.10246071972636549
MAR02735,-0.04609037405281496,0.02541937505672971,-0.10246071972636547,-0.08473159597753481,-0.047645063087875424,-0.006381971231185327,-0.0003240054793448156
MAR02736,0.029591628925446967,0.022504511598086935,0.00010322872865730227,0.002552183655302642,0.02281751402412637,0.0711860053431781,0.08248033215242585
MAR02737,0.029591628925446818,0.022504511598086974,0.00010322872865714899,0.002552183655302532,0.02281751402412629,0.07118600534317804,0.08248033215242587
MAR02738,-0.029591628925446933,0.022504511598086935,-0.08248033215242583,-0.07118600534317812,-0.02281751402412633,-0.002552183655302628,-0.00010322872865725969
MAR02739,0.03329006234404513,0.01915239660992566,8.943851504133348e-05,0.004630423154845885,0.03270377133258702,0.06892148696577254,0.07291077592396714
MAR02740,0.03329006234404495,0.019152396609925657,8.943851504132944e-05,0.004630423154845809,0.03270377133258677,0.06892148696577251,0.07291077592396679
MAR02741,-0.03329006234404515,0.019152396609925657,-0.07291077592396712,-0.06892148696577255,-0.03270377133258704,-0.004630423154845953,-8.943851504133224e-05
MAR02744,-61.54607364380686,122.49772813011822,-893.0475494272722,-107.00991011606064,-41.090230243385435,-2.440250811914982,15.934574596186849
MAR02745,18.946390313893826,17.433921322558273,0.02904836228952426,0.8091104884894121,12.304227843237836,52.37354603627381,64.7323503214766
MAR02748,190.24443556831918,349.18407599150476,-900.0775939131244,-642.5091236821618,244.59885821571436,959.3517505439105,971.7192536708985
MAR02750,-2.4835366710731013e-14,4.699269234748264e-14,-1.3128362892807572e-13,-1.2956424801698787e-13,-3.0405420953466286e-14,8.709913759201e-14,1.2157399301705862e-13
MAR02752,-2.4324582593417654,1.3379883401347357,-5.754739246424889,-5.022394031241986,-2.5101027170658243,-0.07273661047146622,-0.0024106629856378574
MAR02753,-124.6004489771749,168.8655960814796,-881.7441252278127,-635.465516089085,-91.51582038801777,5.454421314542016,88.9828043549212
MAR02754,2.432458259341784,1.3379883401347432,0.0024106629856358295,0.07273661047146604,2.5101027170658448,5.022394031242017,5.754739246424928
MAR02757,350.39077001432037,317.26264221912913,-899.8931339956576,-526.3609063198504,398.3970410902937,971.7483777210927,980.1865809625424
MAR02758,0.0,0.0,0.0,0.0,0.0,0.0,0.0
MAR02759,10.70861093349827,18.336949219640132,0.0038599019395412918,0.091387284224335,7.619421227530317,32.17278589597018,93.75739297382665
MAR02760,-117.17103982916277,128.9810284836754,-904.4908625616715,-205.28108457173724,-113.36663330603383,-1.798499241434833,9.843300799078634
MAR02761,-10.708610933498273,18.336949219640125,-93.75739297382665,-32.17278589597018,-7.619421227530319,-0.09138728422433517,-0.003859901939541302
MAR02762,-1.3581736657343907e-15,2.363223214324426e-14,-5.544582297590471e-14,-4.8598447559712285e-14,2.2427627287350336e-15,3.061613883924005e-14,4.65085898118561e-14
MAR02764,-2.9684249452385493e-15,2.46124235630468e-14,-5.803857340615413e-14,-5.096102990107815e-14,2.0778605092336454e-15,3.0003273891786916e-14,4.6198354405918496e-14
MAR02766,3.455855395326841e-15,2.4493618989339618e-14,-4.690091071574698e-14,-2.862804526728589e-14,-1.8505867573993202e-15,5.0329429174281526e-14,5.666226333575453e-14
MAR02768,0.03956289932267386,0.023534979494311877,0.0005051336233188739,0.008851335564201724,0.032889156547513454,0.07977336725286104,0.10069628976735227
MAR02769,-0.03956289932267374,0.023534979494311895,-0.10069628976735237,-0.07977336725286095,-0.03288915654751336,-0.008851335564201738,-0.0005051336233188761
MAR02770,-0.03956289932267383,0.023534979494311867,-0.10069628976735236,-0.07977336725286101,-0.03288915654751346,-0.00885133556420179,-0.0005051336233188786
MAR02771,0.047217492685045666,0.021421850252348412,0.0005087456987802109,0.012648522251488329,0.04681124564534077,0.08104554413101415,0.09301784753858638
MAR02772,0.04721749268504552,0.021421850252348437,0.0005087456987802143,0.012648522251488326,0.04681124564534048,0.08104554413101402,0.09301784753858626
MAR02773,-0.047217492685045576,0.021421850252348423,-0.09301784753858623,-0.08104554413101402,-0.0468112456453406,-0.012648522251488343,-0.0005087456987802152
MAR02774,0.03383487119574226,0.021592237143465472,0.0004964966576122453,0.006795037198069213,0.027127592554006978,0.07234220730972186,0.09390268563801446
MAR02775,0.03383487119574212,0.021592237143465493,0.0004964966576122419,0.006795037198069166,0.02712759255400669,0.07234220730972188,0.09390268563801449
MAR02776,-0.033834871195742265,0.021592237143465472,-0.09390268563801449,-0.07234220730972188,-0.02712759255400697,-0.006795037198069254,-0.0004964966576122446
MAR02778,0.0,0.0,0.0,0.0,0.0,0.0,0.0
MAR02801,0.0,0.0,0.0,0.0,0.0,0.0,0.0
MAR02851,0.0,0.0,0.0,0.0,0.0,0.0,0.0
MAR02880,0.0,0.0,0.0,0.0,0.0,0.0,0.0
MAR02884,0.0,0.0,0.0,0.0,0.0,0.0,0.0
MAR02885,88.5049280374865,41.507646871712396,0.27817619375902886,2.9003569814581165,89.76179520771834,163.79322091551498,175.99796862256284
MAR02888,0.0,0.0,0.0,0.0,0.0,0.0,0.0
MAR02889,223.78345173993515,278.5030256325115,-648.5862071084194,-159.77167709489413,245.89903777712345,964.5614331890432,970.5787969643253
MAR02891,88.50492803748654,41.50764687171243,0.278176193759034,2.9003569814581156,89.76179520771831,163.7932209155151,175.99796862256295
MAR02892,0.0,0.0,0.0,0.0,0.0,0.0,0.0
MAR02895,0.0,0.0,0.0,0.0,0.0,0.0,0.0
MAR03015,0.0,0.0,0.0,0.0,0.0,0.0,0.0
MAR03016,1.1720615898789113e-13,3.927899741332095e-14,1.2027317843099419e-14,4.6509558835107143e-14,1.129531229329579e-13,2.289292413105954e-13,2.326489284977455e-13
MAR03033,1.643006000327866,4.398757316861784,-11.276789728890362,-6.32714656846779,1.43152465490942,8.91972072314571,11.432497921351231
MAR03034,-1.6430060003279179,4.398757316861794,-11.43249792135121,-8.919720723145728,-1.431524654909558,6.3271465684677874,11.276789728890355
MAR03035,0.0,0.0,0.0,0.0,0.0,0.0,0.0
MAR03047,49.99157348715837,161.88895921345528,-653.9310060239716,-112.83611453778201,74.32877263127546,215.44927611401698,316.5869227947153
MAR03106,-75.74239371823768,46.51679619352471,-210.64333569572932,-160.23775518606502,-70.24232805497337,-9.39222572228635,-0.31022207088494724
MAR03107,0.05638641102934622,0.05477238398050196,0.0012207770801892822,0.0032732716575777088,0.04643115820899758,0.12649141237989306,0.2952460914270058
MAR03108,0.05638641102934531,0.054772383980502076,0.0012207770801892011,0.0032732716575775865,0.046431158208995564,0.1264914123798924,0.29524609142700564
MAR03109,0.0563864110293448,0.05477238398050224,0.001220777080189248,0.0032732716575775847,0.04643115820899574,0.1264914123798925,0.29524609142700553
MAR03110,0.05638641102934478,0.05477238398050223,0.0012207770801892343,0.003273271657577571,0.04643115820899572,0.1264914123798924,0.2952460914270055
MAR03111,0.015240630363180853,0.015238885247124998,1.2782790381980904e-05,0.0005660749588504889,0.010337090377063507,0.04616634242612984,0.07643690066565698
MAR03112,0.015240630363180846,0.015238885247125,1.2782790381964857e-05,0.0005660749588504879,0.010337090377063487,0.04616634242612984,0.07643690066565699
MAR03113,0.01524063036318085,0.015238885247124996,1.2782790381971363e-05,0.0005660749588504868,0.010337090377063497,0.046166342426129825,0.07643690066565698
MAR03114,0.015240630363180848,0.015238885247124995,1.2782790381970495e-05,0.000566074958850487,0.010337090377063507,0.04616634242612981,0.07643690066565698
MAR03115,34.67221783954781,15.718148884551436,0.5402274434514517,1.7970473071077757,35.14975371589976,58.71089360417663,66.65521904104415
MAR03119,-31.31106376320367,25.445765407391622,-129.16788186541177,-83.79314028270139,-26.454395530476546,-0.37634751048199877,-0.005303098404329075
MAR03121,166.29630157298934,73.419879094461,6.253612713886228,11.25744662489685,179.2984917513737,267.5878683739996,325.6359143559419
MAR03122,162.39745347501594,131.63534311986237,1.5520654430197338,7.879718157129201,151.2797857144229,238.79275096233613,990.2541326873919
MAR03123,162.3974534750159,131.6353431198624,1.552065443019733,7.879718157129201,151.27978571442276,238.79275096233613,990.254132687392
MAR03125,162.39745347501594,131.63534311986237,1.5520654430197303,7.879718157129201,151.2797857144229,238.79275096233636,990.2541326873921
MAR03128,156.19297405435074,133.02285277972163,1.4173037431834907,7.810893143807742,147.72209821849805,237.73664632006046,990.2414979973445
MAR03129,156.1929740543507,133.02285277972163,1.4173037431834894,7.810893143807742,147.7220982184981,237.73664632006034,990.2414979973443
MAR03130,156.19297405435074,133.0228527797216,1.4173037431834894,7.810893143807742,147.72209821849816,237.7366463200604,990.2414979973443
MAR03132,156.1929740543508,133.02285277972163,1.4173037431834894,7.810893143807742,147.72209821849816,237.73664632006043,990.2414979973443
MAR03135,6.851115169747902e-15,2.7369639921546344e-14,-5.93186783016071e-14,-5.286930708705235e-14,4.817988405265244e-15,4.0548996596911905e-14,1.1676205374097591e-13
MAR03136,2.7614231194930828e-14,4.11405716061421e-14,-9.047352645465246e-14,-5.639171626028238e-14,2.7999380708787874e-14,9.0345347527199e-14,1.0065931802929087e-13
MAR03137,3.017995367574185e-14,5.13114060131421e-14,-8.947566583134978e-14,-5.731112254479626e-14,2.8167273577944055e-14,1.178682779633738e-13,1.304146462084234e-13
MAR03139,2.9719967459474715e-14,5.097079653239172e-14,-8.948522918921342e-14,-5.853586822217525e-14,2.873947498324502e-14,1.1623240428328139e-13,1.289476007191675e-13
MAR03142,1.2738830253416682e-12,9.83218741472749e-13,-3.4194705393164336e-13,-9.299128541732203e-14,1.2928534492954623e-12,2.785160495241425e-12,3.673803221411313e-12
MAR03143,0.0,0.0,0.0,0.0,0.0,0.0,0.0
MAR03149,0.0,0.0,0.0,0.0,0.0,0.0,0.0
MAR03150,0.0,0.0,0.0,0.0,0.0,0.0,0.0
MAR03151,0.0,0.0,0.0,0.0,0.0,0.0,0.0
MAR03153,0.0,0.0,0.0,0.0,0.0,0.0,0.0
MAR03157,0.0,0.0,0.0,0.0,0.0,0.0,0.0
MAR03158,0.0,0.0,0.0,0.0,0.0,0.0,0.0
MAR03160,0.0,0.0,0.0,0.0,0.0,0.0,0.0
MAR03163,-2.120297856422445e-14,2.5545199842547685e-14,-1.4878482842538572e-13,-5.588214917026577e-14,-1.4493049090417303e-14,2.606286278126306e-15,7.530394513150178e-15
MAR03164,-2.827075913082674e-14,2.738442990126563e-14,-1.6536521789995436e-13,-6.157696548413725e-14,-2.7575823448628607e-14,2.4032072670442495e-16,1.6222176487190727e-15
MAR03166,-1.821179345159494e-14,2.4708126924709534e-14,-1.516986450488263e-13,-4.5688271253237466e-14,-9.643473790058022e-15,6.6298989155907615e-15,1.1497865755842526e-14
MAR03170,0.05385293741023571,0.02781554117411521,0.0004719492402925675,0.008556800494059656,0.059011452109697146,0.09406510303984641,0.13202037260978075
MAR03171,0.05385293741023571,0.027815541174115208,0.0004719492402925674,0.008556800494059656,0.05901145210969719,0.09406510303984647,0.13202037260978075
MAR03172,0.05385293741023597,0.02781554117411548,0.0004719492402925721,0.008556800494059538,0.05901145210969829,0.09406510303984555,0.13202037260978075
MAR03173,0.05385293741023597,0.027815541174115496,0.0004719492402925716,0.008556800494059541,0.05901145210969831,0.09406510303984557,0.1320203726097808
MAR03174,0.05385293741023619,0.02781554117411548,0.0004719492402925714,0.008556800494059548,0.05901145210969777,0.09406510303984555,0.13202037260978047
MAR03175,0.05385293741023618,0.02781554117411548,0.0004719492402925699,0.008556800494059545,0.05901145210969775,0.09406510303984553,0.13202037260978047
MAR03176,0.05385293741023503,0.027815541174115156,0.00047194924029256844,0.008556800494059038,0.05901145210969634,0.0940651030398426,0.13202037260977856
MAR03177,0.05385293741023529,0.027815541174114392,0.0004719492402925685,0.008556800494059751,0.0590114521096966,0.09406510303984122,0.13202037260977773
MAR03178,0.0496010958265566,0.027353508164413565,0.0004659852252488512,0.0057783320344153375,0.05346110473290117,0.0911000780662554,0.13022944820774515
MAR03179,0.049601095826556016,0.027353508164413384,0.00046598522524884863,0.005778332034415371,0.053461104732900874,0.09110007806625639,0.13022944820774526
MAR03180,0.049601095826556016,0.027353508164413384,0.0004659852252488498,0.005778332034415371,0.05346110473290086,0.09110007806625639,0.13022944820774526
MAR03181,0.04960109582655765,0.02735350816441226,0.00046598522524885454,0.0057783320344152005,0.05346110473290232,0.0911000780662564,0.13022944820774465
MAR03182,0.042626852566655285,0.025522247933581634,0.00017165814264970042,0.002575391994200086,0.047108689657142475,0.07725457827357204,0.09730604073010267
MAR03183,0.04262685256665719,0.025522247933581998,0.0001716581426515271,0.0025753919942000914,0.047108689657144195,0.07725457827357671,0.09730604073010582
MAR03184,0.04262685256665718,0.02552224793358211,0.0001716581426499406,0.0025753919942000923,0.04710868965714449,0.07725457827357832,0.09730604073010855
MAR03185,0.04262685256665715,0.025522247933582105,0.0001716581426498936,0.0025753919942000923,0.04710868965714447,0.07725457827357832,0.09730604073010854
MAR03186,0.0426268525666573,0.02552224793358202,0.00017165814265103052,0.0025753919942000914,0.04710868965714278,0.07725457827357615,0.09730604073010789
MAR03187,0.04262685256665729,0.025522247933582046,0.0001716581426509797,0.002575391994200091,0.047108689657142884,0.07725457827357607,0.09730604073010804
MAR03188,0.042626852566654876,0.025522247933581266,0.00017165814264911877,0.0025753919942000966,0.047108689657142336,0.07725457827357649,0.09730604073010489
MAR03189,0.04262685256665488,0.02552224793358127,0.0001716581426491409,0.0025753919942000983,0.04710868965714236,0.07725457827357646,0.09730604073010486
MAR03190,3.5834514662416015,4.346222899360148,0.004661537207969845,0.15408676456649692,2.376559167535053,9.423937934638685,31.677153595110646
MAR03191,3.5834514662416024,4.346222899360148,0.00466153720797151,0.1540867645664971,2.3765591675350546,9.423937934638689,31.67715359511064
MAR03192,3.5834514662416046,4.346222899360147,0.004661537207972176,0.15408676456649756,2.376559167535058,9.423937934638698,31.67715359511064
MAR03193,3.583451466241608,4.34622289936015,0.004661537207971288,0.15408676456649745,2.3765591675350546,9.423937934638708,31.677153595110646
MAR03194,3.9578890675863576,4.409406727377556,0.010270008226706349,0.2176619637733013,2.707887909961661,10.130164576162004,32.14787785775679
MAR03195,3.957889067586357,4.409406727377555,0.01027000822670324,0.2176619637733028,2.70788790996166,10.130164576162004,32.14787785775678
MAR03196,3.9578890675863585,4.409406727377554,0.010270008226711622,0.2176619637733017,2.707887909961661,10.130164576162004,32.147877857756775
MAR03197,3.9578890675863607,4.4094067273775535,0.010270008226718173,0.21766196377330482,2.70788790996166,10.130164576162008,32.147877857756775
MAR03198,4.080864256328322,4.4032933243179535,0.013520629527990697,0.3110942084785417,2.8541654737069777,10.46054209547382,32.13898274427001
MAR03199,4.080864256328322,4.403293324317955,0.013520629527979926,0.31109420847854197,2.8541654737069804,10.460542095473826,32.13898274427001
MAR03200,4.080864256328308,4.403293324317954,0.013520629527955314,0.31109420847854174,2.854165473706968,10.460542095473805,32.138982744269995
MAR03201,4.08086425632831,4.4032933243179535,0.01352062952795698,0.3110942084785414,2.854165473706975,10.460542095473802,32.138982744269995
MAR03202,11.868834699316048,6.38281405260706,0.049387014099128615,0.9612290665985495,11.564349959967998,22.108978729936744,36.8527995367389
MAR03203,11.868834699316055,6.38281405260706,0.049387014099129045,0.9612290665985495,11.564349959968013,22.108978729936737,36.85279953673889
MAR03204,11.86883469931605,6.382814052607058,0.04938701409912913,0.9612290665985495,11.564349959968002,22.10897872993673,36.852799536738885
MAR03205,11.868834699316052,6.382814052607057,0.04938701409912985,0.961229066598549,11.56434995996801,22.10897872993672,36.85279953673888
MAR03206,144.13498250196943,122.95877913622587,0.15700504359930703,3.9384485078554112,143.08965857864808,212.23638045497069,930.2672915688684
MAR03209,-240.71959277052295,116.93277236082561,-527.4224624380629,-373.3156205355323,-251.87702233246318,-12.286397645238226,263.74981755890093
MAR03212,-6.95466423810212e-32,1.1122408302996881e-31,-2.850658511315237e-31,-2.7899941607974727e-31,-4.682030147376549e-33,3.881757020817286e-32,4.377983889442508e-32
MAR03213,152.22378040155454,120.55096065513331,0.3670531057409418,6.7052606570322535,145.0552530991684,232.39818327445636,899.7413307092254
MAR03214,328.98774212169894,199.6532081841143,57.2308274369567,99.64811660899257,284.388442873406,966.3314986684104,971.2190493075266
MAR03215,894.1143423451085,48.334700893709034,780.2142685505115,808.2446171103616,897.3773983787399,992.6218248448042,995.2687650139486
MAR03218,0.04329559942201819,0.05573523350005149,0.00022795024350264658,0.0012087004373918383,0.02884297867886646,0.12228735912674744,0.2861859750506995
MAR03219,0.04329559942201823,0.05573523350005152,0.00022795024350265626,0.001208700437391839,0.028842978678866503,0.12228735912674772,0.2861859750506996
MAR03220,0.04329559942201789,0.0557352335000516,0.00022795024350182738,0.001208700437391857,0.028842978678866083,0.12228735912674724,0.2861859750506995
MAR03221,0.04329559942201789,0.05573523350005161,0.00022795024350179703,0.001208700437391855,0.028842978678866083,0.12228735912674726,0.28618597505069954
MAR03222,0.043295599422016946,0.05573523350005192,0.00022795024350146285,0.0012087004373918984,0.028842978678864248,0.12228735912674767,0.2861859750507003
MAR03223,0.04329559942201831,0.05573523350005145,0.00022795024350298255,0.0012087004373918366,0.028842978678866444,0.12228735912674749,0.2861859750506996
MAR03224,0.04329559942201815,0.05573523350005151,0.00022795024350245386,0.0012087004373918398,0.0288429786788664,0.12228735912674744,0.2861859750506995
MAR03225,0.043295599422018334,0.05573523350005147,0.0002279502435029894,0.0012087004373918318,0.02884297867886646,0.12228735912674757,0.2861859750506996
MAR03226,16.55975992972763,13.398342330356039,0.07001212466908131,1.576455293274589,14.10873209739356,44.10821309674494,85.45570949076277
MAR03227,16.559759929727655,13.398342330356034,0.07001212466910052,1.576455293274603,14.108732097393588,44.10821309674496,85.45570949076277
MAR03228,16.55975992972764,13.398342330356039,0.07001212466909158,1.5764552932746037,14.108732097393565,44.108213096744954,85.45570949076279
MAR03230,-2.8261760679933824e-15,2.5276634069936423e-14,-9.532299857492888e-14,-5.730085644834876e-14,3.3526848261997586e-15,2.2955418531623098e-14,3.4265794604232095e-14
MAR03231,-2.87120348510881e-15,2.525188955828857e-14,-9.535885473033885e-14,-5.677486915872355e-14,3.4159131363312984e-15,2.2965738812198253e-14,3.3645128387976025e-14
MAR03232,-2.971992374705286e-15,2.522894739432621e-14,-9.536345354967798e-14,-5.6830879103367375e-14,3.1985228542908575e-15,2.295048189032008e-14,3.359337055723141e-14
MAR03233,-2.435474169848209e-15,2.5457147354509975e-14,-9.546490356910333e-14,-5.677015853630522e-14,3.788676539159086e-15,2.3300454092069006e-14,3.425433177630054e-14
MAR03234,1.858740818258765e-15,2.619419285884414e-14,-9.375381016841731e-14,-5.4644177781336573e-14,7.92532455699868e-15,2.845121375571793e-14,4.0067130234878645e-14
MAR03235,-2.161083291338494e-15,2.5518169649995722e-14,-9.552324969400915e-14,-5.6623691932409906e-14,3.243836827802427e-15,2.3630941369741057e-14,3.501530122157053e-14
MAR03236,-2.1069855430160396e-15,2.5532931156493787e-14,-9.552051962517013e-14,-5.660377735718365e-14,3.288482125428356e-15,2.3671290202536487e-14,3.504367062164561e-14
MAR03237,-1.2824069808544468e-15,2.5857430742309966e-14,-9.51680046958345e-14,-5.51486851011413e-14,3.4516145306693754e-15,2.6139260530406006e-14,3.613852867706177e-14
MAR03238,114.77874263376711,65.28951935455584,2.247892154557791,15.718687222676946,111.82785684002187,225.04645769792486,278.508363506277
MAR03239,1.3476897604257073e-15,2.5842733029056695e-14,-3.610551547041247e-14,-2.612700764190728e-14,-3.3758574170552517e-15,5.5193923447517425e-14,9.51707344558291e-14
MAR03240,0.024513104088140624,0.017040583169489736,1.603927897016465e-05,0.0003922368541391935,0.023282606835846584,0.060541616609779844,0.073795633474609
MAR03241,0.024513104088140652,0.01704058316948975,1.603927897016389e-05,0.00039223685413919336,0.02328260683584662,0.06054161660977982,0.07379563347460906
MAR03242,0.024513104088140645,0.01704058316948975,1.6039278970164494e-05,0.0003922368541391936,0.023282606835846598,0.06054161660977982,0.07379563347460906
MAR03243,0.024513104088140628,0.01704058316948974,1.6039278970164494e-05,0.0003922368541391929,0.023282606835846605,0.060541616609779844,0.07379563347460899
MAR03244,0.02451310408814064,0.017040583169489754,1.6039278970164105e-05,0.00039223685413919033,0.023282606835846605,0.06054161660977986,0.07379563347460902
MAR03245,0.024513104088140652,0.017040583169489757,1.6039278970163193e-05,0.00039223685413919055,0.023282606835846632,0.06054161660977986,0.07379563347460903
MAR03246,0.024513104088140426,0.017040583169489663,1.6039278970161503e-05,0.0003922368541391917,0.023282606835846445,0.06054161660977981,0.07379563347460866
MAR03247,0.02451310408814059,0.017040583169489837,1.603927897016313e-05,0.0003922368541391024,0.02328260683584769,0.06054161660977982,0.07379563347460877
MAR03250,2.1121200598161393e-14,3.2354121887657124e-14,-1.1059738287259682e-13,-4.915540680373599e-15,1.7674274942467588e-14,7.23271530126594e-14,9.156168414760002e-14
MAR03252,2.163642013144727e-14,3.188165353618434e-14,-1.0591182832240235e-13,-6.372602968534005e-15,1.765233828140753e-14,7.255851745562097e-14,9.143998197067513e-14
MAR03254,2.1675907126978163e-14,3.1905838743812945e-14,-1.0564388881964563e-13,-6.082425350592688e-15,1.7592171282153752e-14,7.273964254709685e-14,9.155122852574591e-14
MAR03256,2.1668246929764587e-14,3.18970026364029e-14,-1.0562528717773045e-13,-6.083034909226944e-15,1.758889454880753e-14,7.269829428062939e-14,9.153829271183063e-14
MAR03258,2.138994036402366e-14,3.1944818999145213e-14,-1.0721221943279453e-13,-6.082639122062032e-15,1.76082669614585e-14,7.207740524950113e-14,9.140821216691016e-14
MAR03259,0.0,0.0,0.0,0.0,0.0,0.0,0.0
MAR03260,2.1466923189368106e-14,3.197106118555563e-14,-1.0712260693214747e-13,-6.08132237670472e-15,1.7624897406423474e-14,7.220479020511545e-14,9.146070036267135e-14
MAR03262,2.161249594338806e-14,3.210877893184641e-14,-1.0751094458217871e-13,-5.130148156719422e-15,1.7634620158023093e-14,7.262299614482453e-14,9.16889612223061e-14
MAR03264,2.1576626863020945e-14,3.20910296006893e-14,-1.0752454392684759e-13,-5.136702629586034e-15,1.7619051467060913e-14,7.248884194853624e-14,9.16587811427587e-14
MAR03272,-2.1075045743852594e-14,3.218536518809598e-14,-9.150311584378167e-14,-7.199110495972187e-14,-1.7593835856774068e-14,5.157957947985756e-15,1.0950725087953633e-13
MAR03275,-5.055122829538218e-13,4.435095574683956e-13,-2.388226123421771e-12,-1.383711544293287e-12,-2.9924942681620846e-13,-6.268933399122933e-15,3.152372625235285e-13
MAR03277,-5.0565589610405e-13,4.434911318014515e-13,-2.388225197885646e-12,-1.3837658069629262e-12,-2.998114617246009e-13,-6.2625733648669276e-15,3.152381110693869e-13
MAR03278,-5.058638232800462e-13,4.4369671706204803e-13,-2.388193308950344e-12,-1.3842615695752602e-12,-2.999977872407889e-13,-6.249953450474609e-15,3.15247534444919e-13
MAR03279,-5.058691600181572e-13,4.437129014431536e-13,-2.3881932942029337e-12,-1.3842615622549242e-12,-2.999433214207347e-13,-6.249784756881932e-15,3.152475471142314e-13
MAR03280,-5.058609735150374e-13,4.437130725385997e-13,-2.3881918898687702e-12,-1.3842583197211054e-12,-2.999237032590141e-13,-6.2494533683567e-15,3.15248878683022e-13
MAR03281,-5.203817546212166e-13,4.490692327316749e-13,-2.399308862876863e-12,-1.406634542822704e-12,-3.2774709694661467e-13,-9.804091727202999e-16,3.016167715497787e-13
MAR03282,-5.19470013654117e-13,4.486614007304124e-13,-2.3992518610892356e-12,-1.406996878908121e-12,-3.3156289553418537e-13,-9.62157388244183e-16,3.016350696666022e-13
MAR03283,-5.195185952777639e-13,4.4858794746799927e-13,-2.3992635988285354e-12,-1.406420805901012e-12,-3.3071445040744457e-13,-9.733389076404454e-16,3.0162401070025065e-13
MAR03284,-5.203867290559546e-13,4.490635788461846e-13,-2.3993088758967534e-12,-1.4065898286656829e-12,-3.2776503191815684e-13,-9.806937040169226e-16,3.016164939389209e-13
MAR03285,-5.204663285899177e-13,4.4910004299049835e-13,-2.3993088859276665e-12,-1.4066992623632485e-12,-3.2785497053377107e-13,-9.807046902420202e-16,3.0161648629141423e-13
MAR03286,-5.203077854920023e-13,4.4884414933741445e-13,-2.399308368304385e-12,-1.4071260978920383e-12,-3.2891958407951763e-13,-9.777081217998045e-16,3.016192864419759e-13
MAR03287,-5.203659215333901e-13,4.488679764983131e-13,-2.3993082444481075e-12,-1.4071893343097387e-12,-3.289353144299947e-13,-9.765906852654292e-16,3.016203608928174e-13
MAR03288,-5.213725535987554e-13,4.493320896802431e-13,-2.399370335164065e-12,-1.406834803199952e-12,-3.2517975266464525e-13,-9.96432570483254e-16,3.0160047374242876e-13
MAR03290,-5.213050072538169e-13,4.493008630016468e-13,-2.399369628798634e-12,-1.406791113751068e-12,-3.251913636426187e-13,-9.966615826566733e-16,3.016002597699677e-13
MAR03292,-5.222471519997631e-13,4.499221684108628e-13,-2.3994230126587246e-12,-1.4059775278128136e-12,-3.2052841698186715e-13,-1.016918105685069e-15,3.015801716654755e-13
MAR03293,-5.222578479725798e-13,4.499211199627088e-13,-2.3994231646655957e-12,-1.4059406617173683e-12,-3.2052410442327727e-13,-1.0169074468580172e-15,3.015801799930742e-13
MAR03294,-5.217543615632998e-13,4.494053039432832e-13,-2.3994216217375694e-12,-1.4053728890968523e-12,-3.2227382014555046e-13,-1.0228271930397712e-15,3.0157455608453495e-13
MAR03298,1.2739753954969705e-12,9.832846824062932e-13,-3.4262572316516525e-13,-9.14375020695076e-14,1.2917831002462827e-12,2.7860063060614103e-12,3.675437091248605e-12
MAR03374,0.0,0.0,0.0,0.0,0.0,0.0,0.0
MAR03376,0.0,0.0,0.0,0.0,0.0,0.0,0.0
MAR03377,0.0,0.0,0.0,0.0,0.0,0.0,0.0
MAR03378,0.0,0.0,0.0,0.0,0.0,0.0,0.0
MAR03379,0.0,0.0,0.0,0.0,0.0,0.0,0.0
MAR03380,0.0,0.0,0.0,0.0,0.0,0.0,0.0
MAR03381,0.0,0.0,0.0,0.0,0.0,0.0,0.0
MAR03383,0.0,0.0,0.0,0.0,0.0,0.0,0.0
MAR03398,-2.2417722909921946e-14,4.420982015081106e-14,-1.3036813307231104e-13,-1.2890390829743269e-13,-2.5356474192482398e-14,8.917463449465595e-14,1.2162100115715725e-13
MAR03406,2.336626352520428,2.1946455191197556,7.885435260939652e-05,0.03065254340779638,1.9142208556145144,7.070859680429523,9.223766666691763
MAR03407,34.67221783954783,15.718148884551436,0.5402274434514508,1.7970473071077742,35.149753715899635,58.71089360417672,66.6552190410442
MAR03408,3.10725665881163,2.8628926121325926,0.0002290467592254708,0.17091764509388457,2.2918074710432883,8.619319149882337,11.908091450448417
MAR03409,7.707956820536052,5.4847862839328565,0.009829023753730742,0.13858235546726871,7.189003368922613,17.4409470239795,23.35744469281917
MAR03411,0.046439598232139105,0.01985670824220227,0.0005024192601637593,0.015804470970917094,0.044970062796494736,0.08177582408256487,0.0963152823051941
MAR03413,0.03676096120160135,0.019037723137540635,0.0005030989242980592,0.012513319957372992,0.03223354524760706,0.0717220925678315,0.08078483082686279
MAR03414,0.04954801922964755,0.021535164203047297,0.0005253189196655396,0.01392953446936864,0.048290713033710034,0.08303999947785083,0.10155053371363022
MAR03416,0.03420042183700809,0.019711964757570175,7.570388453599995e-05,0.0020591418090661496,0.03266115827867028,0.06507335721305121,0.08229886114416181
MAR03421,1.0604131507525647,1.4312406511755633,0.0007243000063040414,0.00985429867200702,0.2261955688493662,4.607492510098951,4.673780118399087
MAR03423,0.03956289932266159,0.023534979494320707,0.0005051336233188622,0.008851335564155422,0.03288915654748109,0.07977336725285875,0.10069628976735052
MAR03424,0.047217492685027125,0.021421850252349585,0.0005087456987801976,0.01264852225148807,0.04681124564529626,0.08104554413096807,0.093017847538537
MAR03425,0.0338348711957332,0.02159223714347126,0.0004964966576122379,0.006795037198064369,0.027127592554001528,0.07234220730972185,0.09390268563801288
MAR03427,0.24512732559117004,0.17554240058011936,0.0004005203079736562,0.013358349242990137,0.20622604761390462,0.5639047382892606,0.6601910605520735
MAR03428,0.5605280259040604,0.5841485824294702,0.0005929748447044113,0.019564419563234965,0.27474550973090645,1.9048120018405739,2.320653662160794
MAR03429,0.23026769561413868,0.17138620062116203,0.0003854909424657025,0.011936870372307009,0.19304280246306804,0.5962803897378964,0.7016502216459779
MAR03430,0.2995045996721419,0.3188043937724588,0.00012610129104911012,0.00023780268864148535,0.14200929777653298,0.8442372897975304,1.3662687905779098
MAR03431,0.04609037405280232,0.025419375056735947,0.0003240054793336237,0.006381971231185156,0.047645063087868755,0.08473159597752442,0.10246071972636665
MAR03432,0.02959162892543811,0.022504511598093167,0.00010322872862311256,0.0025521836552983494,0.02281751402410765,0.07118600534317801,0.08248033215242472
MAR03433,0.03329006234403452,0.019152396609924488,8.943851504131861e-05,0.004630423154859245,0.032703771332558876,0.06892148696577291,0.07291077592394052
MAR03437,-7.530124146411864,6.9014511009084245,-27.271944225036293,-19.44095151489324,-7.775445467482083,0.17763820043056594,16.221619322446415
MAR03452,-1.2057985550619493e-14,3.925367355726377e-14,-1.311093920770418e-13,-1.2958519187132335e-13,-1.0484424363552834e-14,2.8482281693747544e-14,9.063376111348747e-14
MAR03453,-1.198389895256299e-14,3.928839734115303e-14,-1.3110582968079105e-13,-1.2958241133071212e-13,-1.048406873996417e-14,2.881689120236229e-14,9.063782752663357e-14
MAR03454,-1.198389895256299e-14,3.928839734115303e-14,-1.3110582968079105e-13,-1.2958241133071212e-13,-1.0484068739964166e-14,2.881689120236229e-14,9.063782752663357e-14
MAR03455,1.2059551115519152e-14,3.928492523086879e-14,-9.063686972848224e-14,-2.8745470577878174e-14,1.0553312269743186e-14,1.2958171383351927e-13,1.3110608400445428e-13
MAR03456,-1.4179493052252099e-14,3.937462388417205e-14,-1.3064754581770344e-13,-1.2885343300155327e-13,-1.619750787002072e-14,5.220282772220545e-14,9.297800373591267e-14
MAR03457,-1.4509683690296165e-14,3.936127203727872e-14,-1.3064816571337383e-13,-1.288547761985164e-13,-1.624774281851923e-14,5.2073864886156224e-14,9.295885277396968e-14
MAR03458,-1.4477293821145164e-14,3.9359051914313735e-14,-1.3064741955128096e-13,-1.2885211286015353e-13,-1.624116853420796e-14,5.2076204591702325e-14,9.295977161469084e-14
MAR03473,6.5407263215172895,3.8337749736723765,0.014347809944253623,0.4057287133488515,6.280260422598678,13.301391620689543,18.985786833351185
MAR03477,9.755074048565354e-18,2.6819282246022642e-17,-2.0444458142953822e-17,-1.9953840007949907e-17,7.065918747218984e-19,5.746684507433365e-17,1.0509163818915908e-16
MAR03478,-2.666988887425211e-17,7.332258818617731e-17,-2.873153292496192e-16,-1.5711150571037765e-16,-1.9317871586073426e-18,5.455280943817067e-17,5.589413509855084e-17
MAR03482,-2.666988887425211e-17,7.332258818617731e-17,-2.873153292496192e-16,-1.5711150571037765e-16,-1.9317871586073426e-18,5.455280943817067e-17,5.589413509855084e-17
MAR03484,-2.1847746238166528e-18,6.006524090783654e-18,-2.353662751793879e-17,-1.287044098324101e-17,-1.582503617709048e-19,4.4689197724211034e-18,4.578800030223816e-18
MAR03486,-1.6634370112256738e-18,4.573228914556765e-18,-1.7920245368090586e-17,-9.799256934300408e-18,-1.2048817573215528e-19,3.402532448247337e-18,3.486192742375413e-18
MAR03488,-8.722851746602972e-20,2.3981429748014976e-19,-9.39714834728989e-19,-5.138605482980725e-19,-6.318246420138419e-21,1.784244663836012e-19,1.8281150561521359e-19
MAR03491,0.0,0.0,0.0,0.0,0.0,0.0,0.0
MAR03493,0.0,0.0,0.0,0.0,0.0,0.0,0.0
MAR03498,0.0,0.0,0.0,0.0,0.0,0.0,0.0
MAR03501,0.0,0.0,0.0,0.0,0.0,0.0,0.0
MAR03503,0.0,0.0,0.0,0.0,0.0,0.0,0.0
MAR03505,0.0,0.0,0.0,0.0,0.0,0.0,0.0
MAR03519,1.0723331446958402e-13,1.0289483749416163e-14,7.46031481724314e-14,9.260210851459215e-14,1.0578425366586006e-13,1.267117538020751e-13,1.357408561205718e-13
MAR03520,143.0211334800557,351.7437891497483,-902.0271621568542,-691.202573551165,183.39510699581393,950.2743817442697,962.9193247158786
MAR03522,-1.0723331446958402e-13,1.0289483749416163e-14,-1.357408561205718e-13,-1.267117538020751e-13,-1.0578425366586006e-13,-9.260210851459216e-14,-7.46031481724314e-14
MAR03523,-1.0723331446958399e-13,1.0289483749416175e-14,-1.357408561205718e-13,-1.267117538020751e-13,-1.0578425366585995e-13,-9.260210851459216e-14,-7.460314817243141e-14
MAR03524,-1.0723331446958399e-13,1.0289483749416175e-14,-1.357408561205718e-13,-1.267117538020751e-13,-1.0578425366585995e-13,-9.260210851459216e-14,-7.460314817243141e-14
MAR03525,0.0,0.0,0.0,0.0,0.0,0.0,0.0
MAR03527,0.0,0.0,0.0,0.0,0.0,0.0,0.0
MAR03528,0.0,0.0,0.0,0.0,0.0,0.0,0.0
MAR03529,0.0,0.0,0.0,0.0,0.0,0.0,0.0
MAR03530,0.0,0.0,0.0,0.0,0.0,0.0,0.0
MAR03531,0.0,0.0,0.0,0.0,0.0,0.0,0.0
MAR03532,0.0,0.0,0.0,0.0,0.0,0.0,0.0
MAR03533,0.0,0.0,0.0,0.0,0.0,0.0,0.0
MAR03534,0.0,0.0,0.0,0.0,0.0,0.0,0.0
MAR03540,0.0,0.0,0.0,0.0,0.0,0.0,0.0
MAR03545,0.0,0.0,0.0,0.0,0.0,0.0,0.0
MAR03547,0.0,0.0,0.0,0.0,0.0,0.0,0.0
MAR03551,0.0,0.0,0.0,0.0,0.0,0.0,0.0
MAR03552,0.0,0.0,0.0,0.0,0.0,0.0,0.0
MAR03554,0.0,0.0,0.0,0.0,0.0,0.0,0.0
MAR03574,0.0,0.0,0.0,0.0,0.0,0.0,0.0
MAR03575,0.0,0.0,0.0,0.0,0.0,0.0,0.0
MAR03576,0.0,0.0,0.0,0.0,0.0,0.0,0.0
MAR03577,0.0,0.0,0.0,0.0,0.0,0.0,0.0
MAR03578,0.0,0.0,0.0,0.0,0.0,0.0,0.0
MAR03581,0.0,0.0,0.0,0.0,0.0,0.0,0.0
MAR03586,0.0,0.0,0.0,0.0,0.0,0.0,0.0
MAR03587,0.0,0.0,0.0,0.0,0.0,0.0,0.0
MAR03588,0.0,0.0,0.0,0.0,0.0,0.0,0.0
MAR03589,-6.821412870382166e-16,7.782872444704029e-16,-2.5255525050190535e-15,-2.2514264976988803e-15,-2.968185305292117e-16,1.3562056757621818e-16,1.5709455601862327e-16
MAR03590,0.0,0.0,0.0,0.0,0.0,0.0,0.0
MAR03593,0.0,0.0,0.0,0.0,0.0,0.0,0.0
MAR03599,0.0,0.0,0.0,0.0,0.0,0.0,0.0
MAR03653,0.0,0.0,0.0,0.0,0.0,0.0,0.0
MAR03674,0.6974781802015089,0.43879117252173006,0.024296871847550208,0.0398891802348991,0.6458594606896351,1.6093375972716017,2.2872674412456586
MAR03712,0.0,0.0,0.0,0.0,0.0,0.0,0.0
MAR03733,0.6974781802015078,0.4387911725217307,0.02429687184755032,0.03988918023489915,0.6458594606896342,1.6093375972716017,2.2872674412456586
MAR03734,0.0,0.0,0.0,0.0,0.0,0.0,0.0
MAR03735,0.0,0.0,0.0,0.0,0.0,0.0,0.0
MAR03746,0.0,0.0,0.0,0.0,0.0,0.0,0.0
MAR03752,0.0,0.0,0.0,0.0,0.0,0.0,0.0
MAR03753,0.0,0.0,0.0,0.0,0.0,0.0,0.0
MAR03755,0.0,0.0,0.0,0.0,0.0,0.0,0.0
MAR03756,-456.66488625910097,175.0435196309243,-990.0369939542154,-847.1824493192515,-453.81276532483787,-22.224568544382002,-18.062569419636084
MAR03757,0.0,0.0,0.0,0.0,0.0,0.0,0.0
MAR03759,8.028429294140738,6.29687774894312,0.0009266819391421849,0.033943511130992726,7.097582281178595,18.739784577723935,24.701623545212943
MAR03761,21.31302840538688,13.11314098061249,0.03370806501744102,0.6223302663576294,22.10747783581474,41.11120322166032,50.35436331132535
MAR03762,-51.12309301674672,32.8872264784918,-149.80320050064074,-123.82191961298967,-46.67563067752667,-3.982397755381186,-2.456246435436924
MAR03763,720.577533538169,128.60652766964427,70.92608159178224,621.7952987844816,714.2561738983934,984.3317226196682,991.973455612886
MAR03764,-456.6648862591004,175.04351963092412,-990.0369939542154,-847.1824493192503,-453.8127653248372,-22.224568544382027,-18.062569419636077
MAR03770,0.0,0.0,0.0,0.0,0.0,0.0,0.0
MAR03784,144.1349825019696,122.95877913622587,0.15700504359931142,3.938448507855411,143.0896585786484,212.2363804549709,930.2672915688685
MAR03785,144.13498250196955,122.95877913622584,0.157005043599311,3.9384485078554112,143.08965857864837,212.2363804549709,930.2672915688684
MAR03789,864.7728846455796,53.71410839501992,732.6845371913629,771.4909766038805,863.5045918597001,992.1375528714303,994.6413973552357
MAR03790,37.655097350643395,28.381494003036657,0.3032339897899434,1.6186959503032428,32.02358362882862,95.83966423815623,127.80945506804827
MAR03792,-120.63981319792224,65.15583297100592,-260.796180697668,-222.8099338087298,-127.73058552796675,-5.074582996105314,21.664398606471423
MAR03793,-65.6908345503784,87.30936219583403,-609.0255820422249,-137.88062914264881,-48.19723124824938,-3.473792671635317,-0.12780946424391004
MAR03795,105.86609703202983,91.35360894683222,1.158736733691178,6.678128447292884,97.06121172493313,251.94452772800022,624.70218895087
MAR03799,0.0,0.0,0.0,0.0,0.0,0.0,0.0
MAR03800,450.4378747737736,135.4907311361208,4.815277348288586,16.95121719856138,483.3697237661719,583.3818032812882,624.0081079750993
MAR03802,602.5687050059082,316.58745193257573,-618.545088650287,-611.6254683970527,684.7188149638382,888.3108600686322,997.4485136302401
MAR03804,97.80658712049448,240.91257366837087,-690.559216379719,-196.227434847799,102.00442762684949,645.1393688995995,898.2839587122991
MAR03806,683.1384244034789,177.92629160983844,23.69258717741258,27.420908641635066,704.7342597624304,845.3895148052961,984.1691032178043
MAR03807,-683.1384244034787,177.92629160983776,-984.1691032178046,-845.3895148052903,-704.7342597624304,-27.42090864163499,-23.692587177412403
MAR03809,-5.814148907054232,3.8834559463764666,-19.181900966237606,-12.442748619029144,-5.38327486672123,-0.23769661499407801,-0.009299678777500426
MAR03815,0.0,0.0,0.0,0.0,0.0,0.0,0.0
MAR03816,217.99859627138002,85.21454300154745,1.5875512278571393,9.015432964614146,226.0198956490147,323.07974526686326,434.75061711177324
MAR03817,513.4396695540727,156.01961621855972,57.18628600921843,186.689567301351,508.37210302664187,977.530865675747,981.7331702584914
MAR03820,0.0,0.0,0.0,0.0,0.0,0.0,0.0
MAR03823,144.13498250196966,122.95877913622586,0.15700504359931156,3.9384485078554112,143.0896585786486,212.236380454971,930.2672915688684
MAR03827,-489.84687968739024,164.80377314036508,-956.77821388771,-951.9641775762179,-480.72877163635087,-174.45433210929693,-60.723181389891344
MAR03829,3.287666191396751,176.34266088549742,-731.5875527270488,-253.68704200616006,29.497649918757475,215.34597615230658,329.576476484709
MAR03836,89.26109911537343,343.53559711833157,-900.4226867267307,-694.5916906798232,115.05254079438839,950.9744052562694,963.1552232130581
MAR03839,25.021759756699087,17.57458072026246,-12.449921624697945,0.6296640372346035,23.973956076833105,57.76402070658059,78.2273007566084
MAR03841,25.021759756699087,17.57458072026245,-12.449921624698005,0.6296640372346408,23.973956076833133,57.76402070658054,78.22730075660839
MAR03845,-454.9898508400564,201.27484230413583,-984.1756376891425,-978.5963019449678,-417.580125441237,-223.5768158588637,-47.458173139344204
MAR03848,-293.17894578634724,193.44543960947746,-973.0315115373054,-968.7442734990132,-233.3243095187368,-146.63752476413097,-20.643756489244737
MAR03849,0.0,0.0,0.0,0.0,0.0,0.0,0.0
MAR03850,0.0,0.0,0.0,0.0,0.0,0.0,0.0
MAR03853,0.0,0.0,0.0,0.0,0.0,0.0,0.0
MAR03861,0.0,0.0,0.0,0.0,0.0,0.0,0.0
MAR03863,489.84687968739024,164.80377314036508,60.723181389891344,174.4543321092969,480.7287716363507,951.9641775762179,956.77821388771
MAR03864,489.84687968739024,164.80377314036517,60.723181389891344,174.45433210929684,480.72877163635076,951.9641775762183,956.77821388771
MAR03865,0.0,0.0,0.0,0.0,0.0,0.0,0.0
MAR03866,0.0,0.0,0.0,0.0,0.0,0.0,0.0
MAR03869,50.590019509526115,78.5475045759199,0.07517569016976376,1.3225610225153261,30.147848733997648,360.16929825596816,362.24080738040897
MAR03873,3.132672162568591,2.9066559925747217,0.0002465159007759799,0.05706294135838913,2.2717979244671698,8.644575030385798,14.008309452572416
MAR03875,9.502498330753145e-15,1.2297192605763363e-14,-2.158960661698706e-14,-1.0765625283354009e-14,1.0226210875544381e-14,2.890837517445939e-14,3.372827953507731e-14
MAR03877,-2.2601362076543502e-14,2.617750126496859e-14,-7.808835091612987e-14,-6.534893553310906e-14,-2.2014845177254544e-14,1.420650460586143e-14,6.440638754524583e-14
MAR03879,6.157432912042998e-17,1.6928413906126798e-16,-1.2904605214844455e-16,-1.259492553054083e-16,4.460029768235991e-18,3.627325035672259e-16,6.633416707499105e-16
MAR03885,-445.4484115316774,131.511761157311,-739.2917472024587,-591.4499672801245,-464.1511033289536,-50.869588561505,-44.38133418920768
MAR03886,0.0,0.0,0.0,0.0,0.0,0.0,0.0
MAR03887,0.0,0.0,0.0,0.0,0.0,0.0,0.0
MAR03894,0.0,0.0,0.0,0.0,0.0,0.0,0.0
MAR03898,0.0,0.0,0.0,0.0,0.0,0.0,0.0
MAR03899,-440.32244776196984,154.07575840200198,-969.0019972723553,-656.7347355642311,-421.6154931102112,-168.70804608146776,-103.42767576779693
MAR03905,93.22682967233116,46.37358460203344,0.06323908799714299,6.118554302207902,94.73989980072332,164.93549300980428,188.2688875822092
MAR03908,6.862686056122369e-15,2.465392447645919e-14,-6.337715666695856e-14,-3.9669589624286573e-14,6.208204754512896e-15,4.5476564611854565e-14,7.346690590713733e-14
MAR03912,67.64343399082134,122.17973982118114,0.06674191236367648,4.25096948840685,45.55369169982926,120.2041726585177,896.6651926294263
MAR03920,-421.6221623512381,178.819623975388,-981.7507928658234,-975.2223404247121,-393.7136114070131,-144.5331763287812,-9.17362832790291
MAR03928,0.0,0.0,0.0,0.0,0.0,0.0,0.0
MAR03929,-234.63558170659368,153.66940137587238,-993.3047744480705,-474.7156023703194,-206.86743025779754,-18.10822032828928,-9.760707084192145
MAR03931,0.9064759526294844,0.0018495822695178412,0.9053934930659825,0.9054157493681156,0.9059111760413174,0.908879984182898,0.9216186427282964
MAR03934,0.0,0.0,0.0,0.0,0.0,0.0,0.0
MAR03937,346.7704390061499,107.0895330422973,24.91718041190704,100.83899412792087,353.60112243392473,581.3856140982219,585.3461743383954
MAR03944,0.47861831308491437,0.000976577418495419,0.4780467756174013,0.4780585269207477,0.47832011166314503,0.4798876391198264,0.48661363692073906
MAR03946,416.5591915568447,168.83040672700184,15.835772558582484,21.25350577522192,410.2704102655407,826.2405125958888,989.9394401989198
MAR03947,25.423963770102564,37.15505891699837,0.6950585543996084,1.6469875606515116,15.442780460455005,71.85843084477254,263.4802588118831
MAR03952,-1.5162705401988174e-16,2.1494867519696657e-15,-9.220586462644539e-15,-4.692518975663987e-15,8.914919158583824e-19,2.759844732347961e-15,3.414169971845506e-15
MAR03955,429.8706680067023,151.61885337619438,40.83186298885955,240.64587473493935,430.04373241241956,802.523945784698,957.2762001692679
MAR03956,494.1471771875441,212.7853633141354,-188.19799324798987,23.21947471577816,530.0446222744533,758.2597643997506,968.7821044373628
MAR03958,-57.53601897854506,199.7257646960001,-710.5802296558729,-221.05867913013563,-44.88623562125565,71.26053640629675,897.279104937417
MAR03959,-767.0644966956002,97.96625096552012,-991.1906647016951,-988.1651808228958,-767.6424576696099,-596.207073584807,-543.4276017596189
MAR03960,263.10642790233175,57.038417433628176,32.87606837601498,131.47303118636637,273.27725740771155,340.18129481013284,366.9867791204175
MAR03968,4.5273121324708665,0.009237571305160616,4.521905886116548,4.522017043202524,4.524491406899246,4.53931885056098,4.602940928142578
MAR03975,20.41972842635799,13.063133705249182,0.4215898710485656,0.8564825933783569,19.1377235273232,45.022221851634335,51.06621737542589
MAR03977,115.7895993388068,39.504926050428665,13.822868247978729,79.75702727610552,111.43913560418196,254.41767684502892,255.35588233247447
MAR03979,6.54072632151734,3.8337749736723836,0.014347809944254018,0.4057287133488582,6.2802604225986505,13.301391620689321,18.985786833351643
MAR03980,363.25781127973914,142.09285313796897,6.786872633656619,74.05722866782996,366.7433959973332,757.8520741974505,798.4165956202445
MAR03982,245.6462474164391,79.74424261809897,9.421253307532917,11.746341088620376,243.46193522385147,425.5326557154887,495.8520508967882
MAR03984,15.982345045809891,18.704677647824003,0.42318549606578215,1.0175983840767218,11.339270784673694,41.70720986075228,131.74730331091365
MAR03987,0.0,0.0,0.0,0.0,0.0,0.0,0.0
MAR03988,0.0,0.0,0.0,0.0,0.0,0.0,0.0
MAR03991,61.05789734847121,28.104764439702777,1.7537653045138506,3.310624438704973,60.90953144116088,107.39902930592687,115.81729237525977
MAR03992,28.214558385902965,19.056545363218326,0.03141624844939619,1.1427538881106323,25.859436683077277,66.92363152395295,96.550013830097
MAR03995,292.33735382938255,340.5105771693084,-948.3450760644099,-943.7091824322988,318.6828637476813,819.5703673165311,989.7073988506789
MAR03996,-20.934736608576287,159.76411202299096,-702.6481894335453,-166.50882160133608,-0.9929880782935969,115.39955321915019,478.05720849427513
MAR03998,2.582196181131007,2.8136935590846712,0.004719646651054215,0.03129355466521448,1.470789228957823,9.492897325898833,11.083838522375524
MAR04002,-206.78049482215198,89.52276298599487,-595.2055338449557,-301.9971972788781,-213.0064740918638,-11.895751459687169,-7.155586503815243
MAR04004,-87.63026120306847,282.4122364591083,-963.6015385784436,-951.4147653166232,-90.91964600178889,255.28687110568902,975.6776939885351
MAR04006,288.41809877388647,228.8803326000609,33.28636140195533,81.87937355017328,245.63017969124917,965.6587558981878,974.007443095639
MAR04008,287.3402270056639,198.12327276283122,7.249101181806054,17.267323306868878,244.77169655222835,788.5485571749292,983.4704225181306
MAR04016,-6.967228821977906,325.7267373302327,-983.5977276827094,-718.5935313508854,10.287039589695496,953.7791867354093,962.383998447432
MAR04018,-161.59680071958906,161.30441372358894,-985.0020679115131,-426.417299560532,-120.17909759595531,29.133437817365,37.46189870619321
MAR04020,734.033493573342,110.35641780315133,200.32041529365463,648.2298417826938,720.6620484776378,942.6959674107375,994.914544591591
MAR04024,388.17496030571266,184.65425762128538,-116.84492286042371,-111.18474639775508,383.8087677163754,704.1310800631845,984.9414718134883
MAR04026,-4.586042653591066,0.009357405626467542,-4.662652543221444,-4.598205128737502,-4.583185336178993,-4.580678873818345,-4.580566274748872
MAR04028,-23.927862762780755,278.9262233702741,-986.6681756970085,-268.06592881528377,-58.478290033175,950.2929443721156,958.3623780161242
MAR04030,-4.5860426535910666,0.009357405626467332,-4.662652543221444,-4.598205128737502,-4.583185336178997,-4.580678873818344,-4.580566274748872
MAR04038,-216.62458227858946,231.20948683520413,-972.6850490093284,-965.7415488880013,-158.91995324186206,2.5310211739684085,52.094884273983496
MAR04044,-219.91406904525044,210.09455153368776,-995.9726444115869,-421.08794922145603,-236.04580778582533,-11.516106066454377,578.4088808278588
MAR04052,0.0033639245236472505,0.003921366564204184,7.651642872292311e-06,5.366204984238662e-05,0.002472862696992364,0.008431984217028527,0.02654011533157772
MAR04059,10.98384614986655,8.921046668050929,0.0012602024183824842,0.0894008197308467,8.668772769215737,25.718051503147052,29.06226614267268
MAR04060,0.0,0.0,0.0,0.0,0.0,0.0,0.0
MAR04062,-540.6024188633851,198.18543239663103,-983.0486608134088,-975.4778680161078,-570.6968532370696,-64.69555749729138,173.6878028084166
MAR04063,-0.00465704572758252,9.502280982896597e-06,-0.004734841724293166,-0.004669396507371521,-0.0046541441719601395,-0.004651598903477536,-0.004651484561100266
MAR04071,540.6024188633851,198.18543239663106,-173.68780280841665,64.69555749729133,570.6968532370697,975.4778680161077,983.0486608134088
MAR04078,0.0,0.0,0.0,0.0,0.0,0.0,0.0
MAR04079,0.0,0.0,0.0,0.0,0.0,0.0,0.0
MAR04080,290.8711497699942,117.02783250476597,4.277424102795679,12.305401363695085,313.4501986100671,419.45680326062,570.3868848152916
MAR04084,0.0,0.0,0.0,0.0,0.0,0.0,0.0
MAR04093,384.54134482183355,175.5593234451843,8.0721601844935,141.75811823066897,375.33897885878764,971.1267479575365,979.173686677544
MAR04095,355.33426748063573,156.02504574307113,105.58084243723444,198.5128180191998,326.6673232685386,674.3623976480249,946.6685854165595
MAR04116,205.68834450321924,126.63728057361861,6.20902818361748,10.6527869049047,195.75894070836452,333.5375034273463,949.6515591054011
MAR04118,426.3851644021327,183.46536080294098,9.609844890698222,96.46970648296345,402.8809339342454,970.8288407409877,976.313178309749
MAR04120,3.5493437224381434,2.99153850264622,0.0005758654304806678,0.1328063427942546,3.1909618821584678,9.039638779985507,15.930375604293193
MAR04121,50.590019509526144,78.54750457591987,0.07517569016976412,1.3225610225154054,30.147848733997677,360.1692982559681,362.2408073804089
MAR04123,37.85379986924245,332.2341038900153,-962.0241780382396,-951.4495388365376,24.159389726748312,738.0958311273248,980.4316877121089
MAR04130,0.0,0.0,0.0,0.0,0.0,0.0,0.0
MAR04132,0.0,0.0,0.0,0.0,0.0,0.0,0.0
MAR04134,0.0,0.0,0.0,0.0,0.0,0.0,0.0
MAR04135,-734.0280547288752,110.3564176453962,-994.9091122418682,-942.6905343008918,-720.6566094045365,-648.2243763126953,-200.3149791270637
MAR04136,0.0,0.0,0.0,0.0,0.0,0.0,0.0
MAR04139,-116.55702261106474,260.988549346936,-971.4141589281984,-958.2107798524833,-43.67212816947021,116.2992277950251,207.1772230069802
MAR04141,-567.5311670312897,168.18359017393274,-988.4494775267844,-983.9110995863748,-572.7400370820565,-194.41012285894828,-72.2295396250745
MAR04145,77.68428734389225,36.39316906145964,2.5018613099875058,18.592370900657734,79.50473404992357,132.40427462106803,151.62240880775394
MAR04146,0.0,0.0,0.0,0.0,0.0,0.0,0.0
MAR04147,-489.3748753959687,168.31053735603246,-990.1531590506174,-854.4570728077251,-494.0505524644203,-24.399290717029032,-19.861212206218624
MAR04152,497.12935755924633,170.70488806197872,9.808108224547203,142.08090455262965,494.39584456900656,975.1578172746919,979.8439225966168
MAR04158,2.8281991227748504,0.005770684745696575,2.8248218559222926,2.8248912954403815,2.8264370234642957,2.835699685708576,2.875444218168572
MAR04164,-119.62137210563748,146.55939312204237,-716.1423147118135,-636.7298950799765,-82.79226632925061,-4.835070023032294,-1.4865454915396568
MAR04173,6.198559814005251e-17,3.36135169804048e-16,-9.694892845889487e-16,-9.6603231433574e-16,7.776096145765047e-17,5.445228919411848e-16,5.475828093361866e-16
MAR04179,28.320419132421616,21.61712171552117,0.06920086504422181,1.4520615005655744,23.598973070267704,68.82593880878356,90.36412141567433
MAR04181,0.0,0.0,0.0,0.0,0.0,0.0,0.0
MAR04198,139.66575798995788,64.7163576347757,5.415031432315973,9.865604053394843,145.9015209278632,244.81678424979157,295.91495328958126
MAR04199,-708.8385815201428,116.88309135194443,-990.9124899230973,-984.5167990246688,-667.0897044820534,-581.0025725471979,-537.3404613782508
MAR04201,39.27312418235696,23.75899965370165,0.2109566415550376,2.2920858562642983,35.9449397057258,78.59064053575165,108.11003397698599
MAR04202,307.4973148237928,105.02714497076609,23.026498993621864,76.92785986746728,310.65665613168767,578.7567227390415,583.4903448214667
MAR04204,0.004657045727580739,9.502280984122884e-06,0.004651484561100617,0.004651598903477146,0.004654144171967795,0.0046693965073779965,0.004734841724298885
MAR04209,92.38989061010649,41.7309836287908,4.281612927418208,7.002567631465327,91.77385689656944,160.8691944008659,209.68625462498954
MAR04213,1.1720615898789113e-13,3.927899741332095e-14,1.2027317843099419e-14,4.6509558835107143e-14,1.129531229329579e-13,2.289292413105954e-13,2.326489284977455e-13
MAR04214,0.0,0.0,0.0,0.0,0.0,0.0,0.0
MAR04217,0.0,0.0,0.0,0.0,0.0,0.0,0.0
MAR04220,0.0,0.0,0.0,0.0,0.0,0.0,0.0
MAR04222,458.3412167219969,169.41053237605453,4.820425672370032,180.04184636477183,473.30911026412787,971.8137329776291,977.330958409286
MAR04228,0.0,0.0,0.0,0.0,0.0,0.0,0.0
MAR04230,0.0,0.0,0.0,0.0,0.0,0.0,0.0
MAR04231,0.0,0.0,0.0,0.0,0.0,0.0,0.0
MAR04232,0.0,0.0,0.0,0.0,0.0,0.0,0.0
MAR04249,0.0,0.0,0.0,0.0,0.0,0.0,0.0
MAR04251,0.0,0.0,0.0,0.0,0.0,0.0,0.0
MAR04259,0.0,0.0,0.0,0.0,0.0,0.0,0.0
MAR04262,0.003363924523650556,0.003921366564204551,7.651642872293409e-06,5.3662049842568585e-05,0.002472862696997557,0.008431984217034345,0.02654011533158146
MAR04265,0.20875100968669233,0.0039546218948025525,0.18536870616883266,0.20357136900963546,0.20969241305775638,0.21187742758299424,0.21460259702062637
MAR04269,0.03263306679997704,6.658482413582139e-05,0.032594098338100716,0.0325948995641739,0.03261273488130048,0.032719611759158114,0.03317820251759863
MAR04280,417.3918109708207,144.80235948040473,11.492892351039874,15.587338463334133,425.46958413753293,707.1785036374393,867.9456062741477
MAR04281,0.0,0.0,0.0,0.0,0.0,0.0,0.0
MAR04282,55.63859499704848,31.33099655971389,1.1662505610666152,3.3081029809019293,55.24860313946634,111.77629538911789,151.37692643889338
MAR04291,0.0,0.0,0.0,0.0,0.0,0.0,0.0
MAR04295,5.543822622326079e-18,1.5241436701540388e-17,-1.1618614988450494e-17,-1.1339795996178683e-17,4.015571794056385e-19,3.265849076805841e-17,5.97237292418143e-17
MAR04296,5.581603902920262,4.828248775898822,0.0014546791181845216,0.11059578462447844,4.875964433511689,14.003443673364812,25.283056346440954
MAR04297,2.1208957825313073,2.405504323502057,0.013883183115070304,0.04330976339072374,1.2694232606080482,7.7583949989321965,11.64986757459058
MAR04300,2.828199122774853,0.00577068474569576,2.824821855922292,2.8248912954403806,2.8264370234642957,2.8356996857085783,2.875444218168572
MAR04308,10.728473861068803,7.020222032763335,0.057935730080619405,3.3013856800535564,8.674780845621244,23.039590503271654,49.96181638873199
MAR04312,0.0,0.0,0.0,0.0,0.0,0.0,0.0
MAR04315,0.0,0.0,0.0,0.0,0.0,0.0,0.0
MAR04321,0.0,0.0,0.0,0.0,0.0,0.0,0.0
MAR04323,448.0244760464062,125.60758035758448,4.971023987306936,240.0455857389879,454.2801825982011,574.6467084859901,814.8590949587799
MAR04328,0.0,0.0,0.0,0.0,0.0,0.0,0.0
MAR04329,121.78614926629187,59.03464310869082,0.9620958019012147,6.858977754534063,133.3159886725191,202.85089295673882,245.21747657248216
MAR04330,-55.6385949970496,31.330996559714084,-151.3769264388933,-111.77629538911839,-55.24860313946766,-3.308102980903087,-1.166250561068484
MAR04333,-139.3503463814399,241.66189810675877,-966.18267644349,-959.1540469257786,-75.55977371056336,66.25910996551559,116.81287532147638
MAR04338,8.256998987343847,7.9001030451083505,0.004015373881116888,0.4649143375760082,4.4860986686077835,24.622508639744268,28.607173907612584
MAR04342,0.0,0.0,0.0,0.0,0.0,0.0,0.0
MAR04344,-93.09799559394109,53.358305633867076,-290.88573024436823,-181.9886071355236,-89.9531504141371,-4.204846501446219,-1.2510512211309788
MAR04345,37.45940059689438,37.83401140369312,-18.2824232552814,-6.6694697305295385,28.74017573068042,114.34030822234098,207.11606164755074
MAR04346,55.6385949970496,31.330996559714073,1.1662505610686091,3.3081029809030835,55.24860313946762,111.7762953891183,151.3769264388933
MAR04347,55.63859499704959,31.33099655971408,1.1662505610684928,3.3081029809030533,55.248603139467605,111.77629538911829,151.37692643889332
MAR04350,961.4500763912848,95.9841314987048,522.6352493123683,839.4834772283897,990.1149368450541,999.9537637352447,999.9883922771255
MAR04354,961.4643180047416,95.98359808284854,522.6462744719618,839.5133475963529,990.1310359950864,999.9651816018703,999.9993566556145
MAR04355,0.0,0.0,0.0,0.0,0.0,0.0,0.0
MAR04358,839.7561790955708,92.98765484100245,628.4974111341786,699.1021764700628,846.5466890806739,990.9093409117766,997.4657854649902
MAR04363,968.7831500889164,18.9342184551755,897.6977693444804,936.2821227486509,969.5888623486278,998.6142550894334,999.5964535986279
MAR04365,-968.7831500889134,18.934218455176165,-999.5964535986283,-998.6142550894324,-969.5888623486258,-936.2821227486452,-897.6977693444762
MAR04368,993.9245644238866,6.180241624703071,963.0803447141855,982.8983980074374,995.638445520734,999.7666944710365,999.915339629277
MAR04371,0.07614382253624899,0.00015536458930708684,0.07605289612098474,0.07605476564647198,0.07609638140096889,0.07634576076908033,0.07741580587376974
MAR04373,-994.0007082464205,6.180245284716017,-999.9913925253978,-999.8428116341089,-995.714560969415,-982.9744834190246,-963.1565334671506
MAR04375,-223.17924766470298,98.8742431814686,-490.58400384962715,-486.2322581397031,-205.95048712935306,-91.89225138540527,-12.251668272795179
MAR04377,1.0851812341540727,0.8599543047896757,0.0008797923930509834,0.01700561568597665,1.040128374615589,2.7743923722539297,3.667252489149353
MAR04381,-1.7756509554220503,0.8607594754823502,-2.894664132596736,-2.8446417719089774,-1.8175558302468275,-0.08463096375199368,0.809020032390952
MAR04384,168.24253571442063,127.72762700140683,-27.722513233533903,4.779812336983654,173.22302238460335,262.09244248991223,897.718096032402
MAR04386,0.0,0.0,0.0,0.0,0.0,0.0,0.0
MAR04388,-221.39396508547847,327.3723771653352,-989.4647474919041,-751.5171008774035,-238.30463845354274,951.0262665626495,957.4983972489491
MAR04390,0.0,0.0,0.0,0.0,0.0,0.0,0.0
MAR04391,-216.725489569865,100.77084386777923,-487.81830151537395,-484.2554279315445,-201.6743376254728,-75.80014707004574,-11.123579175111892
MAR04392,-777.8414183489396,191.54416066789202,-999.0647919323649,-958.0757383866461,-818.6779576574055,-28.954101251508042,-24.370684469451483
MAR04393,0.0,0.0,0.0,0.0,0.0,0.0,0.0
MAR04396,-0.47861831308491437,0.000976577418495417,-0.4866136369207391,-0.4798876391198265,-0.47832011166314514,-0.47805852692074774,-0.4780467756174013
MAR04398,987.5904609073191,9.407614420549509,944.0328136269444,970.7499314233311,989.9931152328411,998.2792388525833,998.4920588108207
MAR04404,0.0,0.0,0.0,0.0,0.0,0.0,0.0
MAR04408,-238.1636186918997,139.40836458147365,-990.2120992877718,-421.73370972699297,-215.01807258877116,-13.466964854464129,-5.369393141177566
MAR04409,0.0,0.0,0.0,0.0,0.0,0.0,0.0
MAR04410,684.0362726999537,148.13233618764392,208.84551779674277,251.67553257984218,691.4002685398684,986.6156685743177,999.3218679326549
MAR04414,0.0,0.0,0.0,0.0,0.0,0.0,0.0
MAR04420,451.4832803896333,159.36609225301888,14.619274182439606,20.10735609714368,475.41440839817926,598.4284398643508,990.3375997292347
MAR04421,25.60370749622466,15.319496147053073,0.004361153354266715,0.3748051064385792,26.262188149713054,52.378292177023816,63.62928832761965
MAR04427,0.0,0.0,0.0,0.0,0.0,0.0,0.0
MAR04430,0.0,0.0,0.0,0.0,0.0,0.0,0.0
MAR04432,0.0,0.0,0.0,0.0,0.0,0.0,0.0
MAR04437,0.0,0.0,0.0,0.0,0.0,0.0,0.0
MAR04442,-196.05720125686676,130.96392981608014,-908.7607168230852,-297.0928848815492,-198.50647217215632,-1.2100154268494479,17.166330681967338
MAR04444,-2.6445978314592587e-16,3.780872310905497e-16,-9.691931860992941e-16,-7.678875093392092e-16,-1.9066038419851023e-16,2.178916341688388e-16,1.5344262940757028e-15
MAR04454,293.0080471689319,177.55197587150954,3.2080579317940483,57.996750268361254,270.7618114771326,969.4448480307473,975.3655204377299
MAR04467,299.7196721078643,192.0263827791858,22.052931016325342,151.35260896686506,241.36675403843688,968.9882117500537,973.3016868923152
MAR04468,299.71967210786494,192.02638277918552,22.052931016325342,151.35260896686623,241.36675403843745,968.9882117500534,973.301686892315
MAR04469,-299.71967210786477,192.02638277918558,-973.3016868923152,-968.9882117500537,-241.3667540384373,-151.35260896686643,-22.05293101632534
MAR04470,565.2269613799506,181.064210252669,21.656770323594632,26.112769542651808,578.3183884192176,861.2821236141049,989.0982620558916
MAR04480,0.0054388444668747584,1.1097470664811892e-05,0.005432349722927484,0.005432483260462282,0.0054354558143544455,0.0054532686263626725,0.005529700419554971
MAR04484,3.6262750243080597,0.007399086506297516,3.621944742773228,3.6220337770948143,3.6240156866720157,3.6358921350042195,3.6868519858336155
MAR04485,-3.62627502430806,0.007399086506297476,-3.686851985833616,-3.6358921350042195,-3.624015686672026,-3.6220337770948143,-3.6219447427732283
MAR04501,0.0,0.0,0.0,0.0,0.0,0.0,0.0
MAR04503,224.88158126593282,229.6545246355002,-48.14822133912733,2.1548334496864743,169.0967669209125,966.361891603043,973.6406985328287
MAR04512,118.64815970092646,327.52839493595366,-957.3435902573837,-947.6392477383118,188.73506541619818,346.11936501506966,993.1428424095511
MAR04521,8.262089658353801,7.144260357369904,0.008281137072360154,0.15223056567488885,6.5405566588495425,20.621358079840576,47.20864608567269
MAR04527,-565.92027022581,110.54429271232692,-956.0454603105434,-673.4928241242844,-577.7820747384868,-340.8360379407928,-170.71636374443676
MAR04531,0.0,0.0,0.0,0.0,0.0,0.0,0.0
MAR04532,0.0,0.0,0.0,0.0,0.0,0.0,0.0
MAR04548,-6.315958962173191e-15,8.171264051778469e-15,-2.6365084191891192e-14,-2.2626997223335176e-14,-5.057864672766465e-15,5.110768336588148e-15,1.240222172797474e-14
MAR04558,0.0,0.0,0.0,0.0,0.0,0.0,0.0
MAR04559,0.0,0.0,0.0,0.0,0.0,0.0,0.0
MAR04561,0.0,0.0,0.0,0.0,0.0,0.0,0.0
MAR04570,318.0519077191092,167.74262142376315,7.582772571999255,14.277181095013896,293.3311948044568,544.7471301833381,842.0705911711581
MAR04572,0.0,0.0,0.0,0.0,0.0,0.0,0.0
MAR04573,496.20709116017014,175.72855704047305,14.66895778150712,19.966899494208402,566.2724760521452,646.7423785297616,686.6404202144123
MAR04574,0.0,0.0,0.0,0.0,0.0,0.0,0.0
MAR04575,-731.2168100172281,114.82596176330014,-991.6124306441613,-987.2021413694441,-720.3632103516672,-557.4037215122001,-494.40249008331216
MAR04579,649.7952667805932,219.23656353198785,-262.55477290577886,365.3218944771966,666.9836985237414,987.8999902309686,994.5251538305068
MAR04582,-248.85115082854875,85.22752553636512,-465.5601390500103,-354.00499439411664,-256.9416378066683,-39.81140909621628,-32.373428713456974
MAR04583,248.8511508285465,85.22752553636423,32.373428713457734,39.811409096216785,256.9416378066578,354.0049943941145,465.56013905000344
MAR04584,-611.7921965833203,171.03046052653872,-998.5496703546108,-986.3621146261365,-617.54368603391,-434.99856610080695,116.99567163195212
MAR04590,183.06449868330748,197.27234661061254,6.701698200252035,33.783109369282485,151.9035606025163,961.8118715013526,968.9564994633378
MAR04593,289.36364602766827,115.4992729719403,6.033183381829924,11.914328499470274,317.68256567950755,419.8854638528823,511.2743336259741
MAR04595,0.0,0.0,0.0,0.0,0.0,0.0,0.0
MAR04601,5.1280035379127495,0.010463227837744666,5.12187998167872,5.122005887274219,5.12480855371736,5.141603327598836,5.213666889681912
MAR04603,-983.9641858830068,9.408347709249007,-994.870114068047,-994.6520054365652,-986.3701343810048,-967.1196663304152,-940.4103326798472
MAR04607,0.0,0.0,0.0,0.0,0.0,0.0,0.0
MAR04608,730.9829397051562,114.82606655624868,494.1688322969207,557.1698841006461,720.1294659846361,986.9685303070137,991.3788063774352
MAR04611,0.286320726752474,0.13135836177699972,0.0062909013409987195,0.010407314039011616,0.2923122452742349,0.4270109709279608,0.8335088194374916
MAR04612,0.6201552258770306,0.1314849102303826,0.07214018175524568,0.47925936638058686,0.6137327240752339,0.8950662998611613,0.8991025917249834
MAR04628,2.8281991227748495,0.005770684745696714,2.8248218559222926,2.8248912954403815,2.826437023464295,2.8356996857085766,2.8754442181685724
MAR04631,2.8281991227748513,0.005770684745696464,2.824821855922293,2.824891295440382,2.8264370234642984,2.8356996857085757,2.875444218168572
MAR04635,-94.70228792328889,289.73612303710945,-961.0962260157268,-951.2128563999544,-49.26384963433273,166.36732726773423,992.764794095544
MAR04644,4.527312132470867,0.009237571305160825,4.521905886116548,4.522017043202524,4.524491406899254,4.539318850560981,4.60294092814258
MAR04645,0.0,0.0,0.0,0.0,0.0,0.0,0.0
MAR04651,-173.01432168729073,201.94572970661306,-967.9461342193902,-962.599377606426,-124.15153255434255,-20.892318844951365,-1.5490072353884807
MAR04652,-992.7298799489786,10.314609681799631,-999.9978356595723,-999.9106865305653,-996.4650710689639,-965.9173127622397,-951.1060001652966
MAR04655,-143.87765851391217,241.66037480458397,-970.705663913983,-963.6760789732803,-80.0841914942526,61.73168532419744,112.28318045933281
MAR04658,-234.6355817065924,153.6694013758719,-993.3047744480701,-474.7156023703205,-206.86743025779484,-18.108220328287576,-9.760707084190699
MAR04663,484.8921239211246,179.20420477455787,7.212145290727283,279.5420269624314,454.9555540497288,970.8882081192528,978.6243739278186
MAR04665,5.90193606888122,5.587833383159097,0.008117729594324323,0.17099498325124324,4.557015620161456,16.71998386037483,29.465132285032208
MAR04666,5.901936068881226,5.587833383159103,0.00811772959429757,0.1709949832512463,4.557015620161344,16.719983860374846,29.465132285032297
MAR04673,4.527312132470865,0.009237571305161332,4.521905886116548,4.522017043202524,4.524491406899241,4.5393188505609725,4.602940928142578
MAR04674,-6.584474657995223e-16,7.713597800002252e-15,-2.8535308016025655e-14,-1.485948410723905e-14,2.109194658251747e-16,1.1058147917374838e-14,1.7030470742158918e-14
MAR04675,0.0,0.0,0.0,0.0,0.0,0.0,0.0
MAR04677,232.44432957713914,320.20133993411395,-978.1132322750723,-544.5307822972078,231.5004868901301,969.261982389022,979.7649496421733
MAR04678,-2.583837838225099e-15,7.755623482709523e-15,-3.0222786258140557e-14,-1.5885671482730755e-14,-7.849572984272862e-16,8.707158066797989e-15,1.3306034679432293e-14
MAR04681,0.0,0.0,0.0,0.0,0.0,0.0,0.0
MAR04682,0.0,0.0,0.0,0.0,0.0,0.0,0.0
MAR04689,0.0,0.0,0.0,0.0,0.0,0.0,0.0
MAR04696,0.0,0.0,0.0,0.0,0.0,0.0,0.0
MAR04697,0.0,0.0,0.0,0.0,0.0,0.0,0.0
MAR04698,0.0,0.0,0.0,0.0,0.0,0.0,0.0
MAR04699,0.0,0.0,0.0,0.0,0.0,0.0,0.0
MAR04702,0.0,0.0,0.0,0.0,0.0,0.0,0.0
MAR04703,0.0,0.0,0.0,0.0,0.0,0.0,0.0
MAR04704,0.0,0.0,0.0,0.0,0.0,0.0,0.0
MAR04706,2.1208957825312993,2.4055043235020555,0.013883183115070459,0.04330976339072335,1.2694232606080478,7.7583949989322,11.649867574590585
MAR04710,987.5904609073187,9.407614420549521,944.0328136269444,970.7499314233307,989.9931152328411,998.2792388525834,998.4920588108206
MAR04716,5.725921295276971e-18,3.854584421806014e-18,-3.067149066183227e-18,2.032184442762309e-21,5.537605819327316e-18,1.1491350442050337e-17,1.3288246361086184e-17
MAR04717,0.0,0.0,0.0,0.0,0.0,0.0,0.0
MAR04718,5.725921295276972e-18,3.854584421806014e-18,-3.067149066183228e-18,2.032184442762309e-21,5.537605819327319e-18,1.149135044205034e-17,1.3288246361086187e-17
MAR04719,-212.70210269975394,130.6140460011301,-739.9884860396203,-324.3106853911196,-207.25936349397017,-3.8443014733322807,-0.38153635645471695
MAR04723,5.725921295276972e-18,3.854584421806014e-18,-3.067149066183228e-18,2.032184442762309e-21,5.537605819327319e-18,1.149135044205034e-17,1.3288246361086187e-17
MAR04730,5.725921295276972e-18,3.854584421806014e-18,-3.067149066183228e-18,2.032184442762309e-21,5.537605819327319e-18,1.149135044205034e-17,1.3288246361086187e-17
MAR04735,1.7211667930279297e-15,9.518926469814138e-16,-2.415458934411255e-16,-2.7453210892356315e-17,2.0028418541793737e-15,2.8918021624075398e-15,3.616017507312445e-15
MAR04736,186.3306477483001,92.20187733596582,8.326966816379256,12.334880941982751,183.3088972113507,293.75461843975154,634.1998701164545
MAR04737,0.0,0.0,0.0,0.0,0.0,0.0,0.0
MAR04738,0.0,0.0,0.0,0.0,0.0,0.0,0.0
MAR04739,0.0,0.0,0.0,0.0,0.0,0.0,0.0
MAR04752,0.004657045727582519,9.502280982896728e-06,0.004651484561100264,0.004651598903477534,0.004654144171960135,0.00466939650737152,0.004734841724293164
MAR04756,0.004657045727582519,9.502280982896711e-06,0.004651484561100264,0.004651598903477534,0.004654144171960136,0.00466939650737152,0.004734841724293164
MAR04765,153.87303635235907,316.2156234668795,-940.1145827441899,-670.5009289735067,186.06326290689293,960.7386882683394,974.1435760557217
MAR04766,237.40134013571688,90.20814552791236,5.508773710829509,79.02474534663142,240.6765039504079,489.18488703204,491.2088418162093
MAR04767,442.69667828585125,135.3677486120829,142.55690974593713,284.9099960652805,438.4477365266084,573.9756908352724,953.7319090303523
MAR04770,0.004657045727582517,9.502280982896857e-06,0.004651484561100265,0.004651598903477535,0.004654144171960134,0.00466939650737152,0.0047348417242931646
MAR04782,225.53997541569885,357.99211860862704,-900.1784901108422,-642.3327434597246,265.4376664966611,960.253627241697,968.5357259929166
MAR04786,0.0,0.0,0.0,0.0,0.0,0.0,0.0
MAR04787,0.0,0.0,0.0,0.0,0.0,0.0,0.0
MAR04788,65.6908345503782,87.30936219583418,0.12780946424142203,3.4737926716332965,48.19723124824948,137.88062914264833,609.0255820422256
MAR04791,299.7196721078652,192.02638277918544,22.052931016325335,151.35260896686623,241.36675403843805,968.9882117500534,973.301686892315
MAR04792,1.0351479207303232e-14,1.3840520578300494e-14,-1.588503243185603e-14,-9.455056914410797e-15,7.318845317000445e-15,3.931932282107736e-14,4.2623029109534785e-14
MAR04797,13.46799566610255,11.760373878960648,0.0016479395960385544,0.7499243666502785,9.248825071764117,37.50979755006051,47.29786315113965
MAR04807,0.0,0.0,0.0,0.0,0.0,0.0,0.0
MAR04813,0.0,0.0,0.0,0.0,0.0,0.0,0.0
MAR04814,-216.62458227858554,231.20948683520447,-972.6850490093276,-965.7415488880004,-158.9199532418554,2.5310211739687687,52.09488427397821
MAR04815,0.0,0.0,0.0,0.0,0.0,0.0,0.0
MAR04819,186.33064774830007,92.20187733596582,8.326966816379258,12.334880941982751,183.3088972113507,293.75461843975154,634.1998701164545
MAR04821,0.0,0.0,0.0,0.0,0.0,0.0,0.0
MAR04824,0.0,0.0,0.0,0.0,0.0,0.0,0.0
MAR04828,0.0,0.0,0.0,0.0,0.0,0.0,0.0
MAR04844,0.0,0.0,0.0,0.0,0.0,0.0,0.0
MAR04846,-32.42725056825158,73.73840444411826,-337.2964811998308,-337.0227989485811,-15.232796224772628,-0.5636975018106813,-0.03954986700718977
MAR04849,5.81414890705461,3.883455946376517,0.009299678777500717,0.23769661499408098,5.383274866721802,12.442748619029873,19.181900966237784
MAR04852,193.4329519942049,201.72078016151903,-557.6769692204366,-17.619041325753166,220.07468245913958,346.51741426770695,928.3437155598874
MAR04854,-308.69360724902174,148.76491746559563,-788.8386917848682,-746.787360527794,-298.4215069091921,-13.354789689496457,-0.6705706271062581
MAR04856,-524.1130100188261,162.68892689327646,-984.0924315948894,-975.6631265938905,-490.56149860161054,-377.85226190908065,-9.858232086208545
MAR04858,-576.188652610069,163.02596475974377,-980.6197153889453,-975.4976478778563,-562.693429874169,-346.58511637924363,-3.7192593622048022
MAR04859,0.0,0.0,0.0,0.0,0.0,0.0,0.0
MAR04873,90.53995290463345,107.94433036890365,-119.16357055433804,-50.47592524544837,58.70640647839805,286.711532854099,351.896961426629
MAR04874,706.189441033456,209.34748196919773,27.803992123067413,32.91981424046561,757.6477772101841,865.5639689452105,994.9233184732952
MAR04875,-731.2168100172281,114.82596176330014,-991.6124306441613,-987.2021413694441,-720.3632103516672,-557.4037215122003,-494.40249008331216
MAR04878,-37.853799869244014,332.234103890015,-980.4316877121095,-738.0958311273249,-24.15938972674973,951.4495388365367,962.0241780382388
MAR04879,37.85379986924406,332.234103890015,-962.0241780382389,-951.4495388365367,24.159389726749787,738.0958311273249,980.4316877121095
MAR04880,-26.86995371937684,332.6178934438784,-980.4110657929143,-736.2389591029075,-14.272962372101262,951.6854349400793,962.095328498286
MAR04882,594.1566717835448,229.15757463160782,-304.51882386042223,255.42418560131998,612.0648980655881,985.6729247233659,992.9946896154476
MAR04883,63.39252455982332,307.136699823805,-723.6448353422066,-365.38476704714213,72.6270422892365,961.1023831441142,967.9704639953657
MAR04885,-636.1190370565284,162.83895010284607,-996.2645549983475,-988.3764868815637,-627.8423635461788,-416.79909703884465,-185.63955216574038
MAR04886,-446.7661334944788,129.21557441294,-994.227499968937,-620.1637552499485,-444.2983210624818,-234.28011468902847,-49.33868198877684
MAR04887,650.9783218525353,164.2087773211147,52.09003939607966,210.23504826806175,669.2086113996204,984.4086227761331,988.2926167622942
MAR04888,-171.23567483676862,215.90844965467073,-924.6474559609696,-692.2193314781879,-150.34861377464938,40.37958261471933,581.985408321639
MAR04890,-34.6199460483035,74.25709212663926,-526.9169142270407,-114.06844396478877,-12.300911770468986,2.4096604659025695,10.460965013583404
MAR04892,-1.6754187454282141e-34,1.6260820233033895e-34,-5.302657754042786e-34,-4.471402595912181e-34,-1.2349567502512333e-34,4.508286785277356e-37,6.829387949922206e-36
MAR04893,30.071087652344687,14.060981132579546,0.04712322290752449,1.013349752992498,31.640617700395406,49.57138349767528,62.87336505659231
MAR04894,286.92663835720543,150.72006373639357,5.135344075620476,10.190430125837265,264.13000155320657,693.872400597449,786.4791823715329
MAR04896,-857.6373406129172,62.11441927255152,-996.6318305992364,-995.0356702763892,-854.2751540110817,-776.8971445104061,-690.1176558274743
MAR04898,237.3924546205381,99.24748651025976,-80.37867551589113,11.245749164171423,258.6600888467571,367.99177334547704,418.2088294885129
MAR04899,-212.70210269975624,130.61404600113033,-739.9884860396224,-324.31068539112226,-207.25936349396972,-3.844301473332343,-0.3815363564557682
MAR04905,0.004657045728298631,9.502281005146552e-06,0.004651484562301874,0.00465159890380318,0.004654144172709665,0.004669396508010903,0.004734841725216804
MAR04906,0.0,0.0,0.0,0.0,0.0,0.0,0.0
MAR04907,0.0,0.0,0.0,0.0,0.0,0.0,0.0
MAR04908,-6.540726321517291,3.8337749736723734,-18.98578683335119,-13.301391620689541,-6.280260422598671,-0.4057287133488547,-0.014347809944253605
MAR04910,4.051808377188434,3.3025955989684324,0.008768474101537853,0.10394103681606483,3.5322465224147197,10.050241580959087,19.399284509736383
MAR04912,8.260382744455852,6.3475873684332464,0.015965091335375343,0.2511794473180388,7.990875283006883,18.59550314638936,29.608898608995553
MAR04913,31.72977238804804,73.9065505280735,-1.4950862968815826,-0.3553814550017067,14.798720894830815,336.9982942740183,337.26183385945586
MAR04914,195.61519214512452,158.06791455873636,-111.99162790303922,-0.008548655767273927,195.54264080380668,384.16090838194515,908.2044773169166
MAR04917,0.0,0.0,0.0,0.0,0.0,0.0,0.0
MAR04918,139.88015002988917,49.590260576503226,9.79282741814944,56.42979185744324,136.40322363453137,243.68021632823698,246.9099140198536
MAR04919,680.1474197589333,177.3392107683102,24.322277352585274,34.49889660931966,714.2926316068643,847.8913073531583,954.1355163858549
MAR04922,-371.489972739842,178.42762156559687,-937.5580853559123,-737.649629991407,-365.4669517682719,-12.230170524389901,16.1920598721415
MAR04923,156.19297405435063,133.0228527797216,1.4173037431834934,7.810893143807742,147.722098218498,237.73664632006037,990.241497997344
MAR04924,1.3133936042411378,1.245402369116175,6.608814546270751e-05,0.02999647637557443,0.9832420777465409,3.9853829847662174,6.8372948216707226
MAR04927,-0.10845945599209313,0.06584101392947514,-0.3933490029118577,-0.28925563533521675,-0.09963413320524482,-0.006316424461264452,-0.004602356035648991
MAR04928,519.5225976060998,197.32387257937964,17.467432207512378,22.71906748281477,569.7048883783164,768.5549857224255,955.0808761190548
MAR04929,-0.12155026759942487,0.06513799619353706,-0.39630542525180407,-0.2967188482951609,-0.11471077658692858,-0.007262446873149182,-0.005312245596889051
MAR04930,-3.840860675923572e-13,5.208464938920186e-13,-2.0658026891119657e-12,-1.31403366737794e-12,-1.7962408294569908e-13,1.602527364426677e-13,1.8133649907261087e-13
MAR04936,0.0,0.0,0.0,0.0,0.0,0.0,0.0
MAR04941,280.12940399601,111.7204639657847,9.419560620538997,15.550482046982204,307.63989352063913,414.3912581104923,468.03731027948015
MAR04942,0.0,0.0,0.0,0.0,0.0,0.0,0.0
MAR04945,-8.185819019853546e-18,2.2504984546027076e-17,-8.818601749546964e-17,-4.822241133983407e-17,-5.929256075942462e-19,1.674395522197131e-17,1.715564981711291e-17
MAR04947,9.879902766909886,331.9099867734881,-932.926083644162,-841.1560215735161,114.30880978103988,356.79882345392184,398.6474385278223
MAR04948,266.72865164203733,248.17771078266023,-242.87719401450335,23.504384807652713,200.144685422691,972.881446296091,979.2201101287387
MAR04949,-559.8428220775568,164.57255831350741,-997.477240704508,-739.6751551139671,-572.7107494848382,-21.831150587283084,-16.53173392058693
MAR04951,0.0,0.0,0.0,0.0,0.0,0.0,0.0
MAR04953,55.63859499704959,31.33099655971408,1.166250561068499,3.308102980903049,55.24860313946762,111.77629538911829,151.37692643889332
MAR04957,542.2380222807648,132.70772310873366,147.2743467327949,351.53986915288476,538.4385851272386,981.0988415936129,983.718767783743
MAR04958,961.4500763912849,95.9841314987048,522.6352493123683,839.4834772283899,990.114936845054,999.9537637352448,999.9883922771256
MAR04962,565.9202702258112,110.54429271232782,170.71636374443645,340.83603794079255,577.782074738487,673.4928241242878,956.0454603105405
MAR04969,-0.212114934210329,0.000432801355944243,-0.21565831636809799,-0.2126774764336141,-0.2119827767592901,-0.21186684716051743,-0.2118616391933406
MAR04970,-5.210639226224498e-13,4.4949558469400856e-13,-2.3993744460944048e-12,-1.4052662343156262e-12,-3.2308255383763653e-13,-1.0111204694652502e-15,3.0158641192789775e-13
MAR04971,-82.20037706373695,134.5095253609401,-661.934753323585,-213.736960693664,-67.69604804938803,68.25620222274613,109.4214913209791
MAR04972,-172.1125780666347,221.45160302777893,-983.2300138798909,-402.4193600170708,-206.43949771884002,64.56400605780416,601.391190798177
MAR04973,0.0,0.0,0.0,0.0,0.0,0.0,0.0
MAR04976,424.3220121198659,174.8954056342654,12.65956772848305,17.716432771339687,411.33345473289455,798.279561653615,994.4809149599197
MAR04978,0.0,0.0,0.0,0.0,0.0,0.0,0.0
MAR04980,-561.6006863556397,181.06317554762182,-985.4763173131183,-857.6502032233471,-574.6905496937477,-22.490539855533044,-18.034310354295823
MAR04981,-1.3465913363317069e-14,1.0474760325815684e-14,-4.623646981450322e-14,-2.68904408274832e-14,-1.5036462250805455e-14,4.218004220588804e-16,1.684153072474821e-15
MAR04982,18.920523690475864,15.09085879315088,0.020749282540724407,0.40219659250640516,17.43036249426934,45.86000656336321,58.707131845033466
MAR04984,0.0,0.0,0.0,0.0,0.0,0.0,0.0
MAR04985,810.9498641957191,199.41841059367312,25.882599103520217,31.854828709533113,859.7052927085314,956.9021867713303,993.3211068326588
MAR04987,-5.151909774277144e-15,9.347496838114989e-15,-3.6874414405633135e-14,-2.0029495990397102e-14,-1.0628512082715344e-15,3.812198371724686e-15,8.117199098940535e-15
MAR04988,0.0,0.0,0.0,0.0,0.0,0.0,0.0
MAR04990,-448.0244760464062,125.60758035758445,-814.8590949587801,-574.6467084859903,-454.2801825982011,-240.04558573898845,-4.9710239873069355
MAR04991,-3.898000468412828e-15,8.840450337448738e-15,-3.5801087010533505e-14,-1.6972372758352393e-14,-3.5458374620133256e-16,5.054670019788674e-15,9.35872135908757e-15
MAR04992,362.94104575477,203.3748517006969,-162.35756792296328,146.27254930240017,359.3952257156191,947.2687348303599,966.1762416411531
MAR04993,540.6024188633845,198.1854323966312,-173.68780280841793,64.69555749729136,570.6968532370714,975.4778680161078,983.048660813408
MAR04997,5.128003537912765,0.010463227837743906,5.121879981678716,5.12200588727425,5.124808553717397,5.141603327598846,5.2136668896819245
MAR05000,-99.71300348321626,47.55172650821671,-191.08462059768198,-170.05856210172908,-103.67760309854577,-6.381477843799967,-0.07384983541438693
MAR05001,0.0,0.0,0.0,0.0,0.0,0.0,0.0
MAR05003,-4.075949910685372,0.008316607478036768,-4.144038695806475,-4.086759587618481,-4.073410404725587,-4.071182729187683,-4.071082654198984
MAR05004,-93.67026094850691,320.20481367325175,-970.3823112289261,-956.110647525382,-123.28502062859191,694.5797783243721,940.7026391031245
MAR05005,111.64951751795459,54.20472866222083,1.354838759823857,4.949463618555031,125.36941269193349,187.08932776514504,217.0879800177898
MAR05017,-7.327923839918856e-15,8.534378874931993e-15,-4.0018498606135585e-14,-1.9718096915528625e-14,-4.1796388556920555e-15,6.37626362585634e-16,1.9288775903818587e-15
MAR05029,0.0,0.0,0.0,0.0,0.0,0.0,0.0
MAR05030,3.2960995633303187,3.3900662334850273,0.0006716480532157005,0.04360354887660583,1.84785139621369,10.702098214462259,15.751960298408129
MAR05033,-3.62627502430806,0.007399086506297388,-3.686851985833616,-3.635892135004219,-3.6240156866720246,-3.6220337770948148,-3.621944742773228
MAR05035,-649.7952667805937,219.23656353198783,-994.5251538305074,-987.8999902309688,-666.9836985237405,-365.3218944771958,262.5547729057779
MAR05037,173.01432168729065,201.94572970661306,1.5490072353884843,20.89231884495118,124.15153255434251,962.5993776064258,967.94613421939
MAR05043,926.045569154616,139.8694568907265,156.97396241713923,592.2598128356126,963.1042828235461,995.6132585125366,999.887310265145
MAR05044,-7.62754833780653e-13,8.637051978175472e-13,-3.120729791746599e-12,-2.0101733566721124e-12,-6.255569846899959e-13,7.787702312057363e-13,1.1663693896433119e-12
MAR05045,565.9202702258125,110.54429271232776,170.71636374443642,340.83603794079323,577.7820747384853,673.4928241242934,956.0454603105406
MAR05047,0.0,0.0,0.0,0.0,0.0,0.0,0.0
MAR05070,102.05663251907488,63.336172757852395,-7.264428019885706,2.396058731943838,103.53447026946387,209.1185010400813,252.40093499934315
MAR05071,540.2435418496963,162.98132439926735,61.30834738503142,64.81237549849273,560.4843029269881,732.3551100459164,991.6960496703441
MAR05074,-643.8930936376797,165.86378309792818,-970.3484779043895,-897.7413860388341,-660.4612135091598,-42.997182963276735,-36.07296831713211
MAR05080,662.0536999508654,155.614203728944,68.36116693399002,231.69635631913582,667.9280214831125,977.6491237229907,982.2188801663798
MAR05081,0.0,0.0,0.0,0.0,0.0,0.0,0.0
MAR05082,417.2746807037431,148.6419156983426,15.43655800656446,21.1127369567328,465.7560678365682,548.4813903231304,601.0365930425066
MAR05083,0.0,0.0,0.0,0.0,0.0,0.0,0.0
MAR05085,104.52639203027086,157.14898256819126,-232.84831581251402,-67.52687831962662,83.87920473011474,409.5434000336178,953.5370681303194
MAR05086,-1.3465913363317069e-14,1.0474760325815683e-14,-4.623646981450322e-14,-2.689044082748322e-14,-1.5036462250805464e-14,4.218004220588804e-16,1.684153072474821e-15
MAR05089,-40.63087435536549,0.16057926888969665,-41.931724842737786,-40.92014209670481,-40.58694836626514,-40.488488851810516,-40.47793362326421
MAR05090,0.0,0.0,0.0,0.0,0.0,0.0,0.0
MAR05091,18.154438470380775,9.097377636161458,0.3446820103122621,2.854366599942983,18.54612712023374,33.59388954091182,36.15647991194097
MAR05092,-27.107877482154134,0.06025024447401569,-27.578232094811714,-27.18231790223922,-27.09318971096743,-27.064147801017246,-27.060589475545232
MAR05093,-1.3465913363317069e-14,1.0474760325815684e-14,-4.623646981450322e-14,-2.6890440827483206e-14,-1.503646225080546e-14,4.218004220588804e-16,1.684153072474821e-15
MAR05094,203.98820540205227,198.30860812701212,0.867740731718653,31.95013460042251,171.19858800298712,970.800093487313,974.364092335059
MAR05095,-7.424791613800792e-15,1.4617244187253446e-14,-3.8451669689703606e-14,-3.064968602979728e-14,-7.48811075822534e-15,1.580732119818869e-14,2.508408653476769e-14
MAR05098,-4.932515725947143e-16,2.3322545024676247e-15,-6.991307913389316e-15,-5.7195390616526676e-15,-2.7269813155398114e-17,2.978638168689667e-15,5.753725849108027e-15
MAR05105,677.3242754964233,176.98449510727096,23.542535625966224,27.147899393317445,698.8912914175637,839.1722733932993,984.1598035390274
MAR05109,0.0,0.0,0.0,0.0,0.0,0.0,0.0
MAR05111,-7.62754833780653e-13,8.637051978175472e-13,-3.120729791746599e-12,-2.0101733566721124e-12,-6.255569846899959e-13,7.787702312057363e-13,1.1663693896433119e-12
MAR05114,-1.7525983111417285e-15,2.2183766288268062e-15,-8.443287313091576e-15,-5.362603154575661e-15,-1.216681308451386e-15,1.1508079873869054e-15,2.320231063379177e-15
MAR05124,-65.69083455037811,87.30936219583418,-609.0255820422256,-137.88062914264833,-48.19723124824942,-3.473792671633316,-0.12780946424116674
MAR05128,253.62767104436725,219.75353166380768,-9.099252553455514,46.11143035271821,193.2656710958803,931.8948313580061,969.9463914699899
MAR05130,16.946452456325417,0.10159336806740825,16.85162903893812,16.857690527823415,16.91442558603434,17.1142702394095,17.74631011507305
MAR05131,48.19775249278819,0.17042162012347337,48.03577584574552,48.04687031683008,48.15165256888629,48.498544803612184,49.57963896744202
MAR05132,30.77097189016372,0.07627800776831334,30.704392239756704,30.709257485792453,30.753180570949297,30.882051739742515,31.347856726631676
MAR05133,22.53036712127896,0.0514238122340861,22.4885453047572,22.49171022478598,22.51837136869058,22.596094761249017,22.92425437634369
MAR05134,33.442747221837855,0.10576686549971133,33.34314230704861,33.3499948726715,33.416206818589245,33.63063516827692,34.2955940976035
MAR05135,10.987506346588933,0.022419013837071643,10.9743857212843,10.97465549265209,10.980660620203508,11.016645908288634,11.17105275295874
MAR05136,25.817437935113475,0.16138932229886363,25.66726913126416,25.676676860416748,25.765589379421073,26.08375503019594,27.083321444624005
MAR05137,47.131999427130424,0.18438827005622457,46.95637804413805,46.96849539849529,47.08161998923481,47.46233478641994,48.62614702423937
MAR05138,43.36450050276858,0.13453748009874436,43.23813022672549,43.246747342359384,43.33114433030593,43.600596169563644,44.44727703064948
MAR05139,13.689352169520715,0.02793188609212062,13.67300516094438,13.673341269533774,13.680823067794533,13.725657197212062,13.918032938112516
MAR05140,26.55311534653297,0.05917214711952427,26.506489803806634,26.510004711937075,26.538779544167742,26.62621514161673,27.014202652017058
MAR05141,54.92214661251792,0.3085771389641124,54.6328009367451,54.6519004223058,54.828587804073955,55.434216546207175,57.365443413991905
MAR05142,43.25940372970875,0.14874469121157796,43.11824155921945,43.12788065893135,43.21934363100226,43.523231078655805,44.46472933892283
MAR05143,13.37406185034095,0.0641351249426022,13.31333915842615,13.317586537015938,13.355050160266249,13.489850320526987,13.88831250834378
MAR05145,22.15503578381188,0.09045565953943999,22.06890998135766,22.07486940325024,22.12932166191308,22.32067885974139,22.886999142764328
MAR05146,30.69584564413351,0.11681055797122315,30.584603520763814,30.592341532084024,30.66422756173491,30.90719393785275,31.642949714317137
MAR05147,39.821980459586,0.19208455065343616,39.64017087087181,39.65288832463634,39.76494751901842,40.16710227102082,41.3615174464441
MAR05148,32.27179741889202,0.201736652873624,32.0840864140802,32.09584607552098,32.20698672427642,32.60469378774622,33.854151805781335
MAR05149,5.899005055677221,0.023057936048358145,5.877043420627425,5.878558674161754,5.8927109924228604,5.940294214195134,6.085853879994554
MAR05150,40.152256042280335,0.15998646794674853,39.9998868476466,40.0104083001336,40.10860119088943,40.441699883682816,41.44798086133325
MAR05158,0.014985263514836148,0.018323618310150808,1.863096726249306e-05,0.0005421285784454903,0.00871733194503496,0.047743983853457087,0.138820339706619
MAR05175,0.0,0.0,0.0,0.0,0.0,0.0,0.0
MAR05177,0.0,0.0,0.0,0.0,0.0,0.0,0.0
MAR05178,-5.460893014495388e-15,8.915850108702186e-15,-3.720380930415698e-14,-1.7884026143215296e-14,-1.102342618601662e-15,2.9884754220521605e-15,4.823415776547554e-15
MAR05188,-7.639288409552733e-13,8.64068365347743e-13,-3.122325186716247e-12,-2.0103939282237366e-12,-6.261205415134626e-13,7.781670645300002e-13,1.160222796483533e-12
MAR05193,0.0,0.0,0.0,0.0,0.0,0.0,0.0
MAR05194,0.0,0.0,0.0,0.0,0.0,0.0,0.0
MAR05196,0.0,0.0,0.0,0.0,0.0,0.0,0.0
MAR05200,0.0,0.0,0.0,0.0,0.0,0.0,0.0
MAR05235,0.0,0.0,0.0,0.0,0.0,0.0,0.0
MAR05256,-5.529996126518376e-15,9.406603940999803e-15,-4.0274578386198245e-14,-2.0433617588954426e-14,-1.7709511918528515e-15,4.8201696357749435e-15,9.504516941530026e-15
MAR05293,0.0,0.0,0.0,0.0,0.0,0.0,0.0
MAR05296,-321.1438015011053,112.3160810367362,-582.8647339388976,-578.6942375280806,-332.7394172536226,-82.00697498322427,-23.98926870678909
MAR05300,-7.945474326617424e-15,8.774048749847652e-15,-4.1924159175984734e-14,-2.0038205461998494e-14,-5.009636415692163e-15,7.812362906914003e-16,2.1822943885549257e-15
MAR05303,-809.9447059887538,206.63139634559974,-998.2496973355047,-966.580711865861,-882.1178200856668,-150.04896459767795,-57.39816887803852
MAR05304,4.5273121324708665,0.009237571305161082,4.521905886116548,4.522017043202524,4.524491406899251,4.539318850560981,4.60294092814258
MAR05305,208.78421787583935,151.98352979354166,9.353484662091416,71.08150071574713,159.07486054138766,686.500609022987,722.6595373379362
MAR05308,229.34282995217768,168.7913788253634,21.933135730648946,43.041355011113964,195.33620360151113,737.2608099235755,947.4562698397839
MAR05309,-4.276086820654033e-15,9.015320054474428e-15,-3.870166875140794e-14,-1.7356500485539498e-14,-1.1533001101608361e-15,6.125297720068652e-15,1.074603920167702e-14
MAR05311,16.057793249309377,4.731872744170308,0.5203113474566461,0.6228542155421839,15.823523269510774,21.855083157018893,22.54257764096809
MAR05315,56.253492048232246,40.96777882939229,0.6007681405276657,4.0812053386880205,49.35674884889138,135.49027391750803,202.25163854858792
MAR05319,168.06325260536948,132.89454363573938,6.794899865334324,9.990346147176206,144.45050947369833,308.8953492298078,961.0676778094477
MAR05320,57.914680131557674,83.42788983824362,0.03307687615829735,2.810041383687693,26.70193691802606,311.41011886068753,315.1599416066032
MAR05321,-4.314970797133833e-15,9.051543022652067e-15,-3.8726689657100143e-14,-1.7469479422795397e-14,-1.3156793346892312e-15,6.4529289788994246e-15,1.0618640780307021e-14
MAR05322,7.965232639459673,6.952492484090473,0.03142068108627284,0.7523905445187836,6.253497899658774,29.908684420926168,30.214371092190166
MAR05324,23.66576819663525,19.813809771373002,0.04021412943674136,0.6007683444151972,18.84898013190474,60.1781020155302,129.50643586008644
MAR05326,47.783344754448905,31.068481859321604,0.04681405647796316,3.354629183604488,42.70644087183999,101.96147893118712,139.48691576760007
MAR05328,170.93537678177543,122.54096863951098,1.431454816443339,4.619110515046214,170.67287030318454,246.94167601313433,893.7407216639357
MAR05330,390.28125252674573,140.98039230717828,89.97685053068602,252.93593300151142,345.69727733444086,704.3423460796446,804.084647320343
MAR05333,30.93272163569625,22.62226073984858,0.01801953893056906,0.8998769037953424,28.088823485281196,72.84837722810674,115.24818418644969
MAR05342,436.5833791701361,162.71965897619583,13.93405334035548,18.456584722721548,443.4994847269325,652.7904502443739,866.6986459178785
MAR05344,127.85509516089215,300.2627903923611,-716.6574773034572,-173.85467018770578,73.72488648709177,955.0456298092238,965.5794927614851
MAR05347,-12.007522141893677,79.17558994296088,-336.6854807220211,-336.22924691231617,2.1258906002272187,31.568204990436843,44.00550147376104
MAR05348,450.4378747737735,135.49073113612087,4.8152773482885705,16.951217198561373,483.3697237661718,583.381803281288,624.0081079750992
MAR05351,450.43787477377356,135.49073113612073,4.815277348288581,16.95121719856138,483.36972376617166,583.381803281288,624.008107975099
MAR05354,-280.12940399601,111.72046396578467,-468.03731027948004,-414.39125811049234,-307.639893520639,-15.550482046982244,-9.419560620538993
MAR05359,0.0,0.0,0.0,0.0,0.0,0.0,0.0
MAR05360,-2.558902957594609e-15,2.3859656318397512e-14,-5.64488550360598e-14,-4.938532057671754e-14,2.1060143747821376e-15,2.9802238730736584e-14,4.61994068628808e-14
MAR05361,-392.4745232593601,245.65483025199958,-969.3796399710285,-594.964097290601,-443.36242051486636,-18.94113196859562,552.5930817532851
MAR05362,-6.9785241895976835,4.121059478455336,-21.264885107241422,-14.42897418613004,-6.676310332738519,-0.42577155155437574,-0.014369839326074774
MAR05364,0.0,0.0,0.0,0.0,0.0,0.0,0.0
MAR05366,-7.945474326617424e-15,8.774048749847649e-15,-4.192415917598473e-14,-2.003820546199849e-14,-5.0096364156921644e-15,7.812362906914009e-16,2.1822943885549257e-15
MAR05367,-3.0873997562923578e-15,2.4852907790985626e-14,-5.83434346157085e-14,-5.1363136423093845e-14,2.1255280186209086e-15,3.0356059674072877e-14,4.600870374969082e-14
MAR05368,0.0,0.0,0.0,0.0,0.0,0.0,0.0
MAR05373,-3.087430703596986e-15,2.485290944984657e-14,-5.834342638689467e-14,-5.1363131896836456e-14,2.1254696275969907e-15,3.0356011499373895e-14,4.600869811232781e-14
MAR05374,0.0,0.0,0.0,0.0,0.0,0.0,0.0
MAR05375,0.0,0.0,0.0,0.0,0.0,0.0,0.0
MAR05378,-2.594064617694715e-15,2.3929855324423057e-14,-5.675071258854751e-14,-4.957014747496048e-14,2.092962238953704e-15,2.9793794490895106e-14,4.630888430365843e-14
MAR05379,0.0,0.0,0.0,0.0,0.0,0.0,0.0
MAR05380,-2.9454296416201056e-15,2.4590401033555694e-14,-5.794115152901269e-14,-5.086508287170774e-14,2.0300738993549366e-15,3.005882447604161e-14,4.6146773471265724e-14
MAR05382,0.0,0.0,0.0,0.0,0.0,0.0,0.0
MAR05383,-2.798048784558138e-15,2.433444011861509e-14,-5.743151082906003e-14,-5.0340183910968636e-14,1.969552824607367e-15,2.984024512645002e-14,4.6145662326508534e-14
MAR05384,3.168316184714733e-14,2.878677577665547e-14,-6.439150264824434e-14,-1.330775714308188e-14,2.983229299593654e-14,7.153034941511074e-14,9.852788956717701e-14
MAR05385,2.3090840983995615e-14,2.6066345911707726e-14,-6.44079337570986e-14,-1.3501115294732259e-14,2.291295268165489e-14,6.649052019471137e-14,7.87768301201737e-14
MAR05386,2.320110867413419e-14,2.546903474030144e-14,-6.440898408282957e-14,-1.371156418740516e-14,2.3603869948859926e-14,6.499220393590446e-14,7.688345760746691e-14
MAR05387,1.7608569731867288e-14,2.4509351905880044e-14,-6.441685633880506e-14,-1.4706535208648396e-14,1.8370651871380752e-14,6.23311687559935e-14,7.778360313239017e-14
MAR05389,2.122756740541884e-14,2.484791283880721e-14,-6.441228468731904e-14,-1.3599850525413116e-14,2.149047806413327e-14,6.43498244694025e-14,7.972244364982775e-14
MAR05391,2.515245270066607e-14,2.6947152772806393e-14,-6.440488255951067e-14,-1.0415872943252132e-14,2.6508612056775852e-14,7.54056282144646e-14,1.0707621741132667e-13
MAR05402,0.0,0.0,0.0,0.0,0.0,0.0,0.0
MAR05404,-3.5388364570241985e-15,2.4258718131595157e-14,-5.573168753180476e-14,-4.95008610387862e-14,1.6743008201374297e-15,2.940397001030094e-14,4.567743846577785e-14
MAR05405,0.0,0.0,0.0,0.0,0.0,0.0,0.0
MAR05407,-435.9079209110184,139.90167392949596,-956.2011859770328,-708.4922651384913,-433.6913460054552,-265.09516903477197,-57.23150792919978
MAR05411,-417.3918109708209,144.80235948040476,-867.9456062741477,-707.1785036374397,-425.46958413753293,-15.587338463334168,-11.492892351039899
MAR05414,0.0,0.0,0.0,0.0,0.0,0.0,0.0
MAR05420,0.004657045727577551,9.50228098330379e-06,0.004651484561100258,0.00465159890347733,0.004654144171950092,0.0046693965073634144,0.004734841724293217
MAR05422,14.423863963776352,14.060936827181893,-15.581415483591178,-14.619010342196413,15.977648131327495,33.920240337657376,47.243075087341545
MAR05423,3.7931299984077493,0.007739539003471139,3.788600468606475,3.788693599643592,3.7907667023790905,3.8031896190474805,3.856494273989494
MAR05426,-417.3918109708208,144.80235948040476,-867.9456062741477,-707.1785036374397,-425.4695841375327,-15.587338463334167,-11.492892351039892
MAR05435,0.0,0.0,0.0,0.0,0.0,0.0,0.0
MAR05436,0.0,0.0,0.0,0.0,0.0,0.0,0.0
MAR05437,0.0,0.0,0.0,0.0,0.0,0.0,0.0
MAR05438,0.0,0.0,0.0,0.0,0.0,0.0,0.0
MAR05439,528.6049399890413,166.825987893012,44.76923488876,191.2205594760414,508.2086229584363,980.636246900353,986.6134415671606
MAR05448,611.5156664949529,149.53672853814646,58.80371694908971,486.23650275566854,581.2357916346265,981.8668138211609,992.6541417543426
MAR05453,0.0,0.0,0.0,0.0,0.0,0.0,0.0
MAR05461,-10.09046910102014,19.805416392083806,-115.59169473463,-46.63817755089696,-5.289902781048473,12.914574412130953,13.474121968737798
MAR05481,659.5681502602384,156.61583584800252,94.56768190825613,259.8977802047811,670.8173634282728,983.0546200829633,999.2639740957337
MAR05527,668.0070934512083,155.61255088669265,74.29318121147786,237.64653942050194,673.889692391936,983.5812983342273,988.15176735984
MAR05550,290.733179041195,109.97190414293543,27.780786572880004,103.97815115831176,284.50695384916605,558.2223193811986,565.5371175969879
MAR05566,31.555714152790248,29.71133632621164,-33.80034203978581,-7.262802534924212,26.99374082340244,84.28191600945041,132.2467580055631
MAR05575,-31.555714152790255,29.711336326211665,-132.2467580055632,-84.28191600945047,-26.993740823402504,7.262802534924231,33.80034203978581
MAR05987,323.2511202086003,183.06936221612827,6.840709760137093,64.19520010869978,315.4429712504492,966.5718394100094,971.5615623777272
MAR05989,344.9671655662877,196.23120066816193,30.554652722413106,152.98701619996558,304.38452170711173,971.3364117320998,976.8139133095056
MAR05994,201.9968171862999,185.3659786141479,0.8733327913163058,34.68501183300801,167.15195857585218,936.975266156891,942.112185181738
MAR05997,13.511863350613194,10.873294322503309,0.01756372106974882,0.3573065310759262,11.697683476270727,32.65854934753016,49.44493040774432
MAR05998,-179.5435122876293,214.76335509320594,-974.9786063006234,-969.525366274065,-140.54338472668806,14.390271130017789,121.73064035135155
MAR05999,0.0,0.0,0.0,0.0,0.0,0.0,0.0
MAR06001,-636.2651199826701,237.4462264501366,-994.4502023148332,-899.2857078769298,-666.3161946119471,265.8397029857447,269.28588022351664
MAR06003,-95.06487428784082,226.45829890383695,-966.481373021585,-960.557551432601,-41.63376376834121,89.727877886138,241.31813850854084
MAR06004,-82.65434120369572,96.73107651170622,-337.7877653134817,-331.44978723672165,-76.74698496371414,65.946897199541,132.49965446283034
MAR06007,222.37633639733372,208.56783542823317,-404.1576349096797,-3.9238901711421654,207.83474350690136,579.94790515513,995.5543948866009
MAR06008,234.55085881646528,192.98005013375808,-26.061840027561857,24.893753385248353,196.38361692199555,961.0402317557648,967.9185535141936
MAR06009,-194.3892561346371,122.14147863981988,-576.3848142017237,-571.6231704013768,-182.74037786118134,-19.170101950388492,42.948460982563525
MAR06010,-139.3323982965963,75.60007711276418,-305.92277544081134,-247.69008532640757,-156.3911780783971,-8.51150187195793,-2.8018103261316334
MAR06013,-206.4687376727393,207.78800539854862,-985.9119072013445,-387.8578268404648,-226.1945128491476,-11.008024193453982,592.718654211413
MAR06014,-64.2686566973659,286.93114510175093,-617.2370529692851,-335.902733553659,-99.72833612368652,956.3752169093684,967.3385517951349
MAR06019,412.8849678618883,194.82746267765677,79.10816824408937,150.39881634083721,404.91880601517977,973.7858716489272,981.229452432151
MAR06020,506.02985973385734,308.42916012698544,-690.3753347583864,-444.0160955522108,544.2720164478752,982.6254144394939,992.6468472615963
MAR06021,-332.9858890257357,170.18569336090434,-910.587106457096,-657.636828342555,-321.3520962054681,-103.61307463500209,49.35727852971627
MAR06024,-99.32086776366219,201.7475861120529,-333.1435375540202,-283.2293776132386,-145.6175191866695,626.5488512799246,635.6324433602848
MAR06026,-269.4694871784103,196.27073466929488,-972.7667215984928,-967.3790374507653,-258.61010805130024,-22.355151103049753,19.911182857642046
MAR06027,4.491923715760912,335.8801571349792,-869.1329228958091,-624.9619115393863,-29.148833237214575,956.3761269099555,992.7716175530841
MAR06032,-116.12357593355254,93.47667205070337,-400.5340457378386,-253.69459159046045,-108.41477437351932,37.01636947902328,111.82637592452795
MAR06036,116.42597433990657,218.58313913706328,-387.7901638636382,-381.7026743289199,109.39524157450725,322.7173236144994,948.039567629776
MAR06038,-333.31265030559695,178.09479305755403,-977.6818782085226,-972.7773117204591,-318.06967874805946,-101.1521282873203,-2.5276585919336867
MAR06041,189.18846642142717,215.79153457490654,-214.83870704417342,-28.82174586152223,167.4860073779616,964.9320524299816,968.9822946943905
MAR06042,162.95183792859737,87.47148806179163,-16.426671058307647,30.88297523472819,161.40409273910964,332.6002513794317,341.5718077241296
MAR06045,741.7641239388466,132.67546552702106,75.4603448710817,609.6456120581529,736.5946890683647,986.2101404986544,998.7233950892537
MAR06046,293.60162991039954,211.04743500535588,-87.65451906519934,73.21479036219314,241.10354430863953,962.1299505681382,968.3774204738038
MAR06053,-489.20368874267945,171.805010151513,-992.6298467715985,-977.3980625718708,-464.7266944524241,-194.52158307042515,-58.27788356423433
MAR06054,-225.18898693175964,137.41749965256088,-951.1763685418135,-369.2738053879386,-221.38669462952765,-14.794006945937982,-8.716164514881836
MAR06055,0.0,0.0,0.0,0.0,0.0,0.0,0.0
MAR06056,15.11516389227013,12.439958170775835,0.0335020341380261,0.6073036588307725,11.32518612633365,40.02072947569658,44.407430287846104
MAR06059,503.20117858941427,152.99657951938104,46.5331072158334,353.4744842867627,468.75547067237795,976.5183129943479,982.7143838863461
MAR06095,-67.08577770395834,263.05136291602633,-925.9968688475321,-831.0002225812427,15.578545028491988,173.67109049155982,215.3351766275763
MAR06098,15.11516389227013,12.439958170775835,0.0335020341380261,0.6073036588307724,11.325186126333648,40.02072947569658,44.407430287846104
MAR06129,0.0,0.0,0.0,0.0,0.0,0.0,0.0
MAR06218,167.55951748694685,244.07191315192514,-875.7279829599182,-117.79082689530392,175.1078488872481,643.1084406938921,929.5340282588619
MAR06221,-703.2865167951994,190.0527807203534,-947.5928938192101,-889.7557058505623,-735.4618363865453,-536.4607723041936,454.60480364528706
MAR06250,-205.2953381501343,134.8434280483187,-948.2231353195224,-381.9603949388729,-202.2771031640777,-12.160150519252047,-7.357042088185099
MAR06251,0.0,0.0,0.0,0.0,0.0,0.0,0.0
MAR06253,-1.0264506738509796e-12,9.157399516071464e-13,-2.988439755246646e-12,-2.8496139891371313e-12,-9.89891535624862e-13,1.3696112328751782e-13,3.7278955334523877e-13
MAR06258,389.4963990487233,191.42770227466286,-213.66019737910048,16.49892132543631,422.62330641400706,613.2843791258193,958.7950303328021
MAR06259,0.0,0.0,0.0,0.0,0.0,0.0,0.0
MAR06261,0.0,0.0,0.0,0.0,0.0,0.0,0.0
MAR06277,63.179706678846514,268.13782681415904,-942.0087170830058,-162.54985302403438,45.15478154160621,950.4984399092551,959.8487232769731
MAR06280,-2.1304971500602247e-15,7.784688456854311e-15,-2.9663389560605686e-14,-1.5436431646086454e-14,-4.728485770470059e-16,9.937770468397015e-15,1.4238728799990047e-14
MAR06282,-8.765878441959059e-16,7.523889441336158e-15,-2.858012697354404e-14,-1.237514012558855e-14,5.379369786274527e-17,1.118024211646099e-14,1.548025106013706e-14
MAR06286,623.5180585114933,126.34447108431273,411.8651763786619,473.5155729857505,586.240915512926,954.7336761551414,970.8967446197902
MAR06287,221.78078763429522,163.67204492088453,1.7238502974566223,10.963172495415517,189.6757480421901,722.7926954407659,908.3983683306077
MAR06288,520.3181883608622,169.55969963919466,160.71861192447378,356.8716627223074,491.4057345872408,981.6195608609142,989.5114833447368
MAR06293,184.70988473300497,76.55190367107892,0.4660144370073297,7.710678361020634,200.1229551313752,288.03624410932844,317.4789228175611
MAR06298,82.2003770637376,134.5095253609396,-109.42149132097614,-68.25620222274348,67.69604804938969,213.73696069366287,661.9347533235854
MAR06319,6.503669748971003,3.8408101072426604,0.010331537598467238,0.23108065551954318,6.435286240281204,13.325341234703762,17.183186976996154
MAR06320,0.0,0.0,0.0,0.0,0.0,0.0,0.0
MAR06322,-4.409095755033348e-15,7.127635731465232e-15,-3.053940240093469e-14,-1.4291553738311935e-14,-1.0636219602197567e-15,2.788537380244435e-15,4.077570168135323e-15
MAR06327,584.7397215588113,181.48273040709105,16.347898214329785,20.326960345443617,636.5067718962198,737.4196443972266,959.1776389737072
MAR06328,449.5200243135957,168.06694592551113,-20.929877200796426,82.4837588376182,489.19537205868266,631.1847444753515,938.0381260089409
MAR06347,4.729158282423772,3.9710603389587407,0.007941410863862047,0.16143375470181165,4.408657260048919,12.524413786305765,16.044328209998934
MAR06366,-989.0921894209229,9.407312435198884,-999.9919940497259,-999.7813231440263,-991.4934795496567,-972.2533123212047,-945.5329709210644
MAR06370,344.96716556628763,196.23120066816193,30.554652722413106,152.98701619996558,304.3845217071116,971.3364117320998,976.8139133095056
MAR06375,266.7060723685173,93.60487477419592,47.589268930531496,114.90993669527782,256.9033403274175,467.39965236200146,472.38345310036766
MAR06378,9.674920538685566e-15,5.6596356951673793e-14,-2.0194021400388743e-13,-2.293637089324114e-14,1.4865610557822051e-15,2.056177768037337e-13,2.0702065641863502e-13
MAR06380,-195.26922611634768,168.79191557847773,-913.5426938291157,-703.0842554801811,-161.2855302634166,-9.120255002881008,12.35238273734139
MAR06381,207.06971753490177,88.45485594704175,4.424348977189232,8.757315854822831,223.90139315588263,314.99249371059045,363.4753873548446
MAR06382,6.537840005572205,4.730675802810395,0.048132906162680365,0.7077408827644229,6.7608815973719665,21.93277515221131,22.03934689915455
MAR06384,84.94379532010375,61.091720172212526,0.1559423707395341,8.154341502446352,72.4995522620903,194.34556540229136,233.70536625026068
MAR06386,532.3750996771784,161.2502286165435,9.885310661428658,382.49393159616636,503.13785664011743,975.7111867244148,984.2883393659986
MAR06387,93.6702609485066,320.2048136732524,-940.7026391031239,-694.5797783243739,123.28502062859431,956.1106475253816,970.3823112289286
MAR06390,9.802328885540626e-15,5.647615728235547e-14,-2.0194063205918475e-13,-2.2310324784994253e-14,1.8705190376223484e-15,2.056512988303599e-13,2.070180359153107e-13
MAR06394,-43.84840789742365,47.964866916936906,-175.66236322652526,-144.51692771695127,-34.11113593216021,18.17714027248441,83.91829243120392
MAR06395,287.58115281239805,96.50466778280322,27.025936762080644,78.21520542908624,297.31433985420176,487.419915532074,492.3193475752206
MAR06396,243.73274491497455,92.57947895611072,24.62667755573368,61.31668462420321,245.5054263988817,486.913304576242,492.03363033496896
MAR06397,43.848407897423606,47.964866916937424,-83.91829243120361,-18.177140272487428,34.1111359321593,144.5169277169516,175.66236322652543
MAR06404,-7.354970703281487e-15,1.2640959920396929e-14,-3.744547287696923e-14,-3.192783888334518e-14,-4.0230377326873434e-15,1.1585449545104359e-14,1.6318777891423522e-14
MAR06407,9.339765173098258e-15,5.66780206786194e-14,-2.0194032119665904e-13,-2.3405451763643578e-14,9.588757688889027e-16,2.0560335653537006e-13,2.0702249621242375e-13
MAR06409,-686.9627478858479,179.4230364920706,-942.6696194086772,-829.9743325387437,-726.3082244312296,-26.626425409886068,-18.780184502752036
MAR06413,92.38989061010624,41.73098362879075,4.281612927418222,7.002567631465341,91.77385689656913,160.86919440086555,209.6862546249892
MAR06414,92.38989061010608,41.7309836287907,4.281612927418327,7.0025676314654355,91.7738568965689,160.8691944008655,209.68625462498895
MAR06417,0.0,0.0,0.0,0.0,0.0,0.0,0.0
MAR06418,9.398372322603193e-15,5.6669289334613076e-14,-2.0194023000460782e-13,-2.3385042171752066e-14,1.0025617017505328e-15,2.0560317928185282e-13,2.0702231046131956e-13
MAR06419,144.13498250196963,122.95877913622586,0.15700504359931033,3.938448507855411,143.08965857864843,212.236380454971,930.2672915688684
MAR06420,144.1349825019696,122.95877913622584,0.15700504359931,3.9384485078554112,143.08965857864843,212.2363804549709,930.2672915688684
MAR06421,0.0,0.0,0.0,0.0,0.0,0.0,0.0
MAR06422,0.0,0.0,0.0,0.0,0.0,0.0,0.0
MAR06424,-0.004657045727582519,9.50228098289671e-06,-0.004734841724293166,-0.004669396507371521,-0.004654144171960138,-0.004651598903477536,-0.004651484561100266
MAR06426,0.004657045727582518,9.502280982896767e-06,0.004651484561100266,0.004651598903477536,0.004654144171960135,0.00466939650737152,0.004734841724293165
MAR06428,0.004657045727582519,9.502280982896613e-06,0.004651484561100264,0.004651598903477534,0.004654144171960136,0.00466939650737152,0.004734841724293164
MAR06431,0.004657045727582519,9.502280982896625e-06,0.004651484561100264,0.004651598903477534,0.004654144171960136,0.00466939650737152,0.004734841724293164
MAR06432,0.004657045727582519,9.502280982896684e-06,0.004651484561100265,0.004651598903477536,0.004654144171960135,0.00466939650737152,0.0047348417242931646
MAR06433,0.004657045727582519,9.502280982896823e-06,0.004651484561100265,0.004651598903477535,0.004654144171960138,0.004669396507371521,0.0047348417242931646
MAR06434,0.004657045727582519,9.502280982896684e-06,0.004651484561100265,0.004651598903477536,0.004654144171960135,0.00466939650737152,0.0047348417242931646
MAR06435,0.004657045727582519,9.502280982896721e-06,0.004651484561100265,0.004651598903477536,0.004654144171960136,0.00466939650737152,0.0047348417242931646
MAR06436,0.004657045727582519,9.502280982896721e-06,0.004651484561100265,0.004651598903477536,0.004654144171960136,0.00466939650737152,0.0047348417242931646
MAR06437,9.358660914990489e-15,5.6733567971966455e-14,-2.019402433375304e-13,-2.3388864660415914e-14,5.52998463068931e-16,2.0539796734483822e-13,2.0696908224626264e-13
MAR06438,-0.004657045727582519,9.50228098289681e-06,-0.0047348417242931646,-0.00466939650737152,-0.004654144171960134,-0.004651598903477535,-0.004651484561100265
MAR06439,0.004657045727582967,9.50228098281403e-06,0.004651484561100269,0.004651598903477552,0.004654144171961005,0.004669396507371569,0.004734841724293251
MAR06441,0.004657045727582966,9.502280982814215e-06,0.004651484561100269,0.004651598903477552,0.004654144171961004,0.00466939650737157,0.004734841724293251
MAR06443,0.004657045727582963,9.502280982814395e-06,0.004651484561100268,0.004651598903477551,0.004654144171960997,0.0046693965073715685,0.00473484172429325
MAR06446,0.004657045727582964,9.502280982814347e-06,0.004651484561100268,0.004651598903477551,0.004654144171960997,0.0046693965073715685,0.00473484172429325
MAR06447,0.0046570457275829655,9.502280982814217e-06,0.004651484561100268,0.004651598903477551,0.004654144171961001,0.0046693965073715685,0.00473484172429325
MAR06448,0.004657045727582963,9.502280982814616e-06,0.004651484561100267,0.00465159890347755,0.004654144171961003,0.004669396507371566,0.0047348417242932496
MAR06449,9.88121680730273e-15,5.6699903312803833e-14,-2.0193969128133747e-13,-2.3360867564286486e-14,1.0087712220364494e-15,2.0539674869897528e-13,2.069678785715173e-13
MAR06450,0.0046570457275829655,9.502280982814217e-06,0.004651484561100268,0.004651598903477551,0.004654144171961001,0.0046693965073715685,0.00473484172429325
MAR06451,0.004657045727582963,9.502280982814613e-06,0.004651484561100267,0.00465159890347755,0.004654144171961005,0.004669396507371567,0.0047348417242932496
MAR06452,1.0750947480199163e-14,5.669639275082155e-14,-2.019382998928003e-13,-2.4221877532918443e-14,1.9942288159101107e-15,2.0529212497831349e-13,2.0688843034489656e-13
MAR06453,0.004657045727582965,9.502280982814134e-06,0.004651484561100266,0.0046515989034775496,0.004654144171961009,0.004669396507371566,0.004734841724293241
MAR06454,0.004657045727499707,9.502280988362594e-06,0.004651484561100171,0.004651598903468372,0.0046541441718283266,0.004669396507300102,0.00473484172425699
MAR06456,0.0,0.0,0.0,0.0,0.0,0.0,0.0
MAR06459,0.0,0.0,0.0,0.0,0.0,0.0,0.0
MAR06460,0.0,0.0,0.0,0.0,0.0,0.0,0.0
MAR06474,-2.698754282340528,2.695544901277328,-10.808438054457548,-8.186547323497035,-1.5651952117256922,-0.06826930718961849,-0.009664401914162738
MAR06483,0.0,0.0,0.0,0.0,0.0,0.0,0.0
MAR06490,7.456133415459475,6.329400219298363,0.007186289807660985,0.12030790687510477,6.693943864047384,19.258234392953856,26.720516369520194
MAR06492,7.45147636973196,6.329401202312032,0.0025258757267871777,0.11565569030095514,6.6892895766362805,19.253578335205635,26.71586405692057
MAR06500,-49.99157348716035,161.88895921345542,-316.5869227947202,-215.44927611402218,-74.32877263127705,112.83611453777738,653.9310060239712
MAR06505,-0.00465704572758252,9.502280982896597e-06,-0.004734841724293166,-0.004669396507371521,-0.0046541441719601395,-0.004651598903477536,-0.004651484561100266
MAR06512,-0.004657045727601591,9.502280981604815e-06,-0.004734841724294908,-0.00466939650738462,-0.004654144171996898,-0.004651598903479181,-0.004651484561100298
MAR06513,-840.9392714989077,127.085594345195,-997.946580533361,-987.8101003486111,-860.0545957772335,-717.8264976113785,-92.27199066992807
MAR06514,0.0,0.0,0.0,0.0,0.0,0.0,0.0
MAR06515,67.64343399082139,122.17973982118116,0.06674191236367556,4.25096948840685,45.5536916998292,120.20417265851785,896.6651926294264
MAR06516,0.0,0.0,0.0,0.0,0.0,0.0,0.0
MAR06518,0.0,0.0,0.0,0.0,0.0,0.0,0.0
MAR06537,0.0,0.0,0.0,0.0,0.0,0.0,0.0
MAR06598,25.736299445736165,16.97332659547747,0.005635824997108026,0.37913040451775926,24.549755021838244,53.37391320971153,63.944939347605995
MAR06599,25.736299445736172,16.973326595477477,0.005635824997108026,0.3791304045177601,24.549755021838237,53.373913209711546,63.944939347606024
MAR06600,25.73629944573615,16.973326595477463,0.00563582499710797,0.3791304045177494,24.549755021838244,53.3739132097115,63.94493934760597
MAR06602,-777.8414183489394,191.54416066789233,-999.0647919323645,-958.0757383866438,-818.6779576574065,-28.954101251507886,-24.370684469450907
MAR06605,6.315958962173185e-15,8.171264051778466e-15,-1.2402221727974747e-14,-5.110768336588143e-15,5.057864672766466e-15,2.2626997223335157e-14,2.6365084191891192e-14
MAR06606,-6.517124019482138e-15,8.199943946913485e-15,-2.6615932174111732e-14,-2.2770110371265687e-14,-5.306102258774571e-15,5.0049215578869735e-15,1.2297502396784595e-14
MAR06614,94.70228792328777,289.7361230371101,-992.7647940955435,-166.367327267734,49.263849634332075,951.2128563999559,961.0962260157294
MAR06615,456.611283927547,159.3674644209539,19.741204874900067,25.229625090074535,480.53867586894603,603.5508632226889,995.4594797109135
MAR06616,-1.8811388021797169e-13,1.164868096218509e-13,-6.137157266973238e-13,-6.100843490968213e-13,-1.774059940283895e-13,-2.9328777471689494e-14,-8.692304178675786e-17
MAR06621,-4.527312132470858,0.009237571305162728,-4.60294092814258,-4.539318850560973,-4.524491406899234,-4.522017043202522,-4.521905886116549
MAR06628,97.58068086490582,53.50384396708842,1.4460744668356074,4.072975219344213,99.85802461169922,170.68616952130213,255.97997891288716
MAR06629,0.012226923845312961,0.003174991973326247,0.002692550284692012,0.00281447807198455,0.012695803298557077,0.015480982998221175,0.02009929047706047
MAR06630,64.74495219454366,51.26219559562923,0.31876035985947204,1.365032973993982,48.89993435552884,151.45115747232515,204.66626992644268
MAR06631,32.8165229272672,28.429572100336898,0.05338936572720647,1.5692266939490438,23.849223795515993,90.49481807201697,132.6398414357182
MAR06632,0.0017030750201862017,0.0010730912561305605,2.8103018228771826e-05,0.00018161554119102525,0.001536528889235558,0.003773302650419371,0.004944442496826448
MAR06633,0.008202075302966285,0.0029632770133538127,0.00023503601916591632,0.00034259941687657045,0.008324148913800643,0.011182909583804499,0.017420907320292875
MAR06634,0.004657045727582519,9.502280982896669e-06,0.004651484561100265,0.004651598903477536,0.004654144171960136,0.00466939650737152,0.0047348417242931646
MAR06636,0.0,0.0,0.0,0.0,0.0,0.0,0.0
MAR06638,130.79707989065506,296.85803220846105,-959.6384969076965,-949.8759707460606,171.42355296506327,358.25153930572964,993.1933354303708
MAR06641,0.002321773522157077,4.737369069728375e-06,0.0023190009985775252,0.002319058004052558,0.0023203269494989744,0.0023279310123707356,0.002360558772691093
MAR06642,0.0023217735221570785,4.737369069728093e-06,0.002319000998577525,0.0023190580040525575,0.002320326949498977,0.0023279310123707356,0.0023605587726910895
MAR06644,0.004657045727582519,9.502280982896648e-06,0.004651484561100264,0.004651598903477534,0.0046541441719601395,0.004669396507371521,0.004734841724293164
MAR06646,11.068303893891281,9.738382118071087,0.008007056300768978,0.3100010072190325,8.124452521289223,30.97647086138301,36.659588276482914
MAR06647,421.68945771202084,153.85242657301887,14.18934045604116,20.73201990868645,439.59658884541574,569.3867859107451,996.2388934943874
MAR06648,0.002321773522157077,4.737369069728375e-06,0.0023190009985775252,0.002319058004052558,0.0023203269494989744,0.0023279310123707356,0.002360558772691093
MAR06649,0.0023217735221570785,4.737369069728093e-06,0.002319000998577525,0.0023190580040525575,0.002320326949498977,0.0023279310123707356,0.0023605587726910895
MAR06650,11.08690684614618,9.046687856067772,0.0028568367330846656,0.15071275894583042,10.04072822154702,29.25483624816795,31.33197291309158
MAR06651,0.004657045727620379,9.502280979598905e-06,0.004651484561105407,0.0046515989034865875,0.004654144171990076,0.004669396507385677,0.0047348417243155555
MAR06652,11.084585072624014,9.04668846738716,0.0005378061504286839,0.14838935894631916,10.038408254774364,29.252514274479225,31.32965133112
MAR06653,0.002321773522157077,4.737369069728384e-06,0.0023190009985775252,0.002319058004052558,0.0023203269494989744,0.0023279310123707365,0.002360558772691093
MAR06654,0.002321773522157077,4.737369069728325e-06,0.0023190009985775252,0.002319058004052558,0.0023203269494989744,0.002327931012370736,0.002360558772691093
MAR06655,0.002321773522157077,4.73736906972837e-06,0.0023190009985775252,0.002319058004052558,0.0023203269494989744,0.0023279310123707356,0.002360558772691093
MAR06656,0.002321773522157077,4.737369069728316e-06,0.0023190009985775252,0.002319058004052558,0.002320326949498974,0.002327931012370736,0.002360558772691093
MAR06657,0.002321773522157077,4.737369069728375e-06,0.0023190009985775252,0.002319058004052558,0.0023203269494989744,0.0023279310123707356,0.002360558772691093
MAR06658,0.0023217735221570785,4.737369069728093e-06,0.002319000998577525,0.0023190580040525575,0.002320326949498977,0.0023279310123707356,0.0023605587726910895
MAR06659,-115.23376291074858,177.36349443610473,-388.76255878305983,-297.5967385058994,-153.09318210855437,57.84191997363241,932.596521930964
MAR06660,11.08226329910188,9.046689078708978,-0.0017812244322265585,0.14606595894680835,10.036088288001658,29.250192300790378,31.32732974914832
MAR06661,-225.8167747540751,223.94773936415817,-939.4645138037478,-745.9533387873778,-201.98852894014766,-8.643971731569636,727.6874681387551
MAR06662,-92.46025948743342,291.7598321007228,-993.081749200437,-355.2846549124611,-130.57956625367657,950.4576354190759,960.2858037613674
MAR06664,0.002321773522157079,4.7373690697281486e-06,0.0023190009985775252,0.002319058004052558,0.0023203269494989796,0.002327931012370736,0.0023605587726910904
MAR06665,0.002321773522157078,4.737369069728129e-06,0.002319000998577525,0.0023190580040525575,0.002320326949498977,0.0023279310123707356,0.0023605587726910895
MAR06668,0.0023217735221570785,4.73736906972818e-06,0.0023190009985775252,0.002319058004052558,0.0023203269494989783,0.002327931012370736,0.0023605587726910904
MAR06669,0.0023217735221570785,4.737369069728101e-06,0.002319000998577525,0.0023190580040525575,0.0023203269494989774,0.0023279310123707356,0.0023605587726910895
MAR06672,315.605294919025,217.21113374436217,-698.8699633197829,13.227181468351551,310.09379146124854,789.113470551556,939.6287455901893
MAR06673,432.76878118136557,155.86569561365232,14.745898358442407,20.868670529107604,454.06796966460774,571.4214499287015,996.2597829583123
MAR06674,-340.3125597019109,176.28757288792144,-975.9013821002701,-971.144961893981,-322.66661688560293,-76.9088998803939,-3.1805634573853467
MAR06675,-331.9190594489004,193.72465897297658,-974.9529009994533,-970.8598831862485,-293.38565972600446,-146.15753975554395,-3.255079896287725
MAR06676,-92.45854325297779,291.76042614506525,-993.0815385019247,-355.28246388043107,-130.5778957738849,950.462180171643,960.2903645169713
MAR06677,0.002321773522156212,4.737369069757444e-06,0.002319000998577523,0.002319058004052526,0.0023203269494976265,0.002327931012369335,0.002360558772691093
MAR06678,0.0023217735221570785,4.737369069728093e-06,0.002319000998577525,0.0023190580040525575,0.002320326949498977,0.0023279310123707356,0.0023605587726910895
MAR06679,0.0,0.0,0.0,0.0,0.0,0.0,0.0
MAR06680,0.0,0.0,0.0,0.0,0.0,0.0,0.0
MAR06682,0.004657045727582519,9.502280982896697e-06,0.004651484561100265,0.004651598903477536,0.004654144171960135,0.00466939650737152,0.0047348417242931646
MAR06687,0.00465704572758286,9.50228098285908e-06,0.004651484561100266,0.004651598903477542,0.004654144171960192,0.004669396507371573,0.00473484172429317
MAR06690,-0.004657045727582506,9.502280982898202e-06,-0.0047348417242931646,-0.0046693965073715165,-0.004654144171960133,-0.004651598903477535,-0.004651484561100265
MAR06691,-0.004657045727582536,9.50228098289498e-06,-0.0047348417242931646,-0.004669396507371526,-0.004654144171960141,-0.004651598903477532,-0.004651484561100265
MAR06692,0.004657045727582536,9.502280982894886e-06,0.004651484561100265,0.004651598903477532,0.004654144171960144,0.004669396507371526,0.0047348417242931646
MAR06693,0.004657045727582536,9.502280982894917e-06,0.004651484561100265,0.004651598903477532,0.004654144171960145,0.004669396507371526,0.0047348417242931646
MAR06700,0.0023217735221570763,4.737369069728462e-06,0.0023190009985775252,0.0023190580040525575,0.002320326949498974,0.002327931012370736,0.002360558772691093
MAR06701,0.002321773522157077,4.737369069728323e-06,0.0023190009985775252,0.002319058004052558,0.0023203269494989744,0.0023279310123707356,0.002360558772691093
MAR06702,0.002321773522157077,4.737369069728367e-06,0.0023190009985775252,0.002319058004052558,0.0023203269494989744,0.0023279310123707356,0.002360558772691093
MAR06703,0.002321773522157077,4.737369069728324e-06,0.0023190009985775252,0.002319058004052558,0.002320326949498974,0.002327931012370736,0.002360558772691093
MAR06713,0.0,0.0,0.0,0.0,0.0,0.0,0.0
MAR06714,0.0,0.0,0.0,0.0,0.0,0.0,0.0
MAR06720,0.0,0.0,0.0,0.0,0.0,0.0,0.0
MAR06721,0.0,0.0,0.0,0.0,0.0,0.0,0.0
MAR06725,-271.63296726106535,196.3639996571946,-495.06448993914375,-443.13607458371735,-317.174460460002,-30.996633619295316,891.9113086006745
MAR06742,0.0,0.0,0.0,0.0,0.0,0.0,0.0
MAR06745,0.0,0.0,0.0,0.0,0.0,0.0,0.0
MAR06751,0.0,0.0,0.0,0.0,0.0,0.0,0.0
MAR06752,-2.16042141917051e-15,3.9314304825188376e-15,-1.4530600431429602e-14,-1.0613027831776459e-14,-1.0144772173896235e-15,2.3845397709114755e-15,8.412421462544564e-15
MAR06755,0.0,0.0,0.0,0.0,0.0,0.0,0.0
MAR06756,-2.1604214191705095e-15,3.9314304825188376e-15,-1.4530600431429605e-14,-1.0613027831776456e-14,-1.0144772173896233e-15,2.3845397709114755e-15,8.412421462544564e-15
MAR06758,0.0,0.0,0.0,0.0,0.0,0.0,0.0
MAR06764,23.671815813237277,14.966654477821017,0.017243213746862458,1.4583879781413736,26.8489359443855,44.34504489669411,89.93400318237681
MAR06765,613.2726385345751,212.91173366283894,17.501046758187726,19.92210195877416,689.1320214724128,820.3970191186488,966.4979675716997
MAR06766,23.67181581323727,14.966654477821017,0.01724321374686227,1.458387978141373,26.848935944385495,44.34504489669414,89.93400318237683
MAR06768,137.02979509456188,74.47465960690967,0.6271255438045887,9.102300119583738,133.36507083125923,244.01314305302205,268.4165025213949
MAR06774,0.0,0.0,0.0,0.0,0.0,0.0,0.0
MAR06780,489.62314848558276,169.16845261942265,10.703421534649884,17.568378449384305,478.6811650800049,837.424825601234,952.5763764366113
MAR06781,137.02979509456188,74.47465960690961,0.6271255438045912,9.10230011958374,133.3650708312593,244.01314305302182,268.41650252139493
MAR06789,0.0,0.0,0.0,0.0,0.0,0.0,0.0
MAR06797,0.0,0.0,0.0,0.0,0.0,0.0,0.0
MAR06841,0.0,0.0,0.0,0.0,0.0,0.0,0.0
MAR06849,0.0,0.0,0.0,0.0,0.0,0.0,0.0
MAR06854,0.0,0.0,0.0,0.0,0.0,0.0,0.0
MAR06861,0.0,0.0,0.0,0.0,0.0,0.0,0.0
MAR06876,0.0,0.0,0.0,0.0,0.0,0.0,0.0
MAR06877,0.0,0.0,0.0,0.0,0.0,0.0,0.0
MAR06887,-825.2596539889289,125.75166469529997,-999.5602464015543,-991.2774813066931,-827.5000551500231,-729.2302744119529,-88.26606367121522
MAR06892,48.75834973512631,62.9177239064829,0.6371570605605148,3.3554058536379268,41.94057991804061,79.40148343267728,478.16134089197107
MAR06898,123.75048529882092,58.235855428201575,2.3912159393286228,3.8650803533336413,132.02567528197991,204.11953901034212,235.25540964732522
MAR06899,123.75048529882093,58.23585542820161,2.391215939328623,3.865080353333645,132.02567528197974,204.11953901034266,235.25540964732488
MAR06911,569.0623154251733,175.89117178060292,21.872765563677746,27.240237400939797,605.0349664113012,747.9362546313694,998.7763110618455
MAR06912,509.37065077434596,50.185174914407874,446.2153011523196,476.52610800945934,496.4832683882848,701.0318626572683,701.9878895949038
MAR06914,336.4146343086781,76.46634128663632,57.534299704963495,58.917324749510485,353.91812069819173,382.8773848487311,492.83203710559786
MAR06915,18.92052369047586,15.090858793150876,0.02074928254071608,0.4021965925064083,17.430362494269332,45.86000656336324,58.707131845033494
MAR06916,979.4391466553926,85.89471786035331,379.02484307652685,970.5464463429598,993.6814333630798,999.7882114327033,999.9917320274589
MAR06917,18.920523690475857,15.090858793150874,0.02074928254071586,0.40219659250639805,17.43036249426932,45.860006563363235,58.70713184503348
MAR06918,672.8292686173573,152.9326825732726,115.06859940992697,117.83464949902078,707.8362413963821,765.7547696974622,985.6640742111957
MAR06921,225.4934996657127,190.04017439594585,0.4144068215242344,47.65873249494124,193.11099789882178,964.3853085873938,967.9664356709418
MAR06940,0.0,0.0,0.0,0.0,0.0,0.0,0.0
MAR06979,3.112823496883092,2.74981084891997,0.0005310917460154899,0.05972164823555933,2.8369278895957963,7.414995862336587,27.595254899035808
MAR06980,3.112823496883093,2.7498108489199704,0.0005310917460152678,0.059721648235559324,2.8369278895957972,7.414995862336587,27.595254899035808
MAR06981,3.1128234968830957,2.749810848919971,0.0005310917460179324,0.05972164823555933,2.8369278895958017,7.4149958623365935,27.595254899035808
MAR06982,3.112823496883092,2.7498108489199717,0.0005310917460083844,0.0597216482355593,2.8369278895958,7.414995862336599,27.595254899035805
MAR06987,1.1480339570032967e-17,3.1562494110865015e-17,-2.406022964438236e-17,-2.3482841634714646e-17,8.315584913911108e-19,6.763033188547166e-17,1.2367796352709637e-16
MAR06990,0.0,0.0,0.0,0.0,0.0,0.0,0.0
MAR06992,0.0,0.0,0.0,0.0,0.0,0.0,0.0
MAR06993,0.0,0.0,0.0,0.0,0.0,0.0,0.0
MAR06994,0.0,0.0,0.0,0.0,0.0,0.0,0.0
MAR06995,0.0,0.0,0.0,0.0,0.0,0.0,0.0
MAR06996,0.0,0.0,0.0,0.0,0.0,0.0,0.0
MAR06997,0.0,0.0,0.0,0.0,0.0,0.0,0.0
MAR06998,0.0,0.0,0.0,0.0,0.0,0.0,0.0
MAR06999,0.0,0.0,0.0,0.0,0.0,0.0,0.0
MAR07000,0.0,0.0,0.0,0.0,0.0,0.0,0.0
MAR07001,17.21121829528515,14.216282150349127,0.021430395959485506,0.2723141387006652,12.981479151672783,43.95574203124546,53.071818213202995
MAR07002,0.0,0.0,0.0,0.0,0.0,0.0,0.0
MAR07003,0.0,0.0,0.0,0.0,0.0,0.0,0.0
MAR07004,0.0,0.0,0.0,0.0,0.0,0.0,0.0
MAR07005,0.0,0.0,0.0,0.0,0.0,0.0,0.0
MAR07006,0.0,0.0,0.0,0.0,0.0,0.0,0.0
MAR07007,0.0,0.0,0.0,0.0,0.0,0.0,0.0
MAR07008,0.0,0.0,0.0,0.0,0.0,0.0,0.0
MAR07009,0.0,0.0,0.0,0.0,0.0,0.0,0.0
MAR07010,0.0,0.0,0.0,0.0,0.0,0.0,0.0
MAR07013,0.0,0.0,0.0,0.0,0.0,0.0,0.0
MAR07017,0.0,0.0,0.0,0.0,0.0,0.0,0.0
MAR07018,0.0,0.0,0.0,0.0,0.0,0.0,0.0
MAR07019,0.0,0.0,0.0,0.0,0.0,0.0,0.0
MAR07020,0.0,0.0,0.0,0.0,0.0,0.0,0.0
MAR07021,16.47895133769619,12.186595344223218,0.04270191504852757,0.32950234138090256,15.379121167361543,36.927274566116395,59.299923419431515
MAR07022,0.0,0.0,0.0,0.0,0.0,0.0,0.0
MAR07023,0.0,0.0,0.0,0.0,0.0,0.0,0.0
MAR07024,0.0,0.0,0.0,0.0,0.0,0.0,0.0
MAR07025,0.0,0.0,0.0,0.0,0.0,0.0,0.0
MAR07026,0.0,0.0,0.0,0.0,0.0,0.0,0.0
MAR07029,0.0,0.0,0.0,0.0,0.0,0.0,0.0
MAR07030,0.0,0.0,0.0,0.0,0.0,0.0,0.0
MAR07031,0.0,0.0,0.0,0.0,0.0,0.0,0.0
MAR07032,0.0,0.0,0.0,0.0,0.0,0.0,0.0
MAR07033,0.0,0.0,0.0,0.0,0.0,0.0,0.0
MAR07034,0.0,0.0,0.0,0.0,0.0,0.0,0.0
MAR07036,0.0,0.0,0.0,0.0,0.0,0.0,0.0
MAR07038,0.0,0.0,0.0,0.0,0.0,0.0,0.0
MAR07039,0.0,0.0,0.0,0.0,0.0,0.0,0.0
MAR07040,0.0,0.0,0.0,0.0,0.0,0.0,0.0
MAR07041,0.0,0.0,0.0,0.0,0.0,0.0,0.0
MAR07042,0.0,0.0,0.0,0.0,0.0,0.0,0.0
MAR07043,0.0,0.0,0.0,0.0,0.0,0.0,0.0
MAR07044,0.0,0.0,0.0,0.0,0.0,0.0,0.0
MAR07045,0.0,0.0,0.0,0.0,0.0,0.0,0.0
MAR07046,0.0,0.0,0.0,0.0,0.0,0.0,0.0
MAR07048,0.0,0.0,0.0,0.0,0.0,0.0,0.0
MAR07049,0.0,0.0,0.0,0.0,0.0,0.0,0.0
MAR07050,0.0,0.0,0.0,0.0,0.0,0.0,0.0
MAR07052,0.0,0.0,0.0,0.0,0.0,0.0,0.0
MAR07053,0.0,0.0,0.0,0.0,0.0,0.0,0.0
MAR07054,0.0,0.0,0.0,0.0,0.0,0.0,0.0
MAR07055,0.0,0.0,0.0,0.0,0.0,0.0,0.0
MAR07056,0.0,0.0,0.0,0.0,0.0,0.0,0.0
MAR07057,0.0,0.0,0.0,0.0,0.0,0.0,0.0
MAR07058,0.0,0.0,0.0,0.0,0.0,0.0,0.0
MAR07059,0.0,0.0,0.0,0.0,0.0,0.0,0.0
MAR07060,0.0,0.0,0.0,0.0,0.0,0.0,0.0
MAR07062,0.0,0.0,0.0,0.0,0.0,0.0,0.0
MAR07065,0.0,0.0,0.0,0.0,0.0,0.0,0.0
MAR07066,0.0,0.0,0.0,0.0,0.0,0.0,0.0
MAR07067,0.0,0.0,0.0,0.0,0.0,0.0,0.0
MAR07068,0.0,0.0,0.0,0.0,0.0,0.0,0.0
MAR07069,0.0,0.0,0.0,0.0,0.0,0.0,0.0
MAR07078,0.0,0.0,0.0,0.0,0.0,0.0,0.0
MAR07079,0.0,0.0,0.0,0.0,0.0,0.0,0.0
MAR07080,0.0,0.0,0.0,0.0,0.0,0.0,0.0
MAR07081,0.0,0.0,0.0,0.0,0.0,0.0,0.0
MAR07082,0.0,0.0,0.0,0.0,0.0,0.0,0.0
MAR07083,0.0,0.0,0.0,0.0,0.0,0.0,0.0
MAR07084,0.0,0.0,0.0,0.0,0.0,0.0,0.0
MAR07085,0.0,0.0,0.0,0.0,0.0,0.0,0.0
MAR07086,0.0,0.0,0.0,0.0,0.0,0.0,0.0
MAR07087,0.0,0.0,0.0,0.0,0.0,0.0,0.0
MAR07088,0.0,0.0,0.0,0.0,0.0,0.0,0.0
MAR07089,0.0,0.0,0.0,0.0,0.0,0.0,0.0
MAR07090,0.0,0.0,0.0,0.0,0.0,0.0,0.0
MAR07099,0.0,0.0,0.0,0.0,0.0,0.0,0.0
MAR07100,-7.204322071566696e-17,8.603984215673744e-17,-2.7474201100514254e-16,-2.4235571941838054e-16,-3.900946519827001e-17,2.799336461543097e-17,4.3289560815902357e-17
MAR07103,0.0,0.0,0.0,0.0,0.0,0.0,0.0
MAR07104,0.0,0.0,0.0,0.0,0.0,0.0,0.0
MAR07106,0.0,0.0,0.0,0.0,0.0,0.0,0.0
MAR07108,0.0,0.0,0.0,0.0,0.0,0.0,0.0
MAR07109,0.0,0.0,0.0,0.0,0.0,0.0,0.0
MAR07110,-17.211218295285136,14.216282150349118,-53.071818213202945,-43.95574203124549,-12.981479151672783,-0.2723141387006655,-0.021430395959486405
MAR07111,17.211218295285136,14.216282150349118,0.021430395959486405,0.2723141387006655,12.981479151672783,43.955742031245464,53.071818213202945
MAR07112,-16.478951337696188,12.18659534422322,-59.299923419431515,-36.92727456611641,-15.379121167361546,-0.3295023413809027,-0.04270191504852757
MAR07113,16.478951337696188,12.18659534422322,0.04270191504852757,0.32950234138090234,15.379121167361546,36.927274566116395,59.299923419431515
MAR07114,0.0,0.0,0.0,0.0,0.0,0.0,0.0
MAR07115,0.0,0.0,0.0,0.0,0.0,0.0,0.0
MAR07116,0.0,0.0,0.0,0.0,0.0,0.0,0.0
MAR07117,0.0,0.0,0.0,0.0,0.0,0.0,0.0
MAR07118,0.0,0.0,0.0,0.0,0.0,0.0,0.0
MAR07119,0.0,0.0,0.0,0.0,0.0,0.0,0.0
MAR07120,0.0,0.0,0.0,0.0,0.0,0.0,0.0
MAR07121,0.0,0.0,0.0,0.0,0.0,0.0,0.0
MAR07122,0.0,0.0,0.0,0.0,0.0,0.0,0.0
MAR07123,0.0,0.0,0.0,0.0,0.0,0.0,0.0
MAR07124,0.0,0.0,0.0,0.0,0.0,0.0,0.0
MAR07125,0.0,0.0,0.0,0.0,0.0,0.0,0.0
MAR07126,0.0,0.0,0.0,0.0,0.0,0.0,0.0
MAR07127,0.0,0.0,0.0,0.0,0.0,0.0,0.0
MAR07137,0.0,0.0,0.0,0.0,0.0,0.0,0.0
MAR07155,41.795762125866645,148.12060485814024,-495.5152001847859,-115.31270422460072,19.081234360766416,478.2545680127864,482.08415335038177
MAR07160,3.0034570272090275,0.006128282662882468,2.9998704778110405,2.9999442203586995,3.001585734090257,3.011422385188889,3.0536298076963293
MAR07161,12.643766661359281,0.025798463344844584,12.628668228687674,12.628978665480025,12.635889007930412,12.677298730158455,12.854980913298371
MAR07178,0.0,0.0,0.0,0.0,0.0,0.0,0.0
MAR07190,0.0,0.0,0.0,0.0,0.0,0.0,0.0
MAR07196,1.1312686882263082e-13,6.396956292428969e-14,1.6542373529242956e-16,2.322502536580992e-15,1.216328823913792e-13,2.112837617039925e-13,2.400557543635197e-13
MAR07253,-106.29914734436109,262.51052880985003,-328.99648957806596,-263.8417582485799,-172.41026857889455,950.6630537451164,958.2823670227233
MAR07264,0.0,0.0,0.0,0.0,0.0,0.0,0.0
MAR07265,-2.1975347478670167e-15,7.696565136886105e-15,-1.9334963476518022e-14,-1.681062921143214e-14,1.7993855579151494e-16,6.175802120310671e-15,1.4536841082128288e-14
MAR07266,-1.0718834027755031e-15,7.0681500583409485e-15,-1.8966675419422477e-14,-1.4332244720373753e-14,4.618878278312642e-16,6.726433788459854e-15,1.468987684270822e-14
MAR07267,1.7667764920986101e-15,6.959509488004564e-15,-1.544412365035698e-14,-1.2936073473793028e-14,2.3145345219295287e-15,1.0743548047785625e-14,1.381233805911363e-14
MAR07268,1.7677571516670553e-15,6.959818882928581e-15,-1.544314793066538e-14,-1.2935840930957512e-14,2.3149342402155254e-15,1.0744895215654497e-14,1.3812532951206607e-14
MAR07269,1.5982522874379792e-15,7.071194976813346e-15,-1.6418306240278597e-14,-1.3061245143252082e-14,2.0862825258867625e-15,1.0223059450300066e-14,1.3812780415318317e-14
MAR07270,1.5799420684482369e-15,7.067025112107985e-15,-1.64135798872778e-14,-1.3049996096821571e-14,2.080004074969587e-15,1.014383632576192e-14,1.3850464546973553e-14
MAR07273,8.704459946772997e-16,7.575603498912538e-16,-4.4026094785910285e-16,-1.9280185153584085e-16,9.101904896989417e-16,1.8393218742455592e-15,2.053320837059477e-15
MAR07284,0.0,0.0,0.0,0.0,0.0,0.0,0.0
MAR07374,0.0,0.0,0.0,0.0,0.0,0.0,0.0
MAR07375,0.0,0.0,0.0,0.0,0.0,0.0,0.0
MAR07376,0.0,0.0,0.0,0.0,0.0,0.0,0.0
MAR07377,0.0,0.0,0.0,0.0,0.0,0.0,0.0
MAR07378,0.0,0.0,0.0,0.0,0.0,0.0,0.0
MAR07379,1.1458945248634673e-14,9.353359718807773e-15,-1.740038659158819e-14,-1.6888049635349468e-14,1.3223730038685095e-14,2.255685365010143e-14,2.608050394017466e-14
MAR07380,1.1502913554629967e-14,9.379019519014684e-15,-1.7399865033753963e-14,-1.6890595546028748e-14,1.322572990621466e-14,2.2633989518071874e-14,2.622644590396864e-14
MAR07381,1.1535419421283123e-14,9.39302760368265e-15,-1.7397780483591844e-14,-1.6887568139611698e-14,1.3266014261095432e-14,2.2682734330690795e-14,2.6276794337518132e-14
MAR07382,0.0,0.0,0.0,0.0,0.0,0.0,0.0
MAR07383,1.0866010430652469e-14,9.155714833150476e-15,-1.743460123154105e-14,-1.689182701740366e-14,1.2466374055106383e-14,2.137659993842516e-14,2.344518350504229e-14
MAR07384,1.1445807416669272e-14,9.345307588785162e-15,-1.7397662505651732e-14,-1.6887436330829945e-14,1.3215912526795617e-14,2.2527332781894254e-14,2.6069976747823358e-14
MAR07385,5.7143502507110534e-15,3.6216362313111855e-15,-1.0082545252081438e-15,4.6419457979933407e-17,5.669525382834552e-15,1.1948074488621365e-14,1.3402231090319903e-14
MAR07386,5.7143502507110534e-15,3.621636231311185e-15,-1.0082545252081438e-15,4.641945797993341e-17,5.669525382834555e-15,1.1948074488621362e-14,1.3402231090319904e-14
MAR07387,5.8162774122673665e-15,6.994968484087493e-15,-1.7309364704518862e-14,-1.70133331470074e-14,7.624298120391061e-15,1.4335784867391526e-14,1.8943121277480478e-14
MAR07388,1.1530627662978406e-14,9.389465043194155e-15,-1.7400121439169374e-14,-1.6889302268914738e-14,1.329439107405951e-14,2.2616464616534952e-14,2.613045034945757e-14
MAR07389,5.7143502507110566e-15,3.621636231311186e-15,-1.008254525208144e-15,4.641945797993339e-17,5.669525382834557e-15,1.1948074488621366e-14,1.3402231090319909e-14
MAR07390,4.0051120247599265e-15,3.1662087939087127e-15,-3.80409412188729e-15,-6.654454391710291e-16,3.856238640529123e-15,9.017567886810926e-15,1.1378751949857259e-14
MAR07391,5.816277412267374e-15,6.994968484087496e-15,-1.7309364704518862e-14,-1.70133331470074e-14,7.62429812039107e-15,1.4335784867391526e-14,1.8943121277480504e-14
MAR07392,9.821389437027331e-15,8.946556947702445e-15,-1.741608810458451e-14,-1.7054637716710414e-14,1.0944857127988894e-14,2.1120179714252424e-14,2.5898710292417757e-14
MAR07393,4.005112024759926e-15,3.16620879390871e-15,-3.804094121887287e-15,-6.654454391710272e-16,3.856238640529124e-15,9.017567886810924e-15,1.1378751949857251e-14
MAR07394,3.607085665071572e-15,3.623503001725564e-15,-5.0193556935348174e-15,-1.5457910350524208e-15,3.234930261016269e-15,1.0357102308671857e-14,1.3316283951534721e-14
MAR07395,5.816277412267374e-15,6.994968484087496e-15,-1.7309364704518862e-14,-1.70133331470074e-14,7.62429812039107e-15,1.4335784867391526e-14,1.8943121277480504e-14
MAR07396,9.42336307733893e-15,8.978300040166505e-15,-1.7340149926097604e-14,-1.6996400234665206e-14,1.0379525788121622e-14,2.097182798008338e-14,2.599680968357752e-14
MAR07397,5.765763734844562e-15,6.993840380822947e-15,-1.7309255158101725e-14,-1.69922505905865e-14,7.631860712667324e-15,1.4261904183770075e-14,1.874805981709727e-14
MAR07398,3.657599342494371e-15,3.677216224215353e-15,-5.002993554275383e-15,-1.5286609086601895e-15,3.298085025255494e-15,1.047883042292973e-14,1.3362629764377592e-14
MAR07399,5.765776284669517e-15,6.993847170192836e-15,-1.730925522921636e-14,-1.6992250906080815e-14,7.631898342216927e-15,1.4261921409475067e-14,1.87480884584431e-14
MAR07400,9.423394211297546e-15,8.978291755806737e-15,-1.7340149376043594e-14,-1.6996399267390495e-14,1.037958318022654e-14,2.0971506537720496e-14,2.5996904428364578e-14
MAR07401,3.607116799030146e-15,3.62348283313025e-15,-5.019199534196985e-15,-1.5456434118529132e-15,3.235015751078374e-15,1.0357115353061993e-14,1.3316293288566956e-14
MAR07402,3.607116799030145e-15,3.62348283313025e-15,-5.0191995341969854e-15,-1.5456434118529136e-15,3.235015751078374e-15,1.035711535306199e-14,1.3316293288566954e-14
MAR07403,5.869238433291772e-15,7.01194450660575e-15,-1.7309139736012902e-14,-1.701352825165814e-14,7.729964112315893e-15,1.4433536029977584e-14,1.8978823625971515e-14
MAR07404,9.476355232321907e-15,8.997638022276774e-15,-1.7339922751298997e-14,-1.699661141077488e-14,1.0396070346374529e-14,2.1072237471929574e-14,2.6032606776855592e-14
MAR07405,3.607116799030146e-15,3.6234828331302495e-15,-5.019199534196988e-15,-1.5456434118529199e-15,3.2350157510783723e-15,1.0357115353061993e-14,1.3316293288566959e-14
MAR07406,6.13910004227989e-16,7.833336830335915e-15,-3.2247792723667946e-14,-7.800521794691758e-15,1.26610823782859e-15,9.998153686577698e-15,1.317499897802987e-14
MAR07407,5.869238433291773e-15,7.011944506605751e-15,-1.7309139736012902e-14,-1.701352825165814e-14,7.729964112315893e-15,1.4433536029977587e-14,1.897882362597152e-14
MAR07408,6.5893337992912955e-15,1.1816385448253141e-14,-3.183928585091966e-14,-1.7325346767264392e-14,1.010756958319782e-14,1.955854525281933e-14,2.4627700322451507e-14
MAR07409,7.20095365999559e-16,7.824724631643907e-15,-3.2245283402155577e-14,-7.396841680117852e-15,1.3940300645300833e-15,9.951426323972e-15,1.3134008535817924e-14
MAR07410,-7.979363389850911e-16,8.04071980701713e-15,-3.31766863215991e-14,-8.940590878135105e-15,-1.5198982069715214e-16,9.24184950136569e-15,1.26082925106209e-14
MAR07411,5.869238433291773e-15,7.011944506605749e-15,-1.7309139736012902e-14,-1.701352825165814e-14,7.729964112315893e-15,1.4433536029977587e-14,1.897882362597152e-14
MAR07412,5.2362429014706784e-15,1.191884601045411e-14,-3.2669671547279767e-14,-1.733658758854648e-14,8.31075641805207e-15,1.9283475467150936e-14,2.474672336921949e-14
MAR07413,-7.808489873920425e-16,7.510015766722922e-15,-3.3117576070120605e-14,-8.254279693339642e-15,2.024702695036157e-16,7.555271997353028e-15,1.2339127664944115e-14
MAR07414,-6.329955318211074e-16,8.061295873540276e-15,-3.307566909851574e-14,-9.973364681328425e-15,8.037539339088744e-17,9.587208254733171e-15,1.2655544987971268e-14
MAR07415,5.8679632706330224e-15,7.010765831616891e-15,-1.730927072815039e-14,-1.70136574084537e-14,7.699997862075968e-15,1.4454607258770072e-14,1.9001896580212075e-14
MAR07416,5.23496773881191e-15,1.191814173584771e-14,-3.2670838158855264e-14,-1.7336711898092314e-14,8.296936127100142e-15,1.9289999801231398e-14,2.4769796323460048e-14
MAR07417,1.5773138990478775e-15,1.0102123948571753e-14,-3.352893270744971e-14,-1.7315827755499778e-14,3.924302434577109e-15,1.1806077151123843e-14,1.752088239305658e-14
MAR07418,3.715192317080626e-15,3.704879156967091e-15,-4.967084497739779e-15,-1.4395210312234238e-15,3.315560606483686e-15,1.0567411320214518e-14,1.3554832804151237e-14
MAR07419,1.484844008000128e-15,1.0040949446912264e-14,-3.350341327646496e-14,-1.7317362023809542e-14,3.7147383353735134e-15,1.2034495838038578e-14,1.773726674868353e-14
MAR07420,5.204133526913645e-15,1.1856597694775349e-14,-3.2642118631280516e-14,-1.7335031730604014e-14,7.996397045873946e-15,1.9494016647036835e-14,2.5084110350389737e-14
MAR07421,-6.638297437193504e-16,7.958622166245439e-15,-3.3046949570941e-14,-9.896505436185822e-15,6.233024830675838e-17,9.37301824874667e-15,1.2999811001649684e-14
MAR07422,-9.077312006828686e-16,7.881066545227074e-15,-3.302629108824901e-14,-9.993367650279978e-15,-3.0763732496473865e-17,8.833932398998326e-15,1.2459653335170802e-14
MAR07423,5.8708806194059644e-15,7.012175513904554e-15,-1.7309310696337557e-14,-1.7013559998499607e-14,7.705153158666921e-15,1.4457080481882113e-14,1.900623199175383e-14
MAR07424,5.207050874265157e-15,1.1857589761187486e-14,-3.2642467587398986e-14,-1.733507037298221e-14,8.003216654568592e-15,1.9494238608421013e-14,2.5088448698015597e-14
MAR07425,4.904547324775142e-15,1.1703648698141317e-14,-3.2619348874391604e-14,-1.7285122918331132e-14,7.626646690198543e-15,1.9076764929923802e-14,2.4728310480692677e-14
MAR07428,0.0,0.0,0.0,0.0,0.0,0.0,0.0
MAR07430,0.0,0.0,0.0,0.0,0.0,0.0,0.0
MAR07432,1.6754187454282141e-34,1.6260820233033895e-34,-6.829387949922206e-36,-4.5082867852773775e-37,1.2349567502512337e-34,4.471402595912181e-34,5.302657754042786e-34
MAR07433,-1.6754187454282141e-34,1.6260820233033895e-34,-5.302657754042786e-34,-4.471402595912181e-34,-1.2349567502512337e-34,4.508286785277356e-37,6.829387949922206e-36
MAR07434,0.0,0.0,0.0,0.0,0.0,0.0,0.0
MAR07436,-1.6754187454282141e-34,1.6260820233033895e-34,-5.302657754042786e-34,-4.471402595912181e-34,-1.2349567502512333e-34,4.508286785277356e-37,6.829387949922206e-36
MAR07454,-5.503304728731674e-14,2.890421396633226e-14,-1.13553229496519e-13,-9.391831881737124e-14,-5.887709832136969e-14,-1.4885921848569562e-15,-3.681895858745019e-16
MAR07455,-5.654727629519689e-14,2.95185746207389e-14,-1.1476650293510886e-13,-9.544813043248626e-14,-6.21219427017634e-14,-1.5646170524099836e-15,-3.883393841454786e-16
MAR07456,-5.653255000836274e-14,2.9510533064970197e-14,-1.1475696225114225e-13,-9.539533713729185e-14,-6.206941155801185e-14,-1.5613453042914776e-15,-3.882842196756306e-16
MAR07457,-5.957904838580987e-14,3.135550274994019e-14,-1.1747037292423195e-13,-1.0069756291336925e-13,-6.865131845246337e-14,-1.573316946080521e-15,-3.8785705465347978e-16
MAR07458,-3.744660265780543e-14,1.9823750314827857e-14,-8.069299141465171e-14,-6.758575032383875e-14,-4.291749606131458e-14,-1.0803093176952174e-15,-5.702765122672506e-17
MAR07459,-1.9430845741216374e-14,1.392765597003245e-14,-4.9704496716366504e-14,-4.437475887764862e-14,-2.0486397031706896e-14,7.857639615508272e-16,9.936255421825013e-15
MAR07460,-3.7446602657805424e-14,1.982375031482785e-14,-8.069299141465174e-14,-6.758575032383872e-14,-4.291749606131459e-14,-1.0803093176952174e-15,-5.702765122672427e-17
MAR07461,-5.687745217532736e-14,2.975680788601111e-14,-1.1507959804257856e-13,-9.609575548887098e-14,-6.282806383582144e-14,-1.553729297515411e-15,-3.880813212180131e-16
MAR07462,-1.9430849517522028e-14,1.3927658670447758e-14,-4.97045048589065e-14,-4.437476703743503e-14,-2.048640535925397e-14,7.857622888009085e-16,9.936252040420074e-15
MAR07463,-3.744660265780543e-14,1.9823750314827853e-14,-8.069299141465174e-14,-6.758575032383875e-14,-4.2917496061314603e-14,-1.0803093176952166e-15,-5.702765122672427e-17
MAR07464,-3.744660265780543e-14,1.9823750314827857e-14,-8.069299141465177e-14,-6.758575032383872e-14,-4.29174960613146e-14,-1.080309317695217e-15,-5.702765122672405e-17
MAR07465,-5.687745217532736e-14,2.975680788601111e-14,-1.1507959804257856e-13,-9.609575548887096e-14,-6.282806383582148e-14,-1.5537292975154122e-15,-3.880813212180131e-16
MAR07466,-5.688875688258471e-14,2.97706058547953e-14,-1.1507821377127947e-13,-9.610942468774038e-14,-6.291157046797896e-14,-1.5632571159860598e-15,-3.888245492637193e-16
MAR07483,0.0,0.0,0.0,0.0,0.0,0.0,0.0
MAR07500,0.0,0.0,0.0,0.0,0.0,0.0,0.0
MAR07501,0.0,0.0,0.0,0.0,0.0,0.0,0.0
MAR07503,0.0,0.0,0.0,0.0,0.0,0.0,0.0
MAR07505,0.0,0.0,0.0,0.0,0.0,0.0,0.0
MAR07506,0.0,0.0,0.0,0.0,0.0,0.0,0.0
MAR07507,0.0,0.0,0.0,0.0,0.0,0.0,0.0
MAR07524,-1.6754187454282141e-34,1.6260820233033895e-34,-5.302657754042786e-34,-4.471402595912181e-34,-1.2349567502512333e-34,4.508286785277356e-37,6.829387949922206e-36
MAR07525,-1.6754187454282141e-34,1.6260820233033895e-34,-5.302657754042786e-34,-4.471402595912181e-34,-1.2349567502512333e-34,4.508286785277356e-37,6.829387949922206e-36
MAR07527,0.0,0.0,0.0,0.0,0.0,0.0,0.0
MAR07529,-1.6754187454282137e-34,1.6260820233033891e-34,-5.302657754042784e-34,-4.4714025959121795e-34,-1.2349567502512337e-34,4.508286785277356e-37,6.829387949922203e-36
MAR07531,0.0,0.0,0.0,0.0,0.0,0.0,0.0
MAR07540,-1.7656176699148255e-32,2.5312580211375997e-32,-1.0938646482823734e-31,-6.444481692735272e-32,-1.536834912523754e-32,2.2105615693925395e-34,6.65765416133006e-32
MAR07541,-1.7656176699148255e-32,2.5312580211375997e-32,-1.0938646482823734e-31,-6.444481692735272e-32,-1.536834912523754e-32,2.2105615693925395e-34,6.65765416133006e-32
MAR07543,1.2775027533665825e-15,1.7434999568614398e-15,-2.359324286133891e-15,-2.4412757384558995e-16,6.694218784769483e-16,5.354906715775842e-15,6.563089713245356e-15
MAR07545,1.2088882662496428e-15,1.7307384144128097e-15,-2.4995732678971756e-15,-3.1871544855452526e-16,5.866569872974175e-16,5.256639435707794e-15,6.554537967781428e-15
MAR07546,1.2088882662496428e-15,1.7307384144128097e-15,-2.4995732678971756e-15,-3.1871544855452496e-16,5.866569872974175e-16,5.256639435707795e-15,6.554537967781428e-15
MAR07548,0.0,0.0,0.0,0.0,0.0,0.0,0.0
MAR07556,0.0,0.0,0.0,0.0,0.0,0.0,0.0
MAR07557,0.0,0.0,0.0,0.0,0.0,0.0,0.0
MAR07559,0.0,0.0,0.0,0.0,0.0,0.0,0.0
MAR07562,0.0,0.0,0.0,0.0,0.0,0.0,0.0
MAR07563,0.0,0.0,0.0,0.0,0.0,0.0,0.0
MAR07567,0.0,0.0,0.0,0.0,0.0,0.0,0.0
MAR07570,282.9601351129066,55.27214635616395,85.35818187221822,170.41801897039656,288.89103736924324,336.7464120621474,478.0227301552703
MAR07571,282.9601351129066,55.27214635616394,85.35818187221822,170.41801897039656,288.8910373692432,336.7464120621473,478.0227301552704
MAR07572,282.96013511290636,55.272146356163915,85.35818187221821,170.41801897039656,288.891037369243,336.74641206214716,478.0227301552704
MAR07573,282.96013511290624,55.272146356163866,85.35818187221821,170.4180189703965,288.8910373692429,336.7464120621467,478.02273015527027
MAR07590,0.0,0.0,0.0,0.0,0.0,0.0,0.0
MAR07591,0.0,0.0,0.0,0.0,0.0,0.0,0.0
MAR07594,0.0,0.0,0.0,0.0,0.0,0.0,0.0
MAR07596,0.0,0.0,0.0,0.0,0.0,0.0,0.0
MAR07597,0.0,0.0,0.0,0.0,0.0,0.0,0.0
MAR07598,0.0,0.0,0.0,0.0,0.0,0.0,0.0
MAR07600,0.0,0.0,0.0,0.0,0.0,0.0,0.0
MAR07602,10.184161362393011,8.37963716439724,0.0002405730675076912,0.1995175332180551,9.444087014074114,27.33699470514341,35.70997782540608
MAR07603,10.184161362393006,8.379637164397238,0.00024057306751053135,0.1995175332180534,9.444087014074114,27.33699470514341,35.70997782540607
MAR07608,-0.8713039433533922,1.2603114670020545,-10.91338968807358,-2.5462119026920123,-0.42086133223651656,-0.023578480200218292,-0.0011554123826339282
MAR07610,0.0,0.0,0.0,0.0,0.0,0.0,0.0
MAR07615,0.0,0.0,0.0,0.0,0.0,0.0,0.0
MAR07638,552.1394936855952,181.1315830746767,16.603759156195668,21.216544015920753,570.4032616535102,853.9627250264473,989.9843677552292
MAR07648,5.289504325489551e-15,8.014975064691114e-15,-1.53238172224661e-14,-4.44489689190402e-15,4.1570892226142346e-15,2.0760779931847555e-14,2.6620577599187345e-14
MAR07649,-3.607753388534051e-15,6.110842630735264e-15,-1.9049812009948824e-14,-1.3582449675623265e-14,-3.0742797568757333e-15,4.695618720331123e-15,1.5714853166803654e-14
MAR07651,-5.5781353303074495e-15,6.576818561198588e-15,-1.924382149087575e-14,-1.6087257644065223e-14,-6.091657330534957e-15,3.973357185035611e-15,1.6453203804492556e-14
MAR07658,2.698754282340528,2.695544901277328,0.009664401914162738,0.06826930718961784,1.5651952117256922,8.186547323497035,10.808438054457548
MAR07676,0.0,0.0,0.0,0.0,0.0,0.0,0.0
MAR07690,0.0,0.0,0.0,0.0,0.0,0.0,0.0
MAR07702,-696.672610997381,108.68297580884513,-994.1946353776126,-990.5234489441997,-674.0954159338826,-544.3345034199981,-486.61306478402764
MAR07707,299.71967210786477,192.02638277918558,22.05293101632532,151.35260896686552,241.36675403843753,968.9882117500534,973.301686892315
MAR07708,396.952938889521,142.59766320320435,18.319431897645213,23.186307497992072,413.09735865320283,522.0968418059334,953.5334312693406
MAR07709,0.0,0.0,0.0,0.0,0.0,0.0,0.0
MAR07723,4.075949910685372,0.008316607478036768,4.071082654198984,4.071182729187683,4.073410404725587,4.086759587618481,4.144038695806475
MAR07751,186.33064774830007,92.20187733596583,8.326966816379256,12.334880941982751,183.3088972113507,293.75461843975154,634.1998701164545
MAR07762,523.3912444124475,168.71226326015216,16.364131608980777,20.022546505357806,541.6585226307099,827.820668378618,955.0905063425203
MAR07764,-60.14217530468939,28.1219622651591,-125.74673011318465,-99.14276699535061,-63.28123540079086,-2.026699505985003,-0.09424644581504835
MAR07766,-58.05305855326401,58.4252540420374,-289.2453612205928,-178.2504653318413,-37.689135923879235,-2.6027763188438224,-0.24318193074793726
MAR07768,58.05305855326402,58.425254042037636,0.24318193074827196,2.6027763188433264,37.689135923877906,178.25046533183928,289.24536122059527
MAR07770,-3.6649870760002037e-13,6.014270457719224e-13,-1.3469147563876616e-12,-1.1433857332147702e-12,-4.474149605113819e-13,4.557057221409395e-13,1.524445647710267e-12
MAR07777,18.88323744858554,37.2952088573415,0.0736029951753857,0.7723598731369233,7.96998347643474,60.05260373972166,263.4659110019387
MAR07778,416.37526242106395,146.0419817652691,14.679970096961062,20.192308249759904,426.50848342267335,557.9250323676725,996.3236171092943
MAR07779,18.88323744858538,37.29520885734153,0.07360299517457433,0.7723598731369163,7.969983476434086,60.05260373972168,263.4659110019387
MAR07780,416.37526242106446,146.04198176526927,14.67997009696104,20.19230824975991,426.50848342267454,557.9250323676735,996.3236171092952
MAR07781,514.0101438803039,156.65328506262128,47.419874792276325,132.92798869125258,547.5280181384221,654.4494540740096,866.8526260601362
MAR07786,2.275877999044696,0.004643723402084862,2.2731602811640115,2.273216159786301,2.274460021427497,2.281913771428571,2.3138965643937803
MAR07789,0.0,0.0,0.0,0.0,0.0,0.0,0.0
MAR07791,0.0,0.0,0.0,0.0,0.0,0.0,0.0
MAR07792,4.298880664862161,0.008771477537254081,4.293747197753739,4.293852746263293,4.296202262696326,4.3102815682538695,4.37069351052143
MAR07793,3.3508374908564283e-34,3.252164046606779e-34,-1.3658775899844412e-35,-9.016573570554755e-37,2.4699135005024675e-34,8.942805191824362e-34,1.0605315508085572e-33
MAR07794,30.071087652344698,14.06098113257955,0.047123222907523826,1.0133497529925009,31.640617700395428,49.571383497675306,62.87336505659231
MAR07796,2.275877999044793,0.004643723402060521,2.273160281163639,2.273216159787088,2.2744600214275694,2.2819137714286635,2.3138965643938265
MAR07797,-2.573850989972732e-18,7.076198070422171e-18,-2.7728156203058633e-17,-1.5162478044637353e-17,-1.8643243374734942e-19,5.264768939993085e-18,5.39421726259849e-18
MAR07798,0.0,0.0,0.0,0.0,0.0,0.0,0.0
MAR07800,-167.38864715460195,209.41068425961984,-921.3112686456736,-916.821853476882,-84.8646775461539,-4.0427512138676,15.986251969950786
MAR07801,87.5836907457908,282.4122519531494,-975.7242088341462,-255.33341124342692,90.87304061682786,951.3682469129903,963.5550066015446
MAR07804,-121.55181183065973,300.54649034930713,-992.5726612228941,-416.3587039850254,-139.5663738683139,948.9632490159034,958.8335590574972
MAR07806,121.55181183066178,300.5464903493076,-958.8335590574973,-948.9632490159032,139.56637386831653,416.35870398502624,992.5726612228937
MAR07819,383.2396164052756,211.14788685256013,-365.63895769649935,38.33648143556828,405.8523679261342,882.6508686434271,888.4813009647067
MAR07824,-122.15250323610152,300.54665940955664,-993.1726353184563,-416.959776647011,-140.16702193574122,948.3632198521626,958.2334585310984
MAR07855,0.0,0.0,0.0,0.0,0.0,0.0,0.0
MAR07856,2.0297234623470148e-13,1.2018236654057133e-13,2.043538270502296e-15,3.2893381077690224e-14,1.948478387129502e-13,6.339672058479942e-13,6.374702560283379e-13
MAR07857,0.9010371081625218,0.001838484798874276,0.8999611433433121,0.8999832661070168,0.9004757202269172,0.9034267155564881,0.9160889423086828
MAR07860,0.6006914054418119,0.0012256565325764021,0.5999740955622082,0.5999888440717406,0.6003171468180489,0.6022844770377818,0.6107259615392704
MAR07861,0.9010371081626276,0.0018384847988650826,0.8999611433432269,0.8999832661075238,0.900475720226989,0.9034267155565768,0.9160889423087969
MAR07862,0.6006914054417843,0.0012256565325765795,0.5999740955622078,0.5999888440716677,0.600317146818032,0.6022844770377532,0.610725961539247
MAR07863,16.72633244687306,52.37309681424075,-97.63811851704233,-59.151358038118914,11.72250670720858,102.1209612291563,194.8889592830389
MAR07866,413.1229477540797,155.42100635824642,14.582156316575833,20.46525300100695,420.6359495141526,588.2103899938538,996.2989547359936
MAR07867,-258.05099895659356,193.6815641137475,-983.4290743449316,-787.4827601799446,-212.76803101419034,-19.253525784832718,-11.850566705389127
MAR07868,236.7715663433322,188.03188267487477,3.0351964696742995,55.786336307610654,202.70404798898164,966.5672615001339,970.8979257027133
MAR07869,-502.54411872202826,185.93205777980705,-994.8776649041786,-683.3409575931822,-547.0112367420213,-18.669780861689905,-7.024416871196877
MAR07870,-285.87545459738203,188.90719093857814,-974.8391841230041,-968.6387696159691,-273.8941756680424,-54.31257283701085,-3.1134159599614577
MAR07871,179.57633238905726,305.514593598896,-958.0083585609053,-949.4215728338953,234.12280171768236,391.5864613423732,993.217097936445
MAR07872,-7.909725869915975e-15,7.349191436767903e-15,-2.2314612182569873e-14,-2.0528538193120906e-14,-8.13602358058188e-15,8.454253086793599e-16,1.0999755472234088e-14
MAR07873,265.9683796871571,196.97551829066754,-9.02244074370261,30.482617358416302,232.34291523552503,967.1968441179539,974.0930642252839
MAR07874,33.942201171054,32.55103253720198,-56.18076916288068,-13.480093493402512,31.731550550564066,88.23641450957099,105.64926664933296
MAR07876,-397.96126067108156,160.15022567291092,-996.2533423946815,-576.6097830483603,-392.0254202688761,-18.398587985612483,-11.42386745426245
MAR07877,0.0,0.0,0.0,0.0,0.0,0.0,0.0
MAR07878,0.0,0.0,0.0,0.0,0.0,0.0,0.0
MAR07883,0.0,0.0,0.0,0.0,0.0,0.0,0.0
MAR07886,-457.5123210357095,159.3677055931426,-996.3594408542571,-604.4509198422795,-481.4390565159531,-26.12965458625101,-20.64117492858861
MAR07890,-0.6006914054418705,0.0012256565325811976,-0.6107259615393154,-0.6022844770378284,-0.6003171468181371,-0.5999888440716039,-0.5999740955622209
MAR07895,0.0,0.0,0.0,0.0,0.0,0.0,0.0
MAR07897,0.0,0.0,0.0,0.0,0.0,0.0,0.0
MAR07920,38.475023601742826,21.704412454454907,3.3609724514724917,12.72657971153722,35.47904966137558,115.91712727175143,116.5850352012028
MAR07921,38.4750236017428,21.704412454454907,3.3609724514724917,12.726579711537182,35.47904966137557,115.91712727175141,116.58503520120279
MAR07922,38.47502360174281,21.704412454454907,3.360972451472491,12.726579711537196,35.47904966137556,115.91712727175141,116.58503520120279
MAR07942,328.04366969943703,199.16800225759266,-93.54747257676775,31.274041149536284,315.98636169816416,973.8264256978463,980.3729993806223
MAR07943,-222.18895260434184,135.31009699274654,-905.2071727811227,-351.2402701765616,-227.13601838208666,-11.099985090902079,-0.5241826788825392
MAR07946,0.0,0.0,0.0,0.0,0.0,0.0,0.0
MAR07951,0.0,0.0,0.0,0.0,0.0,0.0,0.0
MAR07955,2.555717547128442e-15,2.7616873937333803e-15,-2.9436781479205272e-15,-2.2866306932738316e-15,2.320599002116278e-15,7.509962954445087e-15,7.763516396010365e-15
MAR07962,8.569025087074071e-15,2.2458861856589864e-14,-3.0713585746696934e-14,-1.6285660247368688e-14,1.5871618393967971e-15,3.776808378408673e-14,1.1882985281723805e-13
MAR07963,-8.191405617098229e-15,2.2406593248014174e-14,-1.1886293609518866e-13,-3.706874627273231e-14,-1.0770554725492283e-15,1.6269642621460646e-14,3.090040870632818e-14
MAR07964,0.0,0.0,0.0,0.0,0.0,0.0,0.0
MAR07968,204.96059873056686,136.6429564111531,0.4932933495025286,10.725260094251238,211.40250070947076,325.9480223516706,904.6730028339044
MAR07969,-46.1233302891338,311.8987878376236,-921.7595438797913,-297.0085096053464,-108.56634926315786,954.285419466908,960.2604728844178
MAR07975,0.0,0.0,0.0,0.0,0.0,0.0,0.0
MAR07988,0.0,0.0,0.0,0.0,0.0,0.0,0.0
MAR07993,0.0,0.0,0.0,0.0,0.0,0.0,0.0
MAR08009,0.0023217735221570763,4.737369069728517e-06,0.0023190009985775257,0.0023190580040525583,0.0023203269494989722,0.0023279310123707356,0.002360558772691093
MAR08010,-0.006965320566471212,1.4212107209185183e-05,-0.007081676318073285,-0.006983793037112222,-0.00696098084849689,-0.006957174012157685,-0.006957002995732568
MAR08011,0.0,0.0,0.0,0.0,0.0,0.0,0.0
MAR08014,0.0,0.0,0.0,0.0,0.0,0.0,0.0
MAR08020,0.0,0.0,0.0,0.0,0.0,0.0,0.0
MAR08021,0.0,0.0,0.0,0.0,0.0,0.0,0.0
MAR08023,0.0,0.0,0.0,0.0,0.0,0.0,0.0
MAR08034,0.0,0.0,0.0,0.0,0.0,0.0,0.0
MAR08036,280.9030045191465,183.19068867465802,0.49329623107162884,59.07805981877519,258.1993348747029,968.143961610236,972.6697017773289
MAR08039,0.0,0.0,0.0,0.0,0.0,0.0,0.0
MAR08040,0.0,0.0,0.0,0.0,0.0,0.0,0.0
MAR08042,-25.626637505044993,24.77978692621055,-102.8755034294486,-83.07640855576234,-17.818671281820343,-1.24611749798569,-0.003604698741041922
MAR08043,25.626637505044986,24.779786926210555,0.003604698741045179,1.2461174979856826,17.818671281820343,83.07640855576228,102.87550342944863
MAR08044,25.626637505044993,24.77978692621055,0.003604698741041922,1.2461174979856864,17.818671281820343,83.0764085557623,102.8755034294486
MAR08045,0.0,0.0,0.0,0.0,0.0,0.0,0.0
MAR08046,0.0,0.0,0.0,0.0,0.0,0.0,0.0
MAR08048,0.0,0.0,0.0,0.0,0.0,0.0,0.0
MAR08049,0.0,0.0,0.0,0.0,0.0,0.0,0.0
MAR08054,0.0,0.0,0.0,0.0,0.0,0.0,0.0
MAR08055,0.0,0.0,0.0,0.0,0.0,0.0,0.0
MAR08066,0.0,0.0,0.0,0.0,0.0,0.0,0.0
MAR08067,0.0,0.0,0.0,0.0,0.0,0.0,0.0
MAR08068,0.0,0.0,0.0,0.0,0.0,0.0,0.0
MAR08069,0.0,0.0,0.0,0.0,0.0,0.0,0.0
MAR08075,592.3636648153592,148.0678519998231,341.1076952504411,415.20473282041223,562.021672178946,974.148161789118,982.1344111510309
MAR08076,36.77007973223312,24.445412548891937,0.042782103393776603,2.71626832575212,36.975118901813744,74.60383535540392,108.97065073961406
MAR08077,55.783870314711535,43.50091772775816,0.3113150005882117,9.0880431882891,44.78881263346382,147.9378610968943,212.55846416789558
MAR08080,-2.160421419170502e-15,3.931430482518836e-15,-1.453060043142959e-14,-1.0613027831776454e-14,-1.014477217389623e-15,2.3845397709114968e-15,8.412421462544566e-15
MAR08091,0.0,0.0,0.0,0.0,0.0,0.0,0.0
MAR08092,0.0,0.0,0.0,0.0,0.0,0.0,0.0
MAR08093,144.13498250196952,122.95877913622584,0.1570050435993099,3.9384485078554117,143.08965857864825,212.23638045497086,930.2672915688684
MAR08098,0.0,0.0,0.0,0.0,0.0,0.0,0.0
MAR08099,0.0,0.0,0.0,0.0,0.0,0.0,0.0
MAR08102,0.0,0.0,0.0,0.0,0.0,0.0,0.0
MAR08104,-7.616562390698193,7.028541018627743,-26.882077090853397,-20.86139254379622,-4.951220273325166,-0.1946683804519844,-0.0036471836272148725
MAR08129,0.0,0.0,0.0,0.0,0.0,0.0,0.0
MAR08132,26.312441313132265,21.785104653370382,0.060116187346047276,0.9618174754668412,22.59166268696187,50.590279581162804,122.85579146263568
MAR08135,0.0,0.0,0.0,0.0,0.0,0.0,0.0
MAR08137,27.090672831879957,22.242545683517502,0.06399768248555499,1.0875996470148452,22.925103497607,49.247772465800054,122.6583418406087
MAR08139,0.0,0.0,0.0,0.0,0.0,0.0,0.0
MAR08141,27.090672831879942,22.242545683517488,0.06399768248555263,1.0875996470148455,22.925103497606965,49.24777246580005,122.65834184060861
MAR08143,0.0,0.0,0.0,0.0,0.0,0.0,0.0
MAR08144,655.5743642293925,130.40111052773537,446.4255689250447,502.5273419652627,624.9668744539186,982.3380798086794,995.2910158202579
MAR08202,9.098189946938699e-14,6.09468584582615e-14,-9.109653655273836e-16,8.120377147407747e-16,8.843500455711143e-14,2.1858301457837988e-13,2.4262571160524634e-13
MAR08203,-3.0669378587156747e-14,2.253270171305903e-14,-7.628740689241365e-14,-6.677350089272703e-14,-3.1401311979902375e-14,7.900064586639228e-16,1.631183607161191e-14
MAR08219,712.2234771797766,197.84344637434253,22.725570995185656,27.817938522042596,754.7306439957918,905.3541024115144,995.6237112296334
MAR08234,0.0,0.0,0.0,0.0,0.0,0.0,0.0
MAR08238,0.0,0.0,0.0,0.0,0.0,0.0,0.0
MAR08240,490.62120483557715,176.60062141302288,14.627850216864148,138.14570857661732,494.7844430805904,976.8391755294366,983.213476272055
MAR08259,-148.02793139670467,296.2777997433465,-993.1840115103255,-406.42660076742095,-185.65684496722636,950.0105969396207,959.4456314673048
MAR08274,0.9010371081628114,0.0018384847988641244,0.8999611433434063,0.8999832661077029,0.9004757202271967,0.9034267155567716,0.9160889423089874
MAR08301,-0.9010371081627194,0.0018384847988619525,-0.9160889423088817,-0.9034267155566704,-0.9004757202270963,-0.8999832661076304,-0.8999611433433078
MAR08340,0.0,0.0,0.0,0.0,0.0,0.0,0.0
MAR08341,0.0,0.0,0.0,0.0,0.0,0.0,0.0
MAR08345,-115.93206855437599,54.23067772446471,-286.55820537564585,-205.96268480103168,-112.22061724835359,-7.903421622441814,-3.0921333400382736
MAR08349,115.93206855437582,54.230677724464684,3.092133340038272,7.903421622441813,112.22061724835282,205.9626848010314,286.55820537564585
MAR08350,-115.93206855437599,54.23067772446474,-286.55820537564585,-205.96268480103174,-112.22061724835356,-7.9034216224418135,-3.0921333400382736
MAR08353,0.0,0.0,0.0,0.0,0.0,0.0,0.0
MAR08356,212.8837781168393,89.34679146249472,0.3392824357413528,9.570457017517422,211.71152107057964,379.1016534227664,441.52771955222113
MAR08357,212.8837781168393,89.34679146249474,0.3392824357413528,9.570457017517422,211.71152107057964,379.1016534227665,441.52771955222113
MAR08358,0.0,0.0,0.0,0.0,0.0,0.0,0.0
MAR08364,0.0,0.0,0.0,0.0,0.0,0.0,0.0
MAR08366,-1.6754187454282141e-34,1.6260820233033895e-34,-5.302657754042786e-34,-4.471402595912181e-34,-1.2349567502512333e-34,4.508286785277356e-37,6.829387949922206e-36
MAR08368,-1.6754187454282148e-34,1.6260820233033902e-34,-5.302657754042788e-34,-4.471402595912183e-34,-1.2349567502512346e-34,4.508286785277369e-37,6.829387949922208e-36
MAR08370,-8.667510091365126e-14,5.713757042042645e-14,-2.36216202994076e-13,-2.0495034788356066e-13,-8.524191812144903e-14,-9.655544420209065e-16,3.422544115935806e-16
MAR08373,565.9202702258112,110.54429271232786,170.71636374443645,340.83603794079244,577.7820747384868,673.4928241242878,956.0454603105405
MAR08386,0.0,0.0,0.0,0.0,0.0,0.0,0.0
MAR08408,-825.9854651571277,96.75662911843901,-999.0316587695838,-994.3549523000665,-811.177622881213,-690.5904438415544,-642.7637954590915
MAR08410,120.42582044546717,81.16857751720013,1.8786867000194536,40.15156113448437,101.61947935703179,363.2989579555917,453.7375617822846
MAR08411,240.85164089093448,162.33715503440033,3.7573734000389223,80.30312226896872,203.23895871406262,726.5979159111837,907.4751235645695
MAR08421,756.2778494547146,183.71102927716876,27.938464502309156,32.091465340164625,782.3004317200935,925.9466355084721,997.3583565166235
MAR08422,0.0,0.0,0.0,0.0,0.0,0.0,0.0
MAR08425,-850.4599263413118,59.73620376539454,-997.7685622527209,-966.7143840013846,-847.8774581491348,-735.8204164046637,-687.2177024842338
MAR08433,7.288301835560653e-15,1.2803964861784152e-14,-1.5950792442345656e-14,-1.1710585828701735e-14,4.20335458504248e-15,3.2235668316934115e-14,3.8077171134203994e-14
MAR08434,9.010886885125337e-15,1.2628237795171587e-14,-1.681413230150198e-14,-9.083441887587254e-15,5.981240766534584e-15,3.362612089957899e-14,3.991210551295484e-14
MAR08440,0.0,0.0,0.0,0.0,0.0,0.0,0.0
MAR08441,0.0,0.0,0.0,0.0,0.0,0.0,0.0
MAR08445,4.075949910685372,0.008316607478036316,4.071082654198985,4.071182729187684,4.07341040472559,4.086759587618477,4.144038695806472
MAR08448,269.46537895347626,153.0553172976782,9.78700133724876,14.939692335539903,262.16549334584283,534.9538629832541,993.4416806716647
MAR08450,-712.9882506762575,198.05975897928963,-999.3952116465696,-988.1406958793992,-744.9855793236391,-81.50808641912096,56.92842156949928
MAR08451,-33.942201171052425,32.5510325372009,-105.6492666493258,-88.23641450957126,-31.731550550565146,13.480093493401002,56.18076916287873
MAR08454,386.7260580614705,174.7373784088375,13.25322252797609,17.751786639151153,376.2234505840664,818.9517257109837,989.2584038071266
MAR08455,425.30540357654195,153.59503490129222,13.533209068153559,20.498185151789006,452.4647265595707,559.2323635492138,996.2982572440214
MAR08456,563.2394906911302,189.79516022632993,16.50108698731531,22.916762911663714,616.4510359437357,720.0798358681021,997.724328208888
MAR08457,-413.12294775407867,155.42100635824613,-996.2989547359934,-588.2103899938563,-420.63594951415155,-20.46525300101035,-14.582156316577821
MAR08458,130.5534974219105,302.95208272894376,-959.5277907717782,-949.6439193239894,147.138045284963,403.4095294620821,993.1389732563185
MAR08459,267.4077632491727,182.8292099134173,3.114369138363145,51.833002491442706,243.76875816757132,967.5720135741218,971.4974447019961
MAR08460,167.71836486898175,305.0793679218593,-957.1398565740006,-948.2835549268685,206.22199791944655,408.9843829998408,993.2077879820138
MAR08461,-315.5719539730549,332.9061930147563,-994.6504425315449,-579.0303814349124,-374.4167949564543,943.9966522125751,953.7311149991439
MAR08462,-413.3663827695649,156.5383629459214,-996.2888524794304,-567.6330262171437,-432.7535242769217,-19.61399424840113,-11.38545433797073
MAR08463,-40.65419520965557,282.2208445675604,-986.6798943430125,-290.8883878823623,-65.58670730750183,951.6722075869686,960.072947919851
MAR08464,176.5948164262315,307.5097536318266,-957.9697910810511,-947.6918110465167,220.60305877023978,414.1747814203242,993.2536560097559
MAR08466,-167.71836486898414,305.0793679218604,-993.2077879820146,-408.9843829998401,-206.2219979194467,948.2835549268683,957.1398565740035
MAR08467,-254.2767194473385,163.50103476767083,-988.431816241901,-480.69397406787937,-232.35223028173257,116.13150498668494,122.92534114028025
MAR08469,-223.78728742279662,223.39514819183321,-976.283628933899,-966.551042441836,-160.59041568624872,-41.6943247539873,3.2657616931917346
MAR08470,-139.4299489791605,304.2977888582619,-993.1848412840601,-402.04439188104675,-165.27405281741198,949.0521754436355,960.0889149299677
MAR08471,-179.5763323890559,305.5145935988959,-993.2170979364449,-391.58646134237347,-234.12280171768109,949.4215728338961,958.0083585609054
MAR08474,13.808870907764467,14.369927512070541,0.00506227402186113,0.30952277131001826,9.595277420774579,48.32850994392248,66.68446704547407
MAR08481,-5.128003537912751,0.010463227837744341,-5.213666889681912,-5.1416033275988395,-5.1248085537173615,-5.122005887274218,-5.121879981678721
MAR08485,-1.6754187454282141e-34,1.6260820233033895e-34,-5.302657754042786e-34,-4.471402595912181e-34,-1.2349567502512333e-34,4.508286785277356e-37,6.829387949922206e-36
MAR08486,-3.1475368992208114e-14,2.8729060657135056e-14,-9.76220494048272e-14,-7.15984172784345e-14,-2.971027335948499e-14,1.3255857824185118e-14,6.439180331698345e-14
MAR08487,0.0,0.0,0.0,0.0,0.0,0.0,0.0
MAR08498,0.0,0.0,0.0,0.0,0.0,0.0,0.0
MAR08499,0.0,0.0,0.0,0.0,0.0,0.0,0.0
MAR08502,0.0,0.0,0.0,0.0,0.0,0.0,0.0
MAR08503,0.0,0.0,0.0,0.0,0.0,0.0,0.0
MAR08504,3.1496961788542884e-17,8.431965804586187e-16,-1.095535638307054e-15,-1.056173863463339e-15,-1.0953125764666673e-17,1.8392949094483885e-15,2.680033887072667e-15
MAR08505,-1.1619184453014334e-31,1.1928542526594122e-31,-3.0543551838110217e-31,-3.034051208938e-31,-8.530800040829952e-32,6.134554208935388e-33,9.611051805901225e-32
MAR08506,0.0,0.0,0.0,0.0,0.0,0.0,0.0
MAR08507,5.95493860463265,5.390905619246348,0.007839487838502315,0.13931016241187807,3.9922826528679067,16.337801914942307,28.22362723604808
MAR08508,-6.114116206117002e-32,6.276903122773335e-32,-1.6072283389675995e-31,-1.596544210290434e-31,-4.488981390363449e-32,3.228055932654088e-33,5.057419291510218e-32
MAR08509,5.954938604632646,5.390905619246345,0.007839487838502537,0.13931016241187752,3.992282652867906,16.337801914942283,28.22362723604807
MAR08512,3.1496961788542884e-17,8.431965804586187e-16,-1.095535638307054e-15,-1.056173863463339e-15,-1.0953125764666673e-17,1.8392949094483885e-15,2.680033887072667e-15
MAR08530,346.7704390061498,107.0895330422973,24.917180411907047,100.83899412792076,353.6011224339252,581.3856140982218,585.3461743383953
MAR08539,0.0,0.0,0.0,0.0,0.0,0.0,0.0
MAR08546,0.0,0.0,0.0,0.0,0.0,0.0,0.0
MAR08547,0.0,0.0,0.0,0.0,0.0,0.0,0.0
MAR08549,0.0,0.0,0.0,0.0,0.0,0.0,0.0
MAR08551,0.0,0.0,0.0,0.0,0.0,0.0,0.0
MAR08552,0.0,0.0,0.0,0.0,0.0,0.0,0.0
MAR08556,0.0,0.0,0.0,0.0,0.0,0.0,0.0
MAR08560,506.3950020219868,165.84715863136395,51.69412671572244,200.3837633875461,490.9279134364458,976.8818334670107,992.7604813202988
MAR08562,0.0,0.0,0.0,0.0,0.0,0.0,0.0
MAR08563,0.0,0.0,0.0,0.0,0.0,0.0,0.0
MAR08566,31.311063763203705,25.44576540739162,0.005303098404327888,0.37634751048199844,26.45439553047659,83.7931402827014,129.16788186541177
MAR08586,0.0,0.0,0.0,0.0,0.0,0.0,0.0
MAR08593,0.0,0.0,0.0,0.0,0.0,0.0,0.0
MAR08594,0.0,0.0,0.0,0.0,0.0,0.0,0.0
MAR08595,0.0,0.0,0.0,0.0,0.0,0.0,0.0
MAR08596,0.0,0.0,0.0,0.0,0.0,0.0,0.0
MAR08598,0.0,0.0,0.0,0.0,0.0,0.0,0.0
MAR08600,0.0,0.0,0.0,0.0,0.0,0.0,0.0
MAR08601,0.0,0.0,0.0,0.0,0.0,0.0,0.0
MAR08603,0.0,0.0,0.0,0.0,0.0,0.0,0.0
MAR08604,0.0,0.0,0.0,0.0,0.0,0.0,0.0
MAR08605,0.0,0.0,0.0,0.0,0.0,0.0,0.0
MAR08612,0.004657045727582519,9.502280982896616e-06,0.004651484561100264,0.004651598903477534,0.004654144171960138,0.00466939650737152,0.004734841724293164
MAR08613,0.00232852286379126,4.751140491448286e-06,0.002325742280550132,0.002325799451738767,0.0023270720859800698,0.0023346982536857604,0.002367420862146582
MAR08614,0.004657045727582519,9.502280982896648e-06,0.004651484561100264,0.004651598903477534,0.004654144171960136,0.00466939650737152,0.004734841724293164
MAR08615,0.004657045727582519,9.502280982896718e-06,0.004651484561100265,0.004651598903477536,0.004654144171960135,0.00466939650737152,0.0047348417242931646
MAR08616,0.00465704572758252,9.502280982896614e-06,0.004651484561100264,0.004651598903477534,0.0046541441719601395,0.004669396507371521,0.004734841724293164
MAR08617,0.004657045727582522,9.502280982896858e-06,0.0046514845611002635,0.004651598903477533,0.004654144171960143,0.004669396507371527,0.004734841724293168
MAR08618,287.5811528123979,96.50466778280317,27.025936762080644,78.21520542908624,297.31433985420153,487.419915532074,492.3193475752206
MAR08632,139.63732108459058,208.58308351788983,0.2565043390455176,9.408781850537864,81.66763778838799,834.385370771638,932.2880691140892
MAR08643,86.92744907162316,54.75451934190446,0.8542212915588403,4.733275823246352,87.93034117249135,181.39738495179054,216.56684509529322
MAR08644,0.0,0.0,0.0,0.0,0.0,0.0,0.0
MAR08645,0.0,0.0,0.0,0.0,0.0,0.0,0.0
MAR08646,55.36316230187921,131.2051830984181,-33.14786534397259,-12.039546338361326,22.32940100692057,150.9023954071225,700.7322182092968
MAR08654,2.6814767444856225,2.5205474688363867,0.0007796130562247627,0.07437415987810893,1.9934285573613282,8.271087884015758,13.028365758195779
MAR08657,0.0,0.0,0.0,0.0,0.0,0.0,0.0
MAR08659,25.44658427916797,19.020340042241173,0.04451024852520469,0.25957716890157373,21.369116705384936,58.082943925949245,67.58005906098761
MAR08660,13.102984834870188,10.225052454499478,0.0054723206234775475,0.17493313915976985,11.55648904709665,31.10223691716991,42.85735729906089
MAR08661,2.6250931798303063,2.957330664561144,0.0023153746221267115,0.05820235973984693,2.23982573853155,8.077786642037072,14.490440534107329
MAR08663,0.0,0.0,0.0,0.0,0.0,0.0,0.0
MAR08664,0.0,0.0,0.0,0.0,0.0,0.0,0.0
MAR08666,0.0,0.0,0.0,0.0,0.0,0.0,0.0
MAR08676,340.55297103340234,176.0023911158765,28.369045213643847,70.76274001255703,330.84102768714087,971.7450172022075,977.5225636746777
MAR08678,-43.775339799360665,287.11640121833966,-897.73487412227,-308.4816147342271,-75.60271150597123,954.9218800412827,965.1567332865859
MAR08682,-222.64426748568317,308.1884823622447,-989.6032664529828,-457.98424929876705,-269.35361593544894,946.2606716271565,951.4499892705893
MAR08698,-519.6351857248029,181.37124803993473,-992.7661676373958,-843.6289184893334,-514.9502715889831,-22.023098607262007,-14.471748896776546
MAR08699,16.311442756353603,287.5928328372812,-936.3759846949,-231.1617358680002,-20.88018842701385,955.509906974647,965.1221926074259
MAR08700,0.0,0.0,0.0,0.0,0.0,0.0,0.0
MAR08701,-123.75048529882093,58.23585542820161,-235.25540964732488,-204.11953901034272,-132.02567528197974,-3.8650803533336484,-2.391215939328623
MAR08702,-0.006978819249739604,1.4239650052631483e-05,-0.007095400496984272,-0.006997327519742267,-0.00697447112145911,-0.0069706569075300975,-0.006970485559677785
MAR08705,-18.920523690475857,15.090858793150876,-58.70713184503348,-45.86000656336324,-17.430362494269318,-0.4021965925063982,-0.02074928254071053
MAR08709,-130.79242284492713,296.8580309544182,-993.1886839458093,-358.2468844830977,-171.41889849863054,949.8806226527101,959.6431493724543
MAR08713,0.0,0.0,0.0,0.0,0.0,0.0,0.0
MAR08715,0.0,0.0,0.0,0.0,0.0,0.0,0.0
MAR08716,0.0029408112690867995,0.0012371339797159918,6.137867915027953e-05,0.0001267202125724963,0.003214381075362523,0.004444905846418601,0.004789528363042164
MAR08717,0.0,0.0,0.0,0.0,0.0,0.0,0.0
MAR08722,0.0057417252683546645,0.0033768588273039124,0.00040826404579264337,0.0019239806418055437,0.005076351767973989,0.017986755607213304,0.01806919616960054
MAR08740,0.0,0.0,0.0,0.0,0.0,0.0,0.0
MAR08752,0.0,0.0,0.0,0.0,0.0,0.0,0.0
MAR08753,0.0,0.0,0.0,0.0,0.0,0.0,0.0
MAR08757,6.4861738108847335,6.543321369647677,0.0001502000452738897,0.0740502812135784,4.689647670335498,21.58646575350926,26.65205368172615
MAR08760,37.3171010334076,25.632849466846814,0.3912532046747637,2.2303952196523116,33.25361767789836,88.68083530559973,111.04816905920775
MAR08761,21.44709090616029,17.667808676196206,0.002899452850131102,0.656795837432077,18.082934744498466,57.163623826905464,74.1133790775527
MAR08762,21.447090906160284,17.667808676196206,0.0028994528501186676,0.656795837432077,18.08293474449846,57.163623826905464,74.1133790775527
MAR08765,-2.0148847639998793e-13,5.93752533612018e-14,-3.230762999549472e-13,-3.025114887475155e-13,-2.0248895472377403e-13,-1.0692068529410461e-13,-9.28612036263965e-15
MAR08770,474.1926428349455,165.18862333108447,43.15546854458834,136.74434934209134,481.21788738073553,972.9266862998284,978.2264096431397
MAR08771,1.0457906077017237e-14,1.4058349538468349e-14,-2.4944201899738533e-14,-9.705711180341732e-15,9.989042455576503e-15,3.2854877577248847e-14,5.2506965877697876e-14
MAR08772,109.18183578209104,48.62357144019185,2.7538188005846065,7.654408216597197,114.91993530918546,176.93133281965532,206.20757196805434
MAR08773,109.1818357820911,48.62357144019187,2.7538188005846025,7.654408216597197,114.91993530918553,176.93133281965532,206.20757196805434
MAR08775,109.18183578209101,48.623571440191824,2.7538188005846087,7.654408216597197,114.91993530918539,176.9313328196552,206.20757196805422
MAR08776,77.83840115357444,59.265260849890964,0.020384740787751442,1.4299602868212138,73.51003398183738,150.58542386060202,298.41329035632873
MAR08777,77.83840115357442,59.265260849890986,0.020384740787751206,1.4299602868212133,73.51003398183738,150.58542386060213,298.41329035632873
MAR08778,77.83840115357437,59.265260849890964,0.020384740787756102,1.4299602868212145,73.51003398183757,150.58542386060202,298.4132903563287
MAR08791,0.20875100968667817,0.003954621894807072,0.1853687061687825,0.20357136900962175,0.20969241305775022,0.211877427582994,0.21460259702062645
MAR08834,-1.6754187454282141e-34,1.6260820233033895e-34,-5.302657754042786e-34,-4.471402595912181e-34,-1.2349567502512333e-34,4.508286785277356e-37,6.829387949922206e-36
MAR08846,-287.5811528123979,96.50466778280318,-492.3193475752206,-487.419915532074,-297.31433985420153,-78.21520542908623,-27.025936762080644
MAR08847,0.0,0.0,0.0,0.0,0.0,0.0,0.0
MAR08852,0.0,0.0,0.0,0.0,0.0,0.0,0.0
MAR08855,430.32133786162666,223.27112756790578,-144.390257573168,92.65249165048462,432.0326468093607,974.2733217564953,981.7112960403872
MAR08863,280.9030045191463,183.19068867465805,0.4932962310716385,59.0780598187752,258.1993348747028,968.143961610236,972.6697017773289
MAR08869,16.478951337696188,12.186595344223228,0.0427019150485289,0.3295023413809027,15.3791211673615,36.9272745661164,59.29992341943154
MAR08875,0.0,0.0,0.0,0.0,0.0,0.0,0.0
MAR08878,-5.981719338968661e-14,4.887604372055413e-14,-2.331304108478012e-13,-1.403058151926208e-13,-5.751129600631136e-14,6.307570414936894e-16,7.731620516097209e-15
MAR08879,14.155517766246504,11.123777925444871,0.06094823606115032,0.951897826245006,11.769793043195694,33.506405682096066,44.11496527870833
MAR08887,-565.9202702258115,110.54429271232695,-956.0454603105434,-673.4928241242907,-577.7820747384867,-340.83603794079346,-170.71636374443688
MAR08891,0.2003417491197425,0.10333806450819516,0.003642243232579926,0.07914666521228755,0.17590581136355132,0.4904207176818372,0.4956202063838379
MAR08907,0.0,0.0,0.0,0.0,0.0,0.0,0.0
MAR08915,0.0,0.0,0.0,0.0,0.0,0.0,0.0
MAR08927,17.211218295285178,14.216282150349128,0.021430395959485326,0.2723141387006651,12.981479151672861,43.95574203124546,53.07181821320305
MAR08931,1.0395672020809776e-15,8.092707896671142e-16,2.1651756063912634e-19,2.6543058689573835e-18,1.0704579580588776e-15,2.6108039806941256e-15,2.666043634370561e-15
MAR08958,-67.64343399082144,122.17973982118114,-896.6651926294264,-120.2041726585179,-45.55369169982929,-4.2509694884068585,-0.06674191236367051
MAR08959,-628.0742165464554,134.67475837379308,-954.247484849855,-771.333703829787,-645.2123732253959,-356.92622001941163,-155.70049717895787
MAR08966,-383.23961640527574,211.1478868525602,-888.4813009647067,-882.6508686434271,-405.8523679261343,-38.33648143556834,365.6389576964995
MAR08967,383.2349593595485,211.1478874197611,-365.64362229672554,38.33182991848219,405.84771058517566,882.6462170340884,888.4766491563895
MAR08970,-8.312663960193516,340.84447583270014,-992.7679160837173,-273.5526938829451,-96.73348000309653,954.3329759575234,970.7408280504129
MAR08976,0.0,0.0,0.0,0.0,0.0,0.0,0.0
MAR08980,3.4761412449547024,2.889906721939353,0.013716103696042517,0.19967159481257532,2.747815439623975,9.612051510959413,14.089629692822546
MAR08981,-3.4761412449547078,2.8899067219393455,-14.089629692822545,-9.612051510959395,-2.7478154396239933,-0.19967159481257513,-0.013716103696042328
MAR08987,508.80933052843676,50.18536373021812,445.6545793490193,475.9642765850103,495.9222864746408,700.471203336882,701.4271215000053
MAR08991,383.2349593595478,211.14788741976102,-365.6436222967278,38.33182991848153,405.8477105851771,882.646217034083,888.4766491563872
MAR08993,-67.64343399082247,122.17973982118116,-896.6651926294268,-120.20417265851921,-45.55369169982916,-4.250969488407415,-0.06674191236368765
MAR08994,-67.64343399082144,122.17973982118114,-896.6651926294264,-120.2041726585179,-45.55369169982929,-4.2509694884068585,-0.06674191236367051
MAR08995,598.3330262864932,182.03872201829694,17.911935041589526,24.682529556837096,629.2456742044815,759.6770085400778,954.1740781858264
MAR08997,333.2433858723893,153.21260314119093,3.2134029073243937,172.36605058679845,314.97102895301464,881.7054198517874,889.9769023253875
MAR08998,333.24804291811654,153.21260243631212,3.2180543918851283,172.37070493874347,314.97568500645536,881.7100713957108,889.9815538358852
MAR09002,0.0,0.0,0.0,0.0,0.0,0.0,0.0
MAR09003,0.0,0.0,0.0,0.0,0.0,0.0,0.0
MAR09005,-474.1926428349455,165.18862333108447,-978.2264096431397,-972.9266862998284,-481.21788738073553,-136.74434934209154,-43.15546854458834
MAR09006,0.0,0.0,0.0,0.0,0.0,0.0,0.0
MAR09007,-216.62458227858966,231.20948683520407,-972.6850490093284,-965.7415488880011,-158.91995324186237,2.531021173967841,52.09488427398347
MAR09009,-730.9829397051565,114.82606655624866,-991.3788063774355,-986.9685303070139,-720.1294659846362,-557.1698841006464,-494.168832296921
MAR09013,0.0,0.0,0.0,0.0,0.0,0.0,0.0
MAR09014,0.0,0.0,0.0,0.0,0.0,0.0,0.0
MAR09025,474.19264283494545,165.18862333108447,43.15546854458834,136.74434934209128,481.21788738073536,972.9266862998285,978.2264096431398
MAR09027,216.6245822785898,231.209486835204,-52.09488427398355,-2.531021173968172,158.91995324186257,965.741548888001,972.6850490093282
MAR09029,730.9829397051523,114.82606655625034,494.1688322969161,557.1698841006407,720.1294659846317,986.9685303070136,991.3788063774346
MAR09030,-96.0821635479799,351.44356382066826,-408.22964204610594,-359.9956474955543,-233.63949342658492,955.2684111296713,961.7918843993491
MAR09034,8.262089658353805,7.1442603573699035,0.008281137072361042,0.1522305656748888,6.540556658849554,20.621358079840576,47.208646085672704
MAR09035,-31.19719633292342,23.042885024438572,-172.08941493033876,-51.709424850743545,-30.48210942854113,-2.5188018971618233,-1.668209214972518
MAR09036,-1.3684409879715727,1.010758403160753,-7.548569636631046,-2.2681940926696833,-1.3370742516957987,-0.1104853051496537,-0.07317471230166611
MAR09037,2.666988887425211e-17,7.332258818617731e-17,-5.589413509855084e-17,-5.455280943817068e-17,1.9317871586073426e-18,1.5711150571037765e-16,2.873153292496192e-16
MAR09038,-13.81988443672557,0.028198225388053763,-14.050745748181853,-13.856535644244747,-13.81127400733882,-13.803720867784852,-13.803381554294631
MAR09039,-27.107877482154134,0.06025024447401569,-27.578232094811714,-27.18231790223922,-27.09318971096743,-27.064147801017246,-27.060589475545232
MAR09040,48.27985177483634,106.47634925218927,-29.954527246251146,-12.256485699928993,27.380628303730532,117.65674048516449,782.4820679675129
MAR09041,-540.2435418496963,162.98132439926735,-991.6960496703441,-732.35511004592,-560.4843029269881,-64.81237549849273,-61.30834738503142
MAR09042,-13.575299095615255,0.06435160717035233,-14.091704864160805,-13.692591523328895,-13.556388465389464,-13.518617685362893,-13.51433609817454
MAR09043,249.21142809837662,196.35676945149407,-914.2464037184565,8.650952224913585,294.68344881652837,420.743902401874,472.64015752551484
MAR09044,-34.38206907203945,0.2036328187650061,-35.987022996510376,-34.717821313207324,-34.31824373998959,-34.20407071392256,-34.191838106576014
MAR09045,-5.953393500345672,0.023126261714486313,-6.1408247869720896,-5.994662647493061,-5.9471243404992915,-5.932886405281525,-5.931366917856538
MAR09046,-40.63087435536549,0.16057926888969665,-41.931724842737786,-40.92014209670481,-40.58694836626514,-40.488488851810516,-40.47793362326421
MAR09048,-918.6952379613923,42.83365698189687,-999.7709548248891,-998.4481346319407,-910.670719710183,-865.6221817296055,-753.8853607383775
MAR09049,0.0,0.0,0.0,0.0,0.0,0.0,0.0
MAR09050,0.0,0.0,0.0,0.0,0.0,0.0,0.0
MAR09051,-0.22175180262139094,0.12704500012254674,-0.6436082170415731,-0.641292711204535,-0.1928871190778068,-0.08027732664423337,-0.021483839034817976
MAR09055,0.22175180262139094,0.12704500012254674,0.021483839034817976,0.08027732664423337,0.1928871190778068,0.641292711204535,0.6436082170415731
MAR09058,225.52772930373774,262.16404027169773,-953.9609546581106,-87.94248526479157,217.5483901703168,692.1778534500249,904.6588171163347
MAR09061,294.9472214093212,211.06198608453258,-524.2831489794003,-98.81982922589873,324.82128794938023,598.1309811847839,606.3367868565291
MAR09062,-22.595633254881502,0.05154838763850124,-22.990610781378265,-22.661576001394803,-22.5836197550937,-22.556906308415307,-22.55373350143234
MAR09063,-34.07360383582956,0.16934597568335186,-35.4279051238196,-34.3736089200948,-34.02291727907907,-33.92477158218529,-33.91357601066806
MAR09064,-643.8930936376802,165.86378309792815,-970.3484779043896,-897.7413860388283,-660.4612135091609,-42.997182963275534,-36.07296831712891
MAR09065,656.3126242140273,133.9660674113527,72.68841297679008,434.2267057864532,661.5231709970843,857.37440937984,952.9952641166874
MAR09066,0.0,0.0,0.0,0.0,0.0,0.0,0.0
MAR09067,-209.23048929051512,126.747855234402,-763.4266141895546,-332.98269943683596,-187.87885091670572,-76.68532442651536,-16.438255546986056
MAR09068,-31.082003601281503,0.11730632439205506,-32.033243153858,-31.295696079974835,-31.05033432717041,-30.978126292563406,-30.97030035109169
MAR09069,-473.77578990342096,128.68371111880046,-759.3544157444458,-689.2675464522167,-453.7123285773024,-299.61669468001423,-54.34288106060808
MAR09070,448.4118658103109,189.390104122339,27.2628925810671,184.578683684806,421.92449524284456,910.0364283904715,919.13004101004
MAR09072,433.9223510692669,237.49281981884857,-845.2099912629324,280.61653301773526,421.22354229098073,968.9446377079809,976.8547693274526
MAR09073,344.16762394900167,236.36167674143056,46.21262892593222,98.80763595203486,276.90240678119557,941.6468557021265,993.7254076759472
MAR09074,3.390955034850431e-13,5.689570921042013e-13,-1.5201705066976857e-12,-4.448556139959137e-13,3.8998253030110284e-13,1.0943143211767897e-12,1.3273944790947727e-12
MAR09075,777.8414183489397,191.54416066789202,24.370684469451472,28.954101251508025,818.677957657405,958.0757383866462,999.0647919323651
MAR09076,330.9260591851875,185.1911615239759,17.551701027595158,67.26046000597029,323.61446391337694,964.7047516274757,970.5361855713489
MAR09078,485.4284475387512,256.9578222746498,-430.6763058061432,-425.73272560087025,535.6598843612787,737.629688072486,958.1913402138499
MAR09083,756.2778494547151,183.71102927716885,27.938464502309262,32.09146534016472,782.3004317200928,925.9466355084732,997.3583565166236
MAR09084,0.0,0.0,0.0,0.0,0.0,0.0,0.0
MAR09085,50.992824387227316,28.699088727830794,1.6532553585496226,4.273718729010353,48.29103705317415,105.25927684654893,136.0573300388146
MAR09086,-347.08767961788084,152.13215528647996,-984.4062346866774,-538.9917022999798,-335.81505908053987,-127.71012309657084,-63.295727069175086
MAR09087,-203.98820540205557,198.30860812701206,-974.3640923350561,-970.800093487311,-171.19858800299784,-31.950134600422672,-0.8677407317165944
MAR09090,0.0,0.0,0.0,0.0,0.0,0.0,0.0
MAR09092,-6.506005555200869e-16,4.753024352638943e-16,-1.5056519096616086e-15,-1.3559137291421557e-15,-6.279321002211255e-16,1.8371433405219427e-18,4.554370446658221e-17
MAR09095,0.0,0.0,0.0,0.0,0.0,0.0,0.0
MAR09096,-330.9307162309126,185.19116049792615,-970.5408374170821,-964.7094031463819,-323.619120952351,-67.26511233293508,-17.556353429709475
MAR09099,-99.71300348321368,47.55172650821499,-191.0846205976817,-170.05856210172612,-103.67760309854555,-6.381477843797967,-0.073849835414876
MAR09100,0.0,0.0,0.0,0.0,0.0,0.0,0.0
MAR09103,-448.0244760464062,125.60758035758445,-814.8590949587801,-574.6467084859903,-454.2801825982011,-240.04558573898845,-4.9710239873069355
MAR09104,0.0,0.0,0.0,0.0,0.0,0.0,0.0
MAR09108,-528.414545349086,80.7159656540737,-948.9217578153815,-583.1927723438575,-536.09986714309,-344.26543549376413,-340.20742354119864
MAR09109,-0.00465704572758252,9.502280982896625e-06,-0.004734841724293166,-0.004669396507371521,-0.0046541441719601395,-0.004651598903477536,-0.004651484561100266
MAR09112,-392.78382766305157,174.29011899277737,-655.3381761299866,-619.2272570293683,-422.2525967076293,-13.168106668363283,-4.87938641267192
MAR09113,0.0,0.0,0.0,0.0,0.0,0.0,0.0
MAR09115,5.503304728731674e-14,2.890421396633226e-14,3.681895858745019e-16,1.4885921848569549e-15,5.887709832136969e-14,9.391831881737123e-14,1.13553229496519e-13
MAR09116,0.0,0.0,0.0,0.0,0.0,0.0,0.0
MAR09117,0.0,0.0,0.0,0.0,0.0,0.0,0.0
MAR09119,0.0,0.0,0.0,0.0,0.0,0.0,0.0
MAR09120,0.0,0.0,0.0,0.0,0.0,0.0,0.0
MAR09121,0.0,0.0,0.0,0.0,0.0,0.0,0.0
MAR09122,-282.9601351129066,55.27214635616395,-478.0227301552703,-336.7464120621474,-288.89103736924324,-170.41801897039656,-85.35818187221822
MAR09129,6.09266862481534e-15,6.8836619484225535e-15,-1.622908111570267e-14,-3.973859232692113e-15,6.974316328314206e-15,1.6567051826992456e-14,1.9078684797758454e-14
MAR09131,18.92052369047587,15.090858793150886,0.020749282540749276,0.4021965925064116,17.430362494269346,45.86000656336322,58.70713184503347
MAR09132,493.1342046890611,149.01484666301369,51.20641766719622,54.74242712997247,503.2067806988334,746.5460797548387,868.2558283450322
MAR09133,85.45488276096725,286.2461162664383,-962.503169845505,-954.8021626135894,147.3452168490391,347.8731318864098,412.79811788852214
MAR09134,-4.698103531077615e-14,2.654686039507789e-13,-7.099781970432931e-13,-6.125784407534589e-13,-4.78025770408554e-14,3.874263722909403e-13,6.783721581896553e-13
MAR09135,195.9978458853457,214.36291074853142,-143.30516148378237,-77.56080298943597,186.599056833793,963.7761189895389,971.8275743303286
MAR09138,-106.29914734436097,262.51052880985003,-328.9964895780658,-263.8417582485796,-172.41026857889443,950.6630537451164,958.2823670227233
MAR09143,-0.004657045727582519,9.502280982896867e-06,-0.004734841724293165,-0.004669396507371521,-0.004654144171960136,-0.004651598903477535,-0.004651484561100265
MAR09144,540.6024188633854,198.18543239663126,-173.68780280841668,64.69555749729135,570.6968532370696,975.4778680161079,983.0486608134089
MAR09146,143.87765851391248,241.6603748045839,-112.28318045933264,-61.73168532419735,80.08419149425362,963.6760789732805,970.7056639139832
MAR09147,-97.58068086490587,53.50384396708842,-255.97997891288708,-170.68616952130222,-99.8580246116993,-4.072975219344218,-1.4460744668356083
MAR09152,-0.004657045727582519,9.50228098289671e-06,-0.004734841724293166,-0.004669396507371521,-0.004654144171960138,-0.004651598903477536,-0.004651484561100266
MAR09154,-0.004657045727582967,9.50228098281403e-06,-0.004734841724293251,-0.004669396507371569,-0.004654144171961005,-0.004651598903477552,-0.004651484561100269
MAR09159,-0.004657045727593653,9.502280995893366e-06,-0.004734841724534954,-0.004669396507438663,-0.00465414417214167,-0.0046515989035820614,-0.004651484561032017
MAR09160,0.0,0.0,0.0,0.0,0.0,0.0,0.0
MAR09167,-0.004657045727603483,9.502280980215863e-06,-0.004734841724288905,-0.004669396507370027,-0.004654144171935413,-0.0046515989034833565,-0.004651484561067342
MAR09171,-9.723069127752559e-17,1.9610826051458037e-16,-7.919440153835346e-16,-5.650253089216066e-16,-7.096975739839954e-17,1.621627562959934e-16,9.01747664670753e-16
MAR09172,0.0,0.0,0.0,0.0,0.0,0.0,0.0
MAR09189,628.0742165464551,134.67475837379286,155.70049717895787,356.9262200194116,645.212373225395,771.333703829786,954.2474848498548
MAR09192,0.0,0.0,0.0,0.0,0.0,0.0,0.0
MAR09197,323.24646316287254,183.0693636314972,6.836058275576004,64.19054362043087,315.4383118585321,966.5671876811331,971.5569091800376
MAR09201,5.81414890705461,3.883455946376517,0.009299678777500717,0.23769661499408098,5.383274866721802,12.442748619029873,19.181900966237784
MAR09205,38.475023601742826,21.704412454454907,3.3609724514724917,12.72657971153722,35.47904966137558,115.91712727175143,116.5850352012028
MAR09208,-38.47502360174281,21.704412454454907,-116.58503520120279,-115.91712727175141,-35.47904966137556,-12.726579711537205,-3.360972451472491
MAR09210,0.0,0.0,0.0,0.0,0.0,0.0,0.0
MAR09213,0.0,0.0,0.0,0.0,0.0,0.0,0.0
MAR09215,-0.006965320566471212,1.4212107209185183e-05,-0.007081676318073285,-0.006983793037112222,-0.00696098084849689,-0.006957174012157685,-0.006957002995732568
MAR09216,-450.43787477377384,135.4907311361208,-624.0081079750993,-583.3818032812881,-483.3697237661719,-16.95121719856138,-4.815277348288451
MAR09218,-2.160421419170502e-15,3.931430482518836e-15,-1.453060043142959e-14,-1.0613027831776454e-14,-1.014477217389623e-15,2.3845397709114968e-15,8.412421462544566e-15
MAR09219,0.0,0.0,0.0,0.0,0.0,0.0,0.0
MAR09224,0.0,0.0,0.0,0.0,0.0,0.0,0.0
MAR09228,0.0,0.0,0.0,0.0,0.0,0.0,0.0
MAR09229,-7.616562390698193,7.028541018627743,-26.882077090853397,-20.86139254379622,-4.951220273325166,-0.1946683804519844,-0.0036471836272148725
MAR09231,0.0,0.0,0.0,0.0,0.0,0.0,0.0
MAR09233,0.0,0.0,0.0,0.0,0.0,0.0,0.0
MAR09235,0.778231518747585,5.612880539065279,-17.821213257930843,-7.819022712633792,0.23834635470805232,10.24786156560837,20.827360044192282
MAR09239,0.0,0.0,0.0,0.0,0.0,0.0,0.0
MAR09240,-27.090672831879942,22.242545683517488,-122.65834184060861,-49.247772465800054,-22.925103497606965,-1.087599647014848,-0.06399768248555263
MAR09242,266.7286516420367,248.17771078266045,-242.87719401450357,23.504384807652706,200.14468542269083,972.8814462960908,979.2201101287395
MAR09247,-756.277849454714,183.71102927716953,-997.3583565166231,-925.9466355084745,-782.3004317200941,-32.09146534016083,-27.938464502305578
MAR09254,0.0,0.0,0.0,0.0,0.0,0.0,0.0
MAR09255,514.0101438803056,156.65328506262205,47.41987479227665,132.92798869125255,547.528018138426,654.4494540740083,866.8526260601353
MAR09258,0.0,0.0,0.0,0.0,0.0,0.0,0.0
MAR09259,-234.14705405799359,326.51554011485507,-901.2500565952179,-556.8154944063906,-317.06340158318045,626.0808801191545,942.4155493706616
MAR09262,13.80887090776447,14.36992751207054,0.0050622740218611165,0.30952277131002526,9.595277420774593,48.32850994392248,66.68446704547408
MAR09263,0.0,0.0,0.0,0.0,0.0,0.0,0.0
MAR09265,-25.626637505044993,24.77978692621055,-102.8755034294486,-83.07640855576234,-17.818671281820343,-1.24611749798569,-0.003604698741041922
MAR09266,0.0,0.0,0.0,0.0,0.0,0.0,0.0
MAR09267,0.0,0.0,0.0,0.0,0.0,0.0,0.0
MAR09269,-0.004657045727582519,9.502280982896616e-06,-0.004734841724293164,-0.00466939650737152,-0.004654144171960138,-0.004651598903477534,-0.004651484561100264
MAR09270,0.0,0.0,0.0,0.0,0.0,0.0,0.0
MAR09271,-205.29533815013437,134.84342804831874,-948.2231353195225,-381.96039493887304,-202.27710316407786,-12.160150519252044,-7.357042088185097
MAR09272,249.85907796413437,301.966102941766,-822.8459001614016,-813.7371154125276,351.3423167169191,496.0288602372814,526.4633991590458
MAR09273,-44.5637398139984,304.4936479531709,-344.0767055334209,-310.44742536608857,-158.37021911201538,826.907671950111,921.7161741008094
MAR09274,458.3412167219972,169.4105323760546,4.82042567237002,180.04184636477174,473.3091102641284,971.8137329776291,977.330958409286
MAR09277,0.0,0.0,0.0,0.0,0.0,0.0,0.0
MAR09279,-121.78614926629183,59.0346431086908,-245.21747657248218,-202.85089295673882,-133.31598867251907,-6.858977754534135,-0.9620958019012156
MAR09280,-52.17172593211861,71.25905666037956,-337.6168133265745,-337.0769250698283,-37.55753165879287,-1.5125234446997027,-0.08216108588283078
MAR09281,2.6860603082879013,3.335062984793133,0.005088709558032132,0.05422612267996796,1.4750722829305412,10.754151030413244,16.609926267610035
MAR09282,29.74119025996306,74.32915740741414,0.0034232831421401777,0.20165722578976436,14.368263559503545,336.93557556101234,337.0236137533283
MAR09283,6.540726321517372,3.833774973672395,0.014347809944253732,0.40572871334882593,6.280260422598647,13.301391620689394,18.985786833351717
MAR09284,-79.22173833144033,36.688977688386046,-176.3301560656235,-129.14742225513842,-87.73416178872878,-3.873020576276984,-0.11277412800939769
MAR09285,500.0286391373891,111.1666891833267,247.96936211838155,366.8851703220807,488.756449270038,763.3453441123702,951.0066345699983
MAR09286,-215.50868053691394,183.28495362172836,-942.4369635487653,-937.1047115174498,-181.79655994498512,-39.10229245362972,-0.8908965123861208
MAR09287,-28.320419132421623,21.61712171552117,-90.36412141567435,-68.82593880878359,-23.598973070267704,-1.452061500565574,-0.06920086504422131
MAR09288,0.0,0.0,0.0,0.0,0.0,0.0,0.0
MAR09289,0.0,0.0,0.0,0.0,0.0,0.0,0.0
MAR09290,362.941045754773,203.37485170069567,-162.35756792296274,146.2725493024002,359.39522571562077,947.2687348303612,966.1762416411522
MAR09292,340.5529710334031,176.00239111587706,28.36904521364388,70.76274001255666,330.8410276871408,971.7450172022102,977.5225636746808
MAR09293,-43.77533979936251,287.11640121834046,-897.7348741222719,-308.48161473423016,-75.60271150596982,954.9218800412807,965.1567332865858
MAR09295,24.24446922173621,21.616620205882214,-4.001881789154761,-2.619261095521451,19.525958767014544,64.7518404049528,86.29187545546371
MAR09300,-989.0921894209224,9.40731243519889,-999.9919940497259,-999.7813231440251,-991.4934795496562,-972.2533123212038,-945.5329709210641
MAR09302,0.0,0.0,0.0,0.0,0.0,0.0,0.0
MAR09306,25.626637505044993,24.77978692621055,0.003604698741041922,1.2461174979856864,17.818671281820343,83.0764085557623,102.8755034294486
MAR09311,16.478951337696188,12.186595344223228,0.0427019150485289,0.3295023413809027,15.3791211673615,36.9272745661164,59.29992341943154
MAR09317,0.0,0.0,0.0,0.0,0.0,0.0,0.0
MAR09318,338.5134400188068,106.90308479039685,24.44554513591379,99.55110911525577,344.76084101738877,581.0532118353268,584.3905248148975
MAR09336,-5.981719338968661e-14,4.887604372055415e-14,-2.3313041084780116e-13,-1.4030581519262084e-13,-5.751129600631139e-14,6.307570414936714e-16,7.731620516097187e-15
MAR09338,-474.1926428349455,165.18862333108447,-978.2264096431397,-972.9266862998284,-481.21788738073553,-136.74434934209154,-43.15546854458834
MAR09348,173.01432168729067,201.94572970661304,1.5490072353884843,20.892318844951237,124.15153255434254,962.5993776064258,967.94613421939
MAR09350,3.5493437224381434,2.99153850264622,0.0005758654304806678,0.1328063427942546,3.1909618821584678,9.039638779985507,15.930375604293193
MAR09351,-8.083118293378552,5.983021352994789,-32.84809622108685,-19.062824191193226,-7.366110675280311,-1.2492154310085146,-0.984416765739411
MAR09352,0.0,0.0,0.0,0.0,0.0,0.0,0.0
MAR09353,810.9498641957191,199.41841059367312,25.882599103520217,31.854828709533113,859.7052927085314,956.9021867713303,993.3211068326588
MAR09354,-829.5348088795665,96.5669659433402,-999.0375315900369,-994.4820515384665,-815.6837651219721,-694.5424647745205,-645.7792341349199
MAR09355,0.0,0.0,0.0,0.0,0.0,0.0,0.0
MAR09356,0.0,0.0,0.0,0.0,0.0,0.0,0.0
MAR09357,0.0,0.0,0.0,0.0,0.0,0.0,0.0
MAR09360,74.24656749140608,313.41372692903616,-963.2991940239538,-956.4028516998638,165.0994147382027,313.10913469391096,559.638708865159
MAR09362,0.0,0.0,0.0,0.0,0.0,0.0,0.0
MAR09363,-48.758349735126295,62.91772390648289,-478.161340891971,-79.4014834326773,-41.94057991804058,-3.3554058536379276,-0.6371570605605154
MAR09364,703.2865167951994,190.0527807203534,-454.60480364528706,536.4607723041936,735.4618363865453,889.7557058505623,947.5928938192101
MAR09365,0.0,0.0,0.0,0.0,0.0,0.0,0.0
MAR09366,0.0,0.0,0.0,0.0,0.0,0.0,0.0
MAR09368,0.0,0.0,0.0,0.0,0.0,0.0,0.0
MAR09369,0.0,0.0,0.0,0.0,0.0,0.0,0.0
MAR09370,0.0,0.0,0.0,0.0,0.0,0.0,0.0
MAR09372,-321.1438015011053,112.3160810367362,-582.8647339388976,-578.6942375280806,-332.7394172536226,-82.00697498322427,-23.98926870678909
MAR09373,0.0,0.0,0.0,0.0,0.0,0.0,0.0
MAR09378,-0.212114934210329,0.000432801355944243,-0.21565831636809799,-0.2126774764336141,-0.2119827767592901,-0.21186684716051743,-0.2118616391933406
MAR09379,0.0,0.0,0.0,0.0,0.0,0.0,0.0
MAR09380,0.0,0.0,0.0,0.0,0.0,0.0,0.0
MAR09383,-767.064496695601,97.96625096552017,-991.1906647016957,-988.1651808228956,-767.6424576696116,-596.2070735848071,-543.4276017596183
MAR09387,0.0,0.0,0.0,0.0,0.0,0.0,0.0
MAR09388,17.211218295285178,14.216282150349128,0.021430395959485326,0.2723141387006651,12.981479151672861,43.95574203124546,53.07181821320305
MAR09389,0.0,0.0,0.0,0.0,0.0,0.0,0.0
MAR09390,0.0,0.0,0.0,0.0,0.0,0.0,0.0
MAR09393,1.0395672020809776e-15,8.092707896671142e-16,2.1651756063912634e-19,2.6543058689573835e-18,1.0704579580588776e-15,2.6108039806941256e-15,2.666043634370561e-15
MAR09398,0.0,0.0,0.0,0.0,0.0,0.0,0.0
MAR09400,-540.6024188633851,198.18543239663103,-983.0486608134088,-975.4778680161078,-570.6968532370696,-64.69555749729138,173.6878028084166
MAR09404,189.64256668155693,171.085969679587,-23.251045740764198,9.37407557721978,154.39998066960447,474.30150675996987,985.894906711346
MAR09405,0.0,0.0,0.0,0.0,0.0,0.0,0.0
MAR09406,961.4500763912849,95.9841314987048,522.6352493123683,839.4834772283899,990.114936845054,999.9537637352448,999.9883922771256
MAR09410,490.62120483557715,176.60062141302288,14.627850216864148,138.14570857661732,494.7844430805904,976.8391755294366,983.213476272055
MAR09411,0.0,0.0,0.0,0.0,0.0,0.0,0.0
MAR09412,-1.0535697321609927e-15,1.1465130513132866e-15,-3.3359558687737534e-15,-3.0820788696425904e-15,-8.39974325467131e-16,3.9297410175294523e-16,9.612849118386125e-16
MAR09417,-37.31710103340761,25.632849466846817,-111.0481690592078,-88.68083530559976,-33.25361767789839,-2.2303952196523142,-0.39125320467475333
MAR09418,598.3330262864928,182.0387220182969,17.911935041589526,24.682529556837103,629.245674204481,759.6770085400778,954.1740781858265
MAR09419,0.0,0.0,0.0,0.0,0.0,0.0,0.0
MAR09421,-117.56987424650677,239.61416486100637,-969.9422001623884,-962.6891310571724,-58.23135744158282,92.4688626292484,155.8469887831325
MAR09422,-561.6006863556397,181.06317554762182,-985.4763173131183,-857.6502032233471,-574.6905496937477,-22.490539855533044,-18.034310354295823
MAR09424,0.0,0.0,0.0,0.0,0.0,0.0,0.0
MAR09429,0.0,0.0,0.0,0.0,0.0,0.0,0.0
MAR09432,67.64343399082139,122.17973982118114,0.06674191236367513,4.25096948840685,45.5536916998292,120.20417265851783,896.6651926294263
MAR09437,594.1566717835468,229.1575746316079,-304.51882386042143,255.42418560132216,612.0648980655901,985.6729247233715,992.994689615447
MAR09438,-559.842822077557,164.5725583135072,-997.4772407045078,-739.6751551139687,-572.7107494848391,-21.83115058728454,-16.531733920588618
MAR09439,-649.7952667805906,219.23656353198714,-994.5251538305082,-987.8999902309696,-666.9836985237365,-365.32189447720486,262.55477290577903
MAR09440,9.879902766908883,331.9099867734893,-932.9260836441617,-841.1560215735167,114.30880978103737,356.7988234539239,398.6474385278301
MAR09443,280.9030045191463,183.19068867465805,0.4932962310716385,59.0780598187752,258.1993348747028,968.143961610236,972.6697017773289
MAR09459,-579.8129734603407,187.04947212569107,-982.5089794385931,-976.3621596751711,-568.5922436577627,-163.80521284244716,-42.663883450699785
MAR09463,628.0742165464553,134.67475837379288,155.70049717895787,356.9262200194116,645.2123732253951,771.3337038297863,954.2474848498548
MAR09488,1.3107043249155121,1.5370319898048737,0.00025755758866428756,0.029080890778453754,0.7794904141568577,4.212295966500986,12.858265584552749
MAR09489,1.3107043249155135,1.5370319898048737,0.0002575575886641748,0.029080890778453678,0.7794904141568588,4.212295966500993,12.858265584552749
MAR09526,579.812973460341,187.0494721256923,42.66388345069974,163.8052128424473,568.5922436577647,976.3621596751717,982.5089794385932
MAR09582,0.0,0.0,0.0,0.0,0.0,0.0,0.0
MAR09584,0.0,0.0,0.0,0.0,0.0,0.0,0.0
MAR09589,-458.3412167219969,169.41053237605453,-977.330958409286,-971.8137329776291,-473.3091102641278,-180.041846364772,-4.820425672370032
MAR09605,155.83671097508008,67.93198508836035,0.4263980370415165,4.778145798503359,163.59627192382752,248.95428590972034,275.2747299612501
MAR09606,263.0114893242286,133.78842578569243,1.3792500798575669,9.2453531450416,262.94150665602285,364.8552459053088,765.2262225240545
MAR09608,0.004657045727603483,9.502280980215816e-06,0.004651484561067342,0.004651598903483356,0.004654144171935411,0.004669396507370026,0.004734841724288904
MAR09626,0.0,0.0,0.0,0.0,0.0,0.0,0.0
MAR09628,0.0,0.0,0.0,0.0,0.0,0.0,0.0
MAR09638,0.0,0.0,0.0,0.0,0.0,0.0,0.0
MAR09639,-777.8414183489396,191.54416066789202,-999.0647919323649,-958.0757383866461,-818.6779576574055,-28.954101251508042,-24.370684469451483
MAR09641,667.2576710872809,180.05198269318086,100.37022380341669,205.22180457359556,687.1575805679852,928.0065633971071,961.5013895376076
MAR09649,130.78366204722775,64.13105736957895,2.7759783078742037,6.1019031656935985,137.81586425663295,226.00102473038228,246.24258152686966
MAR09650,190.6962808684683,83.35323610618659,2.8680189520638066,9.769459567418995,221.07310187817592,283.8968123888428,329.44095198361777
MAR09652,23.67181581323727,14.966654477821017,0.01724321374686227,1.4583879781413729,26.848935944385495,44.34504489669414,89.93400318237681
MAR09675,77.83840115357435,59.265260849890964,0.020384740787757434,1.429960286821214,73.51003398183752,150.58542386060202,298.4132903563287
MAR09678,5.335518189269651,4.731289424157427,0.015017923745796639,0.166518884590717,4.240611609740116,15.387105389922722,20.568398947921388
MAR09680,-3.476141244954711,2.8899067219393504,-14.089629692822554,-9.612051510959452,-2.7478154396239742,-0.19967159481257593,-0.013716103696072124
MAR09683,0.0,0.0,0.0,0.0,0.0,0.0,0.0
MAR09685,0.0,0.0,0.0,0.0,0.0,0.0,0.0
MAR09690,-731.2168100172281,114.82596176330014,-991.6124306441613,-987.2021413694441,-720.3632103516672,-557.4037215122003,-494.40249008331216
MAR09691,-0.004657045727582519,9.502280982896867e-06,-0.004734841724293165,-0.004669396507371521,-0.004654144171960136,-0.004651598903477535,-0.004651484561100265
MAR09693,0.0,0.0,0.0,0.0,0.0,0.0,0.0
MAR09694,23.67181581323727,14.966654477821017,0.01724321374686227,1.4583879781413729,26.848935944385495,44.34504489669414,89.93400318237681
MAR09702,-0.004657045727562098,9.50228098289874e-06,-0.004734841724265057,-0.0046693965073437045,-0.004654144171936805,-0.004651598903475717,-0.004651484561099964
MAR09713,0.0,0.0,0.0,0.0,0.0,0.0,0.0
MAR09715,0.0,0.0,0.0,0.0,0.0,0.0,0.0
MAR09719,1.5928977533132778,1.1244260379496358,0.002744655100443155,0.04281086049866381,1.4690289313069713,3.5771534563293867,4.173357079875161
MAR09723,0.0,0.0,0.0,0.0,0.0,0.0,0.0
MAR09725,0.0,0.0,0.0,0.0,0.0,0.0,0.0
MAR09726,0.0,0.0,0.0,0.0,0.0,0.0,0.0
MAR09728,-45.693042863381876,0.09323252500602225,-46.45634561371694,-45.81422370276108,-45.66457397705817,-45.63960083556926,-45.638478954563446
MAR09729,-45.693042863381876,0.09323252500602225,-46.45634561371694,-45.81422370276108,-45.66457397705817,-45.63960083556926,-45.638478954563446
MAR09730,0.0,0.0,0.0,0.0,0.0,0.0,0.0
MAR09737,619.3472425920875,131.53439862334224,360.4371515634401,430.0741714308057,593.248301171355,917.4979989166562,933.7990849589798
MAR09744,0.0,0.0,0.0,0.0,0.0,0.0,0.0
MAR09768,11.300314250351844,10.822882055381017,0.03341790431925625,0.38922422416353725,8.0457159908153,30.15644402502289,52.37298118089934
MAR09769,3.85661655258636,4.0749650974518925,0.011421052256623392,0.20233057600371532,2.2070924092369646,13.820058031698293,17.47933282234455
MAR09770,0.0,0.0,0.0,0.0,0.0,0.0,0.0
MAR09771,0.0,0.0,0.0,0.0,0.0,0.0,0.0
MAR09774,4.575280824434909,4.297507967592497,0.0025476035721805524,0.13138500229082273,2.977768100391696,13.146853207963899,23.793304427487
MAR09780,0.0,0.0,0.0,0.0,0.0,0.0,0.0
MAR09783,0.0,0.0,0.0,0.0,0.0,0.0,0.0
MAR09787,0.0,0.0,0.0,0.0,0.0,0.0,0.0
MAR09792,0.0,0.0,0.0,0.0,0.0,0.0,0.0
MAR09803,7.224780130343337e-18,3.970260395540961e-17,-7.925939026440285e-17,-3.6918904902910067e-17,3.4568423074919876e-18,9.393338838974935e-17,1.1655294729476029e-16
MAR09804,-9.103019731245423e-18,5.00241641499954e-17,-1.4685343495824853e-16,-1.183534270258823e-16,-4.355524066503095e-18,4.651678164927055e-17,9.98646021673553e-17
MAR09810,-1.284300694016774,1.180455655171406,-5.661098936875507,-3.742555776079972,-0.9856033693876809,-0.04954046760583534,-0.0008774850809193466
MAR09811,32.241001721838664,25.124744690787896,-11.127968892216456,0.830081616122286,30.075946664520544,78.16654490764799,120.02666586205495
MAR09812,-1.897486655289195,1.9745134375352473,-9.168228035037183,-5.398053151411045,-1.363752610906328,-0.038614897869301466,-0.000806167531711484
MAR09813,-3.1346021009362137,3.235074142974523,-16.976953516296817,-10.115924860083346,-2.046826806769518,-0.1017333628767443,-3.391371351677344e-05
MAR09814,-1.8074963204382555,1.2613528371971445,-5.093261826976025,-3.8451921384771546,-1.7166001066822725,-0.04176788846823988,-0.002390077790405678
MAR09815,-1.2541369682944535e-12,9.711770120329229e-13,-3.7310894790417435e-12,-2.73947955289915e-12,-1.2513252239624028e-12,1.0342568634568299e-13,4.081061192299643e-13
MAR09816,-6.836924177005267,5.368897428650818,-33.879227698672956,-16.317501294021774,-6.056065985728836,-0.3236461580980917,-0.03063189089387668
MAR09823,0.0,0.0,0.0,0.0,0.0,0.0,0.0
MAR09824,0.6115690943756019,0.0012478514739230162,0.6108387950085068,0.6108538105924589,0.6111880584468199,0.6131910142905684,0.621785362378482
MAR09826,0.0,0.0,0.0,0.0,0.0,0.0,0.0
MAR09827,496.2028087384982,176.55741888301753,14.638454668780023,146.82440361742204,498.2842391223711,977.0658318537379,983.2663762768714
MAR09828,-546.7049382958504,185.24465030473132,-990.7305641226359,-887.9707194554503,-544.2512812177363,-25.81487749248558,-16.854129221487902
MAR09830,-573.3717465955399,112.3205212575464,-956.9242643832426,-685.8192981922034,-589.8194642195245,-340.97010406686576,-170.72798694904895
MAR09831,-305.66201715351656,264.9964977752701,-973.0308578404745,-962.1169423760264,-294.5026494373047,-21.262977294165218,902.7722940439438
MAR09832,0.0,0.0,0.0,0.0,0.0,0.0,0.0
MAR09833,-484.89212392112717,179.2042047745586,-978.6243739278189,-970.8882081192542,-454.9555540497325,-279.5420269624359,-7.212145290727676
MAR09835,484.8921239211247,179.20420477455792,7.212145290727291,279.5420269624314,454.9555540497288,970.8882081192527,978.6243739278185
MAR09837,20.620816292441436,331.9106013296107,-922.1979962774825,-830.4269516359846,125.04025893252864,367.5283522890313,409.38926089691176
MAR09838,-74.24656749140448,313.4137269290358,-559.6387088651582,-313.1091346939123,-165.0994147382004,956.4028516998653,963.2991940239548
MAR09843,0.0,0.0,0.0,0.0,0.0,0.0,0.0
MAR09847,-0.6115690943756021,0.0012478514739229791,-0.621785362378482,-0.6131910142905683,-0.6111880584468208,-0.6108538105924589,-0.6108387950085068
MAR09849,-496.2028087384968,176.55741888301748,-983.2663762768719,-977.0658318537389,-498.2842391223698,-146.82440361742198,-14.638454668779787
MAR09853,-421.62216235123844,178.81962397538794,-981.7507928658233,-975.222340424712,-393.7136114070137,-144.53317632878142,-9.173628327902831
MAR09854,305.6620171535206,264.9964977752697,-902.7722940439438,21.26297729416526,294.50264943730895,962.1169423760253,973.0308578404741
MAR09855,458.3412167219969,169.41053237605453,4.820425672370032,180.04184636477183,473.3091102641278,971.8137329776291,977.330958409286
MAR09856,0.0,0.0,0.0,0.0,0.0,0.0,0.0
MAR09857,-458.341216721997,169.41053237605456,-977.330958409286,-971.8137329776291,-473.3091102641282,-180.0418463647719,-4.820425672370026
MAR09858,-392.78382766304827,174.29011899277594,-655.3381761299822,-619.22725702936,-422.2525967076266,-13.168106668361713,-4.879386412671238
MAR09861,-484.89212392112364,179.20420477455917,-978.6243739278185,-970.888208119255,-454.9555540497289,-279.5420269624331,-7.212145290726767
MAR09863,0.0,0.0,0.0,0.0,0.0,0.0,0.0
MAR09864,-20.620816292443315,331.91060132961206,-409.3892608969161,-367.5283522890332,-125.04025893252754,830.4269516359832,922.1979962774824
MAR09865,0.0,0.0,0.0,0.0,0.0,0.0,0.0
MAR09866,0.0,0.0,0.0,0.0,0.0,0.0,0.0
MAR09884,240.961071280848,128.082219449177,11.58980169719343,16.012236291240335,241.5001692877695,347.6136279794037,927.8598465083268
MAR09890,-50.992824387228914,28.699088727830897,-136.05733003881483,-105.25927684654785,-48.29103705317908,-4.2737187290111995,-1.6532553585496998
MAR09900,-454.87424558579386,208.29789754382338,-993.9066742354541,-973.4897431159186,-421.1986058237655,-218.49851016390053,-48.05931570394837
MAR09901,4.281791196477597,4.675423790301818,0.008827949366647804,0.014000220176898311,2.4705889735797513,14.400263920899302,17.893507785819978
MAR09902,-336.95437916932656,268.2029239571416,-957.873082359932,-627.0607988947002,-366.15723642087715,9.145990425637743,593.6519348217546
MAR09913,675.2212699981076,118.35525094746961,464.8911317712194,554.847514923739,645.1838706671856,983.6541324581932,989.1961143821483
MAR09920,-391.19017983456445,159.06786897169098,-888.972695485026,-773.3218308463696,-404.74238341518816,-120.8727249530101,33.66401227593155
MAR09921,714.7812015439843,188.71945211581954,22.006221724143753,26.425417486208126,760.36233922874,893.6899091668844,972.7353057866318
MAR09922,0.0,0.0,0.0,0.0,0.0,0.0,0.0
MAR09923,235.03927485020807,92.81923522338397,5.011124743814716,7.948059653277999,258.7175955870406,355.23190713398225,396.493301184586
MAR09924,-322.3551271271365,122.49319133430708,-492.1713118623629,-451.4036068019409,-359.3485258771751,-14.09620310633436,-8.652717450284284
MAR09925,-189.03283461690071,64.19725416457925,-329.98716509400094,-282.6097246448114,-199.48437031158628,-59.139593552320704,-15.569461761896305
MAR09927,-611.7921965833226,171.03046052653812,-998.549670354611,-986.3621146261355,-617.5436860339157,-434.99856610080985,116.99567163195161
MAR09928,8.190742704041171e-14,9.760426902128774e-14,-6.807881060496595e-14,-3.3335744761546176e-14,6.632425435331845e-14,2.877960465664332e-13,3.0331731685912104e-13
MAR09929,0.0,0.0,0.0,0.0,0.0,0.0,0.0
MAR09934,0.0,0.0,0.0,0.0,0.0,0.0,0.0
MAR09935,194.42003386568493,308.5582572361697,-959.9416504941152,-952.1718126160233,245.42620463443808,444.63032863437013,710.8148712587966
MAR09942,0.0,0.0,0.0,0.0,0.0,0.0,0.0
MAR09943,0.0,0.0,0.0,0.0,0.0,0.0,0.0
MAR09944,11.300314250351843,10.822882055381017,0.03341790431925847,0.3892242241635273,8.0457159908153,30.156444025022886,52.37298118089932
MAR09945,4.575280824434914,4.297507967592498,0.0025476035721805315,0.1313850022908227,2.977768100391698,13.146853207963906,23.793304427486998
MAR09946,546.1880585984381,109.84236680626006,167.7324852954424,340.0476025016899,561.0869106352034,659.4375600022956,954.0385645608709
MAR09947,3.8566165525863574,4.074965097451892,0.011421052256623503,0.20233057600371548,2.20709240923696,13.820058031698293,17.47933282234455
MAR09952,-496.8264116304462,162.9706230550125,-948.4202699691596,-688.1505903081573,-517.0540515517207,-21.517946047860672,-18.02756855077133
MAR09957,0.0,0.0,0.0,0.0,0.0,0.0,0.0
MAR09958,-585.6920809210604,156.79252850585706,-983.1783487069504,-978.4008837800214,-571.3646532188901,-397.50997083510464,-44.265220487636135
MAR09959,-18.946390313893797,17.433921322558284,-64.73235032147659,-52.373546036273815,-12.304227843237818,-0.8091104884893775,-0.029048362289460034
MAR09961,-415.5783173272377,187.62868904739506,-993.7368433779378,-970.6017140586222,-387.9921312573083,-163.0730318967127,-41.33550469897068
MAR09964,0.0,0.0,0.0,0.0,0.0,0.0,0.0
MAR09967,-194.4200338656842,308.5582572361695,-710.8148712587969,-444.6303286343672,-245.42620463443842,952.1718126160249,959.9416504941164
MAR09968,626.6529435801441,165.85447842771143,18.91851917616486,25.838572465658757,643.2051467300673,880.5231070363026,953.2035019804165
MAR09973,-339.4845769835237,189.50923000864924,-977.8938764161445,-963.7452094162207,-317.4679716242493,-115.55541930362469,-18.741548852336024
MAR09974,-339.48457698352155,189.50923000864904,-977.8938764161442,-963.7452094162178,-317.46797162424957,-115.55541930362554,-18.741548852335818
MAR09976,-636.9444543478152,220.04742952998242,-971.9687541867545,-853.8484549392707,-717.230739861172,-21.846439996432476,-18.277231848648057
MAR09978,0.0,0.0,0.0,0.0,0.0,0.0,0.0
MAR09981,378.8963136316465,198.4365949410893,-577.1326958021584,12.555954093554757,400.47234022680993,590.5575547170959,969.4508767902843
MAR09985,0.0,0.0,0.0,0.0,0.0,0.0,0.0
MAR09987,-443.3465262290608,167.55023150860015,-662.0670909146722,-626.6181442748936,-493.9835723887574,-18.24667513888406,-11.403837559040202
MAR09989,0.0,0.0,0.0,0.0,0.0,0.0,0.0
MAR09991,183.06449868330753,197.27234661061257,6.701698200252031,33.78310936928256,151.90356060251628,961.8118715013526,968.9564994633378
MAR09992,183.06449868330745,197.27234661061254,6.701698200252036,33.78310936928259,151.90356060251628,961.8118715013526,968.9564994633378
MAR09996,496.8264116304466,162.97062305501262,18.027568550771225,21.517946047860566,517.0540515517214,688.1505903081538,948.4202699691598
MAR09998,850.4599263413116,59.73620376539446,687.2177024842338,735.8204164046635,847.8774581491351,966.7143840013845,997.7685622527208
MAR10002,194.4200338656842,308.5582572361695,-959.9416504941164,-952.1718126160249,245.42620463443842,444.63032863436706,710.8148712587969
MAR10011,-119.62137210563945,146.55939312204185,-716.1423147118135,-636.7298950799773,-82.7922663292506,-4.835070023029854,-1.4865454915390046
MAR10012,-20.200014568749015,89.7969034213633,-661.971198942907,-28.629649592055042,-2.7012263485039485,-0.09005598297108078,-0.0012689430154998044
MAR10013,0.0,0.0,0.0,0.0,0.0,0.0,0.0
MAR10015,55.363162301878894,131.2051830984181,-33.14786534397422,-12.039546338359845,22.32940100691951,150.9023954071232,700.7322182092971
MAR10017,0.0,0.0,0.0,0.0,0.0,0.0,0.0
MAR10019,443.346526229061,167.55023150860015,11.403837559040225,18.24667513888404,493.9835723887577,626.6181442748936,662.0670909146723
MAR10021,-628.0742165464554,134.67475837379308,-954.247484849855,-771.333703829787,-645.2123732253959,-356.92622001941163,-155.70049717895787
MAR10022,1.1720615898789113e-13,3.927899741332095e-14,1.2027317843099419e-14,4.6509558835107143e-14,1.129531229329579e-13,2.289292413105954e-13,2.326489284977455e-13
MAR10023,112.48902723629223,0.22952369523879584,112.35469954348466,112.35746143665516,112.41894135169409,112.78735525052026,114.3681575916227
MAR10024,112.48902723629223,0.22952369523879584,112.35469954348466,112.35746143665516,112.41894135169409,112.78735525052026,114.3681575916227
MAR10026,-49.09338578584665,30.170297305894657,-118.91014915931692,-103.63890878284737,-44.778819520045886,-1.4129039029359334,-0.04480133149536414
MAR10029,0.0,0.0,0.0,0.0,0.0,0.0,0.0
MAR10030,0.0,0.0,0.0,0.0,0.0,0.0,0.0
MAR10031,0.0,0.0,0.0,0.0,0.0,0.0,0.0
MAR10032,1.1720615898789113e-13,3.927899741332095e-14,1.2027317843099419e-14,4.6509558835107143e-14,1.129531229329579e-13,2.289292413105954e-13,2.326489284977455e-13
MAR10033,-735.5571542991896,167.6886838476975,-995.9322999334895,-937.4399805867987,-754.7680696112068,-207.2026152994375,-168.16613935950713
MAR10035,0.0,0.0,0.0,0.0,0.0,0.0,0.0
MAR10036,572.6475128740066,159.79574422452575,97.29305747741245,194.4248924615926,585.5134740887303,826.1343074799348,910.6473563522148
MAR10037,0.0,0.0,0.0,0.0,0.0,0.0,0.0
MAR10039,0.0,0.0,0.0,0.0,0.0,0.0,0.0
MAR10040,0.0,0.0,0.0,0.0,0.0,0.0,0.0
MAR10046,0.7134919796249424,0.30392756810616084,0.03691942640639892,0.042892110613703925,0.7866123574028402,1.0869095508549205,1.419579642925234
MAR10047,0.7134919796249424,0.3039275681061599,0.036919426406398864,0.04289211061370389,0.7866123574028427,1.086909550854921,1.4195796429252336
MAR10060,0.0,0.0,0.0,0.0,0.0,0.0,0.0
MAR10061,0.0,0.0,0.0,0.0,0.0,0.0,0.0
MAR10062,600.4101828737134,1.225082723337457,599.6932088133498,599.7079504181469,600.036099464673,602.002508649652,610.4400411452866
MAR10063,24.882572824667907,0.050770641386815196,24.8528595390188,24.853470469788093,24.867069826994825,24.94856298141507,25.29823645926697
MAR10064,54.38844466874743,0.11097470664813004,54.32349722927485,54.32483260462282,54.354558143544,54.53268626362656,55.29700419554964
MAR10065,0.13498683268355163,0.0002754284342867691,0.13482563945218168,0.13482895372398646,0.13490272962203326,0.13534482630062467,0.13724178910994758
MAR10069,628.074216546456,134.6747583737931,155.70049717895787,356.92622001941163,645.2123732253958,771.333703829787,954.247484849855
MAR10082,4.091031554574388,4.690380234507987,0.0033675488487085532,0.1279517664240654,1.9841025959110907,14.123886769678707,26.296600838251365
MAR10103,1.727179673140478,2.3363126886354713,0.0006221859368370582,0.051428921493328825,0.9454531246398206,5.565496736518128,11.618581077770816
MAR10110,3.128005780227115,3.225654403411169,0.0010320528508262223,0.0936168183399002,2.0334531418469797,10.875990488983794,14.084663998678664
MAR10118,4.091031554574343,4.69038023450796,0.003367548848708144,0.12795176642408754,1.984102595911099,14.123886769678645,26.296600838251237
MAR10119,1.7271796731404765,2.3363126886354717,0.000622185936833783,0.05142892149332877,0.9454531246398203,5.565496736518128,11.618581077770815
MAR10120,3.128005780227115,3.225654403411169,0.0010320528508257643,0.0936168183399002,2.0334531418469797,10.875990488983794,14.084663998678664
MAR10125,2.8685537980063525,2.889223602134671,0.004335942513266577,0.06572685291089155,2.3520130326686317,6.124138395256831,15.19087204180074
MAR10127,2.8685537980063547,2.88922360213467,0.004335942513289062,0.06572685291089166,2.352013032668631,6.124138395256823,15.19087204180074
MAR10135,0.0,0.0,0.0,0.0,0.0,0.0,0.0
MAR10137,-583.7237411344732,199.3401780112169,-852.7731822040711,-761.8034306674438,-600.5924324017774,-448.68825989259716,645.9601595188243
MAR10138,0.0,0.0,0.0,0.0,0.0,0.0,0.0
MAR10142,844.469204236981,127.35248451362581,92.40345549652339,720.3421187549408,864.7797687884797,988.0087228593347,997.9519531786259
MAR10145,0.0,0.0,0.0,0.0,0.0,0.0,0.0
MAR10151,0.0,0.0,0.0,0.0,0.0,0.0,0.0
MAR10153,0.0,0.0,0.0,0.0,0.0,0.0,0.0
MAR10159,708.838581520143,116.88309135194439,537.3404613782509,581.002572547198,667.0897044820538,984.5167990246688,990.9124899230974
MAR10162,0.0,0.0,0.0,0.0,0.0,0.0,0.0
MAR10169,0.0,0.0,0.0,0.0,0.0,0.0,0.0
MAR10174,43.775339799362136,287.11640121834034,-965.1567332865859,-954.9218800412808,75.60271150596918,308.4816147342299,897.7348741222719
MAR10175,-105.85471709509476,269.39609461178185,-969.4712694048152,-965.2715630476429,-101.61628349261258,132.2543501103043,880.0840392548728
MAR10183,-194.4200338656842,308.5582572361695,-710.8148712587969,-444.6303286343672,-245.42620463443842,952.1718126160249,959.9416504941164
MAR10184,626.6529435801442,165.85447842771143,18.918519176164857,25.838572465658757,643.2051467300673,880.5231070363025,953.2035019804165
MAR10192,378.8963136316465,198.4365949410893,-577.1326958021584,12.555954093554757,400.47234022680993,590.5575547170959,969.4508767902843
MAR10194,-443.3465262290608,167.55023150860015,-662.0670909146722,-626.6181442748936,-493.9835723887574,-18.24667513888406,-11.403837559040202
MAR10195,0.0,0.0,0.0,0.0,0.0,0.0,0.0
MAR10197,496.8264116304466,162.97062305501262,18.027568550771225,21.517946047860566,517.0540515517214,688.1505903081538,948.4202699691598
MAR10198,850.4599263413116,59.736203765394464,687.2177024842338,735.8204164046635,847.8774581491351,966.7143840013845,997.7685622527208
MAR10201,194.4200338656843,308.5582572361695,-959.9416504941162,-952.1718126160247,245.42620463443842,444.63032863436763,710.8148712587969
MAR10208,0.0,0.0,0.0,0.0,0.0,0.0,0.0
MAR10209,443.346526229061,167.55023150860015,11.403837559040225,18.24667513888404,493.9835723887577,626.6181442748936,662.0670909146723
MAR10212,-583.7237411344731,199.34017801121692,-852.7731822040711,-761.803430667444,-600.5924324017772,-448.68825989259716,645.9601595188243
MAR10214,844.469204236981,127.35248451362578,92.40345549652339,720.342118754941,864.7797687884797,988.0087228593347,997.9519531786259
MAR10222,708.838581520142,116.88309135194427,537.3404613782508,581.0025725471975,667.0897044820531,984.5167990246674,990.9124899230976
MAR10225,0.0,0.0,0.0,0.0,0.0,0.0,0.0
MAR10227,0.0,0.0,0.0,0.0,0.0,0.0,0.0
MAR10230,0.0,0.0,0.0,0.0,0.0,0.0,0.0
MAR10234,-119.56277566072757,70.96398426287547,-290.6410819867666,-244.12784104655594,-114.75214896723683,-9.712091826350179,-0.5108407194498286
MAR10235,43.775339799362136,287.11640121834034,-965.1567332865859,-954.9218800412808,75.60271150596918,308.4816147342299,897.7348741222719
MAR10241,0.0,0.0,0.0,0.0,0.0,0.0,0.0
MAR10242,-234.63558170659374,153.66940137587235,-993.3047744480706,-474.7156023703194,-206.86743025779782,-18.108220328289516,-9.760707084192381
MAR10243,-813.6497916288376,73.76408102672163,-992.0691624016725,-988.096396505002,-810.0304617882869,-700.7703927353975,-658.9242189872409
MAR10248,0.0,0.0,0.0,0.0,0.0,0.0,0.0
MAR10250,-1.2835672941804583,0.002619003077300634,-1.3050092990168005,-1.286971395823365,-1.2827675721832557,-1.282066049467727,-1.282034534613285
MAR10254,-18.946390313893854,17.43392132255829,-64.73235032147667,-52.373546036273886,-12.30422784323784,-0.8091104884894333,-0.02904836228956556
MAR10255,0.0,0.0,0.0,0.0,0.0,0.0,0.0
MAR10256,0.0,0.0,0.0,0.0,0.0,0.0,0.0
MAR10263,-10.728473861068789,7.020222032763332,-49.96181638873197,-23.039590503271672,-8.674780845621232,-3.3013856800535315,-0.0579357300806083
MAR10265,0.0,0.0,0.0,0.0,0.0,0.0,0.0
MAR10343,-3.1128234968830952,2.7498108489199704,-27.595254899035805,-7.414995862336594,-2.8369278895958043,-0.05972164823556022,-0.0005310917460177103
MAR10346,-1.0264506738509796e-12,9.157399516071464e-13,-2.988439755246646e-12,-2.8496139891371313e-12,-9.89891535624862e-13,1.3696112328751782e-13,3.7278955334523877e-13
MAR10349,-11.30031425035186,10.822882055381022,-52.37298118089938,-30.156444025022914,-8.045715990815308,-0.389224224163596,-0.03341790431925827
MAR10350,0.0,0.0,0.0,0.0,0.0,0.0,0.0
MAR10351,0.0,0.0,0.0,0.0,0.0,0.0,0.0
MAR10352,-546.1880585984396,109.84236680626105,-954.0385645608702,-659.4375600023008,-561.086910635203,-340.04760250168937,-167.73248529544236
MAR10353,-4.575280824434929,4.297507967592499,-23.793304427487033,-13.146853207963906,-2.9777681003917023,-0.13138500229082292,-0.0025476035721807505
MAR10354,-3.856616552586398,4.074965097451907,-17.47933282234488,-13.820058031698593,-2.2070924092370268,-0.20233057600371504,-0.011421052256610048
MAR10355,-234.63558170659374,153.66940137587235,-993.3047744480706,-474.7156023703194,-206.86743025779782,-18.108220328289516,-9.760707084192381
MAR10359,585.6920809210621,156.79252850585698,44.26522048763606,397.50997083510515,571.3646532188924,978.4008837800221,983.1783487069506
MAR10360,-509.65237406171394,176.8611447606026,-987.37859777493,-982.7834462134583,-491.3200508594232,-281.32441205024,-180.69627658798956
MAR10363,0.0,0.0,0.0,0.0,0.0,0.0,0.0
MAR10364,240.9610712808475,128.08221944917702,11.589801697193716,16.012236291240626,241.50016928776884,347.61362797940325,927.8598465083273
MAR10365,-67.64343399082139,122.17973982118114,-896.6651926294263,-120.2041726585179,-45.5536916998292,-4.2509694884068585,-0.06674191236367513
MAR10366,-986.9674289188613,12.539774037126922,-999.9252998348959,-999.0480933442452,-990.4481981508579,-960.3593305675524,-936.0873887342207
MAR10367,39.55993154587689,251.24695478003574,-963.2079838322277,-960.3866138503531,111.67295297557482,196.61629486210893,266.6503480661219
MAR10371,0.0,0.0,0.0,0.0,0.0,0.0,0.0
MAR10375,-1.2835672941804583,0.002619003077300634,-1.3050092990168005,-1.286971395823365,-1.2827675721832557,-1.282066049467727,-1.282034534613285
MAR10378,0.0,0.0,0.0,0.0,0.0,0.0,0.0
MAR10384,0.0,0.0,0.0,0.0,0.0,0.0,0.0
MAR10385,0.0,0.0,0.0,0.0,0.0,0.0,0.0
MAR10387,0.0,0.0,0.0,0.0,0.0,0.0,0.0
MAR10389,10.728473861068792,7.020222032763332,0.05793573008061233,3.301385680053536,8.674780845621232,23.039590503271658,49.96181638873197
MAR10391,0.0,0.0,0.0,0.0,0.0,0.0,0.0
MAR10392,116.36854755750305,224.04463398499405,-153.91937168708785,-100.18246682834723,78.85277210822136,961.5173592702055,966.7274546621571
MAR10393,0.0,0.0,0.0,0.0,0.0,0.0,0.0
MAR10396,24.885788645027247,17.574555120166714,-12.585789694757013,0.4938295794402966,23.83808072897571,57.628077435505226,78.08949457352904
MAR10405,-3.112823496883093,2.74981084891997,-27.595254899035808,-7.414995862336587,-2.8369278895957972,-0.059721648235560205,-0.000531091746015934
MAR10406,-430.3213378616268,223.2711275679057,-981.7112960403872,-974.2733217564953,-432.0326468093607,-92.6524916504848,144.390257573168
MAR10427,-636.944454347815,220.04742952998305,-971.9687541867532,-853.8484549392738,-717.2307398611682,-21.846439996426298,-18.27723184864789
MAR10429,-183.06449868330745,197.27234661061254,-968.9564994633378,-961.8118715013526,-151.90356060251628,-33.78310936928262,-6.701698200252036
MAR10432,-0.06516385657007484,0.04813135253146439,-0.35945569698243063,-0.10800924250808008,-0.06367020246170414,-0.005261205007126339,-0.0034845101096031383
MAR10434,-280.6037650866257,183.2251668423805,-972.6630718761163,-968.129888283298,-257.72625543493245,-59.03449670459389,-0.8383779170126802
MAR10435,585.6920809210621,156.79252850585698,44.265220487636064,397.50997083510504,571.3646532188926,978.4008837800221,983.1783487069506
MAR10436,-509.65237406171383,176.8611447606026,-987.37859777493,-982.7834462134582,-491.3200508594229,-281.3244120502402,-180.69627658798936
MAR10438,116.3685475575051,224.04463398499442,-153.91937168708805,-100.18246682834595,78.85277210822177,961.5173592702074,966.7274546621568
MAR10439,0.0,0.0,0.0,0.0,0.0,0.0,0.0
MAR10441,24.885788645027272,17.574555120166714,-12.585789694757013,0.4938295794403404,23.83808072897575,57.628077435505226,78.08949457352904
MAR10442,0.20466215761088086,0.2209341616818223,-0.35895448163614685,-0.03337328886283718,0.17653328593559375,0.7138577292603202,0.7917403357960465
MAR10445,0.0,0.0,0.0,0.0,0.0,0.0,0.0
MAR10446,0.0,0.0,0.0,0.0,0.0,0.0,0.0
MAR10450,0.0,0.0,0.0,0.0,0.0,0.0,0.0
MAR10475,86.92744907162327,54.7545193419046,0.8542212915585541,4.733275823246298,87.9303411724919,181.3973849517902,216.56684509529404
MAR10480,0.0,0.0,0.0,0.0,0.0,0.0,0.0
MAR10483,-117.55999130781525,111.63314489260866,-761.3300064810077,-217.33649372737946,-104.01943256672376,-1.368262743105293,61.897691482144296
MAR10489,-0.004657045727582519,9.502280982896697e-06,-0.0047348417242931646,-0.00466939650737152,-0.004654144171960137,-0.004651598903477536,-0.004651484561100265
MAR10492,-117.5599913078154,111.63314489260839,-761.3300064810069,-217.3364937273774,-104.01943256672791,-1.3682627431047372,61.89769148214452
MAR10495,0.0,0.0,0.0,0.0,0.0,0.0,0.0
MAR10496,-0.00465704572758252,9.50228098289659e-06,-0.004734841724293166,-0.004669396507371521,-0.0046541441719601395,-0.004651598903477536,-0.004651484561100266
MAR10553,0.0,0.0,0.0,0.0,0.0,0.0,0.0
MAR10700,0.0,0.0,0.0,0.0,0.0,0.0,0.0
MAR10737,0.0,0.0,0.0,0.0,0.0,0.0,0.0
MAR11227,0.0,0.0,0.0,0.0,0.0,0.0,0.0
MAR11228,0.0,0.0,0.0,0.0,0.0,0.0,0.0
MAR11229,11.30031425035186,10.822882055381022,0.03341790431926005,0.3892242241635924,8.045715990815308,30.156444025022914,52.37298118089938
MAR11230,4.575280824434929,4.297507967592499,0.0025476035721807505,0.13138500229082292,2.9777681003917023,13.146853207963904,23.793304427487033
MAR11231,546.1880585984378,109.84236680626002,167.7324852954424,340.0476025016898,561.0869106352033,659.437560002296,954.038564560871
MAR11232,3.856616552586398,4.074965097451907,0.011421052256610048,0.20233057600371496,2.2070924092370268,13.820058031698586,17.47933282234488
MAR11237,0.0,0.0,0.0,0.0,0.0,0.0,0.0
MAR11239,0.0,0.0,0.0,0.0,0.0,0.0,0.0
MAR11242,0.0,0.0,0.0,0.0,0.0,0.0,0.0
MAR11246,0.0,0.0,0.0,0.0,0.0,0.0,0.0
MAR11250,391.19017983456536,159.06786897169044,-33.66401227593167,120.87272495300944,404.74238341519083,773.3218308463686,888.9726954850272
MAR11252,0.0,0.0,0.0,0.0,0.0,0.0,0.0
MAR11256,446.76613349447865,129.21557441293996,49.33868198877684,234.28011468902847,444.29832106248136,620.163755249948,994.227499968937
MAR11261,212.7021026997562,130.6140460011304,0.3815363564557775,3.844301473332344,207.25936349396986,324.31068539112243,739.9884860396223
MAR11264,-139.88015002988948,49.59026057650322,-246.9099140198532,-243.6802163282375,-136.40322363453117,-56.42979185744366,-9.792827418149614
MAR11266,-156.19297405435063,133.0228527797216,-990.2414979973441,-237.73664632006046,-147.722098218498,-7.810893143807756,-1.4173037431834912
MAR11270,0.0,0.0,0.0,0.0,0.0,0.0,0.0
MAR11274,-235.03927485020773,92.81923522338406,-396.49330118458533,-355.23190713398174,-258.71759558704014,-7.948059653279116,-5.011124743815799
MAR11276,189.03283461690071,64.19725416457922,15.569461761896305,59.13959355232069,199.4843703115861,282.60972464481137,329.98716509400094
MAR11277,322.3551271271366,122.49319133430716,8.652717450284284,14.096203106334334,359.34852587717523,451.4036068019412,492.17131186236304
MAR11280,-415.5783173272377,187.62868904739506,-993.7368433779378,-970.6017140586222,-387.9921312573083,-163.0730318967127,-41.33550469897068
MAR11281,0.0,0.0,0.0,0.0,0.0,0.0,0.0
MAR11282,0.0,0.0,0.0,0.0,0.0,0.0,0.0
MAR11283,0.0,0.0,0.0,0.0,0.0,0.0,0.0
MAR11284,11.300314250351846,10.822882055381017,0.03341790431926066,0.3892242241635523,8.0457159908153,30.156444025022882,52.37298118089934
MAR11285,4.575280824434913,4.297507967592499,0.0025476035721805875,0.13138500229082276,2.9777681003917014,13.14685320796391,23.79330442748701
MAR11286,546.188058598438,109.84236680626005,167.7324852954424,340.0476025016899,561.0869106352034,659.4375600022961,954.038564560871
MAR11287,3.8566165525863734,4.074965097451905,0.01142105225661877,0.20233057600371473,2.2070924092369744,13.820058031698496,17.47933282234477
MAR11311,0.0,0.0,0.0,0.0,0.0,0.0,0.0
MAR11313,421.6221623512355,178.8196239753884,9.17362832790252,144.53317632878094,393.7136114070088,975.2223404247118,981.7507928658235
MAR11316,0.004657045727582519,9.502280982896716e-06,0.004651484561100264,0.004651598903477534,0.004654144171960136,0.00466939650737152,0.004734841724293164
MAR11317,0.0,0.0,0.0,0.0,0.0,0.0,0.0
MAR11318,-407.79265477235555,196.7779605963606,-977.2470883320046,-968.7283483985829,-364.4407257549757,-82.4186731003938,-27.831447047639926
MAR11321,-15.639035589857224,320.0454529668506,-922.304230459744,-831.5252168071673,87.79997529134181,313.91106490420634,363.1711493214367
MAR11322,3.706205810969347e-15,7.429290808933417e-15,-7.936123004952003e-15,-5.7705341836873666e-15,1.9061341639451594e-15,2.142518783324543e-14,2.498815603300963e-14
MAR11323,565.9202702258114,110.54429271232786,170.71636374443645,340.83603794079244,577.7820747384869,673.4928241242878,956.0454603105404
MAR11334,0.0,0.0,0.0,0.0,0.0,0.0,0.0
MAR11337,-5.282350570051272e-14,2.7391670747250474e-14,-1.0395846305579444e-13,-8.781423037559292e-14,-5.972149610957753e-14,-1.5037584707759363e-15,-3.5064516000610576e-16
MAR11344,0.0,0.0,0.0,0.0,0.0,0.0,0.0
MAR11347,3.706205810969337e-15,7.429290808933412e-15,-7.936123004951997e-15,-5.770534183687357e-15,1.9061341639451515e-15,2.1425187833245405e-14,2.4988156033009676e-14
MAR11348,565.9202702258114,110.54429271232786,170.71636374443645,340.83603794079244,577.7820747384869,673.4928241242878,956.0454603105404
MAR11349,-611.7921965833242,171.03046052653787,-998.5496703546106,-986.362114626136,-617.5436860339198,-434.9985661008111,116.99567163195182
MAR11350,8.190742704041171e-14,9.760426902128774e-14,-6.807881060496595e-14,-3.3335744761546176e-14,6.632425435331845e-14,2.877960465664332e-13,3.0331731685912104e-13
MAR11351,0.0,0.0,0.0,0.0,0.0,0.0,0.0
MAR11354,148.0279313967045,296.27779974334646,-959.4456314673048,-950.0105969396208,185.65684496722625,406.42660076742055,993.1840115103255
MAR11355,-148.02793139670467,296.2777997433465,-993.1840115103255,-406.42660076742106,-185.65684496722653,950.0105969396207,959.4456314673048
MAR11357,-626.6529435801441,165.85447842771143,-953.2035019804166,-880.5231070363026,-643.2051467300671,-25.838572465658764,-18.918519176164864
MAR11365,0.0,0.0,0.0,0.0,0.0,0.0,0.0
MAR11366,-506.3950020219871,165.84715863136327,-992.7604813202989,-976.8818334670063,-490.9279134364439,-200.3837633875447,-51.69412671572297
MAR11367,-1.1720615898789113e-13,3.927899741332095e-14,-2.326489284977455e-13,-2.289292413105954e-13,-1.129531229329579e-13,-4.65095588351072e-14,-1.2027317843099419e-14
MAR11370,0.0,0.0,0.0,0.0,0.0,0.0,0.0
MAR11371,-0.510092742905693,0.001040798148430842,-0.5186138474149734,-0.5114455411190099,-0.509774931453391,-0.5094961446306575,-0.5094836205498857
MAR11375,-66.95474452226502,140.93477028253324,-629.9429733056303,-303.2071614113268,-27.046246641417255,77.79539626044789,136.74561436975173
MAR11376,-66.95474452226566,140.9347702825323,-629.9429733056305,-303.20716141132374,-27.046246641418016,77.79539626044745,136.745614369748
MAR11378,156.576125099795,138.9548332684005,20.383606439520868,65.10870194794414,125.81653807456956,491.3384406848628,891.9119279448307
MAR11379,156.57612509979495,138.9548332684005,20.38360643952086,65.1087019479442,125.81653807456915,491.33844068486286,891.9119279448307
MAR11381,372.2974793861157,147.11551798485587,2.4692469926280864,18.197207459729775,378.3911780345767,565.2106190194493,690.2549026141654
MAR11382,372.29747938611735,147.1155179848565,2.4692469926290603,18.197207459728652,378.39117803458225,565.2106190194548,690.2549026141655
MAR11384,-56.26766533815091,77.7828701708403,-583.6652732418094,-80.53620131308294,-50.61021684127779,-2.1531805652343756,-0.2714452860354645
MAR11385,-56.26766533815091,77.7828701708403,-583.6652732418094,-80.53620131308294,-50.61021684127779,-2.1531805652343756,-0.2714452860354645
MAR11389,0.0,0.0,0.0,0.0,0.0,0.0,0.0
MAR11390,0.0,0.0,0.0,0.0,0.0,0.0,0.0
MAR11396,-269.91569802802803,273.4818135863634,-978.795264873652,-966.8152944006343,-237.24476481812104,-41.61307416722032,854.950447695383
MAR11400,546.7049382958508,185.24465030473124,16.85412922148771,25.814877492486993,544.2512812177376,887.9707194554513,990.7305641226361
MAR11401,-103.75676052297577,106.45056046828762,-837.6689685759959,-172.9862723286621,-83.1582432334496,-43.90517589370187,-25.695518223602534
MAR11404,96.08216354797725,351.44356382066746,-961.7918843993484,-955.2684111296746,233.6394934265847,359.99564749555475,408.2296420461009
MAR11410,-576.1886526100691,163.02596475974389,-980.6197153889472,-975.4976478778578,-562.693429874168,-346.58511637924386,-3.719259362204866
MAR11411,103.75676052297561,106.45056046828765,25.695518223602424,43.90517589370164,83.15824323344931,172.9862723286619,837.6689685759959
MAR11412,103.75676052297571,106.45056046828763,25.695518223602527,43.90517589370186,83.15824323344947,172.986272328662,837.6689685759959
MAR11416,5.869724893400518e-16,8.479224034338071e-16,-8.938183155305706e-16,-3.443798773948234e-16,2.3203132075874033e-16,2.30304113709545e-15,2.5168826999948435e-15
MAR11419,0.0,0.0,0.0,0.0,0.0,0.0,0.0
MAR11420,-253.6276710443673,219.75353166380765,-969.9463914699897,-931.8948313580038,-193.2656710958808,-46.111430352717306,9.099252553455486
MAR11423,115.93206855437583,54.230677724464684,3.092133340038272,7.903421622441811,112.22061724835288,205.96268480103143,286.5582053756458
MAR11424,573.3717465955415,112.32052125754703,170.72798694904878,340.97010406686496,589.819464219526,685.8192981922019,956.9242643832439
MAR11427,0.0,0.0,0.0,0.0,0.0,0.0,0.0
MAR11428,484.8921239211249,179.20420477455795,7.212145290727213,279.5420269624314,454.95555404972924,970.8882081192527,978.6243739278185
MAR11433,-503.196521543687,152.99658067918685,-982.7097320406098,-976.5136598793243,-468.7508157295333,-353.4697960122124,-46.52845512697306
MAR11438,-272.1877293966857,196.36398018848374,-495.61862381085166,-443.6906493248122,-317.7291163048759,-31.55088393164796,891.3572089289363
MAR11442,272.1877293966857,196.3639801884837,-891.3572089289363,31.550883931647963,317.72911630487584,443.69064932481234,495.6186238108517
MAR11443,0.0,0.0,0.0,0.0,0.0,0.0,0.0
MAR11445,0.0,0.0,0.0,0.0,0.0,0.0,0.0
MAR11446,0.0,0.0,0.0,0.0,0.0,0.0,0.0
MAR11467,0.0,0.0,0.0,0.0,0.0,0.0,0.0
MAR11468,0.0,0.0,0.0,0.0,0.0,0.0,0.0
MAR11473,0.0,0.0,0.0,0.0,0.0,0.0,0.0
MAR11476,-144.13498250196946,122.95877913622586,-930.2672915688684,-212.23638045497069,-143.0896585786478,-3.938448507855412,-0.15700504359930964
MAR11477,-144.13498250196955,122.95877913622583,-930.2672915688685,-212.23638045497083,-143.08965857864808,-3.938448507855412,-0.15700504359931075
MAR11478,-144.13498250197006,122.9587791362259,-930.2672915688681,-212.2363804549712,-143.08965857864902,-3.938448507855412,-0.15700504359931208
MAR11479,0.0,0.0,0.0,0.0,0.0,0.0,0.0
MAR11480,0.0,0.0,0.0,0.0,0.0,0.0,0.0
MAR11481,0.0,0.0,0.0,0.0,0.0,0.0,0.0
MAR11486,0.0,0.0,0.0,0.0,0.0,0.0,0.0
MAR11487,0.0,0.0,0.0,0.0,0.0,0.0,0.0
MAR11488,0.0,0.0,0.0,0.0,0.0,0.0,0.0
MAR11489,0.0,0.0,0.0,0.0,0.0,0.0,0.0
MAR11490,0.0,0.0,0.0,0.0,0.0,0.0,0.0
MAR11506,0.0,0.0,0.0,0.0,0.0,0.0,0.0
MAR11507,0.0,0.0,0.0,0.0,0.0,0.0,0.0
MAR11539,0.0,0.0,0.0,0.0,0.0,0.0,0.0
MAR11540,0.0,0.0,0.0,0.0,0.0,0.0,0.0
MAR11541,0.0,0.0,0.0,0.0,0.0,0.0,0.0
MAR11543,0.0,0.0,0.0,0.0,0.0,0.0,0.0
MAR11544,34.854862434547684,25.290435995312095,0.10966600149668838,1.3339938956314723,32.79379911570108,80.56904702293421,121.42521813673524
MAR11555,181.744668272097,130.7980903580356,1.5582878827512914,3.8116874998154775,172.27329561343527,301.80810601804603,732.520393617017
MAR11556,181.74466827209696,130.7980903580356,1.5582878827512914,3.8116874998154793,172.27329561343532,301.80810601804603,732.520393617017
MAR11557,181.74466827209696,130.7980903580356,1.5582878827512914,3.8116874998154793,172.27329561343532,301.80810601804603,732.520393617017
MAR11569,0.0,0.0,0.0,0.0,0.0,0.0,0.0
MAR11572,0.0,0.0,0.0,0.0,0.0,0.0,0.0
MAR11578,0.0,0.0,0.0,0.0,0.0,0.0,0.0
MAR11580,119.56277566072757,70.96398426287547,0.5108407194498286,9.71209182635016,114.75214896723683,244.12784104655583,290.6410819867666
MAR11582,0.8713039433533922,1.2603114670020545,0.0011554123826339334,0.02357848020021828,0.4208613322365163,2.5462119026920114,10.91338968807358
MAR11583,-1.721874039467015,0.003513328383965782,-1.7506379629812725,-1.7264405583139222,-1.7208012320280452,-1.719860156509336,-1.7198178801001
MAR11587,1.1191565110771076,1.0611996765879856,0.0009686127868864846,0.01121168413905072,0.7214346494900471,3.6416645386788478,3.710967664575416
MAR11588,3.533426456889712,3.3176413705147922,0.0017664633941347453,0.013981918098401507,2.795641676489127,10.065270252365304,10.232841899647479
MAR11589,2.0080719091158725,2.6251370326979067,0.0006704532708506314,0.000728496138050197,1.1292619467474623,5.980717973429673,17.946060227223295
MAR11590,2.276040254004278,1.9936786884323756,0.0024404364227716253,0.012634037770415291,1.9622373362542531,6.031403825335205,10.881688413567145
MAR11591,0.6380851425332199,0.7984606982235493,0.000632344832847778,0.000680072327051687,0.24791133776788415,2.63240024695776,3.214764858923197
MAR11592,2.119217846701336,2.604066518274978,0.001697789569814274,0.015991577474776343,1.5947344642763808,10.114322576866677,13.34334309678155
MAR11593,2.010008380675955,1.8954457384487786,0.0043260260615176176,0.013360029756781001,1.4144496674048281,6.784242776540459,9.221516821244144
MAR11594,6.49584819990194,4.516543937105397,0.0007951975155561806,0.01047434055452667,6.066159932005456,15.247183657007726,15.735319987445324
MAR11595,1.3073431365228956,1.6258291717482662,0.002224561293942946,0.012320866686846598,0.8239516632908479,4.634838203744994,8.745902090278456
MAR11596,1.8953324493497972,1.9977729329633311,0.002440436422771622,0.012148169051361919,1.068975959519904,6.556201456522898,7.420806654485922
MAR11597,2.004283346544449,2.7276638713372026,0.0007951975155561847,0.011731652888357208,0.5922020046248188,8.254876012536176,10.478185269176318
MAR11598,5.0206437425034185,3.433827648635716,0.00242486527177301,0.0652212127378623,4.384390861420535,11.047720529270721,11.934515046375655
MAR11599,2.9486550018604856,2.501915478647565,0.0016977895698142786,0.049592127630179415,2.3824840676180603,8.050403916760589,8.81779625991268
MAR11600,4.145367610568501,3.7427575538546094,0.0007250258959743083,0.00239194517789108,2.483972125047712,11.626200054831132,17.79859777613032
MAR11601,0.4842476356623818,1.051941149942363,0.00050348747862713,0.03154224499387303,0.11240923035683272,2.1828678307028224,7.025562023906726
MAR11602,0.6188564436172376,1.337420646816735,0.004243054546732388,0.009428368232482031,0.255842881341388,1.270436198762946,8.118787171283817
MAR11603,1.8459051959710882,1.568307602843714,0.0023796977725458915,0.012419640161657928,1.057686235274371,4.45979461537755,6.4951274599947775
MAR11604,0.5270807570702877,0.8921497129057948,0.0006323448328477762,0.0006523703453178292,0.23211797360375808,2.154792323683911,6.125541812952298
MAR11605,0.8244700493683171,1.805426786588172,0.00028145444946128806,0.005500680023072535,0.2075815480075709,5.171460749811026,10.703617482438146
MAR11606,0.73174123375618,0.6838105911570355,0.0014223736828812758,0.002858339229765279,0.5760693559267698,2.3444270050271303,2.381026593562478
MAR11607,2.7293358529123597,3.1495693196961057,0.0007951975155561841,0.011437695803534926,1.0431552142876095,8.749440929730428,11.995539180770926
MAR11608,1.0706142060342698,1.1968755159844178,0.0007951975155561847,0.010657179229599512,0.7668225560342229,3.1782489238790848,6.83014200831417
MAR11609,2.4477136441285303,3.467865557507427,0.0024404364227716183,0.012557940683106417,0.8714857101425143,10.466106230445755,12.203083184111808
MAR11610,6.444287077217248,6.6471186720679,0.002440436422771622,0.01947842679439303,4.391723523882785,22.527404679892076,22.77018516334299
MAR11611,5.546725712708234,4.071924151479329,0.002506112822093958,0.062677090045565,4.385324582932634,11.273199988651106,13.630987327848102
MAR11612,0.7244384016862387,1.0050244873689416,0.0007383846610153211,0.002440471881738871,0.4145381822919719,3.041482278345414,4.613935807597782
MAR11627,0.7469397774222531,0.8919092271117635,0.0007064754535907462,0.0016834685860141903,0.42195726841633874,3.0281522224033743,3.071926329012728
MAR11647,0.0,0.0,0.0,0.0,0.0,0.0,0.0
MAR11653,3.533426456889712,3.3176413705147922,0.0017664633941347453,0.013981918098401507,2.795641676489127,10.065270252365304,10.232841899647479
MAR11654,2.0080719091158725,2.6251370326979067,0.0006704532708506314,0.000728496138050197,1.1292619467474623,5.980717973429673,17.946060227223295
MAR11655,2.276040254004278,1.9936786884323756,0.0024404364227716253,0.012634037770415291,1.9622373362542531,6.031403825335205,10.881688413567145
MAR11656,0.6380851425332199,0.7984606982235493,0.000632344832847778,0.000680072327051687,0.24791133776788415,2.63240024695776,3.214764858923197
MAR11657,2.119217846701336,2.604066518274978,0.001697789569814274,0.015991577474776343,1.5947344642763808,10.114322576866677,13.34334309678155
MAR11658,2.010008380675955,1.8954457384487786,0.0043260260615176176,0.013360029756781001,1.4144496674048281,6.784242776540459,9.221516821244144
MAR11659,6.49584819990194,4.516543937105397,0.0007951975155561806,0.01047434055452667,6.066159932005456,15.247183657007726,15.735319987445324
MAR11660,1.3073431365228956,1.6258291717482662,0.002224561293942946,0.012320866686846598,0.8239516632908479,4.634838203744994,8.745902090278456
MAR11661,1.8953324493497972,1.9977729329633311,0.002440436422771622,0.012148169051361919,1.068975959519904,6.556201456522898,7.420806654485922
MAR11662,2.004283346544449,2.7276638713372026,0.0007951975155561847,0.011731652888357208,0.5922020046248188,8.254876012536176,10.478185269176318
MAR11663,5.0206437425034185,3.433827648635716,0.00242486527177301,0.0652212127378623,4.384390861420535,11.047720529270721,11.934515046375655
MAR11664,2.9486550018604856,2.501915478647565,0.0016977895698142786,0.049592127630179415,2.3824840676180603,8.050403916760589,8.81779625991268
MAR11665,4.145367610568501,3.7427575538546094,0.0007250258959743083,0.00239194517789108,2.483972125047712,11.626200054831132,17.79859777613032
MAR11666,0.4842476356623818,1.051941149942363,0.00050348747862713,0.03154224499387303,0.11240923035683272,2.1828678307028224,7.025562023906726
MAR11667,0.6188564436172376,1.337420646816735,0.004243054546732388,0.009428368232482031,0.255842881341388,1.270436198762946,8.118787171283817
MAR11668,1.8459051959710882,1.568307602843714,0.0023796977725458915,0.012419640161657928,1.057686235274371,4.45979461537755,6.4951274599947775
MAR11669,0.5270807570702877,0.8921497129057948,0.0006323448328477762,0.0006523703453178292,0.23211797360375808,2.154792323683911,6.125541812952298
MAR11670,0.8244700493683171,1.805426786588172,0.00028145444946128806,0.005500680023072535,0.2075815480075709,5.171460749811026,10.703617482438146
MAR11671,0.73174123375618,0.6838105911570355,0.0014223736828812758,0.002858339229765279,0.5760693559267698,2.3444270050271303,2.381026593562478
MAR11672,2.7293358529123597,3.1495693196961057,0.0007951975155561841,0.011437695803534926,1.0431552142876095,8.749440929730428,11.995539180770926
MAR11673,1.0706142060342698,1.1968755159844178,0.0007951975155561847,0.010657179229599512,0.7668225560342229,3.1782489238790848,6.83014200831417
MAR11674,1.1191565110771076,1.0611996765879856,0.0009686127868864846,0.01121168413905072,0.7214346494900471,3.6416645386788478,3.710967664575416
MAR11675,2.4477136441285303,3.467865557507427,0.0024404364227716183,0.012557940683106417,0.8714857101425143,10.466106230445755,12.203083184111808
MAR11676,6.444287077217248,6.6471186720679,0.002440436422771622,0.01947842679439303,4.391723523882785,22.527404679892076,22.77018516334299
MAR11677,0.7469397774222531,0.8919092271117635,0.0007064754535907462,0.0016834685860141903,0.42195726841633874,3.0281522224033743,3.071926329012728
MAR11678,5.546725712708234,4.071924151479329,0.002506112822093958,0.062677090045565,4.385324582932634,11.273199988651106,13.630987327848102
MAR11679,0.7244384016862387,1.0050244873689416,0.0007383846610153211,0.002440471881738871,0.4145381822919719,3.041482278345414,4.613935807597782
MAR11749,0.0,0.0,0.0,0.0,0.0,0.0,0.0
MAR11751,0.0,0.0,0.0,0.0,0.0,0.0,0.0
MAR11761,7.616562390698192,7.028541018627743,0.0036471836272148742,0.19466838045198423,4.9512202733251645,20.86139254379622,26.882077090853397
MAR11779,-115.93206855437583,54.230677724464684,-286.5582053756458,-205.96268480103143,-112.22061724835288,-7.903421622441812,-3.092133340038272
MAR11790,613.2726385345776,212.9117336628401,17.501046758187595,19.92210195877431,689.1320214724149,820.397019118655,966.4979675717002
MAR11791,129.13214902047105,136.1558394821647,0.1745849734915934,8.068780357718746,95.84293133595926,260.57286642701297,947.1964675064347
MAR11797,130.78366204722784,64.13105736957895,2.7759783078741966,6.1019031656935985,137.8158642566333,226.00102473038228,246.24258152686963
MAR11798,190.70093791419492,83.35323646644291,2.8726704366249103,9.774111134383192,221.07775621085852,283.9014686487472,329.445613050134
MAR11802,1.9950571447153334,1.9483471541079675,0.003804574667172751,0.0494517739466891,1.240882057061482,7.364620623455342,8.156426663636017
MAR11815,0.0023217735221570763,4.7373690697284535e-06,0.0023190009985775252,0.0023190580040525575,0.0023203269494989735,0.002327931012370736,0.002360558772691093
MAR11832,86.92744907162313,54.75451934190447,0.8542212915588325,4.733275823246352,87.93034117249134,181.39738495179068,216.56684509529313
MAR11833,86.92744907162316,54.75451934190441,0.8542212915590156,4.73327582324635,87.93034117249141,181.3973849517904,216.56684509529325
MAR11856,7.616562390698191,7.028541018627742,0.0036471836272149037,0.19466838045198429,4.9512202733251645,20.861392543796224,26.88207709085339
MAR11894,-89.79843979546803,60.445023209514154,-233.4054784655055,-190.1577595716155,-91.83302277433697,-2.430951084663827,19.686708410716975
MAR11895,-89.79843979546727,60.44502320951441,-233.40547846550515,-190.1577595716183,-91.8330227743399,-2.4309510846634272,19.686708410719348
MAR11896,115.23144113722786,177.36349510118004,-932.5988409319631,-57.844242953726194,153.09086055363207,297.59441936392693,388.7602393039819
MAR11897,115.23144113722752,177.36349510117955,-932.5988409319631,-57.84424295372626,153.09086055362948,297.59441936392466,388.7602393039782
MAR11900,0.0,0.0,0.0,0.0,0.0,0.0,0.0
MAR11905,0.0,0.0,0.0,0.0,0.0,0.0,0.0
MAR11906,0.0,0.0,0.0,0.0,0.0,0.0,0.0
MAR11913,421.6221623512367,178.81962397538834,9.17362832790252,144.53317632878108,393.7136114070091,975.2223404247119,981.7507928658241
MAR11914,421.6221623512378,178.81962397538803,9.173628327902794,144.5331763287812,393.71361140701265,975.222340424712,981.7507928658233
MAR11917,0.0,0.0,0.0,0.0,0.0,0.0,0.0
MAR11925,0.0,0.0,0.0,0.0,0.0,0.0,0.0
MAR11926,613.2726385345775,212.91173366284005,17.501046758187595,19.92210195877431,689.1320214724144,820.3970191186548,966.4979675717002
MAR11933,0.0,0.0,0.0,0.0,0.0,0.0,0.0
MAR11935,0.0,0.0,0.0,0.0,0.0,0.0,0.0
MAR11937,0.0,0.0,0.0,0.0,0.0,0.0,0.0
MAR11938,0.0,0.0,0.0,0.0,0.0,0.0,0.0
MAR11941,180.18181024557677,81.04764897393444,0.5645395141562406,6.52280254226165,204.02836651869566,280.8179217960181,326.51650468251296
MAR11942,180.18181024557663,81.04764897393439,0.5645395141562406,6.52280254226165,204.02836651869552,280.817921796018,326.5165046825128
MAR11947,667.2576710872809,180.05198269318086,100.37022380341669,205.22180457359556,687.1575805679852,928.0065633971071,961.5013895376076
MAR11948,-2.345636973937421,134.78396111168962,-942.9364751444024,-51.38397503020865,8.043974089996425,97.43289821341361,149.71277123628897
MAR11949,-2.3456369739383764,134.7839611116896,-942.9364751444027,-51.38397503021026,8.043974089995594,97.4328982134128,149.71277123628812
MAR11952,0.0,0.0,0.0,0.0,0.0,0.0,0.0
MAR11958,827.0022198135463,182.90276348418314,182.22517509637407,212.27634808629327,868.8309401779904,972.5093358023466,999.6589464457804
MAR11959,-827.0022198135462,182.90276348418317,-999.6589464457804,-972.5093358023468,-868.8309401779899,-212.27634808629327,-182.2251750963741
MAR11960,-129.13214902047076,136.15583948216462,-947.1964675064347,-260.5728664270135,-95.84293133596012,-8.068780357719495,-0.1745849734920739
MAR11961,-2.715204367824465e-14,3.021768480222865e-14,-2.0728995146010882e-13,-5.6453662167576377e-14,-1.958722578816702e-14,-1.2297545661722689e-15,2.899169398021069e-15
MAR11963,0.0,0.0,0.0,0.0,0.0,0.0,0.0
MAR11965,-0.0023217735221570768,4.737369069728446e-06,-0.002360558772691093,-0.0023279310123707356,-0.0023203269494989727,-0.0023190580040525583,-0.0023190009985775257
MAR11973,-224.74304721194136,98.6395289079439,-491.0644042827992,-486.7696699418075,-207.8539906584817,-92.6579251202236,-12.746350694313591
MAR11974,-224.7430472119414,98.6395289079439,-491.0644042827992,-486.7696699418075,-207.85399065848176,-92.65792512022362,-12.746350694313584
MAR11975,-86.92744907162316,54.75451934190443,-216.56684509529313,-181.39738495179054,-87.93034117249131,-4.733275823246358,-0.8542212915589946
MAR11976,86.92744907162309,54.75451934190444,0.8542212915588312,4.73327582324635,87.93034117249128,181.39738495179063,216.566845095293
MAR11977,0.0,0.0,0.0,0.0,0.0,0.0,0.0
MAR11986,0.0,0.0,0.0,0.0,0.0,0.0,0.0
MAR11987,0.0,0.0,0.0,0.0,0.0,0.0,0.0
MAR11989,0.0,0.0,0.0,0.0,0.0,0.0,0.0
MAR11990,0.0,0.0,0.0,0.0,0.0,0.0,0.0
MAR11992,0.014985263514836103,0.018323618310150808,1.86309672624601e-05,0.0005421285784454183,0.008717331945034885,0.04774398385345703,0.138820339706619
MAR11993,0.014985263514836101,0.018323618310150808,1.8630967262470528e-05,0.0005421285784453964,0.008717331945034861,0.047743983853457045,0.138820339706619
MAR11995,0.0,0.0,0.0,0.0,0.0,0.0,0.0
MAR11996,0.0,0.0,0.0,0.0,0.0,0.0,0.0
MAR11998,0.0,0.0,0.0,0.0,0.0,0.0,0.0
MAR11999,0.0,0.0,0.0,0.0,0.0,0.0,0.0
MAR12016,0.0,0.0,0.0,0.0,0.0,0.0,0.0
MAR12036,-5.669146643939406e-14,4.82786575963274e-14,-2.349031612333792e-13,-1.437466392315921e-13,-5.445881249396724e-14,4.405504107598246e-16,7.931868009330157e-15
MAR12040,-168.2425357144201,127.72762700140692,-897.7180960324016,-262.09244248991524,-173.2230223846015,-4.779812336983683,27.722513233536212
MAR12044,0.0,0.0,0.0,0.0,0.0,0.0,0.0
MAR12058,-5.658937580484355e-14,4.770014378517659e-14,-2.3495128100048206e-13,-1.405340016331611e-13,-5.492741877255651e-14,3.3093001376669154e-16,8.065399043298528e-15
MAR12088,0.0,0.0,0.0,0.0,0.0,0.0,0.0
MAR12090,0.0,0.0,0.0,0.0,0.0,0.0,0.0
MAR12092,0.0,0.0,0.0,0.0,0.0,0.0,0.0
MAR12093,0.0,0.0,0.0,0.0,0.0,0.0,0.0
MAR12094,0.0,0.0,0.0,0.0,0.0,0.0,0.0
MAR12095,0.0,0.0,0.0,0.0,0.0,0.0,0.0
MAR12126,0.0,0.0,0.0,0.0,0.0,0.0,0.0
MAR12127,-1.721874039467015,0.003513328383965782,-1.7506379629812725,-1.7264405583139222,-1.7208012320280452,-1.719860156509336,-1.7198178801001
MAR12129,0.0,0.0,0.0,0.0,0.0,0.0,0.0
MAR12130,0.0,0.0,0.0,0.0,0.0,0.0,0.0
MAR12131,0.0,0.0,0.0,0.0,0.0,0.0,0.0
MAR12136,5.658937580484355e-14,4.770014378517659e-14,-8.065399043298528e-15,-3.309300137666917e-16,5.492741877255651e-14,1.4053400163316108e-13,2.3495128100048206e-13
MAR12143,-355.0197411614873,175.7710817386522,-974.7036729736611,-970.3482949606366,-350.0754403605822,-102.08530571667045,-2.0754496385136463
MAR12144,355.0197411614917,175.77108173865213,2.075449638514129,102.08530571667046,350.07544036058914,970.3482949606378,974.7036729736614
MAR12145,19.74447536386587,19.341518367060942,0.0415612655694651,0.20828162180744542,14.13573078565448,62.28457488376467,69.8411072562496
MAR12146,21.150382479169398,15.277095686170682,0.004495479654141239,0.9016221995879272,21.116509220726975,46.00484682929174,66.16390805791015
MAR12148,-79.00754343557679,40.515219075833876,-157.4813565065141,-134.97710271498605,-87.59338639505017,-2.6868134347595483,-0.11312183991890379
MAR12149,57.85716095640816,29.98757944031046,0.00010568837543955422,1.758362564478448,67.58922901847333,98.00674310695612,109.05271029446763
MAR12151,-66.28008542555841,35.130524918877626,-124.4697442339135,-111.20386761357379,-68.37823799190232,-1.5883908249772798,-0.12193404776655825
MAR12152,46.53561006169084,27.582577089280655,0.08037278219644016,1.420154024062457,43.285575657322255,91.97520600266452,104.34397936228662
MAR12154,18.114833250091767,12.944378843084184,0.1712392521729407,0.8203008434085186,16.63467103703467,41.13286320296367,46.05055548008475
MAR12155,-24.50760017874752,15.293218556406412,-57.579965227841285,-48.865654861302666,-25.102644491427554,-0.9665744749773524,-0.1993135587681536
MAR12156,6.392766928653606,6.03754559182863,0.0016354363572798503,0.05405715120338449,4.357144400594336,19.5547979467097,26.305039213901196
MAR12158,16.035120504363974,9.988712457306063,0.02093496714290065,0.3370508337112502,16.540114498494503,33.31564030291202,38.105126034339946
MAR12159,-90.71636707378822,54.02569646512839,-189.30493725567624,-170.04762598361012,-83.25846938788743,-3.2561183192898357,-0.7919080381802814
MAR12160,74.68124656942388,48.47729744692496,0.48594040171255987,2.751438362224009,65.46804653440559,145.97550475365983,165.1495462653359
MAR12162,-8.88981297934847,16.08471143646484,-70.81458711911432,-61.365567751646054,-3.6050967249377095,-0.019972730007424392,-0.000267772743200112
MAR12163,8.88981297934724,16.08471143646447,0.00026777274331889265,0.01997273000579675,3.60509672493526,61.36556775164335,70.81458711911455
MAR12165,-14.471202903440847,10.863107140696233,-57.0373244208364,-33.76386844134139,-13.72334090733952,-0.2671189134018455,-0.032361524753468984
MAR12166,14.471202903441343,10.863107140696211,0.03236152475371359,0.26711891340208926,13.723340907339619,33.76386844134265,57.037324420835404
MAR12171,2.8669879275836663,2.6300148335788163,0.0003510443010724016,0.08805912391375846,2.175127348176188,7.292324233400129,13.820577985014511
MAR12172,2.8669879275837085,2.6300148335788336,0.000351044301073846,0.08805912391379489,2.175127348176213,7.292324233400268,13.820577985014486
MAR12178,7.876675996092641,5.794803489696786,0.004374779820043858,0.1171204325147838,6.892141136576772,18.395164365778154,27.024272325312367
MAR12179,0.0,0.0,0.0,0.0,0.0,0.0,0.0
MAR12180,7.876675996092412,5.7948034896966005,0.004374779820046581,0.1171204325147865,6.892141136576695,18.395164365777056,27.02427232531237
MAR12182,-528.6049399890409,166.82598789301224,-986.6134415671612,-980.6362469003534,-508.2086229584355,-191.22055947604133,-44.76923488876017
MAR12183,20.066327310582654,20.904214746985726,5.742347174605236e-05,0.30795949839148656,10.283903643993014,59.399951385296745,65.60078170221277
MAR12185,-19.916608298115566,18.745567430038747,-84.2406946287334,-58.911115363355634,-15.56279723399729,-0.49623410023662384,-3.8487149820909394e-05
MAR12186,19.916608298115452,18.745567430038637,3.848714979968392e-05,0.4962341002366269,15.562797233997276,58.91111536335533,84.24069462873325
MAR12187,0.0,0.0,0.0,0.0,0.0,0.0,0.0
MAR12188,0.0,0.0,0.0,0.0,0.0,0.0,0.0
MAR12189,0.0,0.0,0.0,0.0,0.0,0.0,0.0
MAR12191,4.734552118060082,4.646505698804632,0.007425803092891559,0.135729629735969,3.4279747262422156,13.56083483285501,24.371025757682574
MAR12192,20.2000145687481,89.79690342136345,0.0012689430155094841,0.09005598297109019,2.701226348501324,28.629649592055593,661.9711989429071
MAR12193,24.934566686808953,90.78650457199691,0.11818337721776478,0.5241240426379826,7.165113055855464,32.63519271537936,661.980156481974
MAR12194,-20.200014568749005,89.7969034213633,-661.971198942907,-28.629649592055028,-2.7012263485039307,-0.09005598297107942,-0.0012689430154995164
MAR12195,2.0656333604737727,2.079557215640572,0.0025142263047471143,0.030269684116717203,1.1947565676283745,6.563595337018208,7.744077153793127
MAR12196,2.0656333604737696,2.079557215640572,0.0025142263047471217,0.030269684116717252,1.1947565676283611,6.5635953370182145,7.744077153793134
MAR12199,21.150382479169394,15.277095686170679,0.004495479654141586,0.9016221995879272,21.116509220726964,46.004846829291736,66.16390805791013
MAR12200,19.74447536386588,19.34151836706094,0.0415612655694651,0.20828162180744558,14.135730785654484,62.28457488376467,69.8411072562496
MAR12201,18.11483325009176,12.94437884308418,0.1712392521729411,0.8203008434085207,16.634671037034668,41.13286320296367,46.05055548008474
MAR12202,16.035120504363995,9.988712457306075,0.020934967142900093,0.33705083371124983,16.540114498494525,33.315640302912065,38.10512603434007
MAR12208,7.8766759960924135,5.794803489696601,0.004374779820046608,0.1171204325147865,6.892141136576699,18.39516436577706,27.02427232531237
MAR12211,24.93456668680893,90.7865045719969,0.11818337721776478,0.5241240426379803,7.165113055855466,32.63519271537935,661.9801564819738
MAR12220,5.173689362493825,5.059769289247792,0.00799686112748533,0.09524661016507233,3.748091412032819,12.749447035122714,35.368312363277795
MAR12221,20.066327310582654,20.904214746985726,5.742347174603848e-05,0.30795949839148656,10.283903643993014,59.39995138529673,65.60078170221276
MAR12230,79.22173833144006,36.68897768838594,0.11277412800939937,3.873020576277039,87.73416178872858,129.1474222551378,176.33015606562307
MAR12234,0.583256948017143,1.0558400372818653,0.000913298380207341,0.07014233382658226,0.269221952412559,1.0701647354400199,6.889398697975309
MAR12235,0.583256948017143,1.0558400372818655,0.000913298380207341,0.07014233382658223,0.2692219524125591,1.0701647354400199,6.8893986979753095
MAR12237,1.782533375901151,2.689416985387293,0.001697789569814298,0.026481789589599337,1.1104487979972912,4.712770193330223,16.996049422962127
MAR12238,1.7825333759011517,2.689416985387293,0.0016977895698143013,0.026481789589600003,1.1104487979972917,4.712770193330225,16.996049422962127
MAR12240,0.9287997476245092,1.4153375048868104,0.0006323448328477831,0.0006904930293957345,0.45465354877856246,4.479024197872983,7.098158153049669
MAR12241,0.9287997476245307,1.4153375048868104,0.0006323448328752378,0.0006904930294244593,0.45465354877857067,4.479024197873007,7.098158153049678
MAR12244,0.0,0.0,0.0,0.0,0.0,0.0,0.0
MAR12246,0.0,0.0,0.0,0.0,0.0,0.0,0.0
MAR12247,0.0,0.0,0.0,0.0,0.0,0.0,0.0
MAR12248,0.0,0.0,0.0,0.0,0.0,0.0,0.0
MAR12250,0.0,0.0,0.0,0.0,0.0,0.0,0.0
MAR12251,0.0,0.0,0.0,0.0,0.0,0.0,0.0
MAR12252,0.0,0.0,0.0,0.0,0.0,0.0,0.0
MAR12258,5.173689362493826,5.059769289247792,0.007996861127485301,0.09524661016507188,3.748091412032823,12.749447035122714,35.368312363277795
MAR12259,0.0,0.0,0.0,0.0,0.0,0.0,0.0
MAR12260,5.173689362493822,5.059769289247791,0.007996861127484973,0.09524661016507197,3.748091412032818,12.749447035122714,35.368312363277795
MAR12263,-75.28243918972363,39.55690766478754,-161.50100728757286,-134.9832487460092,-81.22450103458732,-2.644950912770403,-0.6986702972174044
MAR12264,55.21611187914225,28.620151364009008,0.4762200597055239,2.144871723111445,59.568376524015065,97.56931922626654,137.52668404289182
MAR12265,0.0,0.0,0.0,0.0,0.0,0.0,0.0
MAR12267,-20.437436877606473,12.897701435491776,-43.95434086262078,-38.78952794500944,-24.095507500007614,-0.19476751915193571,-0.011329781966296082
MAR12268,20.437436877606487,12.897701435491781,0.011329781966307689,0.1947675191519405,24.09550750000759,38.78952794500919,43.95434086262079
MAR12270,-20.370509075039344,13.513747059016662,-46.64332898100741,-41.161585535799325,-19.235547454701454,-0.26636511122871565,-0.01333290895598438
MAR12271,20.370509075039443,13.513747059016728,0.01333290895594098,0.266365111228723,19.23554745470165,41.16158553579957,46.64332898100746
MAR12272,0.0,0.0,0.0,0.0,0.0,0.0,0.0
MAR12273,0.0,0.0,0.0,0.0,0.0,0.0,0.0
MAR12274,0.0,0.0,0.0,0.0,0.0,0.0,0.0
MAR12276,0.0,0.0,0.0,0.0,0.0,0.0,0.0
MAR12277,0.0,0.0,0.0,0.0,0.0,0.0,0.0
MAR12278,0.0,0.0,0.0,0.0,0.0,0.0,0.0
MAR12280,1.3051412511305043,1.4896155625031773,0.0007951975155561947,0.04125331124485586,1.1204896798843356,4.610292794078068,6.963410299807594
MAR12281,1.3051412511305045,1.4896155625031775,0.0007951975155562341,0.041253311244855866,1.1204896798843356,4.6102927940780685,6.963410299807595
MAR12283,0.0,0.0,0.0,0.0,0.0,0.0,0.0
MAR12284,1.3085593142777052,1.7276461285384552,0.0007388296345895946,0.011679265805853758,0.30782652904348407,5.163717745062527,5.533933685280652
MAR12285,1.3085593142777048,1.7276461285384546,0.0007388296345895972,0.011679265805853758,0.30782652904348384,5.163717745062526,5.533933685280652
MAR12287,2.040527166375321,2.341715218806539,0.0008361280733512293,0.018009181743721573,1.2256733958637338,8.864044536998827,9.023960658277963
MAR12288,2.040527166375321,2.341715218806539,0.0008361280733512293,0.018009181743721573,1.2256733958637338,8.864044536998827,9.023960658277963
MAR12289,79.22173833144001,36.68897768838592,0.11277412800940181,3.873020576277037,87.73416178872856,129.1474222551377,176.33015606562304
MAR12291,2.2332513659086772,2.2790585690134777,0.0011869190689088544,0.015981676561113038,1.5777357122766158,7.029343080352945,7.694635573012846
MAR12292,2.2332513659086772,2.2790585690134777,0.0011869190689088554,0.01598167656111311,1.5777357122766145,7.029343080352944,7.694635573012846
MAR12295,-103.52823747219597,48.11383144200681,-219.47752185599353,-183.1459214390089,-110.22045440789827,-6.973101666641132,-2.718015102677242
MAR12296,24.306499140757545,20.885417923157597,0.012915105717152986,2.285520104947797,17.769138921754134,67.17644552873519,102.21028521760218
MAR12298,0.0,0.0,0.0,0.0,0.0,0.0,0.0
MAR12301,-12.071978721883834,8.495233515635245,-29.862192029689613,-24.19131762497323,-11.60906650477613,-0.22530655559275348,-0.011992820422382372
MAR12302,12.071978721883832,8.495233515635245,0.011992820422382394,0.22530655559275348,11.60906650477613,24.19131762497322,29.862192029689613
MAR12303,1.494511167563959,1.8519997031547122,0.0004952933919188524,0.011148207309098107,0.382167618786149,4.983151581101566,5.682206134093257
MAR12304,1.49451116756396,1.8519997031547117,0.0004952933919188524,0.011148207309098107,0.3821676187861509,4.983151581101566,5.682206134093257
MAR12306,-22.379474305905322,21.89762534832839,-104.82788214566006,-68.6901683568136,-14.108513052589672,-1.8543773526538831,-0.06657875086739296
MAR12307,22.379474305909014,21.89762534832831,0.06657875087373497,1.8543773526617817,14.108513052595159,68.6901683568138,104.8278821456633
MAR12308,0.0,0.0,0.0,0.0,0.0,0.0,0.0
MAR12310,0.0,0.0,0.0,0.0,0.0,0.0,0.0
MAR12318,0.0,0.0,0.0,0.0,0.0,0.0,0.0
MAR12319,0.0,0.0,0.0,0.0,0.0,0.0,0.0
MAR12332,0.0,0.0,0.0,0.0,0.0,0.0,0.0
MAR12333,0.0,0.0,0.0,0.0,0.0,0.0,0.0
MAR12334,0.0,0.0,0.0,0.0,0.0,0.0,0.0
MAR12335,0.0,0.0,0.0,0.0,0.0,0.0,0.0
MAR12336,0.0,0.0,0.0,0.0,0.0,0.0,0.0
MAR12337,32.80007513402866,24.092673442028893,0.16247651144306532,1.6229120570054107,27.840075775492572,72.86046831405838,90.92082759477205
MAR12338,32.80007513402866,24.092673442028893,0.16247651144306532,1.6229120570054107,27.840075775492576,72.86046831405838,90.92082759477205
MAR12340,11.796342637996583,11.798715875200145,0.005842462900048074,0.23366576556175364,7.860239762858546,33.32405015726654,47.584562873862076
MAR12341,11.796342637996583,11.798715875200138,0.005842462900048105,0.23366576556175353,7.860239762858571,33.32405015726653,47.58456287386206
MAR12342,11.796342637996586,11.79871587520014,0.005842462900048109,0.23366576556175364,7.860239762858578,33.32405015726654,47.584562873862076
MAR12343,0.0,0.0,0.0,0.0,0.0,0.0,0.0
MAR12347,3.2650261525749347,4.339350540553362,0.0009538793994519726,0.038122844348041966,1.9068116322557955,9.388313181935724,28.958265778665336
MAR12348,3.265026152574932,4.339350540553363,0.0009538793994519865,0.038122844348041904,1.906811632255795,9.388313181935727,28.958265778665336
MAR12349,3.2650261525749382,4.3393505405533634,0.0009538793994522724,0.03812284434804246,1.9068116322558075,9.38831318193573,28.958265778665336
MAR12351,0.0,0.0,0.0,0.0,0.0,0.0,0.0
MAR12353,0.0,0.0,0.0,0.0,0.0,0.0,0.0
MAR12355,0.0,0.0,0.0,0.0,0.0,0.0,0.0
MAR12360,0.0,0.0,0.0,0.0,0.0,0.0,0.0
MAR12363,0.0,0.0,0.0,0.0,0.0,0.0,0.0
MAR12365,0.0,0.0,0.0,0.0,0.0,0.0,0.0
MAR12367,0.0,0.0,0.0,0.0,0.0,0.0,0.0
MAR12369,0.0,0.0,0.0,0.0,0.0,0.0,0.0
MAR12372,0.0,0.0,0.0,0.0,0.0,0.0,0.0
MAR12374,0.0,0.0,0.0,0.0,0.0,0.0,0.0
MAR12375,0.0,0.0,0.0,0.0,0.0,0.0,0.0
MAR12379,0.0,0.0,0.0,0.0,0.0,0.0,0.0
MAR12381,0.0,0.0,0.0,0.0,0.0,0.0,0.0
MAR12386,0.0,0.0,0.0,0.0,0.0,0.0,0.0
MAR12387,0.0,0.0,0.0,0.0,0.0,0.0,0.0
MAR12392,0.0,0.0,0.0,0.0,0.0,0.0,0.0
MAR12393,0.0,0.0,0.0,0.0,0.0,0.0,0.0
MAR12397,0.0,0.0,0.0,0.0,0.0,0.0,0.0
MAR12402,0.0,0.0,0.0,0.0,0.0,0.0,0.0
MAR12403,0.0,0.0,0.0,0.0,0.0,0.0,0.0
MAR12404,6.172350507862637,4.800015460676776,0.0030846127863384037,0.0481564468949642,5.285789299449353,13.177880007663752,18.62678013031993
MAR12405,6.172350507862637,4.800015460676776,0.0030846127863384176,0.0481564468949642,5.285789299449353,13.177880007663752,18.62678013031993
MAR12406,25.797797316065825,47.491973538296314,0.004589918033999151,0.4289829851788156,11.9360258444975,89.64950302942114,241.6419935356733
MAR12408,25.797797316065814,47.491973538296314,0.004589918033999706,0.4289829851788154,11.936025844497479,89.64950302942117,241.64199353567327
MAR12409,0.0,0.0,0.0,0.0,0.0,0.0,0.0
MAR12411,0.0,0.0,0.0,0.0,0.0,0.0,0.0
MAR12412,0.0,0.0,0.0,0.0,0.0,0.0,0.0
MAR12413,0.0,0.0,0.0,0.0,0.0,0.0,0.0
MAR12414,0.0,0.0,0.0,0.0,0.0,0.0,0.0
MAR12423,0.0,0.0,0.0,0.0,0.0,0.0,0.0
MAR12425,0.0,0.0,0.0,0.0,0.0,0.0,0.0
MAR12427,0.0,0.0,0.0,0.0,0.0,0.0,0.0
MAR12432,5.4840657618686475,4.640335414876409,0.0019093995789677414,0.12865911550799278,4.327442979459084,14.08800306544168,19.125029713779185
MAR12434,0.0,0.0,0.0,0.0,0.0,0.0,0.0
MAR12436,0.0,0.0,0.0,0.0,0.0,0.0,0.0
MAR12437,0.0,0.0,0.0,0.0,0.0,0.0,0.0
MAR12439,0.0,0.0,0.0,0.0,0.0,0.0,0.0
MAR12440,7.008118982473135,7.889410263656554,0.0006742883929624962,0.08616173589266925,3.012926950571578,22.62504638425789,28.747856693402372
MAR12441,7.008118982473135,7.889410263656555,0.0006742883929624962,0.08616173589266925,3.0129269505715777,22.62504638425789,28.747856693402372
MAR12443,0.0,0.0,0.0,0.0,0.0,0.0,0.0
MAR12455,0.0,0.0,0.0,0.0,0.0,0.0,0.0
MAR12456,0.0,0.0,0.0,0.0,0.0,0.0,0.0
MAR12457,0.0,0.0,0.0,0.0,0.0,0.0,0.0
MAR12459,0.0,0.0,0.0,0.0,0.0,0.0,0.0
MAR12462,4.8806352089304,5.223782106631451,0.0026437220041967135,0.1764151443785305,2.8685229121532063,16.42663171089842,25.12734242831732
MAR12466,4.880635208930375,5.223782106631445,0.0026437220041819753,0.1764151443784775,2.868522912153151,16.4266317108984,25.1273424283173
MAR12469,4.880635208930404,5.223782106631452,0.0026437220041979903,0.17641514437853476,2.868522912153214,16.426631710898427,25.127342428317327
MAR12472,0.0,0.0,0.0,0.0,0.0,0.0,0.0
MAR12474,0.0,0.0,0.0,0.0,0.0,0.0,0.0
MAR12497,0.0,0.0,0.0,0.0,0.0,0.0,0.0
MAR12499,297.6868963169693,123.86870729916255,7.696809130525951,11.151851500041206,331.20740575679156,456.4375311627371,486.0804327706376
MAR12501,297.68689631696975,123.86870729916284,7.696809130525951,11.151851500041202,331.2074057567917,456.4375311627385,486.08043277063905
MAR12505,0.0,0.0,0.0,0.0,0.0,0.0,0.0
MAR12506,15.202562922199512,11.068655565989376,0.03279928831892973,0.39202109904633836,14.614994481402029,36.74732133418693,54.754246154629804
MAR12508,-282.48433339476867,119.16670815242148,-476.91772191949326,-444.99830377838606,-313.4373032294608,-10.899850584270716,-7.534958169605261
MAR12509,0.0,0.0,0.0,0.0,0.0,0.0,0.0
MAR12511,11.796342637996586,11.798715875200141,0.005842462900048105,0.23366576556175353,7.8602397628585745,33.32405015726654,47.584562873862076
MAR12515,0.0,0.0,0.0,0.0,0.0,0.0,0.0
MAR12516,0.0,0.0,0.0,0.0,0.0,0.0,0.0
MAR12517,0.0,0.0,0.0,0.0,0.0,0.0,0.0
MAR12522,15.061368790571322,11.970149598526175,0.028748721336238063,0.3026724961402744,11.370197145108007,38.6220254453766,48.1632867793786
MAR12524,0.0,0.0,0.0,0.0,0.0,0.0,0.0
MAR12526,0.0,0.0,0.0,0.0,0.0,0.0,0.0
MAR12528,0.0,0.0,0.0,0.0,0.0,0.0,0.0
MAR12529,0.0,0.0,0.0,0.0,0.0,0.0,0.0
MAR12533,0.0,0.0,0.0,0.0,0.0,0.0,0.0
MAR12535,0.0,0.0,0.0,0.0,0.0,0.0,0.0
MAR12539,0.0,0.0,0.0,0.0,0.0,0.0,0.0
MAR12543,0.0,0.0,0.0,0.0,0.0,0.0,0.0
MAR12555,15.202562922199519,11.068655565989378,0.03279928831893001,0.3920210990463387,14.614994481402036,36.74732133418694,54.75424615462982
MAR12557,0.0,0.0,0.0,0.0,0.0,0.0,0.0
MAR12558,0.0,0.0,0.0,0.0,0.0,0.0,0.0
MAR12562,0.0,0.0,0.0,0.0,0.0,0.0,0.0
MAR12563,0.0,0.0,0.0,0.0,0.0,0.0,0.0
MAR12569,11.610611710652812,11.68505080840753,0.048636386149654626,0.5205552637686341,7.537827184775608,35.6500930663679,57.84907224411914
MAR12571,11.610611710652819,11.685050808407533,0.04863638614965422,0.5205552637686305,7.537827184775616,35.65009306636793,57.849072244119135
MAR12575,0.0,0.0,0.0,0.0,0.0,0.0,0.0
MAR12578,0.0,0.0,0.0,0.0,0.0,0.0,0.0
MAR12582,0.0,0.0,0.0,0.0,0.0,0.0,0.0
MAR12583,0.0,0.0,0.0,0.0,0.0,0.0,0.0
MAR12584,0.0,0.0,0.0,0.0,0.0,0.0,0.0
MAR12585,32.80007513402866,24.092673442028893,0.16247651144306532,1.6229120570054107,27.840075775492576,72.86046831405838,90.92082759477205
MAR12587,11.796342637996586,11.798715875200141,0.005842462900048105,0.23366576556175353,7.860239762858578,33.32405015726654,47.584562873862076
MAR12588,0.0,0.0,0.0,0.0,0.0,0.0,0.0
MAR12589,3.2650261525749333,4.339350540553363,0.0009538793994519726,0.03812284434804189,1.9068116322557942,9.388313181935727,28.958265778665336
MAR12590,0.0,0.0,0.0,0.0,0.0,0.0,0.0
MAR12592,0.0,0.0,0.0,0.0,0.0,0.0,0.0
MAR12594,0.0,0.0,0.0,0.0,0.0,0.0,0.0
MAR12595,0.0,0.0,0.0,0.0,0.0,0.0,0.0
MAR12596,0.0,0.0,0.0,0.0,0.0,0.0,0.0
MAR12599,0.0,0.0,0.0,0.0,0.0,0.0,0.0
MAR12601,0.0,0.0,0.0,0.0,0.0,0.0,0.0
MAR12602,0.0,0.0,0.0,0.0,0.0,0.0,0.0
MAR12606,0.0,0.0,0.0,0.0,0.0,0.0,0.0
MAR12609,6.172350507862637,4.800015460676777,0.0030846127863384176,0.0481564468949642,5.285789299449351,13.177880007663752,18.626780130319933
MAR12610,25.79779731606582,47.491973538296314,0.004589918033999248,0.42898298517881506,11.936025844497486,89.64950302942117,241.64199353567327
MAR12611,0.0,0.0,0.0,0.0,0.0,0.0,0.0
MAR12615,0.0,0.0,0.0,0.0,0.0,0.0,0.0
MAR12617,0.0,0.0,0.0,0.0,0.0,0.0,0.0
MAR12620,0.0,0.0,0.0,0.0,0.0,0.0,0.0
MAR12621,0.0,0.0,0.0,0.0,0.0,0.0,0.0
MAR12622,7.008118982473135,7.889410263656555,0.0006742883929624962,0.08616173589266925,3.0129269505715777,22.62504638425789,28.747856693402372
MAR12627,0.0,0.0,0.0,0.0,0.0,0.0,0.0
MAR12629,0.0,0.0,0.0,0.0,0.0,0.0,0.0
MAR12630,-4.880635208930404,5.223782106631452,-25.127342428317327,-16.426631710898437,-2.868522912153214,-0.1764151443785353,-0.0026437220041979903
MAR12631,4.880635208930379,5.223782106631446,0.0026437220041852505,0.17641514437847608,2.8685229121531486,16.426631710898402,25.1273424283173
MAR12633,0.0,0.0,0.0,0.0,0.0,0.0,0.0
MAR12634,0.0,0.0,0.0,0.0,0.0,0.0,0.0
MAR12644,297.68689631696975,123.86870729916284,7.696809130525951,11.151851500041206,331.2074057567917,456.4375311627384,486.08043277063894
MAR12645,0.0,0.0,0.0,0.0,0.0,0.0,0.0
MAR12646,-282.4843333947682,119.16670815242158,-476.91772191949207,-444.9983037783846,-313.4373032294623,-10.899850584269819,-7.534958169605375
MAR12648,-15.061368790571322,11.970149598526175,-48.1632867793786,-38.62202544537663,-11.370197145108007,-0.3026724961402745,-0.028748721336238063
MAR12650,0.0,0.0,0.0,0.0,0.0,0.0,0.0
MAR12653,0.0,0.0,0.0,0.0,0.0,0.0,0.0
MAR12657,-15.202562922199519,11.068655565989378,-54.75424615462982,-36.74732133418694,-14.614994481402036,-0.3920210990463414,-0.03279928831893001
MAR12660,0.0,0.0,0.0,0.0,0.0,0.0,0.0
MAR12663,11.610611710652815,11.685050808407533,0.048636386149654404,0.5205552637686288,7.537827184775613,35.65009306636793,57.849072244119135
MAR12665,0.0,0.0,0.0,0.0,0.0,0.0,0.0
MAR12668,0.0,0.0,0.0,0.0,0.0,0.0,0.0
MAR12669,0.0,0.0,0.0,0.0,0.0,0.0,0.0
MAR12671,0.0,0.0,0.0,0.0,0.0,0.0,0.0
MAR12672,-1.7775552898247558e-14,1.601984386207884e-14,-4.702760438924839e-14,-4.4513828420726585e-14,-1.7129185148867642e-14,9.01093704756971e-16,6.810440026361588e-15
MAR12674,5.484065761868661,4.640335414876409,0.0019093995789573053,0.12865911550799286,4.327442979459125,14.088003065441692,19.125029713779185
MAR12675,34.127190050944144,21.260451833313002,0.06142618834784418,1.6260488848151948,35.47609340628007,70.30877774796706,98.61689893187436
MAR12676,-51.31147139567642,31.39354529612071,-132.79052639249687,-108.14502219988071,-47.19641589523783,-2.6606673731945034,-0.2726625104574425
MAR12678,17.1842813447324,15.895931859558441,0.006327233267460624,0.4065942239183644,13.453002460870984,51.754506622005096,68.5210458483398
MAR12679,0.0,0.0,0.0,0.0,0.0,0.0,0.0
MAR12681,0.0,0.0,0.0,0.0,0.0,0.0,0.0
MAR12682,-5.5669539697958834e-14,5.671018364640386e-14,-1.8686637692850942e-13,-1.528734781756805e-13,-3.097989975951525e-14,9.14672952713117e-17,2.188879199159602e-15
MAR12683,-12.492184744341797,8.61708948898804,-38.65482042215717,-26.753976712436533,-10.252465864780676,-0.5883943427755719,-0.026215816849421994
MAR12684,-38.97242564189121,26.52697085065507,-102.88596225580044,-84.1360721307072,-33.02796123144273,-1.8413582903550456,-0.16756317762510303
MAR12687,0.0,0.0,0.0,0.0,0.0,0.0,0.0
MAR12690,0.0,0.0,0.0,0.0,0.0,0.0,0.0
MAR12693,0.0,0.0,0.0,0.0,0.0,0.0,0.0
MAR12696,0.0,0.0,0.0,0.0,0.0,0.0,0.0
MAR12697,0.0,0.0,0.0,0.0,0.0,0.0,0.0
MAR12700,-37.4084090267188,49.6236778038936,-252.0066169204467,-116.09365567255078,-24.532959483044863,-1.6807323294468637,-0.7712684687804048
MAR12702,-2.483953487448403e-15,3.295020582945525e-14,-6.391188742347907e-14,-4.854258927029235e-14,-6.698786194668121e-15,6.402866261566244e-14,7.184380383025552e-14
MAR12705,0.0,0.0,0.0,0.0,0.0,0.0,0.0
MAR12709,0.0,0.0,0.0,0.0,0.0,0.0,0.0
MAR12728,0.0,0.0,0.0,0.0,0.0,0.0,0.0
MAR12731,0.0,0.0,0.0,0.0,0.0,0.0,0.0
MAR12734,0.0,0.0,0.0,0.0,0.0,0.0,0.0
MAR12736,0.0,0.0,0.0,0.0,0.0,0.0,0.0
MAR12738,0.0,0.0,0.0,0.0,0.0,0.0,0.0
MAR12739,0.0,0.0,0.0,0.0,0.0,0.0,0.0
MAR12747,0.0,0.0,0.0,0.0,0.0,0.0,0.0
MAR12748,0.0,0.0,0.0,0.0,0.0,0.0,0.0
MAR12751,777.8414183489398,191.54416066789204,24.370684469451472,28.954101251508025,818.6779576574053,958.0757383866462,999.064791932365
MAR12752,-777.8414183489397,191.54416066789204,-999.0647919323651,-958.0757383866463,-818.6779576574053,-28.954101251508032,-24.370684469451472
MAR12753,5.4840657618686475,4.640335414876409,0.0019093995789641886,0.12865911550799272,4.327442979459081,14.088003065441676,19.125029713779185
MAR12754,5.484065761868661,4.640335414876408,0.0019093995789626343,0.12865911550799292,4.327442979459123,14.088003065441688,19.125029713779185
MAR12755,-44.88523120654242,44.014808965959176,-139.82104208013402,-119.25494359003918,-25.732457192717277,1.2141290580839381,9.875358097593448
MAR12756,34.127190050944066,21.260451833313002,0.06142618834784431,1.6260488848151955,35.47609340627996,70.30877774796694,98.61689893187443
MAR12757,10.75804115559659,45.824763726918235,-94.39494696521467,-54.91505008060453,-0.9717891707547395,97.02516663870807,110.12284911504867
MAR12761,17.1842813447324,15.895931859558438,0.006327233267460735,0.4065942239183644,13.45300246087099,51.75450662200509,68.52104584833977
MAR12762,17.1842813447324,15.895931859558438,0.0063272332674624,0.4065942239183644,13.453002460870977,51.75450662200508,68.52104584833978
MAR12763,0.0,0.0,0.0,0.0,0.0,0.0,0.0
MAR12764,0.0,0.0,0.0,0.0,0.0,0.0,0.0
MAR12767,0.0,0.0,0.0,0.0,0.0,0.0,0.0
MAR12768,0.0,0.0,0.0,0.0,0.0,0.0,0.0
MAR12769,641.8824860116147,187.03828424621975,43.39551321472621,183.5462855359614,665.8507710871136,977.3076138851031,983.6098263906488
MAR12770,0.0,0.0,0.0,0.0,0.0,0.0,0.0
MAR12771,-641.8824860116137,187.03828424621986,-983.6098263906485,-977.3076138851025,-665.850771087111,-183.54628553596046,-43.395513214726186
MAR12772,51.31147139567642,31.39354529612071,0.2726625104574425,2.660667373194492,47.19641589523783,108.14502219988069,132.79052639249687
MAR12775,0.0,0.0,0.0,0.0,0.0,0.0,0.0
MAR12777,0.0,0.0,0.0,0.0,0.0,0.0,0.0
MAR12778,0.0,0.0,0.0,0.0,0.0,0.0,0.0
MAR12779,0.0,0.0,0.0,0.0,0.0,0.0,0.0
MAR12780,5.484065761868644,4.640335414876409,0.0019093995789670752,0.1286591155079925,4.327442979459077,14.088003065441669,19.12502971377919
MAR12781,7.008118982473136,7.889410263656554,0.0006742883929626627,0.08616173589267768,3.01292695057158,22.62504638425789,28.747856693402372
MAR12783,12.492184744341797,8.61708948898804,0.026215816849421994,0.58839434277557,10.252465864780673,26.75397671243653,38.65482042215717
MAR12785,38.97242564189121,26.52697085065507,0.16756317762510303,1.841358290355045,33.02796123144273,84.13607213070719,102.88596225580044
MAR12790,0.0,0.0,0.0,0.0,0.0,0.0,0.0
MAR12791,0.0,0.0,0.0,0.0,0.0,0.0,0.0
MAR12792,0.0,0.0,0.0,0.0,0.0,0.0,0.0
MAR12793,0.0,0.0,0.0,0.0,0.0,0.0,0.0
MAR12794,0.0,0.0,0.0,0.0,0.0,0.0,0.0
MAR12795,0.0,0.0,0.0,0.0,0.0,0.0,0.0
MAR12797,0.0,0.0,0.0,0.0,0.0,0.0,0.0
MAR12798,0.0,0.0,0.0,0.0,0.0,0.0,0.0
MAR12808,0.0,0.0,0.0,0.0,0.0,0.0,0.0
MAR12810,0.0,0.0,0.0,0.0,0.0,0.0,0.0
MAR12812,0.0,0.0,0.0,0.0,0.0,0.0,0.0
MAR12815,0.0,0.0,0.0,0.0,0.0,0.0,0.0
MAR12816,0.0,0.0,0.0,0.0,0.0,0.0,0.0
MAR12817,0.0,0.0,0.0,0.0,0.0,0.0,0.0
MAR12818,0.0,0.0,0.0,0.0,0.0,0.0,0.0
MAR12825,37.408409026718786,49.623677803893585,0.7712684687804042,1.6807323294468612,24.53295948304483,116.09365567255077,252.00661692044665
MAR12829,57.96603427718788,27.11533886223239,1.5460666700191363,3.951710811220906,56.110308624176675,102.98134240051597,143.27910268782293
MAR12830,57.96603427718801,27.11533886223236,1.5460666700191368,3.9517108112209063,56.11030862417684,102.98134240051589,143.27910268782293
MAR12832,57.96603427718795,27.11533886223235,1.546066670019136,3.9517108112209067,56.110308624176724,102.9813424005158,143.27910268782287
MAR12834,-2.483953487448403e-15,3.295020582945525e-14,-6.391188742347907e-14,-4.854258927029235e-14,-6.698786194668121e-15,6.402866261566244e-14,7.184380383025552e-14
MAR12843,0.0,0.0,0.0,0.0,0.0,0.0,0.0
MAR12844,0.0,0.0,0.0,0.0,0.0,0.0,0.0
MAR12851,0.0,0.0,0.0,0.0,0.0,0.0,0.0
MAR12865,0.0,0.0,0.0,0.0,0.0,0.0,0.0
MAR12869,25.79779731606585,47.49197353829633,0.004589918033997874,0.4289829851788149,11.936025844497536,89.64950302942123,241.64199353567335
MAR12878,0.0,0.0,0.0,0.0,0.0,0.0,0.0
MAR12881,0.0,0.0,0.0,0.0,0.0,0.0,0.0
MAR12884,11.796342637996583,11.798715875200138,0.005842462900048109,0.23366576556175353,7.860239762858571,33.32405015726653,47.58456287386206
MAR12885,3.265026152574932,4.339350540553363,0.0009538793994519865,0.0381228443480419,1.906811632255795,9.388313181935727,28.958265778665336
MAR12886,0.0,0.0,0.0,0.0,0.0,0.0,0.0
MAR12889,0.0,0.0,0.0,0.0,0.0,0.0,0.0
MAR12890,0.0,0.0,0.0,0.0,0.0,0.0,0.0
MAR12891,0.0,0.0,0.0,0.0,0.0,0.0,0.0
MAR12892,0.0,0.0,0.0,0.0,0.0,0.0,0.0
MAR12893,0.0,0.0,0.0,0.0,0.0,0.0,0.0
MAR12894,0.0,0.0,0.0,0.0,0.0,0.0,0.0
MAR12896,0.0,0.0,0.0,0.0,0.0,0.0,0.0
MAR12898,0.0,0.0,0.0,0.0,0.0,0.0,0.0
MAR12899,0.0,0.0,0.0,0.0,0.0,0.0,0.0
MAR12900,0.0,0.0,0.0,0.0,0.0,0.0,0.0
MAR12901,0.0,0.0,0.0,0.0,0.0,0.0,0.0
MAR12902,0.0,0.0,0.0,0.0,0.0,0.0,0.0
MAR12905,0.0,0.0,0.0,0.0,0.0,0.0,0.0
MAR12906,0.0,0.0,0.0,0.0,0.0,0.0,0.0
MAR12907,6.172350507862637,4.800015460676776,0.0030846127863384176,0.0481564468949642,5.285789299449353,13.177880007663752,18.62678013031993
MAR12908,25.797797316065825,47.49197353829631,0.004589918033999262,0.4289829851788154,11.936025844497513,89.64950302942117,241.64199353567327
MAR12911,0.0,0.0,0.0,0.0,0.0,0.0,0.0
MAR12914,0.0,0.0,0.0,0.0,0.0,0.0,0.0
MAR12915,5.484065761868649,4.640335414876409,0.0019093995789637446,0.1286591155079932,4.327442979459081,14.088003065441676,19.12502971377919
MAR12917,0.0,0.0,0.0,0.0,0.0,0.0,0.0
MAR12918,0.0,0.0,0.0,0.0,0.0,0.0,0.0
MAR12920,7.008118982473135,7.889410263656554,0.0006742883929624962,0.08616173589266925,3.0129269505715786,22.62504638425789,28.747856693402372
MAR12926,4.880635208930403,5.223782106631453,0.002643722004198462,0.1764151443785322,2.8685229121532103,16.426631710898427,25.127342428317327
MAR12927,4.880635208930375,5.223782106631446,0.002643722004180199,0.17641514437847328,2.8685229121531486,16.4266317108984,25.127342428317302
MAR12936,0.0,0.0,0.0,0.0,0.0,0.0,0.0
MAR12937,0.0,0.0,0.0,0.0,0.0,0.0,0.0
MAR12939,0.0,0.0,0.0,0.0,0.0,0.0,0.0
MAR12941,0.0,0.0,0.0,0.0,0.0,0.0,0.0
MAR12943,15.202562922199519,11.068655565989378,0.032799288318929955,0.3920210990463386,14.61499448140204,36.74732133418694,54.75424615462982
MAR12944,0.0,0.0,0.0,0.0,0.0,0.0,0.0
MAR12946,11.610611710652806,11.685050808407532,0.04863638614965454,0.5205552637686308,7.537827184775606,35.6500930663679,57.849072244119135
MAR12948,0.0,0.0,0.0,0.0,0.0,0.0,0.0
MAR12949,0.0,0.0,0.0,0.0,0.0,0.0,0.0
MAR12952,0.0,0.0,0.0,0.0,0.0,0.0,0.0
MAR12953,0.0,0.0,0.0,0.0,0.0,0.0,0.0
MAR12955,0.0,0.0,0.0,0.0,0.0,0.0,0.0
MAR12956,0.0,0.0,0.0,0.0,0.0,0.0,0.0
MAR12957,0.0,0.0,0.0,0.0,0.0,0.0,0.0
MAR12959,51.31147139567643,31.393545296120706,0.2726625104574424,2.660667373194492,47.19641589523783,108.14502219988067,132.7905263924969
MAR12960,-17.1842813447324,15.895931859558438,-68.52104584833978,-51.754506622005096,-13.453002460870977,-0.4065942239183649,-0.0063272332674624
MAR12965,12.492184744341797,8.61708948898804,0.026215816849421862,0.58839434277557,10.25246586478068,26.753976712436536,38.65482042215717
MAR12967,0.0,0.0,0.0,0.0,0.0,0.0,0.0
MAR12968,38.97242564189121,26.52697085065507,0.16756317762510303,1.841358290355045,33.02796123144273,84.13607213070719,102.88596225580044
MAR12970,0.0,0.0,0.0,0.0,0.0,0.0,0.0
MAR12973,0.0,0.0,0.0,0.0,0.0,0.0,0.0
MAR12975,0.0,0.0,0.0,0.0,0.0,0.0,0.0
MAR12976,0.0,0.0,0.0,0.0,0.0,0.0,0.0
MAR12977,0.0,0.0,0.0,0.0,0.0,0.0,0.0
MAR12978,0.0,0.0,0.0,0.0,0.0,0.0,0.0
MAR12979,37.408409026718786,49.623677803893585,0.7712684687804049,1.6807323294468612,24.532959483044827,116.0936556725508,252.00661692044665
MAR12981,-57.96603427718801,27.11533886223235,-143.27910268782287,-102.98134240051583,-56.11030862417685,-3.9517108112209085,-1.5460666700191363
MAR12982,0.0,0.0,0.0,0.0,0.0,0.0,0.0
MAR12991,0.0,0.0,0.0,0.0,0.0,0.0,0.0
MAR12994,0.0,0.0,0.0,0.0,0.0,0.0,0.0
MAR12997,32.80007513402866,24.092673442028893,0.16247651144306532,1.6229120570054107,27.840075775492576,72.86046831405838,90.92082759477205
MAR12999,0.0,0.0,0.0,0.0,0.0,0.0,0.0
MAR13002,25.797797316065854,47.49197353829626,0.004589918033956101,0.42898298517881034,11.936025844497607,89.64950302942081,241.64199353567327
MAR13009,11.796342637996581,11.79871587520014,0.005842462900048105,0.23366576556175364,7.86023976285856,33.32405015726653,47.58456287386206
MAR13010,3.2650261525749396,4.339350540553364,0.0009538793994522506,0.038122844348042535,1.9068116322558077,9.388313181935734,28.958265778665343
MAR13012,0.0,0.0,0.0,0.0,0.0,0.0,0.0
MAR13013,0.0,0.0,0.0,0.0,0.0,0.0,0.0
MAR13016,34.1271900509441,21.260451833313017,0.061426188347843115,1.6260488848151944,35.476093406279986,70.30877774796697,98.61689893187443
MAR13018,57.966034277187994,27.115338862232345,1.5460666700191363,3.951710811220906,56.110308624176795,102.98134240051584,143.27910268782293
MAR13020,0.0,0.0,0.0,0.0,0.0,0.0,0.0
MAR13021,0.0,0.0,0.0,0.0,0.0,0.0,0.0
MAR13023,0.0,0.0,0.0,0.0,0.0,0.0,0.0
MAR13025,15.202562922199515,11.068655565989378,0.032799288318929816,0.3920210990463385,14.61499448140204,36.74732133418694,54.75424615462982
MAR13031,0.0,0.0,0.0,0.0,0.0,0.0,0.0
MAR13040,-0.031777040900063475,0.0542685153294763,-0.35940248626506277,-0.07633839839074934,-0.02271664159548441,0.013949719335303907,0.062453516621992965
MAR13041,-0.10472675589274935,0.046701724414583645,-0.35996083060574957,-0.15160283134506997,-0.10147628153232431,-0.04410569698166462,-0.011758058426526446
MAR13042,-0.11125423062289067,0.04942775013319101,-0.35998010572105754,-0.16319528272813652,-0.10832374211772891,-0.04547222734606197,-0.01310411831430815
MAR13043,-0.08967696065821582,0.04972393419371275,-0.3594717362614009,-0.13928558110836883,-0.08890288482144235,-0.005608117610357875,-0.003978739259110279
MAR13044,2.84981123626503,2.3926501120613075,-0.31233292061512247,0.11412612899585409,2.621363455151986,8.05193283643598,10.711297155916439
MAR13045,-0.11238134925512094,0.04581093783351065,-0.3599644426812108,-0.1487372608859432,-0.11457664957647441,-0.04406767861379837,-0.010234869457409536
MAR13046,7.070341775340499,5.639061028057318,-0.3366667913557924,0.21777060586684902,6.076876513267557,17.72805713366389,26.24247392835937
MAR13047,0.020928085601356405,0.08798988906814584,-0.35929583245670593,-0.06650879070133553,0.008490352833030103,0.15381517400282974,0.20330137408371587
MAR13048,-0.09845391891412004,0.04720185028580013,-0.359545135497472,-0.1350020015857848,-0.09892937323204151,-0.02760748061508438,-0.01322543891089152
MAR13049,-0.09899872776581717,0.046262020556423276,-0.3599521936400431,-0.143207912560069,-0.09187491814840473,-0.04175056448627951,-0.011475987668077014
MAR13050,-0.06516385657007556,0.04813135253146443,-0.3594556969824308,-0.10800924250808139,-0.06367020246170546,-0.00526120500712634,-0.0034845101096031383
MAR13051,-0.09475548549552197,0.04775224315723994,-0.3599510503383283,-0.1453936743643899,-0.08542611063747478,-0.040099871212704766,-0.012163905610014097
MAR13052,-0.05896678971491917,0.04847285504065693,-0.35944808359706804,-0.10277602942114594,-0.05521163163540382,-0.0052070133056031425,-0.003452545805234887
MAR13053,-0.10192481777168873,0.04614651804905103,-0.35995879590672897,-0.14628695140976156,-0.09598243309033669,-0.04488594399202699,-0.011885283760133977
MAR13054,-0.11160345480221401,0.04523069469144769,-0.35995811624259455,-0.1493857832036245,-0.1128474975034717,-0.04706118501630649,-0.013341743721434403
MAR13055,-0.04443476748271266,0.04774475500742392,-0.3577178375124932,-0.0760184402801692,-0.04041345217680284,-0.003012990870499007,-0.00167193978164085
MAR13056,-0.09936427840708302,0.051090845403745457,-0.35992226948076655,-0.14766613582832142,-0.10131060416476699,-0.006395279421713266,-0.004804298800420946
MAR13057,-0.11901679398031882,0.052366771012146,-0.3599276462227232,-0.18094205242825812,-0.11447184433739449,-0.03790205995344536,-0.010052785818077904
MAR13058,-0.1147118757997352,0.04786903241141773,-0.3599810159020962,-0.16398077012468903,-0.1128296832080962,-0.051201510965204214,-0.01346203368111497
MAR13059,-0.0651638565700749,0.04813135253146439,-0.3594556969824308,-0.10800924250807989,-0.06367020246170418,-0.005261205007126342,-0.003484510109603139
MAR13060,0.04161395820483922,0.10338040753398799,-0.34541761781437863,-0.055298589820136,0.026522373515153703,0.2261348999064454,0.3374106738341996
MAR13061,-0.06516385657007465,0.048131352531464375,-0.3594556969824308,-0.10800924250807982,-0.06367020246170371,-0.00526120500712634,-0.0034845101096031444
MAR13062,4.399616888936566,3.6577517826331896,-0.011926799148045522,0.22300413474958836,3.802125454014096,11.350892248215889,17.90547452582174
MAR13063,-0.06516385657007483,0.048131352531464375,-0.35945569698243063,-0.10800924250808,-0.06367020246170409,-0.005261205007126339,-0.0034845101096031383
MAR13075,0.0,0.0,0.0,0.0,0.0,0.0,0.0
MAR13078,0.0,0.0,0.0,0.0,0.0,0.0,0.0
MAR13082,112.48902723629223,0.2295236952387962,112.35469954348466,112.35746143665516,112.41894135169407,112.78735525052026,114.3681575916227
MAR13086,12.643766661359281,0.02579846334484459,12.628668228687674,12.628978665480025,12.635889007930412,12.677298730158455,12.854980913298371
MAR20016,490.62120483557703,176.60062141302285,14.627850216864148,138.1457085766172,494.7844430805902,976.8391755294366,983.213476272055
MAR20111,331.26210433914054,115.40641395492969,12.053901385799396,15.972492217031196,347.45680229824774,478.83998573123614,526.724485473393
MAR20112,5.080721538671733e-16,4.492552308610225e-16,-3.485952215459847e-16,-5.6506706957887424e-18,4.4839708661550675e-16,1.3848958970590443e-15,1.4231783361306924e-15
MAR20114,6.540726321517285,3.833774973672367,0.014347809944253472,0.4057287133488587,6.280260422598672,13.301391620689438,18.98578683335119
MAR20119,0.0,0.0,0.0,0.0,0.0,0.0,0.0
MAR20127,1.85690714023427e-15,2.2181305874785287e-15,-2.3417459700033323e-15,-3.0514239739471416e-16,1.0992672123641096e-15,5.554865185901375e-15,5.710753179129594e-15
MAR20134,0.6006914054418756,0.0012256565325809473,0.5999740955622422,0.5999888440716039,0.6003171468181361,0.6022844770378337,0.6107259615393209
MAR20137,729.3514134127468,110.35628241107408,195.64064040801935,643.5248407836184,715.979771498241,938.0188239516341,990.2380554921067
MAR20139,-734.0280547288751,110.3564176453962,-994.9091122418682,-942.6905343008918,-720.6566094045363,-648.2243763126952,-200.3149791270637
MAR20163,-4.527312132470865,0.009237571305161308,-4.602940928142579,-4.539318850560973,-4.524491406899239,-4.522017043202523,-4.521905886116548
MAR20165,-9.20395344859811,0.018779835315773326,-9.357705585488363,-9.228362915217321,-9.198218958443023,-9.193188616461777,-9.192962635877675
MAR20167,-731.2168100172323,114.82596176329893,-991.6124306441619,-987.2021413694449,-720.3632103516707,-557.4037215122024,-494.4024900833127
MAR20169,2.323492152178705,1.9930089679040088,0.0021254172590811516,0.0761949424261766,1.8026084341236606,6.028301323879108,10.761235727686145
MAR20175,144.13498250196963,122.95877913622586,0.15700504359931033,3.938448507855411,143.08965857864843,212.236380454971,930.2672915688684
MAR20176,0.0,0.0,0.0,0.0,0.0,0.0,0.0
MAR20177,450.4378747737737,135.4907311361208,4.815277348288581,16.951217198561373,483.36972376617183,583.3818032812882,624.0081079750993
MAR20178,450.43787477377384,135.49073113612098,4.815277348288566,16.951217198561373,483.3697237661717,583.3818032812881,624.0081079750992
MAR20183,3.7139414029936004e-15,6.820713305301519e-15,-9.259733955687222e-15,-5.04150378434568e-15,9.87824958561594e-16,1.611547187115732e-14,1.87956780191216e-14
