reaction_id,n_eligible,PR_objective,PR_objective_se,PR_relative_objective_mean,PR_relative_objective_median,occ_obj_k,occ_obj_p,occ_obj_jeffreys_lo,occ_obj_jeffreys_hi,occ_obj_m,occ_flip_k,occ_flip_p,occ_flip_jeffreys_lo,occ_flip_jeffreys_hi,occ_flip_mean_obj_drop_given_flip,PR_hybrid
MAR07819,557,2.3830154707359803,0.11831668696239502,0.019088798835751864,5.69169924144067e-16,254,0.45601436265709155,0.41496938862505767,0.49751513151780874,5.225746524409248,254,0.45601436265709155,0.41496938862505767,0.49751513151780874,5.225746524409248,2.3830154707359945
MAR08966,564,2.353439037588561,0.11737476661764464,0.018851881119705406,4.7823813414993315e-16,254,0.450354609929078,0.4096353358714309,0.4915819601867905,5.225746524409251,254,0.450354609929078,0.4096353358714309,0.4915819601867905,5.225746524409251,2.353439037588563
MAR06513,554,1.4077099227136392,0.10740480468110052,0.0112762555945444,1.1664604013101713e-16,140,0.2527075812274368,0.2178742230604514,0.29011703091879804,5.57050926559543,140,0.2527075812274368,0.2178742230604514,0.29011703091879804,5.57050926559543,1.4077099227136465
MAR00568,577,1.3515967022241855,0.10375625997264953,0.010826768803080747,1.138339848288134e-16,140,0.24263431542461006,0.20900306731129265,0.2788400004785145,5.570509265595409,140,0.24263431542461006,0.20900306731129265,0.2788400004785145,5.570509265595409,1.3515967022241895
MAR08998,555,0.9839672732735878,0.09186410119802592,0.007881926731546501,1.138339848288134e-16,103,0.18558558558558558,0.15492159949758036,0.21951863609374098,5.301959579289725,103,0.18558558558558558,0.15492159949758036,0.21951863609374098,5.301959579289725,0.9839672732735885
MAR10214,556,0.5531056670198811,0.07257984152415713,0.004430572500394233,0.0,55,0.09892086330935251,0.07618682416254148,0.12581595216577973,5.5913954702373925,55,0.09892086330935251,0.07618682416254148,0.12581595216577973,5.5913954702373925,0.553105667019886
MAR10142,571,0.538575745819709,0.07076858317039847,0.00431418267989351,0.0,55,0.09632224168126094,0.07416197704075461,0.1225607841260814,5.591395470237388,55,0.09632224168126094,0.07416197704075461,0.1225607841260814,5.591395470237388,0.5385757458197133
MAR10143,545,0.5303096525966701,0.07239732634274311,0.004247968342374573,0.0,53,0.09724770642201835,0.07450372844328579,0.12425406200566605,5.453184163494093,53,0.09724770642201835,0.07450372844328579,0.12425406200566605,5.453184163494093,0.5303096525966733
MAR00943,590,0.5212317811238195,0.06859962125706688,0.004175251373252868,0.0,55,0.09322033898305085,0.07174668596893373,0.11867159717421912,5.591395470237395,55,0.09322033898305085,0.07174668596893373,0.11867159717421912,5.591395470237395,0.521231781123825
MAR00947,557,0.5188846690577825,0.07091141717851186,0.004156450173418565,0.0,53,0.09515260323159784,0.0728797682406356,0.12161792832043838,5.4531841634940825,53,0.09515260323159784,0.0728797682406356,0.12161792832043838,5.4531841634940825,0.5188846690577852
MAR10145,560,0.516104929759253,0.07054938606833192,0.004134183476060919,0.0,53,0.09464285714285714,0.07248478289038765,0.12097627185269227,5.45318416349407,53,0.09464285714285714,0.07248478289038765,0.12097627185269227,5.45318416349407,0.5161049297592601
MAR05116,550,0.4346096585562957,0.0443351962622726,0.003579072943942888,0.0,88,0.16,0.1311812398183269,0.19238563024436456,2.7163103659768155,0,0.0,0.0,0.0045546887593671224,0.0,0.0
MAR01616,558,0.4283786957096028,0.043753792291660924,0.003527760070194539,0.0,88,0.15770609318996415,0.1292699950270579,0.18968178116238082,2.7163103659767995,0,0.0,0.0,0.004489564580987142,0.0,0.0
MAR06500,561,0.4271586647387012,0.06280960056333582,0.0034216923567127054,0.0,46,0.08199643493761141,0.06142992520991778,0.10686032055364153,5.209478498226421,46,0.08199643493761141,0.06142992520991778,0.10686032055364153,5.209478498226421,0.42715866473870834
MAR11443,561,0.4260879005453784,0.043539626737754314,0.003508895043081186,1.138339848288134e-16,88,0.1568627450980392,0.12856756774769632,0.18868730872233855,2.71631036597682,0,0.0,0.0,0.004465620583537596,0.0,0.0
MAR03047,573,0.41821293353999,0.061546225026210544,0.0033500338780381358,0.0,46,0.08027923211169284,0.06013002038511415,0.10465334055922342,5.209478498226447,46,0.08027923211169284,0.06013002038511415,0.10465334055922342,5.209478498226447,0.41821293353999395
MAR06218,562,0.3793033436478379,0.06097940189129467,0.003038354267328975,0.0,39,0.0693950177935943,0.0505696529095397,0.09263865145175076,5.4658584392330924,39,0.0693950177935943,0.0505696529095397,0.09263865145175076,5.4658584392330924,0.37930334364784807
MAR03977,563,0.33667588402415416,0.032770928516812924,0.002818471577143736,0.0,90,0.15985790408525755,0.1313642015714069,0.19183783026988013,2.1060946967288787,0,0.0,0.0,0.004449799303901048,0.0,0.0
MAR00408,540,0.28453985936183174,0.05245390051715504,0.002279265159127831,0.0,30,0.05555555555555555,0.03856348063599551,0.07729147976791648,5.121717468512988,30,0.05555555555555555,0.03856348063599551,0.07729147976791648,5.121717468512988,0.2845398593618326
MAR03975,580,0.22700182862628754,0.027086385173018722,0.0018993149427835787,1.138339848288134e-16,66,0.11379310344827587,0.0898811665508103,0.14154696263128438,1.9948645545946098,0,0.0,0.0,0.004319712401627411,0.0,0.0
MAR04874,571,0.13885378712254562,0.02481249895481387,0.001141851863345714,0.0,50,0.08756567425569177,0.06645735707729396,0.11284038345421943,1.5857102489394423,0,0.0,0.0,0.00438761958448344,0.0,0.0
MAR03802,559,0.09839256234986454,0.018864523161223796,0.0008099448915416742,0.0,77,0.13774597495527727,0.11107134040594471,0.16815964271679182,0.7143044461503234,0,0.0,0.0,0.004481554769642852,0.0,0.0
MAR05122,560,0.08756807031256368,0.01882115799637251,0.0007249556925954382,0.0,42,0.075,0.05535458849833123,0.09902207584433605,1.1675742708342045,0,0.0,0.0,0.0044735734878779895,0.0,0.0
MAR05347,557,0.06572070537078574,0.015377129351601645,0.0005485865035609573,0.0,18,0.03231597845601436,0.019959777823250115,0.049507127914072004,2.033690716196158,0,0.0,0.0,0.004497603075155535,0.0,0.0
MAR06388,543,0.05585958066342371,0.01479124606643865,0.00046872836416613465,0.0,14,0.02578268876611418,0.014851603830876152,0.04173862221106878,2.166553735732535,0,0.0,0.0,0.004613242186326175,0.0,0.0
MAR03958,558,0.05503928695674897,0.012436735668970803,0.0004558123166032822,1.138339848288134e-16,99,0.1774193548387097,0.14743249076852435,0.21074214795255847,0.3102214355744063,0,0.0,0.0,0.004489564580987142,0.0,0.0
MAR03804,555,0.04674977057066298,0.013376007673599864,0.00038573381752514293,0.0,56,0.1009009009009009,0.0779196687714229,0.12803014338939359,0.4633236190480111,0,0.0,0.0,0.004513766730450679,0.0,0.0
MAR08097,529,0.026629841421799947,0.00930679576450969,0.00021952215953013028,0.0,23,0.043478260869565216,0.02851864659416723,0.06340932518878649,0.61248635270146,0,0.0,0.0,0.004734984668033456,0.0,0.0
MAR08096,557,0.025291177939200875,0.008841972985968668,0.00020848693427551315,0.0,23,0.04129263913824058,0.027075107251511164,0.06025498127913829,0.6124863527014675,0,0.0,0.0,0.004497603075155535,0.0,0.0
MAR04785,568,0.024801384000228847,0.008671821960524823,0.00020444933519616525,0.0,23,0.040492957746478875,0.02654720776119127,0.05909998037143928,0.61248635270146,0,0.0,0.0,0.004410732264444036,0.0,0.0
MAR05342,575,0.021641951376478282,0.008846027732493685,0.0001812673273918722,0.0,6,0.010434782608695653,0.0043668338446863925,0.021381001818760015,2.0740203402453594,0,0.0,0.0,0.004357176858116289,0.0,0.0
MAR02416,562,0.018195926940102653,0.012045638263385765,0.00015305342755948781,0.0,8,0.014234875444839857,0.00675210115946153,0.02667908152158465,1.27826386754265,0,0.0,0.0,0.0044576959055467585,0.0,0.0
MAR01807,549,0.01663023691292607,0.00621107707655514,0.00013766079773293302,0.0,30,0.0546448087431694,0.03792602893515006,0.07603944158287008,0.3043333355064855,0,0.0,0.0,0.004562962366977274,0.0,0.0
MAR01805,550,0.016600000118533947,0.006199847657388244,0.0001374105053733783,0.0,30,0.05454545454545454,0.037856499583920004,0.07590282511149639,0.3043333355064505,0,0.0,0.0,0.0045546887593671224,0.0,0.0
MAR01806,565,0.016159292150790514,0.006036150034459411,0.0001337624388590839,0.0,30,0.05309734513274336,0.03684333559919391,0.07391092923360398,0.30433333550647695,0,0.0,0.0,0.004434089734923025,0.0,0.0
MAR04855,575,0.01601396488784874,0.009286118497109683,0.0001340283633555545,0.0,5,0.008695652173913044,0.0033255506806541676,0.018954051964537477,1.8416059621034464,0,0.0,0.0,0.004357176858116289,0.0,0.0
MAR01461,583,0.010681564659124003,0.0061899120879788175,8.92451059371653e-05,0.0,3,0.005145797598627788,0.001451349691712646,0.013668362989248903,2.0757840654236523,0,0.0,0.0,0.004297541386555887,0.0,0.0
MAR01621,570,0.008750502589230349,0.005064398383837457,7.188049229461353e-05,0.0,3,0.005263157894736842,0.001484498876566196,0.013978591459974342,1.662595491953411,0,0.0,0.0,0.004395296850147243,0.0,0.0
MAR02418,572,0.008146972535528372,0.004634587294823499,6.856014150338351e-05,0.0,4,0.006993006993006993,0.0023649306522930662,0.016541103600390215,1.1650170725819002,0,0.0,0.0,0.004379969091767465,0.0,0.0
MAR04964,555,0.007832558830453591,0.0035700748059943705,6.444111394980748e-05,0.0,8,0.014414414414414415,0.006837550650982507,0.027013262998729852,0.5433837688625882,0,0.0,0.0,0.004513766730450679,0.0,0.0
MAR04922,563,0.0057231529589198814,0.0016937310327727296,4.7362215030662e-05,0.0,14,0.02486678507992895,0.014321409861435175,0.04026833610784539,0.23015250828466907,0,0.0,0.0,0.004449799303901048,0.0,0.0
MAR03950,552,0.0052943332778879314,0.004804095439224687,4.362824509821422e-05,0.0,3,0.005434782608695652,0.0015329792843456033,0.014432141037696453,0.9741573231318057,0,0.0,0.0,0.004538231229443332,0.0,0.0
MAR08433,555,0.005265715260173382,0.00477813238309827,4.3392416746362186e-05,0.0,3,0.005405405405405406,0.001524680509008514,0.014354516589836502,0.9741573231317915,0,0.0,0.0,0.004513766730450679,0.0,0.0
MAR03952,559,0.0052280357234189565,0.004743948383128577,4.3081916447568586e-05,0.0,3,0.005366726296958855,0.0015137542416732487,0.01425230697857638,0.9741573231317394,0,0.0,0.0,0.004481554769642852,0.0,0.0
MAR08434,567,0.005154271550963263,0.004677027050235276,4.247405871998425e-05,0.0,3,0.005291005291005291,0.0014923648726776688,0.014052193017909794,0.9741573231315973,0,0.0,0.0,0.00441849069762059,0.0,0.0
MAR06404,576,0.0050737360579685324,0.0046039621328156964,4.1810401552394764e-05,0.0,3,0.005208333333333333,0.0014690130515072224,0.01383367736649547,0.9741573231317489,0,0.0,0.0,0.004349632068826215,0.0,0.0
MAR03929,526,0.004755292891610544,0.004755292891611032,3.913426050226139e-05,0.0,1,0.0019011406844106464,0.00020520511947707027,0.008851141523621202,2.501284060987402,0,0.0,0.0,0.00476191306791176,0.0,0.0
MAR10355,551,0.004539535500881971,0.004539535500884529,3.735865884606063e-05,0.0,1,0.0018148820326678765,0.00019589122504018103,0.008451067020723334,2.501284060987373,0,0.0,0.0,0.004546445100963565,0.0,0.0
MAR10242,559,0.004474568982083901,0.004474568982088257,3.682400898778369e-05,0.0,1,0.0017889087656529517,0.0001930867882726941,0.008330572700867386,2.501284060987331,0,0.0,0.0,0.004481554769642852,0.0,0.0
MAR03806,553,0.004233613131990888,0.0007884353321877982,3.5607081964354805e-05,0.0,29,0.05244122965641953,0.03614723825290452,0.07340006193100666,0.08073062282727599,0,0.0,0.0,0.00453004698365408,0.0,0.0
MAR04658,600,0.00416880676831075,0.004168806768312624,3.430770170697352e-05,0.0,1,0.0016666666666666668,0.00017988820768708954,0.0077632956471862715,2.5012840609875724,0,0.0,0.0,0.0041760829862302375,0.0,0.0
MAR10175,535,0.0041648711192006005,0.0041648711192024635,3.503959742778426e-05,0.0,1,0.001869158878504673,0.00020175180396866455,0.008702824171505889,2.228206048773316,0,0.0,0.0,0.004682031321548599,0.0,0.0
MAR05105,564,0.004151042663100711,0.0007734380572502503,3.491261759977032e-05,0.0,29,0.051418439716312055,0.03543665164915033,0.07198477948567032,0.08073062282725393,0,0.0,0.0,0.004441930629657058,0.0,0.0
MAR03807,565,0.004143695684947929,0.0007721028827893656,3.485082535632855e-05,0.0,29,0.05132743362831858,0.03537343585604732,0.07185881855621841,0.08073062282724562,0,0.0,0.0,0.004434089734923025,0.0,0.0
MAR05004,547,0.004074604158140972,0.004074604158139071,3.4281191481802195e-05,0.0,1,0.0018281535648994515,0.00019732421611597548,0.008512630827699149,2.228808474502074,0,0.0,0.0,0.004579600085029117,0.0,0.0
MAR06387,548,0.00406716874906285,0.004067168749091298,3.421863456278942e-05,0.0,1,0.0018248175182481751,0.00019696400643367813,0.008497155940003023,2.228808474502003,0,0.0,0.0,0.004571266087298871,0.0,0.0
MAR01998,553,0.004029305693985839,0.004029305693984346,3.3899068035949584e-05,0.0,1,0.0018083182640144665,0.0001951825061751891,0.008420617836866456,2.2282060487733446,0,0.0,0.0,0.00453004698365408,0.0,0.0
MAR04972,568,0.0038576424025991963,0.003848340075834292,3.1664204755934505e-05,0.0,2,0.0035211267605633804,0.0007324000163667342,0.011247443020241991,1.095570442338584,0,0.0,0.0,0.004410732264444036,0.0,0.0
MAR05411,566,0.0031558507526871387,0.0020705386230844562,2.6346735851757123e-05,0.0,11,0.019434628975265017,0.01036838853039127,0.03338221098945882,0.16238286600203622,0,0.0,0.0,0.0044262764728495866,0.0,0.0
MAR02220,562,0.0029905313775597277,0.002990531377563603,2.5177401270320855e-05,0.0,1,0.0017793594306049821,0.00019205571584528607,0.008286268455670891,1.6806786341907411,0,0.0,0.0,0.0044576959055467585,0.0,0.0
MAR00125,574,0.002628250672543686,0.002188033624993798,2.1786281422144897e-05,0.0,5,0.008710801393728223,0.00333135747946437,0.018986886839343933,0.3017231772084017,0,0.0,0.0,0.004364747866934595,0.0,0.0
MAR01485,551,0.0020974701500414013,0.0020974701500394897,1.7470528997250623e-05,0.0,1,0.0018148820326678765,0.00019589122504018103,0.008451067020723334,1.1557060526717606,0,0.0,0.0,0.004546445100963565,0.0,0.0
MAR05124,571,0.0020302550544539877,0.0020302550544619162,1.6708230596522437e-05,0.0,1,0.0017513134851138354,0.00018902752724047776,0.008156138766443392,1.159275636097746,0,0.0,0.0,0.00438761958448344,0.0,0.0
MAR09421,579,0.0016761909870262083,0.0009693899187973758,1.3818380582781978e-05,0.0,3,0.0051813471502590676,0.001461390667938107,0.013762341223930464,0.3235048604956792,0,0.0,0.0,0.00432715366313485,0.0,0.0
MAR08666,537,0.0011741256487016452,0.00037381796955770027,9.843558686492716e-06,0.0,10,0.0186219739292365,0.009613554316153294,0.03278116657161839,0.06305054733507513,0,0.0,0.0,0.004664642427888463,0.0,0.0
MAR09175,545,0.0011568907767921166,0.00036837544181563475,9.699066081904156e-06,0.0,10,0.01834862385321101,0.009471867100328282,0.03230363314485183,0.06305054733506803,0,0.0,0.0,0.004596359577531593,0.0,0.0
MAR08664,549,0.0011484617000929868,0.0003657131712179754,9.628398933757017e-06,0.0,10,0.018214936247723135,0.009402578227612233,0.03207004572803631,0.06305054733501687,0,0.0,0.0,0.004562962366977274,0.0,0.0
MAR09451,549,0.0011484617000887677,0.00036571317121828167,9.628398933721025e-06,0.0,10,0.018214936247723135,0.009402578227612233,0.03207004572803631,0.06305054733506661,0,0.0,0.0,0.004562962366977274,0.0,0.0
MAR04280,559,0.0011279167680720934,0.00035922284202413,9.456155661258098e-06,0.0,10,0.017889087656529516,0.009233711515766461,0.03150059341040337,0.06305054733529256,0,0.0,0.0,0.004481554769642852,0.0,0.0
MAR09174,574,0.001098441591206643,0.00034990804446901827,9.209043579520171e-06,0.0,10,0.017421602787456445,0.008991486186574162,0.03068334758466709,0.06305054733507229,0,0.0,0.0,0.004364747866934595,0.0,0.0
MAR04348,556,0.0010642639187165295,0.001064263918719807,8.73566471943662e-06,0.0,1,0.0017985611510791368,0.00019412899131147516,0.00837535325375638,0.5917307388082094,0,0.0,0.0,0.0045056704064922026,0.0,0.0
MAR03800,560,0.001056662033579617,0.0010566620335861253,8.673267114271497e-06,0.0,1,0.0017857142857142857,0.00019274186956587947,0.008315752072668547,0.5917307388082236,0,0.0,0.0,0.0044735734878779895,0.0,0.0
MAR05348,567,0.0010436168232980597,0.0010436168232948963,8.566189742570001e-06,0.0,1,0.001763668430335097,0.00019036151646349572,0.008213466049762475,0.5917307388082094,0,0.0,0.0,0.00441849069762059,0.0,0.0
MAR20178,568,0.001041779469730336,0.0010417794697326918,8.551108422553194e-06,0.0,1,0.0017605633802816902,0.00019002625711924957,0.00819905881099314,0.5917307388081667,0,0.0,0.0,0.004410732264444036,0.0,0.0
MAR20177,576,0.0010273103103898408,0.0010273103104309412,8.432343027486038e-06,0.0,1,0.001736111111111111,0.00018738610407250116,0.008085595276362871,0.591730738808181,0,0.0,0.0,0.004349632068826215,0.0,0.0
MAR09240,536,0.000983222433845458,0.0009832224338422971,8.189587842716637e-06,0.0,1,0.0018656716417910447,0.0002013752634831121,0.008686650724978725,0.5270072245394744,0,0.0,0.0,0.004673320699286043,0.0,0.0
MAR08141,547,0.0009634501362750095,0.0009634501362695697,8.024897776429561e-06,0.0,1,0.0018281535648994515,0.00019732421611597548,0.008512630827699149,0.5270072245394601,0,0.0,0.0,0.004579600085029117,0.0,0.0
MAR08137,557,0.0009461530063570069,0.0009461530063544762,7.880824207708438e-06,0.0,1,0.0017953321364452424,0.00019378034245828791,0.008360373006427606,0.5270072245394459,0,0.0,0.0,0.004497603075155535,0.0,0.0
MAR04889,542,0.0009272259860988911,0.00024314660549189072,7.809834001458976e-06,0.0,23,0.042435424354243544,0.027829750273167937,0.061904717193647686,0.021850281933286298,0,0.0,0.0,0.00462173008405905,0.0,0.0
MAR03166,545,0.0009221219898542622,0.00024182484259573924,7.766844089601194e-06,0.0,23,0.04220183486238532,0.027675474735898813,0.06156758347471032,0.02185028193345374,0,0.0,0.0,0.004596359577531593,0.0,0.0
MAR11257,557,0.0009022558069441927,0.00023667840154648745,7.599515312045283e-06,0.0,23,0.04129263913824058,0.027075107251511164,0.06025498127913829,0.021850281933286295,0,0.0,0.0,0.004497603075155535,0.0,0.0
MAR03164,559,0.0008990277002918183,0.00023584187734740963,7.572325632863583e-06,0.0,23,0.04114490161001789,0.026977569451848246,0.06004163560145336,0.021850281933287533,0,0.0,0.0,0.004481554769642852,0.0,0.0
MAR03885,562,0.0008942286200522251,0.00023459811726688469,7.531903965873429e-06,0.0,23,0.04092526690391459,0.02683257342155277,0.05972443446112604,0.021850281933288147,0,0.0,0.0,0.0044576959055467585,0.0,0.0
MAR00161,563,0.0008926402921217538,0.0002341864399553844,7.51852580600669e-06,0.0,23,0.04085257548845471,0.026784587172462314,0.05961944412594368,0.021850281933283203,0,0.0,0.0,0.004449799303901048,0.0,0.0
MAR03163,564,0.0008910575965673641,0.00023377620460001973,7.505195086486149e-06,0.0,23,0.040780141843971635,0.0267367722605845,0.05951482221956268,0.021850281933289393,0,0.0,0.0,0.004441930629657058,0.0,0.0
MAR09286,564,0.0008692775339288638,0.0008692775339255066,7.135286869996924e-06,0.0,1,0.0017730496453900709,0.00019137443015776614,0.008256993168099334,0.4902725291339891,0,0.0,0.0,0.004441930629657058,0.0,0.0
MAR03817,533,0.0004475889223808838,0.00025793087473943287,3.7657355065041473e-06,0.0,3,0.005628517823639775,0.0015877109903846003,0.014943949487523572,0.07952163187586332,0,0.0,0.0,0.004699550344959981,0.0,0.0
MAR01804,537,0.0004442549266792656,0.0002560132065953495,3.7376853350997386e-06,0.0,3,0.00558659217877095,0.0015758661709867582,0.014833206065297656,0.07952163187587276,0,0.0,0.0,0.004664642427888463,0.0,0.0
MAR01620,552,0.00043218278193774695,0.0002490690222879248,3.6361177988621133e-06,0.0,3,0.005434782608695652,0.0015329792843456033,0.014432141037696453,0.0795216318759391,0,0.0,0.0,0.004538231229443332,0.0,0.0
MAR03774,558,0.00042753565524028655,0.0002463956950905795,3.5970197579328967e-06,0.0,3,0.005376344086021506,0.0015164711007810562,0.014277722682734478,0.07952163187592963,0,0.0,0.0,0.004489564580987142,0.0,0.0
MAR03209,566,0.0004214927484500025,0.00024291926749478955,3.5461784892497674e-06,0.0,3,0.00530035335689046,0.0014950054286261135,0.014076899408827634,0.07952163187594384,0,0.0,0.0,0.0044262764728495866,0.0,0.0
MAR01772,572,0.00041707149585230575,0.00024037564947900796,3.5089808128577467e-06,0.0,3,0.005244755244755245,0.0014793007849210114,0.01392995059765996,0.07952163187592964,0,0.0,0.0,0.004379969091767465,0.0,0.0
MAR01803,574,0.0004156182850633586,0.00023953957302422845,3.4967543988594057e-06,0.0,3,0.005226480836236934,0.0014741389693753543,0.01388164706548944,0.07952163187592964,0,0.0,0.0,0.004364747866934595,0.0,0.0
MAR01608,576,0.00041417516601661796,0.00023870929246097726,3.484612890517484e-06,0.0,3,0.005208333333333333,0.0014690130515072224,0.01383367736649547,0.07952163187595805,0,0.0,0.0,0.004349632068826215,0.0,0.0
MAR00160,557,0.00034547091999386745,0.0001559384675894561,2.904009065811294e-06,0.0,7,0.012567324955116697,0.005638402781492733,0.02451520599820395,0.02748961463413677,0,0.0,0.0,0.004497603075155535,0.0,0.0
MAR03946,557,0.0002776563404784503,0.00027662594194130557,2.28756525347131e-06,0.0,6,0.010771992818671455,0.004508334457121297,0.022067680368255127,0.025775763607638155,0,0.0,0.0,0.004497603075155535,0.0,0.0
MAR04792,571,0.0002437929146469113,0.00024379291464770908,2.0044783783451517e-06,0.0,1,0.0017513134851138354,0.00018902752724047776,0.008156138766443392,0.1392057542638411,0,0.0,0.0,0.00438761958448344,0.0,0.0
MAR05114,571,0.00024379291464651315,0.00024379291464766,2.0044783783413972e-06,0.0,1,0.0017513134851138354,0.00018902752724047776,0.008156138766443392,0.1392057542638127,0,0.0,0.0,0.00438761958448344,0.0,0.0
MAR04677,580,0.00023667786694506342,0.0001173603944985482,2.0052661968456496e-06,0.0,7,0.01206896551724138,0.005414156482038887,0.02354914198796078,0.019610451832877213,0,0.0,0.0,0.004319712401627411,0.0,0.0
MAR00163,542,0.00021696617545850802,3.630712421720755e-05,1.8141760879224084e-06,0.0,35,0.06457564575645756,0.04616850874039658,0.08761427899556838,0.0033598762028316633,0,0.0,0.0,0.00462173008405905,0.0,0.0
MAR04918,543,0.00021656660607596666,3.624240126180351e-05,1.810835063830364e-06,0.0,35,0.06445672191528545,0.0460826946108728,0.08745500188863126,0.003359876202828403,0,0.0,0.0,0.004613242186326175,0.0,0.0
MAR11264,566,0.00020776619628651925,3.481485786923133e-05,1.7372498933761753e-06,0.0,35,0.061837455830388695,0.044193416782171,0.08394501012952768,0.0033598762028312456,0,0.0,0.0,0.0044262764728495866,0.0,0.0
MAR08663,558,0.00020760442997115985,0.00014666691032702445,1.734352132312566e-06,0.0,2,0.0035842293906810036,0.0007455382501357937,0.011448122451270372,0.0579216359620815,0,0.0,0.0,0.004489564580987142,0.0,0.0
MAR00162,567,0.00020739976560779467,3.475533348189358e-05,1.7341859606047152e-06,0.0,35,0.06172839506172839,0.04411478251535084,0.08379878029487904,0.003359876202828408,0,0.0,0.0,0.00441849069762059,0.0,0.0
MAR08662,548,0.00017845640294356966,0.00013044064408190682,1.4857103460082896e-06,0.0,2,0.0036496350364963502,0.0007591564574653875,0.011656093041127805,0.0488970544061544,0,0.0,0.0,0.004571266087298871,0.0,0.0
MAR03815,556,0.00014371030130193364,0.00014371030130190803,1.2090893165629455e-06,0.0,1,0.0017985611510791368,0.00019412899131147516,0.00837535325375638,0.0799029275238609,0,0.0,0.0,0.0045056704064922026,0.0,0.0
MAR06298,555,0.00014291988058609003,0.0001429198805861926,1.2024392070411232e-06,0.0,1,0.0018018018018018018,0.00019447889700155037,0.008390387280839507,0.0793205337253368,0,0.0,0.0,0.004513766730450679,0.0,0.0
MAR00788,557,0.0001418493973915068,2.9175198799352673e-05,1.1878731916914336e-06,0.0,24,0.04308797127468582,0.028525371242895066,0.06237720936450368,0.0032920880978561337,0,0.0,0.0,0.004497603075155535,0.0,0.0
MAR03210,560,0.00014166247151243183,0.00014166247152130407,1.1918601471994559e-06,0.0,1,0.0017857142857142857,0.00019274186956587947,0.008315752072668547,0.0793309840519214,0,0.0,0.0,0.0044735734878779895,0.0,0.0
MAR06297,579,0.00013749866995951612,0.0001369957934984566,1.156831340242009e-06,0.0,2,0.0034542314335060447,0.0007184726195117348,0.011034667975510372,0.0398058649553547,0,0.0,0.0,0.00432715366313485,0.0,0.0
MAR02303,552,0.00011669480259553649,9.084764437062437e-05,9.671063613733517e-07,0.0,4,0.007246376811594203,0.002450784197762716,0.017137152688753245,0.016103882759672623,0,0.0,0.0,0.004538231229443332,0.0,0.0
MAR11438,534,7.334568285864296e-05,1.538145471977482e-05,6.030794497290033e-07,0.0,22,0.04119850187265917,0.026744925415732763,0.06060124754290464,0.0017802997568832862,0,0.0,0.0,0.004690774475909901,0.0,0.0
MAR11442,558,7.019102984191364e-05,1.4732790664900943e-05,5.771405487395612e-07,0.0,22,0.03942652329749104,0.02558688071130477,0.05802132655462181,0.0017802997568987999,0,0.0,0.0,0.004489564580987142,0.0,0.0
MAR09078,552,3.97549875627672e-05,3.97549875630251e-05,3.268676331958288e-07,0.0,1,0.0018115942028985507,0.0001955362234237725,0.008435814952354516,0.0219447531347896,0,0.0,0.0,0.004538231229443332,0.0,0.0
MAR09960,537,3.370373490597107e-05,1.0577125328622877e-05,2.771030576947842e-07,0.0,10,0.0186219739292365,0.009613554316153294,0.03278116657161839,0.0018098905642587998,0,0.0,0.0,0.004664642427888463,0.0,0.0
MAR10440,559,3.237729094016749e-05,1.0164265828701422e-05,2.661973916096626e-07,0.0,10,0.017889087656529516,0.009233711515766461,0.03150059341040337,0.0018098905642587998,0,0.0,0.0,0.004481554769642852,0.0,0.0
MAR02745,553,3.202763576557101e-05,1.427120416074468e-05,2.69452626904571e-07,0.0,5,0.009041591320072333,0.003458162960368273,0.019703689811754053,0.0035422565160729003,0,0.0,0.0,0.00453004698365408,0.0,0.0
MAR10254,555,3.191222086191144e-05,1.4219963750561568e-05,2.6848162644592457e-07,0.0,5,0.009009009009009009,0.003445671838030464,0.01963309947007547,0.0035422565160785997,0,0.0,0.0,0.004513766730450679,0.0,0.0
MAR09936,573,3.158622276027224e-05,9.917909659929844e-06,2.596934414636865e-07,0.0,10,0.017452006980802792,0.009007238469590917,0.030736509149409917,0.0018098905643213399,0,0.0,0.0,0.0043723452321952965,0.0,0.0
MAR00785,574,3.085589299722469e-05,1.3750925838736025e-05,2.5959460399767535e-07,0.0,5,0.008710801393728223,0.00333135747946437,0.018986886839343933,0.0035422565160615005,0,0.0,0.0,0.004364747866934595,0.0,0.0
MAR10383,570,1.2428970231775011e-05,8.780882882842896e-06,1.0456652820407052e-07,0.0,2,0.0035087719298245615,0.0007298277412817012,0.01120814844971333,0.0035422565160843,0,0.0,0.0,0.004395296850147243,0.0,0.0
MAR02613,546,6.888882326693261e-06,1.8923194303561922e-06,5.8280155202172824e-08,0.0,13,0.023809523809523808,0.013409923803606586,0.039225957183980316,0.0002893330580916923,0,0.0,0.0,0.004587964526068459,0.0,0.0
MAR09961,549,6.851238164209303e-06,1.8820944863947987e-06,5.7961684434499915e-08,0.0,13,0.023679417122040074,0.013336292487155376,0.03901339781198368,0.00028933305807857685,0,0.0,0.0,0.004562962366977274,0.0,0.0
MAR10345,568,6.622059427329218e-06,1.819817134976444e-06,5.602282530887134e-08,0.0,13,0.022887323943661973,0.012888107455762531,0.03771890599912598,0.00028933305803593843,0,0.0,0.0,0.004410732264444036,0.0,0.0
MAR03398,576,6.530086370870541e-06,1.7948109222007781e-06,5.524473044122966e-08,0.0,13,0.022569444444444444,0.012708284519771169,0.03719920101133726,0.00028933305808295383,0,0.0,0.0,0.004349632068826215,0.0,0.0
MAR01487,561,6.314182737814206e-06,6.314182738118726e-06,5.312203304280983e-08,0.0,1,0.0017825311942959,0.0001923981809462761,0.008300984084252934,0.0035422565160843,0,0.0,0.0,0.004465620583537596,0.0,0.0
MAR02612,537,1.0456111512909883e-06,7.386687242210158e-07,8.803009805417887e-09,0.0,2,0.0037243947858473,0.0007747228901416107,0.011893765889924666,0.00028074659827119995,0,0.0,0.0,0.004664642427888463,0.0,0.0
MAR01814,579,1.034025106094729e-06,7.319473449479287e-07,8.794299898416206e-09,0.0,2,0.0034542314335060447,0.0007184726195117348,0.011034667975510372,0.0002993502683139,0,0.0,0.0,0.00432715366313485,0.0,0.0
MAR06674,563,1.8117382013401484e-07,1.8117382071559785e-07,1.5090540137569461e-09,0.0,1,0.0017761989342806395,0.0001917144677409968,0.008271604908954351,0.0001020008610623,0,0.0,0.0,0.004449799303901048,0.0,0.0
MAR00453,564,2.56305890679901e-08,1.4771628058928354e-08,2.1221065700143807e-10,0.0,3,0.005319148936170213,0.0015003146729531598,0.014126573737828134,4.818551649539889e-06,0,0.0,0.0,0.004441930629657058,0.0,0.0
MAR09851,566,1.6981402373004892e-08,1.1997032585691435e-08,1.4097390392892868e-10,0.0,2,0.0035335689045936395,0.0007349904875443157,0.011287014082813424,4.805736381285897e-06,0,0.0,0.0,0.0044262764728495866,0.0,0.0
MAR09060,573,1.6773951008484957e-08,1.185060054346343e-08,1.392517134000478e-10,0.0,2,0.0034904013961605585,0.0007260030291364225,0.011149718710512123,4.805736381285897e-06,0,0.0,0.0,0.0043723452321952965,0.0,0.0
MAR08893,542,8.937608839163144e-09,8.937605634497872e-09,7.360816284948694e-11,0.0,1,0.0018450184501845018,0.0001991452095580343,0.00859085850962717,4.844182257102148e-06,0,0.0,0.0,0.00462173008405905,0.0,0.0
MAR09342,570,8.498566535109332e-09,8.498565286353303e-09,6.99923079454253e-11,0.0,1,0.0017543859649122807,0.000189359268692463,0.008170395432987091,4.844182214469583e-06,0,0.0,0.0,0.004395296850147243,0.0,0.0
MAR00456,576,8.410036642400895e-09,8.4100386195643e-09,6.926319549107083e-11,0.0,1,0.001736111111111111,0.00018738610407250116,0.008085595276362871,4.844182242891293e-06,0,0.0,0.0,0.004349632068826215,0.0,0.0
MAR03887,560,1.943841912829417e-14,1.4726775058237607e-14,1.5335620011909964e-16,0.0,0,0.0,0.0,0.0044735734878779895,0.0,0,0.0,0.0,0.0044735734878779895,0.0,0.0
MAR03861,563,1.93600809352752e-14,1.4590206639235365e-14,1.530988519229644e-16,0.0,0,0.0,0.0,0.004449799303901048,0.0,0,0.0,0.0,0.004449799303901048,0.0,0.0
MAR03850,519,1.8400181827776005e-14,1.5892506109881735e-14,1.451079980166964e-16,0.0,0,0.0,0.0,0.004825953143914684,0.0,0,0.0,0.0,0.004825953143914684,0.0,0.0
MAR03875,570,1.7776034056033382e-14,1.444334947522289e-14,1.4053029814191745e-16,0.0,0,0.0,0.0,0.004395296850147243,0.0,0,0.0,0.0,0.004395296850147243,0.0,0.0
MAR03873,554,1.6699036858477445e-14,1.4886587605172333e-14,1.3110794291017656e-16,0.0,0,0.0,0.0,0.004521892203603858,0.0,0,0.0,0.0,0.004521892203603858,0.0,0.0
MAR03879,546,1.6553303294630907e-14,1.5164212610442424e-14,1.2932810573491171e-16,0.0,0,0.0,0.0,0.004587964526068459,0.0,0,0.0,0.0,0.004587964526068459,0.0,0.0
MAR03868,556,1.6536732015711685e-14,1.477840276930421e-14,1.2986277736840639e-16,0.0,0,0.0,0.0,0.0045056704064922026,0.0,0,0.0,0.0,0.0045056704064922026,0.0,0.0
MAR03836,570,1.650453652888373e-14,1.4511047672483954e-14,1.2966486898617974e-16,0.0,0,0.0,0.0,0.004395296850147243,0.0,0,0.0,0.0,0.004395296850147243,0.0,0.0
MAR03849,560,1.6469365553868038e-14,1.4768040122449258e-14,1.2909289964146433e-16,0.0,0,0.0,0.0,0.0044735734878779895,0.0,0,0.0,0.0,0.0044735734878779895,0.0,0.0
MAR03859,564,1.5596665015443333e-14,1.4676839097764467e-14,1.2197613168952681e-16,0.0,0,0.0,0.0,0.004441930629657058,0.0,0,0.0,0.0,0.004441930629657058,0.0,0.0
MAR05448,563,1.511954169521492e-14,1.5943162818761543e-14,1.2556097801203924e-16,0.0,0,0.0,0.0,0.004449799303901048,0.0,0,0.0,0.0,0.004449799303901048,0.0,0.0
MAR03894,547,1.4522610211696382e-14,1.5068826885145587e-14,1.135448259875368e-16,0.0,0,0.0,0.0,0.004579600085029117,0.0,0,0.0,0.0,0.004579600085029117,0.0,0.0
MAR03886,568,1.4436026708928797e-14,1.4437025728822218e-14,1.133303657377556e-16,0.0,0,0.0,0.0,0.004410732264444036,0.0,0,0.0,0.0,0.004410732264444036,0.0,0.0
MAR03853,566,1.3683596854743978e-14,1.4563976684135304e-14,1.0697119808864992e-16,0.0,0,0.0,0.0,0.0044262764728495866,0.0,0,0.0,0.0,0.0044262764728495866,0.0,0.0
MAR02319,556,1.2728427424767262e-14,1.2806698922802926e-14,1.0468697219325735e-16,0.0,0,0.0,0.0,0.0045056704064922026,0.0,0,0.0,0.0,0.0045056704064922026,0.0,0.0
MAR03899,544,1.251286655989294e-14,1.4505053158108656e-14,9.801172895569357e-17,0.0,0,0.0,0.0,0.004604785407758596,0.0,0,0.0,0.0,0.004604785407758596,0.0,0.0
MAR05414,548,9.698649020959032e-15,7.754292850277356e-15,7.95574146718572e-17,0.0,0,0.0,0.0,0.004571266087298871,0.0,0,0.0,0.0,0.004571266087298871,0.0,0.0
MAR02309,569,9.590453797254077e-15,1.2375638739492972e-14,7.906193197600362e-17,0.0,0,0.0,0.0,0.004403001029543098,0.0,0,0.0,0.0,0.004403001029543098,0.0,0.0
MAR09047,568,8.13121088457861e-15,4.744163267605517e-15,6.398062774664495e-17,0.0,0,0.0,0.0,0.004410732264444036,0.0,0,0.0,0.0,0.004410732264444036,0.0,0.0
MAR03823,532,7.933503478223676e-15,5.539405225930752e-15,6.180631393426946e-17,0.0,0,0.0,0.0,0.004708359112657833,0.0,0,0.0,0.0,0.004708359112657833,0.0,0.0
MAR12834,589,7.189872164906956e-15,5.324379356727227e-15,5.72089259189795e-17,0.0,0,0.0,0.0,0.00425387517710073,0.0,0,0.0,0.0,0.00425387517710073,0.0,0.0
MAR05030,546,7.105427357601002e-15,7.816125299931873e-15,5.794094916113088e-17,0.0,0,0.0,0.0,0.004587964526068459,0.0,0,0.0,0.0,0.004587964526068459,0.0,0.0
MAR08970,558,7.0544923944640774e-15,7.529340851156613e-15,5.5361324557989713e-17,0.0,0,0.0,0.0,0.004489564580987142,0.0,0,0.0,0.0,0.004489564580987142,0.0,0.0
MAR00455,542,6.9481116227463685e-15,6.025925616271405e-15,5.583649204770884e-17,0.0,0,0.0,0.0,0.00462173008405905,0.0,0,0.0,0.0,0.00462173008405905,0.0,0.0
MAR05436,563,6.8908762650979524e-15,7.552493743628794e-15,5.615958292581651e-17,0.0,0,0.0,0.0,0.004449799303901048,0.0,0,0.0,0.0,0.004449799303901048,0.0,0.0
MAR05081,561,6.78878620975782e-15,7.622209042140123e-15,5.528721163543078e-17,0.0,0,0.0,0.0,0.004465620583537596,0.0,0,0.0,0.0,0.004465620583537596,0.0,0.0
MAR05437,570,6.781320144798149e-15,7.511964587407982e-15,5.532226712857464e-17,0.0,0,0.0,0.0,0.004395296850147243,0.0,0,0.0,0.0,0.004395296850147243,0.0,0.0
MAR05435,579,6.749542394957774e-15,7.534629982439505e-15,5.483087980380075e-17,0.0,0,0.0,0.0,0.00432715366313485,0.0,0,0.0,0.0,0.00432715366313485,0.0,0.0
MAR05044,537,6.615854150466482e-15,7.82370567748435e-15,5.4141880223763715e-17,0.0,0,0.0,0.0,0.004664642427888463,0.0,0,0.0,0.0,0.004664642427888463,0.0,0.0
MAR02334,585,6.607440141085376e-15,1.220910618735729e-14,5.433770381450725e-17,0.0,0,0.0,0.0,0.004282886715357432,0.0,0,0.0,0.0,0.004282886715357432,0.0,0.0
MAR05311,552,6.5905413171951314e-15,8.214478595244275e-15,5.366841293375817e-17,0.0,0,0.0,0.0,0.004538231229443332,0.0,0,0.0,0.0,0.004538231229443332,0.0,0.0
MAR05177,541,6.51440290086894e-15,7.913794076965384e-15,5.385313191925386e-17,0.0,0,0.0,0.0,0.004630249273041442,0.0,0,0.0,0.0,0.004630249273041442,0.0,0.0
MAR08139,560,6.496390726949487e-15,4.149097620470994e-15,5.091794632145876e-17,0.0,0,0.0,0.0,0.0044735734878779895,0.0,0,0.0,0.0,0.0044735734878779895,0.0,0.0
MAR05305,547,6.468926552258316e-15,8.009878205087549e-15,5.185358690431584e-17,0.0,0,0.0,0.0,0.004579600085029117,0.0,0,0.0,0.0,0.004579600085029117,0.0,0.0
MAR09203,523,6.4125462959611335e-15,3.57685016936637e-15,5.042828136116929e-17,0.0,0,0.0,0.0,0.004789149508756816,0.0,0,0.0,0.0,0.004789149508756816,0.0,0.0
MAR09079,565,5.8604055728178176e-15,6.970716272351184e-15,4.648772856366566e-17,0.0,0,0.0,0.0,0.004434089734923025,0.0,0,0.0,0.0,0.004434089734923025,0.0,0.0
MAR05029,566,5.774728947873606e-15,7.425336089212961e-15,4.711704661736459e-17,0.0,0,0.0,0.0,0.0044262764728495866,0.0,0,0.0,0.0,0.0044262764728495866,0.0,0.0
MAR03809,548,5.7310198760212465e-15,5.707814588132055e-15,4.4104422212711486e-17,0.0,0,0.0,0.0,0.004571266087298871,0.0,0,0.0,0.0,0.004571266087298871,0.0,0.0
MAR05322,562,5.689399129751692e-15,8.070550464685901e-15,4.6517585699234627e-17,0.0,0,0.0,0.0,0.0044576959055467585,0.0,0,0.0,0.0,0.0044576959055467585,0.0,0.0
MAR09048,531,5.593349596002295e-15,5.2390786087955894e-15,4.305570874836955e-17,0.0,0,0.0,0.0,0.004717200964344275,0.0,0,0.0,0.0,0.004717200964344275,0.0,0.0
MAR08976,552,5.5865135384036866e-15,5.017862135231564e-15,4.3325707613965874e-17,0.0,0,0.0,0.0,0.004538231229443332,0.0,0,0.0,0.0,0.004538231229443332,0.0,0.0
MAR05200,540,5.447494307494102e-15,7.948972633864707e-15,4.470199021235959e-17,0.0,0,0.0,0.0,0.00463879992662872,0.0,0,0.0,0.0,0.00463879992662872,0.0,0.0
MAR09280,544,5.355193412897814e-15,3.822083872484511e-15,4.1094595065009205e-17,0.0,0,0.0,0.0,0.004604785407758596,0.0,0,0.0,0.0,0.004604785407758596,0.0,0.0
MAR09368,553,5.345131610781224e-15,3.481162812570908e-15,4.212013319628458e-17,0.0,0,0.0,0.0,0.00453004698365408,0.0,0,0.0,0.0,0.00453004698365408,0.0,0.0
MAR08632,572,5.3166484424007495e-15,3.4390476875549463e-15,4.1180887441468553e-17,0.0,0,0.0,0.0,0.004379969091767465,0.0,0,0.0,0.0,0.004379969091767465,0.0,0.0
MAR02325,573,5.307369823827624e-15,1.416573576046215e-14,4.4186044670192916e-17,0.0,0,0.0,0.0,0.0043723452321952965,0.0,0,0.0,0.0,0.0043723452321952965,0.0,0.0
MAR09981,570,5.260509377030918e-15,3.6631885543574205e-15,4.048206959627727e-17,0.0,0,0.0,0.0,0.004395296850147243,0.0,0,0.0,0.0,0.004395296850147243,0.0,0.0
MAR06718,568,5.178955855716223e-15,3.743428770822067e-15,4.04791661068627e-17,0.0,0,0.0,0.0,0.004410732264444036,0.0,0,0.0,0.0,0.004410732264444036,0.0,0.0
MAR02368,568,5.103898524473959e-15,2.6535047417042316e-15,4.002484243525595e-17,0.0,0,0.0,0.0,0.004410732264444036,0.0,0,0.0,0.0,0.004410732264444036,0.0,0.0
MAR05351,555,5.069818438936931e-15,7.842801756296965e-15,4.053056494840384e-17,0.0,0,0.0,0.0,0.004513766730450679,0.0,0,0.0,0.0,0.004513766730450679,0.0,0.0
MAR09119,551,5.055040878728844e-15,3.5189455691177973e-15,3.8485516433768036e-17,0.0,0,0.0,0.0,0.004546445100963565,0.0,0,0.0,0.0,0.004546445100963565,0.0,0.0
MAR02324,550,4.986718109152703e-15,1.4820099931342754e-14,4.101732365037303e-17,0.0,0,0.0,0.0,0.0045546887593671224,0.0,0,0.0,0.0,0.0045546887593671224,0.0,0.0
MAR05375,588,4.930296533845593e-15,7.223039345766494e-15,4.001066835369154e-17,0.0,0,0.0,0.0,0.004261091151880009,0.0,0,0.0,0.0,0.004261091151880009,0.0,0.0
MAR09213,543,4.8939775906865105e-15,3.6488046335691156e-15,3.7313453816422344e-17,0.0,0,0.0,0.0,0.004613242186326175,0.0,0,0.0,0.0,0.004613242186326175,0.0,0.0
MAR01589,553,4.856874396334862e-15,4.996263548360771e-15,3.8492753169889416e-17,0.0,0,0.0,0.0,0.00453004698365408,0.0,0,0.0,0.0,0.00453004698365408,0.0,0.0
MAR05391,555,4.83937214625798e-15,7.628122205718732e-15,3.8888010390094826e-17,0.0,0,0.0,0.0,0.004513766730450679,0.0,0,0.0,0.0,0.004513766730450679,0.0,0.0
MAR10110,549,4.7628365530003075e-15,3.4221245218140745e-15,3.626524442417236e-17,0.0,0,0.0,0.0,0.004562962366977274,0.0,0,0.0,0.0,0.004562962366977274,0.0,0.0
MAR08699,535,4.7015351113845885e-15,5.15109105664266e-15,3.7977672252747995e-17,0.0,0,0.0,0.0,0.004682031321548599,0.0,0,0.0,0.0,0.004682031321548599,0.0,0.0
MAR06774,566,4.695105709792888e-15,3.768052880987038e-15,3.686600360155393e-17,0.0,0,0.0,0.0,0.0044262764728495866,0.0,0,0.0,0.0,0.0044262764728495866,0.0,0.0
MAR08458,557,4.6178899523367375e-15,4.22915620535624e-15,3.632218131972395e-17,0.0,0,0.0,0.0,0.004497603075155535,0.0,0,0.0,0.0,0.004497603075155535,0.0,0.0
MAR12400,553,4.5998969150473035e-15,3.63067947718857e-15,3.459262821130463e-17,0.0,0,0.0,0.0,0.00453004698365408,0.0,0,0.0,0.0,0.00453004698365408,0.0,0.0
MAR09218,541,4.544321378428737e-15,3.3067096082546114e-15,3.5224384649171315e-17,0.0,0,0.0,0.0,0.004630249273041442,0.0,0,0.0,0.0,0.004630249273041442,0.0,0.0
MAR08600,545,4.5109685609723794e-15,4.046938647007209e-15,3.57004095376713e-17,0.0,0,0.0,0.0,0.004596359577531593,0.0,0,0.0,0.0,0.004596359577531593,0.0,0.0
MAR08549,555,4.506505279055049e-15,3.7754661433565634e-15,3.6407505359038863e-17,0.0,0,0.0,0.0,0.004513766730450679,0.0,0,0.0,0.0,0.004513766730450679,0.0,0.0
MAR05438,571,4.504666731088551e-15,7.538139122402698e-15,3.6819305714184776e-17,0.0,0,0.0,0.0,0.00438761958448344,0.0,0,0.0,0.0,0.00438761958448344,0.0,0.0
MAR09380,551,4.461847306224948e-15,3.3314341464271983e-15,3.439184582572254e-17,0.0,0,0.0,0.0,0.004546445100963565,0.0,0,0.0,0.0,0.004546445100963565,0.0,0.0
MAR10013,564,4.4345929607722566e-15,3.6657827510661815e-15,3.327287934498309e-17,0.0,0,0.0,0.0,0.004441930629657058,0.0,0,0.0,0.0,0.004441930629657058,0.0,0.0
MAR06680,552,4.350787041429599e-15,3.707790569224023e-15,3.3749687363548443e-17,0.0,0,0.0,0.0,0.004538231229443332,0.0,0,0.0,0.0,0.004538231229443332,0.0,0.0
MAR05175,569,4.2957240966867215e-15,7.719456032774483e-15,3.5508650088100337e-17,0.0,0,0.0,0.0,0.004403001029543098,0.0,0,0.0,0.0,0.004403001029543098,0.0,0.0
MAR12384,563,4.291021850060996e-15,3.1563180851232488e-15,3.315009868659635e-17,0.0,0,0.0,0.0,0.004449799303901048,0.0,0,0.0,0.0,0.004449799303901048,0.0,0.0
MAR02315,573,4.290537287486818e-15,1.4163401807280766e-14,3.588382778637526e-17,0.0,0,0.0,0.0,0.0043723452321952965,0.0,0,0.0,0.0,0.0043723452321952965,0.0,0.0
MAR02365,545,4.276293895950695e-15,3.3596362968726424e-15,3.349010550083597e-17,0.0,0,0.0,0.0,0.004596359577531593,0.0,0,0.0,0.0,0.004596359577531593,0.0,0.0
MAR05095,571,4.206014793115829e-15,7.533584039433751e-15,3.4401846239917405e-17,0.0,0,0.0,0.0,0.00438761958448344,0.0,0,0.0,0.0,0.00438761958448344,0.0,0.0
MAR09037,566,4.19295536649953e-15,4.783879299234714e-15,3.170095428832882e-17,0.0,0,0.0,0.0,0.0044262764728495866,0.0,0,0.0,0.0,0.0044262764728495866,0.0,0.0
MAR09379,543,4.16118950224147e-15,3.550812342922541e-15,3.207994083348886e-17,0.0,0,0.0,0.0,0.004613242186326175,0.0,0,0.0,0.0,0.004613242186326175,0.0,0.0
MAR12991,554,4.1555206928930046e-15,3.45993694847434e-15,3.157820028200162e-17,0.0,0,0.0,0.0,0.004521892203603858,0.0,0,0.0,0.0,0.004521892203603858,0.0,0.0
MAR02176,565,4.124920660695803e-15,3.3428130943341464e-15,3.153012470665382e-17,0.0,0,0.0,0.0,0.004434089734923025,0.0,0,0.0,0.0,0.004434089734923025,0.0,0.0
MAR01058,549,4.115712021342657e-15,3.537347927006684e-15,3.157757708294895e-17,0.0,0,0.0,0.0,0.004562962366977274,0.0,0,0.0,0.0,0.004562962366977274,0.0,0.0
MAR08502,546,4.086271410781529e-15,4.088263915785032e-15,3.221381466722711e-17,0.0,0,0.0,0.0,0.004587964526068459,0.0,0,0.0,0.0,0.004587964526068459,0.0,0.0
MAR08691,562,4.0710811550667665e-15,4.181451792704127e-15,3.1726423122174303e-17,0.0,0,0.0,0.0,0.0044576959055467585,0.0,0,0.0,0.0,0.0044576959055467585,0.0,0.0
MAR05312,569,4.0459726957165634e-15,7.672684426608258e-15,3.365576606224413e-17,0.0,0,0.0,0.0,0.004403001029543098,0.0,0,0.0,0.0,0.004403001029543098,0.0,0.0
MAR05293,582,4.004433287445238e-15,7.47115387303661e-15,3.2002275147869234e-17,0.0,0,0.0,0.0,0.004304906394243486,0.0,0,0.0,0.0,0.004304906394243486,0.0,0.0
MAR08349,590,3.950135886937507e-15,3.56390399200434e-15,3.127023387104666e-17,0.0,0,0.0,0.0,0.0042466836008472324,0.0,0,0.0,0.0,0.0042466836008472324,0.0,0.0
MAR09086,536,3.923892719869211e-15,3.695599642495838e-15,2.9185170421850863e-17,0.0,0,0.0,0.0,0.004673320699286043,0.0,0,0.0,0.0,0.004673320699286043,0.0,0.0
MAR00015,547,3.922923330887573e-15,3.4637585582507202e-15,3.075321602902999e-17,0.0,0,0.0,0.0,0.004579600085029117,0.0,0,0.0,0.0,0.004579600085029117,0.0,0.0
MAR09277,550,3.90152556726455e-15,3.558513640806116e-15,2.943790060822324e-17,0.0,0,0.0,0.0,0.0045546887593671224,0.0,0,0.0,0.0,0.0045546887593671224,0.0,0.0
MAR05439,566,3.891665160523517e-15,7.678459880603849e-15,3.1631976606660474e-17,0.0,0,0.0,0.0,0.0044262764728495866,0.0,0,0.0,0.0,0.0044262764728495866,0.0,0.0
MAR01598,561,3.850356357773092e-15,4.733432136841619e-15,2.9885562710897884e-17,0.0,0,0.0,0.0,0.004465620583537596,0.0,0,0.0,0.0,0.004465620583537596,0.0,0.0
MAR05362,584,3.844717542811501e-15,7.348337113550636e-15,3.1520952238370885e-17,0.0,0,0.0,0.0,0.004290201536487618,0.0,0,0.0,0.0,0.004290201536487618,0.0,0.0
MAR12977,572,3.825999346400539e-15,3.1898728742766427e-15,2.919879472170109e-17,0.0,0,0.0,0.0,0.004379969091767465,0.0,0,0.0,0.0,0.004379969091767465,0.0,0.0
MAR09115,551,3.8170716839381065e-15,3.733403534891717e-15,2.831614148590918e-17,0.0,0,0.0,0.0,0.004546445100963565,0.0,0,0.0,0.0,0.004546445100963565,0.0,0.0
MAR05047,554,3.796401620667684e-15,7.694077302136967e-15,3.107429058128978e-17,0.0,0,0.0,0.0,0.004521892203603858,0.0,0,0.0,0.0,0.004521892203603858,0.0,0.0
MAR09093,549,3.7792072648806775e-15,3.647794246612131e-15,2.868465248175813e-17,0.0,0,0.0,0.0,0.004562962366977274,0.0,0,0.0,0.0,0.004562962366977274,0.0,0.0
MAR08907,572,3.776311043200532e-15,4.7819911920922745e-15,2.8802165073351454e-17,0.0,0,0.0,0.0,0.004379969091767465,0.0,0,0.0,0.0,0.004379969091767465,0.0,0.0
MAR05402,550,3.772335978944532e-15,7.786966544267046e-15,3.091404701673406e-17,0.0,0,0.0,0.0,0.0045546887593671224,0.0,0,0.0,0.0,0.0045546887593671224,0.0,0.0
MAR09092,567,3.759485374392064e-15,3.314337800955693e-15,2.8586458268500445e-17,0.0,0,0.0,0.0,0.00441849069762059,0.0,0,0.0,0.0,0.00441849069762059,0.0,0.0
MAR05296,545,3.754794640346952e-15,8.17283565855973e-15,2.9749848946814176e-17,0.0,0,0.0,0.0,0.004596359577531593,0.0,0,0.0,0.0,0.004596359577531593,0.0,0.0
MAR06719,545,3.754794640346952e-15,4.028539556821559e-15,2.9241671683694614e-17,0.0,0,0.0,0.0,0.004596359577531593,0.0,0,0.0,0.0,0.004596359577531593,0.0,0.0
MAR04970,557,3.750441011013814e-15,4.1728114967429414e-15,2.863723712264184e-17,0.0,0,0.0,0.0,0.004497603075155535,0.0,0,0.0,0.0,0.004497603075155535,0.0,0.0
MAR10513,562,3.7423603164588904e-15,3.311775243152473e-15,2.8078821386884027e-17,0.0,0,0.0,0.0,0.0044576959055467585,0.0,0,0.0,0.0,0.0044576959055467585,0.0,0.0
MAR06676,536,3.7383031993348556e-15,3.56907020506998e-15,2.931883437552134e-17,0.0,0,0.0,0.0,0.004673320699286043,0.0,0,0.0,0.0,0.004673320699286043,0.0,0.0
MAR01766,573,3.720119035393195e-15,3.3062116644857907e-15,2.80255268381552e-17,0.0,0,0.0,0.0,0.0043723452321952965,0.0,0,0.0,0.0,0.0043723452321952965,0.0,0.0
MAR03188,568,3.702828341285028e-15,4.03554773591566e-15,2.947876539281962e-17,0.0,0,0.0,0.0,0.004410732264444036,0.0,0,0.0,0.0,0.004410732264444036,0.0,0.0
MAR10027,560,3.654219783909086e-15,3.796054389765745e-15,2.7177098843006202e-17,0.0,0,0.0,0.0,0.0044735734878779895,0.0,0,0.0,0.0,0.0044735734878779895,0.0,0.0
MAR08092,564,3.653499882454416e-15,3.367242328545958e-15,2.7597938643415724e-17,0.0,0,0.0,0.0,0.004441930629657058,0.0,0,0.0,0.0,0.004441930629657058,0.0,0.0
MAR06646,563,3.634747920051667e-15,7.8677491934625e-15,2.957913415939835e-17,0.0,0,0.0,0.0,0.004449799303901048,0.0,0,0.0,0.0,0.004449799303901048,0.0,0.0
MAR06734,560,3.62884325763194e-15,3.909044199057249e-15,2.7887224734659876e-17,0.0,0,0.0,0.0,0.0044735734878779895,0.0,0,0.0,0.0,0.0044735734878779895,0.0,0.0
MAR00195,548,3.6045781120676615e-15,3.5175518262695835e-15,2.7562120965440213e-17,0.0,0,0.0,0.0,0.004571266087298871,0.0,0,0.0,0.0,0.004571266087298871,0.0,0.0
MAR02317,574,3.589850058718276e-15,1.420113784437718e-14,2.946759159495477e-17,0.0,0,0.0,0.0,0.004364747866934595,0.0,0,0.0,0.0,0.004364747866934595,0.0,0.0
MAR08076,551,3.584952459914842e-15,3.8910480542629384e-15,2.6922439406836685e-17,0.0,0,0.0,0.0,0.004546445100963565,0.0,0,0.0,0.0,0.004546445100963565,0.0,0.0
MAR00602,565,3.57157764523661e-15,5.016331124613629e-15,2.6722706377368002e-17,0.0,0,0.0,0.0,0.004434089734923025,0.0,0,0.0,0.0,0.004434089734923025,0.0,0.0
MAR09318,552,3.5269693767802073e-15,4.1391383905113995e-15,2.6363907765276947e-17,0.0,0,0.0,0.0,0.004538231229443332,0.0,0,0.0,0.0,0.004538231229443332,0.0,0.0
MAR00593,553,3.520591493639556e-15,4.930327335281702e-15,2.6714005153213918e-17,0.0,0,0.0,0.0,0.00453004698365408,0.0,0,0.0,0.0,0.00453004698365408,0.0,0.0
MAR09283,581,3.4976802483199424e-15,3.4183063697649238e-15,2.5620893385066354e-17,0.0,0,0.0,0.0,0.004312296689115291,0.0,0,0.0,0.0,0.004312296689115291,0.0,0.0
MAR05326,555,3.4822995338152657e-15,8.118721193925242e-15,2.917506699637194e-17,0.0,0,0.0,0.0,0.004513766730450679,0.0,0,0.0,0.0,0.004513766730450679,0.0,0.0
MAR05193,553,3.4691959973820444e-15,7.978741768950385e-15,2.738920682547788e-17,0.0,0,0.0,0.0,0.00453004698365408,0.0,0,0.0,0.0,0.00453004698365408,0.0,0.0
MAR00326,546,3.461618456267154e-15,3.668172726265152e-15,2.5579785095050374e-17,0.0,0,0.0,0.0,0.004587964526068459,0.0,0,0.0,0.0,0.004587964526068459,0.0,0.0
MAR12902,570,3.4405227205225904e-15,3.65226785671023e-15,2.5744328653861556e-17,0.0,0,0.0,0.0,0.004395296850147243,0.0,0,0.0,0.0,0.004395296850147243,0.0,0.0
MAR08202,545,3.363670198644144e-15,3.254783678665566e-15,2.5542339669618544e-17,0.0,0,0.0,0.0,0.004596359577531593,0.0,0,0.0,0.0,0.004596359577531593,0.0,0.0
MAR09401,572,3.3291163144004695e-15,3.928859604866251e-15,2.4723142804810688e-17,0.0,0,0.0,0.0,0.004379969091767465,0.0,0,0.0,0.0,0.004379969091767465,0.0,0.0
MAR00238,577,3.300267819474989e-15,3.8779198594679186e-15,2.4418784321442672e-17,0.0,0,0.0,0.0,0.004342113363096878,0.0,0,0.0,0.0,0.004342113363096878,0.0,0.0
MAR08594,560,3.298948416029036e-15,4.261456936570638e-15,2.5734273718767338e-17,0.0,0,0.0,0.0,0.0044735734878779895,0.0,0,0.0,0.0,0.0044735734878779895,0.0,0.0
MAR02323,544,3.291484731829876e-15,1.5015784079450092e-14,2.7264338088688372e-17,0.0,0,0.0,0.0,0.004604785407758596,0.0,0,0.0,0.0,0.004604785407758596,0.0,0.0
MAR00265,557,3.291203336195796e-15,3.9384575895389496e-15,2.4786172054610896e-17,0.0,0,0.0,0.0,0.004497603075155535,0.0,0,0.0,0.0,0.004497603075155535,0.0,0.0
MAR08098,561,3.2677366457416357e-15,4.003936731602285e-15,2.466081044991483e-17,0.0,0,0.0,0.0,0.004465620583537596,0.0,0,0.0,0.0,0.004465620583537596,0.0,0.0
MAR09983,573,3.2489039575767235e-15,3.82242161436433e-15,2.4005965822459413e-17,0.0,0,0.0,0.0,0.0043723452321952965,0.0,0,0.0,0.0,0.0043723452321952965,0.0,0.0
MAR08499,537,3.228536825427644e-15,4.424723084011287e-15,2.4863139068801292e-17,0.0,0,0.0,0.0,0.004664642427888463,0.0,0,0.0,0.0,0.004664642427888463,0.0,0.0
MAR00529,558,3.2089026776262584e-15,3.65708980127364e-15,2.37714476210939e-17,0.0,0,0.0,0.0,0.004489564580987142,0.0,0,0.0,0.0,0.004489564580987142,0.0,0.0
MAR08356,563,3.2056457350455673e-15,4.2360578343782814e-15,2.43151584045207e-17,0.0,0,0.0,0.0,0.004449799303901048,0.0,0,0.0,0.0,0.004449799303901048,0.0,0.0
MAR09144,555,3.1750378102433297e-15,3.834510590409786e-15,2.362426963887526e-17,0.0,0,0.0,0.0,0.004513766730450679,0.0,0,0.0,0.0,0.004513766730450679,0.0,0.0
MAR04008,551,3.172296061651264e-15,3.5251196288629758e-15,2.4208059804745143e-17,0.0,0,0.0,0.0,0.004546445100963565,0.0,0,0.0,0.0,0.004546445100963565,0.0,0.0
MAR10455,559,3.1523183983632353e-15,4.085635858266268e-15,2.2515881584333306e-17,0.0,0,0.0,0.0,0.004481554769642852,0.0,0,0.0,0.0,0.004481554769642852,0.0,0.0
MAR09243,550,3.126388037344441e-15,3.3960687594177566e-15,2.337953874880183e-17,0.0,0,0.0,0.0,0.0045546887593671224,0.0,0,0.0,0.0,0.0045546887593671224,0.0,0.0
MAR08547,557,3.1126109070999005e-15,4.191761289121517e-15,2.45544307045494e-17,0.0,0,0.0,0.0,0.004497603075155535,0.0,0,0.0,0.0,0.004497603075155535,0.0,0.0
MAR08143,541,3.0995949286392546e-15,4.042849485291993e-15,2.3609013013437656e-17,0.0,0,0.0,0.0,0.004630249273041442,0.0,0,0.0,0.0,0.004630249273041442,0.0,0.0
MAR00682,564,3.099175762357884e-15,3.3041763972304887e-15,2.350704557880924e-17,0.0,0,0.0,0.0,0.004441930629657058,0.0,0,0.0,0.0,0.004441930629657058,0.0,0.0
MAR10136,546,3.09723756613377e-15,3.3136171158846946e-15,2.2831073751024863e-17,0.0,0,0.0,0.0,0.004587964526068459,0.0,0,0.0,0.0,0.004587964526068459,0.0,0.0
MAR05093,560,3.095936205811865e-15,7.55161917196923e-15,2.5389320404704793e-17,0.0,0,0.0,0.0,0.0044735734878779895,0.0,0,0.0,0.0,0.0044735734878779895,0.0,0.0
MAR02064,547,3.065595715528038e-15,3.4125488455697406e-15,2.270235924378442e-17,0.0,0,0.0,0.0,0.004579600085029117,0.0,0,0.0,0.0,0.004579600085029117,0.0,0.0
MAR08598,552,3.063571940414925e-15,4.365723779130854e-15,2.3864612473110452e-17,0.0,0,0.0,0.0,0.004538231229443332,0.0,0,0.0,0.0,0.004538231229443332,0.0,0.0
MAR03829,567,3.0577147711722123e-15,5.809727042835761e-15,2.2211620431707408e-17,0.0,0,0.0,0.0,0.00441849069762059,0.0,0,0.0,0.0,0.00441849069762059,0.0,0.0
MAR10120,544,3.0563786795563135e-15,2.9563199685368546e-15,2.291930099641886e-17,0.0,0,0.0,0.0,0.004604785407758596,0.0,0,0.0,0.0,0.004604785407758596,0.0,0.0
MAR10060,552,3.0378276383946317e-15,3.737355806857245e-15,2.2060775530517754e-17,0.0,0,0.0,0.0,0.004538231229443332,0.0,0,0.0,0.0,0.004538231229443332,0.0,0.0
MAR09311,558,3.030630306647022e-15,4.063739614458932e-15,2.24585116517359e-17,0.0,0,0.0,0.0,0.004489564580987142,0.0,0,0.0,0.0,0.004489564580987142,0.0,0.0
MAR07540,582,3.0033249655839286e-15,3.624700783433384e-15,2.261656480414017e-17,0.0,0,0.0,0.0,0.004304906394243486,0.0,0,0.0,0.0,0.004304906394243486,0.0,0.0
MAR08452,549,2.976772845625192e-15,4.297305526833235e-15,2.3212575053938818e-17,0.0,0,0.0,0.0,0.004562962366977274,0.0,0,0.0,0.0,0.004562962366977274,0.0,0.0
MAR00342,562,2.9584875474708793e-15,3.9957885884249134e-15,2.223578719030433e-17,0.0,0,0.0,0.0,0.0044576959055467585,0.0,0,0.0,0.0,0.0044576959055467585,0.0,0.0
MAR09314,553,2.9552410348069268e-15,3.8417488854738e-15,2.1826942978269903e-17,0.0,0,0.0,0.0,0.00453004698365408,0.0,0,0.0,0.0,0.00453004698365408,0.0,0.0
MAR09989,555,2.944591517564379e-15,3.88698335684827e-15,2.0495900843735797e-17,0.0,0,0.0,0.0,0.004513766730450679,0.0,0,0.0,0.0,0.004513766730450679,0.0,0.0
MAR09088,536,2.9429195399019073e-15,3.612229521836925e-15,2.1256298104719887e-17,0.0,0,0.0,0.0,0.004673320699286043,0.0,0,0.0,0.0,0.004673320699286043,0.0,0.0
MAR09923,566,2.937579508266138e-15,3.791743005736675e-15,2.143745222734593e-17,0.0,0,0.0,0.0,0.0044262764728495866,0.0,0,0.0,0.0,0.0044262764728495866,0.0,0.0
MAR05382,547,2.9356975919887136e-15,7.620180340195401e-15,2.3598616173935434e-17,0.0,0,0.0,0.0,0.004579600085029117,0.0,0,0.0,0.0,0.004579600085029117,0.0,0.0
MAR09920,573,2.92649364117598e-15,3.645582448786736e-15,2.1778410961701756e-17,0.0,0,0.0,0.0,0.0043723452321952965,0.0,0,0.0,0.0,0.0043723452321952965,0.0,0.0
MAR08464,544,2.9257642060710002e-15,3.972178669512082e-15,2.3050985230416127e-17,0.0,0,0.0,0.0,0.004604785407758596,0.0,0,0.0,0.0,0.004604785407758596,0.0,0.0
MAR05011,546,2.9150471210670776e-15,7.883927185580388e-15,2.3542535940678224e-17,0.0,0,0.0,0.0,0.004587964526068459,0.0,0,0.0,0.0,0.004587964526068459,0.0,0.0
MAR00392,558,2.877825417236248e-15,3.9702873802651895e-15,2.116317405514944e-17,0.0,0,0.0,0.0,0.004489564580987142,0.0,0,0.0,0.0,0.004489564580987142,0.0,0.0
MAR08644,563,2.877508770040903e-15,4.301884793390449e-15,2.2484730419446797e-17,0.0,0,0.0,0.0,0.004449799303901048,0.0,0,0.0,0.0,0.004449799303901048,0.0,0.0
MAR00796,550,2.8680088607044043e-15,3.503303761023524e-15,2.157807306496542e-17,0.0,0,0.0,0.0,0.0045546887593671224,0.0,0,0.0,0.0,0.0045546887593671224,0.0,0.0
MAR04986,556,2.8626182160119156e-15,4.2624303728466464e-15,2.1111072544629144e-17,0.0,0,0.0,0.0,0.0045056704064922026,0.0,0,0.0,0.0,0.0045056704064922026,0.0,0.0
MAR12193,543,2.8526393443039007e-15,3.453301749770555e-15,2.082957844883521e-17,0.0,0,0.0,0.0,0.004613242186326175,0.0,0,0.0,0.0,0.004613242186326175,0.0,0.0
MAR01876,548,2.8525438296938337e-15,3.867336472223354e-15,2.157800505295886e-17,0.0,0,0.0,0.0,0.004571266087298871,0.0,0,0.0,0.0,0.004571266087298871,0.0,0.0
MAR09010,546,2.836965501752781e-15,5.115653516433972e-15,2.050818939367282e-17,0.0,0,0.0,0.0,0.004587964526068459,0.0,0,0.0,0.0,0.004587964526068459,0.0,0.0
MAR00252,552,2.8318732222322833e-15,3.619789368896616e-15,2.079085835236705e-17,0.0,0,0.0,0.0,0.004538231229443332,0.0,0,0.0,0.0,0.004538231229443332,0.0,0.0
MAR00384,564,2.822013702309618e-15,3.845182846075164e-15,2.1232442144584953e-17,0.0,0,0.0,0.0,0.004441930629657058,0.0,0,0.0,0.0,0.004441930629657058,0.0,0.0
MAR12927,566,2.812041922442799e-15,3.800977029065466e-15,2.080814629156777e-17,0.0,0,0.0,0.0,0.0044262764728495866,0.0,0,0.0,0.0,0.0044262764728495866,0.0,0.0
MAR02106,561,2.8117733928474555e-15,3.165588104394884e-15,2.031710795694587e-17,0.0,0,0.0,0.0,0.004465620583537596,0.0,0,0.0,0.0,0.004465620583537596,0.0,0.0
MAR08999,546,2.810938295314681e-15,4.910792352374015e-15,2.07353034156408e-17,0.0,0,0.0,0.0,0.004587964526068459,0.0,0,0.0,0.0,0.004587964526068459,0.0,0.0
MAR08425,584,2.7983703634387513e-15,3.9051123274832115e-15,2.157819237066243e-17,0.0,0,0.0,0.0,0.004290201536487618,0.0,0,0.0,0.0,0.004290201536487618,0.0,0.0
MAR09296,549,2.79557797676105e-15,3.646467342307442e-15,2.1408212795831792e-17,0.0,0,0.0,0.0,0.004562962366977274,0.0,0,0.0,0.0,0.004562962366977274,0.0,0.0
MAR06714,534,2.794269185573427e-15,4.45072612433537e-15,2.0414329796285822e-17,0.0,0,0.0,0.0,0.004690774475909901,0.0,0,0.0,0.0,0.004690774475909901,0.0,0.0
MAR12899,541,2.7843818850488208e-15,3.116827595522528e-15,2.0732843720471022e-17,0.0,0,0.0,0.0,0.004630249273041442,0.0,0,0.0,0.0,0.004630249273041442,0.0,0.0
MAR08457,536,2.783842808015318e-15,4.349280341467665e-15,2.1008933943308105e-17,0.0,0,0.0,0.0,0.004673320699286043,0.0,0,0.0,0.0,0.004673320699286043,0.0,0.0
MAR02103,572,2.7825449792003924e-15,2.7445090995110256e-15,2.0723164667123597e-17,0.0,0,0.0,0.0,0.004379969091767465,0.0,0,0.0,0.0,0.004379969091767465,0.0,0.0
MAR00304,552,2.754640316171402e-15,3.8928996177446805e-15,1.9903692559545275e-17,0.0,0,0.0,0.0,0.004538231229443332,0.0,0,0.0,0.0,0.004538231229443332,0.0,0.0
MAR09233,562,2.730911582280812e-15,3.137186688644431e-15,2.063008487276963e-17,0.0,0,0.0,0.0,0.0044576959055467585,0.0,0,0.0,0.0,0.0044576959055467585,0.0,0.0
MAR00356,559,2.7201457147166627e-15,4.045507468727052e-15,2.0234161338420646e-17,0.0,0,0.0,0.0,0.004481554769642852,0.0,0,0.0,0.0,0.004481554769642852,0.0,0.0
MAR10050,549,2.7179230329621317e-15,3.976180657645659e-15,1.9743174808606995e-17,0.0,0,0.0,0.0,0.004562962366977274,0.0,0,0.0,0.0,0.004562962366977274,0.0,0.0
MAR11856,566,2.711611853784128e-15,3.722711951990346e-15,1.969601084830114e-17,0.0,0,0.0,0.0,0.0044262764728495866,0.0,0,0.0,0.0,0.0044262764728495866,0.0,0.0
MAR09265,578,2.704487921578236e-15,3.72973392974328e-15,1.9602047397254517e-17,0.0,0,0.0,0.0,0.004334620605899285,0.0,0,0.0,0.0,0.004334620605899285,0.0,0.0
MAR12679,558,2.699553046257011e-15,3.61314686720892e-15,1.9358444031252956e-17,0.0,0,0.0,0.0,0.004489564580987142,0.0,0,0.0,0.0,0.004489564580987142,0.0,0.0
MAR10061,559,2.694723792149218e-15,3.0207361028761756e-15,1.9455113459132416e-17,0.0,0,0.0,0.0,0.004481554769642852,0.0,0,0.0,0.0,0.004481554769642852,0.0,0.0
MAR08847,549,2.692038051695826e-15,3.3515639209052247e-15,2.0064245161814892e-17,0.0,0,0.0,0.0,0.004562962366977274,0.0,0,0.0,0.0,0.004562962366977274,0.0,0.0
MAR09101,557,2.6788864364384384e-15,3.4511791095174983e-15,1.9165470682584773e-17,0.0,0,0.0,0.0,0.004497603075155535,0.0,0,0.0,0.0,0.004497603075155535,0.0,0.0
MAR07870,568,2.6770448143074197e-15,3.585072912720646e-15,2.0425946684801025e-17,0.0,0,0.0,0.0,0.004410732264444036,0.0,0,0.0,0.0,0.004410732264444036,0.0,0.0
MAR00344,574,2.6738193540798196e-15,3.880270908084573e-15,1.9684350604037762e-17,0.0,0,0.0,0.0,0.004364747866934595,0.0,0,0.0,0.0,0.004364747866934595,0.0,0.0
MAR03764,564,2.6708343968287445e-15,3.578606056586294e-15,2.0226806776764384e-17,0.0,0,0.0,0.0,0.004441930629657058,0.0,0,0.0,0.0,0.004441930629657058,0.0,0.0
MAR10012,544,2.664535259100377e-15,3.772131921505048e-15,1.9525706003344334e-17,0.0,0,0.0,0.0,0.004604785407758596,0.0,0,0.0,0.0,0.004604785407758596,0.0,0.0
MAR02770,556,2.6581454862967777e-15,3.919371394252268e-15,2.1111505326342915e-17,0.0,0,0.0,0.0,0.0045056704064922026,0.0,0,0.0,0.0,0.0045056704064922026,0.0,0.0
MAR08980,548,2.64508609662519e-15,5.030159874411801e-15,1.9206014418011838e-17,0.0,0,0.0,0.0,0.004571266087298871,0.0,0,0.0,0.0,0.004571266087298871,0.0,0.0
MAR09419,570,2.642720350546338e-15,3.720983813607396e-15,1.9460461758221577e-17,0.0,0,0.0,0.0,0.004395296850147243,0.0,0,0.0,0.0,0.004395296850147243,0.0,0.0
MAR10553,540,2.6316397620744442e-15,3.609889100569012e-15,1.866896339393543e-17,0.0,0,0.0,0.0,0.00463879992662872,0.0,0,0.0,0.0,0.00463879992662872,0.0,0.0
MAR02307,574,2.6243041808561193e-15,1.4145774821907248e-14,2.2122788534771883e-17,0.0,0,0.0,0.0,0.004364747866934595,0.0,0,0.0,0.0,0.004364747866934595,0.0,0.0
MAR02126,569,2.622389710186661e-15,3.2912406366292065e-15,1.9232005506980652e-17,0.0,0,0.0,0.0,0.004403001029543098,0.0,0,0.0,0.0,0.004403001029543098,0.0,0.0
MAR02245,570,2.6177890264845803e-15,3.2027398228827416e-15,1.900580553372727e-17,0.0,0,0.0,0.0,0.004395296850147243,0.0,0,0.0,0.0,0.004395296850147243,0.0,0.0
MAR09217,570,2.6177890264845795e-15,3.755908274066989e-15,1.8633089268462124e-17,0.0,0,0.0,0.0,0.004395296850147243,0.0,0,0.0,0.0,0.004395296850147243,0.0,0.0
MAR08144,560,2.588405680268937e-15,4.17563557289969e-15,1.973647163894605e-17,0.0,0,0.0,0.0,0.0044735734878779895,0.0,0,0.0,0.0,0.0044735734878779895,0.0,0.0
MAR08462,550,2.5837917664003648e-15,3.774159414013316e-15,2.008392615576223e-17,0.0,0,0.0,0.0,0.0045546887593671224,0.0,0,0.0,0.0,0.0045546887593671224,0.0,0.0
MAR05387,550,2.5837917664003644e-15,7.553391737150981e-15,2.0891354420643007e-17,0.0,0,0.0,0.0,0.0045546887593671224,0.0,0,0.0,0.0,0.0045546887593671224,0.0,0.0
MAR09036,561,2.5837917664003644e-15,4.650312494166123e-15,1.9044971435895154e-17,0.0,0,0.0,0.0,0.004465620583537596,0.0,0,0.0,0.0,0.004465620583537596,0.0,0.0
MAR09287,568,2.5769683726510677e-15,3.934756674021651e-15,1.8412189955866684e-17,0.0,0,0.0,0.0,0.004410732264444036,0.0,0,0.0,0.0,0.004410732264444036,0.0,0.0
MAR09998,572,2.534103463200358e-15,3.3049958854133326e-15,1.8230064735202015e-17,0.0,0,0.0,0.0,0.004379969091767465,0.0,0,0.0,0.0,0.004379969091767465,0.0,0.0
MAR00526,545,2.529271389678155e-15,3.7948343137942326e-15,1.8438986160944976e-17,0.0,0,0.0,0.0,0.004596359577531593,0.0,0,0.0,0.0,0.004596359577531593,0.0,0.0
MAR10030,590,2.529050415417306e-15,3.3955553330552275e-15,1.8831635468781167e-17,0.0,0,0.0,0.0,0.0042466836008472324,0.0,0,0.0,0.0,0.0042466836008472324,0.0,0.0
MAR08596,579,2.5280104242932754e-15,4.122436414791664e-15,1.9576448042355056e-17,0.0,0,0.0,0.0,0.00432715366313485,0.0,0,0.0,0.0,0.00432715366313485,0.0,0.0
MAR09075,568,2.5269301518228917e-15,3.1126720608868767e-15,1.8984008679427534e-17,0.0,0,0.0,0.0,0.004410732264444036,0.0,0,0.0,0.0,0.004410732264444036,0.0,0.0
MAR02362,529,2.5251802329470476e-15,3.390078250255991e-15,1.8841713806724804e-17,0.0,0,0.0,0.0,0.004734984668033456,0.0,0,0.0,0.0,0.004734984668033456,0.0,0.0
MAR00799,535,2.523422799895683e-15,3.967656483401044e-15,1.827447577439156e-17,0.0,0,0.0,0.0,0.004682031321548599,0.0,0,0.0,0.0,0.004682031321548599,0.0,0.0
MAR07115,552,2.522941597988761e-15,3.733607656467469e-15,1.8851164250729383e-17,0.0,0,0.0,0.0,0.004538231229443332,0.0,0,0.0,0.0,0.004538231229443332,0.0,0.0
MAR08915,559,2.516770334177099e-15,4.92257581395921e-15,1.8037708731687096e-17,0.0,0,0.0,0.0,0.004481554769642852,0.0,0,0.0,0.0,0.004481554769642852,0.0,0.0
MAR02112,549,2.510843182831684e-15,3.5785624005460265e-15,1.7612343531472132e-17,0.0,0,0.0,0.0,0.004562962366977274,0.0,0,0.0,0.0,0.004562962366977274,0.0,0.0
MAR07648,583,2.510665584332429e-15,3.4431508095475837e-15,1.88162358672607e-17,0.0,0,0.0,0.0,0.004297541386555887,0.0,0,0.0,0.0,0.004297541386555887,0.0,0.0
MAR05083,545,2.5031964268979678e-15,7.922777313925838e-15,2.040142805859415e-17,0.0,0,0.0,0.0,0.004596359577531593,0.0,0,0.0,0.0,0.004596359577531593,0.0,0.0
MAR01770,568,2.501911041408803e-15,3.4729118511579018e-15,1.7989448216906706e-17,0.0,0,0.0,0.0,0.004410732264444036,0.0,0,0.0,0.0,0.004410732264444036,0.0,0.0
MAR00671,546,2.4986118180574954e-15,3.201116337825927e-15,1.843219285614726e-17,0.0,0,0.0,0.0,0.004587964526068459,0.0,0,0.0,0.0,0.004587964526068459,0.0,0.0
MAR12917,576,2.49183389971424e-15,3.4925888269404208e-15,1.8049004822279116e-17,0.0,0,0.0,0.0,0.004349632068826215,0.0,0,0.0,0.0,0.004349632068826215,0.0,0.0
MAR10031,549,2.4849582015653777e-15,3.680042323699432e-15,1.753617937083593e-17,0.0,0,0.0,0.0,0.004562962366977274,0.0,0,0.0,0.0,0.004562962366977274,0.0,0.0
MAR04981,538,2.4829374409460755e-15,4.373811748676184e-15,1.777014110565806e-17,0.0,0,0.0,0.0,0.004655996327465773,0.0,0,0.0,0.0,0.004655996327465773,0.0,0.0
MAR09239,539,2.4783308779758595e-15,3.4645590387091642e-15,1.7580639366580542e-17,0.0,0,0.0,0.0,0.004647382219459146,0.0,0,0.0,0.0,0.004647382219459146,0.0,0.0
MAR02061,562,2.478049398736292e-15,3.4672898550045005e-15,1.782898769261013e-17,0.0,0,0.0,0.0,0.0044576959055467585,0.0,0,0.0,0.0,0.0044576959055467585,0.0,0.0
MAR00395,563,2.4736478900351625e-15,3.9442972270070794e-15,1.8417156095917805e-17,0.0,0,0.0,0.0,0.004449799303901048,0.0,0,0.0,0.0,0.004449799303901048,0.0,0.0
MAR10040,570,2.4682010821140324e-15,3.509793397653761e-15,1.7640535389267168e-17,0.0,0,0.0,0.0,0.004395296850147243,0.0,0,0.0,0.0,0.004395296850147243,0.0,0.0
MAR02431,548,2.4635605801901285e-15,4.222646909608478e-15,1.801947529797103e-17,0.0,0,0.0,0.0,0.004571266087298871,0.0,0,0.0,0.0,0.004571266087298871,0.0,0.0
MAR00223,582,2.4417276142958757e-15,3.3531972519433772e-15,1.7805843383243475e-17,0.0,0,0.0,0.0,0.004304906394243486,0.0,0,0.0,0.0,0.004304906394243486,0.0,0.0
MAR00123,553,2.4412860722318088e-15,3.3674574558225663e-15,1.8546060500825425e-17,0.0,0,0.0,0.0,0.00453004698365408,0.0,0,0.0,0.0,0.00453004698365408,0.0,0.0
MAR06661,560,2.4361465226060574e-15,3.594643294057054e-15,1.8525848716406184e-17,0.0,0,0.0,0.0,0.0044735734878779895,0.0,0,0.0,0.0,0.0044735734878779895,0.0,0.0
MAR09279,561,2.431804015435637e-15,3.3097834854550596e-15,1.8075832120159802e-17,0.0,0,0.0,0.0,0.004465620583537596,0.0,0,0.0,0.0,0.004465620583537596,0.0,0.0
MAR08353,567,2.4311338754402023e-15,3.8312841792464196e-15,1.876383839273783e-17,0.0,0,0.0,0.0,0.00441849069762059,0.0,0,0.0,0.0,0.00441849069762059,0.0,0.0
MAR10118,557,2.3982411907163167e-15,3.4599474502795993e-15,1.793750541136028e-17,0.0,0,0.0,0.0,0.004497603075155535,0.0,0,0.0,0.0,0.004497603075155535,0.0,0.0
MAR02359,563,2.3979239750340865e-15,3.278546840781999e-15,1.761671696208114e-17,0.0,0,0.0,0.0,0.004449799303901048,0.0,0,0.0,0.0,0.004449799303901048,0.0,0.0
MAR09996,565,2.3894357485737884e-15,3.874137445867557e-15,1.702486920092463e-17,0.0,0,0.0,0.0,0.004434089734923025,0.0,0,0.0,0.0,0.004434089734923025,0.0,0.0
MAR00407,567,2.3810074037816407e-15,3.642226185618472e-15,1.7332220174513314e-17,0.0,0,0.0,0.0,0.00441849069762059,0.0,0,0.0,0.0,0.00441849069762059,0.0,0.0
MAR02104,550,2.377088425088335e-15,3.2829373459336963e-15,1.733264593561558e-17,0.0,0,0.0,0.0,0.0045546887593671224,0.0,0,0.0,0.0,0.0045546887593671224,0.0,0.0
MAR12810,568,2.3768154893383633e-15,3.70330877029765e-15,1.6991475129165375e-17,0.0,0,0.0,0.0,0.004410732264444036,0.0,0,0.0,0.0,0.004410732264444036,0.0,0.0
MAR01835,553,2.3384950797167857e-15,3.4441221538461667e-15,1.698550177789014e-17,0.0,0,0.0,0.0,0.00453004698365408,0.0,0,0.0,0.0,0.00453004698365408,0.0,0.0
MAR01472,572,2.335350250400329e-15,4.405725605233523e-15,1.6149787014299212e-17,0.0,0,0.0,0.0,0.004379969091767465,0.0,0,0.0,0.0,0.004379969091767465,0.0,0.0
MAR09122,574,2.3272131415139164e-15,3.454595165282847e-15,1.6599142717597865e-17,0.0,0,0.0,0.0,0.004364747866934595,0.0,0,0.0,0.0,0.004364747866934595,0.0,0.0
MAR12681,558,2.317540822730076e-15,4.999105874694146e-15,1.5627014210861828e-17,0.0,0,0.0,0.0,0.004489564580987142,0.0,0,0.0,0.0,0.004489564580987142,0.0,0.0
MAR08905,540,2.315842990625511e-15,3.3612819238948442e-15,1.66562186313872e-17,0.0,0,0.0,0.0,0.00463879992662872,0.0,0,0.0,0.0,0.00463879992662872,0.0,0.0
MAR08927,565,2.313979882829352e-15,4.780655694836778e-15,1.707584426650606e-17,0.0,0,0.0,0.0,0.004434089734923025,0.0,0,0.0,0.0,0.004434089734923025,0.0,0.0
MAR00438,547,2.3121865989999595e-15,3.852939416035491e-15,1.6335591457417274e-17,0.0,0,0.0,0.0,0.004579600085029117,0.0,0,0.0,0.0,0.004579600085029117,0.0,0.0
MAR09945,556,2.3003182092952883e-15,3.5772377567361804e-15,1.6696322640500933e-17,0.0,0,0.0,0.0,0.0045056704064922026,0.0,0,0.0,0.0,0.0045056704064922026,0.0,0.0
MAR01830,582,2.295223957438125e-15,3.1972909304434027e-15,1.6958346783438336e-17,0.0,0,0.0,0.0,0.004304906394243486,0.0,0,0.0,0.0,0.004304906394243486,0.0,0.0
MAR05384,548,2.2820350637550663e-15,7.62873592755254e-15,1.887071484679926e-17,0.0,0,0.0,0.0,0.004571266087298871,0.0,0,0.0,0.0,0.004571266087298871,0.0,0.0
MAR09980,557,2.2706751699335347e-15,3.848489848488199e-15,1.621078863706634e-17,0.0,0,0.0,0.0,0.004497603075155535,0.0,0,0.0,0.0,0.004497603075155535,0.0,0.0
MAR00577,559,2.2625511085026444e-15,5.300736390992022e-15,1.565214213929543e-17,0.0,0,0.0,0.0,0.004481554769642852,0.0,0,0.0,0.0,0.004481554769642852,0.0,0.0
MAR02109,554,2.257319882559163e-15,3.3469624129773423e-15,1.6329541783670064e-17,0.0,0,0.0,0.0,0.004521892203603858,0.0,0,0.0,0.0,0.004521892203603858,0.0,0.0
MAR00535,537,2.2493904111586035e-15,4.1672717667276914e-15,1.5841906152892847e-17,0.0,0,0.0,0.0,0.004664642427888463,0.0,0,0.0,0.0,0.004664642427888463,0.0,0.0
MAR05385,582,2.2463894051522067e-15,7.458019300101601e-15,1.786372270260302e-17,0.0,0,0.0,0.0,0.004304906394243486,0.0,0,0.0,0.0,0.004304906394243486,0.0,0.0
MAR08042,536,2.2270742464122544e-15,3.7081270770876394e-15,1.577352354466904e-17,0.0,0,0.0,0.0,0.004673320699286043,0.0,0,0.0,0.0,0.004673320699286043,0.0,0.0
MAR09160,558,2.2156708964562268e-15,3.5264689513971114e-15,1.5816956116559093e-17,0.0,0,0.0,0.0,0.004489564580987142,0.0,0,0.0,0.0,0.004489564580987142,0.0,0.0
MAR12337,566,2.209461510490771e-15,3.482649895430145e-15,1.603856510306097e-17,0.0,0,0.0,0.0,0.0044262764728495866,0.0,0,0.0,0.0,0.0044262764728495866,0.0,0.0
MAR06993,539,2.188313434808471e-15,3.676250886408088e-15,1.6704575487760618e-17,0.0,0,0.0,0.0,0.004647382219459146,0.0,0,0.0,0.0,0.004647382219459146,0.0,0.0
MAR10002,565,2.1882201065886273e-15,3.4853013339650135e-15,1.5935082998885806e-17,0.0,0,0.0,0.0,0.004434089734923025,0.0,0,0.0,0.0,0.004434089734923025,0.0,0.0
MAR12893,567,2.1805015171473973e-15,3.3578476558578893e-15,1.651195740166966e-17,0.0,0,0.0,0.0,0.00441849069762059,0.0,0,0.0,0.0,0.00441849069762059,0.0,0.0
MAR00194,567,2.180501517147397e-15,3.938774109005404e-15,1.5192396466572884e-17,0.0,0,0.0,0.0,0.00441849069762059,0.0,0,0.0,0.0,0.00441849069762059,0.0,0.0
MAR06713,554,2.1803657956537365e-15,3.582492288035166e-15,1.6383546717438738e-17,0.0,0,0.0,0.0,0.004521892203603858,0.0,0,0.0,0.0,0.004521892203603858,0.0,0.0
MAR07876,569,2.172837188440377e-15,3.559408246737684e-15,1.575312767304299e-17,0.0,0,0.0,0.0,0.004403001029543098,0.0,0,0.0,0.0,0.004403001029543098,0.0,0.0
MAR11337,551,2.16644609088379e-15,3.4469018166570423e-15,1.5408486544328754e-17,0.0,0,0.0,0.0,0.004546445100963565,0.0,0,0.0,0.0,0.004546445100963565,0.0,0.0
MAR00174,571,2.1652265503022317e-15,3.5457093512137586e-15,1.5512139910944498e-17,0.0,0,0.0,0.0,0.00438761958448344,0.0,0,0.0,0.0,0.00438761958448344,0.0,0.0
MAR11256,578,2.163590337262588e-15,3.601674691150948e-15,1.4893541212174317e-17,0.0,0,0.0,0.0,0.004334620605899285,0.0,0,0.0,0.0,0.004334620605899285,0.0,0.0
MAR09762,560,2.157004733557447e-15,3.876031465803998e-15,1.4743999833105245e-17,0.0,0,0.0,0.0,0.0044735734878779895,0.0,0,0.0,0.0,0.0044735734878779895,0.0,0.0
MAR09197,560,2.157004733557447e-15,3.470326371734979e-15,1.51228459013959e-17,0.0,0,0.0,0.0,0.0044735734878779895,0.0,0,0.0,0.0,0.0044735734878779895,0.0,0.0
MAR09224,549,2.1484534451033998e-15,3.639621992302195e-15,1.4572341005166127e-17,0.0,0,0.0,0.0,0.004562962366977274,0.0,0,0.0,0.0,0.004562962366977274,0.0,0.0
MAR01679,584,2.1413616694140004e-15,3.4133476978183047e-15,1.5178671661734908e-17,0.0,0,0.0,0.0,0.004290201536487618,0.0,0,0.0,0.0,0.004290201536487618,0.0,0.0
MAR11598,541,2.1276880442354195e-15,3.5068994191253137e-15,1.5355903143222884e-17,0.0,0,0.0,0.0,0.004630249273041442,0.0,0,0.0,0.0,0.004630249273041442,0.0,0.0
MAR02043,577,2.0934534675774183e-15,3.108127535660459e-15,1.5577226970416938e-17,0.0,0,0.0,0.0,0.004342113363096878,0.0,0,0.0,0.0,0.004342113363096878,0.0,0.0
MAR09158,557,2.092082740837638e-15,3.3703762534237846e-15,1.4511333372183523e-17,0.0,0,0.0,0.0,0.004497603075155535,0.0,0,0.0,0.0,0.004497603075155535,0.0,0.0
MAR05086,544,2.0898315757650006e-15,7.97692618257007e-15,1.7100236022250227e-17,0.0,0,0.0,0.0,0.004604785407758596,0.0,0,0.0,0.0,0.004604785407758596,0.0,0.0
MAR08370,559,2.084597650530526e-15,4.074168861880274e-15,1.5557213171988198e-17,0.0,0,0.0,0.0,0.004481554769642852,0.0,0,0.0,0.0,0.004481554769642852,0.0,0.0
MAR12965,562,2.073469905065061e-15,3.6914377719270715e-15,1.4010268654074985e-17,0.0,0,0.0,0.0,0.0044576959055467585,0.0,0,0.0,0.0,0.0044576959055467585,0.0,0.0
MAR12145,556,2.0702863883657597e-15,3.554826823145093e-15,1.4268791638934188e-17,0.0,0,0.0,0.0,0.0045056704064922026,0.0,0,0.0,0.0,0.0045056704064922026,0.0,0.0
MAR02327,563,2.0697870100294216e-15,1.4390141971345816e-14,1.7692607985710996e-17,0.0,0,0.0,0.0,0.004449799303901048,0.0,0,0.0,0.0,0.004449799303901048,0.0,0.0
MAR05111,536,2.0679975145256648e-15,8.17178545641389e-15,1.668387688339289e-17,0.0,0,0.0,0.0,0.004673320699286043,0.0,0,0.0,0.0,0.004673320699286043,0.0,0.0
MAR10127,544,2.0637086810679382e-15,3.5987465541051156e-15,1.4510051001565598e-17,0.0,0,0.0,0.0,0.004604785407758596,0.0,0,0.0,0.0,0.004604785407758596,0.0,0.0
MAR02340,558,2.0628660070454523e-15,1.4608323520747896e-14,1.7311695546503108e-17,0.0,0,0.0,0.0,0.004489564580987142,0.0,0,0.0,0.0,0.004489564580987142,0.0,0.0
MAR09991,545,2.0599220596347864e-15,3.4716023238976866e-15,1.441174995209821e-17,0.0,0,0.0,0.0,0.004596359577531593,0.0,0,0.0,0.0,0.004596359577531593,0.0,0.0
MAR05188,552,2.059544161623479e-15,7.768013827208959e-15,1.6688260884240797e-17,0.0,0,0.0,0.0,0.004538231229443332,0.0,0,0.0,0.0,0.004538231229443332,0.0,0.0
MAR10159,569,2.0479614879552978e-15,3.640852220194406e-15,1.4345628463847193e-17,0.0,0,0.0,0.0,0.004403001029543098,0.0,0,0.0,0.0,0.004403001029543098,0.0,0.0
MAR02342,563,2.0445457050290625e-15,3.0740231242822932e-15,1.491619460169973e-17,0.0,0,0.0,0.0,0.004449799303901048,0.0,0,0.0,0.0,0.004449799303901048,0.0,0.0
MAR08710,552,2.033799859603185e-15,4.2834562153645905e-15,1.509790745795521e-17,0.0,0,0.0,0.0,0.004538231229443332,0.0,0,0.0,0.0,0.004538231229443332,0.0,0.0
MAR00164,577,2.019566874604097e-15,3.343751954866601e-15,1.42638797783459e-17,0.0,0,0.0,0.0,0.004342113363096878,0.0,0,0.0,0.0,0.004342113363096878,0.0,0.0
MAR12979,545,2.0077721340744116e-15,3.42205692231581e-15,1.4225871658412013e-17,0.0,0,0.0,0.0,0.004596359577531593,0.0,0,0.0,0.0,0.004596359577531593,0.0,0.0
MAR06745,574,2.005364515559864e-15,4.0848514803500734e-15,1.4410801542000352e-17,0.0,0,0.0,0.0,0.004364747866934595,0.0,0,0.0,0.0,0.004364747866934595,0.0,0.0
MAR05389,568,2.001528833127043e-15,7.624231679233503e-15,1.5789225705167633e-17,0.0,0,0.0,0.0,0.004410732264444036,0.0,0,0.0,0.0,0.004410732264444036,0.0,0.0
MAR02376,599,1.9928410618981102e-15,3.447907187296976e-15,1.421924015266209e-17,0.0,0,0.0,0.0,0.00418303723654066,0.0,0,0.0,0.0,0.00418303723654066,0.0,0.0
MAR08418,564,1.9905275221648198e-15,4.277260419000241e-15,1.4456261092165936e-17,0.0,0,0.0,0.0,0.004441930629657058,0.0,0,0.0,0.0,0.004441930629657058,0.0,0.0
MAR09090,565,1.9870044646034654e-15,3.709589726271829e-15,1.3095888496158802e-17,0.0,0,0.0,0.0,0.004434089734923025,0.0,0,0.0,0.0,0.004434089734923025,0.0,0.0
MAR00701,553,1.978726605914203e-15,3.363879841829784e-15,1.4648218978312304e-17,0.0,0,0.0,0.0,0.00453004698365408,0.0,0,0.0,0.0,0.00453004698365408,0.0,0.0
MAR09035,559,1.957488037693299e-15,4.669804174505093e-15,1.4063642630798976e-17,0.0,0,0.0,0.0,0.004481554769642852,0.0,0,0.0,0.0,0.004481554769642852,0.0,0.0
MAR09365,560,1.9539925233402753e-15,3.35581321501893e-15,1.4275291300984424e-17,0.0,0,0.0,0.0,0.0044735734878779895,0.0,0,0.0,0.0,0.0044735734878779895,0.0,0.0
MAR09120,554,1.949503534937459e-15,3.758281042512556e-15,1.3314406042252096e-17,0.0,0,0.0,0.0,0.004521892203603858,0.0,0,0.0,0.0,0.004521892203603858,0.0,0.0
MAR09355,562,1.9470388132928005e-15,3.998817773995029e-15,1.2886414884771485e-17,0.0,0,0.0,0.0,0.0044576959055467585,0.0,0,0.0,0.0,0.0044576959055467585,0.0,0.0
MAR02082,549,1.9413735949729515e-15,3.303193003068535e-15,1.3225794241644671e-17,0.0,0,0.0,0.0,0.004562962366977274,0.0,0,0.0,0.0,0.004562962366977274,0.0,0.0
MAR11350,566,1.9332788216794245e-15,3.589289009455161e-15,1.2624147292526565e-17,0.0,0,0.0,0.0,0.0044262764728495866,0.0,0,0.0,0.0,0.0044262764728495866,0.0,0.0
MAR01888,546,1.926013276419319e-15,3.3532063957261533e-15,1.3670654836548886e-17,0.0,0,0.0,0.0,0.004587964526068459,0.0,0,0.0,0.0,0.004587964526068459,0.0,0.0
MAR08066,562,1.9217525949383486e-15,3.364228414512765e-15,1.3497308243663058e-17,0.0,0,0.0,0.0,0.0044576959055467585,0.0,0,0.0,0.0,0.0044576959055467585,0.0,0.0
MAR12387,555,1.9203857723245944e-15,3.751090996357918e-15,1.2981082010631024e-17,0.0,0,0.0,0.0,0.004513766730450679,0.0,0,0.0,0.0,0.004513766730450679,0.0,0.0
MAR00318,563,1.918339180027268e-15,3.945979714877246e-15,1.3158713323021259e-17,0.0,0,0.0,0.0,0.004449799303901048,0.0,0,0.0,0.0,0.004449799303901048,0.0,0.0
MAR08351,543,1.910483230588852e-15,3.738953951870802e-15,1.4447135616571493e-17,0.0,0,0.0,0.0,0.004613242186326175,0.0,0,0.0,0.0,0.004613242186326175,0.0,0.0
MAR03576,559,1.9066441925584082e-15,3.712042840459893e-15,1.3435077516746011e-17,0.0,0,0.0,0.0,0.004481554769642852,0.0,0,0.0,0.0,0.004481554769642852,0.0,0.0
MAR10211,561,1.8998468870590915e-15,3.2877050281974714e-15,1.3404285388864688e-17,0.0,0,0.0,0.0,0.004465620583537596,0.0,0,0.0,0.0,0.004465620583537596,0.0,0.0
MAR12513,540,1.8947806286936e-15,3.665102289627655e-15,1.3050488573222074e-17,0.0,0,0.0,0.0,0.00463879992662872,0.0,0,0.0,0.0,0.00463879992662872,0.0,0.0
MAR01626,562,1.8711801582294452e-15,3.4332556840711554e-15,1.3514959438714692e-17,0.0,0,0.0,0.0,0.0044576959055467585,0.0,0,0.0,0.0,0.0044576959055467585,0.0,0.0
MAR00352,540,1.868464231072856e-15,4.30925037452948e-15,1.2672858659561665e-17,0.0,0,0.0,0.0,0.00463879992662872,0.0,0,0.0,0.0,0.00463879992662872,0.0,0.0
MAR08993,571,1.8665746123295092e-15,4.82017158504514e-15,1.2878968651758782e-17,0.0,0,0.0,0.0,0.00438761958448344,0.0,0,0.0,0.0,0.00438761958448344,0.0,0.0
MAR12907,558,1.859126154497753e-15,3.4868175404589673e-15,1.2892315252446884e-17,0.0,0,0.0,0.0,0.004489564580987142,0.0,0,0.0,0.0,0.004489564580987142,0.0,0.0
MAR00567,560,1.85248641823169e-15,3.931670710251105e-15,1.3061961996855091e-17,0.0,0,0.0,0.0,0.0044735734878779895,0.0,0,0.0,0.0,0.0044735734878779895,0.0,0.0
MAR11227,576,1.850371707708594e-15,3.3656237644912898e-15,1.227572383690394e-17,0.0,0,0.0,0.0,0.004349632068826215,0.0,0,0.0,0.0,0.004349632068826215,0.0,0.0
MAR08556,546,1.8479316571050226e-15,3.3856141511873957e-15,1.3452490179952885e-17,0.0,0,0.0,0.0,0.004587964526068459,0.0,0,0.0,0.0,0.004587964526068459,0.0,0.0
MAR09386,571,1.841686950831783e-15,3.4478189069321892e-15,1.2750801842508799e-17,0.0,0,0.0,0.0,0.00438761958448344,0.0,0,0.0,0.0,0.00438761958448344,0.0,0.0
MAR08357,580,1.837610523517501e-15,3.956533650982129e-15,1.3341319011143206e-17,0.0,0,0.0,0.0,0.004319712401627411,0.0,0,0.0,0.0,0.004319712401627411,0.0,0.0
MAR09103,553,1.824540117141667e-15,3.580480178667469e-15,1.246062919043516e-17,0.0,0,0.0,0.0,0.00453004698365408,0.0,0,0.0,0.0,0.00453004698365408,0.0,0.0
MAR08958,563,1.8173739600258335e-15,4.579698195260993e-15,1.2933278766427071e-17,0.0,0,0.0,0.0,0.004449799303901048,0.0,0,0.0,0.0,0.004449799303901048,0.0,0.0
MAR07872,552,1.802101141420544e-15,3.655840923445444e-15,1.2813608328019743e-17,0.0,0,0.0,0.0,0.004538231229443332,0.0,0,0.0,0.0,0.004538231229443332,0.0,0.0
MAR00981,560,1.801733365677396e-15,3.083259385132639e-15,1.3581241456550745e-17,0.0,0,0.0,0.0,0.0044735734878779895,0.0,0,0.0,0.0,0.0044735734878779895,0.0,0.0
MAR12657,553,1.798842369012912e-15,3.732573797342713e-15,1.2514318748780684e-17,0.0,0,0.0,0.0,0.00453004698365408,0.0,0,0.0,0.0,0.00453004698365408,0.0,0.0
MAR05090,546,1.7958772442288246e-15,7.89129464870294e-15,1.4704979322691004e-17,0.0,0,0.0,0.0,0.004587964526068459,0.0,0,0.0,0.0,0.004587964526068459,0.0,0.0
MAR12351,539,1.792835103216579e-15,3.1748285622355243e-15,1.2311028944871294e-17,0.0,0,0.0,0.0,0.004647382219459146,0.0,0,0.0,0.0,0.004647382219459146,0.0,0.0
MAR05368,557,1.785924290958959e-15,7.674584474332314e-15,1.41890952157854e-17,0.0,0,0.0,0.0,0.004497603075155535,0.0,0,0.0,0.0,0.004497603075155535,0.0,0.0
MAR01921,570,1.7701240083848104e-15,3.441931054312957e-15,1.1664162412859343e-17,0.0,0,0.0,0.0,0.004395296850147243,0.0,0,0.0,0.0,0.004395296850147243,0.0,0.0
MAR00488,564,1.763758563943511e-15,3.4291527124792613e-15,1.3135089381256039e-17,0.0,0,0.0,0.0,0.004441930629657058,0.0,0,0.0,0.0,0.004441930629657058,0.0,0.0
MAR10262,567,1.75442650804963e-15,4.0900194624608195e-15,1.226870572402546e-17,0.0,0,0.0,0.0,0.00441849069762059,0.0,0,0.0,0.0,0.00441849069762059,0.0,0.0
MAR08364,568,1.751337728986163e-15,4.082199155333998e-15,1.2735350713626335e-17,0.0,0,0.0,0.0,0.004410732264444036,0.0,0,0.0,0.0,0.004410732264444036,0.0,0.0
MAR09014,552,1.7506125373799563e-15,4.825478788756355e-15,1.2503256189972516e-17,0.0,0,0.0,0.0,0.004538231229443332,0.0,0,0.0,0.0,0.004538231229443332,0.0,0.0
MAR02055,556,1.7380182025786624e-15,3.404985508595537e-15,1.21441059432273e-17,0.0,0,0.0,0.0,0.0045056704064922026,0.0,0,0.0,0.0,0.0045056704064922026,0.0,0.0
MAR00363,556,1.738018202578662e-15,3.879185843692926e-15,1.1921985003952349e-17,0.0,0,0.0,0.0,0.0045056704064922026,0.0,0,0.0,0.0,0.0045056704064922026,0.0,0.0
MAR00197,569,1.723284666694091e-15,3.283162755190417e-15,1.2292812253948456e-17,0.0,0,0.0,0.0,0.004403001029543098,0.0,0,0.0,0.0,0.004403001029543098,0.0,0.0
MAR04984,556,1.7124591113642706e-15,4.2597800552380884e-15,1.2782169253890884e-17,0.0,0,0.0,0.0,0.0045056704064922026,0.0,0,0.0,0.0,0.0045056704064922026,0.0,0.0
MAR02779,548,1.7115262978163e-15,4.254398581979878e-15,1.2500208469380257e-17,0.0,0,0.0,0.0,0.004571266087298871,0.0,0,0.0,0.0,0.004571266087298871,0.0,0.0
MAR09247,567,1.7043000363910685e-15,3.7813097014537e-15,1.1750742826776247e-17,0.0,0,0.0,0.0,0.00441849069762059,0.0,0,0.0,0.0,0.00441849069762059,0.0,0.0
MAR07088,559,1.7032688120188447e-15,3.1085218434381457e-15,1.2270997602766145e-17,0.0,0,0.0,0.0,0.004481554769642852,0.0,0,0.0,0.0,0.004481554769642852,0.0,0.0
MAR04929,559,1.7032688120188447e-15,4.0500220686507086e-15,1.2057670400971411e-17,0.0,0,0.0,0.0,0.004481554769642852,0.0,0,0.0,0.0,0.004481554769642852,0.0,0.0
MAR08043,579,1.6935215463712231e-15,3.372193616961231e-15,1.2212348153527666e-17,0.0,0,0.0,0.0,0.00432715366313485,0.0,0,0.0,0.0,0.00432715366313485,0.0,0.0
MAR08506,562,1.6688904113938296e-15,4.187067730280613e-15,1.2547738420128884e-17,0.0,0,0.0,0.0,0.0044576959055467585,0.0,0,0.0,0.0,0.0044576959055467585,0.0,0.0
MAR08102,563,1.6659261300236808e-15,3.8387822102546585e-15,1.1045672518605616e-17,0.0,0,0.0,0.0,0.004449799303901048,0.0,0,0.0,0.0,0.004449799303901048,0.0,0.0
MAR10361,549,1.6566388010435851e-15,3.82698343796022e-15,1.0927894417717824e-17,0.0,0,0.0,0.0,0.004562962366977274,0.0,0,0.0,0.0,0.004562962366977274,0.0,0.0
MAR02159,592,1.6563327286299633e-15,3.3311815533741387e-15,1.108601445632632e-17,0.0,0,0.0,0.0,0.004232373150611237,0.0,0,0.0,0.0,0.004232373150611237,0.0,0.0
MAR10017,549,1.6307538197772792e-15,3.664556222275709e-15,1.0580388211654674e-17,0.0,0,0.0,0.0,0.004562962366977274,0.0,0,0.0,0.0,0.004562962366977274,0.0,0.0
MAR01710,542,1.6255959268312252e-15,3.4454948276489166e-15,1.0923023499535196e-17,0.0,0,0.0,0.0,0.00462173008405905,0.0,0,0.0,0.0,0.00462173008405905,0.0,0.0
MAR09231,552,1.6218910272784895e-15,3.733715097841963e-15,1.1120884386409319e-17,0.0,0,0.0,0.0,0.004538231229443332,0.0,0,0.0,0.0,0.004538231229443332,0.0,0.0
MAR08373,571,1.617697997352242e-15,4.028534310559461e-15,1.2066304499227246e-17,0.0,0,0.0,0.0,0.00438761958448344,0.0,0,0.0,0.0,0.00438761958448344,0.0,0.0
MAR00402,554,1.616035825013946e-15,4.273391710344627e-15,1.0741366406968697e-17,0.0,0,0.0,0.0,0.004521892203603858,0.0,0,0.0,0.0,0.004521892203603858,0.0,0.0
MAR01097,572,1.6148698540002276e-15,3.4870476514987996e-15,1.1007978403667123e-17,0.0,0,0.0,0.0,0.004379969091767465,0.0,0,0.0,0.0,0.004379969091767465,0.0,0.0
MAR08757,538,1.6112679138054317e-15,3.4542975403238382e-15,1.1156547861143887e-17,0.0,0,0.0,0.0,0.004655996327465773,0.0,0,0.0,0.0,0.004655996327465773,0.0,0.0
MAR02397,558,1.604451338813129e-15,3.0835809389014036e-15,1.1096922847150726e-17,0.0,0,0.0,0.0,0.004489564580987142,0.0,0,0.0,0.0,0.004489564580987142,0.0,0.0
MAR10039,563,1.5902022150226047e-15,3.5210048473016687e-15,1.0763187350526108e-17,0.0,0,0.0,0.0,0.004449799303901048,0.0,0,0.0,0.0,0.004449799303901048,0.0,0.0
MAR04951,565,1.5845731806331445e-15,3.700354740428738e-15,1.1202625601326743e-17,0.0,0,0.0,0.0,0.004434089734923025,0.0,0,0.0,0.0,0.004434089734923025,0.0,0.0
MAR08020,561,1.5705400933021823e-15,3.647891982262116e-15,1.0633689463241515e-17,0.0,0,0.0,0.0,0.004465620583537596,0.0,0,0.0,0.0,0.004465620583537596,0.0,0.0
MAR08377,570,1.5457420918289905e-15,3.79200782380714e-15,1.124812617733574e-17,0.0,0,0.0,0.0,0.004395296850147243,0.0,0,0.0,0.0,0.004395296850147243,0.0,0.0
MAR09390,564,1.5369896057222018e-15,4.143768490856915e-15,1.009733047573479e-17,0.0,0,0.0,0.0,0.004441930629657058,0.0,0,0.0,0.0,0.004441930629657058,0.0,0.0
MAR00171,567,1.5288573855861061e-15,3.784519577976191e-15,1.0132253028449655e-17,0.0,0,0.0,0.0,0.00441849069762059,0.0,0,0.0,0.0,0.00441849069762059,0.0,0.0
MAR09033,568,1.5261657352593695e-15,4.778891271137798e-15,1.0343211517380925e-17,0.0,0,0.0,0.0,0.004410732264444036,0.0,0,0.0,0.0,0.004410732264444036,0.0,0.0
MAR08709,562,1.5171731012671183e-15,3.793576948636513e-15,1.150940545679663e-17,0.0,0,0.0,0.0,0.0044576959055467585,0.0,0,0.0,0.0,0.0044576959055467585,0.0,0.0
MAR09027,563,1.5144783000215282e-15,4.997474421764207e-15,9.497007895478342e-18,0.0,0,0.0,0.0,0.004449799303901048,0.0,0,0.0,0.0,0.004449799303901048,0.0,0.0
MAR04971,548,1.504068564747658e-15,4.385078807746746e-15,9.892737517174147e-18,0.0,0,0.0,0.0,0.004571266087298871,0.0,0,0.0,0.0,0.004571266087298871,0.0,0.0
MAR07388,567,1.5037941497568257e-15,3.356535568293195e-15,1.0549885124171829e-17,0.0,0,0.0,0.0,0.00441849069762059,0.0,0,0.0,0.0,0.00441849069762059,0.0,0.0
MAR00521,559,1.4998934314792812e-15,3.951944249784603e-15,9.923527909140005e-18,0.0,0,0.0,0.0,0.004481554769642852,0.0,0,0.0,0.0,0.004481554769642852,0.0,0.0
MAR07123,580,1.4945898924609e-15,3.2364831510280285e-15,1.0729210782291941e-17,0.0,0,0.0,0.0,0.004319712401627411,0.0,0,0.0,0.0,0.004319712401627411,0.0,0.0
MAR04430,561,1.4945462178198183e-15,3.1162401830747766e-15,1.0581906588320047e-17,0.0,0,0.0,0.0,0.004465620583537596,0.0,0,0.0,0.0,0.004465620583537596,0.0,0.0
MAR00085,571,1.4932596898636089e-15,3.2483432442406082e-15,1.0266023676915697e-17,0.0,0,0.0,0.0,0.00438761958448344,0.0,0,0.0,0.0,0.00438761958448344,0.0,0.0
MAR00845,554,1.4877790135049022e-15,3.898637796791988e-15,9.4739777279354e-18,0.0,0,0.0,0.0,0.004521892203603858,0.0,0,0.0,0.0,0.004521892203603858,0.0,0.0
MAR00386,538,1.4791967733295766e-15,3.7806733240266294e-15,1.0535072938771679e-17,0.0,0,0.0,0.0,0.004655996327465773,0.0,0,0.0,0.0,0.004655996327465773,0.0,0.0
MAR06999,567,1.4787309139275457e-15,3.0265950470122315e-15,1.071172432369712e-17,0.0,0,0.0,0.0,0.00441849069762059,0.0,0,0.0,0.0,0.00441849069762059,0.0,0.0
MAR10391,567,1.4787309139275455e-15,3.659615474907453e-15,9.719669739090274e-18,0.0,0,0.0,0.0,0.00441849069762059,0.0,0,0.0,0.0,0.00441849069762059,0.0,0.0
MAR00038,577,1.4777318594664128e-15,3.502915453737588e-15,1.0394316379192876e-17,0.0,0,0.0,0.0,0.004342113363096878,0.0,0,0.0,0.0,0.004342113363096878,0.0,0.0
MAR02164,559,1.4744715089118362e-15,3.5170770236859038e-15,9.702684252575542e-18,0.0,0,0.0,0.0,0.004481554769642852,0.0,0,0.0,0.0,0.004481554769642852,0.0,0.0
MAR06841,569,1.4735332657239332e-15,4.200919951012374e-15,1.0389169492392164e-17,0.0,0,0.0,0.0,0.004403001029543098,0.0,0,0.0,0.0,0.004403001029543098,0.0,0.0
MAR08546,534,1.4636648114908435e-15,4.383499918642385e-15,1.1396738985601387e-17,0.0,0,0.0,0.0,0.004690774475909901,0.0,0,0.0,0.0,0.004690774475909901,0.0,0.0
MAR05127,554,1.4621276512030943e-15,7.896879599459381e-15,1.1298853256455072e-17,0.0,0,0.0,0.0,0.004521892203603858,0.0,0,0.0,0.0,0.004521892203603858,0.0,0.0
MAR01561,574,1.4606976100991603e-15,4.180339252964802e-15,9.322187570722417e-18,0.0,0,0.0,0.0,0.004364747866934595,0.0,0,0.0,0.0,0.004364747866934595,0.0,0.0
MAR09140,565,1.4588134043924183e-15,3.2334986121161762e-15,9.718548420551974e-18,0.0,0,0.0,0.0,0.004434089734923025,0.0,0,0.0,0.0,0.004434089734923025,0.0,0.0
MAR02063,548,1.4522041314804963e-15,3.144446518717418e-15,9.85663611502965e-18,0.0,0,0.0,0.0,0.004571266087298871,0.0,0,0.0,0.0,0.004571266087298871,0.0,0.0
MAR01946,551,1.4442973939225271e-15,3.383990117170704e-15,9.72126845532318e-18,0.0,0,0.0,0.0,0.004546445100963565,0.0,0,0.0,0.0,0.004546445100963565,0.0,0.0
MAR08701,583,1.4381482473360517e-15,3.968962793378166e-15,1.0489043334729113e-17,0.0,0,0.0,0.0,0.004297541386555887,0.0,0,0.0,0.0,0.004297541386555887,0.0,0.0
MAR02073,556,1.4313091080059568e-15,2.9574021914616933e-15,9.70066886544342e-18,0.0,0,0.0,0.0,0.0045056704064922026,0.0,0,0.0,0.0,0.0045056704064922026,0.0,0.0
MAR10119,568,1.426089293603018e-15,3.27582829137874e-15,9.435898041732759e-18,0.0,0,0.0,0.0,0.004410732264444036,0.0,0,0.0,0.0,0.004410732264444036,0.0,0.0
MAR01711,550,1.4210854715202e-15,3.30940536918745e-15,9.62662082114813e-18,0.0,0,0.0,0.0,0.0045546887593671224,0.0,0,0.0,0.0,0.0045546887593671224,0.0,0.0
MAR10125,562,1.4160282278493104e-15,3.039623473286738e-15,1.020772965156812e-17,0.0,0,0.0,0.0,0.0044576959055467585,0.0,0,0.0,0.0,0.0044576959055467585,0.0,0.0
MAR08705,553,1.4133761470815732e-15,4.1185384370987845e-15,1.0793759037834871e-17,0.0,0,0.0,0.0,0.00453004698365408,0.0,0,0.0,0.0,0.00453004698365408,0.0,0.0
MAR06780,565,1.4085094938961268e-15,4.406891275801294e-15,9.77133778171367e-18,0.0,0,0.0,0.0,0.004434089734923025,0.0,0,0.0,0.0,0.004434089734923025,0.0,0.0
MAR08441,557,1.4032262286106116e-15,3.9439544557740095e-15,1.012369861886041e-17,0.0,0,0.0,0.0,0.004497603075155535,0.0,0,0.0,0.0,0.004497603075155535,0.0,0.0
MAR03979,539,1.3973567716246867e-15,3.611997869009335e-15,1.022196929748419e-17,0.0,0,0.0,0.0,0.004647382219459146,0.0,0,0.0,0.0,0.004647382219459146,0.0,0.0
MAR00524,550,1.3952475538561968e-15,3.977342835274049e-15,9.136196283734763e-18,0.0,0,0.0,0.0,0.0045546887593671224,0.0,0,0.0,0.0,0.0045546887593671224,0.0,0.0
MAR05000,549,1.346019025847913e-15,4.627354699735241e-15,8.707622216270631e-18,0.0,0,0.0,0.0,0.004562962366977274,0.0,0,0.0,0.0,0.004562962366977274,0.0,0.0
MAR06717,562,1.3401695727859531e-15,3.959342800681943e-15,9.070646778349709e-18,0.0,0,0.0,0.0,0.0044576959055467585,0.0,0,0.0,0.0,0.0044576959055467585,0.0,0.0
MAR01668,583,1.3162712772228268e-15,3.230740377611586e-15,8.598131206666161e-18,0.0,0,0.0,0.0,0.004297541386555887,0.0,0,0.0,0.0,0.004297541386555887,0.0,0.0
MAR08920,548,1.2966108316790141e-15,4.750671681071914e-15,8.420177923608318e-18,0.0,0,0.0,0.0,0.004571266087298871,0.0,0,0.0,0.0,0.004571266087298871,0.0,0.0
MAR08752,549,1.2942490633153006e-15,3.244831786029593e-15,8.25104237499191e-18,0.0,0,0.0,0.0,0.004562962366977274,0.0,0,0.0,0.0,0.004562962366977274,0.0,0.0
MAR08711,560,1.2942028401344675e-15,4.520514693450125e-15,8.580062526055219e-18,0.0,0,0.0,0.0,0.0044735734878779895,0.0,0,0.0,0.0,0.0044735734878779895,0.0,0.0
MAR12973,584,1.2896837327152498e-15,3.409648735375442e-15,7.497471653216307e-18,0.0,0,0.0,0.0,0.004290201536487618,0.0,0,0.0,0.0,0.004290201536487618,0.0,0.0
MAR02155,530,1.2870208043956527e-15,3.7506081257123445e-15,7.842555937741698e-18,0.0,0,0.0,0.0,0.0047260760867549505,0.0,0,0.0,0.0,0.0047260760867549505,0.0,0.0
MAR08700,553,1.2848874064377942e-15,4.2917483381185224e-15,9.245373371445478e-18,0.0,0,0.0,0.0,0.00453004698365408,0.0,0,0.0,0.0,0.00453004698365408,0.0,0.0
MAR00963,576,1.282924384011292e-15,3.5185069296695775e-15,8.542444824230734e-18,0.0,0,0.0,0.0,0.004349632068826215,0.0,0,0.0,0.0,0.004349632068826215,0.0,0.0
MAR00380,561,1.2665645913727276e-15,4.221370398934986e-15,8.03618984936759e-18,0.0,0,0.0,0.0,0.004465620583537596,0.0,0,0.0,0.0,0.004465620583537596,0.0,0.0
MAR10037,555,1.254652037918736e-15,3.661940818993099e-15,8.013265455599777e-18,0.0,0,0.0,0.0,0.004513766730450679,0.0,0,0.0,0.0,0.004513766730450679,0.0,0.0
MAR02535,556,1.2523954695052125e-15,3.581191796028113e-15,8.46106637511742e-18,0.0,0,0.0,0.0,0.0045056704064922026,0.0,0,0.0,0.0,0.0045056704064922026,0.0,0.0
MAR01879,579,1.251733316883078e-15,3.1965215759697556e-15,7.714211559031762e-18,0.0,0,0.0,0.0,0.00432715366313485,0.0,0,0.0,0.0,0.00432715366313485,0.0,0.0
MAR09369,548,1.244746398411854e-15,4.202116360469316e-15,8.182434921908622e-18,0.0,0,0.0,0.0,0.004571266087298871,0.0,0,0.0,0.0,0.004571266087298871,0.0,0.0
MAR01723,561,1.2412332995452732e-15,3.3219142598782602e-15,7.933334515154471e-18,0.0,0,0.0,0.0,0.004465620583537596,0.0,0,0.0,0.0,0.004465620583537596,0.0,0.0
MAR07956,573,1.2400396784643982e-15,3.5414998099501796e-15,8.02958732885873e-18,0.0,0,0.0,0.0,0.0043723452321952965,0.0,0,0.0,0.0,0.0043723452321952965,0.0,0.0
MAR02017,551,1.2379691947907371e-15,3.591441741678703e-15,7.495551203752042e-18,0.0,0,0.0,0.0,0.004546445100963565,0.0,0,0.0,0.0,0.004546445100963565,0.0,0.0
MAR02099,555,1.2290468942877407e-15,3.5387256670392897e-15,7.349507657371325e-18,0.0,0,0.0,0.0,0.004513766730450679,0.0,0,0.0,0.0,0.004513766730450679,0.0,0.0
MAR00186,544,1.2277760507619374e-15,3.586511651217835e-15,8.112923274436446e-18,0.0,0,0.0,0.0,0.004604785407758596,0.0,0,0.0,0.0,0.004604785407758596,0.0,0.0
MAR05001,556,1.2268363782908205e-15,4.442151213396422e-15,7.210662317554638e-18,0.0,0,0.0,0.0,0.0045056704064922026,0.0,0,0.0,0.0,0.0045056704064922026,0.0,0.0
MAR00348,583,1.218769701132247e-15,4.0337177892298674e-15,7.211300776621034e-18,0.0,0,0.0,0.0,0.004297541386555887,0.0,0,0.0,0.0,0.004297541386555887,0.0,0.0
MAR09282,572,1.217363428400172e-15,3.2797356974446345e-15,7.471119490197879e-18,0.0,0,0.0,0.0,0.004379969091767465,0.0,0,0.0,0.0,0.004379969091767465,0.0,0.0
MAR00561,549,1.2165941195163833e-15,2.88726500805128e-15,8.62236055829966e-18,0.0,0,0.0,0.0,0.004562962366977274,0.0,0,0.0,0.0,0.004562962366977274,0.0,0.0
MAR09396,549,1.216594119516382e-15,2.9555075134601236e-15,8.059642605798319e-18,0.0,0,0.0,0.0,0.004562962366977274,0.0,0,0.0,0.0,0.004562962366977274,0.0,0.0
MAR08421,577,1.2068143518975712e-15,4.063839059730428e-15,8.29239246430011e-18,0.0,0,0.0,0.0,0.004342113363096878,0.0,0,0.0,0.0,0.004342113363096878,0.0,0.0
MAR08468,578,1.2047264377939422e-15,4.1405700573915085e-15,8.375661187639338e-18,0.0,0,0.0,0.0,0.004334620605899285,0.0,0,0.0,0.0,0.004334620605899285,0.0,0.0
MAR01704,568,1.2009172998762252e-15,3.441674812352019e-15,7.607700723447195e-18,0.0,0,0.0,0.0,0.004410732264444036,0.0,0,0.0,0.0,0.004410732264444036,0.0,0.0
MAR00513,569,1.1988067246567596e-15,3.7196137033995415e-15,7.724658576966638e-18,0.0,0,0.0,0.0,0.004403001029543098,0.0,0,0.0,0.0,0.004403001029543098,0.0,0.0
MAR10082,547,1.195062736561777e-15,3.6566123800289745e-15,7.399796385472292e-18,0.0,0,0.0,0.0,0.004579600085029117,0.0,0,0.0,0.0,0.004579600085029117,0.0,0.0
MAR04345,560,1.1926967350258822e-15,3.21187655553636e-15,8.295446210196363e-18,0.0,0,0.0,0.0,0.0044735734878779895,0.0,0,0.0,0.0,0.0044735734878779895,0.0,0.0
MAR03912,552,1.1842378929335002e-15,3.055631522447806e-15,8.037441539379264e-18,0.0,0,0.0,0.0,0.004538231229443332,0.0,0,0.0,0.0,0.004538231229443332,0.0,0.0
MAR10033,553,1.1820964139227707e-15,3.570700665166162e-15,7.508622960076367e-18,0.0,0,0.0,0.0,0.00453004698365408,0.0,0,0.0,0.0,0.00453004698365408,0.0,0.0
MAR08560,554,1.1799626658831993e-15,4.0175683566663675e-15,8.607971696434413e-18,0.0,0,0.0,0.0,0.004521892203603858,0.0,0,0.0,0.0,0.004521892203603858,0.0,0.0
MAR01862,533,1.173128719453824e-15,3.361761559436532e-15,8.254543807421464e-18,0.0,0,0.0,0.0,0.004699550344959981,0.0,0,0.0,0.0,0.004699550344959981,0.0,0.0
MAR08531,582,1.1720292548620205e-15,4.202392435292837e-15,7.959036783105957e-18,0.0,0,0.0,0.0,0.004304906394243486,0.0,0,0.0,0.0,0.004304906394243486,0.0,0.0
MAR00523,559,1.1694084381024904e-15,3.832971920494012e-15,7.339847895809774e-18,0.0,0,0.0,0.0,0.004481554769642852,0.0,0,0.0,0.0,0.004481554769642852,0.0,0.0
MAR12901,572,1.167675125200164e-15,3.5198323362964497e-15,7.046618086976683e-18,0.0,0,0.0,0.0,0.004379969091767465,0.0,0,0.0,0.0,0.004379969091767465,0.0,0.0
MAR00539,573,1.1656372977565346e-15,3.846212012976163e-15,7.797724646030348e-18,0.0,0,0.0,0.0,0.0043723452321952965,0.0,0,0.0,0.0,0.0043723452321952965,0.0,0.0
MAR07610,563,1.1611000300165048e-15,3.776085129557382e-15,7.562364431120942e-18,0.0,0,0.0,0.0,0.004449799303901048,0.0,0,0.0,0.0,0.004449799303901048,0.0,0.0
MAR08467,564,1.1590413420200219e-15,4.203642509546614e-15,8.020653729820087e-18,0.0,0,0.0,0.0,0.004441930629657058,0.0,0,0.0,0.0,0.004441930629657058,0.0,0.0
MAR02076,565,1.1569899414146762e-15,3.3840639583773053e-15,7.617278303536984e-18,0.0,0,0.0,0.0,0.004434089734923025,0.0,0,0.0,0.0,0.004434089734923025,0.0,0.0
MAR02739,567,1.1529088481468995e-15,3.9747657170537186e-15,7.483363612753385e-18,0.0,0,0.0,0.0,0.00441849069762059,0.0,0,0.0,0.0,0.00441849069762059,0.0,0.0
MAR01884,558,1.1460366705808065e-15,3.1566224832905052e-15,7.244507138064126e-18,0.0,0,0.0,0.0,0.004489564580987142,0.0,0,0.0,0.0,0.004489564580987142,0.0,0.0
MAR00439,550,1.1368683772161603e-15,3.5998974123466905e-15,7.904729846923962e-18,0.0,0,0.0,0.0,0.0045546887593671224,0.0,0,0.0,0.0,0.0045546887593671224,0.0,0.0
MAR02065,567,1.1278456123176195e-15,3.0863594746559182e-15,7.46839460442389e-18,0.0,0,0.0,0.0,0.00441849069762059,0.0,0,0.0,0.0,0.00441849069762059,0.0,0.0
MAR01860,557,1.1225809828884886e-15,3.475216326225329e-15,7.235248506299002e-18,0.0,0,0.0,0.0,0.004497603075155535,0.0,0,0.0,0.0,0.004497603075155535,0.0,0.0
MAR05005,562,1.1125936075958868e-15,4.2814853576909806e-15,6.2673414715383565e-18,0.0,0,0.0,0.0,0.0044576959055467585,0.0,0,0.0,0.0,0.0044576959055467585,0.0,0.0
MAR01489,565,1.1066860309183865e-15,4.045507419640451e-15,6.98376152657327e-18,0.0,0,0.0,0.0,0.004434089734923025,0.0,0,0.0,0.0,0.004434089734923025,0.0,0.0
MAR01974,540,1.1052887000712674e-15,3.57194566854888e-15,6.956490970686153e-18,0.0,0,0.0,0.0,0.00463879992662872,0.0,0,0.0,0.0,0.00463879992662872,0.0,0.0
MAR09935,553,1.1050031695365026e-15,3.742885449939998e-15,6.5875568031564186e-18,0.0,0,0.0,0.0,0.00453004698365408,0.0,0,0.0,0.0,0.00453004698365408,0.0,0.0
MAR09129,568,1.1008408582198734e-15,3.4342557955433424e-15,7.078249188407732e-18,0.0,0,0.0,0.0,0.004410732264444036,0.0,0,0.0,0.0,0.004410732264444036,0.0,0.0
MAR09113,567,1.0777191406590584e-15,3.3673999592050324e-15,6.49785285401226e-18,0.0,0,0.0,0.0,0.00441849069762059,0.0,0,0.0,0.0,0.00441849069762059,0.0,0.0
MAR12865,568,1.075821747805785e-15,3.3010432061997264e-15,6.48784246832627e-18,0.0,0,0.0,0.0,0.004410732264444036,0.0,0,0.0,0.0,0.004410732264444036,0.0,0.0
MAR05364,563,1.0601348100150695e-15,7.666825104603015e-15,8.26797977978918e-18,0.0,0,0.0,0.0,0.004449799303901048,0.0,0,0.0,0.0,0.004449799303901048,0.0,0.0
MAR09417,554,1.0517058543741555e-15,3.955210549705838e-15,6.492555651762771e-18,0.0,0,0.0,0.0,0.004521892203603858,0.0,0,0.0,0.0,0.004521892203603858,0.0,0.0
MAR02343,555,1.0498108888707782e-15,3.533722152649085e-15,6.516411963301693e-18,0.0,0,0.0,0.0,0.004513766730450679,0.0,0,0.0,0.0,0.004513766730450679,0.0,0.0
MAR00322,556,1.0479227397900754e-15,4.183748237505992e-15,5.989436986284221e-18,0.0,0,0.0,0.0,0.0045056704064922026,0.0,0,0.0,0.0,0.0045056704064922026,0.0,0.0
MAR02486,570,1.0471156105938316e-15,3.797557894571786e-15,5.9929061836135665e-18,0.0,0,0.0,0.0,0.004395296850147243,0.0,0,0.0,0.0,0.004395296850147243,0.0,0.0
MAR09865,572,1.0434543672001473e-15,3.4486512579626724e-15,6.0616851549508665e-18,0.0,0,0.0,0.0,0.004379969091767465,0.0,0,0.0,0.0,0.004379969091767465,0.0,0.0
MAR12892,586,1.0427760285899079e-15,3.3385066231165564e-15,6.432036597762348e-18,0.0,0,0.0,0.0,0.004275596795360198,0.0,0,0.0,0.0,0.004275596795360198,0.0,0.0
MAR01595,562,1.0367349525325305e-15,4.974183154841757e-15,5.676438388314162e-18,0.0,0,0.0,0.0,0.0044576959055467585,0.0,0,0.0,0.0,0.0044576959055467585,0.0,0.0
MAR07100,562,1.0367349525325303e-15,3.892449519217453e-15,6.400575148285658e-18,0.0,0,0.0,0.0,0.0044576959055467585,0.0,0,0.0,0.0,0.0044576959055467585,0.0,0.0
MAR02080,538,1.0301548957116698e-15,3.2409035693733025e-15,6.2623871583414876e-18,0.0,0,0.0,0.0,0.004655996327465773,0.0,0,0.0,0.0,0.004655996327465773,0.0,0.0
MAR01908,573,9.920317427715186e-16,3.296550920196478e-15,6.065489599850974e-18,0.0,0,0.0,0.0,0.0043723452321952965,0.0,0,0.0,0.0,0.0043723452321952965,0.0,0.0
MAR07285,533,9.864946049952607e-16,3.529199501267379e-15,6.373563560858058e-18,0.0,0,0.0,0.0,0.004699550344959981,0.0,0,0.0,0.0,0.004699550344959981,0.0,0.0
MAR02117,564,9.826654856256707e-16,3.4434955685143813e-15,5.507158030855821e-18,0.0,0,0.0,0.0,0.004441930629657058,0.0,0,0.0,0.0,0.004441930629657058,0.0,0.0
MAR01809,572,9.689219124001367e-16,3.5458403770913925e-15,6.295888050175478e-18,0.0,0,0.0,0.0,0.004379969091767465,0.0,0,0.0,0.0,0.004379969091767465,0.0,0.0
MAR08657,573,9.672309492022299e-16,4.166356012492114e-15,6.541005861696182e-18,0.0,0,0.0,0.0,0.0043723452321952965,0.0,0,0.0,0.0,0.0043723452321952965,0.0,0.0
MAR10152,559,9.66033057562927e-16,3.918269138695739e-15,4.901888610091995e-18,0.0,0,0.0,0.0,0.004481554769642852,0.0,0,0.0,0.0,0.004481554769642852,0.0,0.0
MAR00495,562,9.608762974691745e-16,3.709560237310071e-15,6.325191490013251e-18,0.0,0,0.0,0.0,0.0044576959055467585,0.0,0,0.0,0.0,0.0044576959055467585,0.0,0.0
MAR09943,568,9.50726195735345e-16,3.586350779855548e-15,5.41874661833345e-18,0.0,0,0.0,0.0,0.004410732264444036,0.0,0,0.0,0.0,0.004410732264444036,0.0,0.0
MAR00020,574,9.407882912503068e-16,3.7221170389232786e-15,5.187750714417511e-18,0.0,0,0.0,0.0,0.004364747866934595,0.0,0,0.0,0.0,0.004364747866934595,0.0,0.0
MAR10181,559,9.406111349954811e-16,3.847499167985158e-15,4.9610820435095955e-18,0.0,0,0.0,0.0,0.004481554769642852,0.0,0,0.0,0.0,0.004481554769642852,0.0,0.0
MAR05300,560,9.389314722544181e-16,7.656022403979092e-15,8.132841643637482e-18,0.0,0,0.0,0.0,0.0044735734878779895,0.0,0,0.0,0.0,0.0044735734878779895,0.0,0.0
MAR09901,545,9.386986600867377e-16,3.4146344267306634e-15,5.696385949588216e-18,0.0,0,0.0,0.0,0.004596359577531593,0.0,0,0.0,0.0,0.004596359577531593,0.0,0.0
MAR09216,551,9.284768960930526e-16,3.969693997250967e-15,4.951254546803564e-18,0.0,0,0.0,0.0,0.004546445100963565,0.0,0,0.0,0.0,0.004546445100963565,0.0,0.0
MAR00804,553,9.251189326352117e-16,3.817266887719595e-15,5.0877802177089834e-18,0.0,0,0.0,0.0,0.00453004698365408,0.0,0,0.0,0.0,0.00453004698365408,0.0,0.0
MAR09189,553,9.251189326352117e-16,3.914131372208342e-15,5.013282729143129e-18,0.0,0,0.0,0.0,0.00453004698365408,0.0,0,0.0,0.0,0.00453004698365408,0.0,0.0
MAR09792,571,9.208434754158914e-16,3.4427935946961724e-15,4.73827379668423e-18,0.0,0,0.0,0.0,0.00438761958448344,0.0,0,0.0,0.0,0.00438761958448344,0.0,0.0
MAR05333,541,9.193713771387618e-16,8.217131849666571e-15,8.445176525821333e-18,0.0,0,0.0,0.0,0.004630249273041442,0.0,0,0.0,0.0,0.004630249273041442,0.0,0.0
MAR08054,590,9.152753884367388e-16,3.8695127002894255e-15,5.424420369863806e-18,0.0,0,0.0,0.0,0.0042466836008472324,0.0,0,0.0,0.0,0.0042466836008472324,0.0,0.0
MAR08485,563,9.086869800129167e-16,3.4600917461224077e-15,5.0597484253239996e-18,0.0,0,0.0,0.0,0.004449799303901048,0.0,0,0.0,0.0,0.004449799303901048,0.0,0.0
MAR03483,549,9.059743443207101e-16,3.9125201169454074e-15,5.6047306448982935e-18,0.0,0,0.0,0.0,0.004562962366977274,0.0,0,0.0,0.0,0.004562962366977274,0.0,0.0
MAR02084,537,8.997561644634418e-16,3.5904651287318274e-15,4.798194143062987e-18,0.0,0,0.0,0.0,0.004664642427888463,0.0,0,0.0,0.0,0.004664642427888463,0.0,0.0
MAR00147,553,8.99421184506456e-16,3.303602222508865e-15,5.644147712627828e-18,0.0,0,0.0,0.0,0.00453004698365408,0.0,0,0.0,0.0,0.00453004698365408,0.0,0.0
MAR10032,539,8.964175516082893e-16,4.020241875201201e-15,4.170306001920098e-18,0.0,0,0.0,0.0,0.004647382219459146,0.0,0,0.0,0.0,0.004647382219459146,0.0,0.0
MAR03526,572,8.943894576001264e-16,3.758925458627704e-15,5.410508064795233e-18,0.0,0,0.0,0.0,0.004379969091767465,0.0,0,0.0,0.0,0.004379969091767465,0.0,0.0
MAR00250,527,8.898637677450965e-16,3.7865602166110596e-15,5.0635936999963276e-18,0.0,0,0.0,0.0,0.004752902966888136,0.0,0,0.0,0.0,0.004752902966888136,0.0,0.0
MAR00257,575,8.89723077821343e-16,3.204225138248312e-15,5.659116430782872e-18,0.0,0,0.0,0.0,0.004357176858116289,0.0,0,0.0,0.0,0.004357176858116289,0.0,0.0
MAR10026,564,8.818792819717555e-16,3.7311070056682225e-15,4.727848780236904e-18,0.0,0,0.0,0.0,0.004441930629657058,0.0,0,0.0,0.0,0.004441930629657058,0.0,0.0
MAR08345,556,8.690091012893312e-16,3.560595636024535e-15,4.5488924897083884e-18,0.0,0,0.0,0.0,0.0045056704064922026,0.0,0,0.0,0.0,0.0045056704064922026,0.0,0.0
MAR09968,574,8.665155314147563e-16,3.3028766437638967e-15,4.685386344804799e-18,0.0,0,0.0,0.0,0.004364747866934595,0.0,0,0.0,0.0,0.004364747866934595,0.0,0.0
MAR09488,559,8.643453672931459e-16,4.054572490170136e-15,5.085828360241751e-18,0.0,0,0.0,0.0,0.004481554769642852,0.0,0,0.0,0.0,0.004481554769642852,0.0,0.0
MAR02152,576,8.635067969306766e-16,3.3840200412595625e-15,4.7598222484055775e-18,0.0,0,0.0,0.0,0.004349632068826215,0.0,0,0.0,0.0,0.004349632068826215,0.0,0.0
MAR09393,563,8.582043700121988e-16,3.920031266227787e-15,4.812224958800019e-18,0.0,0,0.0,0.0,0.004449799303901048,0.0,0,0.0,0.0,0.004449799303901048,0.0,0.0
MAR13049,566,8.536555835987066e-16,3.636433574818504e-15,4.628952996507011e-18,0.0,0,0.0,0.0,0.0044262764728495866,0.0,0,0.0,0.0,0.0044262764728495866,0.0,0.0
MAR10179,551,8.511038214186322e-16,4.040686619912302e-15,3.92525799324167e-18,0.0,0,0.0,0.0,0.004546445100963565,0.0,0,0.0,0.0,0.004546445100963565,0.0,0.0
MAR09387,562,8.344452056969139e-16,3.944842054281327e-15,4.633481327213588e-18,0.0,0,0.0,0.0,0.0044576959055467585,0.0,0,0.0,0.0,0.0044576959055467585,0.0,0.0
MAR01892,580,8.330501039946002e-16,3.2842015515591013e-15,4.430087596241494e-18,0.0,0,0.0,0.0,0.004319712401627411,0.0,0,0.0,0.0,0.004319712401627411,0.0,0.0
MAR02041,551,8.253127965271581e-16,2.6353696442251585e-15,5.053791402255665e-18,0.0,0,0.0,0.0,0.004546445100963565,0.0,0,0.0,0.0,0.004546445100963565,0.0,0.0
MAR09026,586,8.245205807455088e-16,4.3976012903432966e-15,4.850880577941334e-18,0.0,0,0.0,0.0,0.004275596795360198,0.0,0,0.0,0.0,0.004275596795360198,0.0,0.0
MAR02180,561,8.106013384785453e-16,3.6049085020984354e-15,4.269230445261968e-18,0.0,0,0.0,0.0,0.004465620583537596,0.0,0,0.0,0.0,0.004465620583537596,0.0,0.0
MAR09163,532,8.013639876993604e-16,3.748591361739331e-15,4.1070841096479546e-18,0.0,0,0.0,0.0,0.004708359112657833,0.0,0,0.0,0.0,0.004708359112657833,0.0,0.0
MAR10365,568,8.006115332508167e-16,4.0563745501769005e-15,3.662294296884401e-18,0.0,0,0.0,0.0,0.004410732264444036,0.0,0,0.0,0.0,0.004410732264444036,0.0,0.0
MAR08514,552,7.980733626290984e-16,4.178275490395818e-15,5.863545755497178e-18,0.0,0,0.0,0.0,0.004538231229443332,0.0,0,0.0,0.0,0.004538231229443332,0.0,0.0
MAR01768,552,7.980733626290976e-16,3.631069085683842e-15,4.012571975351258e-18,0.0,0,0.0,0.0,0.004538231229443332,0.0,0,0.0,0.0,0.004538231229443332,0.0,0.0
MAR08358,571,7.9640516792725815e-16,3.653483902210967e-15,5.514875122197277e-18,0.0,0,0.0,0.0,0.00438761958448344,0.0,0,0.0,0.0,0.00438761958448344,0.0,0.0
MAR06861,554,7.951922313560681e-16,4.4491300972537746e-15,4.7015568838709694e-18,0.0,0,0.0,0.0,0.004521892203603858,0.0,0,0.0,0.0,0.004521892203603858,0.0,0.0
MAR02071,559,7.880795995908088e-16,3.683182285694067e-15,3.918055876103898e-18,0.0,0,0.0,0.0,0.004481554769642852,0.0,0,0.0,0.0,0.004481554769642852,0.0,0.0
MAR00336,559,7.880795995908077e-16,4.0521245691439006e-15,3.951480825756318e-18,0.0,0,0.0,0.0,0.004481554769642852,0.0,0,0.0,0.0,0.004481554769642852,0.0,0.0
MAR00242,560,7.866723145915395e-16,3.815574419386654e-15,4.405590720008853e-18,0.0,0,0.0,0.0,0.0044735734878779895,0.0,0,0.0,0.0,0.0044735734878779895,0.0,0.0
MAR09263,561,7.85270046651091e-16,3.527135334881695e-15,4.501697741224141e-18,0.0,0,0.0,0.0,0.004465620583537596,0.0,0,0.0,0.0,0.004465620583537596,0.0,0.0
MAR03143,563,7.824804550111231e-16,4.664108220456659e-15,4.441704779925396e-18,0.0,0,0.0,0.0,0.004449799303901048,0.0,0,0.0,0.0,0.004449799303901048,0.0,0.0
MAR02070,545,7.82248883405615e-16,3.386665058159662e-15,3.9497420879133634e-18,0.0,0,0.0,0.0,0.004596359577531593,0.0,0,0.0,0.0,0.004596359577531593,0.0,0.0
MAR02107,545,7.822488834056149e-16,3.424666195236481e-15,4.535027339590117e-18,0.0,0,0.0,0.0,0.004596359577531593,0.0,0,0.0,0.0,0.004596359577531593,0.0,0.0
MAR00536,546,7.808161931429674e-16,3.827855058681901e-15,4.374138343292121e-18,0.0,0,0.0,0.0,0.004587964526068459,0.0,0,0.0,0.0,0.004587964526068459,0.0,0.0
MAR01530,565,7.797106126924993e-16,3.167285892774582e-15,4.8971944820708056e-18,0.0,0,0.0,0.0,0.004434089734923025,0.0,0,0.0,0.0,0.004434089734923025,0.0,0.0
MAR07271,569,7.742293430074907e-16,3.2122325565523647e-15,4.8088539131205445e-18,0.0,0,0.0,0.0,0.004403001029543098,0.0,0,0.0,0.0,0.004403001029543098,0.0,0.0
MAR03581,573,7.688246006479264e-16,3.0485504587576755e-15,4.69711696354398e-18,0.0,0,0.0,0.0,0.0043723452321952965,0.0,0,0.0,0.0,0.0043723452321952965,0.0,0.0
MAR07962,576,7.648203058528855e-16,3.836998438483474e-15,4.163194294675233e-18,0.0,0,0.0,0.0,0.004349632068826215,0.0,0,0.0,0.0,0.004349632068826215,0.0,0.0
MAR08021,558,7.640244470538713e-16,3.4331974201547677e-15,3.4127766909738235e-18,0.0,0,0.0,0.0,0.004489564580987142,0.0,0,0.0,0.0,0.004489564580987142,0.0,0.0
MAR01767,559,7.626576770233635e-16,3.525939359179345e-15,4.284623738130661e-18,0.0,0,0.0,0.0,0.004481554769642852,0.0,0,0.0,0.0,0.004481554769642852,0.0,0.0
MAR10367,566,7.532255149400353e-16,4.151230751859552e-15,3.559464088965305e-18,0.0,0,0.0,0.0,0.0044262764728495866,0.0,0,0.0,0.0,0.0044262764728495866,0.0,0.0
MAR00260,567,7.518970748784122e-16,4.130975195625578e-15,3.4392820790904646e-18,0.0,0,0.0,0.0,0.00441849069762059,0.0,0,0.0,0.0,0.00441849069762059,0.0,0.0
MAR00254,559,7.372357544559179e-16,3.891415670979956e-15,3.297984735942531e-18,0.0,0,0.0,0.0,0.004481554769642852,0.0,0,0.0,0.0,0.004481554769642852,0.0,0.0
MAR12332,579,7.363137158135743e-16,3.5952678308160886e-15,3.569723893531122e-18,0.0,0,0.0,0.0,0.00432715366313485,0.0,0,0.0,0.0,0.00432715366313485,0.0,0.0
MAR02087,582,7.325182842887632e-16,2.9748980250117038e-15,3.564231606992349e-18,0.0,0,0.0,0.0,0.004304906394243486,0.0,0,0.0,0.0,0.004304906394243486,0.0,0.0
MAR02048,569,7.242790628134589e-16,3.411123829123555e-15,3.440000472149274e-18,0.0,0,0.0,0.0,0.004403001029543098,0.0,0,0.0,0.0,0.004403001029543098,0.0,0.0
MAR07279,572,7.204803964001015e-16,3.434873322506025e-15,4.462034266011807e-18,0.0,0,0.0,0.0,0.004379969091767465,0.0,0,0.0,0.0,0.004379969091767465,0.0,0.0
MAR01905,577,7.142370654087664e-16,3.3323928158054786e-15,3.502689843882707e-18,0.0,0,0.0,0.0,0.004342113363096878,0.0,0,0.0,0.0,0.004342113363096878,0.0,0.0
MAR08761,561,7.092761711687279e-16,3.442589195474564e-15,3.831742880668092e-18,0.0,0,0.0,0.0,0.004465620583537596,0.0,0,0.0,0.0,0.004465620583537596,0.0,0.0
MAR06742,543,7.066170852862868e-16,4.172980996212994e-15,2.907597117960732e-18,0.0,0,0.0,0.0,0.004613242186326175,0.0,0,0.0,0.0,0.004613242186326175,0.0,0.0
MAR10434,546,7.027345738286702e-16,4.115382429966336e-15,3.0038084735605054e-18,0.0,0,0.0,0.0,0.004587964526068459,0.0,0,0.0,0.0,0.004587964526068459,0.0,0.0
MAR09099,527,7.011047867082579e-16,3.592639553913407e-15,3.3590658886004666e-18,0.0,0,0.0,0.0,0.004752902966888136,0.0,0,0.0,0.0,0.004752902966888136,0.0,0.0
MAR00712,569,6.99303922716443e-16,3.592688394638229e-15,3.910394598527277e-18,0.0,0,0.0,0.0,0.004403001029543098,0.0,0,0.0,0.0,0.004403001029543098,0.0,0.0
MAR12886,569,6.993039227164426e-16,3.296457325426464e-15,3.376730157537745e-18,0.0,0,0.0,0.0,0.004403001029543098,0.0,0,0.0,0.0,0.004403001029543098,0.0,0.0
MAR00372,552,6.950961545479235e-16,3.598227315391079e-15,3.865442280874018e-18,0.0,0,0.0,0.0,0.004538231229443332,0.0,0,0.0,0.0,0.004538231229443332,0.0,0.0
MAR00219,573,6.944222199400628e-16,3.616474581697874e-15,3.695916176958885e-18,0.0,0,0.0,0.0,0.0043723452321952965,0.0,0,0.0,0.0,0.0043723452321952965,0.0,0.0
MAR02151,575,6.920068383054888e-16,3.5184920223965126e-15,3.4162114725614773e-18,0.0,0,0.0,0.0,0.004357176858116289,0.0,0,0.0,0.0,0.004357176858116289,0.0,0.0
MAR07964,556,6.900954627885862e-16,3.3313452448057273e-15,4.121546433174171e-18,0.0,0,0.0,0.0,0.0045056704064922026,0.0,0,0.0,0.0,0.0045056704064922026,0.0,0.0
MAR01916,559,6.863919093210262e-16,3.1659675713394705e-15,3.1903975472834025e-18,0.0,0,0.0,0.0,0.004481554769642852,0.0,0,0.0,0.0,0.004481554769642852,0.0,0.0
MAR01131,545,6.779490322848666e-16,3.353356455733712e-15,4.1599049615096965e-18,0.0,0,0.0,0.0,0.004596359577531593,0.0,0,0.0,0.0,0.004596359577531593,0.0,0.0
MAR04908,567,6.767073673905724e-16,4.201609043765354e-15,3.1352957143169373e-18,0.0,0,0.0,0.0,0.00441849069762059,0.0,0,0.0,0.0,0.00441849069762059,0.0,0.0
MAR01202,589,6.755584584476331e-16,3.4090614257592265e-15,4.289892889801419e-18,0.0,0,0.0,0.0,0.00425387517710073,0.0,0,0.0,0.0,0.00425387517710073,0.0,0.0
MAR08454,570,6.731457496674637e-16,4.012872395823849e-15,4.52977167017141e-18,0.0,0,0.0,0.0,0.004395296850147243,0.0,0,0.0,0.0,0.004395296850147243,0.0,0.0
MAR08080,554,6.669354198470251e-16,3.620272844134962e-15,3.368552734408398e-18,0.0,0,0.0,0.0,0.004521892203603858,0.0,0,0.0,0.0,0.004521892203603858,0.0,0.0
MAR02154,559,6.609699867535812e-16,3.197010934026287e-15,3.561642316681878e-18,0.0,0,0.0,0.0,0.004481554769642852,0.0,0,0.0,0.0,0.004481554769642852,0.0,0.0
MAR04535,547,6.494906176966181e-16,3.5222720214907936e-15,3.043877449604921e-18,0.0,0,0.0,0.0,0.004579600085029117,0.0,0,0.0,0.0,0.004579600085029117,0.0,0.0
MAR08509,572,6.459479416000918e-16,3.8302214323362525e-15,4.419562909430186e-18,0.0,0,0.0,0.0,0.004379969091767465,0.0,0,0.0,0.0,0.004379969091767465,0.0,0.0
MAR01865,572,6.459479416000916e-16,2.9675776807878303e-15,3.289439756922327e-18,0.0,0,0.0,0.0,0.004379969091767465,0.0,0,0.0,0.0,0.004379969091767465,0.0,0.0
MAR00434,552,6.436075505073364e-16,4.048545832795743e-15,2.837955827670775e-18,0.0,0,0.0,0.0,0.004538231229443332,0.0,0,0.0,0.0,0.004538231229443332,0.0,0.0
MAR12372,554,6.412840575452169e-16,3.4205848059521926e-15,2.647608179593171e-18,0.0,0,0.0,0.0,0.004521892203603858,0.0,0,0.0,0.0,0.004521892203603858,0.0,0.0
MAR00315,556,6.389772803598021e-16,4.1576926202705985e-15,2.33161857441365e-18,0.0,0,0.0,0.0,0.0045056704064922026,0.0,0,0.0,0.0,0.0045056704064922026,0.0,0.0
MAR00298,580,6.370383148193992e-16,3.596461036510762e-15,3.3133151312273643e-18,0.0,0,0.0,0.0,0.004319712401627411,0.0,0,0.0,0.0,0.004319712401627411,0.0,0.0
MAR12335,558,6.36687039211559e-16,3.4174047635706233e-15,2.4698336984965956e-18,0.0,0,0.0,0.0,0.004489564580987142,0.0,0,0.0,0.0,0.004489564580987142,0.0,0.0
MAR02100,558,6.366870392115589e-16,3.5395674238698208e-15,2.8880126908389268e-18,0.0,0,0.0,0.0,0.004489564580987142,0.0,0,0.0,0.0,0.004489564580987142,0.0,0.0
MAR08067,558,6.366870392115589e-16,3.778410251732871e-15,3.0876370394012296e-18,0.0,0,0.0,0.0,0.004489564580987142,0.0,0,0.0,0.0,0.004489564580987142,0.0,0.0
MAR08562,539,6.327653305470284e-16,4.1749937783200005e-15,4.2756650626102966e-18,0.0,0,0.0,0.0,0.004647382219459146,0.0,0,0.0,0.0,0.004647382219459146,0.0,0.0
MAR03202,546,6.246529545143736e-16,4.738642684048648e-15,3.3292891914238214e-18,0.0,0,0.0,0.0,0.004587964526068459,0.0,0,0.0,0.0,0.004587964526068459,0.0,0.0
MAR05321,569,6.243785024253956e-16,7.68074365739334e-15,4.942625154285579e-18,0.0,0,0.0,0.0,0.004403001029543098,0.0,0,0.0,0.0,0.004403001029543098,0.0,0.0
MAR06660,574,6.189396652962538e-16,3.8009931409765385e-15,4.268505659123976e-18,0.0,0,0.0,0.0,0.004364747866934595,0.0,0,0.0,0.0,0.004364747866934595,0.0,0.0
MAR08459,566,6.025804119520285e-16,4.159328982586813e-15,3.628962007784626e-18,0.0,0,0.0,0.0,0.0044262764728495866,0.0,0,0.0,0.0,0.0044262764728495866,0.0,0.0
MAR02202,567,6.015176599027303e-16,3.4956964041223653e-15,2.654177176686241e-18,0.0,0,0.0,0.0,0.00441849069762059,0.0,0,0.0,0.0,0.00441849069762059,0.0,0.0
MAR01002,548,5.964409825723466e-16,3.175972030594257e-15,2.6983623158215884e-18,0.0,0,0.0,0.0,0.004571266087298871,0.0,0,0.0,0.0,0.004571266087298871,0.0,0.0
MAR02203,530,5.898845353480068e-16,3.441277457799742e-15,2.2499345673057707e-18,0.0,0,0.0,0.0,0.0047260760867549505,0.0,0,0.0,0.0,0.0047260760867549505,0.0,0.0
MAR02182,555,5.889183035128759e-16,3.2291633252642534e-15,2.437103907743097e-18,0.0,0,0.0,0.0,0.004513766730450679,0.0,0,0.0,0.0,0.004513766730450679,0.0,0.0
MAR01881,557,5.86803695600801e-16,3.354679779118209e-15,2.7024335732052437e-18,0.0,0,0.0,0.0,0.004497603075155535,0.0,0,0.0,0.0,0.004497603075155535,0.0,0.0
MAR05002,561,5.826197120314547e-16,4.659744320872696e-15,2.004078936476149e-18,0.0,0,0.0,0.0,0.004465620583537596,0.0,0,0.0,0.0,0.004465620583537596,0.0,0.0
MAR09400,562,5.815830221523948e-16,3.906907844542627e-15,2.709995896122169e-18,0.0,0,0.0,0.0,0.0044576959055467585,0.0,0,0.0,0.0,0.0044576959055467585,0.0,0.0
MAR09267,541,5.778905799157929e-16,3.76712211750163e-15,2.101355800004298e-18,0.0,0,0.0,0.0,0.004630249273041442,0.0,0,0.0,0.0,0.004630249273041442,0.0,0.0
MAR10405,566,5.774728947873601e-16,4.2516099766712765e-15,1.1736082001233788e-18,0.0,0,0.0,0.0,0.0044262764728495866,0.0,0,0.0,0.0,0.0044262764728495866,0.0,0.0
MAR02286,542,5.768243611336605e-16,3.737937053731819e-15,2.1955799138797567e-18,0.0,0,0.0,0.0,0.00462173008405905,0.0,0,0.0,0.0,0.00462173008405905,0.0,0.0
MAR00388,542,5.768243611336601e-16,3.362561515392074e-15,3.294179423334374e-18,0.0,0,0.0,0.0,0.00462173008405905,0.0,0,0.0,0.0,0.00462173008405905,0.0,0.0
MAR09944,544,5.74703683335374e-16,3.812355375271981e-15,1.8502201335346118e-18,0.0,0,0.0,0.0,0.004604785407758596,0.0,0,0.0,0.0,0.004604785407758596,0.0,0.0
MAR01848,552,5.663746444464566e-16,3.3659225937657818e-15,2.561205273531345e-18,0.0,0,0.0,0.0,0.004538231229443332,0.0,0,0.0,0.0,0.004538231229443332,0.0,0.0
MAR12589,560,5.582835780972214e-16,4.796158302249635e-15,1.9207862002130962e-18,0.0,0,0.0,0.0,0.0044735734878779895,0.0,0,0.0,0.0,0.0044735734878779895,0.0,0.0
MAR09117,567,5.513911882441691e-16,3.5304609325851015e-15,2.0115792062982162e-18,0.0,0,0.0,0.0,0.00441849069762059,0.0,0,0.0,0.0,0.00441849069762059,0.0,0.0
MAR07423,568,5.504204291099357e-16,3.825905272262781e-15,3.0366172265172546e-18,0.0,0,0.0,0.0,0.004410732264444036,0.0,0,0.0,0.0,0.004410732264444036,0.0,0.0
MAR00152,571,5.475285529499892e-16,3.679119064467161e-15,2.4758871040691925e-18,0.0,0,0.0,0.0,0.00438761958448344,0.0,0,0.0,0.0,0.00438761958448344,0.0,0.0
MAR01769,580,5.390324202317998e-16,3.4167649197149824e-15,2.316842829891312e-18,0.0,0,0.0,0.0,0.004319712401627411,0.0,0,0.0,0.0,0.004319712401627411,0.0,0.0
MAR00755,555,5.377080162508863e-16,3.379062681011553e-15,2.1874876879605694e-18,0.0,0,0.0,0.0,0.004513766730450679,0.0,0,0.0,0.0,0.004513766730450679,0.0,0.0
MAR02095,582,5.371800751450928e-16,2.8345422189106416e-15,2.3972978924435982e-18,0.0,0,0.0,0.0,0.004304906394243486,0.0,0,0.0,0.0,0.004304906394243486,0.0,0.0
MAR09424,559,5.338603739163536e-16,4.035066946755588e-15,2.2051725357161728e-18,0.0,0,0.0,0.0,0.004481554769642852,0.0,0,0.0,0.0,0.004481554769642852,0.0,0.0
MAR00165,560,5.329070518200748e-16,3.902745484863201e-15,2.0423213363745047e-18,0.0,0,0.0,0.0,0.0044735734878779895,0.0,0,0.0,0.0,0.0044735734878779895,0.0,0.0
MAR04930,562,5.310105854434912e-16,3.825575278659343e-15,2.3556676645121067e-18,0.0,0,0.0,0.0,0.0044576959055467585,0.0,0,0.0,0.0,0.0044576959055467585,0.0,0.0
MAR00225,566,5.272578604580239e-16,3.8354105123830096e-15,1.926306295991652e-18,0.0,0,0.0,0.0,0.0044262764728495866,0.0,0,0.0,0.0,0.0044262764728495866,0.0,0.0
MAR02349,567,5.263279524148887e-16,3.539457438274227e-15,2.2495438641006222e-18,0.0,0,0.0,0.0,0.00441849069762059,0.0,0,0.0,0.0,0.00441849069762059,0.0,0.0
MAR04018,574,5.199093188488538e-16,3.761234087780265e-15,2.3487365144421677e-18,0.0,0,0.0,0.0,0.004364747866934595,0.0,0,0.0,0.0,0.004364747866934595,0.0,0.0
MAR09058,580,5.145309465849002e-16,3.0487291436778943e-15,2.443260018013367e-18,0.0,0,0.0,0.0,0.004319712401627411,0.0,0,0.0,0.0,0.004319712401627411,0.0,0.0
MAR09363,581,5.136453511518798e-16,3.49085748759219e-15,2.4800643532351777e-18,0.0,0,0.0,0.0,0.004312296689115291,0.0,0,0.0,0.0,0.004312296689115291,0.0,0.0
MAR02083,555,5.121028726198924e-16,3.4653401637811034e-15,1.7162642699913964e-18,0.0,0,0.0,0.0,0.004513766730450679,0.0,0,0.0,0.0,0.004513766730450679,0.0,0.0
MAR08740,532,5.075305255429283e-16,3.555587107364073e-15,1.900662693610663e-18,0.0,0,0.0,0.0,0.004708359112657833,0.0,0,0.0,0.0,0.004708359112657833,0.0,0.0
MAR01326,563,5.048261000071759e-16,3.2851902432413013e-15,3.001084679520906e-18,0.0,0,0.0,0.0,0.004449799303901048,0.0,0,0.0,0.0,0.004449799303901048,0.0,0.0
MAR12292,565,5.030391049629024e-16,3.550665436953025e-15,1.5634936782696763e-18,0.0,0,0.0,0.0,0.004434089734923025,0.0,0,0.0,0.0,0.004434089734923025,0.0,0.0
MAR01852,539,5.009392200163975e-16,3.5456945014931135e-15,1.479185471373679e-18,0.0,0,0.0,0.0,0.004647382219459146,0.0,0,0.0,0.0,0.004647382219459146,0.0,0.0
MAR12277,539,5.009392200163966e-16,3.3397671333909943e-15,1.8697537112640196e-18,0.0,0,0.0,0.0,0.004647382219459146,0.0,0,0.0,0.0,0.004647382219459146,0.0,0.0
MAR02051,544,4.963349992441877e-16,3.637746364860351e-15,1.5453070498524222e-18,0.0,0,0.0,0.0,0.004604785407758596,0.0,0,0.0,0.0,0.004604785407758596,0.0,0.0
MAR07383,546,4.945169223238793e-16,3.823418984046885e-15,1.7977238673604135e-18,0.0,0,0.0,0.0,0.004587964526068459,0.0,0,0.0,0.0,0.004587964526068459,0.0,0.0
MAR01577,553,4.882572144463621e-16,4.570121791842647e-15,1.6921209593707735e-18,0.0,0,0.0,0.0,0.00453004698365408,0.0,0,0.0,0.0,0.00453004698365408,0.0,0.0
MAR07563,558,4.838821498007851e-16,3.629697435645438e-15,2.4367363245900087e-18,0.0,0,0.0,0.0,0.004489564580987142,0.0,0,0.0,0.0,0.004489564580987142,0.0,0.0
MAR00110,562,4.80438148734587e-16,3.542895066667346e-15,2.1847266472071936e-18,0.0,0,0.0,0.0,0.0044576959055467585,0.0,0,0.0,0.0,0.0044576959055467585,0.0,0.0
MAR09723,569,4.745276618433003e-16,3.921310959599108e-15,1.2182607127249941e-18,0.0,0,0.0,0.0,0.004403001029543098,0.0,0,0.0,0.0,0.004403001029543098,0.0,0.0
MAR09811,575,4.695760688501528e-16,3.748500898263349e-15,1.5749293420232999e-18,0.0,0,0.0,0.0,0.004357176858116289,0.0,0,0.0,0.0,0.004357176858116289,0.0,0.0
MAR08678,546,4.6848971588578e-16,4.237077722766869e-15,2.5518658421747445e-18,0.0,0,0.0,0.0,0.004587964526068459,0.0,0,0.0,0.0,0.004587964526068459,0.0,0.0
MAR00379,553,4.625594663176057e-16,3.991600989094306e-15,1.2187848523233315e-18,0.0,0,0.0,0.0,0.00453004698365408,0.0,0,0.0,0.0,0.00453004698365408,0.0,0.0
MAR01907,584,4.623394513507503e-16,3.02097931528592e-15,1.1060565709569896e-18,0.0,0,0.0,0.0,0.004290201536487618,0.0,0,0.0,0.0,0.004290201536487618,0.0,0.0
MAR01743,526,4.592861790084296e-16,3.2116318948283334e-15,2.258884649096251e-18,0.0,0,0.0,0.0,0.00476191306791176,0.0,0,0.0,0.0,0.00476191306791176,0.0,0.0
MAR01904,557,4.592376748180184e-16,3.504635380404393e-15,1.1793410153297053e-18,0.0,0,0.0,0.0,0.004497603075155535,0.0,0,0.0,0.0,0.004497603075155535,0.0,0.0
MAR02212,591,4.56863349558101e-16,3.072553402218412e-15,1.6793934166110891e-18,0.0,0,0.0,0.0,0.00423951629958479,0.0,0,0.0,0.0,0.00423951629958479,0.0,0.0
MAR08219,568,4.503439874535848e-16,3.090675053678852e-15,1.6481490876857439e-18,0.0,0,0.0,0.0,0.004410732264444036,0.0,0,0.0,0.0,0.004410732264444036,0.0,0.0
MAR04737,569,4.495525217462854e-16,3.589452679289304e-15,1.4164483430943424e-18,0.0,0,0.0,0.0,0.004403001029543098,0.0,0,0.0,0.0,0.004403001029543098,0.0,0.0
MAR01797,545,4.432743672631818e-16,3.5316059614125897e-15,1.5837451129161617e-18,0.0,0,0.0,0.0,0.004596359577531593,0.0,0,0.0,0.0,0.004596359577531593,0.0,0.0
MAR09201,545,4.432743672631818e-16,3.507219694136212e-15,1.7716619541052882e-18,0.0,0,0.0,0.0,0.004596359577531593,0.0,0,0.0,0.0,0.004596359577531593,0.0,0.0
MAR09336,547,4.4165362003369957e-16,3.507132670267969e-15,1.834322167775009e-18,0.0,0,0.0,0.0,0.004579600085029117,0.0,0,0.0,0.0,0.004579600085029117,0.0,0.0
MAR04820,548,4.408476827708648e-16,3.1558023758829954e-15,2.62390209164923e-18,0.0,0,0.0,0.0,0.004571266087298871,0.0,0,0.0,0.0,0.004571266087298871,0.0,0.0
MAR10035,556,4.3450455064466613e-16,3.7334524077070254e-15,1.3850915388549078e-18,0.0,0,0.0,0.0,0.0045056704064922026,0.0,0,0.0,0.0,0.0045056704064922026,0.0,0.0
MAR08776,560,4.3140094671148994e-16,3.1908615435422577e-15,1.5229192396947973e-18,0.0,0,0.0,0.0,0.0044735734878779895,0.0,0,0.0,0.0,0.0044735734878779895,0.0,0.0
MAR05045,560,4.314009467114894e-16,7.613008651159307e-15,3.799981722584089e-18,0.0,0,0.0,0.0,0.0044735734878779895,0.0,0,0.0,0.0,0.0044735734878779895,0.0,0.0
MAR07596,577,4.186906935154829e-16,3.761120042094539e-15,1.9512013446174293e-18,0.0,0,0.0,0.0,0.004342113363096878,0.0,0,0.0,0.0,0.004342113363096878,0.0,0.0
MAR12952,580,4.1652505199729976e-16,3.250381096850518e-15,1.6610917375681876e-18,0.0,0,0.0,0.0,0.004319712401627411,0.0,0,0.0,0.0,0.004319712401627411,0.0,0.0
MAR01894,547,4.1567399532583577e-16,3.434372737424794e-15,1.5115193619078705e-18,0.0,0,0.0,0.0,0.004579600085029117,0.0,0,0.0,0.0,0.004579600085029117,0.0,0.0
MAR09840,583,4.1438169838496446e-16,3.748509936534596e-15,7.157094942736401e-19,0.0,0,0.0,0.0,0.004297541386555887,0.0,0,0.0,0.0,0.004297541386555887,0.0,0.0
MAR01491,526,4.05252510889791e-16,4.538685530879426e-15,7.363511953450867e-19,0.0,0,0.0,0.0,0.00476191306791176,0.0,0,0.0,0.0,0.00476191306791176,0.0,0.0
MAR00005,562,4.045794936712314e-16,3.620437386500027e-15,1.5044240192410184e-18,0.0,0,0.0,0.0,0.0044576959055467585,0.0,0,0.0,0.0,0.0044576959055467585,0.0,0.0
MAR04424,572,3.9750642560005585e-16,2.965361430764083e-15,1.7111477552909724e-18,0.0,0,0.0,0.0,0.004379969091767465,0.0,0,0.0,0.0,0.004379969091767465,0.0,0.0
MAR09680,538,3.962134214275648e-16,4.5636314633970316e-15,1.2236096530371732e-18,0.0,0,0.0,0.0,0.004655996327465773,0.0,0,0.0,0.0,0.004655996327465773,0.0,0.0
MAR08498,574,3.9612138578960343e-16,4.132670683457876e-15,1.9386065661705596e-18,0.0,0,0.0,0.0,0.004364747866934595,0.0,0,0.0,0.0,0.004364747866934595,0.0,0.0
MAR08471,575,3.95432479031708e-16,3.711195077717657e-15,2.80082932174488e-18,0.0,0,0.0,0.0,0.004357176858116289,0.0,0,0.0,0.0,0.004357176858116289,0.0,0.0
MAR08552,547,3.8969437061797123e-16,4.2474465130985966e-15,1.2962449481980711e-18,0.0,0,0.0,0.0,0.004579600085029117,0.0,0,0.0,0.0,0.004579600085029117,0.0,0.0
MAR10997,560,3.806478941571966e-16,3.725173683326957e-15,3.6560390802476127e-19,0.0,0,0.0,0.0,0.0044735734878779895,0.0,0,0.0,0.0,0.0044735734878779895,0.0,0.0
MAR06752,566,3.766127574700168e-16,3.986100810385216e-15,1.1216904117808239e-18,0.0,0,0.0,0.0,0.0044262764728495866,0.0,0,0.0,0.0,0.0044262764728495866,0.0,0.0
MAR02335,568,3.752866562113205e-16,1.43786134326404e-14,3.378325610642368e-18,0.0,0,0.0,0.0,0.004410732264444036,0.0,0,0.0,0.0,0.004410732264444036,0.0,0.0
MAR01757,573,3.7201190353931957e-16,3.2265962874065775e-15,1.2698097437012698e-18,0.0,0,0.0,0.0,0.0043723452321952965,0.0,0,0.0,0.0,0.0043723452321952965,0.0,0.0
MAR03522,545,3.6504947892261956e-16,3.6308125823228726e-15,1.5249703711136704e-18,0.0,0,0.0,0.0,0.004596359577531593,0.0,0,0.0,0.0,0.004596359577531593,0.0,0.0
MAR07046,559,3.559069159442355e-16,3.320473734093527e-15,9.022597815446606e-19,0.0,0,0.0,0.0,0.004481554769642852,0.0,0,0.0,0.0,0.004481554769642852,0.0,0.0
MAR01779,560,3.5527136788004957e-16,3.7434038944672256e-15,3.2753984000173043e-19,0.0,0,0.0,0.0,0.0044735734878779895,0.0,0,0.0,0.0,0.0044735734878779895,0.0,0.0
MAR10162,566,3.263977231406821e-16,3.969916310102079e-15,-1.422036178568044e-20,0.0,0,0.0,0.0,0.0044262764728495866,0.0,0,0.0,0.0,0.0044262764728495866,0.0,0.0
MAR09952,541,3.152130435904328e-16,3.481662415814281e-15,4.3059109222503058e-19,0.0,0,0.0,0.0,0.004630249273041442,0.0,0,0.0,0.0,0.004630249273041442,0.0,0.0
MAR06720,544,3.134747363647496e-16,3.9537883789992875e-15,4.477652697193784e-19,0.0,0,0.0,0.0,0.004604785407758596,0.0,0,0.0,0.0,0.004604785407758596,0.0,0.0
MAR01488,545,3.1289955336224577e-16,4.5572130136733766e-15,-1.7907891849234413e-19,0.0,0,0.0,0.0,0.004596359577531593,0.0,0,0.0,0.0,0.004596359577531593,0.0,0.0
MAR01196,566,3.0129020597601394e-16,3.067859555852457e-15,1.4121354360469468e-18,0.0,0,0.0,0.0,0.0044262764728495866,0.0,0,0.0,0.0,0.0044262764728495866,0.0,0.0
MAR00201,575,2.965743592737801e-16,3.5492351120825444e-15,2.2831835436005907e-19,0.0,0,0.0,0.0,0.004357176858116289,0.0,0,0.0,0.0,0.004357176858116289,0.0,0.0
MAR01901,578,2.9503504599035335e-16,3.3578037249139676e-15,2.36479800773905e-19,0.0,0,0.0,0.0,0.004334620605899285,0.0,0,0.0,0.0,0.004334620605899285,0.0,0.0
MAR02191,580,2.940176837628004e-16,3.456189607641263e-15,-1.0521975602207811e-19,0.0,0,0.0,0.0,0.004319712401627411,0.0,0,0.0,0.0,0.004319712401627411,0.0,0.0
MAR01573,540,2.89480373828189e-16,3.931824209759336e-15,2.9880090205694755e-19,0.0,0,0.0,0.0,0.00463879992662872,0.0,0,0.0,0.0,0.00463879992662872,0.0,0.0
MAR02161,544,2.873518416676874e-16,3.7448383033899915e-15,-6.250582488176758e-20,0.0,0,0.0,0.0,0.004604785407758596,0.0,0,0.0,0.0,0.004604785407758596,0.0,0.0
MAR08595,548,2.852543829693834e-16,3.779485229187517e-15,-3.8532429786639867e-19,0.0,0,0.0,0.0,0.004571266087298871,0.0,0,0.0,0.0,0.004571266087298871,0.0,0.0
MAR10137,548,2.8525438296938254e-16,3.8853126697668375e-15,7.866658290660362e-20,0.0,0,0.0,0.0,0.004571266087298871,0.0,0,0.0,0.0,0.004571266087298871,0.0,0.0
MAR00543,550,2.8421709430404043e-16,3.959316172182785e-15,-9.733713007831487e-20,0.0,0,0.0,0.0,0.0045546887593671224,0.0,0,0.0,0.0,0.0045546887593671224,0.0,0.0
MAR01841,556,2.811500033583132e-16,3.2980865135946192e-15,7.168994622923997e-19,0.0,0,0.0,0.0,0.0045056704064922026,0.0,0,0.0,0.0,0.0045056704064922026,0.0,0.0
MAR09783,557,2.80645245722122e-16,3.918843131461053e-15,-3.8119895109250854e-19,0.0,0,0.0,0.0,0.004497603075155535,0.0,0,0.0,0.0,0.004497603075155535,0.0,0.0
MAR12772,569,2.747265410671739e-16,3.597916685489509e-15,-1.5349974850216109e-19,0.0,0,0.0,0.0,0.004403001029543098,0.0,0,0.0,0.0,0.004403001029543098,0.0,0.0
MAR00144,573,2.728087292621671e-16,3.8059230348466206e-15,-6.905634357136253e-19,0.0,0,0.0,0.0,0.0043723452321952965,0.0,0,0.0,0.0,0.0043723452321952965,0.0,0.0
MAR00306,573,2.7280872926216693e-16,4.092831176910834e-15,-7.428326226288789e-19,0.0,0,0.0,0.0,0.0043723452321952965,0.0,0,0.0,0.0,0.0043723452321952965,0.0,0.0
MAR01736,539,2.636522210612613e-16,3.23592284574973e-15,3.0521719690895323e-19,0.0,0,0.0,0.0,0.004647382219459146,0.0,0,0.0,0.0,0.004647382219459146,0.0,0.0
MAR07529,550,2.583791766400357e-16,3.949255780535716e-15,3.853027874531679e-19,0.0,0,0.0,0.0,0.0045546887593671224,0.0,0,0.0,0.0,0.0045546887593671224,0.0,0.0
MAR09121,551,2.5791024891473653e-16,3.1499797176233297e-15,9.023367468488745e-19,0.0,0,0.0,0.0,0.004546445100963565,0.0,0,0.0,0.0,0.004546445100963565,0.0,0.0
MAR02162,552,2.5744302020293486e-16,3.442062595222993e-15,-2.3138834288986244e-19,0.0,0,0.0,0.0,0.004538231229443332,0.0,0,0.0,0.0,0.004538231229443332,0.0,0.0
MAR03282,553,2.5697748128755865e-16,3.8893898565988206e-15,2.6188013521013137e-19,0.0,0,0.0,0.0,0.00453004698365408,0.0,0,0.0,0.0,0.00453004698365408,0.0,0.0
MAR01978,554,2.5651362301808636e-16,3.399315492023501e-15,-2.148866578064913e-19,0.0,0,0.0,0.0,0.004521892203603858,0.0,0,0.0,0.0,0.004521892203603858,0.0,0.0
MAR11286,561,2.5331291827454607e-16,3.555500994909875e-15,-5.60702645408305e-19,0.0,0,0.0,0.0,0.004465620583537596,0.0,0,0.0,0.0,0.004465620583537596,0.0,0.0
MAR08765,561,2.5331291827454553e-16,3.349193601121976e-15,7.815625323152143e-20,0.0,0,0.0,0.0,0.004465620583537596,0.0,0,0.0,0.0,0.004465620583537596,0.0,0.0
MAR02344,564,2.519655091347869e-16,3.708623697332235e-15,-3.074524295563587e-19,0.0,0,0.0,0.0,0.004441930629657058,0.0,0,0.0,0.0,0.004441930629657058,0.0,0.0
MAR02348,571,2.488766149772678e-16,3.5546299370969295e-15,-8.33471885142233e-20,0.0,0,0.0,0.0,0.00438761958448344,0.0,0,0.0,0.0,0.00438761958448344,0.0,0.0
MAR01475,573,2.4800793569287964e-16,4.63002655817938e-15,-8.7993196816114e-19,0.0,0,0.0,0.0,0.0043723452321952965,0.0,0,0.0,0.0,0.0043723452321952965,0.0,0.0
MAR09987,574,2.4757586611850234e-16,3.703623518474624e-15,-4.272781095598361e-19,0.0,0,0.0,0.0,0.004364747866934595,0.0,0,0.0,0.0,0.004364747866934595,0.0,0.0
MAR00665,578,2.4586253832529435e-16,3.690954232473571e-15,-7.045975959170909e-20,0.0,0,0.0,0.0,0.004334620605899285,0.0,0,0.0,0.0,0.004334620605899285,0.0,0.0
MAR02177,588,2.4168120263949003e-16,3.0477595779156703e-15,-1.4837369269791715e-19,0.0,0,0.0,0.0,0.004261091151880009,0.0,0,0.0,0.0,0.004261091151880009,0.0,0.0
MAR08055,535,2.390611073585378e-16,3.642432358141418e-15,4.4038697990682e-19,0.0,0,0.0,0.0,0.004682031321548599,0.0,0,0.0,0.0,0.004682031321548599,0.0,0.0
MAR01257,544,2.3510605227356256e-16,3.524006947696151e-15,4.530373571904197e-19,0.0,0,0.0,0.0,0.004604785407758596,0.0,0,0.0,0.0,0.004604785407758596,0.0,0.0
MAR01749,547,2.338166223707829e-16,3.4078205350136253e-15,5.81136428660087e-19,0.0,0,0.0,0.0,0.004579600085029117,0.0,0,0.0,0.0,0.004579600085029117,0.0,0.0
MAR00019,548,2.333899497022227e-16,3.818859081343716e-15,3.5803676941169757e-19,0.0,0,0.0,0.0,0.004571266087298871,0.0,0,0.0,0.0,0.004571266087298871,0.0,0.0
MAR02709,554,2.3086226071627767e-16,3.915250539761768e-15,3.167307854383196e-19,0.0,0,0.0,0.0,0.004521892203603858,0.0,0,0.0,0.0,0.004521892203603858,0.0,0.0
MAR02422,557,2.2961883740900843e-16,3.738132446493477e-15,-4.007856205560909e-21,0.0,0,0.0,0.0,0.004497603075155535,0.0,0,0.0,0.0,0.004497603075155535,0.0,0.0
MAR00382,559,2.2879730310700794e-16,4.224190932072817e-15,-1.0362244693112024e-18,0.0,0,0.0,0.0,0.004481554769642852,0.0,0,0.0,0.0,0.004481554769642852,0.0,0.0
MAR03135,562,2.2757596519006694e-16,4.749073617779075e-15,8.511280133141873e-20,0.0,0,0.0,0.0,0.0044576959055467585,0.0,0,0.0,0.0,0.0044576959055467585,0.0,0.0
MAR08773,563,2.271717450032292e-16,3.0714796277440274e-15,2.3005149718260814e-19,0.0,0,0.0,0.0,0.004449799303901048,0.0,0,0.0,0.0,0.004449799303901048,0.0,0.0
MAR08049,565,2.263675972333066e-16,3.714958953250173e-15,-1.57888925090661e-20,0.0,0,0.0,0.0,0.004434089734923025,0.0,0,0.0,0.0,0.004434089734923025,0.0,0.0
MAR02098,568,2.2517199372679196e-16,3.1855329798475193e-15,-7.849423099563839e-19,0.0,0,0.0,0.0,0.004410732264444036,0.0,0,0.0,0.0,0.004410732264444036,0.0,0.0
MAR01883,569,2.2477626087314207e-16,3.297616763951993e-15,-1.1728662829802618e-19,0.0,0,0.0,0.0,0.004403001029543098,0.0,0,0.0,0.0,0.004403001029543098,0.0,0.0
MAR09833,574,2.2281827950665147e-16,3.717939058054141e-15,-8.196080512172411e-19,0.0,0,0.0,0.0,0.004364747866934595,0.0,0,0.0,0.0,0.004364747866934595,0.0,0.0
MAR09352,577,2.2165977891996193e-16,3.990968059047385e-15,-6.602168367331466e-19,0.0,0,0.0,0.0,0.004342113363096878,0.0,0,0.0,0.0,0.004342113363096878,0.0,0.0
MAR01976,579,2.2089411474407225e-16,3.4620863071043418e-15,-6.73926058217365e-19,0.0,0,0.0,0.0,0.00432715366313485,0.0,0,0.0,0.0,0.00432715366313485,0.0,0.0
MAR02153,592,2.160433993865167e-16,3.2609502188520652e-15,-1.984910343003635e-19,0.0,0,0.0,0.0,0.004232373150611237,0.0,0,0.0,0.0,0.004232373150611237,0.0,0.0
MAR01973,545,2.0859970224149749e-16,2.9989783121794775e-15,1.2500174892399213e-19,0.0,0,0.0,0.0,0.004596359577531593,0.0,0,0.0,0.0,0.004596359577531593,0.0,0.0
MAR08834,547,2.0783699766291779e-16,3.3766282583586622e-15,-3.7369379867704614e-19,0.0,0,0.0,0.0,0.004579600085029117,0.0,0,0.0,0.0,0.004579600085029117,0.0,0.0
MAR01114,554,2.0521089841446918e-16,3.3960236237164725e-15,3.303004767427215e-19,0.0,0,0.0,0.0,0.004521892203603858,0.0,0,0.0,0.0,0.004521892203603858,0.0,0.0
MAR07007,555,2.0484114904795627e-16,3.570878293539083e-15,3.1907933610582417e-19,0.0,0,0.0,0.0,0.004513766730450679,0.0,0,0.0,0.0,0.004513766730450679,0.0,0.0
MAR00370,561,2.0265033461963552e-16,3.673769104282558e-15,-7.392242171766566e-19,0.0,0,0.0,0.0,0.004465620583537596,0.0,0,0.0,0.0,0.004465620583537596,0.0,0.0
MAR01854,562,2.022897468356159e-16,3.4376958984811558e-15,-6.28588794087146e-19,0.0,0,0.0,0.0,0.0044576959055467585,0.0,0,0.0,0.0,0.0044576959055467585,0.0,0.0
MAR00531,582,1.9533820914366963e-16,3.4985077612784573e-15,-6.0759140417410035e-19,0.0,0,0.0,0.0,0.004304906394243486,0.0,0,0.0,0.0,0.004304906394243486,0.0,0.0
MAR10198,542,1.8353502399707366e-16,4.053828963359684e-15,-1.7851694261613726e-18,0.0,0,0.0,0.0,0.00462173008405905,0.0,0,0.0,0.0,0.00462173008405905,0.0,0.0
MAR00530,551,1.8053717424031638e-16,4.260630475812407e-15,-1.3135050505534382e-18,0.0,0,0.0,0.0,0.004546445100963565,0.0,0,0.0,0.0,0.004546445100963565,0.0,0.0
MAR02097,551,1.8053717424031574e-16,3.4906755296777556e-15,-7.268080438673372e-19,0.0,0,0.0,0.0,0.004546445100963565,0.0,0,0.0,0.0,0.004546445100963565,0.0,0.0
MAR08981,552,1.8021011414205404e-16,3.650914630597229e-15,-1.1660282047444364e-18,0.0,0,0.0,0.0,0.004538231229443332,0.0,0,0.0,0.0,0.004538231229443332,0.0,0.0
MAR03243,555,1.792360054169622e-16,3.9076903252979024e-15,-7.509102484780947e-19,0.0,0,0.0,0.0,0.004513766730450679,0.0,0,0.0,0.0,0.004513766730450679,0.0,0.0
MAR09228,558,1.7827237097923624e-16,3.5772766418611274e-15,-8.198914559693143e-19,0.0,0,0.0,0.0,0.004489564580987142,0.0,0,0.0,0.0,0.004489564580987142,0.0,0.0
MAR00573,561,1.7731904279218187e-16,3.5025943571943266e-15,-2.048439579859418e-19,0.0,0,0.0,0.0,0.004465620583537596,0.0,0,0.0,0.0,0.004465620583537596,0.0,0.0
MAR00650,597,1.666264371966734e-16,3.8576008260614156e-15,-1.146146996456961e-18,0.0,0,0.0,0.0,0.004197015452904686,0.0,0,0.0,0.0,0.004197015452904686,0.0,0.0
MAR09836,545,1.5644977668112336e-16,3.336370125860236e-15,-1.017694695446708e-18,0.0,0,0.0,0.0,0.004596359577531593,0.0,0,0.0,0.0,0.004596359577531593,0.0,0.0
MAR01022,546,1.5616323862859346e-16,3.6638530510367376e-15,-9.776847926593619e-19,0.0,0,0.0,0.0,0.004587964526068459,0.0,0,0.0,0.0,0.004587964526068459,0.0,0.0
MAR00501,550,1.5502750598402231e-16,3.3655594447171597e-15,9.267300293534872e-20,0.0,0,0.0,0.0,0.0045546887593671224,0.0,0,0.0,0.0,0.0045546887593671224,0.0,0.0
MAR00181,551,1.547461493488416e-16,3.562202389493212e-15,-1.1444819081847873e-18,0.0,0,0.0,0.0,0.004546445100963565,0.0,0,0.0,0.0,0.004546445100963565,0.0,0.0
MAR00332,579,1.4726274316271472e-16,3.620314395821941e-15,-1.1550201113476024e-18,0.0,0,0.0,0.0,0.00432715366313485,0.0,0,0.0,0.0,0.00432715366313485,0.0,0.0
MAR13026,583,1.462523641358697e-16,3.0754796959897026e-15,-6.512982657477533e-19,0.0,0,0.0,0.0,0.004297541386555887,0.0,0,0.0,0.0,0.004297541386555887,0.0,0.0
MAR06898,541,1.313387681626795e-16,4.192488247680516e-15,-6.370773818322267e-19,0.0,0,0.0,0.0,0.004630249273041442,0.0,0,0.0,0.0,0.004630249273041442,0.0,0.0
MAR03107,543,1.3085501579375619e-16,4.967895717728981e-15,-7.054932288201785e-19,0.0,0,0.0,0.0,0.004613242186326175,0.0,0,0.0,0.0,0.004613242186326175,0.0,0.0
MAR12526,545,1.3037481390093508e-16,3.7641257752917364e-15,-1.5059581183781513e-18,0.0,0,0.0,0.0,0.004596359577531593,0.0,0,0.0,0.0,0.004596359577531593,0.0,0.0
MAR08451,553,1.2848874064377942e-16,4.135324442963023e-15,-5.757987577653659e-19,0.0,0,0.0,0.0,0.00453004698365408,0.0,0,0.0,0.0,0.00453004698365408,0.0,0.0
MAR00211,570,1.2465662030878827e-16,3.5201697753549257e-15,-8.447517457604222e-19,0.0,0,0.0,0.0,0.004395296850147243,0.0,0,0.0,0.0,0.004395296850147243,0.0,0.0
MAR00383,572,1.242207580000168e-16,3.812758324975996e-15,-1.2422644612652986e-18,0.0,0,0.0,0.0,0.004379969091767465,0.0,0,0.0,0.0,0.004379969091767465,0.0,0.0
MAR09694,576,1.233581138472389e-16,3.732408877553543e-15,-1.487671729677762e-18,0.0,0,0.0,0.0,0.004349632068826215,0.0,0,0.0,0.0,0.004349632068826215,0.0,0.0
MAR03816,577,1.2314432162220141e-16,5.150008962585733e-15,-1.755369453927814e-18,0.0,0,0.0,0.0,0.004342113363096878,0.0,0,0.0,0.0,0.004342113363096878,0.0,0.0
MAR01329,581,1.2229651217901895e-16,3.606430698466166e-15,-1.259133327965643e-18,0.0,0,0.0,0.0,0.004312296689115291,0.0,0,0.0,0.0,0.004312296689115291,0.0,0.0
MAR04404,582,1.220863807147935e-16,3.302601621209972e-15,-6.212822410832689e-19,0.0,0,0.0,0.0,0.004304906394243486,0.0,0,0.0,0.0,0.004304906394243486,0.0,0.0
MAR00576,583,1.2187697011322474e-16,4.858420209034649e-15,-1.2457222622951462e-18,0.0,0,0.0,0.0,0.004297541386555887,0.0,0,0.0,0.0,0.004297541386555887,0.0,0.0
MAR03232,539,1.0546088842450467e-16,3.917958987986399e-15,-9.845747324073733e-19,0.0,0,0.0,0.0,0.004647382219459146,0.0,0,0.0,0.0,0.004647382219459146,0.0,0.0
MAR11384,551,1.0316409956589513e-16,3.604605698291754e-15,-2.4697401349454316e-18,0.0,0,0.0,0.0,0.004546445100963565,0.0,0,0.0,0.0,0.004546445100963565,0.0,0.0
MAR08079,556,1.0223636485756782e-16,3.3309800601889148e-15,-1.5944176341275573e-18,0.0,0,0.0,0.0,0.0045056704064922026,0.0,0,0.0,0.0,0.0045056704064922026,0.0,0.0
MAR02281,561,1.0132516730981857e-16,3.1514367586168227e-15,-1.2693420997408455e-18,0.0,0,0.0,0.0,0.004465620583537596,0.0,0,0.0,0.0,0.004465620583537596,0.0,0.0
MAR00364,561,1.0132516730981839e-16,4.074803951568649e-15,-1.0409693032982786e-18,0.0,0,0.0,0.0,0.004465620583537596,0.0,0,0.0,0.0,0.004465620583537596,0.0,0.0
MAR10359,562,1.0114487341780804e-16,3.5316330628863277e-15,-9.850312289340794e-19,0.0,0,0.0,0.0,0.0044576959055467585,0.0,0,0.0,0.0,0.0044576959055467585,0.0,0.0
MAR09376,569,9.990056038806259e-17,3.848254746989045e-15,-1.315976501201733e-18,0.0,0,0.0,0.0,0.004403001029543098,0.0,0,0.0,0.0,0.004403001029543098,0.0,0.0
MAR10388,569,9.990056038806187e-17,3.8370345970582374e-15,-2.0276055375344667e-18,0.0,0,0.0,0.0,0.004403001029543098,0.0,0,0.0,0.0,0.004403001029543098,0.0,0.0
MAR01738,535,7.968703578617945e-17,3.3299859057063463e-15,-1.0779988600904687e-18,0.0,0,0.0,0.0,0.004682031321548599,0.0,0,0.0,0.0,0.004682031321548599,0.0,0.0
MAR02293,535,7.968703578617908e-17,3.35262260562547e-15,-1.409013962863949e-18,0.0,0,0.0,0.0,0.004682031321548599,0.0,0,0.0,0.0,0.004682031321548599,0.0,0.0
MAR01070,536,7.953836594329479e-17,3.834009418998934e-15,-1.3604113593995005e-18,0.0,0,0.0,0.0,0.004673320699286043,0.0,0,0.0,0.0,0.004673320699286043,0.0,0.0
MAR09922,557,7.653961246967014e-17,3.684023396162089e-15,-1.4831723074252557e-18,0.0,0,0.0,0.0,0.004497603075155535,0.0,0,0.0,0.0,0.004497603075155535,0.0,0.0
MAR12939,558,7.640244470538675e-17,3.637264487176311e-15,-1.5588011440586206e-18,0.0,0,0.0,0.0,0.004489564580987142,0.0,0,0.0,0.0,0.004489564580987142,0.0,0.0
MAR04988,568,7.505733124226393e-17,4.035667965290749e-15,-1.3421414407560075e-18,0.0,0,0.0,0.0,0.004410732264444036,0.0,0,0.0,0.0,0.004410732264444036,0.0,0.0
MAR07993,535,5.31246905241187e-17,3.58996113539476e-15,-1.740236422479112e-18,0.0,0,0.0,0.0,0.004682031321548599,0.0,0,0.0,0.0,0.004682031321548599,0.0,0.0
MAR04987,539,5.2730444212252895e-17,4.609218105460533e-15,-1.9510707846501764e-18,0.0,0,0.0,0.0,0.004647382219459146,0.0,0,0.0,0.0,0.004647382219459146,0.0,0.0
MAR01844,548,5.1864433267160966e-17,3.3001786185967054e-15,-1.1375545425532227e-18,0.0,0,0.0,0.0,0.004571266087298871,0.0,0,0.0,0.0,0.004571266087298871,0.0,0.0
MAR01909,551,5.158204978294683e-17,3.181363145820306e-15,-1.6382536236932414e-18,0.0,0,0.0,0.0,0.004546445100963565,0.0,0,0.0,0.0,0.004546445100963565,0.0,0.0
MAR09149,552,5.148860404058661e-17,3.8195270030815555e-15,-2.287069418757593e-18,0.0,0,0.0,0.0,0.004538231229443332,0.0,0,0.0,0.0,0.004538231229443332,0.0,0.0
MAR10192,553,5.139549625751222e-17,3.195828839082746e-15,-1.565402461296714e-18,0.0,0,0.0,0.0,0.00453004698365408,0.0,0,0.0,0.0,0.00453004698365408,0.0,0.0
MAR00826,557,5.102640831311276e-17,3.4383811885017503e-15,-1.596776137619017e-18,0.0,0,0.0,0.0,0.004497603075155535,0.0,0,0.0,0.0,0.004497603075155535,0.0,0.0
MAR02295,558,5.0934963136925287e-17,3.945652597303451e-15,-2.1727781362201745e-18,0.0,0,0.0,0.0,0.004489564580987142,0.0,0,0.0,0.0,0.004489564580987142,0.0,0.0
MAR08453,559,5.0843845134891254e-17,3.883296220155142e-15,-7.325633978521294e-19,0.0,0,0.0,0.0,0.004481554769642852,0.0,0,0.0,0.0,0.004481554769642852,0.0,0.0
MAR02081,560,5.075305255429269e-17,3.4808965580953e-15,-2.1355940070211327e-18,0.0,0,0.0,0.0,0.0044735734878779895,0.0,0,0.0,0.0,0.0044735734878779895,0.0,0.0
MAR03227,571,4.9775322995453295e-17,3.808788926740513e-15,-1.0530200953784183e-18,0.0,0,0.0,0.0,0.00438761958448344,0.0,0,0.0,0.0,0.00438761958448344,0.0,0.0
MAR01492,573,4.960158713857593e-17,3.481521286734296e-15,-1.668605335330044e-18,0.0,0,0.0,0.0,0.0043723452321952965,0.0,0,0.0,0.0,0.0043723452321952965,0.0,0.0
MAR11489,574,4.951517322369966e-17,3.1597092374465677e-15,-1.4253528514049818e-18,0.0,0,0.0,0.0,0.004364747866934595,0.0,0,0.0,0.0,0.004364747866934595,0.0,0.0
MAR08775,575,4.9429059878963666e-17,3.206348550755808e-15,-1.3779258472683206e-18,0.0,0,0.0,0.0,0.004357176858116289,0.0,0,0.0,0.0,0.004357176858116289,0.0,0.0
MAR01259,582,4.883455228591754e-17,3.5622926887509106e-15,-1.3574517301590466e-18,0.0,0,0.0,0.0,0.004304906394243486,0.0,0,0.0,0.0,0.004304906394243486,0.0,0.0
MAR00207,547,2.5979624707864538e-17,3.8809589889775125e-15,-2.543997218123666e-18,0.0,0,0.0,0.0,0.004579600085029117,0.0,0,0.0,0.0,0.004579600085029117,0.0,0.0
MAR09946,562,2.5286218354451784e-17,3.4888449963604316e-15,-1.8163625357099286e-18,0.0,0,0.0,0.0,0.0044576959055467585,0.0,0,0.0,0.0,0.0044576959055467585,0.0,0.0
MAR00553,583,1.7319759154080533e-31,3.9212114071904224e-15,-2.4767932020972998e-18,0.0,0,0.0,0.0,0.004297541386555887,0.0,0,0.0,0.0,0.004297541386555887,0.0,0.0
MAR07877,559,0.0,3.613862926518707e-15,-1.6778511948743867e-18,0.0,0,0.0,0.0,0.004481554769642852,0.0,0,0.0,0.0,0.004481554769642852,0.0,0.0
MAR09804,554,-2.733958371885095e-31,3.561828398048253e-15,-2.4275375119912437e-18,0.0,0,0.0,0.0,0.004521892203603858,0.0,0,0.0,0.0,0.004521892203603858,0.0,0.0
MAR12594,573,-3.524404742348674e-31,3.56096380441481e-15,-2.3625494558770702e-18,0.0,0,0.0,0.0,0.0043723452321952965,0.0,0,0.0,0.0,0.0043723452321952965,0.0,0.0
MAR02179,545,-3.705475077735395e-31,3.1139847984134734e-15,-1.84303830107502e-18,0.0,0,0.0,0.0,0.004596359577531593,0.0,0,0.0,0.0,0.004596359577531593,0.0,0.0
MAR01751,534,-3.7818050886999817e-31,2.947939424917449e-15,-1.4153789325968787e-18,0.0,0,0.0,0.0,0.004690774475909901,0.0,0,0.0,0.0,0.004690774475909901,0.0,0.0
MAR00246,562,-1.0780163259959735e-30,3.771087941179375e-15,-2.2045372778715416e-18,0.0,0,0.0,0.0,0.0044576959055467585,0.0,0,0.0,0.0,0.0044576959055467585,0.0,0.0
MAR02415,553,-1.095560895496812e-30,5.3747689571039865e-15,-1.3939442355017501e-18,0.0,0,0.0,0.0,0.00453004698365408,0.0,0,0.0,0.0,0.00453004698365408,0.0,0.0
MAR00284,587,-2.4209292530157596e-17,3.97068015579374e-15,-2.9001188974295534e-18,0.0,0,0.0,0.0,0.004268331649559446,0.0,0,0.0,0.0,0.004268331649559446,0.0,0.0
MAR07770,561,-2.533129182745491e-17,3.2730104438253102e-15,-2.5847143327264894e-18,0.0,0,0.0,0.0,0.004465620583537596,0.0,0,0.0,0.0,0.004465620583537596,0.0,0.0
MAR01813,557,-2.5513204156556832e-17,3.486126866009069e-15,-2.433947945163886e-18,0.0,0,0.0,0.0,0.004497603075155535,0.0,0,0.0,0.0,0.004497603075155535,0.0,0.0
MAR10011,538,-2.641422809517101e-17,3.779270404385425e-15,-3.129369784860711e-18,0.0,0,0.0,0.0,0.004655996327465773,0.0,0,0.0,0.0,0.004655996327465773,0.0,0.0
MAR01050,535,-2.656234526205935e-17,2.971231428652604e-15,-1.6434485854192904e-18,0.0,0,0.0,0.0,0.004682031321548599,0.0,0,0.0,0.0,0.004682031321548599,0.0,0.0
MAR10180,578,-4.917250766505884e-17,3.553554546741453e-15,-2.7574474785846455e-18,0.0,0,0.0,0.0,0.004334620605899285,0.0,0,0.0,0.0,0.004334620605899285,0.0,0.0
MAR00354,577,-4.925772864888078e-17,4.106317166396087e-15,-3.122833129064582e-18,0.0,0,0.0,0.0,0.004342113363096878,0.0,0,0.0,0.0,0.004342113363096878,0.0,0.0
MAR09837,572,-4.968830320000709e-17,3.6658432640779705e-15,-2.9487405518002892e-18,0.0,0,0.0,0.0,0.004379969091767465,0.0,0,0.0,0.0,0.004379969091767465,0.0,0.0
MAR04982,553,-5.13954962575114e-17,4.147069356557016e-15,-2.614952879358248e-18,0.0,0,0.0,0.0,0.00453004698365408,0.0,0,0.0,0.0,0.00453004698365408,0.0,0.0
MAR00962,550,-5.1675835328006916e-17,3.947407256696188e-15,-2.6450317504615007e-18,0.0,0,0.0,0.0,0.0045546887593671224,0.0,0,0.0,0.0,0.0045546887593671224,0.0,0.0
MAR03991,545,-5.214992556037433e-17,3.3504335234450262e-15,-2.0588996310972264e-18,0.0,0,0.0,0.0,0.004596359577531593,0.0,0,0.0,0.0,0.004596359577531593,0.0,0.0
MAR00465,544,-5.224578939412483e-17,4.3775622112736835e-15,-3.4954956679005506e-18,0.0,0,0.0,0.0,0.004604785407758596,0.0,0,0.0,0.0,0.004604785407758596,0.0,0.0
MAR00387,571,-7.466298449318111e-17,3.8137536730570145e-15,-2.7696661726753806e-18,0.0,0,0.0,0.0,0.00438761958448344,0.0,0,0.0,0.0,0.00438761958448344,0.0,0.0
MAR02094,566,-7.532255149400409e-17,3.2294371722632017e-15,-2.885048659415377e-18,0.0,0,0.0,0.0,0.0044262764728495866,0.0,0,0.0,0.0,0.0044262764728495866,0.0,0.0
MAR08603,562,-7.585865506335554e-17,4.05485147011239e-15,-1.7566503384547573e-18,0.0,0,0.0,0.0,0.0044576959055467585,0.0,0,0.0,0.0,0.0044576959055467585,0.0,0.0
MAR04468,560,-7.612957883143931e-17,3.5064702126204262e-15,-2.5039207155819745e-18,0.0,0,0.0,0.0,0.0044735734878779895,0.0,0,0.0,0.0,0.0044735734878779895,0.0,0.0
MAR00264,558,-7.640244470538748e-17,3.8628564981222315e-15,-2.981466260318887e-18,0.0,0,0.0,0.0,0.004489564580987142,0.0,0,0.0,0.0,0.004489564580987142,0.0,0.0
MAR02217,555,-7.681543089298454e-17,3.5755746424668365e-15,-2.9935422625083565e-18,0.0,0,0.0,0.0,0.004513766730450679,0.0,0,0.0,0.0,0.004513766730450679,0.0,0.0
MAR09769,554,-7.695408690542638e-17,3.512910495361455e-15,-3.2618651347472445e-18,0.0,0,0.0,0.0,0.004521892203603858,0.0,0,0.0,0.0,0.004521892203603858,0.0,0.0
MAR00253,553,-7.709324438626784e-17,3.874662644766807e-15,-3.3428211328286016e-18,0.0,0,0.0,0.0,0.00453004698365408,0.0,0,0.0,0.0,0.00453004698365408,0.0,0.0
MAR01670,545,-7.822488834056149e-17,2.713657921530572e-15,-2.258773427394416e-18,0.0,0,0.0,0.0,0.004596359577531593,0.0,0,0.0,0.0,0.004596359577531593,0.0,0.0
MAR00835,573,-9.920317427715203e-17,3.2575141767755263e-15,-2.5749328333244726e-18,0.0,0,0.0,0.0,0.0043723452321952965,0.0,0,0.0,0.0,0.0043723452321952965,0.0,0.0
MAR00312,567,-1.0025294331712229e-16,3.1449859295914207e-15,-2.0774694785228587e-18,0.0,0,0.0,0.0,0.00441849069762059,0.0,0,0.0,0.0,0.00441849069762059,0.0,0.0
MAR12844,565,-1.0060782099258146e-16,3.589247834833958e-15,-3.2028565934392162e-18,0.0,0,0.0,0.0,0.004434089734923025,0.0,0,0.0,0.0,0.004434089734923025,0.0,0.0
MAR00281,562,-1.0114487341780822e-16,4.167880184793197e-15,-3.635383765461195e-18,0.0,0,0.0,0.0,0.0044576959055467585,0.0,0,0.0,0.0,0.0044576959055467585,0.0,0.0
MAR01652,562,-1.0114487341780822e-16,3.4870979615739757e-15,-2.8565584168779573e-18,0.0,0,0.0,0.0,0.0044576959055467585,0.0,0,0.0,0.0,0.0044576959055467585,0.0,0.0
MAR01218,561,-1.0132516730981784e-16,3.6870507321609595e-15,-2.407387254517537e-18,0.0,0,0.0,0.0,0.004465620583537596,0.0,0,0.0,0.0,0.004465620583537596,0.0,0.0
MAR01708,560,-1.0150610510858574e-16,3.478298960950382e-15,-3.353251364507617e-18,0.0,0,0.0,0.0,0.0044735734878779895,0.0,0,0.0,0.0,0.0044735734878779895,0.0,0.0
MAR00220,559,-1.0168769026978197e-16,3.834133576347018e-15,-3.0337266411512308e-18,0.0,0,0.0,0.0,0.004481554769642852,0.0,0,0.0,0.0,0.004481554769642852,0.0,0.0
MAR06679,559,-1.0168769026978232e-16,4.302182856545922e-15,-2.883884350313615e-18,0.0,0,0.0,0.0,0.004481554769642852,0.0,0,0.0,0.0,0.004481554769642852,0.0,0.0
MAR09973,553,-1.027909925150239e-16,3.3344169173329264e-15,-3.629691791189651e-18,0.0,0,0.0,0.0,0.00453004698365408,0.0,0,0.0,0.0,0.00453004698365408,0.0,0.0
MAR02209,552,-1.0297720808117403e-16,3.597700604567032e-15,-2.8028195432689986e-18,0.0,0,0.0,0.0,0.004538231229443332,0.0,0,0.0,0.0,0.004538231229443332,0.0,0.0
MAR11609,548,-1.037288665343211e-16,3.4163312896020897e-15,-2.4503821970769488e-18,0.0,0,0.0,0.0,0.004571266087298871,0.0,0,0.0,0.0,0.004571266087298871,0.0,0.0
MAR00945,547,-1.0391849883145908e-16,3.728200071544469e-15,-2.9308138753995313e-18,0.0,0,0.0,0.0,0.004579600085029117,0.0,0,0.0,0.0,0.004579600085029117,0.0,0.0
MAR02371,546,-1.0410882575239573e-16,2.740440548554059e-15,-1.9412938396827977e-18,0.0,0,0.0,0.0,0.004587964526068459,0.0,0,0.0,0.0,0.004587964526068459,0.0,0.0
MAR01911,546,-1.041088257523961e-16,3.0757891270800645e-15,-2.9714304337194726e-18,0.0,0,0.0,0.0,0.004587964526068459,0.0,0,0.0,0.0,0.004587964526068459,0.0,0.0
MAR09831,546,-1.0410882575239647e-16,3.67772250241186e-15,-3.575334179437004e-18,0.0,0,0.0,0.0,0.004587964526068459,0.0,0,0.0,0.0,0.004587964526068459,0.0,0.0
MAR00404,542,-1.0487715656975685e-16,4.242851729544449e-15,-2.745442054394573e-18,0.0,0,0.0,0.0,0.00462173008405905,0.0,0,0.0,0.0,0.00462173008405905,0.0,0.0
MAR09006,578,-1.229312691626471e-16,4.633213934863854e-15,-2.872538002336014e-18,0.0,0,0.0,0.0,0.004334620605899285,0.0,0,0.0,0.0,0.004334620605899285,0.0,0.0
MAR01055,571,-1.244383074886334e-16,3.024523793532995e-15,-2.347546899591811e-18,0.0,0,0.0,0.0,0.00438761958448344,0.0,0,0.0,0.0,0.00438761958448344,0.0,0.0
MAR02178,559,-1.2710961283722742e-16,3.307707700725769e-15,-3.233326021968481e-18,0.0,0,0.0,0.0,0.004481554769642852,0.0,0,0.0,0.0,0.004481554769642852,0.0,0.0
MAR07269,556,-1.27795456071961e-16,3.4148955770650003e-15,-2.9111032807796764e-18,0.0,0,0.0,0.0,0.0045056704064922026,0.0,0,0.0,0.0,0.0045056704064922026,0.0,0.0
MAR00170,555,-1.2802571815497355e-16,3.4808168222592296e-15,-3.0738506308822225e-18,0.0,0,0.0,0.0,0.004513766730450679,0.0,0,0.0,0.0,0.004513766730450679,0.0,0.0
MAR08605,547,-1.2989812353932315e-16,4.322744732648144e-15,-2.53305046680744e-18,0.0,0,0.0,0.0,0.004579600085029117,0.0,0,0.0,0.0,0.004579600085029117,0.0,0.0
MAR02069,547,-1.2989812353932372e-16,3.287858221043997e-15,-3.479063200820277e-18,0.0,0,0.0,0.0,0.004579600085029117,0.0,0,0.0,0.0,0.004579600085029117,0.0,0.0
MAR01151,585,-1.4575235605335388e-16,3.3551676641495453e-15,-3.0378178109434095e-18,0.0,0,0.0,0.0,0.004282886715357432,0.0,0,0.0,0.0,0.004282886715357432,0.0,0.0
MAR02057,566,-1.5064510298800734e-16,3.340641176070713e-15,-3.309231796173997e-18,0.0,0,0.0,0.0,0.0044262764728495866,0.0,0,0.0,0.0,0.0044262764728495866,0.0,0.0
MAR01747,565,-1.5091173148887093e-16,3.3399244713460003e-15,-3.1031358390487833e-18,0.0,0,0.0,0.0,0.004434089734923025,0.0,0,0.0,0.0,0.004434089734923025,0.0,0.0
MAR00300,565,-1.50911731488871e-16,4.029604260046258e-15,-3.946416832492978e-18,0.0,0,0.0,0.0,0.004434089734923025,0.0,0,0.0,0.0,0.004434089734923025,0.0,0.0
MAR00499,560,-1.5225915766287861e-16,3.556065586391012e-15,-2.7480064689888504e-18,0.0,0,0.0,0.0,0.0044735734878779895,0.0,0,0.0,0.0,0.0044735734878779895,0.0,0.0
MAR09375,569,-1.7482598067911093e-16,3.197961986503307e-15,-2.963201678460452e-18,0.0,0,0.0,0.0,0.004403001029543098,0.0,0,0.0,0.0,0.004403001029543098,0.0,0.0
MAR01732,560,-1.7763568394002469e-16,3.345657209729889e-15,-3.3427403012237283e-18,0.0,0,0.0,0.0,0.0044735734878779895,0.0,0,0.0,0.0,0.0044735734878779895,0.0,0.0
MAR00376,560,-1.7763568394002486e-16,3.9577903382231775e-15,-3.864529580633993e-18,0.0,0,0.0,0.0,0.0044735734878779895,0.0,0,0.0,0.0,0.0044735734878779895,0.0,0.0
MAR20120,559,-1.7795345797211884e-16,3.430121170380979e-15,-3.469039556499739e-18,0.0,0,0.0,0.0,0.004481554769642852,0.0,0,0.0,0.0,0.004481554769642852,0.0,0.0
MAR08469,554,-1.7955953611266078e-16,3.3637486494657153e-15,-3.420670099740303e-18,0.0,0,0.0,0.0,0.004521892203603858,0.0,0,0.0,0.0,0.004521892203603858,0.0,0.0
MAR00680,547,-1.8185737295505334e-16,3.621006588053482e-15,-3.5515335672839786e-18,0.0,0,0.0,0.0,0.004579600085029117,0.0,0,0.0,0.0,0.004579600085029117,0.0,0.0
MAR07026,546,-1.8219044506669292e-16,3.754149557555443e-15,-3.3331233584085726e-18,0.0,0,0.0,0.0,0.004587964526068459,0.0,0,0.0,0.0,0.004587964526068459,0.0,0.0
MAR01256,538,-1.8489959666619745e-16,3.933514798948638e-15,-3.881901053290761e-18,0.0,0,0.0,0.0,0.004655996327465773,0.0,0,0.0,0.0,0.004655996327465773,0.0,0.0
MAR00350,573,-1.9840634855430424e-16,4.028578573844883e-15,-3.9324244025620984e-18,0.0,0,0.0,0.0,0.0043723452321952965,0.0,0,0.0,0.0,0.0043723452321952965,0.0,0.0
MAR07411,560,-2.0301221021717185e-16,3.819343092433005e-15,-4.046792335155503e-18,0.0,0,0.0,0.0,0.0044735734878779895,0.0,0,0.0,0.0,0.0044735734878779895,0.0,0.0
MAR06042,557,-2.0410563325245266e-16,3.6879951515147e-15,-3.695330033406271e-18,0.0,0,0.0,0.0,0.004497603075155535,0.0,0,0.0,0.0,0.004497603075155535,0.0,0.0
MAR01514,554,-2.0521089841446938e-16,4.358467375129651e-15,-3.960783900965283e-18,0.0,0,0.0,0.0,0.004521892203603858,0.0,0,0.0,0.0,0.004521892203603858,0.0,0.0
MAR08718,550,-2.0670334131202969e-16,3.5361093016295807e-15,-4.228368951587906e-18,0.0,0,0.0,0.0,0.0045546887593671224,0.0,0,0.0,0.0,0.0045546887593671224,0.0,0.0
MAR01197,546,-2.0821765150479072e-16,3.777305319257573e-15,-3.356384757570754e-18,0.0,0,0.0,0.0,0.004587964526068459,0.0,0,0.0,0.0,0.004587964526068459,0.0,0.0
MAR01863,545,-2.0859970224149675e-16,3.4724198178106193e-15,-3.972903139526325e-18,0.0,0,0.0,0.0,0.004596359577531593,0.0,0,0.0,0.0,0.004596359577531593,0.0,0.0
MAR00428,571,-2.239889534795412e-16,3.625922307252141e-15,-3.640409082022306e-18,0.0,0,0.0,0.0,0.00438761958448344,0.0,0,0.0,0.0,0.00438761958448344,0.0,0.0
MAR09388,569,-2.2477626087314276e-16,3.61507535858943e-15,-4.184269216298087e-18,0.0,0,0.0,0.0,0.004403001029543098,0.0,0,0.0,0.0,0.004403001029543098,0.0,0.0
MAR08460,567,-2.2556912246352317e-16,4.12170645713968e-15,-3.1028667234025338e-18,0.0,0,0.0,0.0,0.00441849069762059,0.0,0,0.0,0.0,0.00441849069762059,0.0,0.0
MAR04202,567,-2.2556912246352415e-16,3.1572559699639186e-15,-3.917707017436263e-18,0.0,0,0.0,0.0,0.00441849069762059,0.0,0,0.0,0.0,0.00441849069762059,0.0,0.0
MAR00374,565,-2.2636759723330625e-16,3.784422859113659e-15,-3.539247799170578e-18,0.0,0,0.0,0.0,0.004434089734923025,0.0,0,0.0,0.0,0.004434089734923025,0.0,0.0
MAR08931,556,-2.3003182092952884e-16,4.8020043838450464e-15,-3.669460265174688e-18,0.0,0,0.0,0.0,0.0045056704064922026,0.0,0,0.0,0.0,0.0045056704064922026,0.0,0.0
MAR01531,549,-2.3296483139675417e-16,4.180754524092327e-15,-4.150333005462078e-18,0.0,0,0.0,0.0,0.004562962366977274,0.0,0,0.0,0.0,0.004562962366977274,0.0,0.0
MAR00500,544,-2.3510605227356256e-16,4.163430956935493e-15,-4.298241856990079e-18,0.0,0,0.0,0.0,0.004604785407758596,0.0,0,0.0,0.0,0.004604785407758596,0.0,0.0
MAR00489,582,-2.4417276142958737e-16,3.381310357274117e-15,-3.7893862165300526e-18,0.0,0,0.0,0.0,0.004304906394243486,0.0,0,0.0,0.0,0.004304906394243486,0.0,0.0
MAR08869,560,-2.537652627714642e-16,3.1482550408173188e-15,-3.818018851306877e-18,0.0,0,0.0,0.0,0.0044735734878779895,0.0,0,0.0,0.0,0.0044735734878779895,0.0,0.0
MAR09979,552,-2.574430202029354e-16,4.2396848843288145e-15,-5.4596216790128195e-18,0.0,0,0.0,0.0,0.004538231229443332,0.0,0,0.0,0.0,0.004538231229443332,0.0,0.0
MAR04962,548,-2.5932216633580297e-16,4.313823608949486e-15,-3.9244910614203595e-18,0.0,0,0.0,0.0,0.004571266087298871,0.0,0,0.0,0.0,0.004571266087298871,0.0,0.0
MAR07525,546,-2.602720643809893e-16,3.9299853004381434e-15,-3.874397230324579e-18,0.0,0,0.0,0.0,0.004587964526068459,0.0,0,0.0,0.0,0.004587964526068459,0.0,0.0
MAR12539,545,-2.6074962780187125e-16,5.051729635342118e-15,-5.288437401144216e-18,0.0,0,0.0,0.0,0.004596359577531593,0.0,0,0.0,0.0,0.004596359577531593,0.0,0.0
MAR06636,539,-2.6365222106126167e-16,8.376637815289547e-15,-2.4334046294940126e-18,0.0,0,0.0,0.0,0.004647382219459146,0.0,0,0.0,0.0,0.004647382219459146,0.0,0.0
MAR01632,567,-2.756955941220847e-16,3.477992384433042e-15,-4.6272531526633675e-18,0.0,0,0.0,0.0,0.00441849069762059,0.0,0,0.0,0.0,0.00441849069762059,0.0,0.0
MAR00540,565,-2.7667150772959687e-16,3.579241447545885e-15,-4.186967832552296e-18,0.0,0,0.0,0.0,0.004434089734923025,0.0,0,0.0,0.0,0.004434089734923025,0.0,0.0
MAR02079,559,-2.796411482418999e-16,3.1315359776097766e-15,-4.651552159283804e-18,0.0,0,0.0,0.0,0.004481554769642852,0.0,0,0.0,0.0,0.004481554769642852,0.0,0.0
MAR09254,559,-2.7964114824190025e-16,3.4652254688687748e-15,-4.794960791901151e-18,0.0,0,0.0,0.0,0.004481554769642852,0.0,0,0.0,0.0,0.004481554769642852,0.0,0.0
MAR04347,557,-2.80645245722122e-16,3.3694914174155745e-15,-4.276862497849667e-18,0.0,0,0.0,0.0,0.004497603075155535,0.0,0,0.0,0.0,0.004497603075155535,0.0,0.0
MAR00325,576,-2.9605947323337615e-16,4.103787903756339e-15,-4.76559573585472e-18,0.0,0,0.0,0.0,0.004349632068826215,0.0,0,0.0,0.0,0.004349632068826215,0.0,0.0
MAR09925,560,-3.0451831532575723e-16,4.020764040372154e-15,-5.7004293296040865e-18,0.0,0,0.0,0.0,0.0044735734878779895,0.0,0,0.0,0.0,0.0044735734878779895,0.0,0.0
MAR02163,559,-3.050630708093455e-16,3.556776803450992e-15,-5.0292956524810134e-18,0.0,0,0.0,0.0,0.004481554769642852,0.0,0,0.0,0.0,0.004481554769642852,0.0,0.0
MAR01278,550,-3.100550119680441e-16,3.7531834047640945e-15,-4.3812729180914475e-18,0.0,0,0.0,0.0,0.0045546887593671224,0.0,0,0.0,0.0,0.0045546887593671224,0.0,0.0
MAR00280,577,-3.2017523621772295e-16,3.746730772447412e-15,-5.100358354861081e-18,0.0,0,0.0,0.0,0.004342113363096878,0.0,0,0.0,0.0,0.004342113363096878,0.0,0.0
MAR13043,568,-3.2524843538314446e-16,3.2686826795558887e-15,-4.604035865611051e-18,0.0,0,0.0,0.0,0.004410732264444036,0.0,0,0.0,0.0,0.004410732264444036,0.0,0.0
MAR10190,565,-3.2697541822588735e-16,4.0905396000531815e-15,-5.8520652157318355e-18,0.0,0,0.0,0.0,0.004434089734923025,0.0,0,0.0,0.0,0.004434089734923025,0.0,0.0
MAR02049,561,-3.29306793756909e-16,3.2247028714365997e-15,-4.7982247191092164e-18,0.0,0,0.0,0.0,0.004465620583537596,0.0,0,0.0,0.0,0.004465620583537596,0.0,0.0
MAR00084,561,-3.2930679375690954e-16,3.3104754669201448e-15,-4.1156699343308075e-18,0.0,0,0.0,0.0,0.004465620583537596,0.0,0,0.0,0.0,0.004465620583537596,0.0,0.0
MAR01145,559,-3.304849933767906e-16,3.59344436079408e-15,-4.9442789317588e-18,0.0,0,0.0,0.0,0.004481554769642852,0.0,0,0.0,0.0,0.004481554769642852,0.0,0.0
MAR01718,547,-3.3773512120224086e-16,3.182703184009896e-15,-4.310259243491415e-18,0.0,0,0.0,0.0,0.004579600085029117,0.0,0,0.0,0.0,0.004579600085029117,0.0,0.0
MAR09850,537,-3.4402441582425745e-16,4.166189016669281e-15,-5.589664491966347e-18,0.0,0,0.0,0.0,0.004664642427888463,0.0,0,0.0,0.0,0.004664642427888463,0.0,0.0
MAR01996,565,-3.521273734740325e-16,3.4134689311371024e-15,-5.548396002290231e-18,0.0,0,0.0,0.0,0.004434089734923025,0.0,0,0.0,0.0,0.004434089734923025,0.0,0.0
MAR03186,555,-3.584720108339246e-16,4.708742140258056e-15,-3.9394662769902176e-18,0.0,0,0.0,0.0,0.004513766730450679,0.0,0,0.0,0.0,0.004513766730450679,0.0,0.0
MAR08472,553,-3.597684738025815e-16,3.890395539785822e-15,-3.7127485853241135e-18,0.0,0,0.0,0.0,0.00453004698365408,0.0,0,0.0,0.0,0.00453004698365408,0.0,0.0
MAR02173,547,-3.6371474591010624e-16,3.1294578100282457e-15,-4.8786366342464555e-18,0.0,0,0.0,0.0,0.004579600085029117,0.0,0,0.0,0.0,0.004579600085029117,0.0,0.0
MAR10385,584,-3.650048300137497e-16,3.759805204198765e-15,-4.960285362422943e-18,0.0,0,0.0,0.0,0.004290201536487618,0.0,0,0.0,0.0,0.004290201536487618,0.0,0.0
MAR09848,543,-3.6639404422252037e-16,3.892216197905432e-15,-5.382169250165776e-18,0.0,0,0.0,0.0,0.004613242186326175,0.0,0,0.0,0.0,0.004613242186326175,0.0,0.0
MAR03378,578,-3.687938074879412e-16,3.339799429061048e-15,-4.0711654473792485e-18,0.0,0,0.0,0.0,0.004334620605899285,0.0,0,0.0,0.0,0.004334620605899285,0.0,0.0
MAR02228,566,-3.766127574700182e-16,3.657096407636631e-15,-5.708043156116735e-18,0.0,0,0.0,0.0,0.0044262764728495866,0.0,0,0.0,0.0,0.0044262764728495866,0.0,0.0
MAR02347,528,-3.7680296593338647e-16,3.3843388740445083e-15,-4.532594796170616e-18,0.0,0,0.0,0.0,0.0047439268977446615,0.0,0,0.0,0.0,0.0047439268977446615,0.0,0.0
MAR07267,564,-3.779482637021814e-16,3.332773388636266e-15,-4.450783987570394e-18,0.0,0,0.0,0.0,0.004441930629657058,0.0,0,0.0,0.0,0.004441930629657058,0.0,0.0
MAR01225,551,-3.868653733721058e-16,3.4063930888229848e-15,-4.568239766955311e-18,0.0,0,0.0,0.0,0.004546445100963565,0.0,0,0.0,0.0,0.004546445100963565,0.0,0.0
MAR00189,545,-3.9112444170280825e-16,3.692105622021103e-15,-5.703456239665642e-18,0.0,0,0.0,0.0,0.004596359577531593,0.0,0,0.0,0.0,0.004596359577531593,0.0,0.0
MAR12808,544,-3.918434204559382e-16,3.084517189811644e-15,-4.738682272740677e-18,0.0,0,0.0,0.0,0.004604785407758596,0.0,0,0.0,0.0,0.004604785407758596,0.0,0.0
MAR10049,575,-3.9543247903170686e-16,3.3096015162600954e-15,-5.428458652099346e-18,0.0,0,0.0,0.0,0.004357176858116289,0.0,0,0.0,0.0,0.004357176858116289,0.0,0.0
MAR08682,572,-3.975064256000558e-16,4.125457838206331e-15,-5.069754984630812e-18,0.0,0,0.0,0.0,0.004379969091767465,0.0,0,0.0,0.0,0.004379969091767465,0.0,0.0
MAR07507,536,-3.9769182971647434e-16,3.256730080544183e-15,-4.778320615321166e-18,0.0,0,0.0,0.0,0.004673320699286043,0.0,0,0.0,0.0,0.004673320699286043,0.0,0.0
MAR08994,570,-3.989011849881271e-16,4.8390951795831e-15,-5.535347581557211e-18,0.0,0,0.0,0.0,0.004395296850147243,0.0,0,0.0,0.0,0.004395296850147243,0.0,0.0
MAR02328,565,-4.024312839703222e-16,1.4389575107131467e-14,-2.716419134676668e-18,0.0,0,0.0,0.0,0.004434089734923025,0.0,0,0.0,0.0,0.004434089734923025,0.0,0.0
MAR03996,565,-4.0243128397032257e-16,3.4411953737099225e-15,-4.962156776987555e-18,0.0,0,0.0,0.0,0.004434089734923025,0.0,0,0.0,0.0,0.004434089734923025,0.0,0.0
MAR04910,558,-4.0747970509539796e-16,4.48742382687605e-15,-5.253961845065787e-18,0.0,0,0.0,0.0,0.004489564580987142,0.0,0,0.0,0.0,0.004489564580987142,0.0,0.0
MAR08879,555,-4.0968229809591343e-16,3.3201720800815695e-15,-5.268690570348736e-18,0.0,0,0.0,0.0,0.004513766730450679,0.0,0,0.0,0.0,0.004513766730450679,0.0,0.0
MAR00398,549,-4.1415970026089663e-16,4.162788076344126e-15,-5.390558774229602e-18,0.0,0,0.0,0.0,0.004562962366977274,0.0,0,0.0,0.0,0.004562962366977274,0.0,0.0
MAR08504,547,-4.1567399532583597e-16,3.2992092663126097e-15,-5.489691306411549e-18,0.0,0,0.0,0.0,0.004579600085029117,0.0,0,0.0,0.0,0.004579600085029117,0.0,0.0
MAR08465,577,-4.186906935154838e-16,4.294131596411899e-15,-4.88012242860229e-18,0.0,0,0.0,0.0,0.004342113363096878,0.0,0,0.0,0.0,0.004342113363096878,0.0,0.0
MAR00763,574,-4.208789724014534e-16,3.907300177265188e-15,-5.991504550419927e-18,0.0,0,0.0,0.0,0.004364747866934595,0.0,0,0.0,0.0,0.004364747866934595,0.0,0.0
MAR07374,573,-4.216134906778961e-16,3.593560222487612e-15,-4.8885070319735466e-18,0.0,0,0.0,0.0,0.0043723452321952965,0.0,0,0.0,0.0,0.0043723452321952965,0.0,0.0
MAR03423,539,-4.2184355369801887e-16,3.4061673910440672e-15,-4.7836643867346685e-18,0.0,0,0.0,0.0,0.004647382219459146,0.0,0,0.0,0.0,0.004647382219459146,0.0,0.0
MAR00427,572,-4.2235057720005955e-16,3.527321474404729e-15,-4.992988125909493e-18,0.0,0,0.0,0.0,0.004379969091767465,0.0,0,0.0,0.0,0.004379969091767465,0.0,0.0
MAR08563,562,-4.298657120256836e-16,3.6254709507973735e-15,-5.7561490143903295e-18,0.0,0,0.0,0.0,0.0044576959055467585,0.0,0,0.0,0.0,0.0044576959055467585,0.0,0.0
MAR01700,562,-4.2986571202568373e-16,3.4027309618125517e-15,-5.725081616451252e-18,0.0,0,0.0,0.0,0.0044576959055467585,0.0,0,0.0,0.0,0.0044576959055467585,0.0,0.0
MAR00504,558,-4.3294718666386077e-16,4.1176539278217e-15,-6.212504110807463e-18,0.0,0,0.0,0.0,0.004489564580987142,0.0,0,0.0,0.0,0.004489564580987142,0.0,0.0
MAR00414,555,-4.352874417269084e-16,3.808746530498732e-15,-5.919667565929e-18,0.0,0,0.0,0.0,0.004513766730450679,0.0,0,0.0,0.0,0.004513766730450679,0.0,0.0
MAR04913,553,-4.368617181888501e-16,3.604658402742934e-15,-5.7371436847864905e-18,0.0,0,0.0,0.0,0.00453004698365408,0.0,0,0.0,0.0,0.00453004698365408,0.0,0.0
MAR04230,553,-4.3686171818885055e-16,3.452798552793788e-15,-5.243947347477737e-18,0.0,0,0.0,0.0,0.00453004698365408,0.0,0,0.0,0.0,0.00453004698365408,0.0,0.0
MAR09083,583,-4.3875709240760904e-16,3.55797179481714e-15,-6.341975609851128e-18,0.0,0,0.0,0.0,0.004297541386555887,0.0,0,0.0,0.0,0.004297541386555887,0.0,0.0
MAR00221,579,-4.417882294881464e-16,3.816634726908881e-15,-6.042537688848135e-18,0.0,0,0.0,0.0,0.00432715366313485,0.0,0,0.0,0.0,0.00432715366313485,0.0,0.0
MAR08350,576,-4.440892098500624e-16,3.932438762822343e-15,-5.2031422100279544e-18,0.0,0,0.0,0.0,0.004349632068826215,0.0,0,0.0,0.0,0.004349632068826215,0.0,0.0
MAR01811,575,-4.448615389106711e-16,3.2131581506548112e-15,-5.3510310394639206e-18,0.0,0,0.0,0.0,0.004357176858116289,0.0,0,0.0,0.0,0.004357176858116289,0.0,0.0
MAR10169,567,-4.511382449270474e-16,3.557121681502288e-15,-6.173640250644964e-18,0.0,0,0.0,0.0,0.00441849069762059,0.0,0,0.0,0.0,0.00441849069762059,0.0,0.0
MAR01957,563,-4.54343490006459e-16,3.41008474375053e-15,-5.906314888110405e-18,0.0,0,0.0,0.0,0.004449799303901048,0.0,0,0.0,0.0,0.004449799303901048,0.0,0.0
MAR00709,561,-4.559632528941816e-16,3.3579726868731273e-15,-5.5516557306212e-18,0.0,0,0.0,0.0,0.004465620583537596,0.0,0,0.0,0.0,0.004465620583537596,0.0,0.0
MAR11676,592,-4.560916209270918e-16,2.6777386618220003e-15,-5.240541626446603e-18,0.0,0,0.0,0.0,0.004232373150611237,0.0,0,0.0,0.0,0.004232373150611237,0.0,0.0
MAR01673,557,-4.592376748180182e-16,3.4185457358683046e-15,-5.4833984418149266e-18,0.0,0,0.0,0.0,0.004497603075155535,0.0,0,0.0,0.0,0.004497603075155535,0.0,0.0
MAR10429,556,-4.600636418590581e-16,3.814001094243857e-15,-6.420018937385389e-18,0.0,0,0.0,0.0,0.0045056704064922026,0.0,0,0.0,0.0,0.0045056704064922026,0.0,0.0
MAR01891,554,-4.61724521432556e-16,4.016028600438188e-15,-5.336924318202882e-18,0.0,0,0.0,0.0,0.004521892203603858,0.0,0,0.0,0.0,0.004521892203603858,0.0,0.0
MAR09942,554,-4.617245214325562e-16,3.910075131772552e-15,-6.596621469597373e-18,0.0,0,0.0,0.0,0.004521892203603858,0.0,0,0.0,0.0,0.004521892203603858,0.0,0.0
MAR01722,553,-4.625594663176057e-16,3.601990391689849e-15,-5.794517759407981e-18,0.0,0,0.0,0.0,0.00453004698365408,0.0,0,0.0,0.0,0.00453004698365408,0.0,0.0
MAR01758,577,-4.679484221643641e-16,3.41086337843298e-15,-5.607192350067198e-18,0.0,0,0.0,0.0,0.004342113363096878,0.0,0,0.0,0.0,0.004342113363096878,0.0,0.0
MAR10036,574,-4.703941456251534e-16,3.467347757141324e-15,-6.523917784316869e-18,0.0,0,0.0,0.0,0.004364747866934595,0.0,0,0.0,0.0,0.004364747866934595,0.0,0.0
MAR00461,574,-4.703941456251534e-16,4.0840097434967056e-15,-6.005209474597894e-18,0.0,0,0.0,0.0,0.004364747866934595,0.0,0,0.0,0.0,0.004364747866934595,0.0,0.0
MAR00310,570,-4.736951571734001e-16,3.944848512243968e-15,-6.8099594288003934e-18,0.0,0,0.0,0.0,0.004395296850147243,0.0,0,0.0,0.0,0.004395296850147243,0.0,0.0
MAR01633,569,-4.745276618433e-16,3.486928782645999e-15,-6.098736599243562e-18,0.0,0,0.0,0.0,0.004403001029543098,0.0,0,0.0,0.0,0.004403001029543098,0.0,0.0
MAR00850,568,-4.753630978676726e-16,3.7285581289000285e-15,-5.9520456916932074e-18,0.0,0,0.0,0.0,0.004410732264444036,0.0,0,0.0,0.0,0.004410732264444036,0.0,0.0
MAR00035,568,-4.753630978676728e-16,3.7332641311593694e-15,-6.213034653102288e-18,0.0,0,0.0,0.0,0.004410732264444036,0.0,0,0.0,0.0,0.004410732264444036,0.0,0.0
MAR09787,538,-4.75456105713078e-16,3.846406112544571e-15,-6.387826352636558e-18,0.0,0,0.0,0.0,0.004655996327465773,0.0,0,0.0,0.0,0.004655996327465773,0.0,0.0
MAR00668,531,-4.81723888650915e-16,3.625886553869525e-15,-6.0271466683838375e-18,0.0,0,0.0,0.0,0.004717200964344275,0.0,0,0.0,0.0,0.004717200964344275,0.0,0.0
MAR08539,558,-4.838821498007843e-16,3.4473592734011e-15,-5.63579649889858e-18,0.0,0,0.0,0.0,0.004489564580987142,0.0,0,0.0,0.0,0.004489564580987142,0.0,0.0
MAR00224,546,-4.945169223238802e-16,3.719044089300519e-15,-6.460260978450808e-18,0.0,0,0.0,0.0,0.004587964526068459,0.0,0,0.0,0.0,0.004587964526068459,0.0,0.0
MAR07387,574,-4.951517322370036e-16,3.665585724295182e-15,-5.737591629218915e-18,0.0,0,0.0,0.0,0.004364747866934595,0.0,0,0.0,0.0,0.004364747866934595,0.0,0.0
MAR07883,569,-4.995028019403168e-16,3.7210704090865806e-15,-5.4045292912626045e-18,0.0,0,0.0,0.0,0.004403001029543098,0.0,0,0.0,0.0,0.004403001029543098,0.0,0.0
MAR01850,537,-5.028049154354523e-16,2.9550938512458407e-15,-5.819127624787146e-18,0.0,0,0.0,0.0,0.004664642427888463,0.0,0,0.0,0.0,0.004664642427888463,0.0,0.0
MAR01741,564,-5.039310182695743e-16,3.3416056840032023e-15,-6.1372141782971116e-18,0.0,0,0.0,0.0,0.004441930629657058,0.0,0,0.0,0.0,0.004441930629657058,0.0,0.0
MAR01297,556,-5.11181824287842e-16,3.128481525643873e-15,-5.751982754146298e-18,0.0,0,0.0,0.0,0.0045056704064922026,0.0,0,0.0,0.0,0.0045056704064922026,0.0,0.0
MAR04740,551,-5.158204978294745e-16,3.33269326176905e-15,-5.955593665017574e-18,0.0,0,0.0,0.0,0.004546445100963565,0.0,0,0.0,0.0,0.004546445100963565,0.0,0.0
MAR01054,578,-5.163113304831178e-16,3.8528097486146005e-15,-6.777188353470557e-18,0.0,0,0.0,0.0,0.004334620605899285,0.0,0,0.0,0.0,0.004334620605899285,0.0,0.0
MAR07043,578,-5.163113304831185e-16,3.466804426829424e-15,-6.322820262600322e-18,0.0,0,0.0,0.0,0.004334620605899285,0.0,0,0.0,0.0,0.004334620605899285,0.0,0.0
MAR01859,568,-5.254013186958487e-16,3.3583387156495488e-15,-6.5135239141496966e-18,0.0,0,0.0,0.0,0.004410732264444036,0.0,0,0.0,0.0,0.004410732264444036,0.0,0.0
MAR09138,566,-5.272578604580249e-16,3.17413621183996e-15,-6.693595868834531e-18,0.0,0,0.0,0.0,0.0044262764728495866,0.0,0,0.0,0.0,0.0044262764728495866,0.0,0.0
MAR03540,585,-5.344253055289639e-16,3.601517695383524e-15,-6.8314759667301314e-18,0.0,0,0.0,0.0,0.004282886715357432,0.0,0,0.0,0.0,0.004282886715357432,0.0,0.0
MAR01027,556,-5.36740915502234e-16,3.233704503379978e-15,-5.513016998440543e-18,0.0,0,0.0,0.0,0.0045056704064922026,0.0,0,0.0,0.0,0.0045056704064922026,0.0,0.0
MAR00992,554,-5.386786083379827e-16,3.350917017714956e-15,-5.964068528173843e-18,0.0,0,0.0,0.0,0.004521892203603858,0.0,0,0.0,0.0,0.004521892203603858,0.0,0.0
MAR02377,551,-5.416115227209485e-16,3.2710293050350605e-15,-5.96214680157419e-18,0.0,0,0.0,0.0,0.004546445100963565,0.0,0,0.0,0.0,0.004546445100963565,0.0,0.0
MAR01938,573,-5.456174585243354e-16,3.239607736470382e-15,-6.5228146507173605e-18,0.0,0,0.0,0.0,0.0043723452321952965,0.0,0,0.0,0.0,0.0043723452321952965,0.0,0.0
MAR00957,589,-5.549230194391277e-16,3.2395690546578293e-15,-6.550491308610069e-18,0.0,0,0.0,0.0,0.00425387517710073,0.0,0,0.0,0.0,0.00425387517710073,0.0,0.0
MAR09366,563,-5.553087100078936e-16,3.914914877488216e-15,-6.935973147820898e-18,0.0,0,0.0,0.0,0.004449799303901048,0.0,0,0.0,0.0,0.004449799303901048,0.0,0.0
MAR20183,561,-5.572884202040008e-16,3.25589250865726e-15,-6.200051037368001e-18,0.0,0,0.0,0.0,0.004465620583537596,0.0,0,0.0,0.0,0.004465620583537596,0.0,0.0
MAR01180,584,-5.596740726877497e-16,3.730782261480915e-15,-6.513261437072552e-18,0.0,0,0.0,0.0,0.004290201536487618,0.0,0,0.0,0.0,0.004290201536487618,0.0,0.0
MAR09302,553,-5.653504588326295e-16,4.009107133538891e-15,-6.796248776526826e-18,0.0,0,0.0,0.0,0.00453004698365408,0.0,0,0.0,0.0,0.00453004698365408,0.0,0.0
MAR02380,576,-5.674473236973026e-16,3.144279994675656e-15,-6.665828771364319e-18,0.0,0,0.0,0.0,0.004349632068826215,0.0,0,0.0,0.0,0.004349632068826215,0.0,0.0
MAR10007,575,-5.684341886080798e-16,3.311867825424289e-15,-7.07528109233812e-18,0.0,0,0.0,0.0,0.004357176858116289,0.0,0,0.0,0.0,0.004357176858116289,0.0,0.0
MAR12183,571,-5.724162144477168e-16,4.690401686524268e-15,-7.61005830483924e-18,0.0,0,0.0,0.0,0.00438761958448344,0.0,0,0.0,0.0,0.00438761958448344,0.0,0.0
MAR12646,592,-5.761157316973786e-16,4.718048768403246e-15,-7.755247802488142e-18,0.0,0,0.0,0.0,0.004232373150611237,0.0,0,0.0,0.0,0.004232373150611237,0.0,0.0
MAR02004,542,-5.768243611336604e-16,3.662931015539957e-15,-7.218002056340936e-18,0.0,0,0.0,0.0,0.00462173008405905,0.0,0,0.0,0.0,0.00462173008405905,0.0,0.0
MAR01799,566,-5.774728947873605e-16,3.4695466982631456e-15,-6.440461360621248e-18,0.0,0,0.0,0.0,0.0044262764728495866,0.0,0,0.0,0.0,0.0044262764728495866,0.0,0.0
MAR07531,578,-5.90070091980706e-16,3.564359508273092e-15,-6.797109009877253e-18,0.0,0,0.0,0.0,0.004334620605899285,0.0,0,0.0,0.0,0.004334620605899285,0.0,0.0
MAR12908,577,-5.910927437865659e-16,3.1152085746039972e-15,-6.569908243214608e-18,0.0,0,0.0,0.0,0.004342113363096878,0.0,0,0.0,0.0,0.004342113363096878,0.0,0.0
MAR00575,549,-5.953545691250383e-16,4.094707607249111e-15,-7.521126831501606e-18,0.0,0,0.0,0.0,0.004562962366977274,0.0,0,0.0,0.0,0.004562962366977274,0.0,0.0
MAR02658,564,-6.047172219234892e-16,4.421227966036892e-15,-7.213494302022819e-18,0.0,0,0.0,0.0,0.004441930629657058,0.0,0,0.0,0.0,0.004441930629657058,0.0,0.0
MAR12644,568,-6.254777603522005e-16,4.768872428636756e-15,-8.05891253508335e-18,0.0,0,0.0,0.0,0.004410732264444036,0.0,0,0.0,0.0,0.004410732264444036,0.0,0.0
MAR02101,566,-6.276879291166959e-16,3.3068176068148195e-15,-7.179411022036157e-18,0.0,0,0.0,0.0,0.0044262764728495866,0.0,0,0.0,0.0,0.0044262764728495866,0.0,0.0
MAR02085,563,-6.310326250089702e-16,3.316187630886554e-15,-7.27045772805569e-18,0.0,0,0.0,0.0,0.004449799303901048,0.0,0,0.0,0.0,0.004449799303901048,0.0,0.0
MAR06046,561,-6.332822956863642e-16,4.039305484453312e-15,-6.934937914495696e-18,0.0,0,0.0,0.0,0.004465620583537596,0.0,0,0.0,0.0,0.004465620583537596,0.0,0.0
MAR03219,556,-6.389772803598023e-16,3.918814414879881e-15,-6.6893424810095076e-18,0.0,0,0.0,0.0,0.0045056704064922026,0.0,0,0.0,0.0,0.0045056704064922026,0.0,0.0
MAR02374,578,-6.39242599645765e-16,3.405175504267832e-15,-7.329314305053371e-18,0.0,0,0.0,0.0,0.004334620605899285,0.0,0,0.0,0.0,0.004334620605899285,0.0,0.0
MAR12267,576,-6.414621920056469e-16,3.577072361452637e-15,-7.68532425201976e-18,0.0,0,0.0,0.0,0.004349632068826215,0.0,0,0.0,0.0,0.004349632068826215,0.0,0.0
MAR00418,573,-6.44820632801487e-16,3.747683960088152e-15,-6.974683619634097e-18,0.0,0,0.0,0.0,0.0043723452321952965,0.0,0,0.0,0.0,0.0043723452321952965,0.0,0.0
MAR00003,568,-6.504968707662891e-16,3.814222946769707e-15,-7.762051154118956e-18,0.0,0,0.0,0.0,0.004410732264444036,0.0,0,0.0,0.0,0.004410732264444036,0.0,0.0
MAR01190,546,-6.506801609524729e-16,3.826215056041776e-15,-7.909536964561736e-18,0.0,0,0.0,0.0,0.004587964526068459,0.0,0,0.0,0.0,0.004587964526068459,0.0,0.0
MAR10248,567,-6.516441315612908e-16,3.871348157922343e-15,-6.900158534607532e-18,0.0,0,0.0,0.0,0.00441849069762059,0.0,0,0.0,0.0,0.00441849069762059,0.0,0.0
MAR10384,565,-6.539508364517742e-16,4.1821687354115425e-15,-8.09951287548511e-18,0.0,0,0.0,0.0,0.004434089734923025,0.0,0,0.0,0.0,0.004434089734923025,0.0,0.0
MAR01310,563,-6.562739300093288e-16,3.864346572028342e-15,-7.537666401367069e-18,0.0,0,0.0,0.0,0.004449799303901048,0.0,0,0.0,0.0,0.004449799303901048,0.0,0.0
MAR00765,561,-6.58613587513818e-16,3.702432826774563e-15,-7.219132415706172e-18,0.0,0,0.0,0.0,0.004465620583537596,0.0,0,0.0,0.0,0.004465620583537596,0.0,0.0
MAR08753,582,-6.592664558598868e-16,3.4913183902790233e-15,-8.041191883396537e-18,0.0,0,0.0,0.0,0.004304906394243486,0.0,0,0.0,0.0,0.004304906394243486,0.0,0.0
MAR09171,559,-6.609699867535814e-16,3.0169712993536476e-15,-7.5112606541838e-18,0.0,0,0.0,0.0,0.004481554769642852,0.0,0,0.0,0.0,0.004481554769642852,0.0,0.0
MAR07003,559,-6.609699867535822e-16,3.516230932734384e-15,-7.238914353411082e-18,0.0,0,0.0,0.0,0.004481554769642852,0.0,0,0.0,0.0,0.004481554769642852,0.0,0.0
MAR09209,537,-6.615854150466478e-16,3.979727588745975e-15,-8.458585137761191e-18,0.0,0,0.0,0.0,0.004664642427888463,0.0,0,0.0,0.0,0.004664642427888463,0.0,0.0
MAR01134,558,-6.621545207800211e-16,3.3830952023782486e-15,-6.479762786626882e-18,0.0,0,0.0,0.0,0.004489564580987142,0.0,0,0.0,0.0,0.004489564580987142,0.0,0.0
MAR07393,552,-6.69351852527631e-16,3.533343335426704e-15,-7.26469638459618e-18,0.0,0,0.0,0.0,0.004538231229443332,0.0,0,0.0,0.0,0.004538231229443332,0.0,0.0
MAR08601,551,-6.705666471783156e-16,4.058109827671666e-15,-6.504698850524656e-18,0.0,0,0.0,0.0,0.004546445100963565,0.0,0,0.0,0.0,0.004546445100963565,0.0,0.0
MAR10354,549,-6.730095129239554e-16,4.48755659868089e-15,-8.239689944095914e-18,0.0,0,0.0,0.0,0.004562962366977274,0.0,0,0.0,0.0,0.004562962366977274,0.0,0.0
MAR04993,568,-6.755159811803769e-16,4.339837825423473e-15,-7.647968987574731e-18,0.0,0,0.0,0.0,0.004410732264444036,0.0,0,0.0,0.0,0.004410732264444036,0.0,0.0
MAR07055,543,-6.804460821275361e-16,3.352031164005559e-15,-7.224371752539243e-18,0.0,0,0.0,0.0,0.004613242186326175,0.0,0,0.0,0.0,0.004613242186326175,0.0,0.0
MAR02053,584,-6.813423493590006e-16,3.3980142268528613e-15,-8.181053821023117e-18,0.0,0,0.0,0.0,0.004290201536487618,0.0,0,0.0,0.0,0.004290201536487618,0.0,0.0
MAR00232,575,-6.920068383054894e-16,3.763997400809254e-15,-7.737272732921125e-18,0.0,0,0.0,0.0,0.004357176858116289,0.0,0,0.0,0.0,0.004357176858116289,0.0,0.0
MAR09096,551,-6.963576720697892e-16,3.5413523336830143e-15,-8.080634254725308e-18,0.0,0,0.0,0.0,0.004546445100963565,0.0,0,0.0,0.0,0.004546445100963565,0.0,0.0
MAR09427,549,-6.988944941902627e-16,4.454143124653071e-15,-7.411800450675899e-18,0.0,0,0.0,0.0,0.004562962366977274,0.0,0,0.0,0.0,0.004562962366977274,0.0,0.0
MAR08887,569,-6.993039227164437e-16,3.2309796563232522e-15,-7.254960409575995e-18,0.0,0,0.0,0.0,0.004403001029543098,0.0,0,0.0,0.0,0.004403001029543098,0.0,0.0
MAR06789,547,-7.014498671123477e-16,3.3251499560945193e-15,-6.649258519928315e-18,0.0,0,0.0,0.0,0.004579600085029117,0.0,0,0.0,0.0,0.004579600085029117,0.0,0.0
MAR09861,586,-7.032675541652869e-16,3.414205314023496e-15,-7.825609530671988e-18,0.0,0,0.0,0.0,0.004275596795360198,0.0,0,0.0,0.0,0.004275596795360198,0.0,0.0
MAR01903,544,-7.05318156820688e-16,3.293441133899089e-15,-8.271259292427379e-18,0.0,0,0.0,0.0,0.004604785407758596,0.0,0,0.0,0.0,0.004604785407758596,0.0,0.0
MAR10206,564,-7.055034255774041e-16,3.717597848391891e-15,-8.747635746340285e-18,0.0,0,0.0,0.0,0.004441930629657058,0.0,0,0.0,0.0,0.004441930629657058,0.0,0.0
MAR04401,543,-7.066170852862878e-16,3.711551831785704e-15,-8.408122590998606e-18,0.0,0,0.0,0.0,0.004613242186326175,0.0,0,0.0,0.0,0.004613242186326175,0.0,0.0
MAR01337,553,-7.195369476051647e-16,3.3556395283547883e-15,-7.554114171317288e-18,0.0,0,0.0,0.0,0.00453004698365408,0.0,0,0.0,0.0,0.00453004698365408,0.0,0.0
MAR01703,572,-7.204803964001019e-16,3.646694623889571e-15,-7.750251869427025e-18,0.0,0,0.0,0.0,0.004379969091767465,0.0,0,0.0,0.0,0.004379969091767465,0.0,0.0
MAR02354,550,-7.23461694592102e-16,3.598791303280743e-15,-7.751515626568133e-18,0.0,0,0.0,0.0,0.0045546887593671224,0.0,0,0.0,0.0,0.0045546887593671224,0.0,0.0
MAR07039,568,-7.255542020085533e-16,3.628594996633352e-15,-7.84178682569973e-18,0.0,0,0.0,0.0,0.004410732264444036,0.0,0,0.0,0.0,0.004410732264444036,0.0,0.0
MAR01279,547,-7.274294918202123e-16,3.861358217131187e-15,-7.882112639554146e-18,0.0,0,0.0,0.0,0.004579600085029117,0.0,0,0.0,0.0,0.004579600085029117,0.0,0.0
MAR03995,563,-7.319978450104051e-16,3.81670879503426e-15,-8.51287875633002e-18,0.0,0,0.0,0.0,0.004449799303901048,0.0,0,0.0,0.0,0.004449799303901048,0.0,0.0
MAR00199,543,-7.327880884450389e-16,3.780508547333179e-15,-8.574026535058061e-18,0.0,0,0.0,0.0,0.004613242186326175,0.0,0,0.0,0.0,0.004613242186326175,0.0,0.0
MAR03173,577,-7.388659297332075e-16,4.707771428146567e-15,-8.113801813679813e-18,0.0,0,0.0,0.0,0.004342113363096878,0.0,0,0.0,0.0,0.004342113363096878,0.0,0.0
MAR00435,557,-7.398829205401404e-16,3.589575340217586e-15,-8.079066125387455e-18,0.0,0,0.0,0.0,0.004497603075155535,0.0,0,0.0,0.0,0.004497603075155535,0.0,0.0
MAR00916,554,-7.438895067524513e-16,3.88640714948752e-15,-8.489925996350063e-18,0.0,0,0.0,0.0,0.004521892203603858,0.0,0,0.0,0.0,0.004521892203603858,0.0,0.0
MAR00542,569,-7.492542029104736e-16,3.8391873727871754e-15,-7.414036504519154e-18,0.0,0,0.0,0.0,0.004403001029543098,0.0,0,0.0,0.0,0.004403001029543098,0.0,0.0
MAR02170,568,-7.505733124226413e-16,3.549174424845846e-15,-8.494101792578768e-18,0.0,0,0.0,0.0,0.004410732264444036,0.0,0,0.0,0.0,0.004410732264444036,0.0,0.0
MAR01667,549,-7.506644567228747e-16,3.562734051831839e-15,-8.172758780484784e-18,0.0,0,0.0,0.0,0.004562962366977274,0.0,0,0.0,0.0,0.004562962366977274,0.0,0.0
MAR00762,566,-7.532255149400352e-16,3.3604758805842892e-15,-8.053675205299801e-18,0.0,0,0.0,0.0,0.0044262764728495866,0.0,0,0.0,0.0,0.0044262764728495866,0.0,0.0
MAR00011,564,-7.558965274043617e-16,3.59016824021342e-15,-7.828997940024597e-18,0.0,0,0.0,0.0,0.004441930629657058,0.0,0,0.0,0.0,0.004441930629657058,0.0,0.0
MAR03792,561,-7.599387548236365e-16,3.6269721257990446e-15,-7.56606172066843e-18,0.0,0,0.0,0.0,0.004465620583537596,0.0,0,0.0,0.0,0.004465620583537596,0.0,0.0
MAR02205,559,-7.626576770233636e-16,3.128185566844748e-15,-7.941959924117959e-18,0.0,0,0.0,0.0,0.004481554769642852,0.0,0,0.0,0.0,0.004481554769642852,0.0,0.0
MAR09774,559,-7.626576770233641e-16,3.779919240370286e-15,-8.651361310204697e-18,0.0,0,0.0,0.0,0.004481554769642852,0.0,0,0.0,0.0,0.004481554769642852,0.0,0.0
MAR01771,558,-7.640244470538714e-16,2.9188809576830426e-15,-7.225939957490324e-18,0.0,0,0.0,0.0,0.004489564580987142,0.0,0,0.0,0.0,0.004489564580987142,0.0,0.0
MAR02072,576,-7.648203058528855e-16,3.1639260225871968e-15,-8.168218752480907e-18,0.0,0,0.0,0.0,0.004349632068826215,0.0,0,0.0,0.0,0.004349632068826215,0.0,0.0
MAR01773,552,-7.723290606088049e-16,3.3345343590018205e-15,-8.163331522963244e-18,0.0,0,0.0,0.0,0.004538231229443332,0.0,0,0.0,0.0,0.004538231229443332,0.0,0.0
MAR02630,549,-7.765494379891812e-16,4.609279878512564e-15,-8.492322200317056e-18,0.0,0,0.0,0.0,0.004562962366977274,0.0,0,0.0,0.0,0.004562962366977274,0.0,0.0
MAR04442,565,-7.797106126924991e-16,3.7030361176257285e-15,-8.297854131687499e-18,0.0,0,0.0,0.0,0.004434089734923025,0.0,0,0.0,0.0,0.004434089734923025,0.0,0.0
MAR03588,560,-7.866723145915395e-16,3.3248031283766415e-15,-7.733303778222232e-18,0.0,0,0.0,0.0,0.0044735734878779895,0.0,0,0.0,0.0,0.0044735734878779895,0.0,0.0
MAR02102,558,-7.894919286223343e-16,3.4506490042368508e-15,-8.854314304591637e-18,0.0,0,0.0,0.0,0.004489564580987142,0.0,0,0.0,0.0,0.004489564580987142,0.0,0.0
MAR02287,557,-7.909093288532535e-16,3.899199662777973e-15,-8.978360882019879e-18,0.0,0,0.0,0.0,0.004497603075155535,0.0,0,0.0,0.0,0.004497603075155535,0.0,0.0
MAR06940,555,-7.93759452560833e-16,3.4295212475298157e-15,-8.084632792088002e-18,0.0,0,0.0,0.0,0.004513766730450679,0.0,0,0.0,0.0,0.004513766730450679,0.0,0.0
MAR01810,551,-7.9952177163568445e-16,3.4381969809361896e-15,-8.340558223364895e-18,0.0,0,0.0,0.0,0.004546445100963565,0.0,0,0.0,0.0,0.004546445100963565,0.0,0.0
MAR09131,546,-8.068433995810666e-16,3.569210051189244e-15,-8.537153176512938e-18,0.0,0,0.0,0.0,0.004587964526068459,0.0,0,0.0,0.0,0.004587964526068459,0.0,0.0
MAR00494,574,-8.170003581910562e-16,4.253445989676024e-15,-9.209303288138024e-18,0.0,0,0.0,0.0,0.004364747866934595,0.0,0,0.0,0.0,0.004364747866934595,0.0,0.0
MAR07378,556,-8.178909188605473e-16,3.563924332274796e-15,-7.672316360383457e-18,0.0,0,0.0,0.0,0.0045056704064922026,0.0,0,0.0,0.0,0.0045056704064922026,0.0,0.0
MAR13053,573,-8.184261877865032e-16,3.1920857064382817e-15,-8.785391681627369e-18,0.0,0,0.0,0.0,0.0043723452321952965,0.0,0,0.0,0.0,0.0043723452321952965,0.0,0.0
MAR03984,553,-8.223279401201886e-16,3.4959910127915378e-15,-8.401121142507973e-18,0.0,0,0.0,0.0,0.00453004698365408,0.0,0,0.0,0.0,0.00453004698365408,0.0,0.0
MAR12268,566,-8.285480664340398e-16,3.2133714306412052e-15,-8.796551188270054e-18,0.0,0,0.0,0.0,0.0044262764728495866,0.0,0,0.0,0.0,0.0044262764728495866,0.0,0.0
MAR08855,547,-8.313479906516708e-16,3.899828311887511e-15,-9.366780780616702e-18,0.0,0,0.0,0.0,0.004579600085029117,0.0,0,0.0,0.0,0.004579600085029117,0.0,0.0
MAR10201,545,-8.343988089659899e-16,3.630107193115805e-15,-9.502410885446772e-18,0.0,0,0.0,0.0,0.004596359577531593,0.0,0,0.0,0.0,0.004596359577531593,0.0,0.0
MAR01254,577,-8.373813870309671e-16,3.8071643672158055e-15,-9.086817033377176e-18,0.0,0,0.0,0.0,0.004342113363096878,0.0,0,0.0,0.0,0.004342113363096878,0.0,0.0
MAR00288,526,-8.375218558389019e-16,3.641134086856028e-15,-8.780930920639731e-18,0.0,0,0.0,0.0,0.00476191306791176,0.0,0,0.0,0.0,0.00476191306791176,0.0,0.0
MAR02389,559,-8.389234447257005e-16,3.363038687321346e-15,-8.948220744171672e-18,0.0,0,0.0,0.0,0.004481554769642852,0.0,0,0.0,0.0,0.004481554769642852,0.0,0.0
MAR00109,558,-8.404268917592583e-16,3.3883017683038835e-15,-8.49585231873226e-18,0.0,0,0.0,0.0,0.004489564580987142,0.0,0,0.0,0.0,0.004489564580987142,0.0,0.0
MAR03190,540,-8.421247238638228e-16,4.413330146065156e-15,-9.141722598862183e-18,0.0,0,0.0,0.0,0.00463879992662872,0.0,0,0.0,0.0,0.00463879992662872,0.0,0.0
MAR08762,573,-8.432269813557915e-16,3.705785294444272e-15,-9.556390960886535e-18,0.0,0,0.0,0.0,0.0043723452321952965,0.0,0,0.0,0.0,0.0043723452321952965,0.0,0.0
MAR00394,539,-8.436871073960379e-16,3.349113587168024e-15,-8.616287822043638e-18,0.0,0,0.0,0.0,0.004647382219459146,0.0,0,0.0,0.0,0.004647382219459146,0.0,0.0
MAR08778,565,-8.551664784369354e-16,3.615108449873613e-15,-9.381230232056678e-18,0.0,0,0.0,0.0,0.004434089734923025,0.0,0,0.0,0.0,0.004434089734923025,0.0,0.0
MAR00493,560,-8.628018934229788e-16,4.433304305993876e-15,-9.487741810959784e-18,0.0,0,0.0,0.0,0.0044735734878779895,0.0,0,0.0,0.0,0.0044735734878779895,0.0,0.0
MAR01319,557,-8.674489413229228e-16,3.834837905107196e-15,-9.3422866259408e-18,0.0,0,0.0,0.0,0.004497603075155535,0.0,0,0.0,0.0,0.004497603075155535,0.0,0.0
MAR00328,557,-8.674489413229239e-16,3.5536473206762646e-15,-8.976235440123147e-18,0.0,0,0.0,0.0,0.004497603075155535,0.0,0,0.0,0.0,0.004497603075155535,0.0,0.0
MAR00371,540,-8.684411214845669e-16,4.167092962808067e-15,-9.413615881785246e-18,0.0,0,0.0,0.0,0.00463879992662872,0.0,0,0.0,0.0,0.00463879992662872,0.0,0.0
MAR10103,522,-8.711635074453332e-16,3.6703639125146314e-15,-9.974765063348563e-18,0.0,0,0.0,0.0,0.004798297691230617,0.0,0,0.0,0.0,0.004798297691230617,0.0,0.0
MAR08901,579,-8.835764589762904e-16,3.622965649129526e-15,-9.767904271201649e-18,0.0,0,0.0,0.0,0.00432715366313485,0.0,0,0.0,0.0,0.00432715366313485,0.0,0.0
MAR09803,578,-8.851051379710596e-16,3.651196386549748e-15,-9.474552831434572e-18,0.0,0,0.0,0.0,0.004334620605899285,0.0,0,0.0,0.0,0.004334620605899285,0.0,0.0
MAR04467,545,-8.865487345263634e-16,3.3611797895585313e-15,-8.926108320645076e-18,0.0,0,0.0,0.0,0.004596359577531593,0.0,0,0.0,0.0,0.004596359577531593,0.0,0.0
MAR04402,560,-8.881784197001252e-16,3.3212629211378002e-15,-9.426775327176442e-18,0.0,0,0.0,0.0,0.0044735734878779895,0.0,0,0.0,0.0,0.0044735734878779895,0.0,0.0
MAR09357,586,-8.972723966936418e-16,3.682581607722169e-15,-9.542456830462782e-18,0.0,0,0.0,0.0,0.004275596795360198,0.0,0,0.0,0.0,0.004275596795360198,0.0,0.0
MAR00720,537,-8.997561644634416e-16,3.885347686931979e-15,-9.523788619138452e-18,0.0,0,0.0,0.0,0.004664642427888463,0.0,0,0.0,0.0,0.004664642427888463,0.0,0.0
MAR03531,536,-9.014348140240081e-16,3.4843965126596917e-15,-9.258284960430257e-18,0.0,0,0.0,0.0,0.004673320699286043,0.0,0,0.0,0.0,0.004673320699286043,0.0,0.0
MAR12851,567,-9.022764898540962e-16,3.2979114737175706e-15,-9.658461742993146e-18,0.0,0,0.0,0.0,0.00441849069762059,0.0,0,0.0,0.0,0.00441849069762059,0.0,0.0
MAR01127,566,-9.038706179280426e-16,3.614639284194998e-15,-9.5161346033484e-18,0.0,0,0.0,0.0,0.0044262764728495866,0.0,0,0.0,0.0,0.0044262764728495866,0.0,0.0
MAR06797,565,-9.054703889332258e-16,4.5792014956083755e-15,-9.505931963262114e-18,0.0,0,0.0,0.0,0.004434089734923025,0.0,0,0.0,0.0,0.004434089734923025,0.0,0.0
MAR01315,546,-9.109522253334615e-16,3.8179496199105105e-15,-9.660431658970823e-18,0.0,0,0.0,0.0,0.004587964526068459,0.0,0,0.0,0.0,0.004587964526068459,0.0,0.0
MAR00175,559,-9.151892124280363e-16,3.28617792363875e-15,-9.271371278199636e-18,0.0,0,0.0,0.0,0.004481554769642852,0.0,0,0.0,0.0,0.004481554769642852,0.0,0.0
MAR02363,574,-9.160307046384578e-16,3.1667574756097164e-15,-8.934775748003358e-18,0.0,0,0.0,0.0,0.004364747866934595,0.0,0,0.0,0.0,0.004364747866934595,0.0,0.0
MAR03988,558,-9.168293364646462e-16,3.590580721581903e-15,-9.030782077071326e-18,0.0,0,0.0,0.0,0.004489564580987142,0.0,0,0.0,0.0,0.004489564580987142,0.0,0.0
MAR08203,586,-9.215230020096863e-16,3.4891271298681763e-15,-9.11791379006192e-18,0.0,0,0.0,0.0,0.004275596795360198,0.0,0,0.0,0.0,0.004275596795360198,0.0,0.0
MAR02092,554,-9.234490428651125e-16,3.585775401207113e-15,-9.966986812903786e-18,0.0,0,0.0,0.0,0.004521892203603858,0.0,0,0.0,0.0,0.004521892203603858,0.0,0.0
MAR03247,569,-9.240801835895855e-16,3.665688208003503e-15,-8.77141694792971e-18,0.0,0,0.0,0.0,0.004403001029543098,0.0,0,0.0,0.0,0.004403001029543098,0.0,0.0
MAR01255,551,-9.284768960930534e-16,3.685383633017866e-15,-9.361325953068051e-18,0.0,0,0.0,0.0,0.004546445100963565,0.0,0,0.0,0.0,0.004546445100963565,0.0,0.0
MAR12683,566,-9.289781350927106e-16,3.13130722747351e-15,-9.655589493648494e-18,0.0,0,0.0,0.0,0.0044262764728495866,0.0,0,0.0,0.0,0.0044262764728495866,0.0,0.0
MAR12285,566,-9.28978135092711e-16,3.378671037631236e-15,-1.0052428136307449e-17,0.0,0,0.0,0.0,0.0044262764728495866,0.0,0,0.0,0.0,0.0044262764728495866,0.0,0.0
MAR11270,581,-9.294534925605442e-16,2.659871146246018e-15,-9.658820645599828e-18,0.0,0,0.0,0.0,0.004312296689115291,0.0,0,0.0,0.0,0.004312296689115291,0.0,0.0
MAR02710,548,-9.335597988088912e-16,3.470299811352023e-15,-9.022021590057134e-18,0.0,0,0.0,0.0,0.004571266087298871,0.0,0,0.0,0.0,0.004571266087298871,0.0,0.0
MAR12367,563,-9.339282850132758e-16,3.2004864497089166e-15,-9.461055932144446e-18,0.0,0,0.0,0.0,0.004449799303901048,0.0,0,0.0,0.0,0.004449799303901048,0.0,0.0
MAR02167,577,-9.358968443287283e-16,3.1294632477247283e-15,-9.78899661863147e-18,0.0,0,0.0,0.0,0.004342113363096878,0.0,0,0.0,0.0,0.004342113363096878,0.0,0.0
MAR00358,545,-9.386986600867385e-16,3.962020476642533e-15,-9.841554313822679e-18,0.0,0,0.0,0.0,0.004596359577531593,0.0,0,0.0,0.0,0.004596359577531593,0.0,0.0
MAR00243,559,-9.406111349954821e-16,3.943233686762656e-15,-9.775634023154887e-18,0.0,0,0.0,0.0,0.004481554769642852,0.0,0,0.0,0.0,0.004481554769642852,0.0,0.0
MAR01842,574,-9.407882912503062e-16,3.4448840368522306e-15,-9.909225799344484e-18,0.0,0,0.0,0.0,0.004364747866934595,0.0,0,0.0,0.0,0.004364747866934595,0.0,0.0
MAR02259,570,-9.473903143468002e-16,3.275196397020408e-15,-9.88475833197173e-18,0.0,0,0.0,0.0,0.004395296850147243,0.0,0,0.0,0.0,0.004395296850147243,0.0,0.0
MAR00202,570,-9.47390314346801e-16,3.557516321437912e-15,-1.012947297367852e-17,0.0,0,0.0,0.0,0.004395296850147243,0.0,0,0.0,0.0,0.004395296850147243,0.0,0.0
MAR06721,569,-9.49055323686602e-16,4.200963083533034e-15,-9.994666002980903e-18,0.0,0,0.0,0.0,0.004403001029543098,0.0,0,0.0,0.0,0.004403001029543098,0.0,0.0
MAR07052,552,-9.525391747508594e-16,3.574236314468527e-15,-9.327540884358831e-18,0.0,0,0.0,0.0,0.004538231229443332,0.0,0,0.0,0.0,0.004538231229443332,0.0,0.0
MAR03007,581,-9.539127949963482e-16,3.947523321207463e-15,-8.972530575095659e-18,0.0,0,0.0,0.0,0.004312296689115291,0.0,0,0.0,0.0,0.004312296689115291,0.0,0.0
MAR09007,575,-9.638666676397882e-16,3.1855147536672076e-15,-1.0179957351558274e-17,0.0,0,0.0,0.0,0.004357176858116289,0.0,0,0.0,0.0,0.004357176858116289,0.0,0.0
MAR02150,516,-9.639145640156397e-16,3.4354704266494984e-15,-9.745167568536851e-18,0.0,0,0.0,0.0,0.0048539292336416935,0.0,0,0.0,0.0,0.0048539292336416935,0.0,0.0
MAR05315,543,-9.683271168738014e-16,9.909813075121245e-15,-9.046283090095528e-18,0.0,0,0.0,0.0,0.004613242186326175,0.0,0,0.0,0.0,0.004613242186326175,0.0,0.0
MAR08878,569,-9.740304637836178e-16,3.2373269111832514e-15,-9.970202790623063e-18,0.0,0,0.0,0.0,0.004403001029543098,0.0,0,0.0,0.0,0.004403001029543098,0.0,0.0
MAR00426,551,-9.800589458760002e-16,3.8283270981146605e-15,-9.9376560849554e-18,0.0,0,0.0,0.0,0.004546445100963565,0.0,0,0.0,0.0,0.004546445100963565,0.0,0.0
MAR00156,565,-9.809262546776616e-16,4.0431361288620535e-15,-1.0771870051101654e-17,0.0,0,0.0,0.0,0.004434089734923025,0.0,0,0.0,0.0,0.004434089734923025,0.0,0.0
MAR12728,562,-9.861625158236266e-16,4.922813986971167e-15,-1.1046825292235316e-17,0.0,0,0.0,0.0,0.0044576959055467585,0.0,0,0.0,0.0,0.0044576959055467585,0.0,0.0
MAR07417,562,-9.861625158236272e-16,3.623510011953389e-15,-9.388460682544853e-18,0.0,0,0.0,0.0,0.0044576959055467585,0.0,0,0.0,0.0,0.0044576959055467585,0.0,0.0
MAR09405,532,-9.883489181625465e-16,3.357037660974221e-15,-9.954980814920519e-18,0.0,0,0.0,0.0,0.004708359112657833,0.0,0,0.0,0.0,0.004708359112657833,0.0,0.0
MAR01154,531,-9.90210215560215e-16,3.736897014538193e-15,-1.0168152383110225e-17,0.0,0,0.0,0.0,0.004717200964344275,0.0,0,0.0,0.0,0.004717200964344275,0.0,0.0
MAR03292,545,-9.908485856471122e-16,3.936643513514904e-15,-1.0480348340650625e-17,0.0,0,0.0,0.0,0.004596359577531593,0.0,0,0.0,0.0,0.004596359577531593,0.0,0.0
MAR11508,559,-9.914549801303727e-16,3.424772259629823e-15,-1.0016512624031101e-17,0.0,0,0.0,0.0,0.004481554769642852,0.0,0,0.0,0.0,0.004481554769642852,0.0,0.0
MAR00366,573,-9.920317427715188e-16,4.145664038325636e-15,-1.0735876479124146e-17,0.0,0,0.0,0.0,0.0043723452321952965,0.0,0,0.0,0.0,0.0043723452321952965,0.0,0.0
MAR01103,544,-9.926699984883755e-16,3.1294887070262324e-15,-9.277530328375249e-18,0.0,0,0.0,0.0,0.004604785407758596,0.0,0,0.0,0.0,0.004604785407758596,0.0,0.0
MAR01023,572,-9.9376606400014e-16,3.2987593090636798e-15,-9.833566318117772e-18,0.0,0,0.0,0.0,0.004379969091767465,0.0,0,0.0,0.0,0.004379969091767465,0.0,0.0
MAR10029,557,-9.950149621057059e-16,3.456377208660405e-15,-1.0593320182686424e-17,0.0,0,0.0,0.0,0.004497603075155535,0.0,0,0.0,0.0,0.004497603075155535,0.0,0.0
MAR04906,528,-9.958364099668074e-16,4.384392804666592e-15,-1.0523874498836044e-17,0.0,0,0.0,0.0,0.0047439268977446615,0.0,0,0.0,0.0,0.0047439268977446615,0.0,0.0
MAR01744,568,-1.0007644165635218e-15,3.6871940194439966e-15,-1.065128287441084e-17,0.0,0,0.0,0.0,0.004410732264444036,0.0,0,0.0,0.0,0.004410732264444036,0.0,0.0
MAR04791,552,-1.0040277787914458e-15,3.049985111906074e-15,-9.360076815917071e-18,0.0,0,0.0,0.0,0.004538231229443332,0.0,0,0.0,0.0,0.004538231229443332,0.0,0.0
MAR01721,562,-1.0114487341780787e-15,3.694309897899245e-15,-1.0588145355070998e-17,0.0,0,0.0,0.0,0.0044576959055467585,0.0,0,0.0,0.0,0.0044576959055467585,0.0,0.0
MAR08720,562,-1.011448734178079e-15,3.901419437747031e-15,-1.0998423985487967e-17,0.0,0,0.0,0.0,0.0044576959055467585,0.0,0,0.0,0.0,0.0044576959055467585,0.0,0.0
MAR12791,576,-1.0115365335473648e-15,3.4228262245826775e-15,-1.0588477979389564e-17,0.0,0,0.0,0.0,0.004349632068826215,0.0,0,0.0,0.0,0.004349632068826215,0.0,0.0
MAR01742,560,-1.0150610510858574e-15,3.271981049453809e-15,-9.969824309885174e-18,0.0,0,0.0,0.0,0.0044735734878779895,0.0,0,0.0,0.0,0.0044735734878779895,0.0,0.0
MAR02244,570,-1.0221842865320744e-15,3.4112114622134082e-15,-1.0715879605025487e-17,0.0,0,0.0,0.0,0.004395296850147243,0.0,0,0.0,0.0,0.004395296850147243,0.0,0.0
MAR00936,580,-1.0290618931698e-15,3.561015743447242e-15,-9.968930691508227e-18,0.0,0,0.0,0.0,0.004319712401627411,0.0,0,0.0,0.0,0.004319712401627411,0.0,0.0
MAR09849,566,-1.0294082037513815e-15,3.394283783314161e-15,-1.0292638765169283e-17,0.0,0,0.0,0.0,0.0044262764728495866,0.0,0,0.0,0.0,0.0044262764728495866,0.0,0.0
MAR00655,565,-1.0312301651739507e-15,3.5022090820606016e-15,-1.003704969000853e-17,0.0,0,0.0,0.0,0.004434089734923025,0.0,0,0.0,0.0,0.004434089734923025,0.0,0.0
MAR01775,560,-1.0404375773630039e-15,3.571458132100676e-15,-1.0364323405932229e-17,0.0,0,0.0,0.0,0.0044735734878779895,0.0,0,0.0,0.0,0.0044735734878779895,0.0,0.0
MAR00458,573,-1.0416333299100944e-15,3.7471990212474194e-15,-1.0606100064840515e-17,0.0,0,0.0,0.0,0.0043723452321952965,0.0,0,0.0,0.0,0.0043723452321952965,0.0,0.0
MAR01906,571,-1.0452817829045263e-15,3.556295319672867e-15,-1.1074402843729119e-17,0.0,0,0.0,0.0,0.00438761958448344,0.0,0,0.0,0.0,0.00438761958448344,0.0,0.0
MAR04681,557,-1.0460413704188197e-15,3.784691791245432e-15,-1.0214865292605374e-17,0.0,0,0.0,0.0,0.004497603075155535,0.0,0,0.0,0.0,0.004497603075155535,0.0,0.0
MAR01156,556,-1.0479227397900762e-15,3.394040591271867e-15,-1.0322895257861027e-17,0.0,0,0.0,0.0,0.0045056704064922026,0.0,0,0.0,0.0,0.0045056704064922026,0.0,0.0
MAR02467,556,-1.0479227397900768e-15,3.7585658480947146e-15,-1.0862935399788731e-17,0.0,0,0.0,0.0,0.0045056704064922026,0.0,0,0.0,0.0,0.0045056704064922026,0.0,0.0
MAR01840,569,-1.048955884074665e-15,3.547732731779015e-15,-1.0701417273027254e-17,0.0,0,0.0,0.0,0.004403001029543098,0.0,0,0.0,0.0,0.004403001029543098,0.0,0.0
MAR09947,567,-1.052655904829778e-15,4.081512424208349e-15,-1.1716029927778373e-17,0.0,0,0.0,0.0,0.00441849069762059,0.0,0,0.0,0.0,0.00441849069762059,0.0,0.0
MAR00104,552,-1.0555163828320332e-15,3.565628209058377e-15,-9.986847064645863e-18,0.0,0,0.0,0.0,0.004538231229443332,0.0,0,0.0,0.0,0.004538231229443332,0.0,0.0
MAR07864,536,-1.060511545910598e-15,3.4479438963070158e-15,-1.0230181290389882e-17,0.0,0,0.0,0.0,0.004673320699286043,0.0,0,0.0,0.0,0.004673320699286043,0.0,0.0
MAR04697,574,-1.0645762243095583e-15,3.2103892275219676e-15,-1.0621026299807013e-17,0.0,0,0.0,0.0,0.004364747866934595,0.0,0,0.0,0.0,0.004364747866934595,0.0,0.0
MAR00955,559,-1.0677207478327088e-15,3.1736421063170653e-15,-1.0472943557495084e-17,0.0,0,0.0,0.0,0.004481554769642852,0.0,0,0.0,0.0,0.004481554769642852,0.0,0.0
MAR09346,544,-1.071038682579563e-15,3.453367142594108e-15,-1.0882499213144098e-17,0.0,0,0.0,0.0,0.004604785407758596,0.0,0,0.0,0.0,0.004604785407758596,0.0,0.0
MAR03262,556,-1.0734818310044675e-15,4.1010301803240825e-15,-1.0192815254673942e-17,0.0,0,0.0,0.0,0.0045056704064922026,0.0,0,0.0,0.0,0.0045056704064922026,0.0,0.0
MAR03193,555,-1.075416032501773e-15,3.659980581038938e-15,-9.89621065732025e-18,0.0,0,0.0,0.0,0.004513766730450679,0.0,0,0.0,0.0,0.004513766730450679,0.0,0.0
MAR08046,552,-1.081260684852327e-15,2.85856129668072e-15,-1.0782394678870857e-17,0.0,0,0.0,0.0,0.004538231229443332,0.0,0,0.0,0.0,0.004538231229443332,0.0,0.0
MAR08093,550,-1.0851925418881529e-15,3.5086636974139994e-15,-1.0975103275581716e-17,0.0,0,0.0,0.0,0.0045546887593671224,0.0,0,0.0,0.0,0.0045546887593671224,0.0,0.0
MAR00583,576,-1.0855514018557087e-15,5.245904728491291e-15,-1.2040985053769658e-17,0.0,0,0.0,0.0,0.004349632068826215,0.0,0,0.0,0.0,0.004349632068826215,0.0,0.0
MAR03222,535,-1.089056155744453e-15,4.130513543063965e-15,-1.0134097700570399e-17,0.0,0,0.0,0.0,0.004682031321548599,0.0,0,0.0,0.0,0.004682031321548599,0.0,0.0
MAR05309,574,-1.0893338109214079e-15,3.90369447372531e-15,-9.829990376374805e-18,0.0,0,0.0,0.0,0.004364747866934595,0.0,0,0.0,0.0,0.004364747866934595,0.0,0.0
MAR03905,574,-1.0893338109214085e-15,3.032249628880352e-15,-1.0737179376782327e-17,0.0,0,0.0,0.0,0.004364747866934595,0.0,0,0.0,0.0,0.004364747866934595,0.0,0.0
MAR05242,556,-1.0990409222188603e-15,3.798376471794254e-15,-1.1070497564440686e-17,0.0,0,0.0,0.0,0.0045056704064922026,0.0,0,0.0,0.0,0.0045056704064922026,0.0,0.0
MAR12192,566,-1.1047307552453864e-15,3.372309987341938e-15,-1.162838908723294e-17,0.0,0,0.0,0.0,0.0044262764728495866,0.0,0,0.0,0.0,0.0044262764728495866,0.0,0.0
MAR00406,553,-1.1050031695365038e-15,3.4893148064449133e-15,-1.0298369465408325e-17,0.0,0,0.0,0.0,0.00453004698365408,0.0,0,0.0,0.0,0.00453004698365408,0.0,0.0
MAR09372,539,-1.1073393284572992e-15,3.2851459891051238e-15,-1.1098448919365275e-17,0.0,0,0.0,0.0,0.004647382219459146,0.0,0,0.0,0.0,0.004647382219459146,0.0,0.0
MAR00403,564,-1.108648240193064e-15,3.776996475692804e-15,-1.1032022568168101e-17,0.0,0,0.0,0.0,0.004441930629657058,0.0,0,0.0,0.0,0.004441930629657058,0.0,0.0
MAR00518,564,-1.1086482401930641e-15,3.72920928069392e-15,-1.0831048794484155e-17,0.0,0,0.0,0.0,0.004441930629657058,0.0,0,0.0,0.0,0.004441930629657058,0.0,0.0
MAR10351,564,-1.108648240193065e-15,4.10120148064901e-15,-1.1160379122241792e-17,0.0,0,0.0,0.0,0.004441930629657058,0.0,0,0.0,0.0,0.004441930629657058,0.0,0.0
MAR02361,557,-1.1225809828884886e-15,3.4048897976886285e-15,-1.0552982281043662e-17,0.0,0,0.0,0.0,0.004497603075155535,0.0,0,0.0,0.0,0.004497603075155535,0.0,0.0
MAR08048,569,-1.1238813043657124e-15,3.2178814299564504e-15,-1.0622595415245688e-17,0.0,0,0.0,0.0,0.004403001029543098,0.0,0,0.0,0.0,0.004403001029543098,0.0,0.0
MAR10195,568,-1.125859968633961e-15,3.9458259033518696e-15,-1.2108540152623981e-17,0.0,0,0.0,0.0,0.004410732264444036,0.0,0,0.0,0.0,0.004410732264444036,0.0,0.0
MAR12200,566,-1.1298382724100532e-15,3.665101652487889e-15,-1.1666034718599186e-17,0.0,0,0.0,0.0,0.0044262764728495866,0.0,0,0.0,0.0,0.0044262764728495866,0.0,0.0
MAR01236,566,-1.1298382724100532e-15,3.50840341457761e-15,-1.0463453663449487e-17,0.0,0,0.0,0.0,0.0044262764728495866,0.0,0,0.0,0.0,0.0044262764728495866,0.0,0.0
MAR04432,535,-1.1421808462685723e-15,3.700070122398643e-15,-1.1452442218625867e-17,0.0,0,0.0,0.0,0.004682031321548599,0.0,0,0.0,0.0,0.004682031321548599,0.0,0.0
MAR04002,572,-1.1428309736001609e-15,3.3695172067419667e-15,-1.0573468463256191e-17,0.0,0,0.0,0.0,0.004379969091767465,0.0,0,0.0,0.0,0.004379969091767465,0.0,0.0
MAR09835,547,-1.1431034871460481e-15,3.425198304236557e-15,-1.1060059857699744e-17,0.0,0,0.0,0.0,0.004579600085029117,0.0,0,0.0,0.0,0.004579600085029117,0.0,0.0
MAR00923,559,-1.1439865155350452e-15,3.4199575555292003e-15,-1.1084298488372828e-17,0.0,0,0.0,0.0,0.004481554769642852,0.0,0,0.0,0.0,0.004481554769642852,0.0,0.0
MAR01291,568,-1.1508790790480496e-15,3.2927249017624118e-15,-1.0914071021641875e-17,0.0,0,0.0,0.0,0.004410732264444036,0.0,0,0.0,0.0,0.004410732264444036,0.0,0.0
MAR10174,555,-1.152231463394757e-15,3.769996480484894e-15,-1.2034068827866917e-17,0.0,0,0.0,0.0,0.004513766730450679,0.0,0,0.0,0.0,0.004513766730450679,0.0,0.0
MAR02355,538,-1.1622260361875253e-15,3.422003545244604e-15,-1.085752064496702e-17,0.0,0,0.0,0.0,0.004655996327465773,0.0,0,0.0,0.0,0.004655996327465773,0.0,0.0
MAR11913,550,-1.1627062948801647e-15,4.870562297272101e-15,-1.2279110412121205e-17,0.0,0,0.0,0.0,0.0045546887593671224,0.0,0,0.0,0.0,0.0045546887593671224,0.0,0.0
MAR02060,562,-1.1631660443047905e-15,3.5169353839216267e-15,-1.1664736868235376e-17,0.0,0,0.0,0.0,0.0044576959055467585,0.0,0,0.0,0.0,0.0044576959055467585,0.0,0.0
MAR10376,573,-1.1656372977565343e-15,4.2644922898992755e-15,-1.2228206916683373e-17,0.0,0,0.0,0.0,0.0043723452321952965,0.0,0,0.0,0.0,0.0043723452321952965,0.0,0.0
MAR08659,560,-1.167320208748736e-15,3.8353840811702015e-15,-1.1703991848967675e-17,0.0,0,0.0,0.0,0.0044735734878779895,0.0,0,0.0,0.0,0.0044735734878779895,0.0,0.0
MAR07018,572,-1.1676751252001657e-15,3.5427697693281633e-15,-1.1760234938304002e-17,0.0,0,0.0,0.0,0.004379969091767465,0.0,0,0.0,0.0,0.004379969091767465,0.0,0.0
MAR12767,547,-1.1690831118539126e-15,4.6984416376938586e-15,-1.2226301765246784e-17,0.0,0,0.0,0.0,0.004579600085029117,0.0,0,0.0,0.0,0.004579600085029117,0.0,0.0
MAR01382,547,-1.1690831118539126e-15,3.599128414590795e-15,-1.1866228855480133e-17,0.0,0,0.0,0.0,0.004579600085029117,0.0,0,0.0,0.0,0.004579600085029117,0.0,0.0
MAR01220,569,-1.1738315845597437e-15,3.569349833281665e-15,-1.1644113986986422e-17,0.0,0,0.0,0.0,0.004403001029543098,0.0,0,0.0,0.0,0.004403001029543098,0.0,0.0
MAR00780,569,-1.1738315845597441e-15,3.485024465116799e-15,-1.1637906907688666e-17,0.0,0,0.0,0.0,0.004403001029543098,0.0,0,0.0,0.0,0.004403001029543098,0.0,0.0
MAR04173,554,-1.1799626658831997e-15,3.528749302935211e-15,-1.1528228986378926e-17,0.0,0,0.0,0.0,0.004521892203603858,0.0,0,0.0,0.0,0.004521892203603858,0.0,0.0
MAR00324,572,-1.1925192768001694e-15,3.3038882392559804e-15,-1.1536552461824546e-17,0.0,0,0.0,0.0,0.004379969091767465,0.0,0,0.0,0.0,0.004379969091767465,0.0,0.0
MAR08604,560,-1.1926967350258826e-15,3.993177792042587e-15,-1.097954739205266e-17,0.0,0,0.0,0.0,0.0044735734878779895,0.0,0,0.0,0.0,0.0044735734878779895,0.0,0.0
MAR04904,559,-1.1948303606699358e-15,4.325825738762297e-15,-1.2076547194867615e-17,0.0,0,0.0,0.0,0.004481554769642852,0.0,0,0.0,0.0,0.004481554769642852,0.0,0.0
MAR00663,578,-1.2047264377939414e-15,3.604384178380248e-15,-1.1494825860383289e-17,0.0,0,0.0,0.0,0.004334620605899285,0.0,0,0.0,0.0,0.004334620605899285,0.0,0.0
MAR09293,552,-1.2099821949537938e-15,3.4212804657758105e-15,-1.207665508693974e-17,0.0,0,0.0,0.0,0.004538231229443332,0.0,0,0.0,0.0,0.004538231229443332,0.0,0.0
MAR00486,540,-1.2105542905542447e-15,3.321456828103542e-15,-1.1092076301801078e-17,0.0,0,0.0,0.0,0.00463879992662872,0.0,0,0.0,0.0,0.00463879992662872,0.0,0.0
MAR01588,550,-1.2143821302081712e-15,3.3692386865813637e-15,-1.2028078801874392e-17,0.0,0,0.0,0.0,0.0045546887593671224,0.0,0,0.0,0.0,0.0045546887593671224,0.0,0.0
MAR04559,556,-1.2268363782908211e-15,3.3201451726530037e-15,-1.1468859260344054e-17,0.0,0,0.0,0.0,0.0045056704064922026,0.0,0,0.0,0.0,0.0045056704064922026,0.0,0.0
MAR04296,555,-1.2290468942877415e-15,3.332839249761551e-15,-1.183644024601106e-17,0.0,0,0.0,0.0,0.004513766730450679,0.0,0,0.0,0.0,0.004513766730450679,0.0,0.0
MAR01222,542,-1.2323065896946392e-15,3.57055705066811e-15,-1.194983132886367e-17,0.0,0,0.0,0.0,0.00462173008405905,0.0,0,0.0,0.0,0.00462173008405905,0.0,0.0
MAR11282,542,-1.2323065896946394e-15,3.708879745158523e-15,-1.3255078365561107e-17,0.0,0,0.0,0.0,0.00462173008405905,0.0,0,0.0,0.0,0.00462173008405905,0.0,0.0
MAR12238,539,-1.2391654389879301e-15,4.99378889558257e-15,-1.359207497733037e-17,0.0,0,0.0,0.0,0.004647382219459146,0.0,0,0.0,0.0,0.004647382219459146,0.0,0.0
MAR11381,539,-1.2391654389879301e-15,3.756703586051303e-15,-1.2781421731724077e-17,0.0,0,0.0,0.0,0.004647382219459146,0.0,0,0.0,0.0,0.004647382219459146,0.0,0.0
MAR02246,527,-1.240416161099226e-15,3.952894892200823e-15,-1.2650773569163987e-17,0.0,0,0.0,0.0,0.004752902966888136,0.0,0,0.0,0.0,0.004752902966888136,0.0,0.0
MAR10392,557,-1.2501470036712714e-15,4.636387221359749e-15,-1.3459414857442018e-17,0.0,0,0.0,0.0,0.004497603075155535,0.0,0,0.0,0.0,0.004497603075155535,0.0,0.0
MAR10393,565,-1.257597762407257e-15,4.1045270101999015e-15,-1.361876665776392e-17,0.0,0,0.0,0.0,0.004434089734923025,0.0,0,0.0,0.0,0.004434089734923025,0.0,0.0
MAR02044,542,-1.2585258788370777e-15,3.0369705134549978e-15,-1.2125600966290732e-17,0.0,0,0.0,0.0,0.00462173008405905,0.0,0,0.0,0.0,0.00462173008405905,0.0,0.0
MAR07265,553,-1.259189658309039e-15,3.7088827363627485e-15,-1.1711166778615851e-17,0.0,0,0.0,0.0,0.00453004698365408,0.0,0,0.0,0.0,0.00453004698365408,0.0,0.0
MAR00756,552,-1.261470798994381e-15,4.089242107493542e-15,-1.269996452504256e-17,0.0,0,0.0,0.0,0.004538231229443332,0.0,0,0.0,0.0,0.004538231229443332,0.0,0.0
MAR10197,561,-1.2665645913727276e-15,3.5196785956596576e-15,-1.2625445017361897e-17,0.0,0,0.0,0.0,0.004465620583537596,0.0,0,0.0,0.0,0.004465620583537596,0.0,0.0
MAR11487,561,-1.2665645913727284e-15,3.681430103357294e-15,-1.3094872685840827e-17,0.0,0,0.0,0.0,0.004465620583537596,0.0,0,0.0,0.0,0.004465620583537596,0.0,0.0
MAR06768,549,-1.2683640820489952e-15,4.211929036067024e-15,-1.2570828416497503e-17,0.0,0,0.0,0.0,0.004562962366977274,0.0,0,0.0,0.0,0.004562962366977274,0.0,0.0
MAR02088,548,-1.2706786150454343e-15,3.077348545014192e-15,-1.2655384413218765e-17,0.0,0,0.0,0.0,0.004571266087298871,0.0,0,0.0,0.0,0.004571266087298871,0.0,0.0
MAR01889,568,-1.2759746311184898e-15,3.38180154067379e-15,-1.232497962652749e-17,0.0,0,0.0,0.0,0.004410732264444036,0.0,0,0.0,0.0,0.004410732264444036,0.0,0.0
MAR12179,568,-1.27597463111849e-15,4.845346755345476e-15,-1.3293616313372987e-17,0.0,0,0.0,0.0,0.004410732264444036,0.0,0,0.0,0.0,0.004410732264444036,0.0,0.0
MAR02213,556,-1.2779545607196046e-15,3.677556118231161e-15,-1.2730095935513818e-17,0.0,0,0.0,0.0,0.0045056704064922026,0.0,0,0.0,0.0,0.0045056704064922026,0.0,0.0
MAR03015,556,-1.2779545607196052e-15,4.32235447411774e-15,-1.2090765241937183e-17,0.0,0,0.0,0.0,0.0045056704064922026,0.0,0,0.0,0.0,0.0045056704064922026,0.0,0.0
MAR01676,544,-1.2800218401560626e-15,2.837224263238737e-15,-1.2378836920451787e-17,0.0,0,0.0,0.0,0.004604785407758596,0.0,0,0.0,0.0,0.004604785407758596,0.0,0.0
MAR04439,554,-1.2825681150904336e-15,3.1709348912610903e-15,-1.1846887805629111e-17,0.0,0,0.0,0.0,0.004521892203603858,0.0,0,0.0,0.0,0.004521892203603858,0.0,0.0
MAR00617,565,-1.282749717655402e-15,3.276173772718316e-15,-1.1804927214399454e-17,0.0,0,0.0,0.0,0.004434089734923025,0.0,0,0.0,0.0,0.004434089734923025,0.0,0.0
MAR00704,540,-1.2895034834164782e-15,3.747301817524742e-15,-1.2650422935232526e-17,0.0,0,0.0,0.0,0.00463879992662872,0.0,0,0.0,0.0,0.00463879992662872,0.0,0.0
MAR02353,558,-1.2988415599915818e-15,3.4244759360655025e-15,-1.2284121092139624e-17,0.0,0,0.0,0.0,0.004489564580987142,0.0,0,0.0,0.0,0.004489564580987142,0.0,0.0
MAR00193,578,-1.3030714531240598e-15,3.722996255645376e-15,-1.280921376726988e-17,0.0,0,0.0,0.0,0.004334620605899285,0.0,0,0.0,0.0,0.004334620605899285,0.0,0.0
MAR02383,555,-1.3058623251807255e-15,5.064306316925849e-15,-1.18321789631553e-17,0.0,0,0.0,0.0,0.004513766730450679,0.0,0,0.0,0.0,0.004513766730450679,0.0,0.0
MAR12043,544,-1.3061447348531254e-15,3.78358066247402e-15,-1.3226451738989716e-17,0.0,0,0.0,0.0,0.004604785407758596,0.0,0,0.0,0.0,0.004604785407758596,0.0,0.0
MAR01344,543,-1.3085501579375696e-15,3.865304626251866e-15,-1.2282172867656456e-17,0.0,0,0.0,0.0,0.004613242186326175,0.0,0,0.0,0.0,0.004613242186326175,0.0,0.0
MAR08593,575,-1.3098700867925329e-15,3.834176532246666e-15,-1.2821410823706052e-17,0.0,0,0.0,0.0,0.004357176858116289,0.0,0,0.0,0.0,0.004357176858116289,0.0,0.0
MAR02224,584,-1.3140173880495e-15,3.558344511235318e-15,-1.2760067890974958e-17,0.0,0,0.0,0.0,0.004290201536487618,0.0,0,0.0,0.0,0.004290201536487618,0.0,0.0
MAR01739,573,-1.3144420591722622e-15,3.690633477917048e-15,-1.291105878082064e-17,0.0,0,0.0,0.0,0.0043723452321952965,0.0,0,0.0,0.0,0.0043723452321952965,0.0,0.0
MAR09843,560,-1.3195793664116153e-15,3.7783558562129826e-15,-1.3741109692903563e-17,0.0,0,0.0,0.0,0.0044735734878779895,0.0,0,0.0,0.0,0.0044735734878779895,0.0,0.0
MAR01900,568,-1.3260128519466662e-15,4.345205029092493e-15,-1.3168084997844585e-17,0.0,0,0.0,0.0,0.004410732264444036,0.0,0,0.0,0.0,0.004410732264444036,0.0,0.0
MAR03757,535,-1.328117263102991e-15,3.613838564289211e-15,-1.2436260475383783e-17,0.0,0,0.0,0.0,0.004682031321548599,0.0,0,0.0,0.0,0.004682031321548599,0.0,0.0
MAR04094,555,-1.3314674688117195e-15,3.9048500943013236e-15,-1.3051413133780706e-17,0.0,0,0.0,0.0,0.004513766730450679,0.0,0,0.0,0.0,0.004513766730450679,0.0,0.0
MAR00396,551,-1.3411332943566326e-15,3.2745816346928295e-15,-1.2966177216302092e-17,0.0,0,0.0,0.0,0.004546445100963565,0.0,0,0.0,0.0,0.004546445100963565,0.0,0.0
MAR12543,555,-1.3570726124427142e-15,4.8650436983680014e-15,-1.377646285429644e-17,0.0,0,0.0,0.0,0.004513766730450679,0.0,0,0.0,0.0,0.004513766730450679,0.0,0.0
MAR03231,565,-1.3582055833998375e-15,3.8742856809595515e-15,-1.2487953751540697e-17,0.0,0,0.0,0.0,0.004434089734923025,0.0,0,0.0,0.0,0.004434089734923025,0.0,0.0
MAR00639,549,-1.371904007114219e-15,3.804231629682185e-15,-1.3259776081653846e-17,0.0,0,0.0,0.0,0.004562962366977274,0.0,0,0.0,0.0,0.004562962366977274,0.0,0.0
MAR00292,547,-1.3769201095168305e-15,3.905696211378862e-15,-1.3329815014356705e-17,0.0,0,0.0,0.0,0.004579600085029117,0.0,0,0.0,0.0,0.004579600085029117,0.0,0.0
MAR09730,567,-1.378477970610424e-15,3.9848375402562496e-15,-1.3101623753905173e-17,0.0,0,0.0,0.0,0.00441849069762059,0.0,0,0.0,0.0,0.00441849069762059,0.0,0.0
MAR08503,556,-1.3801909255771731e-15,3.401242430671329e-15,-1.299515319232472e-17,0.0,0,0.0,0.0,0.0045056704064922026,0.0,0,0.0,0.0,0.0045056704064922026,0.0,0.0
MAR01007,566,-1.3809134440567322e-15,3.1978656027544404e-15,-1.3096599430068659e-17,0.0,0,0.0,0.0,0.0044262764728495866,0.0,0,0.0,0.0,0.0044262764728495866,0.0,0.0
MAR01364,576,-1.3816108750890833e-15,3.58743233265443e-15,-1.359138053549108e-17,0.0,0,0.0,0.0,0.004349632068826215,0.0,0,0.0,0.0,0.004349632068826215,0.0,0.0
MAR12601,575,-1.3840136766109775e-15,4.873726465544636e-15,-1.443666414184178e-17,0.0,0,0.0,0.0,0.004357176858116289,0.0,0,0.0,0.0,0.004357176858116289,0.0,0.0
MAR01334,554,-1.3851735642976678e-15,3.5194488055631148e-15,-1.242049552833711e-17,0.0,0,0.0,0.0,0.004521892203603858,0.0,0,0.0,0.0,0.004521892203603858,0.0,0.0
MAR01452,564,-1.3858103002413306e-15,3.622022844543799e-15,-1.3527727913149859e-17,0.0,0,0.0,0.0,0.004441930629657058,0.0,0,0.0,0.0,0.004441930629657058,0.0,0.0
MAR00185,574,-1.386424850263611e-15,3.7348840076556645e-15,-1.3740862752718316e-17,0.0,0,0.0,0.0,0.004364747866934595,0.0,0,0.0,0.0,0.004364747866934595,0.0,0.0
MAR09827,562,-1.3907420094948585e-15,3.5658950716596016e-15,-1.3793280737083335e-17,0.0,0,0.0,0.0,0.0044576959055467585,0.0,0,0.0,0.0,0.0044576959055467585,0.0,0.0
MAR09628,550,-1.395247553856197e-15,3.445564643797469e-15,-1.413230235669156e-17,0.0,0,0.0,0.0,0.0045546887593671224,0.0,0,0.0,0.0,0.0045546887593671224,0.0,0.0
MAR01301,578,-1.401416468454177e-15,3.596861151092428e-15,-1.3059360752841983e-17,0.0,0,0.0,0.0,0.004334620605899285,0.0,0,0.0,0.0,0.004334620605899285,0.0,0.0
MAR02090,567,-1.4035412064397048e-15,3.1138680169551162e-15,-1.3034677370556709e-17,0.0,0,0.0,0.0,0.00441849069762059,0.0,0,0.0,0.0,0.00441849069762059,0.0,0.0
MAR00424,556,-1.4057500167915656e-15,3.56552165629706e-15,-1.3907480762051456e-17,0.0,0,0.0,0.0,0.0045056704064922026,0.0,0,0.0,0.0,0.0045056704064922026,0.0,0.0
MAR09934,554,-1.4108249265994774e-15,3.647551380196341e-15,-1.40890851706299e-17,0.0,0,0.0,0.0,0.004521892203603858,0.0,0,0.0,0.0,0.004521892203603858,0.0,0.0
MAR00620,574,-1.4111824368754603e-15,3.3715478488766803e-15,-1.3136485654856642e-17,0.0,0,0.0,0.0,0.004364747866934595,0.0,0,0.0,0.0,0.004364747866934595,0.0,0.0
MAR01112,559,-1.4236276637769452e-15,3.892654502504471e-15,-1.3915126828989585e-17,0.0,0,0.0,0.0,0.004481554769642852,0.0,0,0.0,0.0,0.004481554769642852,0.0,0.0
MAR12456,549,-1.4236739696468313e-15,3.355086142108378e-15,-1.3482436069751501e-17,0.0,0,0.0,0.0,0.004562962366977274,0.0,0,0.0,0.0,0.004562962366977274,0.0,0.0
MAR00360,549,-1.4236739696468315e-15,2.8597601049884875e-15,-1.3289427788878382e-17,0.0,0,0.0,0.0,0.004562962366977274,0.0,0,0.0,0.0,0.004562962366977274,0.0,0.0
MAR01162,547,-1.4288793589325597e-15,3.650443661232438e-15,-1.3584529554038481e-17,0.0,0,0.0,0.0,0.004579600085029117,0.0,0,0.0,0.0,0.004579600085029117,0.0,0.0
MAR10241,565,-1.4336614491442735e-15,3.891131034034741e-15,-1.464700306334734e-17,0.0,0,0.0,0.0,0.004434089734923025,0.0,0,0.0,0.0,0.004434089734923025,0.0,0.0
MAR00056,572,-1.4409607928002035e-15,3.804085580161068e-15,-1.3558853747745292e-17,0.0,0,0.0,0.0,0.004379969091767465,0.0,0,0.0,0.0,0.004379969091767465,0.0,0.0
MAR01219,562,-1.441314446203762e-15,3.7026286499377764e-15,-1.3287617651166762e-17,0.0,0,0.0,0.0,0.0044576959055467585,0.0,0,0.0,0.0,0.0044576959055467585,0.0,0.0
MAR01750,562,-1.4413144462037622e-15,2.9021548949276334e-15,-1.3230757632909515e-17,0.0,0,0.0,0.0,0.0044576959055467585,0.0,0,0.0,0.0,0.0044576959055467585,0.0,0.0
MAR05354,577,-1.4531029951419726e-15,7.375363568536743e-15,-1.2023820084617703e-17,0.0,0,0.0,0.0,0.004342113363096878,0.0,0,0.0,0.0,0.004342113363096878,0.0,0.0
MAR03478,557,-1.454252636923724e-15,3.644711526515173e-15,-1.3003983099964029e-17,0.0,0,0.0,0.0,0.004497603075155535,0.0,0,0.0,0.0,0.004497603075155535,0.0,0.0
MAR00270,547,-1.4548589836404246e-15,4.141181348259877e-15,-1.492553928351429e-17,0.0,0,0.0,0.0,0.004579600085029117,0.0,0,0.0,0.0,0.004579600085029117,0.0,0.0
MAR00286,547,-1.4548589836404256e-15,4.24232353630852e-15,-1.4599631829669576e-17,0.0,0,0.0,0.0,0.004579600085029117,0.0,0,0.0,0.0,0.004579600085029117,0.0,0.0
MAR08645,566,-1.4562359955507353e-15,3.864266960724996e-15,-1.2683547927634534e-17,0.0,0,0.0,0.0,0.0044262764728495866,0.0,0,0.0,0.0,0.0044262764728495866,0.0,0.0
MAR09281,556,-1.4568681992203493e-15,3.718230246139654e-15,-1.3934726129702116e-17,0.0,0,0.0,0.0,0.0045056704064922026,0.0,0,0.0,0.0,0.0045056704064922026,0.0,0.0
MAR12304,574,-1.4606976100991613e-15,4.7342461866632445e-15,-1.536032252912115e-17,0.0,0,0.0,0.0,0.004364747866934595,0.0,0,0.0,0.0,0.004364747866934595,0.0,0.0
MAR00083,561,-1.4692149259923643e-15,3.62090637021589e-15,-1.3302915320096086e-17,0.0,0,0.0,0.0,0.004465620583537596,0.0,0,0.0,0.0,0.004465620583537596,0.0,0.0
MAR02181,569,-1.4735332657239338e-15,3.3502553540459826e-15,-1.4367602977857162e-17,0.0,0,0.0,0.0,0.004403001029543098,0.0,0,0.0,0.0,0.004403001029543098,0.0,0.0
MAR01006,540,-1.47371826676169e-15,3.782835140354159e-15,-1.4029432501906335e-17,0.0,0,0.0,0.0,0.00463879992662872,0.0,0,0.0,0.0,0.00463879992662872,0.0,0.0
MAR02066,587,-1.4767668443395612e-15,3.3633968162330696e-15,-1.4193381341158064e-17,0.0,0,0.0,0.0,0.004268331649559446,0.0,0,0.0,0.0,0.004268331649559446,0.0,0.0
MAR09639,571,-1.4932596898636089e-15,4.370581273662034e-15,-1.4412099818941625e-17,0.0,0,0.0,0.0,0.00438761958448344,0.0,0,0.0,0.0,0.00438761958448344,0.0,0.0
MAR12375,561,-1.4945462178198183e-15,4.8381985846513454e-15,-1.491291781023568e-17,0.0,0,0.0,0.0,0.004465620583537596,0.0,0,0.0,0.0,0.004465620583537596,0.0,0.0
MAR07389,551,-1.4958794437054748e-15,3.6839591230897695e-15,-1.334135077375998e-17,0.0,0,0.0,0.0,0.004546445100963565,0.0,0,0.0,0.0,0.004546445100963565,0.0,0.0
MAR00498,578,-1.499761483784295e-15,3.95566362270811e-15,-1.485072703444999e-17,0.0,0,0.0,0.0,0.004334620605899285,0.0,0,0.0,0.0,0.004334620605899285,0.0,0.0
MAR10235,558,-1.50258141253928e-15,3.564708106662153e-15,-1.4815722033143974e-17,0.0,0,0.0,0.0,0.004489564580987142,0.0,0,0.0,0.0,0.004489564580987142,0.0,0.0
MAR00128,520,-1.503071171800212e-15,3.599759346999009e-15,-1.4863195453881072e-17,0.0,0,0.0,0.0,0.004816699306603465,0.0,0,0.0,0.0,0.004816699306603465,0.0,0.0
MAR08069,547,-1.5068182330561543e-15,3.73054617859683e-15,-1.4279942019924582e-17,0.0,0,0.0,0.0,0.004579600085029117,0.0,0,0.0,0.0,0.004579600085029117,0.0,0.0
MAR01745,563,-1.5144783000215278e-15,3.2420004731087897e-15,-1.442762465160976e-17,0.0,0,0.0,0.0,0.004449799303901048,0.0,0,0.0,0.0,0.004449799303901048,0.0,0.0
MAR01572,572,-1.5154932476002134e-15,4.058286164431229e-15,-1.4942412242636406e-17,0.0,0,0.0,0.0,0.004379969091767465,0.0,0,0.0,0.0,0.004379969091767465,0.0,0.0
MAR04696,540,-1.5263510620031786e-15,3.894856538322448e-15,-1.41115491845462e-17,0.0,0,0.0,0.0,0.00463879992662872,0.0,0,0.0,0.0,0.00463879992662872,0.0,0.0
MAR03283,566,-1.531558547044739e-15,3.773847888729512e-15,-1.426492723842029e-17,0.0,0,0.0,0.0,0.0044262764728495866,0.0,0,0.0,0.0,0.0044262764728495866,0.0,0.0
MAR00169,555,-1.5363086178596768e-15,3.561082205876492e-15,-1.4821832808687586e-17,0.0,0,0.0,0.0,0.004513766730450679,0.0,0,0.0,0.0,0.004513766730450679,0.0,0.0
MAR00368,573,-1.5376492012958549e-15,3.3274408990510786e-15,-1.4631358562906385e-17,0.0,0,0.0,0.0,0.0043723452321952965,0.0,0,0.0,0.0,0.0043723452321952965,0.0,0.0
MAR12363,563,-1.5397196050218867e-15,5.0362001574736746e-15,-1.561413614340593e-17,0.0,0,0.0,0.0,0.004449799303901048,0.0,0,0.0,0.0,0.004449799303901048,0.0,0.0
MAR04814,571,-1.5430350128590617e-15,3.6836795269322675e-15,-1.3931214712479606e-17,0.0,0,0.0,0.0,0.00438761958448344,0.0,0,0.0,0.0,0.00438761958448344,0.0,0.0
MAR00282,571,-1.5430350128590617e-15,3.816704138687476e-15,-1.4616464847374932e-17,0.0,0,0.0,0.0,0.00438761958448344,0.0,0,0.0,0.0,0.00438761958448344,0.0,0.0
MAR03898,570,-1.5457420918289901e-15,3.6312945944203236e-15,-1.513234269223762e-17,0.0,0,0.0,0.0,0.004395296850147243,0.0,0,0.0,0.0,0.004395296850147243,0.0,0.0
MAR01065,560,-1.547968102905933e-15,3.944846760482485e-15,-1.4913943886820054e-17,0.0,0,0.0,0.0,0.0044735734878779895,0.0,0,0.0,0.0,0.0044735734878779895,0.0,0.0
MAR06707,541,-1.5497974643196273e-15,3.444216842379343e-15,-1.4255553294167735e-17,0.0,0,0.0,0.0,0.004630249273041442,0.0,0,0.0,0.0,0.004630249273041442,0.0,0.0
MAR00516,577,-1.5516184524397332e-15,4.039640300729098e-15,-1.5018614547196578e-17,0.0,0,0.0,0.0,0.004342113363096878,0.0,0,0.0,0.0,0.004342113363096878,0.0,0.0
MAR02577,558,-1.5535163756762044e-15,3.290557249553249e-15,-1.4179383676452708e-17,0.0,0,0.0,0.0,0.004489564580987142,0.0,0,0.0,0.0,0.004489564580987142,0.0,0.0
MAR12143,557,-1.5563054535499505e-15,4.936229781847791e-15,-1.5800591629664293e-17,0.0,0,0.0,0.0,0.004497603075155535,0.0,0,0.0,0.0,0.004497603075155535,0.0,0.0
MAR08505,538,-1.5584394576150897e-15,3.836683213918128e-15,-1.5420411527113924e-17,0.0,0,0.0,0.0,0.004655996327465773,0.0,0,0.0,0.0,0.004655996327465773,0.0,0.0
MAR07116,555,-1.5619137614906703e-15,3.587614869399127e-15,-1.4385781858960864e-17,0.0,0,0.0,0.0,0.004513766730450679,0.0,0,0.0,0.0,0.004513766730450679,0.0,0.0
MAR08698,563,-1.5649609100222452e-15,3.998476373726807e-15,-1.3591447501334645e-17,0.0,0,0.0,0.0,0.004449799303901048,0.0,0,0.0,0.0,0.004449799303901048,0.0,0.0
MAR08551,535,-1.5671783704615286e-15,3.5819283826773455e-15,-1.4552679896978835e-17,0.0,0,0.0,0.0,0.004682031321548599,0.0,0,0.0,0.0,0.004682031321548599,0.0,0.0
MAR03377,562,-1.5677455379760218e-15,3.704698920267203e-15,-1.447465495705559e-17,0.0,0,0.0,0.0,0.0044576959055467585,0.0,0,0.0,0.0,0.0044576959055467585,0.0,0.0
MAR00605,551,-1.5732525183798955e-15,3.2053875975002286e-15,-1.390660620580911e-17,0.0,0,0.0,0.0,0.004546445100963565,0.0,0,0.0,0.0,0.004546445100963565,0.0,0.0
MAR04949,558,-1.578983857244667e-15,3.1516516812011878e-15,-1.481217915961649e-17,0.0,0,0.0,0.0,0.004489564580987142,0.0,0,0.0,0.0,0.004489564580987142,0.0,0.0
MAR04558,558,-1.5789838572446676e-15,3.3683052356767454e-15,-1.454295870657951e-17,0.0,0,0.0,0.0,0.004489564580987142,0.0,0,0.0,0.0,0.004489564580987142,0.0,0.0
MAR01795,548,-1.5818652146483979e-15,3.3618875440696442e-15,-1.4620770464182946e-17,0.0,0,0.0,0.0,0.004571266087298871,0.0,0,0.0,0.0,0.004571266087298871,0.0,0.0
MAR01631,565,-1.584573180633144e-15,3.216395064226248e-15,-1.450789468918864e-17,0.0,0,0.0,0.0,0.004434089734923025,0.0,0,0.0,0.0,0.004434089734923025,0.0,0.0
MAR02470,555,-1.587518905121665e-15,4.144735310624224e-15,-1.5224098386540522e-17,0.0,0,0.0,0.0,0.004513766730450679,0.0,0,0.0,0.0,0.004513766730450679,0.0,0.0
MAR02599,562,-1.5930317563304747e-15,5.4133469755008715e-15,-1.418915130300687e-17,0.0,0,0.0,0.0,0.0044576959055467585,0.0,0,0.0,0.0,0.0044576959055467585,0.0,0.0
MAR01342,570,-1.5956047399525057e-15,3.3352307659127214e-15,-1.4720292401765205e-17,0.0,0,0.0,0.0,0.004395296850147243,0.0,0,0.0,0.0,0.004395296850147243,0.0,0.0
MAR04923,552,-1.5961467252581957e-15,4.053231010605614e-15,-1.4305506249029227e-17,0.0,0,0.0,0.0,0.004538231229443332,0.0,0,0.0,0.0,0.004538231229443332,0.0,0.0
MAR06633,543,-1.5964311926838353e-15,8.033589135227905e-15,-1.2330983454027647e-17,0.0,0,0.0,0.0,0.004613242186326175,0.0,0,0.0,0.0,0.004613242186326175,0.0,0.0
MAR05424,551,-1.5990435432713687e-15,3.342651061037463e-15,-1.444568092694545e-17,0.0,0,0.0,0.0,0.004546445100963565,0.0,0,0.0,0.0,0.004546445100963565,0.0,0.0
MAR00230,542,-1.5993766376887868e-15,3.796714449808437e-15,-1.5120094420892437e-17,0.0,0,0.0,0.0,0.00462173008405905,0.0,0,0.0,0.0,0.00462173008405905,0.0,0.0
MAR07089,568,-1.6012230665016343e-15,3.2480994048164062e-15,-1.4911095134329304e-17,0.0,0,0.0,0.0,0.004410732264444036,0.0,0,0.0,0.0,0.004410732264444036,0.0,0.0
MAR03113,568,-1.6012230665016343e-15,4.418100728373034e-15,-1.488603295447005e-17,0.0,0,0.0,0.0,0.004410732264444036,0.0,0,0.0,0.0,0.004410732264444036,0.0,0.0
MAR09297,576,-1.603655480014115e-15,3.4479926927317608e-15,-1.5472727078711663e-17,0.0,0,0.0,0.0,0.004349632068826215,0.0,0,0.0,0.0,0.004349632068826215,0.0,0.0
MAR01754,549,-1.6048688385109732e-15,3.3930358505822657e-15,-1.4714173717035558e-17,0.0,0,0.0,0.0,0.004562962366977274,0.0,0,0.0,0.0,0.004562962366977274,0.0,0.0
MAR06006,591,-1.6110444431785693e-15,3.39365482181498e-15,-1.4073729296181967e-17,0.0,0,0.0,0.0,0.00423951629958479,0.0,0,0.0,0.0,0.00423951629958479,0.0,0.0
MAR01061,544,-1.6196194712178756e-15,3.670543403764173e-15,-1.5029250378957486e-17,0.0,0,0.0,0.0,0.004604785407758596,0.0,0,0.0,0.0,0.004604785407758596,0.0,0.0
MAR00953,561,-1.6212026769570912e-15,3.788410325468488e-15,-1.5623849943395707e-17,0.0,0,0.0,0.0,0.004465620583537596,0.0,0,0.0,0.0,0.004465620583537596,0.0,0.0
MAR01216,561,-1.6212026769570912e-15,3.5649690575924724e-15,-1.5053267456264722e-17,0.0,0,0.0,0.0,0.004465620583537596,0.0,0,0.0,0.0,0.004465620583537596,0.0,0.0
MAR03016,559,-1.6270030443165093e-15,4.770636986118131e-15,-1.4951449959259287e-17,0.0,0,0.0,0.0,0.004481554769642852,0.0,0,0.0,0.0,0.004481554769642852,0.0,0.0
MAR12617,549,-1.6307538197772792e-15,4.949406407425018e-15,-1.6510007752743636e-17,0.0,0,0.0,0.0,0.004562962366977274,0.0,0,0.0,0.0,0.004562962366977274,0.0,0.0
MAR08643,575,-1.6311589760057951e-15,3.940136921768453e-15,-1.4567803840440212e-17,0.0,0,0.0,0.0,0.004357176858116289,0.0,0,0.0,0.0,0.004357176858116289,0.0,0.0
MAR12265,566,-1.631988615703411e-15,3.577923752914263e-15,-1.5688569486057857e-17,0.0,0,0.0,0.0,0.0044262764728495866,0.0,0,0.0,0.0,0.0044262764728495866,0.0,0.0
MAR04665,557,-1.6328450660196209e-15,3.608161901890228e-15,-1.518773277639232e-17,0.0,0,0.0,0.0,0.004497603075155535,0.0,0,0.0,0.0,0.004497603075155535,0.0,0.0
MAR06751,564,-1.6377758093761178e-15,4.037824337329366e-15,-1.514099427452957e-17,0.0,0,0.0,0.0,0.004441930629657058,0.0,0,0.0,0.0,0.004441930629657058,0.0,0.0
MAR09890,554,-1.6416871873157556e-15,3.5276681055440402e-15,-1.6621274986291546e-17,0.0,0,0.0,0.0,0.004521892203603858,0.0,0,0.0,0.0,0.004521892203603858,0.0,0.0
MAR01212,578,-1.6472790067794714e-15,3.578113210048532e-15,-1.5521620230916253e-17,0.0,0,0.0,0.0,0.004334620605899285,0.0,0,0.0,0.0,0.004334620605899285,0.0,0.0
MAR04675,550,-1.653626730496234e-15,3.591161581307432e-15,-1.5232242372533433e-17,0.0,0,0.0,0.0,0.0045546887593671224,0.0,0,0.0,0.0,0.0045546887593671224,0.0,0.0
MAR01025,541,-1.6548684788497713e-15,3.3735560381530075e-15,-1.4890798967170737e-17,0.0,0,0.0,0.0,0.004630249273041442,0.0,0,0.0,0.0,0.004630249273041442,0.0,0.0
MAR00061,558,-1.6553863019500538e-15,3.6987718404728626e-15,-1.5886826034342394e-17,0.0,0,0.0,0.0,0.004489564580987142,0.0,0,0.0,0.0,0.004489564580987142,0.0,0.0
MAR00210,549,-1.656638801043586e-15,3.6449745846066184e-15,-1.64208922397524e-17,0.0,0,0.0,0.0,0.004562962366977274,0.0,0,0.0,0.0,0.004562962366977274,0.0,0.0
MAR01818,583,-1.6575267935398564e-15,3.295226550345226e-15,-1.5858000045851277e-17,0.0,0,0.0,0.0,0.004297541386555887,0.0,0,0.0,0.0,0.004297541386555887,0.0,0.0
MAR04120,582,-1.6603747777211967e-15,3.3234313569166202e-15,-1.5321494463849528e-17,0.0,0,0.0,0.0,0.004304906394243486,0.0,0,0.0,0.0,0.004304906394243486,0.0,0.0
MAR12673,564,-1.6629723602895968e-15,4.690873087672888e-15,-1.6241540799321235e-17,0.0,0,0.0,0.0,0.004441930629657058,0.0,0,0.0,0.0,0.004441930629657058,0.0,0.0
MAR00320,572,-1.6645581572002353e-15,3.821683074876215e-15,-1.5653440998952187e-17,0.0,0,0.0,0.0,0.004379969091767465,0.0,0,0.0,0.0,0.004379969091767465,0.0,0.0
MAR08129,580,-1.6661002079892012e-15,3.641426005090581e-15,-1.5541650621151383e-17,0.0,0,0.0,0.0,0.004319712401627411,0.0,0,0.0,0.0,0.004319712401627411,0.0,0.0
MAR02156,571,-1.6674733203476964e-15,3.5212476091346174e-15,-1.6328421420216455e-17,0.0,0,0.0,0.0,0.00438761958448344,0.0,0,0.0,0.0,0.00438761958448344,0.0,0.0
MAR09582,553,-1.6703536283691324e-15,4.425760782085446e-15,-1.6955290282282522e-17,0.0,0,0.0,0.0,0.00453004698365408,0.0,0,0.0,0.0,0.00453004698365408,0.0,0.0
MAR11347,569,-1.6733343865000596e-15,3.81507995291757e-15,-1.6937791917348048e-17,0.0,0,0.0,0.0,0.004403001029543098,0.0,0,0.0,0.0,0.004403001029543098,0.0,0.0
MAR10378,550,-1.6794646481602364e-15,3.743689421193077e-15,-1.637056169735028e-17,0.0,0,0.0,0.0,0.0045546887593671224,0.0,0,0.0,0.0,0.0045546887593671224,0.0,0.0
MAR07391,558,-1.6808537835185167e-15,3.77792128887237e-15,-1.5853577807935692e-17,0.0,0,0.0,0.0,0.004489564580987142,0.0,0,0.0,0.0,0.004489564580987142,0.0,0.0
MAR00216,558,-1.6808537835185172e-15,3.5128779908443095e-15,-1.560987333955763e-17,0.0,0,0.0,0.0,0.004489564580987142,0.0,0,0.0,0.0,0.004489564580987142,0.0,0.0
MAR03533,549,-1.6825237823098911e-15,3.660298016709854e-15,-1.5516105198748386e-17,0.0,0,0.0,0.0,0.004562962366977274,0.0,0,0.0,0.0,0.004562962366977274,0.0,0.0
MAR04409,548,-1.6855940811827201e-15,3.568469436800516e-15,-1.5816972536067688e-17,0.0,0,0.0,0.0,0.004571266087298871,0.0,0,0.0,0.0,0.004571266087298871,0.0,0.0
MAR09854,573,-1.6864539627115817e-15,3.571669551279746e-15,-1.5706093076828367e-17,0.0,0,0.0,0.0,0.0043723452321952965,0.0,0,0.0,0.0,0.0043723452321952965,0.0,0.0
MAR04291,556,-1.6869000201498781e-15,3.451230615136056e-15,-1.5505194919594277e-17,0.0,0,0.0,0.0,0.0045056704064922026,0.0,0,0.0,0.0,0.0045056704064922026,0.0,0.0
MAR12210,547,-1.688675606011207e-15,4.8179527598583076e-15,-1.6977044001433605e-17,0.0,0,0.0,0.0,0.004579600085029117,0.0,0,0.0,0.0,0.004579600085029117,0.0,0.0
MAR12583,555,-1.6899394796456438e-15,4.767414652810605e-15,-1.7225873221321635e-17,0.0,0,0.0,0.0,0.004513766730450679,0.0,0,0.0,0.0,0.004513766730450679,0.0,0.0
MAR02146,583,-1.706277581585147e-15,3.5292635666240096e-15,-1.6388650449623657e-17,0.0,0,0.0,0.0,0.004297541386555887,0.0,0,0.0,0.0,0.004297541386555887,0.0,0.0
MAR01323,548,-1.7115262978163e-15,3.3536452916921027e-15,-1.5927267596495795e-17,0.0,0,0.0,0.0,0.004571266087298871,0.0,0,0.0,0.0,0.004571266087298871,0.0,0.0
MAR03473,547,-1.7146552307190718e-15,3.803440106999722e-15,-1.602059326008778e-17,0.0,0,0.0,0.0,0.004579600085029117,0.0,0,0.0,0.0,0.004579600085029117,0.0,0.0
MAR12832,554,-1.718641274221181e-15,4.9165846254714184e-15,-1.719411515924658e-17,0.0,0,0.0,0.0,0.004521892203603858,0.0,0,0.0,0.0,0.004521892203603858,0.0,0.0
MAR08135,553,-1.7217491246266441e-15,3.783777392574993e-15,-1.611859664433412e-17,0.0,0,0.0,0.0,0.00453004698365408,0.0,0,0.0,0.0,0.00453004698365408,0.0,0.0
MAR10212,561,-1.7225278442669096e-15,4.377331203896798e-15,-1.7558146363376522e-17,0.0,0,0.0,0.0,0.004465620583537596,0.0,0,0.0,0.0,0.004465620583537596,0.0,0.0
MAR00496,544,-1.724111050006125e-15,3.1653989505030135e-15,-1.585648950053439e-17,0.0,0,0.0,0.0,0.004604785407758596,0.0,0,0.0,0.0,0.004604785407758596,0.0,0.0
MAR04991,576,-1.7270135938613546e-15,3.389477011233155e-15,-1.5232658405873906e-17,0.0,0,0.0,0.0,0.004349632068826215,0.0,0,0.0,0.0,0.004349632068826215,0.0,0.0
MAR12319,576,-1.7270135938613554e-15,3.385877213853804e-15,-1.6128298506890323e-17,0.0,0,0.0,0.0,0.004349632068826215,0.0,0,0.0,0.0,0.004349632068826215,0.0,0.0
MAR01898,559,-1.7286907345862903e-15,4.2462706868649864e-15,-1.6180239215552693e-17,0.0,0,0.0,0.0,0.004481554769642852,0.0,0,0.0,0.0,0.004481554769642852,0.0,0.0
MAR01043,558,-1.7317887466554405e-15,3.664204348492594e-15,-1.5671935708840165e-17,0.0,0,0.0,0.0,0.004489564580987142,0.0,0,0.0,0.0,0.004489564580987142,0.0,0.0
MAR06716,582,-1.7336266061500734e-15,4.0488218804262245e-15,-1.71114484408919e-17,0.0,0,0.0,0.0,0.004304906394243486,0.0,0,0.0,0.0,0.004304906394243486,0.0,0.0
MAR07867,581,-1.7366104729420693e-15,8.80437513664148e-15,-1.833256206705022e-17,0.0,0,0.0,0.0,0.004312296689115291,0.0,0,0.0,0.0,0.004312296689115291,0.0,0.0
MAR03827,546,-1.7438228313526267e-15,3.5990836652276434e-15,-1.5903863774225987e-17,0.0,0,0.0,0.0,0.004587964526068459,0.0,0,0.0,0.0,0.004587964526068459,0.0,0.0
MAR05426,551,-1.7537896926202113e-15,3.594760548575852e-15,-1.5849061591483444e-17,0.0,0,0.0,0.0,0.004546445100963565,0.0,0,0.0,0.0,0.004546445100963565,0.0,0.0
MAR04392,551,-1.7537896926202113e-15,3.306832203717926e-15,-1.622592569116928e-17,0.0,0,0.0,0.0,0.004546445100963565,0.0,0,0.0,0.0,0.004546445100963565,0.0,0.0
MAR09964,551,-1.753789692620212e-15,3.80897663163268e-15,-1.7087612541742898e-17,0.0,0,0.0,0.0,0.004546445100963565,0.0,0,0.0,0.0,0.004546445100963565,0.0,0.0
MAR12274,559,-1.7541126571537371e-15,3.1756446447930905e-15,-1.631686170220783e-17,0.0,0,0.0,0.0,0.004481554769642852,0.0,0,0.0,0.0,0.004481554769642852,0.0,0.0
MAR11653,542,-1.7566923725434218e-15,3.756098004696334e-15,-1.601924954820855e-17,0.0,0,0.0,0.0,0.00462173008405905,0.0,0,0.0,0.0,0.00462173008405905,0.0,0.0
MAR00063,549,-1.7601787261088096e-15,3.163562472634588e-15,-1.6126350222052417e-17,0.0,0,0.0,0.0,0.004562962366977274,0.0,0,0.0,0.0,0.004562962366977274,0.0,0.0
MAR01289,557,-1.7604110868024026e-15,3.4965353120212717e-15,-1.6621125611680777e-17,0.0,0,0.0,0.0,0.004497603075155535,0.0,0,0.0,0.0,0.004497603075155535,0.0,0.0
MAR02175,565,-1.7606368673701597e-15,3.1379396197397713e-15,-1.6623618733048588e-17,0.0,0,0.0,0.0,0.004434089734923025,0.0,0,0.0,0.0,0.004434089734923025,0.0,0.0
MAR00178,581,-1.7610697753778737e-15,3.57053502098566e-15,-1.6489812637999685e-17,0.0,0,0.0,0.0,0.004312296689115291,0.0,0,0.0,0.0,0.004312296689115291,0.0,0.0
MAR09959,540,-1.7631986405898786e-15,3.794052313663031e-15,-1.673686423029466e-17,0.0,0,0.0,0.0,0.00463879992662872,0.0,0,0.0,0.0,0.00463879992662872,0.0,0.0
MAR04666,556,-1.763577293793055e-15,3.09368356972668e-15,-1.5950015873816938e-17,0.0,0,0.0,0.0,0.0045056704064922026,0.0,0,0.0,0.0,0.0045056704064922026,0.0,0.0
MAR06849,572,-1.7639347636002493e-15,4.3007354971166256e-15,-1.672250741990192e-17,0.0,0,0.0,0.0,0.004379969091767465,0.0,0,0.0,0.0,0.004379969091767465,0.0,0.0
MAR03848,547,-1.7666144801348012e-15,3.3753928390440427e-15,-1.6520098706795227e-17,0.0,0,0.0,0.0,0.004579600085029117,0.0,0,0.0,0.0,0.004579600085029117,0.0,0.0
MAR00244,555,-1.7667549105386282e-15,4.181129888012791e-15,-1.6795044458049158e-17,0.0,0,0.0,0.0,0.004513766730450679,0.0,0,0.0,0.0,0.004513766730450679,0.0,0.0
MAR02093,579,-1.7671529179525807e-15,3.309176838746633e-15,-1.6689405037468763e-17,0.0,0,0.0,0.0,0.00432715366313485,0.0,0,0.0,0.0,0.00432715366313485,0.0,0.0
MAR09398,575,-1.7794461556426862e-15,3.8148877691457255e-15,-1.7056648369210397e-17,0.0,0,0.0,0.0,0.004357176858116289,0.0,0,0.0,0.0,0.004357176858116289,0.0,0.0
MAR09100,567,-1.7794897438789112e-15,3.7168785094852304e-15,-1.7033236687876427e-17,0.0,0,0.0,0.0,0.00441849069762059,0.0,0,0.0,0.0,0.00441849069762059,0.0,0.0
MAR06320,558,-1.7827237097923667e-15,4.180820091971363e-15,-1.5954480819674672e-17,0.0,0,0.0,0.0,0.004489564580987142,0.0,0,0.0,0.0,0.004489564580987142,0.0,0.0
MAR08660,565,-1.7857888226183055e-15,3.493880048396431e-15,-1.649838031922025e-17,0.0,0,0.0,0.0,0.004434089734923025,0.0,0,0.0,0.0,0.004434089734923025,0.0,0.0
MAR02472,579,-1.791696708479701e-15,5.5288088016768795e-15,-1.6442427386379768e-17,0.0,0,0.0,0.0,0.00432715366313485,0.0,0,0.0,0.0,0.00432715366313485,0.0,0.0
MAR02039,563,-1.7921326550254748e-15,3.400396447631682e-15,-1.6861941676687918e-17,0.0,0,0.0,0.0,0.004449799303901048,0.0,0,0.0,0.0,0.004449799303901048,0.0,0.0
MAR02128,570,-1.7950553324465697e-15,3.2449653722857884e-15,-1.688939542825591e-17,0.0,0,0.0,0.0,0.004395296850147243,0.0,0,0.0,0.0,0.004395296850147243,0.0,0.0
MAR02045,576,-1.8010284621696983e-15,3.136869876357974e-15,-1.680968585368493e-17,0.0,0,0.0,0.0,0.004349632068826215,0.0,0,0.0,0.0,0.004349632068826215,0.0,0.0
MAR00684,568,-1.8013759498143385e-15,3.946258005955184e-15,-1.7230687122780663e-17,0.0,0,0.0,0.0,0.004410732264444036,0.0,0,0.0,0.0,0.004410732264444036,0.0,0.0
MAR00346,575,-1.8041606855821683e-15,3.815749596902687e-15,-1.670589218715574e-17,0.0,0,0.0,0.0,0.004357176858116289,0.0,0,0.0,0.0,0.004357176858116289,0.0,0.0
MAR01074,567,-1.8045529797081905e-15,3.2669640277347526e-15,-1.6268619459413102e-17,0.0,0,0.0,0.0,0.00441849069762059,0.0,0,0.0,0.0,0.00441849069762059,0.0,0.0
MAR00522,559,-1.8049565022886266e-15,3.2299710859434608e-15,-1.6525901562982175e-17,0.0,0,0.0,0.0,0.004481554769642852,0.0,0,0.0,0.0,0.004481554769642852,0.0,0.0
MAR00343,543,-1.805799217953847e-15,3.795875911220024e-15,-1.659420380241864e-17,0.0,0,0.0,0.0,0.004613242186326175,0.0,0,0.0,0.0,0.004613242186326175,0.0,0.0
MAR00460,565,-1.81094077786645e-15,3.72109248686689e-15,-1.6711371987551418e-17,0.0,0,0.0,0.0,0.004434089734923025,0.0,0,0.0,0.0,0.004434089734923025,0.0,0.0
MAR10371,580,-1.813109049870601e-15,3.732964978702489e-15,-1.687905887680876e-17,0.0,0,0.0,0.0,0.004319712401627411,0.0,0,0.0,0.0,0.004319712401627411,0.0,0.0
MAR05527,569,-1.8231852270821558e-15,3.4019627395658146e-15,-1.6486382323703395e-17,0.0,0,0.0,0.0,0.004403001029543098,0.0,0,0.0,0.0,0.004403001029543098,0.0,0.0
MAR00416,576,-1.825700084939146e-15,4.077609237574441e-15,-1.7060869356103047e-17,0.0,0,0.0,0.0,0.004349632068826215,0.0,0,0.0,0.0,0.004349632068826215,0.0,0.0
MAR00302,576,-1.825700084939146e-15,3.720589971665698e-15,-1.6948993043187044e-17,0.0,0,0.0,0.0,0.004349632068826215,0.0,0,0.0,0.0,0.004349632068826215,0.0,0.0
MAR07572,568,-1.8263950602284265e-15,3.7603138675080356e-15,-1.6716425667915266e-17,0.0,0,0.0,0.0,0.004410732264444036,0.0,0,0.0,0.0,0.004410732264444036,0.0,0.0
MAR04858,568,-1.8263950602284265e-15,3.51840536074583e-15,-1.6394494581622887e-17,0.0,0,0.0,0.0,0.004410732264444036,0.0,0,0.0,0.0,0.004410732264444036,0.0,0.0
MAR01672,582,-1.8312957107219075e-15,3.3414676995842323e-15,-1.6737357381546597e-17,0.0,0,0.0,0.0,0.004304906394243486,0.0,0,0.0,0.0,0.004304906394243486,0.0,0.0
MAR09771,549,-1.8378336699077276e-15,3.4203082984183284e-15,-1.6924348312842415e-17,0.0,0,0.0,0.0,0.004562962366977274,0.0,0,0.0,0.0,0.004562962366977274,0.0,0.0
MAR00838,564,-1.839348216683947e-15,3.3847462972317722e-15,-1.6610500931193244e-17,0.0,0,0.0,0.0,0.004441930629657058,0.0,0,0.0,0.0,0.004441930629657058,0.0,0.0
MAR12225,555,-1.843570341431612e-15,4.718705776183735e-15,-1.808631785596347e-17,0.0,0,0.0,0.0,0.004513766730450679,0.0,0,0.0,0.0,0.004513766730450679,0.0,0.0
MAR00440,562,-1.845893939874994e-15,3.9089942789007725e-15,-1.6704414360495248e-17,0.0,0,0.0,0.0,0.0044576959055467585,0.0,0,0.0,0.0,0.0044576959055467585,0.0,0.0
MAR01122,585,-1.8461965100091493e-15,3.4005085747273093e-15,-1.6936162024586635e-17,0.0,0,0.0,0.0,0.004282886715357432,0.0,0,0.0,0.0,0.004282886715357432,0.0,0.0
MAR02665,554,-1.846898085730225e-15,4.67224816349381e-15,-1.69606180209858e-17,0.0,0,0.0,0.0,0.004521892203603858,0.0,0,0.0,0.0,0.004521892203603858,0.0,0.0
MAR01221,569,-1.8481603671791706e-15,3.991748688668237e-15,-1.7632156319185104e-17,0.0,0,0.0,0.0,0.004403001029543098,0.0,0,0.0,0.0,0.004403001029543098,0.0,0.0
MAR00362,561,-1.8491843034041823e-15,4.0572180933887986e-15,-1.6968576209808818e-17,0.0,0,0.0,0.0,0.004465620583537596,0.0,0,0.0,0.0,0.004465620583537596,0.0,0.0
MAR08507,568,-1.851414170642514e-15,4.165600290881098e-15,-1.5721461320784164e-17,0.0,0,0.0,0.0,0.004410732264444036,0.0,0,0.0,0.0,0.004410732264444036,0.0,0.0
MAR12208,552,-1.853589745461131e-15,3.3763107563583977e-15,-1.6884036004008838e-17,0.0,0,0.0,0.0,0.004538231229443332,0.0,0,0.0,0.0,0.004538231229443332,0.0,0.0
MAR00784,575,-1.8535897454611313e-15,3.736635227094619e-15,-1.7289716777489318e-17,0.0,0,0.0,0.0,0.004357176858116289,0.0,0,0.0,0.0,0.004357176858116289,0.0,0.0
MAR02247,574,-1.8568189958887637e-15,3.7735365090986436e-15,-1.7660482944070236e-17,0.0,0,0.0,0.0,0.004364747866934595,0.0,0,0.0,0.0,0.004364747866934595,0.0,0.0
MAR01867,558,-1.8591261544977534e-15,3.5166913900256574e-15,-1.743870993285706e-17,0.0,0,0.0,0.0,0.004489564580987142,0.0,0,0.0,0.0,0.004489564580987142,0.0,0.0
MAR00940,550,-1.8603300718082625e-15,3.4535019580216377e-15,-1.7121936405126903e-17,0.0,0,0.0,0.0,0.0045546887593671224,0.0,0,0.0,0.0,0.0045546887593671224,0.0,0.0
MAR11303,557,-1.862463903428629e-15,3.2537721652946546e-15,-1.7388164734849984e-17,0.0,0,0.0,0.0,0.004497603075155535,0.0,0,0.0,0.0,0.004497603075155535,0.0,0.0
MAR01678,579,-1.8653280800610577e-15,3.269272313613415e-15,-1.6996890792789338e-17,0.0,0,0.0,0.0,0.00432715366313485,0.0,0,0.0,0.0,0.00432715366313485,0.0,0.0
MAR00248,571,-1.866574612329511e-15,3.804645213560835e-15,-1.739876190379601e-17,0.0,0,0.0,0.0,0.00438761958448344,0.0,0,0.0,0.0,0.00438761958448344,0.0,0.0
MAR06598,563,-1.8678565700265513e-15,4.065366554458466e-15,-1.7482730212996137e-17,0.0,0,0.0,0.0,0.004449799303901048,0.0,0,0.0,0.0,0.004449799303901048,0.0,0.0
MAR00102,569,-1.873135507276187e-15,3.1499454651653483e-15,-1.650199715695124e-17,0.0,0,0.0,0.0,0.004403001029543098,0.0,0,0.0,0.0,0.004403001029543098,0.0,0.0
MAR02016,537,-1.878902578732481e-15,3.2288985970359273e-15,-1.7381766214470162e-17,0.0,0,0.0,0.0,0.004664642427888463,0.0,0,0.0,0.0,0.004664642427888463,0.0,0.0
MAR04527,567,-1.8797426871960325e-15,3.0578516046961275e-15,-1.7303693357750664e-17,0.0,0,0.0,0.0,0.00441849069762059,0.0,0,0.0,0.0,0.00441849069762059,0.0,0.0
MAR02433,558,-1.8845936360662164e-15,3.485767929778414e-15,-1.7024651497342713e-17,0.0,0,0.0,0.0,0.004489564580987142,0.0,0,0.0,0.0,0.004489564580987142,0.0,0.0
MAR06756,573,-1.8848603112658855e-15,3.140009179715689e-15,-1.6494294529635828e-17,0.0,0,0.0,0.0,0.0043723452321952965,0.0,0,0.0,0.0,0.0043723452321952965,0.0,0.0
MAR09957,572,-1.888155521600266e-15,3.321613116774108e-15,-1.7800345780756352e-17,0.0,0,0.0,0.0,0.004379969091767465,0.0,0,0.0,0.0,0.004379969091767465,0.0,0.0
MAR01283,547,-1.896512603674125e-15,3.522406434312426e-15,-1.7121591519772016e-17,0.0,0,0.0,0.0,0.004579600085029117,0.0,0,0.0,0.0,0.004579600085029117,0.0,0.0
MAR01292,546,-1.8999860699812206e-15,3.549380147880475e-15,-1.7578364157877208e-17,0.0,0,0.0,0.0,0.004587964526068459,0.0,0,0.0,0.0,0.004587964526068459,0.0,0.0
MAR09649,559,-1.906644192558409e-15,3.820004852615071e-15,-1.7442711502912188e-17,0.0,0,0.0,0.0,0.004481554769642852,0.0,0,0.0,0.0,0.004481554769642852,0.0,0.0
MAR04386,528,-1.9109293272336027e-15,3.7266387935499226e-15,-1.8189260043108867e-17,0.0,0,0.0,0.0,0.0047439268977446615,0.0,0,0.0,0.0,0.0047439268977446615,0.0,0.0
MAR01706,549,-1.9154886137066453e-15,3.5172781655903856e-15,-1.7905271963037865e-17,0.0,0,0.0,0.0,0.004562962366977274,0.0,0,0.0,0.0,0.004562962366977274,0.0,0.0
MAR06047,531,-1.9268955546036615e-15,4.1843887810129774e-15,-1.717235321638721e-17,0.0,0,0.0,0.0,0.004717200964344275,0.0,0,0.0,0.0,0.004717200964344275,0.0,0.0
MAR00212,575,-1.9277333352795767e-15,3.7317360480050174e-15,-1.8182702152112573e-17,0.0,0,0.0,0.0,0.004357176858116289,0.0,0,0.0,0.0,0.004357176858116289,0.0,0.0
MAR12042,550,-1.9378438248002747e-15,3.2538965354511777e-15,-1.798051872041038e-17,0.0,0,0.0,0.0,0.0045546887593671224,0.0,0,0.0,0.0,0.0045546887593671224,0.0,0.0
MAR02075,542,-1.940227396540496e-15,3.485143754904018e-15,-1.817712465206705e-17,0.0,0,0.0,0.0,0.00462173008405905,0.0,0,0.0,0.0,0.00462173008405905,0.0,0.0
MAR00276,556,-1.9424909322937996e-15,3.677209791323845e-15,-1.8014119182483886e-17,0.0,0,0.0,0.0,0.0045056704064922026,0.0,0,0.0,0.0,0.0045056704064922026,0.0,0.0
MAR02201,563,-1.9435804850276273e-15,3.398934200676264e-15,-1.832854811392011e-17,0.0,0,0.0,0.0,0.004449799303901048,0.0,0,0.0,0.0,0.004449799303901048,0.0,0.0
MAR08344,584,-1.9466924267400008e-15,3.5424763811134695e-15,-1.8429393075456407e-17,0.0,0,0.0,0.0,0.004290201536487618,0.0,0,0.0,0.0,0.004290201536487618,0.0,0.0
MAR04548,568,-1.951490612298867e-15,2.929847016190654e-15,-1.7440850504496622e-17,0.0,0,0.0,0.0,0.004410732264444036,0.0,0,0.0,0.0,0.004410732264444036,0.0,0.0
MAR00934,560,-1.953992523340276e-15,2.8029517512673023e-15,-1.7470410502649202e-17,0.0,0,0.0,0.0,0.0044735734878779895,0.0,0,0.0,0.0,0.0044735734878779895,0.0,0.0
MAR02670,567,-1.9549323946838734e-15,4.514339473371025e-15,-1.7476062726494606e-17,0.0,0,0.0,0.0,0.00441849069762059,0.0,0,0.0,0.0,0.00441849069762059,0.0,0.0
MAR03382,559,-1.957488037693299e-15,3.3343609615381496e-15,-1.7651720399696986e-17,0.0,0,0.0,0.0,0.004481554769642852,0.0,0,0.0,0.0,0.004481554769642852,0.0,0.0
MAR07597,566,-1.9583863388440925e-15,3.3688130711685833e-15,-1.733033183317628e-17,0.0,0,0.0,0.0,0.0044262764728495866,0.0,0,0.0,0.0,0.0044262764728495866,0.0,0.0
MAR10184,528,-1.964758322366944e-15,3.639885693297864e-15,-1.874525179321614e-17,0.0,0,0.0,0.0,0.0047439268977446615,0.0,0,0.0,0.0,0.0047439268977446615,0.0,0.0
MAR04959,555,-1.9715960595865843e-15,4.251532883900687e-15,-1.7897991364450886e-17,0.0,0,0.0,0.0,0.004513766730450679,0.0,0,0.0,0.0,0.004513766730450679,0.0,0.0
MAR07019,555,-1.9715960595865847e-15,3.2413716409130873e-15,-1.7647618938703425e-17,0.0,0,0.0,0.0,0.004513766730450679,0.0,0,0.0,0.0,0.004513766730450679,0.0,0.0
MAR01059,562,-1.972325031647253e-15,3.4273661333396515e-15,-1.775876124671171e-17,0.0,0,0.0,0.0,0.0044576959055467585,0.0,0,0.0,0.0,0.0044576959055467585,0.0,0.0
MAR10022,552,-1.9823112555625977e-15,3.472449039602919e-15,-1.8349130972755397e-17,0.0,0,0.0,0.0,0.004538231229443332,0.0,0,0.0,0.0,0.004538231229443332,0.0,0.0
MAR02019,566,-1.9834938560087597e-15,3.31578845416608e-15,-1.859840736678126e-17,0.0,0,0.0,0.0,0.0044262764728495866,0.0,0,0.0,0.0,0.0044262764728495866,0.0,0.0
MAR11545,573,-1.984063485543038e-15,4.877398030790811e-15,-1.9301362890513054e-17,0.0,0,0.0,0.0,0.0043723452321952965,0.0,0,0.0,0.0,0.0043723452321952965,0.0,0.0
MAR04945,580,-1.9846193653989e-15,4.0769321936387465e-15,-1.8194893151223696e-17,0.0,0,0.0,0.0,0.004319712401627411,0.0,0,0.0,0.0,0.004319712401627411,0.0,0.0
MAR00534,564,-1.99052752216482e-15,4.002102797929259e-15,-1.814580778157002e-17,0.0,0,0.0,0.0,0.004441930629657058,0.0,0,0.0,0.0,0.004441930629657058,0.0,0.0
MAR02578,564,-1.9905275221648206e-15,3.317599650277372e-15,-1.841992886811518e-17,0.0,0,0.0,0.0,0.004441930629657058,0.0,0,0.0,0.0,0.004441930629657058,0.0,0.0
MAR02546,542,-1.992665974825374e-15,3.877059483513849e-15,-1.8826726318832135e-17,0.0,0,0.0,0.0,0.00462173008405905,0.0,0,0.0,0.0,0.00462173008405905,0.0,0.0
MAR11589,563,-1.9940630950283455e-15,4.5332713676451076e-15,-1.8783219451739027e-17,0.0,0,0.0,0.0,0.004449799303901048,0.0,0,0.0,0.0,0.004449799303901048,0.0,0.0
MAR01003,568,-2.001528833127043e-15,3.336844948452096e-15,-1.829216782613727e-17,0.0,0,0.0,0.0,0.004410732264444036,0.0,0,0.0,0.0,0.004410732264444036,0.0,0.0
MAR03877,560,-2.004745575894568e-15,3.713314342630479e-15,-1.894216563828066e-17,0.0,0,0.0,0.0,0.0044735734878779895,0.0,0,0.0,0.0,0.0044735734878779895,0.0,0.0
MAR00935,552,-2.0080555575828917e-15,3.536180001495124e-15,-1.8407910481348608e-17,0.0,0,0.0,0.0,0.004538231229443332,0.0,0,0.0,0.0,0.004538231229443332,0.0,0.0
MAR02078,572,-2.012376279600284e-15,3.2656345481195163e-15,-1.892460412124061e-17,0.0,0,0.0,0.0,0.004379969091767465,0.0,0,0.0,0.0,0.004379969091767465,0.0,0.0
MAR04859,542,-2.0188852639678122e-15,4.3308996971163555e-15,-1.8683874790783193e-17,0.0,0,0.0,0.0,0.00462173008405905,0.0,0,0.0,0.0,0.00462173008405905,0.0,0.0
MAR04414,549,-2.0190285387718693e-15,3.646114246775793e-15,-1.8390258291415334e-17,0.0,0,0.0,0.0,0.004562962366977274,0.0,0,0.0,0.0,0.004562962366977274,0.0,0.0
MAR12307,548,-2.0227128974192632e-15,2.926106985072913e-15,-1.7938443839967196e-17,0.0,0,0.0,0.0,0.004571266087298871,0.0,0,0.0,0.0,0.004571266087298871,0.0,0.0
MAR10153,548,-2.0227128974192632e-15,3.927575841158515e-15,-1.914231290458678e-17,0.0,0,0.0,0.0,0.004571266087298871,0.0,0,0.0,0.0,0.004571266087298871,0.0,0.0
MAR02074,540,-2.026362616797323e-15,3.5381115507106457e-15,-1.868743670872206e-17,0.0,0,0.0,0.0,0.00463879992662872,0.0,0,0.0,0.0,0.00463879992662872,0.0,0.0
MAR00146,560,-2.0301221021717147e-15,3.6947408110492e-15,-1.8503195785557565e-17,0.0,0,0.0,0.0,0.0044735734878779895,0.0,0,0.0,0.0,0.0044735734878779895,0.0,0.0
MAR01111,546,-2.0301221021717147e-15,3.823642478489552e-15,-1.8728752181671006e-17,0.0,0,0.0,0.0,0.004587964526068459,0.0,0,0.0,0.0,0.004587964526068459,0.0,0.0
MAR03224,573,-2.0336650726816138e-15,3.990187997545373e-15,-1.8306596138351125e-17,0.0,0,0.0,0.0,0.0043723452321952965,0.0,0,0.0,0.0,0.0043723452321952965,0.0,0.0
MAR00261,559,-2.033753805395636e-15,3.3127533809112545e-15,-1.7860938802015198e-17,0.0,0,0.0,0.0,0.004481554769642852,0.0,0,0.0,0.0,0.004481554769642852,0.0,0.0
MAR12189,571,-2.0407882428135983e-15,3.2026102483725525e-15,-1.838845987751732e-17,0.0,0,0.0,0.0,0.00438761958448344,0.0,0,0.0,0.0,0.00438761958448344,0.0,0.0
MAR04570,563,-2.044545705029063e-15,2.964305525268919e-15,-1.8150436641135847e-17,0.0,0,0.0,0.0,0.004449799303901048,0.0,0,0.0,0.0,0.004449799303901048,0.0,0.0
MAR07040,549,-2.0449135200381754e-15,3.822691865595803e-15,-1.809266760385708e-17,0.0,0,0.0,0.0,0.004562962366977274,0.0,0,0.0,0.0,0.004562962366977274,0.0,0.0
MAR12196,583,-2.047533097902176e-15,3.3790362253324943e-15,-1.8901490436093404e-17,0.0,0,0.0,0.0,0.004297541386555887,0.0,0,0.0,0.0,0.004297541386555887,0.0,0.0
MAR06129,555,-2.048411490479568e-15,3.757179764694154e-15,-1.8369025835156415e-17,0.0,0,0.0,0.0,0.004513766730450679,0.0,0,0.0,0.0,0.004513766730450679,0.0,0.0
MAR04936,539,-2.056487324277841e-15,4.393131433174065e-15,-1.8415877326372354e-17,0.0,0,0.0,0.0,0.004647382219459146,0.0,0,0.0,0.0,0.004647382219459146,0.0,0.0
MAR01367,598,-2.0674654853220304e-15,3.5405495695102775e-15,-1.855213333200079e-17,0.0,0,0.0,0.0,0.004190014686669523,0.0,0,0.0,0.0,0.004190014686669523,0.0,0.0
MAR09053,582,-2.075468472151496e-15,3.1657324010743546e-15,-1.9055652763277325e-17,0.0,0,0.0,0.0,0.004304906394243486,0.0,0,0.0,0.0,0.004304906394243486,0.0,0.0
MAR09423,559,-2.0845976505305267e-15,4.515265883053647e-15,-2.0508443603461885e-17,0.0,0,0.0,0.0,0.004481554769642852,0.0,0,0.0,0.0,0.004481554769642852,0.0,0.0
MAR01144,544,-2.089831575765001e-15,3.884227312362505e-15,-1.901073784486271e-17,0.0,0,0.0,0.0,0.004604785407758596,0.0,0,0.0,0.0,0.004604785407758596,0.0,0.0
MAR00274,537,-2.0906099115474093e-15,3.946936945178606e-15,-1.9655746907494213e-17,0.0,0,0.0,0.0,0.004664642427888463,0.0,0,0.0,0.0,0.004664642427888463,0.0,0.0
MAR00111,557,-2.092082740837638e-15,3.651393361223477e-15,-1.8332110955126914e-17,0.0,0,0.0,0.0,0.004497603075155535,0.0,0,0.0,0.0,0.004497603075155535,0.0,0.0
MAR10225,562,-2.098756123419513e-15,4.285985125401121e-15,-1.9756348534496125e-17,0.0,0,0.0,0.0,0.0044576959055467585,0.0,0,0.0,0.0,0.0044576959055467585,0.0,0.0
MAR00168,547,-2.1043496013370428e-15,3.4955971274748747e-15,-1.8974118899629258e-17,0.0,0,0.0,0.0,0.004579600085029117,0.0,0,0.0,0.0,0.004579600085029117,0.0,0.0
MAR01365,572,-2.1117528860002972e-15,3.709302534604825e-15,-1.9475339626293388e-17,0.0,0,0.0,0.0,0.004379969091767465,0.0,0,0.0,0.0,0.004379969091767465,0.0,0.0
MAR00836,556,-2.121404570794544e-15,3.5037784400077275e-15,-1.937786537996605e-17,0.0,0,0.0,0.0,0.0045056704064922026,0.0,0,0.0,0.0,0.0045056704064922026,0.0,0.0
MAR10350,548,-2.126441763953585e-15,4.430616023779445e-15,-1.997036175054242e-17,0.0,0,0.0,0.0,0.004571266087298871,0.0,0,0.0,0.0,0.004571266087298871,0.0,0.0
MAR07033,567,-2.1303750454888372e-15,3.813162021065024e-15,-1.9457758256400897e-17,0.0,0,0.0,0.0,0.00441849069762059,0.0,0,0.0,0.0,0.00441849069762059,0.0,0.0
MAR04427,560,-2.1316282072803005e-15,3.3790884053253725e-15,-1.9206134163435078e-17,0.0,0,0.0,0.0,0.0044735734878779895,0.0,0,0.0,0.0,0.0044735734878779895,0.0,0.0
MAR00330,573,-2.1328682469587655e-15,3.556037034605114e-15,-1.9100925278058424e-17,0.0,0,0.0,0.0,0.0043723452321952965,0.0,0,0.0,0.0,0.0043723452321952965,0.0,0.0
MAR04828,566,-2.1341389589967675e-15,3.787528733188118e-15,-1.9543502133197832e-17,0.0,0,0.0,0.0,0.0044262764728495866,0.0,0,0.0,0.0,0.0044262764728495866,0.0,0.0
MAR02166,559,-2.1354414956654176e-15,3.504850674473279e-15,-1.9671444444135264e-17,0.0,0,0.0,0.0,0.004481554769642852,0.0,0,0.0,0.0,0.004481554769642852,0.0,0.0
MAR01171,564,-2.141706827645692e-15,3.548633317824504e-15,-1.9304142380910338e-17,0.0,0,0.0,0.0,0.004441930629657058,0.0,0,0.0,0.0,0.004441930629657058,0.0,0.0
MAR05453,564,-2.141706827645693e-15,3.4125016663429645e-15,-1.904597855238956e-17,0.0,0,0.0,0.0,0.004441930629657058,0.0,0,0.0,0.0,0.004441930629657058,0.0,0.0
MAR02379,564,-2.1417068276456936e-15,5.329503255722789e-15,-1.9456932362920405e-17,0.0,0,0.0,0.0,0.004441930629657058,0.0,0,0.0,0.0,0.004441930629657058,0.0,0.0
MAR00679,557,-2.1431091491507514e-15,3.2595688692073057e-15,-1.9399565123266952e-17,0.0,0,0.0,0.0,0.004497603075155535,0.0,0,0.0,0.0,0.004497603075155535,0.0,0.0
MAR00519,563,-2.145510925030499e-15,3.373459877618172e-15,-1.9472343146100343e-17,0.0,0,0.0,0.0,0.004449799303901048,0.0,0,0.0,0.0,0.004449799303901048,0.0,0.0
MAR02381,576,-2.1464311809419708e-15,4.9388516507516826e-15,-1.8234740416302964e-17,0.0,0,0.0,0.0,0.004349632068826215,0.0,0,0.0,0.0,0.004349632068826215,0.0,0.0
MAR01090,549,-2.1484534451033998e-15,3.3513789567436633e-15,-1.9254107233857105e-17,0.0,0,0.0,0.0,0.004562962366977274,0.0,0,0.0,0.0,0.004562962366977274,0.0,0.0
MAR01217,559,-2.1608634182328628e-15,3.1606850078284002e-15,-1.9410695963924972e-17,0.0,0,0.0,0.0,0.004481554769642852,0.0,0,0.0,0.0,0.004481554769642852,0.0,0.0
MAR12396,577,-2.1673400605507395e-15,3.52408519244267e-15,-1.9960860237735462e-17,0.0,0,0.0,0.0,0.004342113363096878,0.0,0,0.0,0.0,0.004342113363096878,0.0,0.0
MAR09208,590,-2.1677574989291194e-15,3.592799898440904e-15,-2.043774889110123e-17,0.0,0,0.0,0.0,0.0042466836008472324,0.0,0,0.0,0.0,0.0042466836008472324,0.0,0.0
MAR08661,576,-2.1711028037114174e-15,3.131890482157219e-15,-1.933605001198041e-17,0.0,0,0.0,0.0,0.004349632068826215,0.0,0,0.0,0.0,0.004349632068826215,0.0,0.0
MAR08717,582,-2.173137576723331e-15,3.441495602824034e-15,-1.9858477165149017e-17,0.0,0,0.0,0.0,0.004304906394243486,0.0,0,0.0,0.0,0.004304906394243486,0.0,0.0
MAR00772,562,-2.174614778482869e-15,3.841000423673967e-15,-1.985396035399769e-17,0.0,0,0.0,0.0,0.0044576959055467585,0.0,0,0.0,0.0,0.0044576959055467585,0.0,0.0
MAR12296,567,-2.180501517147398e-15,4.843077518886913e-15,-2.0222435013172977e-17,0.0,0,0.0,0.0,0.00441849069762059,0.0,0,0.0,0.0,0.00441849069762059,0.0,0.0
MAR01462,553,-2.18430859094425e-15,4.774137290305813e-15,-2.0782558440499872e-17,0.0,0,0.0,0.0,0.00453004698365408,0.0,0,0.0,0.0,0.00453004698365408,0.0,0.0
MAR12158,591,-2.188134989988803e-15,3.3572439306083985e-15,-1.9534395463485907e-17,0.0,0,0.0,0.0,0.00423951629958479,0.0,0,0.0,0.0,0.00423951629958479,0.0,0.0
MAR02046,577,-2.191968924875179e-15,3.2962508674018295e-15,-2.0034523286562412e-17,0.0,0,0.0,0.0,0.004342113363096878,0.0,0,0.0,0.0,0.004342113363096878,0.0,0.0
MAR04536,564,-2.192099929472649e-15,3.4876569031574234e-15,-1.9931024756506188e-17,0.0,0,0.0,0.0,0.004441930629657058,0.0,0,0.0,0.0,0.004441930629657058,0.0,0.0
MAR00527,570,-2.193956517434695e-15,4.2924195023602684e-15,-2.0535258911866172e-17,0.0,0,0.0,0.0,0.004395296850147243,0.0,0,0.0,0.0,0.004395296850147243,0.0,0.0
MAR08044,568,-2.201681716439747e-15,3.748685261802652e-15,-1.9623146501408318e-17,0.0,0,0.0,0.0,0.004410732264444036,0.0,0,0.0,0.0,0.004410732264444036,0.0,0.0
MAR01300,574,-2.2034252084546665e-15,3.4282424383963296e-15,-1.9846795395935487e-17,0.0,0,0.0,0.0,0.004364747866934595,0.0,0,0.0,0.0,0.004364747866934595,0.0,0.0
MAR06982,547,-2.2082681001685017e-15,3.5459903555328675e-15,-2.037850532163766e-17,0.0,0,0.0,0.0,0.004579600085029117,0.0,0,0.0,0.0,0.004579600085029117,0.0,0.0
MAR11961,565,-2.2133720618367726e-15,5.004820236159003e-15,-2.1578917739317776e-17,0.0,0,0.0,0.0,0.004434089734923025,0.0,0,0.0,0.0,0.004434089734923025,0.0,0.0
MAR01068,577,-2.21659778919962e-15,3.7680172559093844e-15,-2.041255299551351e-17,0.0,0,0.0,0.0,0.004342113363096878,0.0,0,0.0,0.0,0.004342113363096878,0.0,0.0
MAR00184,538,-2.2187951599943665e-15,4.068389649257342e-15,-2.1016677210032445e-17,0.0,0,0.0,0.0,0.004655996327465773,0.0,0,0.0,0.0,0.004655996327465773,0.0,0.0
MAR10352,557,-2.2196487616204208e-15,4.2503219674921935e-15,-2.0491095464394167e-17,0.0,0,0.0,0.0,0.004497603075155535,0.0,0,0.0,0.0,0.004497603075155535,0.0,0.0
MAR07030,557,-2.219648761620421e-15,3.5711729949826745e-15,-1.9970681022814424e-17,0.0,0,0.0,0.0,0.004497603075155535,0.0,0,0.0,0.0,0.004497603075155535,0.0,0.0
MAR00422,557,-2.219648761620421e-15,4.169935602773013e-15,-2.0480218020615983e-17,0.0,0,0.0,0.0,0.004497603075155535,0.0,0,0.0,0.0,0.004497603075155535,0.0,0.0
MAR10230,576,-2.220446049250313e-15,3.4550831556494376e-15,-2.0437553403036546e-17,0.0,0,0.0,0.0,0.004349632068826215,0.0,0,0.0,0.0,0.004349632068826215,0.0,0.0
MAR01877,549,-2.2261083889023175e-15,3.189022882747389e-15,-2.0291886600800092e-17,0.0,0,0.0,0.0,0.004562962366977274,0.0,0,0.0,0.0,0.004562962366977274,0.0,0.0
MAR00537,568,-2.226700826853835e-15,3.816379658416212e-15,-2.00436945020799e-17,0.0,0,0.0,0.0,0.004410732264444036,0.0,0,0.0,0.0,0.004410732264444036,0.0,0.0
MAR10194,548,-2.2301706304879057e-15,3.7746447063212695e-15,-2.143685241801756e-17,0.0,0,0.0,0.0,0.004571266087298871,0.0,0,0.0,0.0,0.004571266087298871,0.0,0.0
MAR01168,548,-2.230170630487906e-15,3.614354961392177e-15,-2.0026019366212633e-17,0.0,0,0.0,0.0,0.004571266087298871,0.0,0,0.0,0.0,0.004571266087298871,0.0,0.0
MAR00594,548,-2.230170630487906e-15,4.114523726723831e-15,-2.0893806115307798e-17,0.0,0,0.0,0.0,0.004571266087298871,0.0,0,0.0,0.0,0.004571266087298871,0.0,0.0
MAR00411,573,-2.232071421235916e-15,3.560605948879073e-15,-2.0464026286395007e-17,0.0,0,0.0,0.0,0.0043723452321952965,0.0,0,0.0,0.0,0.0043723452321952965,0.0,0.0
MAR00669,579,-2.233484937967845e-15,3.639661103129159e-15,-1.9813954989054778e-17,0.0,0,0.0,0.0,0.00432715366313485,0.0,0,0.0,0.0,0.00432715366313485,0.0,0.0
MAR02110,546,-2.238339753676506e-15,3.532630695972326e-15,-2.0442106303559328e-17,0.0,0,0.0,0.0,0.004587964526068459,0.0,0,0.0,0.0,0.004587964526068459,0.0,0.0
MAR01241,546,-2.238339753676506e-15,3.768002494962387e-15,-2.0346532488027094e-17,0.0,0,0.0,0.0,0.004587964526068459,0.0,0,0.0,0.0,0.004587964526068459,0.0,0.0
MAR09137,565,-2.2385240170849176e-15,3.3102914663175028e-15,-2.0775972342439936e-17,0.0,0,0.0,0.0,0.004434089734923025,0.0,0,0.0,0.0,0.004434089734923025,0.0,0.0
MAR01247,571,-2.239889534795412e-15,3.433699244792109e-15,-2.015631086990435e-17,0.0,0,0.0,0.0,0.00438761958448344,0.0,0,0.0,0.0,0.00438761958448344,0.0,0.0
MAR01270,537,-2.249390411158604e-15,2.830825514020532e-15,-1.9574686654817566e-17,0.0,0,0.0,0.0,0.004664642427888463,0.0,0,0.0,0.0,0.004664642427888463,0.0,0.0
MAR12347,568,-2.2517199372679237e-15,3.671562280446226e-15,-2.098771295893264e-17,0.0,0,0.0,0.0,0.004410732264444036,0.0,0,0.0,0.0,0.004410732264444036,0.0,0.0
MAR00432,580,-2.254135575514801e-15,3.883365197432862e-15,-2.0492690872725642e-17,0.0,0,0.0,0.0,0.004319712401627411,0.0,0,0.0,0.0,0.004319712401627411,0.0,0.0
MAR01036,567,-2.255691224635238e-15,3.5187280913099235e-15,-2.0119540731315712e-17,0.0,0,0.0,0.0,0.00441849069762059,0.0,0,0.0,0.0,0.00441849069762059,0.0,0.0
MAR00532,567,-2.2556912246352386e-15,4.073242112089634e-15,-2.0434514022164202e-17,0.0,0,0.0,0.0,0.00441849069762059,0.0,0,0.0,0.0,0.00441849069762059,0.0,0.0
MAR01599,548,-2.2561028471214864e-15,5.28909784973165e-15,-2.1845702002248728e-17,0.0,0,0.0,0.0,0.004571266087298871,0.0,0,0.0,0.0,0.004571266087298871,0.0,0.0
MAR00631,558,-2.2666058595931504e-15,3.272784464998954e-15,-2.0157637115387335e-17,0.0,0,0.0,0.0,0.004489564580987142,0.0,0,0.0,0.0,0.004489564580987142,0.0,0.0
MAR12343,558,-2.2666058595931512e-15,3.5256737407376876e-15,-2.0920792959220898e-17,0.0,0,0.0,0.0,0.004489564580987142,0.0,0,0.0,0.0,0.004489564580987142,0.0,0.0
MAR00933,555,-2.27885778315852e-15,2.889148512386142e-15,-2.0479401030316153e-17,0.0,0,0.0,0.0,0.004513766730450679,0.0,0,0.0,0.0,0.004513766730450679,0.0,0.0
MAR00993,566,-2.2847840619847745e-15,3.0112049728029238e-15,-1.9859195874104833e-17,0.0,0,0.0,0.0,0.0044262764728495866,0.0,0,0.0,0.0,0.0044262764728495866,0.0,0.0
MAR04699,551,-2.2954012153411586e-15,3.5450148585079176e-15,-2.0963202593061732e-17,0.0,0,0.0,0.0,0.004546445100963565,0.0,0,0.0,0.0,0.004546445100963565,0.0,0.0
MAR00010,563,-2.29695875503265e-15,3.727605675643631e-15,-2.0549034049221413e-17,0.0,0,0.0,0.0,0.004449799303901048,0.0,0,0.0,0.0,0.004449799303901048,0.0,0.0
MAR11595,574,-2.302455554902067e-15,4.933729147420834e-15,-2.1799369081205905e-17,0.0,0,0.0,0.0,0.004364747866934595,0.0,0,0.0,0.0,0.004364747866934595,0.0,0.0
MAR00138,561,-2.305147556298364e-15,3.314506092411878e-15,-2.063292867027515e-17,0.0,0,0.0,0.0,0.004465620583537596,0.0,0,0.0,0.0,0.004465620583537596,0.0,0.0
MAR00262,567,-2.3058176962938002e-15,3.33692638007867e-15,-2.0568663274626007e-17,0.0,0,0.0,0.0,0.00441849069762059,0.0,0,0.0,0.0,0.00441849069762059,0.0,0.0
MAR02003,554,-2.3086226071627805e-15,3.5460049694454654e-15,-2.1373653935486243e-17,0.0,0,0.0,0.0,0.004521892203603858,0.0,0,0.0,0.0,0.004521892203603858,0.0,0.0
MAR00294,578,-2.3111078602577652e-15,3.621635559895861e-15,-2.0849126992166992e-17,0.0,0,0.0,0.0,0.004334620605899285,0.0,0,0.0,0.0,0.004334620605899285,0.0,0.0
MAR02171,565,-2.3139798828293528e-15,3.0828961911712872e-15,-2.062455183482279e-17,0.0,0,0.0,0.0,0.004434089734923025,0.0,0,0.0,0.0,0.004434089734923025,0.0,0.0
MAR03230,571,-2.3145525192885935e-15,3.579333508458001e-15,-2.045364307429593e-17,0.0,0,0.0,0.0,0.00438761958448344,0.0,0,0.0,0.0,0.00438761958448344,0.0,0.0
MAR01294,564,-2.3180826840400426e-15,3.736571685913313e-15,-2.1024557890440533e-17,0.0,0,0.0,0.0,0.004441930629657058,0.0,0,0.0,0.0,0.004441930629657058,0.0,0.0
MAR00299,570,-2.318613137743485e-15,3.684622462564266e-15,-2.0816269178954237e-17,0.0,0,0.0,0.0,0.004395296850147243,0.0,0,0.0,0.0,0.004395296850147243,0.0,0.0
MAR02054,575,-2.323165814311284e-15,2.9002036897386174e-15,-2.0847277729938415e-17,0.0,0,0.0,0.0,0.004357176858116289,0.0,0,0.0,0.0,0.004357176858116289,0.0,0.0
MAR00970,575,-2.323165814311284e-15,3.8929726302071866e-15,-2.0755063476344326e-17,0.0,0,0.0,0.0,0.004357176858116289,0.0,0,0.0,0.0,0.004357176858116289,0.0,0.0
MAR02067,556,-2.3258773005096806e-15,3.0506173135096425e-15,-2.0760232620837284e-17,0.0,0,0.0,0.0,0.0045056704064922026,0.0,0,0.0,0.0,0.0045056704064922026,0.0,0.0
MAR01129,574,-2.3272131415139168e-15,3.2757857802549404e-15,-2.1195256769492466e-17,0.0,0,0.0,0.0,0.004364747866934595,0.0,0,0.0,0.0,0.004364747866934595,0.0,0.0
MAR11976,536,-2.333125401003315e-15,2.6727352942000207e-15,-2.04784086069341e-17,0.0,0,0.0,0.0,0.004673320699286043,0.0,0,0.0,0.0,0.004673320699286043,0.0,0.0
MAR12336,566,-2.33499909631411e-15,3.4771514020533567e-15,-2.1250005267118415e-17,0.0,0,0.0,0.0,0.0044262764728495866,0.0,0,0.0,0.0,0.0044262764728495866,0.0,0.0
MAR00821,571,-2.339440180786319e-15,3.55643617972121e-15,-2.1150393164475486e-17,0.0,0,0.0,0.0,0.00438761958448344,0.0,0,0.0,0.0,0.00438761958448344,0.0,0.0
MAR00991,545,-2.346746650216845e-15,3.358266271615655e-15,-2.0846970746351877e-17,0.0,0,0.0,0.0,0.004596359577531593,0.0,0,0.0,0.0,0.004596359577531593,0.0,0.0
MAR05098,551,-2.346983265124106e-15,3.334961662719857e-15,-2.0541399289025397e-17,0.0,0,0.0,0.0,0.004546445100963565,0.0,0,0.0,0.0,0.004546445100963565,0.0,0.0
MAR01878,569,-2.3476631691194875e-15,3.3083633847314924e-15,-2.1296647407271168e-17,0.0,0,0.0,0.0,0.004403001029543098,0.0,0,0.0,0.0,0.004403001029543098,0.0,0.0
MAR00476,542,-2.359736022819521e-15,4.351919077681335e-15,-2.23100810445367e-17,0.0,0,0.0,0.0,0.00462173008405905,0.0,0,0.0,0.0,0.00462173008405905,0.0,0.0
MAR11411,553,-2.3641928278455417e-15,4.9028527587507645e-15,-2.2339447617103712e-17,0.0,0,0.0,0.0,0.00453004698365408,0.0,0,0.0,0.0,0.00453004698365408,0.0,0.0
MAR01226,586,-2.376559320972349e-15,3.396564330577192e-15,-2.1335524342480378e-17,0.0,0,0.0,0.0,0.004275596795360198,0.0,0,0.0,0.0,0.004275596795360198,0.0,0.0
MAR03477,550,-2.3770884250883355e-15,3.8285945894773845e-15,-2.126096436148161e-17,0.0,0,0.0,0.0,0.0045546887593671224,0.0,0,0.0,0.0,0.0045546887593671224,0.0,0.0
MAR00423,544,-2.3771834174326884e-15,3.892450789614547e-15,-2.1142703146395187e-17,0.0,0,0.0,0.0,0.004604785407758596,0.0,0,0.0,0.0,0.004604785407758596,0.0,0.0
MAR04390,538,-2.377280528565391e-15,3.583306989307691e-15,-2.1231399600228237e-17,0.0,0,0.0,0.0,0.004655996327465773,0.0,0,0.0,0.0,0.004655996327465773,0.0,0.0
MAR08654,571,-2.389215503781773e-15,3.4152218605266727e-15,-2.131614172169048e-17,0.0,0,0.0,0.0,0.00438761958448344,0.0,0,0.0,0.0,0.00438761958448344,0.0,0.0
MAR00520,571,-2.3892155037817738e-15,4.11586227837107e-15,-2.1623605756734084e-17,0.0,0,0.0,0.0,0.00438761958448344,0.0,0,0.0,0.0,0.00438761958448344,0.0,0.0
MAR00090,564,-2.3936723367804793e-15,3.001051057600788e-15,-2.1429377375473584e-17,0.0,0,0.0,0.0,0.004441930629657058,0.0,0,0.0,0.0,0.004441930629657058,0.0,0.0
MAR04338,564,-2.39367233678048e-15,3.2361874504397642e-15,-2.1217612594179525e-17,0.0,0,0.0,0.0,0.004441930629657058,0.0,0,0.0,0.0,0.004441930629657058,0.0,0.0
MAR07690,552,-2.394220087887294e-15,3.401850520324698e-15,-2.084303326484154e-17,0.0,0,0.0,0.0,0.004538231229443332,0.0,0,0.0,0.0,0.004538231229443332,0.0,0.0
MAR04335,569,-2.39761344931352e-15,3.2857472978495615e-15,-2.1445809055700736e-17,0.0,0,0.0,0.0,0.004403001029543098,0.0,0,0.0,0.0,0.004403001029543098,0.0,0.0
MAR06378,545,-2.39889657577722e-15,4.009431720129405e-15,-2.1417388813798815e-17,0.0,0,0.0,0.0,0.004596359577531593,0.0,0,0.0,0.0,0.004596359577531593,0.0,0.0
MAR09864,574,-2.4014859013494675e-15,3.5997769135710574e-15,-2.1660861104456386e-17,0.0,0,0.0,0.0,0.004364747866934595,0.0,0,0.0,0.0,0.004364747866934595,0.0,0.0
MAR09049,562,-2.4021907436729367e-15,2.8930609333046625e-15,-2.0952157490440738e-17,0.0,0,0.0,0.0,0.0044576959055467585,0.0,0,0.0,0.0,0.0044576959055467585,0.0,0.0
MAR02096,585,-2.4049138748803392e-15,3.188066800914484e-15,-2.17501860975982e-17,0.0,0,0.0,0.0,0.004282886715357432,0.0,0,0.0,0.0,0.004282886715357432,0.0,0.0
MAR00451,567,-2.406070639610922e-15,3.984370166141211e-15,-2.1873514945991686e-17,0.0,0,0.0,0.0,0.00441849069762059,0.0,0,0.0,0.0,0.00441849069762059,0.0,0.0
MAR01004,560,-2.4107699963289115e-15,3.1253301174193183e-15,-2.1037536403421587e-17,0.0,0,0.0,0.0,0.0044735734878779895,0.0,0,0.0,0.0,0.0044735734878779895,0.0,0.0
MAR00954,571,-2.4141031652795003e-15,3.5305202662420418e-15,-2.1449933667113915e-17,0.0,0,0.0,0.0,0.00438761958448344,0.0,0,0.0,0.0,0.00438761958448344,0.0,0.0
MAR09825,559,-2.415082643907318e-15,3.1748669824586436e-15,-2.208275555294894e-17,0.0,0,0.0,0.0,0.004481554769642852,0.0,0,0.0,0.0,0.004481554769642852,0.0,0.0
MAR00944,564,-2.4188688876939576e-15,3.408909310973834e-15,-2.1397629649059297e-17,0.0,0,0.0,0.0,0.004441930629657058,0.0,0,0.0,0.0,0.004441930629657058,0.0,0.0
MAR09678,558,-2.4194107490039253e-15,4.25229069770482e-15,-2.1749370238538958e-17,0.0,0,0.0,0.0,0.004489564580987142,0.0,0,0.0,0.0,0.004489564580987142,0.0,0.0
MAR01271,546,-2.4205301987431985e-15,3.800704278827661e-15,-2.207731967191265e-17,0.0,0,0.0,0.0,0.004587964526068459,0.0,0,0.0,0.0,0.004587964526068459,0.0,0.0
MAR01163,575,-2.422023934069212e-15,3.337377725814785e-15,-2.1333871007795308e-17,0.0,0,0.0,0.0,0.004357176858116289,0.0,0,0.0,0.0,0.004357176858116289,0.0,0.0
MAR01251,563,-2.4231652800344444e-15,2.8265645574387527e-15,-2.091183751207679e-17,0.0,0,0.0,0.0,0.004449799303901048,0.0,0,0.0,0.0,0.004449799303901048,0.0,0.0
MAR00237,561,-2.431804015435637e-15,3.831172311012857e-15,-2.1662856941750887e-17,0.0,0,0.0,0.0,0.004465620583537596,0.0,0,0.0,0.0,0.004465620583537596,0.0,0.0
MAR00183,560,-2.4361465226060586e-15,3.623778354088604e-15,-2.222125364116699e-17,0.0,0,0.0,0.0,0.0044735734878779895,0.0,0,0.0,0.0,0.0044735734878779895,0.0,0.0
MAR01720,553,-2.4412860722318096e-15,3.4591350788937746e-15,-2.205721328765495e-17,0.0,0,0.0,0.0,0.00453004698365408,0.0,0,0.0,0.0,0.00453004698365408,0.0,0.0
MAR00079,563,-2.4484065850348035e-15,3.557822290313766e-15,-2.1544236123566908e-17,0.0,0,0.0,0.0,0.004449799303901048,0.0,0,0.0,0.0,0.004449799303901048,0.0,0.0
MAR01316,574,-2.451001074573168e-15,3.5214280380796054e-15,-2.2359337873793198e-17,0.0,0,0.0,0.0,0.004364747866934595,0.0,0,0.0,0.0,0.004364747866934595,0.0,0.0
MAR01506,566,-2.46053668213745e-15,3.2960231704599478e-15,-2.2188985643146747e-17,0.0,0,0.0,0.0,0.0044262764728495866,0.0,0,0.0,0.0,0.0044262764728495866,0.0,0.0
MAR08713,537,-2.4610977439735323e-15,3.582350922208753e-15,-2.2556292473985434e-17,0.0,0,0.0,0.0,0.004664642427888463,0.0,0,0.0,0.0,0.004664642427888463,0.0,0.0
MAR02699,560,-2.461523048883204e-15,3.187596151848403e-15,-2.1214011627418324e-17,0.0,0,0.0,0.0,0.0044735734878779895,0.0,0,0.0,0.0,0.0044735734878779895,0.0,0.0
MAR01915,565,-2.4648916143182236e-15,3.0060831206689666e-15,-2.2215202385793086e-17,0.0,0,0.0,0.0,0.004434089734923025,0.0,0,0.0,0.0,0.004434089734923025,0.0,0.0
MAR00419,559,-2.465926489042208e-15,4.073866662944517e-15,-2.2690191388076593e-17,0.0,0,0.0,0.0,0.004481554769642852,0.0,0,0.0,0.0,0.004481554769642852,0.0,0.0
MAR00869,547,-2.468064347247149e-15,3.588893876799652e-15,-2.214912738482103e-17,0.0,0,0.0,0.0,0.004579600085029117,0.0,0,0.0,0.0,0.004579600085029117,0.0,0.0
MAR00980,570,-2.4682010821140324e-15,3.70602024603057e-15,-2.2395274800740168e-17,0.0,0,0.0,0.0,0.004395296850147243,0.0,0,0.0,0.0,0.004395296850147243,0.0,0.0
MAR00683,558,-2.47034571214085e-15,3.804652069370206e-15,-2.2724802776183e-17,0.0,0,0.0,0.0,0.004489564580987142,0.0,0,0.0,0.0,0.004489564580987142,0.0,0.0
MAR12288,529,-2.471452993948175e-15,5.132498476958341e-15,-2.2778783182633097e-17,0.0,0,0.0,0.0,0.004734984668033456,0.0,0,0.0,0.0,0.004734984668033456,0.0,0.0
MAR05235,561,-2.4824665990905464e-15,3.251125290834941e-15,-2.198980611315918e-17,0.0,0,0.0,0.0,0.004465620583537596,0.0,0,0.0,0.0,0.004465620583537596,0.0,0.0
MAR03197,565,-2.490043569566369e-15,4.227598222373029e-15,-2.1579927023524896e-17,0.0,0,0.0,0.0,0.004434089734923025,0.0,0,0.0,0.0,0.004434089734923025,0.0,0.0
MAR00431,552,-2.497197295968468e-15,3.9458980962821396e-15,-2.2498204302084895e-17,0.0,0,0.0,0.0,0.004538231229443332,0.0,0,0.0,0.0,0.004538231229443332,0.0,0.0
MAR02574,569,-2.497514009701583e-15,4.0282155913929e-15,-2.3065469452648134e-17,0.0,0,0.0,0.0,0.004403001029543098,0.0,0,0.0,0.0,0.004403001029543098,0.0,0.0
MAR06008,529,-2.4983166134476122e-15,4.0375360820010234e-15,-2.2584884725151176e-17,0.0,0,0.0,0.0,0.004734984668033456,0.0,0,0.0,0.0,0.004734984668033456,0.0,0.0
MAR11655,545,-2.5031964268979686e-15,4.961615677934161e-15,-2.340343271799694e-17,0.0,0,0.0,0.0,0.004596359577531593,0.0,0,0.0,0.0,0.004596359577531593,0.0,0.0
MAR02243,578,-2.507797890918001e-15,2.841506141616003e-15,-2.2078479389295145e-17,0.0,0,0.0,0.0,0.004334620605899285,0.0,0,0.0,0.0,0.004334620605899285,0.0,0.0
MAR01008,560,-2.5122761014374972e-15,3.579532293058603e-15,-2.2303704053295533e-17,0.0,0,0.0,0.0,0.0044735734878779895,0.0,0,0.0,0.0,0.0044735734878779895,0.0,0.0
MAR04703,531,-2.5156691962881135e-15,3.8724044737024496e-15,-2.1974746963628817e-17,0.0,0,0.0,0.0,0.004717200964344275,0.0,0,0.0,0.0,0.004717200964344275,0.0,0.0
MAR00818,542,-2.517051757674156e-15,3.8119993834489264e-15,-2.2821686006884494e-17,0.0,0,0.0,0.0,0.00462173008405905,0.0,0,0.0,0.0,0.00462173008405905,0.0,0.0
MAR08077,553,-2.5183793166180766e-15,3.219612819126247e-15,-2.2221947854119258e-17,0.0,0,0.0,0.0,0.00453004698365408,0.0,0,0.0,0.0,0.00453004698365408,0.0,0.0
MAR05320,564,-2.519655091347873e-15,9.761587087220872e-15,-2.226856512207454e-17,0.0,0,0.0,0.0,0.004441930629657058,0.0,0,0.0,0.0,0.004441930629657058,0.0,0.0
MAR01125,557,-2.5258072114990992e-15,3.827474642253469e-15,-2.2594892797846173e-17,0.0,0,0.0,0.0,0.004497603075155535,0.0,0,0.0,0.0,0.004497603075155535,0.0,0.0
MAR01384,533,-2.53289155336621e-15,3.4313448297626714e-15,-2.2474972265112385e-17,0.0,0,0.0,0.0,0.004699550344959981,0.0,0,0.0,0.0,0.004699550344959981,0.0,0.0
MAR00420,544,-2.5339207856150636e-15,4.075376182761091e-15,-2.2757373947320586e-17,0.0,0,0.0,0.0,0.004604785407758596,0.0,0,0.0,0.0,0.004604785407758596,0.0,0.0
MAR00774,582,-2.539396718867712e-15,3.5385259186865843e-15,-2.285042554482378e-17,0.0,0,0.0,0.0,0.004304906394243486,0.0,0,0.0,0.0,0.004304906394243486,0.0,0.0
MAR00994,554,-2.5394848678790586e-15,3.5191277827750408e-15,-2.285815417782364e-17,0.0,0,0.0,0.0,0.004521892203603858,0.0,0,0.0,0.0,0.004521892203603858,0.0,0.0
MAR01274,559,-2.5421922567445446e-15,3.710575163596852e-15,-2.2909383289447447e-17,0.0,0,0.0,0.0,0.004481554769642852,0.0,0,0.0,0.0,0.004481554769642852,0.0,0.0
MAR12244,570,-2.542995054299306e-15,3.6903569799096794e-15,-2.3354522940661235e-17,0.0,0,0.0,0.0,0.004395296850147243,0.0,0,0.0,0.0,0.004395296850147243,0.0,0.0
MAR04136,558,-2.5467481568462372e-15,3.4724980477867757e-15,-2.2708471340778182e-17,0.0,0,0.0,0.0,0.004489564580987142,0.0,0,0.0,0.0,0.004489564580987142,0.0,0.0
MAR02111,566,-2.560966750796121e-15,2.803470560538461e-15,-2.225874445574193e-17,0.0,0,0.0,0.0,0.0044262764728495866,0.0,0,0.0,0.0,0.0044262764728495866,0.0,0.0
MAR10151,566,-2.5609667507961213e-15,4.241017763110909e-15,-2.4212937667060135e-17,0.0,0,0.0,0.0,0.0044262764728495866,0.0,0,0.0,0.0,0.0044262764728495866,0.0,0.0
MAR07054,566,-2.5609667507961217e-15,3.652864700760278e-15,-2.3176709021838592e-17,0.0,0,0.0,0.0,0.0044262764728495866,0.0,0,0.0,0.0,0.0044262764728495866,0.0,0.0
MAR04199,554,-2.5651362301808677e-15,3.5360055933556325e-15,-2.2819371989712347e-17,0.0,0,0.0,0.0,0.004521892203603858,0.0,0,0.0,0.0,0.004521892203603858,0.0,0.0
MAR04231,548,-2.5672894467244496e-15,3.1122331894076896e-15,-2.312062547084534e-17,0.0,0,0.0,0.0,0.004571266087298871,0.0,0,0.0,0.0,0.004571266087298871,0.0,0.0
MAR01997,575,-2.5703111137061016e-15,3.2387404444487323e-15,-2.3102567723788778e-17,0.0,0,0.0,0.0,0.004357176858116289,0.0,0,0.0,0.0,0.004357176858116289,0.0,0.0
MAR09816,552,-2.5744302020293485e-15,4.047398989326116e-15,-2.356322619122582e-17,0.0,0,0.0,0.0,0.004538231229443332,0.0,0,0.0,0.0,0.004538231229443332,0.0,0.0
MAR02190,563,-2.5746131100365973e-15,3.227983911999447e-15,-2.316732883519953e-17,0.0,0,0.0,0.0,0.004449799303901048,0.0,0,0.0,0.0,0.004449799303901048,0.0,0.0
MAR02059,563,-2.574613110036598e-15,3.328639065595806e-15,-2.323222103779032e-17,0.0,0,0.0,0.0,0.004449799303901048,0.0,0,0.0,0.0,0.004449799303901048,0.0,0.0
MAR00142,568,-2.576968372651068e-15,3.648483086530056e-15,-2.346427735202606e-17,0.0,0,0.0,0.0,0.004410732264444036,0.0,0,0.0,0.0,0.004410732264444036,0.0,0.0
MAR08875,562,-2.5791942721541003e-15,3.3326425895145097e-15,-2.3265851768001053e-17,0.0,0,0.0,0.0,0.0044576959055467585,0.0,0,0.0,0.0,0.0044576959055467585,0.0,0.0
MAR01893,567,-2.581513290415885e-15,4.171892522029958e-15,-2.329185857449249e-17,0.0,0,0.0,0.0,0.00441849069762059,0.0,0,0.0,0.0,0.00441849069762059,0.0,0.0
MAR01761,565,-2.5906513905589495e-15,3.1889142073581407e-15,-2.2596083932726162e-17,0.0,0,0.0,0.0,0.004434089734923025,0.0,0,0.0,0.0,0.004434089734923025,0.0,0.0
MAR00076,558,-2.5976831199831624e-15,3.706486747157029e-15,-2.3658571406960142e-17,0.0,0,0.0,0.0,0.004489564580987142,0.0,0,0.0,0.0,0.004489564580987142,0.0,0.0
MAR01752,585,-2.599250349618144e-15,2.9396867098473768e-15,-2.2665846713733858e-17,0.0,0,0.0,0.0,0.004282886715357432,0.0,0,0.0,0.0,0.004282886715357432,0.0,0.0
MAR08034,574,-2.599546594244269e-15,3.448830483980103e-15,-2.3679883593838793e-17,0.0,0,0.0,0.0,0.004364747866934595,0.0,0,0.0,0.0,0.004364747866934595,0.0,0.0
MAR01189,563,-2.5998544150369564e-15,3.712323819574614e-15,-2.3088025771133587e-17,0.0,0,0.0,0.0,0.004449799303901048,0.0,0,0.0,0.0,0.004449799303901048,0.0,0.0
MAR02775,541,-2.6005076096210692e-15,3.6725114239565105e-15,-2.318729456898729e-17,0.0,0,0.0,0.0,0.004630249273041442,0.0,0,0.0,0.0,0.004630249273041442,0.0,0.0
MAR01123,535,-2.6031098356818624e-15,3.3430223675172445e-15,-2.2920857913930248e-17,0.0,0,0.0,0.0,0.004682031321548599,0.0,0,0.0,0.0,0.004682031321548599,0.0,0.0
MAR12360,551,-2.604893514038843e-15,4.9008389021305e-15,-2.4046516512394525e-17,0.0,0,0.0,0.0,0.004546445100963565,0.0,0,0.0,0.0,0.004546445100963565,0.0,0.0
MAR04095,556,-2.6070273038679935e-15,3.602927846688444e-15,-2.3245813521320336e-17,0.0,0,0.0,0.0,0.0045056704064922026,0.0,0,0.0,0.0,0.0045056704064922026,0.0,0.0
MAR01051,572,-2.608635918000368e-15,3.899249018246694e-15,-2.3725828836725604e-17,0.0,0,0.0,0.0,0.004379969091767465,0.0,0,0.0,0.0,0.004379969091767465,0.0,0.0
MAR04766,572,-2.608635918000368e-15,3.401789721928862e-15,-2.2760771036295232e-17,0.0,0,0.0,0.0,0.004379969091767465,0.0,0,0.0,0.0,0.004379969091767465,0.0,0.0
MAR00390,550,-2.609629684064368e-15,3.8809785365592085e-15,-2.2977763557052633e-17,0.0,0,0.0,0.0,0.0045546887593671224,0.0,0,0.0,0.0,0.0045546887593671224,0.0,0.0
MAR01115,577,-2.610659618390663e-15,3.3295638971882e-15,-2.3170623951838827e-17,0.0,0,0.0,0.0,0.004342113363096878,0.0,0,0.0,0.0,0.004342113363096878,0.0,0.0
MAR04420,563,-2.625095720037315e-15,2.96876372830963e-15,-2.3015820259914224e-17,0.0,0,0.0,0.0,0.004449799303901048,0.0,0,0.0,0.0,0.004449799303901048,0.0,0.0
MAR00468,544,-2.6384123644033125e-15,3.8605710845478905e-15,-2.3706859726876965e-17,0.0,0,0.0,0.0,0.004604785407758596,0.0,0,0.0,0.0,0.004604785407758596,0.0,0.0
MAR02052,560,-2.6391587328232294e-15,3.021405564574759e-15,-2.326060340426424e-17,0.0,0,0.0,0.0,0.0044735734878779895,0.0,0,0.0,0.0,0.0044735734878779895,0.0,0.0
MAR02174,576,-2.6398636363309294e-15,3.323499992755917e-15,-2.3630817659131492e-17,0.0,0,0.0,0.0,0.004349632068826215,0.0,0,0.0,0.0,0.004349632068826215,0.0,0.0
MAR11668,565,-2.64095530105524e-15,4.880264966149619e-15,-2.4462647038943217e-17,0.0,0,0.0,0.0,0.004434089734923025,0.0,0,0.0,0.0,0.004434089734923025,0.0,0.0
MAR00506,570,-2.6427203505463375e-15,3.576614910568254e-15,-2.3326395704094976e-17,0.0,0,0.0,0.0,0.004395296850147243,0.0,0,0.0,0.0,0.004395296850147243,0.0,0.0
MAR04469,570,-2.6427203505463375e-15,3.2862823406564354e-15,-2.380583831284461e-17,0.0,0,0.0,0.0,0.004395296850147243,0.0,0,0.0,0.0,0.004395296850147243,0.0,0.0
MAR04896,574,-2.6490617674679693e-15,4.0231694769579066e-15,-2.3296896443844687e-17,0.0,0,0.0,0.0,0.004364747866934595,0.0,0,0.0,0.0,0.004364747866934595,0.0,0.0
MAR02108,578,-2.655315413913177e-15,3.5194663817821273e-15,-2.380381875320052e-17,0.0,0,0.0,0.0,0.004334620605899285,0.0,0,0.0,0.0,0.004334620605899285,0.0,0.0
MAR09928,551,-2.6564755638217902e-15,3.985952169476162e-15,-2.451345700903467e-17,0.0,0,0.0,0.0,0.004546445100963565,0.0,0,0.0,0.0,0.004546445100963565,0.0,0.0
MAR06056,567,-2.6567029979037254e-15,3.741689391261029e-15,-2.334089520047721e-17,0.0,0,0.0,0.0,0.00441849069762059,0.0,0,0.0,0.0,0.00441849069762059,0.0,0.0
MAR07022,545,-2.6596462035790908e-15,3.764845559185708e-15,-2.3064767858481085e-17,0.0,0,0.0,0.0,0.004596359577531593,0.0,0,0.0,0.0,0.004596359577531593,0.0,0.0
MAR01228,561,-2.6597856418827276e-15,3.767537141825988e-15,-2.3302557701088403e-17,0.0,0,0.0,0.0,0.004465620583537596,0.0,0,0.0,0.0,0.004465620583537596,0.0,0.0
MAR12374,544,-2.664535259100376e-15,4.918604930518631e-15,-2.467432017123847e-17,0.0,0,0.0,0.0,0.004604785407758596,0.0,0,0.0,0.0,0.004604785407758596,0.0,0.0
MAR01099,560,-2.664535259100376e-15,3.3176189335271737e-15,-2.3603414524398397e-17,0.0,0,0.0,0.0,0.0044735734878779895,0.0,0,0.0,0.0,0.0044735734878779895,0.0,0.0
MAR06997,565,-2.6661072563033855e-15,3.600542847405157e-15,-2.4247663108166958e-17,0.0,0,0.0,0.0,0.004434089734923025,0.0,0,0.0,0.0,0.004434089734923025,0.0,0.0
MAR00291,554,-2.6677416793881026e-15,3.969559996948248e-15,-2.4054849172165803e-17,0.0,0,0.0,0.0,0.004521892203603858,0.0,0,0.0,0.0,0.004521892203603858,0.0,0.0
MAR06038,543,-2.6694423221926415e-15,3.861525403825891e-15,-2.3751685948606347e-17,0.0,0,0.0,0.0,0.004613242186326175,0.0,0,0.0,0.0,0.004613242186326175,0.0,0.0
MAR00946,564,-2.6708343968287453e-15,3.673668277924898e-15,-2.3325012433630368e-17,0.0,0,0.0,0.0,0.004441930629657058,0.0,0,0.0,0.0,0.004441930629657058,0.0,0.0
MAR04150,584,-2.6767020867675015e-15,3.5641967027635506e-15,-2.4060530246430865e-17,0.0,0,0.0,0.0,0.004290201536487618,0.0,0,0.0,0.0,0.004290201536487618,0.0,0.0
MAR01886,556,-2.6837045775111696e-15,3.297529716386944e-15,-2.3807186244977538e-17,0.0,0,0.0,0.0,0.0045056704064922026,0.0,0,0.0,0.0,0.0045056704064922026,0.0,0.0
MAR00105,575,-2.6938837634035104e-15,3.828125338557108e-15,-2.3838451776441195e-17,0.0,0,0.0,0.0,0.004357176858116289,0.0,0,0.0,0.0,0.004357176858116289,0.0,0.0
MAR06014,527,-2.6965568719548403e-15,3.4923120136475013e-15,-2.3018818650707615e-17,0.0,0,0.0,0.0,0.004752902966888136,0.0,0,0.0,0.0,0.004752902966888136,0.0,0.0
MAR08714,561,-2.7104482255376375e-15,3.59977080736178e-15,-2.4511929729065202e-17,0.0,0,0.0,0.0,0.004465620583537596,0.0,0,0.0,0.0,0.004465620583537596,0.0,0.0
MAR08772,570,-2.7175143227316114e-15,3.2684107744610286e-15,-2.3821362006908232e-17,0.0,0,0.0,0.0,0.004395296850147243,0.0,0,0.0,0.0,0.004395296850147243,0.0,0.0
MAR08962,549,-2.7179230329621317e-15,3.3526271756301992e-15,-2.441596989554455e-17,0.0,0,0.0,0.0,0.004562962366977274,0.0,0,0.0,0.0,0.004562962366977274,0.0,0.0
MAR09768,559,-2.720145714716663e-15,3.627320771668039e-15,-2.4946681925739466e-17,0.0,0,0.0,0.0,0.004481554769642852,0.0,0,0.0,0.0,0.004481554769642852,0.0,0.0
MAR04078,537,-2.7257319099921905e-15,3.8312845960903574e-15,-2.3774583225479497e-17,0.0,0,0.0,0.0,0.004664642427888463,0.0,0,0.0,0.0,0.004664642427888463,0.0,0.0
MAR02697,567,-2.7318927053915683e-15,4.679752035596004e-15,-2.4158087367291147e-17,0.0,0,0.0,0.0,0.00441849069762059,0.0,0,0.0,0.0,0.00441849069762059,0.0,0.0
MAR12250,551,-2.7338486384962113e-15,3.5137651559740006e-15,-2.500823912872184e-17,0.0,0,0.0,0.0,0.004546445100963565,0.0,0,0.0,0.0,0.004546445100963565,0.0,0.0
MAR12582,566,-2.736719370948796e-15,4.911560427883202e-15,-2.5580565415209478e-17,0.0,0,0.0,0.0,0.0044262764728495866,0.0,0,0.0,0.0,0.0044262764728495866,0.0,0.0
MAR00099,545,-2.7378710919196522e-15,3.63598022385504e-15,-2.4186051004750917e-17,0.0,0,0.0,0.0,0.004596359577531593,0.0,0,0.0,0.0,0.004596359577531593,0.0,0.0
MAR09584,550,-2.738819272384387e-15,4.1416729550792446e-15,-2.4537518463250143e-17,0.0,0,0.0,0.0,0.0045546887593671224,0.0,0,0.0,0.0,0.0045546887593671224,0.0,0.0
MAR12252,565,-2.741563122047821e-15,3.3991727958253306e-15,-2.470282444073799e-17,0.0,0,0.0,0.0,0.004434089734923025,0.0,0,0.0,0.0,0.004434089734923025,0.0,0.0
MAR07137,554,-2.7446957662935285e-15,3.5917150094903596e-15,-2.3995944481264123e-17,0.0,0,0.0,0.0,0.004521892203603858,0.0,0,0.0,0.0,0.004521892203603858,0.0,0.0
MAR01312,569,-2.7472654106717405e-15,3.7669197310092104e-15,-2.4694709515939892e-17,0.0,0,0.0,0.0,0.004403001029543098,0.0,0,0.0,0.0,0.004403001029543098,0.0,0.0
MAR12295,553,-2.74965904977688e-15,3.234339245115538e-15,-2.4357906624826708e-17,0.0,0,0.0,0.0,0.00453004698365408,0.0,0,0.0,0.0,0.00453004698365408,0.0,0.0
MAR00278,547,-2.7538402190336605e-15,4.146174086538723e-15,-2.453933953999233e-17,0.0,0,0.0,0.0,0.004579600085029117,0.0,0,0.0,0.0,0.004579600085029117,0.0,0.0
MAR02616,557,-2.755426048908109e-15,4.3134957568321085e-15,-2.4426406089765094e-17,0.0,0,0.0,0.0,0.004497603075155535,0.0,0,0.0,0.0,0.004497603075155535,0.0,0.0
MAR12355,560,-2.7660413642089615e-15,5.033646502051654e-15,-2.6420677334253952e-17,0.0,0,0.0,0.0,0.0044735734878779895,0.0,0,0.0,0.0,0.0044735734878779895,0.0,0.0
MAR12185,570,-2.7673769708551278e-15,4.62216833379934e-15,-2.527408265058065e-17,0.0,0,0.0,0.0,0.004395296850147243,0.0,0,0.0,0.0,0.004395296850147243,0.0,0.0
MAR00078,580,-2.7686665220997007e-15,3.3283066994151658e-15,-2.4007634365149502e-17,0.0,0,0.0,0.0,0.004319712401627411,0.0,0,0.0,0.0,0.004319712401627411,0.0,0.0
MAR00931,580,-2.7686665220997015e-15,3.1453057375850185e-15,-2.4728783434158897e-17,0.0,0,0.0,0.0,0.004319712401627411,0.0,0,0.0,0.0,0.004319712401627411,0.0,0.0
MAR06854,564,-2.771620600482661e-15,4.01341836435503e-15,-2.3923383063649043e-17,0.0,0,0.0,0.0,0.004441930629657058,0.0,0,0.0,0.0,0.004441930629657058,0.0,0.0
MAR12413,553,-2.7753567979056354e-15,4.945055375917029e-15,-2.5793594991883144e-17,0.0,0,0.0,0.0,0.00453004698365408,0.0,0,0.0,0.0,0.00453004698365408,0.0,0.0
MAR00757,542,-2.7792446490985467e-15,3.563253066358699e-15,-2.454398109946527e-17,0.0,0,0.0,0.0,0.00462173008405905,0.0,0,0.0,0.0,0.00462173008405905,0.0,0.0
MAR05365,547,-2.779819843741526e-15,3.82135665222903e-15,-2.5125213834241707e-17,0.0,0,0.0,0.0,0.004579600085029117,0.0,0,0.0,0.0,0.004579600085029117,0.0,0.0
MAR12156,541,-2.7843818850488216e-15,4.867315962795848e-15,-2.557687751717003e-17,0.0,0,0.0,0.0,0.004630249273041442,0.0,0,0.0,0.0,0.004630249273041442,0.0,0.0
MAR01234,555,-2.7909606557784106e-15,3.342849639472297e-15,-2.4452919269410293e-17,0.0,0,0.0,0.0,0.004513766730450679,0.0,0,0.0,0.0,0.004513766730450679,0.0,0.0
MAR10223,560,-2.791417890486108e-15,4.037627770668799e-15,-2.5518998344011026e-17,0.0,0,0.0,0.0,0.0044735734878779895,0.0,0,0.0,0.0,0.0044735734878779895,0.0,0.0
MAR01902,554,-2.795998490897146e-15,3.288302251033834e-15,-2.534273203240435e-17,0.0,0,0.0,0.0,0.004521892203603858,0.0,0,0.0,0.0,0.004521892203603858,0.0,0.0
MAR01231,559,-2.7964114824189995e-15,3.815376541712865e-15,-2.5031915125208173e-17,0.0,0,0.0,0.0,0.004481554769642852,0.0,0,0.0,0.0,0.004481554769642852,0.0,0.0
MAR01113,564,-2.796817151396139e-15,3.8164109746694095e-15,-2.4645021434594706e-17,0.0,0,0.0,0.0,0.004441930629657058,0.0,0,0.0,0.0,0.004441930629657058,0.0,0.0
MAR06764,572,-2.8073891308003962e-15,3.6238303393532046e-15,-2.5018735670415567e-17,0.0,0,0.0,0.0,0.004379969091767465,0.0,0,0.0,0.0,0.004379969091767465,0.0,0.0
MAR01045,577,-2.8076905329861844e-15,2.9930984610031088e-15,-2.4356138332803436e-17,0.0,0,0.0,0.0,0.004342113363096878,0.0,0,0.0,0.0,0.004342113363096878,0.0,0.0
MAR09420,541,-2.8106496386813576e-15,3.67316581757862e-15,-2.5154458281984276e-17,0.0,0,0.0,0.0,0.004630249273041442,0.0,0,0.0,0.0,0.004630249273041442,0.0,0.0
MAR01089,565,-2.817018987792256e-15,3.750860713977488e-15,-2.5195666363577675e-17,0.0,0,0.0,0.0,0.004434089734923025,0.0,0,0.0,0.0,0.004434089734923025,0.0,0.0
MAR01184,570,-2.817239618978643e-15,3.565133379658977e-15,-2.463069306622238e-17,0.0,0,0.0,0.0,0.004395296850147243,0.0,0,0.0,0.0,0.004395296850147243,0.0,0.0
MAR02208,534,-2.8208812730550796e-15,3.2432670808094325e-15,-2.5457249453865985e-17,0.0,0,0.0,0.0,0.004690774475909901,0.0,0,0.0,0.0,0.004690774475909901,0.0,0.0
MAR02387,584,-2.8227040187730014e-15,4.906994278121063e-15,-2.4044736183173053e-17,0.0,0,0.0,0.0,0.004290201536487618,0.0,0,0.0,0.0,0.004290201536487618,0.0,0.0
MAR12272,558,-2.826890454099323e-15,4.797665195762381e-15,-2.5690118950098964e-17,0.0,0,0.0,0.0,0.004489564580987142,0.0,0,0.0,0.0,0.004489564580987142,0.0,0.0
MAR04250,558,-2.8268904540993236e-15,3.2957451836540318e-15,-2.430057368180537e-17,0.0,0,0.0,0.0,0.004489564580987142,0.0,0,0.0,0.0,0.004489564580987142,0.0,0.0
MAR00601,561,-2.8371046846749103e-15,3.891442745097171e-15,-2.612542386052631e-17,0.0,0,0.0,0.0,0.004465620583537596,0.0,0,0.0,0.0,0.004465620583537596,0.0,0.0
MAR04782,570,-2.842170943040401e-15,3.542408537169741e-15,-2.469001626189041e-17,0.0,0,0.0,0.0,0.004395296850147243,0.0,0,0.0,0.0,0.004395296850147243,0.0,0.0
MAR04164,560,-2.842170943040401e-15,3.5449515128119395e-15,-2.5090590736946554e-17,0.0,0,0.0,0.0,0.0044735734878779895,0.0,0,0.0,0.0,0.0044735734878779895,0.0,0.0
MAR02505,545,-2.8421709430404013e-15,5.5225704616410335e-15,-2.4519475183367702e-17,0.0,0,0.0,0.0,0.004596359577531593,0.0,0,0.0,0.0,0.004596359577531593,0.0,0.0
MAR02047,545,-2.8421709430404017e-15,3.570995804262794e-15,-2.5772664408668826e-17,0.0,0,0.0,0.0,0.004596359577531593,0.0,0,0.0,0.0,0.004596359577531593,0.0,0.0
MAR11507,554,-2.847301215500763e-15,4.763078538510303e-15,-2.6703505373738824e-17,0.0,0,0.0,0.0,0.004521892203603858,0.0,0,0.0,0.0,0.004521892203603858,0.0,0.0
MAR02391,549,-2.8473479392936626e-15,5.187799989936039e-15,-2.412087916756908e-17,0.0,0,0.0,0.0,0.004562962366977274,0.0,0,0.0,0.0,0.004562962366977274,0.0,0.0
MAR06375,582,-2.8568213087261765e-15,3.836535984372619e-15,-2.4990290299728524e-17,0.0,0,0.0,0.0,0.004304906394243486,0.0,0,0.0,0.0,0.004304906394243486,0.0,0.0
MAR03284,571,-2.8620810722385825e-15,3.314912142972132e-15,-2.4423505046025315e-17,0.0,0,0.0,0.0,0.00438761958448344,0.0,0,0.0,0.0,0.00438761958448344,0.0,0.0
MAR01593,561,-2.8624359765023643e-15,4.26218866182874e-15,-2.5791938380337137e-17,0.0,0,0.0,0.0,0.004465620583537596,0.0,0,0.0,0.0,0.004465620583537596,0.0,0.0
MAR09675,541,-2.8631851459464303e-15,4.773515179470351e-15,-2.6243331701765856e-17,0.0,0,0.0,0.0,0.004630249273041442,0.0,0,0.0,0.0,0.004630249273041442,0.0,0.0
MAR01333,570,-2.8671022671021585e-15,3.346691204405945e-15,-2.4828117532327743e-17,0.0,0,0.0,0.0,0.004395296850147243,0.0,0,0.0,0.0,0.004395296850147243,0.0,0.0
MAR04887,565,-2.867322898288545e-15,3.162249534260275e-15,-2.5097299960368303e-17,0.0,0,0.0,0.0,0.004434089734923025,0.0,0,0.0,0.0,0.004434089734923025,0.0,0.0
MAR04670,550,-2.868008860704405e-15,3.459695894053537e-15,-2.526367806682611e-17,0.0,0,0.0,0.0,0.0045546887593671224,0.0,0,0.0,0.0,0.0045546887593671224,0.0,0.0
MAR11570,550,-2.868008860704405e-15,4.9464082279858395e-15,-2.6112523074385395e-17,0.0,0,0.0,0.0,0.0045546887593671224,0.0,0,0.0,0.0,0.0045546887593671224,0.0,0.0
MAR04130,573,-2.876892054037404e-15,3.62599320917699e-15,-2.5510301177652447e-17,0.0,0,0.0,0.0,0.0043723452321952965,0.0,0,0.0,0.0,0.0043723452321952965,0.0,0.0
MAR01849,568,-2.877197697620124e-15,3.261482147983753e-15,-2.520891380760767e-17,0.0,0,0.0,0.0,0.004410732264444036,0.0,0,0.0,0.0,0.004410732264444036,0.0,0.0
MAR01335,568,-2.877197697620124e-15,3.674291924049959e-15,-2.531978781354215e-17,0.0,0,0.0,0.0,0.004410732264444036,0.0,0,0.0,0.0,0.004410732264444036,0.0,0.0
MAR01290,563,-2.877508770040903e-15,3.2156415846897028e-15,-2.4863374095510632e-17,0.0,0,0.0,0.0,0.004449799303901048,0.0,0,0.0,0.0,0.004449799303901048,0.0,0.0
MAR00430,563,-2.877508770040903e-15,4.256542309026356e-15,-2.5771347513434993e-17,0.0,0,0.0,0.0,0.004449799303901048,0.0,0,0.0,0.0,0.004449799303901048,0.0,0.0
MAR12829,548,-2.878476046327413e-15,5.026508971153628e-15,-2.6555988288587964e-17,0.0,0,0.0,0.0,0.004571266087298871,0.0,0,0.0,0.0,0.004571266087298871,0.0,0.0
MAR04221,562,-2.882628892407524e-15,3.546736455572569e-15,-2.586023047279993e-17,0.0,0,0.0,0.0,0.0044576959055467585,0.0,0,0.0,0.0,0.0044576959055467585,0.0,0.0
MAR12302,566,-2.8873644739368045e-15,3.5004936980344232e-15,-2.584293564299382e-17,0.0,0,0.0,0.0,0.0044262764728495866,0.0,0,0.0,0.0,0.0044262764728495866,0.0,0.0
MAR06672,551,-2.888594787845055e-15,4.097693689263282e-15,-2.5957813011364395e-17,0.0,0,0.0,0.0,0.004546445100963565,0.0,0,0.0,0.0,0.004546445100963565,0.0,0.0
MAR00507,555,-2.89338123030239e-15,3.901220681811817e-15,-2.5708901053212065e-17,0.0,0,0.0,0.0,0.004513766730450679,0.0,0,0.0,0.0,0.004513766730450679,0.0,0.0
MAR02679,544,-2.899641311373939e-15,4.5462864507503896e-15,-2.5925459411047638e-17,0.0,0,0.0,0.0,0.004604785407758596,0.0,0,0.0,0.0,0.004604785407758596,0.0,0.0
MAR01146,538,-2.9055650904688107e-15,2.9026767366718348e-15,-2.4673046161955874e-17,0.0,0,0.0,0.0,0.004655996327465773,0.0,0,0.0,0.0,0.004655996327465773,0.0,0.0
MAR00515,577,-2.9062059902839456e-15,4.042177577191075e-15,-2.5570191059162512e-17,0.0,0,0.0,0.0,0.004342113363096878,0.0,0,0.0,0.0,0.004342113363096878,0.0,0.0
MAR02580,567,-2.9073353561965305e-15,3.48625846610637e-15,-2.6101929408771905e-17,0.0,0,0.0,0.0,0.00441849069762059,0.0,0,0.0,0.0,0.00441849069762059,0.0,0.0
MAR02089,556,-2.9137363984406994e-15,3.4255793891312828e-15,-2.6597786589770578e-17,0.0,0,0.0,0.0,0.0045056704064922026,0.0,0,0.0,0.0,0.0045056704064922026,0.0,0.0
MAR02169,585,-2.9150471210670776e-15,3.099996353884765e-15,-2.612475866755918e-17,0.0,0,0.0,0.0,0.004282886715357432,0.0,0,0.0,0.0,0.004282886715357432,0.0,0.0
MAR09958,565,-2.917626808784836e-15,3.463648737344316e-15,-2.558003649947633e-17,0.0,0,0.0,0.0,0.004434089734923025,0.0,0,0.0,0.0,0.004434089734923025,0.0,0.0
MAR06034,560,-2.9183005218718403e-15,3.636204593197996e-15,-2.5173350877107337e-17,0.0,0,0.0,0.0,0.0044735734878779895,0.0,0,0.0,0.0,0.0044735734878779895,0.0,0.0
MAR01119,550,-2.9196846960324115e-15,3.601318739836307e-15,-2.548667820663337e-17,0.0,0,0.0,0.0,0.0045546887593671224,0.0,0,0.0,0.0,0.0045546887593671224,0.0,0.0
MAR00004,554,-2.9242553024061886e-15,3.580337266872643e-15,-2.5241856160274434e-17,0.0,0,0.0,0.0,0.004521892203603858,0.0,0,0.0,0.0,0.004521892203603858,0.0,0.0
MAR01098,563,-2.9279913800416213e-15,3.1717932909648526e-15,-2.5092871650343882e-17,0.0,0,0.0,0.0,0.004449799303901048,0.0,0,0.0,0.0,0.004449799303901048,0.0,0.0
MAR09690,555,-2.9445915175643794e-15,3.800519848462067e-15,-2.6146368732796618e-17,0.0,0,0.0,0.0,0.004513766730450679,0.0,0,0.0,0.0,0.004513766730450679,0.0,0.0
MAR04635,555,-2.9445915175643794e-15,3.778160261292321e-15,-2.6347350245981586e-17,0.0,0,0.0,0.0,0.004513766730450679,0.0,0,0.0,0.0,0.004513766730450679,0.0,0.0
MAR04016,574,-2.9461528068101714e-15,3.6098027086353415e-15,-2.6264582767524872e-17,0.0,0,0.0,0.0,0.004364747866934595,0.0,0,0.0,0.0,0.004364747866934595,0.0,0.0
MAR00191,564,-2.9479964568770133e-15,3.896525130334286e-15,-2.6820737295686055e-17,0.0,0,0.0,0.0,0.004441930629657058,0.0,0,0.0,0.0,0.004441930629657058,0.0,0.0
MAR01763,539,-2.9529048758861312e-15,3.705920875783471e-15,-2.6413581400460796e-17,0.0,0,0.0,0.0,0.004647382219459146,0.0,0,0.0,0.0,0.004647382219459146,0.0,0.0
MAR02716,576,-2.960594732333751e-15,4.000048213613255e-15,-2.672662677369799e-17,0.0,0,0.0,0.0,0.004349632068826215,0.0,0,0.0,0.0,0.004349632068826215,0.0,0.0
MAR01590,552,-2.9605947323337513e-15,5.014907039807472e-15,-2.665611282625043e-17,0.0,0,0.0,0.0,0.004538231229443332,0.0,0,0.0,0.0,0.004538231229443332,0.0,0.0
MAR06662,556,-2.9648545808694833e-15,4.479265397679268e-15,-2.6534933234527124e-17,0.0,0,0.0,0.0,0.0045056704064922026,0.0,0,0.0,0.0,0.0045056704064922026,0.0,0.0
MAR00497,532,-2.965046754487636e-15,3.703844985658961e-15,-2.6147855708040843e-17,0.0,0,0.0,0.0,0.004708359112657833,0.0,0,0.0,0.0,0.004708359112657833,0.0,0.0
MAR01152,565,-2.9679307192811264e-15,3.321794167034794e-15,-2.5928357958616656e-17,0.0,0,0.0,0.0,0.004434089734923025,0.0,0,0.0,0.0,0.004434089734923025,0.0,0.0
MAR02172,550,-2.9713605313604196e-15,3.3387262215181297e-15,-2.6292240252157393e-17,0.0,0,0.0,0.0,0.0045546887593671224,0.0,0,0.0,0.0,0.0045546887593671224,0.0,0.0
MAR09074,569,-2.9720416715448837e-15,3.575908153452834e-15,-2.6829143420794018e-17,0.0,0,0.0,0.0,0.004403001029543098,0.0,0,0.0,0.0,0.004403001029543098,0.0,0.0
MAR12366,573,-2.976095228314556e-15,4.988071901263896e-15,-2.796190268810576e-17,0.0,0,0.0,0.0,0.0043723452321952965,0.0,0,0.0,0.0,0.0043723452321952965,0.0,0.0
MAR04295,544,-2.978009995465126e-15,3.415165480510143e-15,-2.596373256466147e-17,0.0,0,0.0,0.0,0.004604785407758596,0.0,0,0.0,0.0,0.004604785407758596,0.0,0.0
MAR08091,581,-2.9840348971680627e-15,3.4591375001315703e-15,-2.683742413255242e-17,0.0,0,0.0,0.0,0.004312296689115291,0.0,0,0.0,0.0,0.004312296689115291,0.0,0.0
MAR03212,571,-2.9865193797272166e-15,3.647413647836006e-15,-2.6318354672084443e-17,0.0,0,0.0,0.0,0.00438761958448344,0.0,0,0.0,0.0,0.00438761958448344,0.0,0.0
MAR09821,565,-2.9930826745292717e-15,3.4920528645352267e-15,-2.6267982840462188e-17,0.0,0,0.0,0.0,0.004434089734923025,0.0,0,0.0,0.0,0.004434089734923025,0.0,0.0
MAR08045,535,-3.0015450146127598e-15,3.164338999226826e-15,-2.618957763386157e-17,0.0,0,0.0,0.0,0.004682031321548599,0.0,0,0.0,0.0,0.004682031321548599,0.0,0.0
MAR00722,544,-3.0041328901621883e-15,3.924540344092118e-15,-2.66878488089696e-17,0.0,0,0.0,0.0,0.004604785407758596,0.0,0,0.0,0.0,0.004604785407758596,0.0,0.0
MAR09866,544,-3.0041328901621887e-15,3.720837816562787e-15,-2.7170340616526765e-17,0.0,0,0.0,0.0,0.004604785407758596,0.0,0,0.0,0.0,0.004604785407758596,0.0,0.0
MAR07405,548,-3.0081371294953145e-15,3.804772103037328e-15,-2.6648861731324675e-17,0.0,0,0.0,0.0,0.004571266087298871,0.0,0,0.0,0.0,0.004571266087298871,0.0,0.0
MAR04698,548,-3.0081371294953145e-15,3.9541207210127825e-15,-2.6523050106542894e-17,0.0,0,0.0,0.0,0.004571266087298871,0.0,0,0.0,0.0,0.004571266087298871,0.0,0.0
MAR04148,590,-3.0107743040682218e-15,3.6416590731159385e-15,-2.6826213662105855e-17,0.0,0,0.0,0.0,0.0042466836008472324,0.0,0,0.0,0.0,0.0042466836008472324,0.0,0.0
MAR08715,584,-3.0173732614470006e-15,3.463625834389744e-15,-2.6906502405577923e-17,0.0,0,0.0,0.0,0.004290201536487618,0.0,0,0.0,0.0,0.004290201536487618,0.0,0.0
MAR04312,532,-3.0184710203342602e-15,2.7979759357164976e-15,-2.638487826389744e-17,0.0,0,0.0,0.0,0.004708359112657833,0.0,0,0.0,0.0,0.004708359112657833,0.0,0.0
MAR02722,559,-3.025208785526008e-15,4.263460458038352e-15,-2.60626075481144e-17,0.0,0,0.0,0.0,0.004481554769642852,0.0,0,0.0,0.0,0.004481554769642852,0.0,0.0
MAR01179,553,-3.032334279193195e-15,3.0599166835705537e-15,-2.6429750995654312e-17,0.0,0,0.0,0.0,0.00453004698365408,0.0,0,0.0,0.0,0.00453004698365408,0.0,0.0
MAR01341,534,-3.033777972908293e-15,3.5091874685249656e-15,-2.6472141509436348e-17,0.0,0,0.0,0.0,0.004690774475909901,0.0,0,0.0,0.0,0.004690774475909901,0.0,0.0
MAR01755,552,-3.0378276383946313e-15,3.2830027802396794e-15,-2.6933507942143328e-17,0.0,0,0.0,0.0,0.004538231229443332,0.0,0,0.0,0.0,0.004538231229443332,0.0,0.0
MAR13075,552,-3.037827638394632e-15,3.4713509590683972e-15,-2.741163807145525e-17,0.0,0,0.0,0.0,0.004538231229443332,0.0,0,0.0,0.0,0.004538231229443332,0.0,0.0
MAR07056,547,-3.0396160908201726e-15,3.4075350460578264e-15,-2.6823843771597753e-17,0.0,0,0.0,0.0,0.004579600085029117,0.0,0,0.0,0.0,0.004579600085029117,0.0,0.0
MAR04201,561,-3.039755019294546e-15,3.495008215886158e-15,-2.725888687248483e-17,0.0,0,0.0,0.0,0.004465620583537596,0.0,0,0.0,0.0,0.004465620583537596,0.0,0.0
MAR09685,551,-3.0433409371938964e-15,4.343334175659198e-15,-2.8210292794125996e-17,0.0,0,0.0,0.0,0.004546445100963565,0.0,0,0.0,0.0,0.004546445100963565,0.0,0.0
MAR07270,555,-3.0470120920883576e-15,3.052611446576231e-15,-2.605418054945161e-17,0.0,0,0.0,0.0,0.004513766730450679,0.0,0,0.0,0.0,0.004513766730450679,0.0,0.0
MAR01157,564,-3.0487826605309264e-15,3.3429139178982416e-15,-2.654148117447215e-17,0.0,0,0.0,0.0,0.004441930629657058,0.0,0,0.0,0.0,0.004441930629657058,0.0,0.0
MAR00436,587,-3.0503708587997487e-15,4.0264703269993586e-15,-2.7191827949775512e-17,0.0,0,0.0,0.0,0.004268331649559446,0.0,0,0.0,0.0,0.004268331649559446,0.0,0.0
MAR00187,544,-3.0563786795563143e-15,3.773849815068497e-15,-2.6970475838988056e-17,0.0,0,0.0,0.0,0.004604785407758596,0.0,0,0.0,0.0,0.004604785407758596,0.0,0.0
MAR01038,539,-3.0583657643106354e-15,3.9587240477257675e-15,-2.7196066732314722e-17,0.0,0,0.0,0.0,0.004647382219459146,0.0,0,0.0,0.0,0.004647382219459146,0.0,0.0
MAR02263,539,-3.0583657643106354e-15,3.9885182540398694e-15,-2.7805022363217403e-17,0.0,0,0.0,0.0,0.004647382219459146,0.0,0,0.0,0.0,0.004647382219459146,0.0,0.0
MAR04512,571,-3.0611823642203973e-15,3.3239467131808044e-15,-2.6736913238704256e-17,0.0,0,0.0,0.0,0.00438761958448344,0.0,0,0.0,0.0,0.00438761958448344,0.0,0.0
MAR12278,560,-3.0705596795347196e-15,3.1528656955073037e-15,-2.7250634929146296e-17,0.0,0,0.0,0.0,0.0044735734878779895,0.0,0,0.0,0.0,0.0044735734878779895,0.0,0.0
MAR04071,559,-3.0760526306608985e-15,3.8753534247110145e-15,-2.7431615264848353e-17,0.0,0,0.0,0.0,0.004481554769642852,0.0,0,0.0,0.0,0.004481554769642852,0.0,0.0
MAR02346,553,-3.083729775450706e-15,3.4684251862121537e-15,-2.7413375505058935e-17,0.0,0,0.0,0.0,0.00453004698365408,0.0,0,0.0,0.0,0.00453004698365408,0.0,0.0
MAR01882,576,-3.08395284618099e-15,3.1105300189127636e-15,-2.7519777009004195e-17,0.0,0,0.0,0.0,0.004349632068826215,0.0,0,0.0,0.0,0.004349632068826215,0.0,0.0
MAR01164,561,-3.0904176029494553e-15,3.568462771956281e-15,-2.6549835206708955e-17,0.0,0,0.0,0.0,0.004465620583537596,0.0,0,0.0,0.0,0.004465620583537596,0.0,0.0
MAR11914,542,-3.093876118807817e-15,3.357765595807825e-15,-2.7754338454337018e-17,0.0,0,0.0,0.0,0.00462173008405905,0.0,0,0.0,0.0,0.00462173008405905,0.0,0.0
MAR00314,541,-3.0995949286392542e-15,4.143671259145401e-15,-2.7503799997479478e-17,0.0,0,0.0,0.0,0.004630249273041442,0.0,0,0.0,0.0,0.004630249273041442,0.0,0.0
MAR12259,573,-3.100099196160997e-15,3.3481565917606277e-15,-2.7546242652340237e-17,0.0,0,0.0,0.0,0.0043723452321952965,0.0,0,0.0,0.0,0.0043723452321952965,0.0,0.0
MAR04786,563,-3.104680515044132e-15,3.2532540143961213e-15,-2.6655392113619342e-17,0.0,0,0.0,0.0,0.004449799303901048,0.0,0,0.0,0.0,0.004449799303901048,0.0,0.0
MAR01332,558,-3.1070327513524095e-15,3.820432526632103e-15,-2.813741669279785e-17,0.0,0,0.0,0.0,0.004489564580987142,0.0,0,0.0,0.0,0.004489564580987142,0.0,0.0
MAR04503,566,-3.1133321284188136e-15,3.403462555590909e-15,-2.683962294927509e-17,0.0,0,0.0,0.0,0.0044262764728495866,0.0,0,0.0,0.0,0.0044262764728495866,0.0,0.0
MAR00466,552,-3.115060544455512e-15,4.30901700129475e-15,-2.805931823164832e-17,0.0,0,0.0,0.0,0.004538231229443332,0.0,0,0.0,0.0,0.004538231229443332,0.0,0.0
MAR02042,570,-3.1164155077197375e-15,2.9270446615460095e-15,-2.7204399987784544e-17,0.0,0,0.0,0.0,0.004395296850147243,0.0,0,0.0,0.0,0.004395296850147243,0.0,0.0
MAR12230,570,-3.1164155077197383e-15,3.395067967762706e-15,-2.788533154027878e-17,0.0,0,0.0,0.0,0.004395296850147243,0.0,0,0.0,0.0,0.004395296850147243,0.0,0.0
MAR01206,565,-3.1188424507699972e-15,3.784081994324505e-15,-2.764230816413383e-17,0.0,0,0.0,0.0,0.004434089734923025,0.0,0,0.0,0.0,0.004434089734923025,0.0,0.0
MAR02193,555,-3.1238275229813418e-15,2.9407983395975988e-15,-2.721347955871781e-17,0.0,0,0.0,0.0,0.004513766730450679,0.0,0,0.0,0.0,0.004513766730450679,0.0,0.0
MAR12976,568,-3.1273888017610045e-15,3.5352847368107766e-15,-2.755935447695077e-17,0.0,0,0.0,0.0,0.004410732264444036,0.0,0,0.0,0.0,0.004410732264444036,0.0,0.0
MAR06016,586,-3.128328085769725e-15,3.726150338064849e-15,-2.7124126957794024e-17,0.0,0,0.0,0.0,0.004275596795360198,0.0,0,0.0,0.0,0.004275596795360198,0.0,0.0
MAR01288,594,-3.1340437166522937e-15,3.644401208741807e-15,-2.7724019436774475e-17,0.0,0,0.0,0.0,0.004218158822843073,0.0,0,0.0,0.0,0.004218158822843073,0.0,0.0
MAR02160,544,-3.1347473636475007e-15,2.938423706461644e-15,-2.758754029198944e-17,0.0,0,0.0,0.0,0.004604785407758596,0.0,0,0.0,0.0,0.004604785407758596,0.0,0.0
MAR01195,557,-3.138124111256457e-15,3.701052249959476e-15,-2.760022418779773e-17,0.0,0,0.0,0.0,0.004497603075155535,0.0,0,0.0,0.0,0.004497603075155535,0.0,0.0
MAR03256,550,-3.1522259550084446e-15,3.872567017702448e-15,-2.7370559779958315e-17,0.0,0,0.0,0.0,0.0045546887593671224,0.0,0,0.0,0.0,0.0045546887593671224,0.0,0.0
MAR11669,545,-3.155070496402647e-15,3.414885140916704e-15,-2.8045971944854994e-17,0.0,0,0.0,0.0,0.004596359577531593,0.0,0,0.0,0.0,0.004596359577531593,0.0,0.0
MAR00847,563,-3.1551631250448507e-15,3.775155821688915e-15,-2.8117011132924706e-17,0.0,0,0.0,0.0,0.004449799303901048,0.0,0,0.0,0.0,0.004449799303901048,0.0,0.0
MAR00367,580,-3.1606901004501016e-15,3.84968540203257e-15,-2.807079726226571e-17,0.0,0,0.0,0.0,0.004319712401627411,0.0,0,0.0,0.0,0.004319712401627411,0.0,0.0
MAR00470,575,-3.1634598322536636e-15,3.641454417747794e-15,-2.758781749662473e-17,0.0,0,0.0,0.0,0.004357176858116289,0.0,0,0.0,0.0,0.004357176858116289,0.0,0.0
MAR04927,534,-3.1668384103165512e-15,4.4929416158212e-15,-2.782241878543534e-17,0.0,0,0.0,0.0,0.004690774475909901,0.0,0,0.0,0.0,0.004690774475909901,0.0,0.0
MAR00509,556,-3.1693273105846196e-15,3.990509028807152e-15,-2.7886991559265326e-17,0.0,0,0.0,0.0,0.0045056704064922026,0.0,0,0.0,0.0,0.0045056704064922026,0.0,0.0
MAR11664,560,-3.172065784643305e-15,3.0467517585386444e-15,-2.7619558651057785e-17,0.0,0,0.0,0.0,0.0044735734878779895,0.0,0,0.0,0.0,0.0044735734878779895,0.0,0.0
MAR02113,572,-3.180051404800449e-15,3.3471526374666263e-15,-2.793439033248756e-17,0.0,0,0.0,0.0,0.004379969091767465,0.0,0,0.0,0.0,0.004379969091767465,0.0,0.0
MAR07500,554,-3.1807689254242754e-15,3.5399458113965814e-15,-2.7510733401442252e-17,0.0,0,0.0,0.0,0.004521892203603858,0.0,0,0.0,0.0,0.004521892203603858,0.0,0.0
MAR00979,553,-3.1865207679657295e-15,3.2435204193932013e-15,-2.783041191051759e-17,0.0,0,0.0,0.0,0.00453004698365408,0.0,0,0.0,0.0,0.00453004698365408,0.0,0.0
MAR03746,533,-3.1994419621467925e-15,3.505971494529481e-15,-2.818018241092518e-17,0.0,0,0.0,0.0,0.004699550344959981,0.0,0,0.0,0.0,0.004699550344959981,0.0,0.0
MAR00206,559,-3.203162243498127e-15,3.0067400654666227e-15,-2.7608212555154974e-17,0.0,0,0.0,0.0,0.004481554769642852,0.0,0,0.0,0.0,0.004481554769642852,0.0,0.0
MAR05405,572,-3.204895556400452e-15,3.776499247443246e-15,-2.85861884709932e-17,0.0,0,0.0,0.0,0.004379969091767465,0.0,0,0.0,0.0,0.004379969091767465,0.0,0.0
MAR01229,545,-3.2072204219630212e-15,3.78004243915547e-15,-2.813343201690001e-17,0.0,0,0.0,0.0,0.004596359577531593,0.0,0,0.0,0.0,0.004596359577531593,0.0,0.0
MAR04924,576,-3.20731096002823e-15,3.034200210718097e-15,-2.7557991772716535e-17,0.0,0,0.0,0.0,0.004349632068826215,0.0,0,0.0,0.0,0.004349632068826215,0.0,0.0
MAR02014,558,-3.2089026776262596e-15,3.0907013455852485e-15,-2.810368444177446e-17,0.0,0,0.0,0.0,0.004489564580987142,0.0,0,0.0,0.0,0.004489564580987142,0.0,0.0
MAR10222,562,-3.2113497310154e-15,4.100977437184553e-15,-2.927693544320062e-17,0.0,0,0.0,0.0,0.0044576959055467585,0.0,0,0.0,0.0,0.0044576959055467585,0.0,0.0
MAR06001,564,-3.225158516925278e-15,4.033052261032263e-15,-2.837596020619091e-17,0.0,0,0.0,0.0,0.004441930629657058,0.0,0,0.0,0.0,0.004441930629657058,0.0,0.0
MAR00764,563,-3.2308870400459264e-15,3.6188857176296575e-15,-2.843600919865997e-17,0.0,0,0.0,0.0,0.004449799303901048,0.0,0,0.0,0.0,0.004449799303901048,0.0,0.0
MAR03170,563,-3.2308870400459264e-15,3.648220350430318e-15,-2.801087289770082e-17,0.0,0,0.0,0.0,0.004449799303901048,0.0,0,0.0,0.0,0.004449799303901048,0.0,0.0
MAR01066,575,-3.2376034220721094e-15,3.613762757749977e-15,-2.860042305676261e-17,0.0,0,0.0,0.0,0.004357176858116289,0.0,0,0.0,0.0,0.004357176858116289,0.0,0.0
MAR04213,569,-3.2467682126120577e-15,3.4183314523183863e-15,-2.873649333816564e-17,0.0,0,0.0,0.0,0.004403001029543098,0.0,0,0.0,0.0,0.004403001029543098,0.0,0.0
MAR01150,563,-3.256128345046285e-15,3.615404604577902e-15,-2.831166525277783e-17,0.0,0,0.0,0.0,0.004449799303901048,0.0,0,0.0,0.0,0.004449799303901048,0.0,0.0
MAR04978,545,-3.2593703475233955e-15,3.582909984894807e-15,-2.7935896038410073e-17,0.0,0,0.0,0.0,0.004596359577531593,0.0,0,0.0,0.0,0.004596359577531593,0.0,0.0
MAR01174,545,-3.2593703475233955e-15,3.7477473609042175e-15,-2.869436147253739e-17,0.0,0,0.0,0.0,0.004596359577531593,0.0,0,0.0,0.0,0.004596359577531593,0.0,0.0
MAR02018,545,-3.259370347523396e-15,3.4508188269448906e-15,-2.902844318020808e-17,0.0,0,0.0,0.0,0.004596359577531593,0.0,0,0.0,0.0,0.004596359577531593,0.0,0.0
MAR10208,549,-3.2615076395545595e-15,4.294350013180683e-15,-2.9622521805207e-17,0.0,0,0.0,0.0,0.004562962366977274,0.0,0,0.0,0.0,0.004562962366977274,0.0,0.0
MAR02058,562,-3.2619221677243035e-15,3.3659098740820636e-15,-2.893412222241492e-17,0.0,0,0.0,0.0,0.0044576959055467585,0.0,0,0.0,0.0,0.0044576959055467585,0.0,0.0
MAR01117,566,-3.2639772314068206e-15,3.637838538246483e-15,-2.907844747731036e-17,0.0,0,0.0,0.0,0.0044262764728495866,0.0,0,0.0,0.0,0.0044262764728495866,0.0,0.0
MAR02241,579,-3.2643241401068506e-15,3.632504237991581e-15,-2.8937535312474986e-17,0.0,0,0.0,0.0,0.00432715366313485,0.0,0,0.0,0.0,0.00432715366313485,0.0,0.0
MAR12308,544,-3.2653618371328136e-15,3.5260847180480077e-15,-2.903684319269249e-17,0.0,0,0.0,0.0,0.004604785407758596,0.0,0,0.0,0.0,0.004604785407758596,0.0,0.0
MAR07086,557,-3.2656901320392398e-15,2.986372962374794e-15,-2.800163483370438e-17,0.0,0,0.0,0.0,0.004497603075155535,0.0,0,0.0,0.0,0.004497603075155535,0.0,0.0
MAR05468,565,-3.269754182258868e-15,3.1499093624937018e-15,-2.7959887951904576e-17,0.0,0,0.0,0.0,0.004434089734923025,0.0,0,0.0,0.0,0.004434089734923025,0.0,0.0
MAR06758,565,-3.2697541822588696e-15,3.813552078435095e-15,-2.8577028805751554e-17,0.0,0,0.0,0.0,0.004434089734923025,0.0,0,0.0,0.0,0.004434089734923025,0.0,0.0
MAR10343,559,-3.2794280112004626e-15,4.390461547254377e-15,-2.9384293811302467e-17,0.0,0,0.0,0.0,0.004481554769642852,0.0,0,0.0,0.0,0.004481554769642852,0.0,0.0
MAR02227,559,-3.279428011200463e-15,3.66997063591254e-15,-2.932799924854389e-17,0.0,0,0.0,0.0,0.004481554769642852,0.0,0,0.0,0.0,0.004481554769642852,0.0,0.0
MAR01165,576,-3.281325828336574e-15,3.902621084337512e-15,-2.9057282753725136e-17,0.0,0,0.0,0.0,0.004349632068826215,0.0,0,0.0,0.0,0.004349632068826215,0.0,0.0
MAR04251,567,-3.283283893635736e-15,3.4774447626705694e-15,-2.868928294334268e-17,0.0,0,0.0,0.0,0.00441849069762059,0.0,0,0.0,0.0,0.00441849069762059,0.0,0.0
MAR09826,562,-3.2872083860787554e-15,3.121495789188135e-15,-2.8639321865640955e-17,0.0,0,0.0,0.0,0.0044576959055467585,0.0,0,0.0,0.0,0.0044576959055467585,0.0,0.0
MAR01629,578,-3.294558013558942e-15,3.588733742390153e-15,-2.8895030784604754e-17,0.0,0,0.0,0.0,0.004334620605899285,0.0,0,0.0,0.0,0.004334620605899285,0.0,0.0
MAR00541,569,-3.2967184928060886e-15,3.899980876069962e-15,-2.875961231450491e-17,0.0,0,0.0,0.0,0.004403001029543098,0.0,0,0.0,0.0,0.004403001029543098,0.0,0.0
MAR12678,556,-3.29712276665658e-15,4.966953691530746e-15,-3.0204888152093204e-17,0.0,0,0.0,0.0,0.0045056704064922026,0.0,0,0.0,0.0,0.0045056704064922026,0.0,0.0
MAR01080,551,-3.3012511861086323e-15,3.5253769325832906e-15,-2.9476427239825344e-17,0.0,0,0.0,0.0,0.004546445100963565,0.0,0,0.0,0.0,0.004546445100963565,0.0,0.0
MAR08422,568,-3.3025225746596205e-15,2.931990248132643e-15,-2.865753941434741e-17,0.0,0,0.0,0.0,0.004410732264444036,0.0,0,0.0,0.0,0.004410732264444036,0.0,0.0
MAR04109,555,-3.303063528398304e-15,3.812240164269409e-15,-2.8409976460720125e-17,0.0,0,0.0,0.0,0.004513766730450679,0.0,0,0.0,0.0,0.004513766730450679,0.0,0.0
MAR01375,566,-3.3141922657361562e-15,3.770398319320131e-15,-2.892881148728553e-17,0.0,0,0.0,0.0,0.0044262764728495866,0.0,0,0.0,0.0,0.0044262764728495866,0.0,0.0
MAR01802,546,-3.3314824240766602e-15,3.344697406196955e-15,-2.8571278253507055e-17,0.0,0,0.0,0.0,0.004587964526068459,0.0,0,0.0,0.0,0.004587964526068459,0.0,0.0
MAR00700,546,-3.331482424076661e-15,3.144095076924238e-15,-2.891657553347216e-17,0.0,0,0.0,0.0,0.004587964526068459,0.0,0,0.0,0.0,0.004587964526068459,0.0,0.0
MAR02015,563,-3.3318522600473615e-15,3.046880883818675e-15,-2.907394618113758e-17,0.0,0,0.0,0.0,0.004449799303901048,0.0,0,0.0,0.0,0.004449799303901048,0.0,0.0
MAR01293,554,-3.3346770992351273e-15,3.7389308560355125e-15,-2.932609001764496e-17,0.0,0,0.0,0.0,0.004521892203603858,0.0,0,0.0,0.0,0.004521892203603858,0.0,0.0
MAR00517,558,-3.3362400854685707e-15,4.010840901320416e-15,-2.922474348365696e-17,0.0,0,0.0,0.0,0.004489564580987142,0.0,0,0.0,0.0,0.004489564580987142,0.0,0.0
MAR08068,558,-3.3362400854685707e-15,3.2134247574518917e-15,-2.872332877059332e-17,0.0,0,0.0,0.0,0.004489564580987142,0.0,0,0.0,0.0,0.004489564580987142,0.0,0.0
MAR01282,562,-3.337780822787659e-15,3.90714865504999e-15,-2.923688821892108e-17,0.0,0,0.0,0.0,0.0044576959055467585,0.0,0,0.0,0.0,0.0044576959055467585,0.0,0.0
MAR02218,536,-3.3406113696183816e-15,3.0092207774121208e-15,-2.9266151648042846e-17,0.0,0,0.0,0.0,0.004673320699286043,0.0,0,0.0,0.0,0.004673320699286043,0.0,0.0
MAR00930,582,-3.3451668315853513e-15,3.8016060933063935e-15,-2.963442254657634e-17,0.0,0,0.0,0.0,0.004304906394243486,0.0,0,0.0,0.0,0.004304906394243486,0.0,0.0
MAR02235,547,-3.3513715873145494e-15,3.6527683040938496e-15,-2.972996575143732e-17,0.0,0,0.0,0.0,0.004579600085029117,0.0,0,0.0,0.0,0.004579600085029117,0.0,0.0
MAR00702,602,-3.352062075678878e-15,3.7138599992731135e-15,-2.97306478524009e-17,0.0,0,0.0,0.0,0.004162243623766968,0.0,0,0.0,0.0,0.004162243623766968,0.0,0.0
MAR08104,559,-3.3556937789027986e-15,3.829644222303549e-15,-2.969152846355587e-17,0.0,0,0.0,0.0,0.004481554769642852,0.0,0,0.0,0.0,0.004481554769642852,0.0,0.0
MAR07856,563,-3.3570935650477202e-15,9.107068465765943e-15,-3.1021247260729755e-17,0.0,0,0.0,0.0,0.004449799303901048,0.0,0,0.0,0.0,0.004449799303901048,0.0,0.0
MAR12508,567,-3.3584736011235774e-15,4.654422764764376e-15,-3.044428488107532e-17,0.0,0,0.0,0.0,0.00441849069762059,0.0,0,0.0,0.0,0.00441849069762059,0.0,0.0
MAR01449,571,-3.359834302193118e-15,3.6407987585392116e-15,-2.9383431894031067e-17,0.0,0,0.0,0.0,0.00438761958448344,0.0,0,0.0,0.0,0.00438761958448344,0.0,0.0
MAR00672,536,-3.3671241582661463e-15,3.3442488506043507e-15,-2.9580576574245257e-17,0.0,0,0.0,0.0,0.004673320699286043,0.0,0,0.0,0.0,0.004673320699286043,0.0,0.0
MAR08530,544,-3.3698534159210625e-15,3.999576495328053e-15,-2.836513464035015e-17,0.0,0,0.0,0.0,0.004604785407758596,0.0,0,0.0,0.0,0.004604785407758596,0.0,0.0
MAR01824,544,-3.3698534159210632e-15,3.024965664701047e-15,-2.9494803295576014e-17,0.0,0,0.0,0.0,0.004604785407758596,0.0,0,0.0,0.0,0.004604785407758596,0.0,0.0
MAR04332,567,-3.383536836952858e-15,3.2859778654188254e-15,-2.971140611502214e-17,0.0,0,0.0,0.0,0.00441849069762059,0.0,0,0.0,0.0,0.00441849069762059,0.0,0.0
MAR12676,567,-3.383536836952858e-15,4.83769571466614e-15,-3.002077439008968e-17,0.0,0,0.0,0.0,0.00441849069762059,0.0,0,0.0,0.0,0.00441849069762059,0.0,0.0
MAR04146,554,-3.3859798238387454e-15,3.1148364383035923e-15,-2.9227630741026455e-17,0.0,0,0.0,0.0,0.004521892203603858,0.0,0,0.0,0.0,0.004521892203603858,0.0,0.0
MAR02463,579,-3.387043092742448e-15,5.127860931151818e-15,-2.9201264895260693e-17,0.0,0,0.0,0.0,0.00432715366313485,0.0,0,0.0,0.0,0.00432715366313485,0.0,0.0
MAR01204,549,-3.3909325458860884e-15,3.99696059428271e-15,-2.99146853027062e-17,0.0,0,0.0,0.0,0.004562962366977274,0.0,0,0.0,0.0,0.004562962366977274,0.0,0.0
MAR12149,544,-3.395976310618126e-15,5.216227852447967e-15,-3.131300073777046e-17,0.0,0,0.0,0.0,0.004604785407758596,0.0,0,0.0,0.0,0.004604785407758596,0.0,0.0
MAR01033,548,-3.3971203789990193e-15,3.8571987923300654e-15,-2.99587214352619e-17,0.0,0,0.0,0.0,0.004571266087298871,0.0,0,0.0,0.0,0.004571266087298871,0.0,0.0
MAR04723,556,-3.3993591315141485e-15,3.62194081377408e-15,-2.9521590225461575e-17,0.0,0,0.0,0.0,0.0045056704064922026,0.0,0,0.0,0.0,0.0045056704064922026,0.0,0.0
MAR09862,560,-3.4004545211376225e-15,3.566752952598225e-15,-3.0267578994466726e-17,0.0,0,0.0,0.0,0.0044735734878779895,0.0,0,0.0,0.0,0.0044735734878779895,0.0,0.0
MAR01261,547,-3.4033308367302795e-15,3.4944964509658944e-15,-2.961147663565119e-17,0.0,0,0.0,0.0,0.004579600085029117,0.0,0,0.0,0.0,0.004579600085029117,0.0,0.0
MAR00179,559,-3.4065376240376895e-15,3.0535621603190835e-15,-2.9543994892241166e-17,0.0,0,0.0,0.0,0.004481554769642852,0.0,0,0.0,0.0,0.004481554769642852,0.0,0.0
MAR00240,579,-3.4115868832695662e-15,3.6139492776565155e-15,-3.0270031939956246e-17,0.0,0,0.0,0.0,0.00432715366313485,0.0,0,0.0,0.0,0.00432715366313485,0.0,0.0
MAR01230,541,-3.4148079722296865e-15,3.949481294680708e-15,-3.0223427581742494e-17,0.0,0,0.0,0.0,0.004630249273041442,0.0,0,0.0,0.0,0.004630249273041442,0.0,0.0
MAR00948,578,-3.417489282721589e-15,3.1959109411228742e-15,-2.9210670108649764e-17,0.0,0,0.0,0.0,0.004334620605899285,0.0,0,0.0,0.0,0.004334620605899285,0.0,0.0
MAR06370,561,-3.419724396706365e-15,4.155140760468926e-15,-2.930975424491897e-17,0.0,0,0.0,0.0,0.004465620583537596,0.0,0,0.0,0.0,0.004465620583537596,0.0,0.0
MAR09725,556,-3.4249182227285405e-15,3.9114451943016555e-15,-2.974772781873717e-17,0.0,0,0.0,0.0,0.0045056704064922026,0.0,0,0.0,0.0,0.0045056704064922026,0.0,0.0
MAR02562,560,-3.4258310474147704e-15,4.976849841393647e-15,-2.897661032401488e-17,0.0,0,0.0,0.0,0.0044735734878779895,0.0,0,0.0,0.0,0.0044735734878779895,0.0,0.0
MAR12501,567,-3.4336633086114187e-15,4.7156418039325015e-15,-3.071533694448655e-17,0.0,0,0.0,0.0,0.00441849069762059,0.0,0,0.0,0.0,0.00441849069762059,0.0,0.0
MAR04892,570,-3.4405227205225896e-15,4.117553118328402e-15,-3.001940900404541e-17,0.0,0,0.0,0.0,0.004395296850147243,0.0,0,0.0,0.0,0.004395296850147243,0.0,0.0
MAR01376,549,-3.4427025084187004e-15,3.831387004224492e-15,-3.053821080883129e-17,0.0,0,0.0,0.0,0.004562962366977274,0.0,0,0.0,0.0,0.004562962366977274,0.0,0.0
MAR01110,569,-3.4465693333881837e-15,3.352087173702657e-15,-2.9985106304726777e-17,0.0,0,0.0,0.0,0.004403001029543098,0.0,0,0.0,0.0,0.004403001029543098,0.0,0.0
MAR12155,536,-3.4466625242094413e-15,4.740239596767669e-15,-3.0488685128039194e-17,0.0,0,0.0,0.0,0.004673320699286043,0.0,0,0.0,0.0,0.004673320699286043,0.0,0.0
MAR05324,573,-3.447310306131027e-15,4.281661263782422e-15,-2.924565353106021e-17,0.0,0,0.0,0.0,0.0043723452321952965,0.0,0,0.0,0.0,0.0043723452321952965,0.0,0.0
MAR01116,568,-3.452637237144149e-15,3.5357264212442954e-15,-2.9802288427165983e-17,0.0,0,0.0,0.0,0.004410732264444036,0.0,0,0.0,0.0,0.004410732264444036,0.0,0.0
MAR00927,539,-3.4538440959025277e-15,3.662105186168979e-15,-3.0168892765083107e-17,0.0,0,0.0,0.0,0.004647382219459146,0.0,0,0.0,0.0,0.004647382219459146,0.0,0.0
MAR00208,547,-3.4552900861460096e-15,3.733156385853091e-15,-3.071789122435346e-17,0.0,0,0.0,0.0,0.004579600085029117,0.0,0,0.0,0.0,0.004579600085029117,0.0,0.0
MAR12596,551,-3.4559973354574745e-15,5.072486467484404e-15,-3.2247521465860456e-17,0.0,0,0.0,0.0,0.004546445100963565,0.0,0,0.0,0.0,0.004546445100963565,0.0,0.0
MAR07199,571,-3.459384948184027e-15,2.969473992330461e-15,-2.948018344610651e-17,0.0,0,0.0,0.0,0.00438761958448344,0.0,0,0.0,0.0,0.00438761958448344,0.0,0.0
MAR00487,575,-3.4600341915274445e-15,3.74274591805032e-15,-3.0035630799593076e-17,0.0,0,0.0,0.0,0.004357176858116289,0.0,0,0.0,0.0,0.004357176858116289,0.0,0.0
MAR00173,558,-3.4635774933108834e-15,3.6915117857403085e-15,-3.064554465827213e-17,0.0,0,0.0,0.0,0.004489564580987142,0.0,0,0.0,0.0,0.004489564580987142,0.0,0.0
MAR02501,529,-3.4654069154273333e-15,4.632378139622368e-15,-3.104486451534584e-17,0.0,0,0.0,0.0,0.004734984668033456,0.0,0,0.0,0.0,0.004734984668033456,0.0,0.0
MAR02516,552,-3.475480772739622e-15,4.0760145868726474e-15,-3.061683078924083e-17,0.0,0,0.0,0.0,0.004538231229443332,0.0,0,0.0,0.0,0.004538231229443332,0.0,0.0
MAR04079,560,-3.4765840999690623e-15,3.643303166425582e-15,-2.994691958872913e-17,0.0,0,0.0,0.0,0.0044735734878779895,0.0,0,0.0,0.0,0.0044735734878779895,0.0,0.0
MAR10138,555,-3.4822995338152657e-15,3.650083843158512e-15,-3.066089054655558e-17,0.0,0,0.0,0.0,0.004513766730450679,0.0,0,0.0,0.0,0.004513766730450679,0.0,0.0
MAR00167,554,-3.488585273045979e-15,4.3871639834241385e-15,-3.129009051707781e-17,0.0,0,0.0,0.0,0.004521892203603858,0.0,0,0.0,0.0,0.004521892203603858,0.0,0.0
MAR00256,558,-3.4890449748793464e-15,4.283086195771462e-15,-3.1348852932940267e-17,0.0,0,0.0,0.0,0.004489564580987142,0.0,0,0.0,0.0,0.004489564580987142,0.0,0.0
MAR02211,553,-3.494893745510801e-15,3.0947151604606474e-15,-3.093507003642762e-17,0.0,0,0.0,0.0,0.00453004698365408,0.0,0,0.0,0.0,0.00453004698365408,0.0,0.0
MAR00939,561,-3.4957182721887284e-15,3.5564258022413456e-15,-3.038581926045448e-17,0.0,0,0.0,0.0,0.004465620583537596,0.0,0,0.0,0.0,0.004465620583537596,0.0,0.0
MAR00533,573,-3.496911893269603e-15,4.1048206847021665e-15,-3.0800239386590157e-17,0.0,0,0.0,0.0,0.0043723452321952965,0.0,0,0.0,0.0,0.0043723452321952965,0.0,0.0
MAR00782,544,-3.500467889406376e-15,3.85461139869704e-15,-3.0730469150367307e-17,0.0,0,0.0,0.0,0.004604785407758596,0.0,0,0.0,0.0,0.004604785407758596,0.0,0.0
MAR00634,548,-3.5008492455333404e-15,3.882620888908184e-15,-3.0390325298811485e-17,0.0,0,0.0,0.0,0.004571266087298871,0.0,0,0.0,0.0,0.004571266087298871,0.0,0.0
MAR01121,568,-3.502675457972325e-15,3.3573367688171765e-15,-3.023594645966281e-17,0.0,0,0.0,0.0,0.004410732264444036,0.0,0,0.0,0.0,0.004410732264444036,0.0,0.0
MAR00621,531,-3.5058794118483285e-15,3.6447661714095526e-15,-3.0778681673453066e-17,0.0,0,0.0,0.0,0.004717200964344275,0.0,0,0.0,0.0,0.004717200964344275,0.0,0.0
MAR00107,551,-3.507579385240422e-15,3.6436296813868416e-15,-3.094385944937186e-17,0.0,0,0.0,0.0,0.004546445100963565,0.0,0,0.0,0.0,0.004546445100963565,0.0,0.0
MAR01133,563,-3.508541395049873e-15,3.759351691526063e-15,-2.9870796089468406e-17,0.0,0,0.0,0.0,0.004449799303901048,0.0,0,0.0,0.0,0.004449799303901048,0.0,0.0
MAR01646,545,-3.520119975325267e-15,2.9795729311269934e-15,-3.0092912736284806e-17,0.0,0,0.0,0.0,0.004596359577531593,0.0,0,0.0,0.0,0.004596359577531593,0.0,0.0
MAR08508,557,-3.520822173604805e-15,3.097756575575706e-15,-3.037837713012566e-17,0.0,0,0.0,0.0,0.004497603075155535,0.0,0,0.0,0.0,0.004497603075155535,0.0,0.0
MAR01167,548,-3.5267814621669207e-15,3.657688560175286e-15,-3.075019657410309e-17,0.0,0,0.0,0.0,0.004571266087298871,0.0,0,0.0,0.0,0.004571266087298871,0.0,0.0
MAR01199,552,-3.5269693767802073e-15,3.9771600654300634e-15,-3.128677893797972e-17,0.0,0,0.0,0.0,0.004538231229443332,0.0,0,0.0,0.0,0.004538231229443332,0.0,0.0
MAR11749,567,-3.5339162519285412e-15,4.586297749454947e-15,-3.065524219771005e-17,0.0,0,0.0,0.0,0.00441849069762059,0.0,0,0.0,0.0,0.00441849069762059,0.0,0.0
MAR01875,545,-3.5461949381054543e-15,3.720360433470533e-15,-3.1462907642148135e-17,0.0,0,0.0,0.0,0.004596359577531593,0.0,0,0.0,0.0,0.004596359577531593,0.0,0.0
MAR00009,553,-3.546289241768312e-15,3.729951739124687e-15,-3.067756913746022e-17,0.0,0,0.0,0.0,0.00453004698365408,0.0,0,0.0,0.0,0.00453004698365408,0.0,0.0
MAR00214,561,-3.546380855843637e-15,3.3954410995633403e-15,-3.038245443340747e-17,0.0,0,0.0,0.0,0.004465620583537596,0.0,0,0.0,0.0,0.004465620583537596,0.0,0.0
MAR06631,585,-3.5466406639649457e-15,4.2005371223316874e-15,-3.0744877530980014e-17,0.0,0,0.0,0.0,0.004282886715357432,0.0,0,0.0,0.0,0.004282886715357432,0.0,0.0
MAR00502,580,-3.552713678800501e-15,3.5055130262418973e-15,-3.039672684176855e-17,0.0,0,0.0,0.0,0.004319712401627411,0.0,0,0.0,0.0,0.004319712401627411,0.0,0.0
MAR01866,564,-3.552713678800501e-15,3.3196900500268955e-15,-3.066994939361223e-17,0.0,0,0.0,0.0,0.004441930629657058,0.0,0,0.0,0.0,0.004441930629657058,0.0,0.0
MAR01183,552,-3.552713678800501e-15,3.407717292194777e-15,-3.0559129896645096e-17,0.0,0,0.0,0.0,0.004538231229443332,0.0,0,0.0,0.0,0.004538231229443332,0.0,0.0
MAR00942,575,-3.558892311285372e-15,3.562157439490421e-15,-3.132010200308439e-17,0.0,0,0.0,0.0,0.004357176858116289,0.0,0,0.0,0.0,0.004357176858116289,0.0,0.0
MAR00937,541,-3.572414494024903e-15,3.630191654986847e-15,-3.091538653392823e-17,0.0,0,0.0,0.0,0.004630249273041442,0.0,0,0.0,0.0,0.004630249273041442,0.0,0.0
MAR03181,533,-3.572710191063919e-15,3.244022045791658e-15,-3.0830717116149485e-17,0.0,0,0.0,0.0,0.004699550344959981,0.0,0,0.0,0.0,0.004699550344959981,0.0,0.0
MAR00296,539,-3.58567020643316e-15,4.177391207270568e-15,-3.1981664243464186e-17,0.0,0,0.0,0.0,0.004647382219459146,0.0,0,0.0,0.0,0.004647382219459146,0.0,0.0
MAR00143,573,-3.596115067546755e-15,3.3117582149645422e-15,-3.12931128151471e-17,0.0,0,0.0,0.0,0.0043723452321952965,0.0,0,0.0,0.0,0.0043723452321952965,0.0,0.0
MAR03406,557,-3.5973617860744745e-15,3.773935885395746e-15,-3.1229147564883055e-17,0.0,0,0.0,0.0,0.004497603075155535,0.0,0,0.0,0.0,0.004497603075155535,0.0,0.0
MAR09779,551,-3.6107434848063174e-15,3.757084198158756e-15,-3.226278892154004e-17,0.0,0,0.0,0.0,0.004546445100963565,0.0,0,0.0,0.0,0.004546445100963565,0.0,0.0
MAR12251,558,-3.616382382721657e-15,4.692150851025588e-15,-3.255263289327203e-17,0.0,0,0.0,0.0,0.004489564580987142,0.0,0,0.0,0.0,0.004489564580987142,0.0,0.0
MAR01176,550,-3.61730847296051e-15,3.903481021836056e-15,-3.133084538044437e-17,0.0,0,0.0,0.0,0.0045546887593671224,0.0,0,0.0,0.0,0.0045546887593671224,0.0,0.0
MAR12306,561,-3.6223747313260015e-15,4.877351429998097e-15,-3.2858604752066956e-17,0.0,0,0.0,0.0,0.004465620583537596,0.0,0,0.0,0.0,0.004465620583537596,0.0,0.0
MAR00266,545,-3.624419826446016e-15,4.267117070222622e-15,-3.2235028412849584e-17,0.0,0,0.0,0.0,0.004596359577531593,0.0,0,0.0,0.0,0.004596359577531593,0.0,0.0
MAR01304,568,-3.627771010042764e-15,3.872402311869405e-15,-3.163302143792649e-17,0.0,0,0.0,0.0,0.004410732264444036,0.0,0,0.0,0.0,0.004410732264444036,0.0,0.0
MAR12362,575,-3.633035901103816e-15,4.9051915002286364e-15,-3.260032810226935e-17,0.0,0,0.0,0.0,0.004357176858116289,0.0,0,0.0,0.0,0.004357176858116289,0.0,0.0
MAR04532,559,-3.6353349271447e-15,3.1434667898275124e-15,-3.1329553519296946e-17,0.0,0,0.0,0.0,0.004481554769642852,0.0,0,0.0,0.0,0.004481554769642852,0.0,0.0
MAR01181,555,-3.635930395601233e-15,3.5189796756994328e-15,-3.223172712643334e-17,0.0,0,0.0,0.0,0.004513766730450679,0.0,0,0.0,0.0,0.004513766730450679,0.0,0.0
MAR02624,554,-3.642493446856832e-15,4.496022801934231e-15,-3.204664680580412e-17,0.0,0,0.0,0.0,0.004521892203603858,0.0,0,0.0,0.0,0.004521892203603858,0.0,0.0
MAR02226,593,-3.642579960726314e-15,3.738135530052248e-15,-3.222497715998629e-17,0.0,0,0.0,0.0,0.0042252540320499845,0.0,0,0.0,0.0,0.0042252540320499845,0.0,0.0
MAR04198,577,-3.6450719200171525e-15,3.654228926542684e-15,-3.1835540194398246e-17,0.0,0,0.0,0.0,0.004342113363096878,0.0,0,0.0,0.0,0.004342113363096878,0.0,0.0
MAR00511,564,-3.653499882454416e-15,3.727090033656318e-15,-3.180956246301199e-17,0.0,0,0.0,0.0,0.004441930629657058,0.0,0,0.0,0.0,0.004441930629657058,0.0,0.0
MAR04355,560,-3.654219783909087e-15,3.458116915761527e-15,-3.1906154060999746e-17,0.0,0,0.0,0.0,0.0044735734878779895,0.0,0,0.0,0.0,0.0044735734878779895,0.0,0.0
MAR02105,567,-3.6592324310749426e-15,3.4887969813363134e-15,-3.24840777325615e-17,0.0,0,0.0,0.0,0.00441849069762059,0.0,0,0.0,0.0,0.00441849069762059,0.0,0.0
MAR01170,563,-3.659989225052026e-15,3.5822588294792155e-15,-3.216432310318716e-17,0.0,0,0.0,0.0,0.004449799303901048,0.0,0,0.0,0.0,0.004449799303901048,0.0,0.0
MAR10370,563,-3.659989225052027e-15,4.150155119021421e-15,-3.2722570661904396e-17,0.0,0,0.0,0.0,0.004449799303901048,0.0,0,0.0,0.0,0.004449799303901048,0.0,0.0
MAR12199,570,-3.664904637078412e-15,4.8312099865412306e-15,-3.318165902435275e-17,0.0,0,0.0,0.0,0.004395296850147243,0.0,0,0.0,0.0,0.004395296850147243,0.0,0.0
MAR01139,573,-3.6705174482546184e-15,2.940364367241666e-15,-3.139597602230772e-17,0.0,0,0.0,0.0,0.0043723452321952965,0.0,0,0.0,0.0,0.0043723452321952965,0.0,0.0
MAR03433,573,-3.6705174482546184e-15,3.531406353849443e-15,-3.1985499246504616e-17,0.0,0,0.0,0.0,0.0043723452321952965,0.0,0,0.0,0.0,0.0043723452321952965,0.0,0.0
MAR00272,565,-3.672185466229191e-15,3.844517630506462e-15,-3.2698118113833557e-17,0.0,0,0.0,0.0,0.004434089734923025,0.0,0,0.0,0.0,0.004434089734923025,0.0,0.0
MAR00938,556,-3.680509134872461e-15,3.5463024666651793e-15,-3.214437997641514e-17,0.0,0,0.0,0.0,0.0045056704064922026,0.0,0,0.0,0.0,0.0045056704064922026,0.0,0.0
MAR01740,567,-3.684295666904224e-15,3.0760929172170617e-15,-3.163347356580102e-17,0.0,0,0.0,0.0,0.00441849069762059,0.0,0,0.0,0.0,0.00441849069762059,0.0,0.0
MAR04730,554,-3.693796171460448e-15,3.3209177945040167e-15,-3.2520587843456666e-17,0.0,0,0.0,0.0,0.004521892203603858,0.0,0,0.0,0.0,0.004521892203603858,0.0,0.0
MAR02428,554,-3.69379617146045e-15,5.376262566880031e-15,-3.170633739986711e-17,0.0,0,0.0,0.0,0.004521892203603858,0.0,0,0.0,0.0,0.004521892203603858,0.0,0.0
MAR12148,556,-3.706068226086853e-15,4.9914083732470744e-15,-3.318947354737942e-17,0.0,0,0.0,0.0,0.0045056704064922026,0.0,0,0.0,0.0,0.0045056704064922026,0.0,0.0
MAR00514,548,-3.708306978601983e-15,4.073646242348295e-15,-3.2698205231701085e-17,0.0,0,0.0,0.0,0.004571266087298871,0.0,0,0.0,0.0,0.004571266087298871,0.0,0.0
MAR01746,525,-3.708356373300332e-15,3.2469157384591526e-15,-3.215859334423015e-17,0.0,0,0.0,0.0,0.0047709573947254695,0.0,0,0.0,0.0,0.0047709573947254695,0.0,0.0
MAR05407,563,-3.710471835052744e-15,3.008256037552171e-15,-3.1746576936372865e-17,0.0,0,0.0,0.0,0.004449799303901048,0.0,0,0.0,0.0,0.004449799303901048,0.0,0.0
MAR09317,554,-3.719447533762257e-15,4.102873283803773e-15,-3.3277015009844136e-17,0.0,0,0.0,0.0,0.004521892203603858,0.0,0,0.0,0.0,0.004521892203603858,0.0,0.0
MAR11467,572,-3.726622740000526e-15,4.748192641945648e-15,-3.336675330206739e-17,0.0,0,0.0,0.0,0.004379969091767465,0.0,0,0.0,0.0,0.004379969091767465,0.0,0.0
MAR00918,545,-3.7287196775667645e-15,3.922961558059086e-15,-3.291519734546503e-17,0.0,0,0.0,0.0,0.004596359577531593,0.0,0,0.0,0.0,0.004596359577531593,0.0,0.0
MAR12432,545,-3.7287196775667645e-15,3.572357366816451e-15,-3.2729326049627884e-17,0.0,0,0.0,0.0,0.004596359577531593,0.0,0,0.0,0.0,0.004596359577531593,0.0,0.0
MAR12172,567,-3.734422138562785e-15,4.8464671945733175e-15,-3.335313996223751e-17,0.0,0,0.0,0.0,0.00441849069762059,0.0,0,0.0,0.0,0.00441849069762059,0.0,0.0
MAR01331,555,-3.7383509701252115e-15,3.745196778206648e-15,-3.2612701187535425e-17,0.0,0,0.0,0.0,0.004513766730450679,0.0,0,0.0,0.0,0.004513766730450679,0.0,0.0
MAR12533,551,-3.739698609263685e-15,5.0799318159089785e-15,-3.3746756373895337e-17,0.0,0,0.0,0.0,0.004546445100963565,0.0,0,0.0,0.0,0.004546445100963565,0.0,0.0
MAR04323,566,-3.7410200575355096e-15,2.9654967784479394e-15,-3.2174960339325617e-17,0.0,0,0.0,0.0,0.0044262764728495866,0.0,0,0.0,0.0,0.0044262764728495866,0.0,0.0
MAR01401,562,-3.7423603164588904e-15,3.69135008540337e-15,-3.2319654641561635e-17,0.0,0,0.0,0.0,0.0044576959055467585,0.0,0,0.0,0.0,0.0044576959055467585,0.0,0.0
MAR03523,558,-3.7437197905639686e-15,3.4488593531031172e-15,-3.201632766241786e-17,0.0,0,0.0,0.0,0.004489564580987142,0.0,0,0.0,0.0,0.004489564580987142,0.0,0.0
MAR01201,554,-3.745098896064066e-15,3.721615679169598e-15,-3.243991909449198e-17,0.0,0,0.0,0.0,0.004521892203603858,0.0,0,0.0,0.0,0.004521892203603858,0.0,0.0
MAR12217,569,-3.746271014552373e-15,4.6853728833616536e-15,-3.339895609198112e-17,0.0,0,0.0,0.0,0.004403001029543098,0.0,0,0.0,0.0,0.004403001029543098,0.0,0.0
MAR04704,565,-3.7476413319736275e-15,3.1840896114549298e-15,-3.246958989303827e-17,0.0,0,0.0,0.0,0.004434089734923025,0.0,0,0.0,0.0,0.004434089734923025,0.0,0.0
MAR08870,557,-3.750441011013815e-15,3.5297375811541217e-15,-3.2848652521858555e-17,0.0,0,0.0,0.0,0.004497603075155535,0.0,0,0.0,0.0,0.004497603075155535,0.0,0.0
MAR00874,553,-3.75187122679836e-15,3.5115971421157808e-15,-3.2482095640602675e-17,0.0,0,0.0,0.0,0.00453004698365408,0.0,0,0.0,0.0,0.00453004698365408,0.0,0.0
MAR12058,579,-3.755199950649235e-15,4.6943328471467826e-15,-3.3444744871335575e-17,0.0,0,0.0,0.0,0.00432715366313485,0.0,0,0.0,0.0,0.00432715366313485,0.0,0.0
MAR09974,563,-3.760954445053461e-15,3.5961214875426055e-15,-3.3072869678219145e-17,0.0,0,0.0,0.0,0.004449799303901048,0.0,0,0.0,0.0,0.004449799303901048,0.0,0.0
MAR04797,547,-3.767045582640385e-15,3.6655175388751886e-15,-3.233510282440047e-17,0.0,0,0.0,0.0,0.004579600085029117,0.0,0,0.0,0.0,0.004579600085029117,0.0,0.0
MAR04815,562,-3.7676465348133415e-15,3.591657492288565e-15,-3.194568152705333e-17,0.0,0,0.0,0.0,0.0044576959055467585,0.0,0,0.0,0.0,0.0044576959055467585,0.0,0.0
MAR06599,546,-3.773944933524343e-15,3.375448449279073e-15,-3.233396062940141e-17,0.0,0,0.0,0.0,0.004587964526068459,0.0,0,0.0,0.0,0.004587964526068459,0.0,0.0
MAR01275,572,-3.776311043200532e-15,3.761217294084188e-15,-3.2881964183402204e-17,0.0,0,0.0,0.0,0.004379969091767465,0.0,0,0.0,0.0,0.004379969091767465,0.0,0.0
MAR12663,560,-3.781102415294819e-15,4.8520713667663035e-15,-3.400692451647837e-17,0.0,0,0.0,0.0,0.0044735734878779895,0.0,0,0.0,0.0,0.0044735734878779895,0.0,0.0
MAR06419,560,-3.78110241529482e-15,3.639216879291119e-15,-3.202048555083129e-17,0.0,0,0.0,0.0,0.0044735734878779895,0.0,0,0.0,0.0,0.0044735734878779895,0.0,0.0
MAR08777,552,-3.7844123969831425e-15,2.9732179371057855e-15,-3.2655917330860955e-17,0.0,0,0.0,0.0,0.004538231229443332,0.0,0,0.0,0.0,0.004538231229443332,0.0,0.0
MAR00176,567,-3.784548610221346e-15,3.3840881766611226e-15,-3.2436439651787247e-17,0.0,0,0.0,0.0,0.00441849069762059,0.0,0,0.0,0.0,0.00441849069762059,0.0,0.0
MAR01048,578,-3.78628309020953e-15,3.57758307619989e-15,-3.2803035425489694e-17,0.0,0,0.0,0.0,0.004334620605899285,0.0,0,0.0,0.0,0.004334620605899285,0.0,0.0
MAR03205,559,-3.787866462549372e-15,4.37717369107571e-15,-3.2013152589833083e-17,0.0,0,0.0,0.0,0.004481554769642852,0.0,0,0.0,0.0,0.004481554769642852,0.0,0.0
MAR01887,555,-3.789561257387201e-15,2.9751435175983633e-15,-3.2942544244234395e-17,0.0,0,0.0,0.0,0.004513766730450679,0.0,0,0.0,0.0,0.004513766730450679,0.0,0.0
MAR01124,543,-3.794795458018951e-15,3.924576768607422e-15,-3.322095861876149e-17,0.0,0,0.0,0.0,0.004613242186326175,0.0,0,0.0,0.0,0.004613242186326175,0.0,0.0
MAR04006,565,-3.797945242469916e-15,3.50244607715412e-15,-3.327583756268619e-17,0.0,0,0.0,0.0,0.004434089734923025,0.0,0,0.0,0.0,0.004434089734923025,0.0,0.0
MAR04821,564,-3.8046791879352886e-15,3.808020939565655e-15,-3.321652843416894e-17,0.0,0,0.0,0.0,0.004441930629657058,0.0,0,0.0,0.0,0.004441930629657058,0.0,0.0
MAR06029,560,-3.806478941571965e-15,4.417114067174548e-15,-3.279451181694983e-17,0.0,0,0.0,0.0,0.0044735734878779895,0.0,0,0.0,0.0,0.0044735734878779895,0.0,0.0
MAR00177,563,-3.811437055054179e-15,3.4297811834062636e-15,-3.3524650193666525e-17,0.0,0,0.0,0.0,0.004449799303901048,0.0,0,0.0,0.0,0.004449799303901048,0.0,0.0
MAR04941,570,-3.814492581448959e-15,3.6474349486747035e-15,-3.3099699190576107e-17,0.0,0,0.0,0.0,0.004395296850147243,0.0,0,0.0,0.0,0.004395296850147243,0.0,0.0
MAR02439,562,-3.818218971522248e-15,4.114086468979045e-15,-3.303399936775903e-17,0.0,0,0.0,0.0,0.0044576959055467585,0.0,0,0.0,0.0,0.0044576959055467585,0.0,0.0
MAR01120,584,-3.820383887477251e-15,3.589197360171883e-15,-3.276093368702495e-17,0.0,0,0.0,0.0,0.004290201536487618,0.0,0,0.0,0.0,0.004290201536487618,0.0,0.0
MAR01379,543,-3.820966461177702e-15,3.736710441766058e-15,-3.3364001126474263e-17,0.0,0,0.0,0.0,0.004613242186326175,0.0,0,0.0,0.0,0.004613242186326175,0.0,0.0
MAR07791,561,-3.825025065945638e-15,3.5787957036737604e-15,-3.364610288940714e-17,0.0,0,0.0,0.0,0.004465620583537596,0.0,0,0.0,0.0,0.004465620583537596,0.0,0.0
MAR02157,572,-3.825999346400539e-15,3.4837590713711675e-15,-3.3983662661171746e-17,0.0,0,0.0,0.0,0.004379969091767465,0.0,0,0.0,0.0,0.004379969091767465,0.0,0.0
MAR04377,564,-3.829875738848767e-15,3.5170252324684033e-15,-3.2985453778010965e-17,0.0,0,0.0,0.0,0.004441930629657058,0.0,0,0.0,0.0,0.004441930629657058,0.0,0.0
MAR12633,578,-3.83545559787459e-15,4.702160641034522e-15,-3.444590393583395e-17,0.0,0,0.0,0.0,0.004334620605899285,0.0,0,0.0,0.0,0.004334620605899285,0.0,0.0
MAR04907,548,-3.837968061769885e-15,3.490469575221676e-15,-3.246022184578517e-17,0.0,0,0.0,0.0,0.004571266087298871,0.0,0,0.0,0.0,0.004571266087298871,0.0,0.0
MAR12338,559,-3.838710307684264e-15,4.969356210638331e-15,-3.4737800636265063e-17,0.0,0,0.0,0.0,0.004481554769642852,0.0,0,0.0,0.0,0.004481554769642852,0.0,0.0
MAR00771,551,-3.84286270882958e-15,3.799613948234136e-15,-3.3547541270727015e-17,0.0,0,0.0,0.0,0.004546445100963565,0.0,0,0.0,0.0,0.004546445100963565,0.0,0.0
MAR00662,558,-3.845589716837818e-15,3.996550716229099e-15,-3.322221710535884e-17,0.0,0,0.0,0.0,0.004489564580987142,0.0,0,0.0,0.0,0.004489564580987142,0.0,0.0
MAR12191,543,-3.847137464336454e-15,4.942571797981889e-15,-3.4001527338672706e-17,0.0,0,0.0,0.0,0.004613242186326175,0.0,0,0.0,0.0,0.004613242186326175,0.0,0.0
MAR00505,553,-3.854662219313382e-15,3.495911963562074e-15,-3.325976735869918e-17,0.0,0,0.0,0.0,0.00453004698365408,0.0,0,0.0,0.0,0.00453004698365408,0.0,0.0
MAR04309,560,-3.857231994126258e-15,2.9642899325205355e-15,-3.31643011872864e-17,0.0,0,0.0,0.0,0.0044735734878779895,0.0,0,0.0,0.0,0.0044735734878779895,0.0,0.0
MAR09266,578,-3.860041851707119e-15,3.664819730074478e-15,-3.4136636135800274e-17,0.0,0,0.0,0.0,0.004334620605899285,0.0,0,0.0,0.0,0.004334620605899285,0.0,0.0
MAR02454,555,-3.866376688280186e-15,5.774146963771042e-15,-3.2976796620207553e-17,0.0,0,0.0,0.0,0.004513766730450679,0.0,0,0.0,0.0,0.004513766730450679,0.0,0.0
MAR00510,569,-3.871146715037452e-15,3.938198324035155e-15,-3.381607862733068e-17,0.0,0,0.0,0.0,0.004403001029543098,0.0,0,0.0,0.0,0.004403001029543098,0.0,0.0
MAR10193,554,-3.873355707573109e-15,3.793916187874316e-15,-3.440514056236818e-17,0.0,0,0.0,0.0,0.004521892203603858,0.0,0,0.0,0.0,0.004521892203603858,0.0,0.0
MAR00807,572,-3.875687649600547e-15,3.619970299337692e-15,-3.3708047978044967e-17,0.0,0,0.0,0.0,0.004379969091767465,0.0,0,0.0,0.0,0.004379969091767465,0.0,0.0
MAR12381,570,-3.889286553634233e-15,5.001319621085225e-15,-3.5229754483621866e-17,0.0,0,0.0,0.0,0.004395296850147243,0.0,0,0.0,0.0,0.004395296850147243,0.0,0.0
MAR11975,559,-3.889554152819154e-15,4.963810295253188e-15,-3.4883699245167034e-17,0.0,0,0.0,0.0,0.004481554769642852,0.0,0,0.0,0.0,0.004481554769642852,0.0,0.0
MAR01224,579,-3.902462693811949e-15,3.510248112636074e-15,-3.386446038576713e-17,0.0,0,0.0,0.0,0.00432715366313485,0.0,0,0.0,0.0,0.00432715366313485,0.0,0.0
MAR07323,560,-3.907985046680551e-15,3.3545862619699464e-15,-3.3911253758526035e-17,0.0,0,0.0,0.0,0.0044735734878779895,0.0,0,0.0,0.0,0.0044735734878779895,0.0,0.0
MAR00290,563,-3.912402275055614e-15,3.413910389972139e-15,-3.4040777760331743e-17,0.0,0,0.0,0.0,0.004449799303901048,0.0,0,0.0,0.0,0.004449799303901048,0.0,0.0
MAR06000,587,-3.921905389885392e-15,3.954701188002586e-15,-3.3740451942422185e-17,0.0,0,0.0,0.0,0.004268331649559446,0.0,0,0.0,0.0,0.004268331649559446,0.0,0.0
MAR01260,554,-3.9246584321767264e-15,2.9955433841374965e-15,-3.335782085332978e-17,0.0,0,0.0,0.0,0.004521892203603858,0.0,0,0.0,0.0,0.004521892203603858,0.0,0.0
MAR07082,560,-3.933361572957698e-15,9.280140859228403e-15,-3.6336790880890985e-17,0.0,0,0.0,0.0,0.0044735734878779895,0.0,0,0.0,0.0,0.0044735734878779895,0.0,0.0
MAR01756,560,-3.9333615729576985e-15,3.153197444846389e-15,-3.3807699343513476e-17,0.0,0,0.0,0.0,0.0044735734878779895,0.0,0,0.0,0.0,0.0044735734878779895,0.0,0.0
MAR00625,574,-3.936456271284179e-15,3.487528303164314e-15,-3.37064119131222e-17,0.0,0,0.0,0.0,0.004364747866934595,0.0,0,0.0,0.0,0.004364747866934595,0.0,0.0
MAR11266,541,-3.940163044880408e-15,3.5429383890623444e-15,-3.494281090589461e-17,0.0,0,0.0,0.0,0.004630249273041442,0.0,0,0.0,0.0,0.004630249273041442,0.0,0.0
MAR10265,562,-3.944650063294506e-15,4.148526972134243e-15,-3.4435181799404745e-17,0.0,0,0.0,0.0,0.0044576959055467585,0.0,0,0.0,0.0,0.0044576959055467585,0.0,0.0
MAR00626,550,-3.9532014025925584e-15,3.1328054382210537e-15,-3.385585004130293e-17,0.0,0,0.0,0.0,0.0045546887593671224,0.0,0,0.0,0.0,0.0045546887593671224,0.0,0.0
MAR02091,571,-3.957138178138562e-15,2.9742303734966084e-15,-3.4626116358999146e-17,0.0,0,0.0,0.0,0.00438761958448344,0.0,0,0.0,0.0,0.00438761958448344,0.0,0.0
MAR06048,578,-3.958386867037236e-15,3.966028207176751e-15,-3.3804765867438404e-17,0.0,0,0.0,0.0,0.004334620605899285,0.0,0,0.0,0.0,0.004334620605899285,0.0,0.0
MAR02579,552,-3.964622511125198e-15,5.1915928945465516e-15,-3.358147445046178e-17,0.0,0,0.0,0.0,0.004538231229443332,0.0,0,0.0,0.0,0.004538231229443332,0.0,0.0
MAR02165,566,-3.966987712017521e-15,3.024547513238514e-15,-3.395098674186791e-17,0.0,0,0.0,0.0,0.0044262764728495866,0.0,0,0.0,0.0,0.0044262764728495866,0.0,0.0
MAR09719,555,-3.968797262804163e-15,4.261053657686633e-15,-3.5037982572867326e-17,0.0,0,0.0,0.0,0.004513766730450679,0.0,0,0.0,0.0,0.004513766730450679,0.0,0.0
MAR12301,569,-3.971047275425516e-15,4.701888298762316e-15,-3.524046967032642e-17,0.0,0,0.0,0.0,0.004403001029543098,0.0,0,0.0,0.0,0.004403001029543098,0.0,0.0
MAR03250,552,-3.9903668131454905e-15,3.638943340184971e-15,-3.361897883172127e-17,0.0,0,0.0,0.0,0.004538231229443332,0.0,0,0.0,0.0,0.004538231229443332,0.0,0.0
MAR07324,566,-3.992095229182189e-15,3.4648355976406745e-15,-3.369947597342951e-17,0.0,0,0.0,0.0,0.0044262764728495866,0.0,0,0.0,0.0,0.0044262764728495866,0.0,0.0
MAR01387,573,-3.992927764655362e-15,3.332295502270745e-15,-3.5156653724928773e-17,0.0,0,0.0,0.0,0.0043723452321952965,0.0,0,0.0,0.0,0.0043723452321952965,0.0,0.0
MAR01303,580,-3.993740204444701e-15,3.1689445629612274e-15,-3.3789098314117845e-17,0.0,0,0.0,0.0,0.004319712401627411,0.0,0,0.0,0.0,0.004319712401627411,0.0,0.0
MAR05196,561,-4.00234410873782e-15,4.073820184763568e-15,-3.4848729308033397e-17,0.0,0,0.0,0.0,0.004465620583537596,0.0,0,0.0,0.0,0.004465620583537596,0.0,0.0
MAR04875,553,-4.008848708085918e-15,5.196408411401457e-15,-3.4686014455074915e-17,0.0,0,0.0,0.0,0.00453004698365408,0.0,0,0.0,0.0,0.00453004698365408,0.0,0.0
MAR00949,556,-4.012777320659559e-15,3.4846799573827998e-15,-3.4660163113623135e-17,0.0,0,0.0,0.0,0.0045056704064922026,0.0,0,0.0,0.0,0.0045056704064922026,0.0,0.0
MAR06041,584,-4.015053130151251e-15,3.1827524293327e-15,-3.388769191207764e-17,0.0,0,0.0,0.0,0.004290201536487618,0.0,0,0.0,0.0,0.004290201536487618,0.0,0.0
MAR01135,559,-4.0166637656563806e-15,3.5018905253286253e-15,-3.4482434760097206e-17,0.0,0,0.0,0.0,0.004481554769642852,0.0,0,0.0,0.0,0.004481554769642852,0.0,0.0
MAR04813,594,-4.019231636622789e-15,3.5599166461678655e-15,-3.408330558813027e-17,0.0,0,0.0,0.0,0.004218158822843073,0.0,0,0.0,0.0,0.004218158822843073,0.0,0.0
MAR12270,554,-4.027263881383962e-15,4.843073103346426e-15,-3.586737795546053e-17,0.0,0,0.0,0.0,0.004521892203603858,0.0,0,0.0,0.0,0.004521892203603858,0.0,0.0
MAR00599,529,-4.029542924915502e-15,4.170097285849092e-15,-3.507941185859887e-17,0.0,0,0.0,0.0,0.004734984668033456,0.0,0,0.0,0.0,0.004734984668033456,0.0,0.0
MAR11546,553,-4.0345464562146745e-15,4.8389990456084446e-15,-3.6026139166573275e-17,0.0,0,0.0,0.0,0.00453004698365408,0.0,0,0.0,0.0,0.00453004698365408,0.0,0.0
MAR00340,549,-4.03805707754374e-15,4.2077072450583406e-15,-3.538149365724302e-17,0.0,0,0.0,0.0,0.004562962366977274,0.0,0,0.0,0.0,0.004562962366977274,0.0,0.0
MAR10346,570,-4.03887449800478e-15,4.190058293926695e-15,-3.6288222059798784e-17,0.0,0,0.0,0.0,0.004395296850147243,0.0,0,0.0,0.0,0.004395296850147243,0.0,0.0
MAR07422,545,-4.0416192309290105e-15,3.7803737231926215e-15,-3.5584751272051126e-17,0.0,0,0.0,0.0,0.004596359577531593,0.0,0,0.0,0.0,0.004596359577531593,0.0,0.0
MAR00329,562,-4.045794936712315e-15,3.990640064838377e-15,-3.51828301812465e-17,0.0,0,0.0,0.0,0.0044576959055467585,0.0,0,0.0,0.0,0.0044576959055467585,0.0,0.0
MAR00234,540,-4.052725233594647e-15,3.950073166378412e-15,-3.5378150836236195e-17,0.0,0,0.0,0.0,0.00463879992662872,0.0,0,0.0,0.0,0.00463879992662872,0.0,0.0
MAR02533,547,-4.052821454426898e-15,5.824269845091366e-15,-3.477407100693063e-17,0.0,0,0.0,0.0,0.004579600085029117,0.0,0,0.0,0.0,0.004579600085029117,0.0,0.0
MAR12128,567,-4.06024420434343e-15,4.705878022137175e-15,-3.604885305994014e-17,0.0,0,0.0,0.0,0.00441849069762059,0.0,0,0.0,0.0,0.00441849069762059,0.0,0.0
MAR12812,556,-4.063895503088343e-15,5.0496986702070904e-15,-3.653084234709957e-17,0.0,0,0.0,0.0,0.0045056704064922026,0.0,0,0.0,0.0,0.0045056704064922026,0.0,0.0
MAR00491,559,-4.067507610791271e-15,3.5334427070950793e-15,-3.511473491352278e-17,0.0,0,0.0,0.0,0.004481554769642852,0.0,0,0.0,0.0,0.004481554769642852,0.0,0.0
MAR00808,558,-4.074797050953979e-15,3.9479680160574685e-15,-3.551646578030277e-17,0.0,0,0.0,0.0,0.004489564580987142,0.0,0,0.0,0.0,0.004489564580987142,0.0,0.0
MAR12271,578,-4.0813181361998844e-15,4.6751965023717385e-15,-3.6332903775705185e-17,0.0,0,0.0,0.0,0.004334620605899285,0.0,0,0.0,0.0,0.004334620605899285,0.0,0.0
MAR01028,564,-4.081841247983555e-15,3.764929230659452e-15,-3.557487879963067e-17,0.0,0,0.0,0.0,0.004441930629657058,0.0,0,0.0,0.0,0.004441930629657058,0.0,0.0
MAR02514,564,-4.081841247983555e-15,5.0666474636438046e-15,-3.444655412502438e-17,0.0,0,0.0,0.0,0.004441930629657058,0.0,0,0.0,0.0,0.004441930629657058,0.0,0.0
MAR05017,553,-4.085941952472186e-15,3.5194849002319354e-15,-3.5045127884721917e-17,0.0,0,0.0,0.0,0.00453004698365408,0.0,0,0.0,0.0,0.00453004698365408,0.0,0.0
MAR12264,591,-4.087724706572489e-15,3.387650400451449e-15,-3.548981695745806e-17,0.0,0,0.0,0.0,0.00423951629958479,0.0,0,0.0,0.0,0.00423951629958479,0.0,0.0
MAR03762,563,-4.089091410058126e-15,3.469641783952462e-15,-3.5099795982114083e-17,0.0,0,0.0,0.0,0.004449799303901048,0.0,0,0.0,0.0,0.004449799303901048,0.0,0.0
MAR03213,566,-4.09252529784086e-15,3.067068260318039e-15,-3.484191873765271e-17,0.0,0,0.0,0.0,0.0044262764728495866,0.0,0,0.0,0.0,0.0044262764728495866,0.0,0.0
MAR00956,548,-4.097290228105687e-15,3.615095036136898e-15,-3.541204803481804e-17,0.0,0,0.0,0.0,0.004571266087298871,0.0,0,0.0,0.0,0.004571266087298871,0.0,0.0
MAR02524,579,-4.098813018028904e-15,4.1010207695987794e-15,-3.5785291610264137e-17,0.0,0,0.0,0.0,0.00432715366313485,0.0,0,0.0,0.0,0.00432715366313485,0.0,0.0
MAR12406,561,-4.103669276047637e-15,5.104339934726671e-15,-3.7069314686965384e-17,0.0,0,0.0,0.0,0.004465620583537596,0.0,0,0.0,0.0,0.004465620583537596,0.0,0.0
MAR01285,564,-4.1070377988970346e-15,3.883049427140655e-15,-3.5958840411400233e-17,0.0,0,0.0,0.0,0.004441930629657058,0.0,0,0.0,0.0,0.004441930629657058,0.0,0.0
MAR05306,563,-4.114332715058484e-15,4.1850842605624655e-15,-3.465457452247073e-17,0.0,0,0.0,0.0,0.004449799303901048,0.0,0,0.0,0.0,0.004449799303901048,0.0,0.0
MAR01272,566,-4.117632815005528e-15,3.6396034829996045e-15,-3.5527803240799286e-17,0.0,0,0.0,0.0,0.0044262764728495866,0.0,0,0.0,0.0,0.0044262764728495866,0.0,0.0
MAR06516,566,-4.117632815005528e-15,4.271645519031195e-15,-3.603888450360778e-17,0.0,0,0.0,0.0,0.0044262764728495866,0.0,0,0.0,0.0,0.0044262764728495866,0.0,0.0
MAR04121,566,-4.117632815005529e-15,3.746645893983883e-15,-3.575415016110873e-17,0.0,0,0.0,0.0,0.0044262764728495866,0.0,0,0.0,0.0,0.0044262764728495866,0.0,0.0
MAR01345,576,-4.1201610024978035e-15,3.758912752157511e-15,-3.5111418113802553e-17,0.0,0,0.0,0.0,0.004349632068826215,0.0,0,0.0,0.0,0.004349632068826215,0.0,0.0
MAR00203,561,-4.129000567875093e-15,3.507795984294848e-15,-3.5725246849213335e-17,0.0,0,0.0,0.0,0.004465620583537596,0.0,0,0.0,0.0,0.004465620583537596,0.0,0.0
MAR02778,557,-4.133139073362162e-15,3.890460767505239e-15,-3.524233716904559e-17,0.0,0,0.0,0.0,0.004497603075155535,0.0,0,0.0,0.0,0.004497603075155535,0.0,0.0
MAR12386,555,-4.148033268221126e-15,4.647886059385677e-15,-3.6458722088079565e-17,0.0,0,0.0,0.0,0.004513766730450679,0.0,0,0.0,0.0,0.004513766730450679,0.0,0.0
MAR11660,555,-4.1480332682211264e-15,4.8325864495806295e-15,-3.705827002065461e-17,0.0,0,0.0,0.0,0.004513766730450679,0.0,0,0.0,0.0,0.004513766730450679,0.0,0.0
MAR02484,556,-4.166131867945913e-15,5.26278188097752e-15,-3.5052036057475206e-17,0.0,0,0.0,0.0,0.0045056704064922026,0.0,0,0.0,0.0,0.0045056704064922026,0.0,0.0
MAR04722,576,-4.169504248036699e-15,3.3591117268003056e-15,-3.563413857728979e-17,0.0,0,0.0,0.0,0.004349632068826215,0.0,0,0.0,0.0,0.004349632068826215,0.0,0.0
MAR01104,535,-4.170288206143392e-15,3.6797043966774246e-15,-3.6010068151693246e-17,0.0,0,0.0,0.0,0.004682031321548599,0.0,0,0.0,0.0,0.004682031321548599,0.0,0.0
MAR01049,579,-4.1724443896102605e-15,3.3201945040119888e-15,-3.547006439055699e-17,0.0,0,0.0,0.0,0.00432715366313485,0.0,0,0.0,0.0,0.00432715366313485,0.0,0.0
MAR00508,555,-4.17363841185212e-15,4.017927171575224e-15,-3.6438009296358704e-17,0.0,0,0.0,0.0,0.004513766730450679,0.0,0,0.0,0.0,0.004513766730450679,0.0,0.0
MAR04028,572,-4.173817468800588e-15,3.637962942146563e-15,-3.582547809480787e-17,0.0,0,0.0,0.0,0.004379969091767465,0.0,0,0.0,0.0,0.004379969091767465,0.0,0.0
MAR09626,558,-4.176666977227829e-15,4.262437847022343e-15,-3.649025017634434e-17,0.0,0,0.0,0.0,0.004489564580987142,0.0,0,0.0,0.0,0.004489564580987142,0.0,0.0
MAR12151,563,-4.190056630059562e-15,4.93213238810385e-15,-3.752492586028449e-17,0.0,0,0.0,0.0,0.004449799303901048,0.0,0,0.0,0.0,0.004449799303901048,0.0,0.0
MAR00400,542,-4.195086262790259e-15,4.023461997993574e-15,-3.654839670858468e-17,0.0,0,0.0,0.0,0.00462173008405905,0.0,0,0.0,0.0,0.00462173008405905,0.0,0.0
MAR00932,555,-4.199243555483114e-15,3.524376192455471e-15,-3.5993177834678265e-17,0.0,0,0.0,0.0,0.004513766730450679,0.0,0,0.0,0.0,0.004513766730450679,0.0,0.0
MAR01262,565,-4.200376526440238e-15,3.300960479236398e-15,-3.626706855920281e-17,0.0,0,0.0,0.0,0.004434089734923025,0.0,0,0.0,0.0,0.004434089734923025,0.0,0.0
MAR05366,558,-4.202134458796292e-15,3.670272406376868e-15,-3.6802908123457396e-17,0.0,0,0.0,0.0,0.004489564580987142,0.0,0,0.0,0.0,0.004489564580987142,0.0,0.0
MAR00574,539,-4.218435536980187e-15,3.828828683614162e-15,-3.635541328658225e-17,0.0,0,0.0,0.0,0.004647382219459146,0.0,0,0.0,0.0,0.004647382219459146,0.0,0.0
MAR07196,565,-4.225528481688384e-15,3.335757836953946e-15,-3.606696685332526e-17,0.0,0,0.0,0.0,0.004434089734923025,0.0,0,0.0,0.0,0.004434089734923025,0.0,0.0
MAR01366,538,-4.226276495227362e-15,3.805390539888415e-15,-3.6471157169610063e-17,0.0,0,0.0,0.0,0.004655996327465773,0.0,0,0.0,0.0,0.004655996327465773,0.0,0.0
MAR03150,554,-4.2324747797984325e-15,4.125529255004249e-15,-3.6115514722709884e-17,0.0,0,0.0,0.0,0.004521892203603858,0.0,0,0.0,0.0,0.004521892203603858,0.0,0.0
MAR04346,570,-4.238325090498843e-15,3.327987082869041e-15,-3.624008607175019e-17,0.0,0,0.0,0.0,0.004395296850147243,0.0,0,0.0,0.0,0.004395296850147243,0.0,0.0
MAR03242,570,-4.238325090498843e-15,3.88512123807329e-15,-3.5896697405048435e-17,0.0,0,0.0,0.0,0.004395296850147243,0.0,0,0.0,0.0,0.004395296850147243,0.0,0.0
MAR06045,552,-4.247809833348425e-15,4.51571623772907e-15,-3.633194747035328e-17,0.0,0,0.0,0.0,0.004538231229443332,0.0,0,0.0,0.0,0.004538231229443332,0.0,0.0
MAR06616,555,-4.250453842745105e-15,4.1787672343076984e-15,-3.6455753804002255e-17,0.0,0,0.0,0.0,0.004513766730450679,0.0,0,0.0,0.0,0.004513766730450679,0.0,0.0
MAR01273,554,-4.258126142100239e-15,3.4957247954663575e-15,-3.624647424844654e-17,0.0,0,0.0,0.0,0.004521892203603858,0.0,0,0.0,0.0,0.004521892203603858,0.0,0.0
MAR03992,557,-4.260705094144946e-15,3.613605255651597e-15,-3.644173768315584e-17,0.0,0,0.0,0.0,0.004497603075155535,0.0,0,0.0,0.0,0.004497603075155535,0.0,0.0
MAR12165,570,-4.263256414560601e-15,4.769115078735148e-15,-3.779457318526387e-17,0.0,0,0.0,0.0,0.004395296850147243,0.0,0,0.0,0.0,0.004395296850147243,0.0,0.0
MAR04663,553,-4.2658261893734764e-15,3.850099099204748e-15,-3.6678880282218345e-17,0.0,0,0.0,0.0,0.00453004698365408,0.0,0,0.0,0.0,0.00453004698365408,0.0,0.0
MAR00512,556,-4.26836823280348e-15,4.115686396268899e-15,-3.7146693838848714e-17,0.0,0,0.0,0.0,0.0045056704064922026,0.0,0,0.0,0.0,0.0045056704064922026,0.0,0.0
MAR04093,585,-4.275402444231714e-15,3.805022889030549e-15,-3.69115306301475e-17,0.0,0,0.0,0.0,0.004282886715357432,0.0,0,0.0,0.0,0.004282886715357432,0.0,0.0
MAR01091,565,-4.275832392184674e-15,3.781239171767889e-15,-3.684638821804632e-17,0.0,0,0.0,0.0,0.004434089734923025,0.0,0,0.0,0.0,0.004434089734923025,0.0,0.0
MAR08771,577,-4.2854223924525974e-15,3.732661560081492e-15,-3.741019751803036e-17,0.0,0,0.0,0.0,0.004342113363096878,0.0,0,0.0,0.0,0.004342113363096878,0.0,0.0
MAR07023,570,-4.288187738622359e-15,3.1725054668081914e-15,-3.6388329834056234e-17,0.0,0,0.0,0.0,0.004395296850147243,0.0,0,0.0,0.0,0.004395296850147243,0.0,0.0
MAR02569,576,-4.292862361883939e-15,3.370530158194625e-15,-3.679637922579228e-17,0.0,0,0.0,0.0,0.004349632068826215,0.0,0,0.0,0.0,0.004349632068826215,0.0,0.0
MAR04214,556,-4.293927324017872e-15,3.423153341831259e-15,-3.7226236531383544e-17,0.0,0,0.0,0.0,0.0045056704064922026,0.0,0,0.0,0.0,0.0045056704064922026,0.0,0.0
MAR11658,569,-4.295724096686722e-15,5.0400041541667806e-15,-3.833425190343302e-17,0.0,0,0.0,0.0,0.004403001029543098,0.0,0,0.0,0.0,0.004403001029543098,0.0,0.0
MAR01138,565,-4.3009843474328186e-15,3.717038688504136e-15,-3.763227448236412e-17,0.0,0,0.0,0.0,0.004434089734923025,0.0,0,0.0,0.0,0.004434089734923025,0.0,0.0
MAR01760,535,-4.303099932453692e-15,3.2593945794986823e-15,-3.699434669738055e-17,0.0,0,0.0,0.0,0.004682031321548599,0.0,0,0.0,0.0,0.004682031321548599,0.0,0.0
MAR01041,548,-4.30474796117433e-15,3.4004931824448014e-15,-3.659520724470229e-17,0.0,0,0.0,0.0,0.004571266087298871,0.0,0,0.0,0.0,0.004571266087298871,0.0,0.0
MAR06490,584,-4.3070569941622526e-15,4.020439625879841e-15,-3.6740200864778815e-17,0.0,0,0.0,0.0,0.004290201536487618,0.0,0,0.0,0.0,0.004290201536487618,0.0,0.0
MAR04572,567,-4.310876562636234e-15,3.638660212371798e-15,-3.6677905070758025e-17,0.0,0,0.0,0.0,0.00441849069762059,0.0,0,0.0,0.0,0.00441849069762059,0.0,0.0
MAR06586,546,-4.320516268724418e-15,4.0604199193896755e-15,-3.706415941842529e-17,0.0,0,0.0,0.0,0.004587964526068459,0.0,0,0.0,0.0,0.004587964526068459,0.0,0.0
MAR01198,546,-4.320516268724418e-15,3.4218787982906253e-15,-3.708757741225027e-17,0.0,0,0.0,0.0,0.004587964526068459,0.0,0,0.0,0.0,0.004587964526068459,0.0,0.0
MAR10168,582,-4.321857877303702e-15,3.9924379560285786e-15,-3.808568345749225e-17,0.0,0,0.0,0.0,0.004304906394243486,0.0,0,0.0,0.0,0.004304906394243486,0.0,0.0
MAR01748,574,-4.332577657073782e-15,3.4402611970789512e-15,-3.744457384025782e-17,0.0,0,0.0,0.0,0.004364747866934595,0.0,0,0.0,0.0,0.004364747866934595,0.0,0.0
MAR04893,564,-4.3338067571183415e-15,4.477160344191513e-15,-3.6916139889505975e-17,0.0,0,0.0,0.0,0.004441930629657058,0.0,0,0.0,0.0,0.004441930629657058,0.0,0.0
MAR04654,547,-4.338597326213409e-15,3.4113072294415984e-15,-3.724227107896557e-17,0.0,0,0.0,0.0,0.004579600085029117,0.0,0,0.0,0.0,0.004579600085029117,0.0,0.0
MAR04531,573,-4.340138874625394e-15,2.66024008681255e-15,-3.668465259841117e-17,0.0,0,0.0,0.0,0.0043723452321952965,0.0,0,0.0,0.0,0.0043723452321952965,0.0,0.0
MAR12342,563,-4.341504460061714e-15,4.8763264043454616e-15,-3.869755120656893e-17,0.0,0,0.0,0.0,0.004449799303901048,0.0,0,0.0,0.0,0.004449799303901048,0.0,0.0
MAR04311,579,-4.344250923300094e-15,3.615056219962056e-15,-3.7525418352240544e-17,0.0,0,0.0,0.0,0.00432715366313485,0.0,0,0.0,0.0,0.00432715366313485,0.0,0.0
MAR05344,572,-4.347726530000613e-15,3.76038302873706e-15,-3.730943339259939e-17,0.0,0,0.0,0.0,0.004379969091767465,0.0,0,0.0,0.0,0.004379969091767465,0.0,0.0
MAR04004,575,-4.349757269348787e-15,3.2617956849605955e-15,-3.726005051053268e-17,0.0,0,0.0,0.0,0.004357176858116289,0.0,0,0.0,0.0,0.004357176858116289,0.0,0.0
MAR01069,561,-4.356982194322183e-15,3.76804197524794e-15,-3.758858160749868e-17,0.0,0,0.0,0.0,0.004465620583537596,0.0,0,0.0,0.0,0.004465620583537596,0.0,0.0
MAR04321,564,-4.359003308031821e-15,3.2435425318662774e-15,-3.774067333869996e-17,0.0,0,0.0,0.0,0.004441930629657058,0.0,0,0.0,0.0,0.004441930629657058,0.0,0.0
MAR10255,562,-4.37451577532019e-15,3.610356623135891e-15,-3.771172212057877e-17,0.0,0,0.0,0.0,0.0044576959055467585,0.0,0,0.0,0.0,0.0044576959055467585,0.0,0.0
MAR01067,552,-4.376531343449892e-15,3.799452860036438e-15,-3.8002080226964166e-17,0.0,0,0.0,0.0,0.004538231229443332,0.0,0,0.0,0.0,0.004538231229443332,0.0,0.0
MAR01193,552,-4.376531343449892e-15,3.546554463658255e-15,-3.7751196974453836e-17,0.0,0,0.0,0.0,0.004538231229443332,0.0,0,0.0,0.0,0.004538231229443332,0.0,0.0
MAR01052,568,-4.378344322465406e-15,3.873624579866156e-15,-3.833589690358224e-17,0.0,0,0.0,0.0,0.004410732264444036,0.0,0,0.0,0.0,0.004410732264444036,0.0,0.0
MAR11654,564,-4.384199858945299e-15,4.7321819079657265e-15,-3.8105556497097006e-17,0.0,0,0.0,0.0,0.004441930629657058,0.0,0,0.0,0.0,0.004441930629657058,0.0,0.0
MAR06514,554,-4.3863829536092835e-15,5.619513210779814e-15,-3.841129313784517e-17,0.0,0,0.0,0.0,0.004521892203603858,0.0,0,0.0,0.0,0.004521892203603858,0.0,0.0
MAR00752,567,-4.411129505953356e-15,3.3053117946355933e-15,-3.7972532020194975e-17,0.0,0,0.0,0.0,0.00441849069762059,0.0,0,0.0,0.0,0.00441849069762059,0.0,0.0
MAR01890,554,-4.412034315911092e-15,3.3660688503066445e-15,-3.805955713454494e-17,0.0,0,0.0,0.0,0.004521892203603858,0.0,0,0.0,0.0,0.004521892203603858,0.0,0.0
MAR02426,553,-4.420012678146014e-15,5.796680325717452e-15,-3.773050557377412e-17,0.0,0,0.0,0.0,0.00453004698365408,0.0,0,0.0,0.0,0.00453004698365408,0.0,0.0
MAR12310,575,-4.423900859167233e-15,4.926591154477854e-15,-3.961841229937621e-17,0.0,0,0.0,0.0,0.004357176858116289,0.0,0,0.0,0.0,0.004357176858116289,0.0,0.0
MAR01155,546,-4.4246250944768144e-15,3.3835390410910052e-15,-3.8116685546517223e-17,0.0,0,0.0,0.0,0.004587964526068459,0.0,0,0.0,0.0,0.004587964526068459,0.0,0.0
MAR11646,554,-4.437685678212901e-15,5.0698597527104984e-15,-3.931523539153478e-17,0.0,0,0.0,0.0,0.004521892203603858,0.0,0,0.0,0.0,0.004521892203603858,0.0,0.0
MAR00303,595,-4.442384835340459e-15,3.6120862999578896e-15,-3.823972782297233e-17,0.0,0,0.0,0.0,0.004211087402744312,0.0,0,0.0,0.0,0.004211087402744312,0.0,0.0
MAR01188,552,-4.453764249510773e-15,3.4039431075567835e-15,-3.788399298851172e-17,0.0,0,0.0,0.0,0.004538231229443332,0.0,0,0.0,0.0,0.004538231229443332,0.0,0.0
MAR04038,567,-4.461255977611916e-15,3.800091115133625e-15,-3.860583904844813e-17,0.0,0,0.0,0.0,0.00441849069762059,0.0,0,0.0,0.0,0.00441849069762059,0.0,0.0
MAR12944,537,-4.4723174057153435e-15,3.4778988497759167e-15,-3.853245686110822e-17,0.0,0,0.0,0.0,0.004664642427888463,0.0,0,0.0,0.0,0.004664642427888463,0.0,0.0
MAR02168,575,-4.473329919046196e-15,3.131238361622307e-15,-3.8316343299755184e-17,0.0,0,0.0,0.0,0.004357176858116289,0.0,0,0.0,0.0,0.004357176858116289,0.0,0.0
MAR05379,571,-4.479779069590825e-15,3.3974980455064207e-15,-3.8486497321765913e-17,0.0,0,0.0,0.0,0.00438761958448344,0.0,0,0.0,0.0,0.00438761958448344,0.0,0.0
MAR01855,583,-4.48507250016667e-15,3.1470246930776027e-15,-3.8384494807375894e-17,0.0,0,0.0,0.0,0.004297541386555887,0.0,0,0.0,0.0,0.004297541386555887,0.0,0.0
MAR09726,562,-4.500946867092449e-15,3.1058298368444363e-15,-3.8558881103856155e-17,0.0,0,0.0,0.0,0.0044576959055467585,0.0,0,0.0,0.0,0.0044576959055467585,0.0,0.0
MAR04890,552,-4.50525285355136e-15,3.271124109114658e-15,-3.79366174128539e-17,0.0,0,0.0,0.0,0.004538231229443332,0.0,0,0.0,0.0,0.004538231229443332,0.0,0.0
MAR00064,555,-4.50650527905505e-15,2.9779739266605493e-15,-3.7919302996621316e-17,0.0,0,0.0,0.0,0.004513766730450679,0.0,0,0.0,0.0,0.004513766730450679,0.0,0.0
MAR02395,561,-4.5089699452869115e-15,5.194859982968626e-15,-3.8464216669231986e-17,0.0,0,0.0,0.0,0.004465620583537596,0.0,0,0.0,0.0,0.004465620583537596,0.0,0.0
MAR01208,567,-4.511382449270477e-15,3.4405252306176394e-15,-3.867403867705292e-17,0.0,0,0.0,0.0,0.00441849069762059,0.0,0,0.0,0.0,0.00441849069762059,0.0,0.0
MAR12348,566,-4.519353089640214e-15,4.8384190840750176e-15,-4.014891319181257e-17,0.0,0,0.0,0.0,0.0044262764728495866,0.0,0,0.0,0.0,0.0044262764728495866,0.0,0.0
MAR09677,558,-4.5332117191863024e-15,4.528335788247001e-15,-4.020956114182746e-17,0.0,0,0.0,0.0,0.004489564580987142,0.0,0,0.0,0.0,0.004489564580987142,0.0,0.0
MAR00825,595,-4.537919993089715e-15,3.702196181163841e-15,-3.917318017937346e-17,0.0,0,0.0,0.0,0.004211087402744312,0.0,0,0.0,0.0,0.004211087402744312,0.0,0.0
MAR06659,573,-4.5385452231796976e-15,4.49338384158767e-15,-3.9102101383169095e-17,0.0,0,0.0,0.0,0.0043723452321952965,0.0,0,0.0,0.0,0.0043723452321952965,0.0,0.0
MAR00158,557,-4.541350339867068e-15,3.8354493460741995e-15,-3.955210171474614e-17,0.0,0,0.0,0.0,0.004497603075155535,0.0,0,0.0,0.0,0.004497603075155535,0.0,0.0
MAR00258,587,-4.551346995669467e-15,3.817103031693828e-15,-3.941321017885795e-17,0.0,0,0.0,0.0,0.004268331649559446,0.0,0,0.0,0.0,0.004268331649559446,0.0,0.0
MAR12393,540,-4.55273678838879e-15,5.103564619907109e-15,-4.051758424478179e-17,0.0,0,0.0,0.0,0.00463879992662872,0.0,0,0.0,0.0,0.00463879992662872,0.0,0.0
MAR00236,574,-4.555395936580433e-15,3.943162447273505e-15,-3.952616026486157e-17,0.0,0,0.0,0.0,0.004364747866934595,0.0,0,0.0,0.0,0.004364747866934595,0.0,0.0
MAR04024,561,-4.5596325289418195e-15,3.842621234660166e-15,-3.881793628546716e-17,0.0,0,0.0,0.0,0.004465620583537596,0.0,0,0.0,0.0,0.004465620583537596,0.0,0.0
MAR00828,548,-4.5640701275101325e-15,3.5468990090016467e-15,-3.873944056389234e-17,0.0,0,0.0,0.0,0.004571266087298871,0.0,0,0.0,0.0,0.004571266087298871,0.0,0.0
MAR02036,584,-4.574727202839002e-15,3.175204935334192e-15,-3.909406821326099e-17,0.0,0,0.0,0.0,0.004290201536487618,0.0,0,0.0,0.0,0.004290201536487618,0.0,0.0
MAR01286,556,-4.5750773273761846e-15,3.878653440780484e-15,-3.909771766784747e-17,0.0,0,0.0,0.0,0.0045056704064922026,0.0,0,0.0,0.0,0.0045056704064922026,0.0,0.0
MAR12405,568,-4.5784972057781106e-15,4.904875549361311e-15,-4.071104351293646e-17,0.0,0,0.0,0.0,0.004410732264444036,0.0,0,0.0,0.0,0.004410732264444036,0.0,0.0
MAR01318,570,-4.587363627363454e-15,3.851908249576048e-15,-3.967620215354967e-17,0.0,0,0.0,0.0,0.004395296850147243,0.0,0,0.0,0.0,0.004395296850147243,0.0,0.0
MAR00273,565,-4.602807810410562e-15,3.7906866375207954e-15,-3.9576664074491564e-17,0.0,0,0.0,0.0,0.004434089734923025,0.0,0,0.0,0.0,0.004434089734923025,0.0,0.0
MAR00490,568,-4.603516316192199e-15,4.072280990922244e-15,-3.995429250671339e-17,0.0,0,0.0,0.0,0.004410732264444036,0.0,0,0.0,0.0,0.004410732264444036,0.0,0.0
MAR11608,549,-4.607526665402471e-15,4.721927289760369e-15,-4.066433396589644e-17,0.0,0,0.0,0.0,0.004562962366977274,0.0,0,0.0,0.0,0.004562962366977274,0.0,0.0
MAR02417,568,-4.628535426606288e-15,5.384417587857843e-15,-3.946698944383521e-17,0.0,0,0.0,0.0,0.004410732264444036,0.0,0,0.0,0.0,0.004410732264444036,0.0,0.0
MAR11627,548,-4.641866777410874e-15,4.88071404893085e-15,-4.014204431001492e-17,0.0,0,0.0,0.0,0.004571266087298871,0.0,0,0.0,0.0,0.004571266087298871,0.0,0.0
MAR00378,557,-4.643403156493295e-15,3.713777219769087e-15,-3.992259758627976e-17,0.0,0,0.0,0.0,0.004497603075155535,0.0,0,0.0,0.0,0.004497603075155535,0.0,0.0
MAR03178,547,-4.650352822707785e-15,9.169156839930444e-15,-3.908432995552871e-17,0.0,0,0.0,0.0,0.004579600085029117,0.0,0,0.0,0.0,0.004579600085029117,0.0,0.0
MAR00180,550,-4.6508251795206565e-15,3.4014518137774432e-15,-3.972555897983996e-17,0.0,0,0.0,0.0,0.0045546887593671224,0.0,0,0.0,0.0,0.0045546887593671224,0.0,0.0
MAR01137,543,-4.658438562257747e-15,3.667286168020298e-15,-3.965896591493613e-17,0.0,0,0.0,0.0,0.004613242186326175,0.0,0,0.0,0.0,0.004613242186326175,0.0,0.0
MAR12263,554,-4.668547938929179e-15,4.877366807489068e-15,-4.0970294397972393e-17,0.0,0,0.0,0.0,0.004521892203603858,0.0,0,0.0,0.0,0.004521892203603858,0.0,0.0
MAR01092,563,-4.6696414250663775e-15,3.1192508338801033e-15,-3.9479363733007936e-17,0.0,0,0.0,0.0,0.004449799303901048,0.0,0,0.0,0.0,0.004449799303901048,0.0,0.0
MAR12180,569,-4.670351198141959e-15,4.533207652738073e-15,-4.085437483902318e-17,0.0,0,0.0,0.0,0.004403001029543098,0.0,0,0.0,0.0,0.004403001029543098,0.0,0.0
MAR01338,578,-4.671388228180589e-15,3.580169608601713e-15,-4.0242459165359126e-17,0.0,0,0.0,0.0,0.004334620605899285,0.0,0,0.0,0.0,0.004334620605899285,0.0,0.0
MAR02002,544,-4.6759981507741895e-15,3.254648017900262e-15,-4.040487672543963e-17,0.0,0,0.0,0.0,0.004604785407758596,0.0,0,0.0,0.0,0.004604785407758596,0.0,0.0
MAR05374,577,-4.679484221643641e-15,3.620433456845394e-15,-4.03592222438091e-17,0.0,0,0.0,0.0,0.004342113363096878,0.0,0,0.0,0.0,0.004342113363096878,0.0,0.0
MAR02703,583,-4.68007565234783e-15,4.1657588306257445e-15,-3.9979861602342664e-17,0.0,0,0.0,0.0,0.004297541386555887,0.0,0,0.0,0.0,0.004297541386555887,0.0,0.0
MAR01299,543,-4.684609565416498e-15,3.955031031645768e-15,-4.0653596903970656e-17,0.0,0,0.0,0.0,0.004613242186326175,0.0,0,0.0,0.0,0.004613242186326175,0.0,0.0
MAR06781,549,-4.68518160920139e-15,4.333580317284192e-15,-4.0284782028948807e-17,0.0,0,0.0,0.0,0.004562962366977274,0.0,0,0.0,0.0,0.004562962366977274,0.0,0.0
MAR01309,564,-4.6865584699070434e-15,3.2880149861623036e-15,-3.981210635523976e-17,0.0,0,0.0,0.0,0.004441930629657058,0.0,0,0.0,0.0,0.004441930629657058,0.0,0.0
MAR04501,548,-4.693731210678034e-15,2.990816625918462e-15,-3.9834652267039254e-17,0.0,0,0.0,0.0,0.004571266087298871,0.0,0,0.0,0.0,0.004571266087298871,0.0,0.0
MAR03484,569,-4.695326338238975e-15,3.3839377486017266e-15,-3.9396390630305607e-17,0.0,0,0.0,0.0,0.004403001029543098,0.0,0,0.0,0.0,0.004403001029543098,0.0,0.0
MAR01354,569,-4.695326338238975e-15,3.604085131585506e-15,-4.048405801201911e-17,0.0,0,0.0,0.0,0.004403001029543098,0.0,0,0.0,0.0,0.004403001029543098,0.0,0.0
MAR03374,548,-4.719663427311614e-15,3.7354472472777705e-15,-3.9602841377952134e-17,0.0,0,0.0,0.0,0.004571266087298871,0.0,0,0.0,0.0,0.004571266087298871,0.0,0.0
MAR11422,551,-4.7197575551396864e-15,4.961363478392899e-15,-4.1897576052395236e-17,0.0,0,0.0,0.0,0.004546445100963565,0.0,0,0.0,0.0,0.004546445100963565,0.0,0.0
MAR12365,560,-4.720033887549237e-15,4.9748899313631444e-15,-4.1614275295821034e-17,0.0,0,0.0,0.0,0.0044735734878779895,0.0,0,0.0,0.0,0.0044735734878779895,0.0,0.0
MAR04593,560,-4.720033887549237e-15,3.2768157653746693e-15,-4.030796223295843e-17,0.0,0,0.0,0.0,0.0044735734878779895,0.0,0,0.0,0.0,0.0044735734878779895,0.0,0.0
MAR00641,565,-4.728567586651287e-15,3.800847577124094e-15,-4.067782728120627e-17,0.0,0,0.0,0.0,0.004434089734923025,0.0,0,0.0,0.0,0.004434089734923025,0.0,0.0
MAR02068,571,-4.728655684568093e-15,3.30750455428166e-15,-4.041329772227378e-17,0.0,0,0.0,0.0,0.00438761958448344,0.0,0,0.0,0.0,0.00438761958448344,0.0,0.0
MAR04191,574,-4.728699042863384e-15,3.530267551510616e-15,-4.09857908168218e-17,0.0,0,0.0,0.0,0.004364747866934595,0.0,0,0.0,0.0,0.004364747866934595,0.0,0.0
MAR01140,570,-4.736951571734001e-15,3.3804633109782486e-15,-4.045937551828915e-17,0.0,0,0.0,0.0,0.004395296850147243,0.0,0,0.0,0.0,0.004395296850147243,0.0,0.0
MAR02584,579,-4.7369515717340026e-15,4.023166206247908e-15,-4.1119465947255326e-17,0.0,0,0.0,0.0,0.00432715366313485,0.0,0,0.0,0.0,0.00432715366313485,0.0,0.0
MAR10349,578,-4.745146989678178e-15,4.0358298828057494e-15,-4.089446027938777e-17,0.0,0,0.0,0.0,0.004334620605899285,0.0,0,0.0,0.0,0.004334620605899285,0.0,0.0
MAR01200,557,-4.74545597311952e-15,3.680738899385089e-15,-4.085506470914407e-17,0.0,0,0.0,0.0,0.004497603075155535,0.0,0,0.0,0.0,0.004497603075155535,0.0,0.0
MAR00667,589,-4.753036296935135e-15,2.9603327225469988e-15,-4.039360604081821e-17,0.0,0,0.0,0.0,0.00425387517710073,0.0,0,0.0,0.0,0.00425387517710073,0.0,0.0
MAR04344,568,-4.753630978676727e-15,4.010844296118602e-15,-4.075978833732844e-17,0.0,0,0.0,0.0,0.004410732264444036,0.0,0,0.0,0.0,0.004410732264444036,0.0,0.0
MAR02215,555,-4.762556715364998e-15,3.162536019723716e-15,-4.076044302090489e-17,0.0,0,0.0,0.0,0.004513766730450679,0.0,0,0.0,0.0,0.004513766730450679,0.0,0.0
MAR04329,546,-4.7629787781721e-15,3.2568702678189435e-15,-4.0735077255908935e-17,0.0,0,0.0,0.0,0.004587964526068459,0.0,0,0.0,0.0,0.004587964526068459,0.0,0.0
MAR12260,540,-4.763267969354746e-15,5.041654404557005e-15,-4.205317778232491e-17,0.0,0,0.0,0.0,0.00463879992662872,0.0,0,0.0,0.0,0.00463879992662872,0.0,0.0
MAR06645,539,-4.772105201208837e-15,3.7677468593997284e-15,-4.109168798280113e-17,0.0,0,0.0,0.0,0.004647382219459146,0.0,0,0.0,0.0,0.004647382219459146,0.0,0.0
MAR09656,577,-4.777999678941402e-15,3.888239298106005e-15,-4.148110609404525e-17,0.0,0,0.0,0.0,0.004342113363096878,0.0,0,0.0,0.0,0.004342113363096878,0.0,0.0
MAR12515,556,-4.779550057091322e-15,4.779823901049928e-15,-4.1810781995404416e-17,0.0,0,0.0,0.0,0.0045056704064922026,0.0,0,0.0,0.0,0.0045056704064922026,0.0,0.0
MAR02399,567,-4.7870780433925634e-15,5.1867087825123055e-15,-4.0226758881858384e-17,0.0,0,0.0,0.0,0.00441849069762059,0.0,0,0.0,0.0,0.00441849069762059,0.0,0.0
MAR03206,543,-4.7892935780515044e-15,9.32890098513647e-15,-4.054588599386798e-17,0.0,0,0.0,0.0,0.004613242186326175,0.0,0,0.0,0.0,0.004613242186326175,0.0,0.0
MAR03987,563,-4.795847950068171e-15,3.657392001909769e-15,-4.099624163853399e-17,0.0,0,0.0,0.0,0.004449799303901048,0.0,0,0.0,0.0,0.004449799303901048,0.0,0.0
MAR07085,560,-4.7961634663806766e-15,3.5026255529816452e-15,-4.080271825282817e-17,0.0,0,0.0,0.0,0.0044735734878779895,0.0,0,0.0,0.0,0.0044735734878779895,0.0,0.0
MAR01107,554,-4.796804750438222e-15,3.712070309551357e-15,-4.162136889078869e-17,0.0,0,0.0,0.0,0.004521892203603858,0.0,0,0.0,0.0,0.004521892203603858,0.0,0.0
MAR01057,548,-4.797460077212355e-15,3.686520134386591e-15,-4.149678522561182e-17,0.0,0,0.0,0.0,0.004571266087298871,0.0,0,0.0,0.0,0.004571266087298871,0.0,0.0
MAR01166,552,-4.814184477794882e-15,3.756924703533489e-15,-4.1347116309354934e-17,0.0,0,0.0,0.0,0.004538231229443332,0.0,0,0.0,0.0,0.004538231229443332,0.0,0.0
MAR02457,549,-4.814606515532921e-15,5.2235841261704215e-15,-4.059482299174013e-17,0.0,0,0.0,0.0,0.004562962366977274,0.0,0,0.0,0.0,0.004562962366977274,0.0,0.0
MAR04561,569,-4.820202038724055e-15,3.613578051699726e-15,-4.1545403385641905e-17,0.0,0,0.0,0.0,0.004403001029543098,0.0,0,0.0,0.0,0.004403001029543098,0.0,0.0
MAR04062,554,-4.82245611274003e-15,3.2977753084531216e-15,-4.1018803780130677e-17,0.0,0,0.0,0.0,0.004521892203603858,0.0,0,0.0,0.0,0.004521892203603858,0.0,0.0
MAR04760,577,-4.827257407590282e-15,3.595506961744563e-15,-4.101876707112509e-17,0.0,0,0.0,0.0,0.004342113363096878,0.0,0,0.0,0.0,0.004342113363096878,0.0,0.0
MAR12241,556,-4.830668239520106e-15,4.982587634111784e-15,-4.223591399477309e-17,0.0,0,0.0,0.0,0.0045056704064922026,0.0,0,0.0,0.0,0.0045056704064922026,0.0,0.0
MAR11486,558,-4.838821498007851e-15,5.145216196827941e-15,-4.287419844306376e-17,0.0,0,0.0,0.0,0.004489564580987142,0.0,0,0.0,0.0,0.004489564580987142,0.0,0.0
MAR01109,563,-4.8463305600688895e-15,3.767309289427925e-15,-4.141841081546319e-17,0.0,0,0.0,0.0,0.004449799303901048,0.0,0,0.0,0.0,0.004449799303901048,0.0,0.0
MAR02086,545,-4.8499430771148125e-15,3.4415479262000563e-15,-4.1815767609655147e-17,0.0,0,0.0,0.0,0.004596359577531593,0.0,0,0.0,0.0,0.004596359577531593,0.0,0.0
MAR11992,565,-4.854327362892012e-15,4.856676731766026e-15,-4.280614463559462e-17,0.0,0,0.0,0.0,0.004434089734923025,0.0,0,0.0,0.0,0.004434089734923025,0.0,0.0
MAR10218,564,-4.862934326301395e-15,3.806716583494135e-15,-4.176244662251333e-17,0.0,0,0.0,0.0,0.004441930629657058,0.0,0,0.0,0.0,0.004441930629657058,0.0,0.0
MAR03498,552,-4.86567308183547e-15,3.550543957743298e-15,-4.083555952942135e-17,0.0,0,0.0,0.0,0.004538231229443332,0.0,0,0.0,0.0,0.004538231229443332,0.0,0.0
MAR12392,549,-4.8663764780655315e-15,5.133538223725472e-15,-4.3325033099403757e-17,0.0,0,0.0,0.0,0.004562962366977274,0.0,0,0.0,0.0,0.004562962366977274,0.0,0.0
MAR00969,554,-4.873758837343647e-15,3.1046924033081714e-15,-4.1003775400581594e-17,0.0,0,0.0,0.0,0.004521892203603858,0.0,0,0.0,0.0,0.004521892203603858,0.0,0.0
MAR04716,545,-4.876018039895e-15,3.2564962329556503e-15,-4.075815405426706e-17,0.0,0,0.0,0.0,0.004596359577531593,0.0,0,0.0,0.0,0.004596359577531593,0.0,0.0
MAR10483,579,-4.8842143148967166e-15,4.102475177033539e-15,-4.3013159821823025e-17,0.0,0,0.0,0.0,0.00432715366313485,0.0,0,0.0,0.0,0.00432715366313485,0.0,0.0
MAR12555,572,-4.8942978652006904e-15,4.969146518121561e-15,-4.3326325701317265e-17,0.0,0,0.0,0.0,0.004379969091767465,0.0,0,0.0,0.0,0.004379969091767465,0.0,0.0
MAR04718,571,-4.90286931505218e-15,3.522823896770933e-15,-4.1494805132250116e-17,0.0,0,0.0,0.0,0.00438761958448344,0.0,0,0.0,0.0,0.00438761958448344,0.0,0.0
MAR04736,568,-4.9037456411612546e-15,3.529326674724163e-15,-4.192914292334057e-17,0.0,0,0.0,0.0,0.004410732264444036,0.0,0,0.0,0.0,0.004410732264444036,0.0,0.0
MAR02669,559,-4.9064310555169715e-15,4.347720207188236e-15,-4.203425258236649e-17,0.0,0,0.0,0.0,0.004481554769642852,0.0,0,0.0,0.0,0.004481554769642852,0.0,0.0
MAR12379,582,-4.9078725047347125e-15,4.750564236834626e-15,-4.3511743838601995e-17,0.0,0,0.0,0.0,0.004304906394243486,0.0,0,0.0,0.0,0.004304906394243486,0.0,0.0
MAR01328,552,-4.917161685876055e-15,3.31842064685666e-15,-4.1851253799409915e-17,0.0,0,0.0,0.0,0.004538231229443332,0.0,0,0.0,0.0,0.004538231229443332,0.0,0.0
MAR12188,553,-4.933967640721131e-15,4.988241688128662e-15,-4.3543633171325857e-17,0.0,0,0.0,0.0,0.00453004698365408,0.0,0,0.0,0.0,0.00453004698365408,0.0,0.0
MAR01336,547,-4.936128694494297e-15,4.0764849793904466e-15,-4.2444917768600804e-17,0.0,0,0.0,0.0,0.004579600085029117,0.0,0,0.0,0.0,0.004579600085029117,0.0,0.0
MAR04328,566,-4.946180881439566e-15,3.585584254095501e-15,-4.281520837890454e-17,0.0,0,0.0,0.0,0.0044262764728495866,0.0,0,0.0,0.0,0.0044262764728495866,0.0,0.0
MAR07955,563,-4.947295780070324e-15,9.107985980879449e-15,-4.469384342362665e-17,0.0,0,0.0,0.0,0.004449799303901048,0.0,0,0.0,0.0,0.004449799303901048,0.0,0.0
MAR00412,577,-4.950401729212483e-15,3.858291720868851e-15,-4.229839880670242e-17,0.0,0,0.0,0.0,0.004342113363096878,0.0,0,0.0,0.0,0.004342113363096878,0.0,0.0
MAR02481,574,-4.951517322370037e-15,5.489822506023614e-15,-4.1970778776597563e-17,0.0,0,0.0,0.0,0.004364747866934595,0.0,0,0.0,0.0,0.004364747866934595,0.0,0.0
MAR12166,551,-4.951876779162949e-15,5.01499275936495e-15,-4.3920782250762905e-17,0.0,0,0.0,0.0,0.004546445100963565,0.0,0,0.0,0.0,0.004546445100963565,0.0,0.0
MAR03122,562,-4.956098797472585e-15,9.286538486809233e-15,-4.246116278447652e-17,0.0,0,0.0,0.0,0.0044576959055467585,0.0,0,0.0,0.0,0.0044576959055467585,0.0,0.0
MAR00077,553,-4.9596653888498854e-15,3.254459748960676e-15,-4.183637338179207e-17,0.0,0,0.0,0.0,0.00453004698365408,0.0,0,0.0,0.0,0.00453004698365408,0.0,0.0
MAR01100,553,-4.985363136978641e-15,4.024327240399558e-15,-4.2787230779617434e-17,0.0,0,0.0,0.0,0.00453004698365408,0.0,0,0.0,0.0,0.00453004698365408,0.0,0.0
MAR00492,567,-4.987583930026805e-15,3.055801000808665e-15,-4.1651031488525624e-17,0.0,0,0.0,0.0,0.00441849069762059,0.0,0,0.0,0.0,0.00441849069762059,0.0,0.0
MAR01182,572,-4.993674471600704e-15,3.8000402678968046e-15,-4.3185216741621805e-17,0.0,0,0.0,0.0,0.004379969091767465,0.0,0,0.0,0.0,0.004379969091767465,0.0,0.0
MAR00459,560,-4.999175676597848e-15,3.778400827893233e-15,-4.3108061442572617e-17,0.0,0,0.0,0.0,0.0044735734878779895,0.0,0,0.0,0.0,0.0044735734878779895,0.0,0.0
MAR08760,572,-5.018518623200708e-15,3.589886750150278e-15,-4.334056326321596e-17,0.0,0,0.0,0.0,0.004379969091767465,0.0,0,0.0,0.0,0.004379969091767465,0.0,0.0
MAR04595,559,-5.033540668354198e-15,3.555149577891934e-15,-4.256768345325645e-17,0.0,0,0.0,0.0,0.004481554769642852,0.0,0,0.0,0.0,0.004481554769642852,0.0,0.0
MAR01838,570,-5.036127460475096e-15,3.3017945208268946e-15,-4.346951114278032e-17,0.0,0,0.0,0.0,0.004395296850147243,0.0,0,0.0,0.0,0.004395296850147243,0.0,0.0
MAR02423,570,-5.0361274604750975e-15,5.13542010832543e-15,-4.291805320318593e-17,0.0,0,0.0,0.0,0.004395296850147243,0.0,0,0.0,0.0,0.004395296850147243,0.0,0.0
MAR01923,567,-5.037710401685367e-15,3.207960993428872e-15,-4.3139268850961123e-17,0.0,0,0.0,0.0,0.00441849069762059,0.0,0,0.0,0.0,0.00441849069762059,0.0,0.0
MAR01210,547,-5.040047193325756e-15,3.6795686499958106e-15,-4.3392225671311646e-17,0.0,0,0.0,0.0,0.004579600085029117,0.0,0,0.0,0.0,0.004579600085029117,0.0,0.0
MAR06269,569,-5.044978299597196e-15,3.681311236849105e-15,-4.2952455136445224e-17,0.0,0,0.0,0.0,0.004403001029543098,0.0,0,0.0,0.0,0.004403001029543098,0.0,0.0
MAR12289,537,-5.054512570956393e-15,5.023043455410805e-15,-4.413914658431679e-17,0.0,0,0.0,0.0,0.004664642427888463,0.0,0,0.0,0.0,0.004664642427888463,0.0,0.0
MAR04682,565,-5.055543004877173e-15,3.7656741564328234e-15,-4.337279440838879e-17,0.0,0,0.0,0.0,0.004434089734923025,0.0,0,0.0,0.0,0.004434089734923025,0.0,0.0
MAR01105,562,-5.057243670890393e-15,3.0373473628920296e-15,-4.2316277877245495e-17,0.0,0,0.0,0.0,0.0044576959055467585,0.0,0,0.0,0.0,0.0044576959055467585,0.0,0.0
MAR01238,553,-5.062456381364909e-15,3.000532571051405e-15,-4.300123507912228e-17,0.0,0,0.0,0.0,0.00453004698365408,0.0,0,0.0,0.0,0.00453004698365408,0.0,0.0
MAR12369,581,-5.063075604211386e-15,4.741821573136325e-15,-4.48006084987856e-17,0.0,0,0.0,0.0,0.004312296689115291,0.0,0,0.0,0.0,0.004312296689115291,0.0,0.0
MAR01287,547,-5.066026818033622e-15,3.8461738160690825e-15,-4.372290925176637e-17,0.0,0,0.0,0.0,0.004579600085029117,0.0,0,0.0,0.0,0.004579600085029117,0.0,0.0
MAR00410,569,-5.069953439694212e-15,3.4684411228618984e-15,-4.291110238468133e-17,0.0,0,0.0,0.0,0.004403001029543098,0.0,0,0.0,0.0,0.004403001029543098,0.0,0.0
MAR01759,582,-5.078793437735424e-15,3.252005473248592e-15,-4.3559165509409433e-17,0.0,0,0.0,0.0,0.004304906394243486,0.0,0,0.0,0.0,0.004304906394243486,0.0,0.0
MAR01161,579,-5.08056463911367e-15,3.4081682490473083e-15,-4.3368297207990984e-17,0.0,0,0.0,0.0,0.00432715366313485,0.0,0,0.0,0.0,0.00432715366313485,0.0,0.0
MAR02451,587,-5.083951431332915e-15,5.045001256432845e-15,-4.248281920604445e-17,0.0,0,0.0,0.0,0.004268331649559446,0.0,0,0.0,0.0,0.004268331649559446,0.0,0.0
MAR06487,561,-5.091589657318365e-15,3.990882809823232e-15,-4.344670265645324e-17,0.0,0,0.0,0.0,0.004465620583537596,0.0,0,0.0,0.0,0.004465620583537596,0.0,0.0
MAR04151,558,-5.0934963136924744e-15,3.474577823721719e-15,-4.295370241921539e-17,0.0,0,0.0,0.0,0.004489564580987142,0.0,0,0.0,0.0,0.004489564580987142,0.0,0.0
MAR01175,569,-5.094928579791229e-15,3.8253641574361685e-15,-4.363581746490978e-17,0.0,0,0.0,0.0,0.004403001029543098,0.0,0,0.0,0.0,0.004403001029543098,0.0,0.0
MAR12293,573,-5.108963475273322e-15,4.6251077235211e-15,-4.440946743041612e-17,0.0,0,0.0,0.0,0.0043723452321952965,0.0,0,0.0,0.0,0.0043723452321952965,0.0,0.0
MAR02705,572,-5.117895229600722e-15,8.853998779179196e-15,-4.2575716082656546e-17,0.0,0,0.0,0.0,0.004379969091767465,0.0,0,0.0,0.0,0.004379969091767465,0.0,0.0
MAR01258,545,-5.136767667696871e-15,3.6901867745225915e-15,-4.439618411999618e-17,0.0,0,0.0,0.0,0.004596359577531593,0.0,0,0.0,0.0,0.004596359577531593,0.0,0.0
MAR02563,556,-5.137377334092812e-15,5.5214897263509485e-15,-4.352623906578244e-17,0.0,0,0.0,0.0,0.0045056704064922026,0.0,0,0.0,0.0,0.0045056704064922026,0.0,0.0
MAR01671,547,-5.143965692157215e-15,3.071301423110279e-15,-4.300755703939067e-17,0.0,0,0.0,0.0,0.004579600085029117,0.0,0,0.0,0.0,0.004579600085029117,0.0,0.0
MAR00544,558,-5.144431276829399e-15,3.92078062273099e-15,-4.4158878529998493e-17,0.0,0,0.0,0.0,0.004489564580987142,0.0,0,0.0,0.0,0.004489564580987142,0.0,0.0
MAR03593,544,-5.146210255321314e-15,9.069997752982827e-15,-4.369977799479969e-17,0.0,0,0.0,0.0,0.004604785407758596,0.0,0,0.0,0.0,0.004604785407758596,0.0,0.0
MAR01192,568,-5.153936745302135e-15,3.86424088366086e-15,-4.383890157767363e-17,0.0,0,0.0,0.0,0.004410732264444036,0.0,0,0.0,0.0,0.004410732264444036,0.0,0.0
MAR10160,540,-5.158013933665913e-15,4.225942509458778e-15,-4.501453268431119e-17,0.0,0,0.0,0.0,0.00463879992662872,0.0,0,0.0,0.0,0.00463879992662872,0.0,0.0
MAR01128,537,-5.160366237363856e-15,4.112244364551963e-15,-4.4367621250587526e-17,0.0,0,0.0,0.0,0.004664642427888463,0.0,0,0.0,0.0,0.004664642427888463,0.0,0.0
MAR02549,545,-5.16284263047706e-15,5.197294340780219e-15,-4.3854532361550884e-17,0.0,0,0.0,0.0,0.004596359577531593,0.0,0,0.0,0.0,0.004596359577531593,0.0,0.0
MAR04846,556,-5.162936425307203e-15,3.0994083614622834e-15,-4.2660876674168206e-17,0.0,0,0.0,0.0,0.0045056704064922026,0.0,0,0.0,0.0,0.0045056704064922026,0.0,0.0
MAR12178,544,-5.172333150018376e-15,4.778093301224603e-15,-4.4799878960819465e-17,0.0,0,0.0,0.0,0.004604785407758596,0.0,0,0.0,0.0,0.004604785407758596,0.0,0.0
MAR12334,571,-5.1766335915271756e-15,4.762223585204645e-15,-4.503973432095871e-17,0.0,0,0.0,0.0,0.00438761958448344,0.0,0,0.0,0.0,0.00438761958448344,0.0,0.0
MAR07559,576,-5.1810407815840636e-15,3.1623941072249808e-15,-4.4063162376330096e-17,0.0,0,0.0,0.0,0.004349632068826215,0.0,0,0.0,0.0,0.004349632068826215,0.0,0.0
MAR12353,551,-5.183996003186212e-15,5.289236015685796e-15,-4.5843670917732e-17,0.0,0,0.0,0.0,0.004546445100963565,0.0,0,0.0,0.0,0.004546445100963565,0.0,0.0
MAR05249,564,-5.190489488176619e-15,3.4848455859664183e-15,-4.325285074926948e-17,0.0,0,0.0,0.0,0.004441930629657058,0.0,0,0.0,0.0,0.004441930629657058,0.0,0.0
MAR00308,564,-5.190489488176619e-15,3.634916558417465e-15,-4.486033825040446e-17,0.0,0,0.0,0.0,0.004441930629657058,0.0,0,0.0,0.0,0.004441930629657058,0.0,0.0
MAR01153,569,-5.194829140179292e-15,3.843867582595542e-15,-4.440611582560408e-17,0.0,0,0.0,0.0,0.004403001029543098,0.0,0,0.0,0.0,0.004403001029543098,0.0,0.0
MAR04044,549,-5.2028812345275106e-15,3.871180915320636e-15,-4.4175408224570996e-17,0.0,0,0.0,0.0,0.004562962366977274,0.0,0,0.0,0.0,0.004562962366977274,0.0,0.0
MAR12345,570,-5.210646728907402e-15,4.906616204260902e-15,-4.57914427789456e-17,0.0,0,0.0,0.0,0.004395296850147243,0.0,0,0.0,0.0,0.004395296850147243,0.0,0.0
MAR11600,548,-5.21237554334964e-15,4.69287412016429e-15,-4.4830732375798223e-17,0.0,0,0.0,0.0,0.004571266087298871,0.0,0,0.0,0.0,0.004571266087298871,0.0,0.0
MAR01295,534,-5.215969146403732e-15,3.987028400414841e-15,-4.529030008968126e-17,0.0,0,0.0,0.0,0.004690774475909901,0.0,0,0.0,0.0,0.004690774475909901,0.0,0.0
MAR04092,558,-5.220833721534787e-15,3.553473633122213e-15,-4.4713644810588605e-17,0.0,0,0.0,0.0,0.004489564580987142,0.0,0,0.0,0.0,0.004489564580987142,0.0,0.0
MAR04973,552,-5.226093310119578e-15,3.718080877865854e-15,-4.444378900408225e-17,0.0,0,0.0,0.0,0.004538231229443332,0.0,0,0.0,0.0,0.004538231229443332,0.0,0.0
MAR01130,560,-5.227564413092166e-15,3.3103100503784414e-15,-4.427111279227882e-17,0.0,0,0.0,0.0,0.0044735734878779895,0.0,0,0.0,0.0,0.0044735734878779895,0.0,0.0
MAR01088,568,-5.228994076544399e-15,3.842337591847144e-15,-4.488549482466554e-17,0.0,0,0.0,0.0,0.004410732264444036,0.0,0,0.0,0.0,0.004410732264444036,0.0,0.0
MAR04228,561,-5.243577408283092e-15,3.4567528833513792e-15,-4.4781575461352664e-17,0.0,0,0.0,0.0,0.004465620583537596,0.0,0,0.0,0.0,0.004465620583537596,0.0,0.0
MAR01186,577,-5.2459481011057656e-15,3.8653242269502664e-15,-4.5115897742639753e-17,0.0,0,0.0,0.0,0.004342113363096878,0.0,0,0.0,0.0,0.004342113363096878,0.0,0.0
MAR05989,566,-5.247471087415582e-15,3.807450040503081e-15,-4.449142106254302e-17,0.0,0,0.0,0.0,0.0044262764728495866,0.0,0,0.0,0.0,0.0044262764728495866,0.0,0.0
MAR04689,572,-5.2669601392007426e-15,3.5828838283997496e-15,-4.457798157667556e-17,0.0,0,0.0,0.0,0.004379969091767465,0.0,0,0.0,0.0,0.004379969091767465,0.0,0.0
MAR04132,560,-5.278317465646459e-15,3.4545492591344695e-15,-4.4843434915682784e-17,0.0,0,0.0,0.0,0.0044735734878779895,0.0,0,0.0,0.0,0.0044735734878779895,0.0,0.0
MAR04607,562,-5.284819636080461e-15,3.4170813560131905e-15,-4.439346030609937e-17,0.0,0,0.0,0.0,0.0044576959055467585,0.0,0,0.0,0.0,0.0044576959055467585,0.0,0.0
MAR01132,548,-5.290172193250381e-15,3.738737619014121e-15,-4.480437694418579e-17,0.0,0,0.0,0.0,0.004571266087298871,0.0,0,0.0,0.0,0.004571266087298871,0.0,0.0
MAR06280,571,-5.301071899015809e-15,4.217400221303457e-15,-4.49450532200458e-17,0.0,0,0.0,0.0,0.00438761958448344,0.0,0,0.0,0.0,0.00438761958448344,0.0,0.0
MAR03110,568,-5.304051407786663e-15,8.978536052155062e-15,-4.49765338264996e-17,0.0,0,0.0,0.0,0.004410732264444036,0.0,0,0.0,0.0,0.004410732264444036,0.0,0.0
MAR12349,578,-5.3106308278263544e-15,4.730495393121187e-15,-4.623847299510535e-17,0.0,0,0.0,0.0,0.004334620605899285,0.0,0,0.0,0.0,0.004334620605899285,0.0,0.0
MAR01885,556,-5.3162909725935554e-15,3.089846990918484e-15,-4.503503303655774e-17,0.0,0,0.0,0.0,0.0045056704064922026,0.0,0,0.0,0.0,0.0045056704064922026,0.0,0.0
MAR07793,590,-5.323048969592615e-15,2.920806646440034e-15,-4.5004861253244046e-17,0.0,0,0.0,0.0,0.0042466836008472324,0.0,0,0.0,0.0,0.0042466836008472324,0.0,0.0
MAR07027,549,-5.3323061408590395e-15,9.363247026526181e-15,-4.715543771213508e-17,0.0,0,0.0,0.0,0.004562962366977274,0.0,0,0.0,0.0,0.004562962366977274,0.0,0.0
MAR01147,588,-5.3411545783327255e-15,3.653689532696728e-15,-4.581099270561242e-17,0.0,0,0.0,0.0,0.004261091151880009,0.0,0,0.0,0.0,0.004261091151880009,0.0,0.0
MAR06483,558,-5.348171129377098e-15,3.834492335904691e-15,-4.5239140939492185e-17,0.0,0,0.0,0.0,0.004489564580987142,0.0,0,0.0,0.0,0.004489564580987142,0.0,0.0
MAR06602,576,-5.353742140970201e-15,4.335532193147209e-15,-4.559744664480662e-17,0.0,0,0.0,0.0,0.004349632068826215,0.0,0,0.0,0.0,0.004349632068826215,0.0,0.0
MAR01126,549,-5.358191122125345e-15,3.656963110564165e-15,-4.5993829526393634e-17,0.0,0,0.0,0.0,0.004562962366977274,0.0,0,0.0,0.0,0.004562962366977274,0.0,0.0
MAR10353,554,-5.361134721078012e-15,4.305074820644664e-15,-4.659231294405157e-17,0.0,0,0.0,0.0,0.004521892203603858,0.0,0,0.0,0.0,0.004521892203603858,0.0,0.0
MAR02419,551,-5.36453317742653e-15,5.639705303612754e-15,-4.585803659388757e-17,0.0,0,0.0,0.0,0.004546445100963565,0.0,0,0.0,0.0,0.004546445100963565,0.0,0.0
MAR05997,568,-5.379108739028928e-15,3.781432742727047e-15,-4.6140508357220785e-17,0.0,0,0.0,0.0,0.004410732264444036,0.0,0,0.0,0.0,0.004410732264444036,0.0,0.0
MAR07969,544,-5.381316307594876e-15,9.362648275202737e-15,-4.7925240741413976e-17,0.0,0,0.0,0.0,0.004604785407758596,0.0,0,0.0,0.0,0.004604785407758596,0.0,0.0
MAR02571,533,-5.385727302947102e-15,5.9410607653973565e-15,-4.571941004694798e-17,0.0,0,0.0,0.0,0.004699550344959981,0.0,0,0.0,0.0,0.004699550344959981,0.0,0.0
MAR03288,567,-5.388595703295292e-15,3.2438274076386015e-15,-4.5323958535511e-17,0.0,0,0.0,0.0,0.00441849069762059,0.0,0,0.0,0.0,0.00441849069762059,0.0,0.0
MAR07068,563,-5.401639270076783e-15,9.249661472687562e-15,-4.803344232506244e-17,0.0,0,0.0,0.0,0.004449799303901048,0.0,0,0.0,0.0,0.004449799303901048,0.0,0.0
MAR12352,562,-5.41125072785272e-15,4.881013920200397e-15,-4.7937689297085157e-17,0.0,0,0.0,0.0,0.0044576959055467585,0.0,0,0.0,0.0,0.0044576959055467585,0.0,0.0
MAR12258,567,-5.4136589391245725e-15,4.5507451022612265e-15,-4.673934761946097e-17,0.0,0,0.0,0.0,0.00441849069762059,0.0,0,0.0,0.0,0.00441849069762059,0.0,0.0
MAR01173,576,-5.427757009278543e-15,3.177065338333349e-15,-4.58724148526313e-17,0.0,0,0.0,0.0,0.004349632068826215,0.0,0,0.0,0.0,0.004349632068826215,0.0,0.0
MAR00611,555,-5.428290449770855e-15,3.4626610352621952e-15,-4.6126444115629865e-17,0.0,0,0.0,0.0,0.004513766730450679,0.0,0,0.0,0.0,0.004513766730450679,0.0,0.0
MAR00803,577,-5.442979015701287e-15,3.3240686505055575e-15,-4.617259948620593e-17,0.0,0,0.0,0.0,0.004342113363096878,0.0,0,0.0,0.0,0.004342113363096878,0.0,0.0
MAR04717,553,-5.447922603296248e-15,3.639566905423498e-15,-4.59684654998479e-17,0.0,0,0.0,0.0,0.00453004698365408,0.0,0,0.0,0.0,0.00453004698365408,0.0,0.0
MAR02435,571,-5.450397868002171e-15,5.414075188101593e-15,-4.59564529843097e-17,0.0,0,0.0,0.0,0.00438761958448344,0.0,0,0.0,0.0,0.00438761958448344,0.0,0.0
MAR00538,544,-5.459684991686064e-15,3.936022154121646e-15,-4.641502533875716e-17,0.0,0,0.0,0.0,0.004604785407758596,0.0,0,0.0,0.0,0.004604785407758596,0.0,0.0
MAR01839,557,-5.459825689503104e-15,2.944725341215441e-15,-4.608938640947789e-17,0.0,0,0.0,0.0,0.004497603075155535,0.0,0,0.0,0.0,0.004497603075155535,0.0,0.0
MAR12629,562,-5.461823164561624e-15,4.7984594532676484e-15,-4.737606171135975e-17,0.0,0,0.0,0.0,0.0044576959055467585,0.0,0,0.0,0.0,0.0044576959055467585,0.0,0.0
MAR03128,567,-5.4637854107831334e-15,8.873633654090278e-15,-4.5950788313667795e-17,0.0,0,0.0,0.0,0.00441849069762059,0.0,0,0.0,0.0,0.00441849069762059,0.0,0.0
MAR00528,551,-5.467697276992423e-15,3.687804365012417e-15,-4.6274453145677404e-17,0.0,0,0.0,0.0,0.004546445100963565,0.0,0,0.0,0.0,0.004546445100963565,0.0,0.0
MAR01370,556,-5.469645519879908e-15,3.8222470141526765e-15,-4.6962710883608846e-17,0.0,0,0.0,0.0,0.0045056704064922026,0.0,0,0.0,0.0,0.0045056704064922026,0.0,0.0
MAR04220,579,-5.4732652875475765e-15,3.130387786481204e-15,-4.6352078296295574e-17,0.0,0,0.0,0.0,0.00432715366313485,0.0,0,0.0,0.0,0.00432715366313485,0.0,0.0
MAR06055,553,-5.473620351425003e-15,3.854803430197836e-15,-4.68255930595271e-17,0.0,0,0.0,0.0,0.00453004698365408,0.0,0,0.0,0.0,0.00453004698365408,0.0,0.0
MAR09627,558,-5.4755085372194104e-15,4.6593761825509895e-15,-4.8404444527741716e-17,0.0,0,0.0,0.0,0.004489564580987142,0.0,0,0.0,0.0,0.004489564580987142,0.0,0.0
MAR01343,550,-5.477638544768772e-15,3.82104692992971e-15,-4.6793033622530377e-17,0.0,0,0.0,0.0,0.0045546887593671224,0.0,0,0.0,0.0,0.0045546887593671224,0.0,0.0
MAR12186,552,-5.483536330322514e-15,5.098533014269798e-15,-4.8499231120852403e-17,0.0,0,0.0,0.0,0.004538231229443332,0.0,0,0.0,0.0,0.004538231229443332,0.0,0.0
MAR01263,559,-5.491135274568216e-15,3.763452859513331e-15,-4.7249590746655155e-17,0.0,0,0.0,0.0,0.004481554769642852,0.0,0,0.0,0.0,0.004481554769642852,0.0,0.0
MAR05308,568,-5.504204291099367e-15,4.2746951979446094e-15,-4.554507773868331e-17,0.0,0,0.0,0.0,0.004410732264444036,0.0,0,0.0,0.0,0.004410732264444036,0.0,0.0
MAR12247,564,-5.518044650051842e-15,4.361776661776696e-15,-4.712964170226313e-17,0.0,0,0.0,0.0,0.004441930629657058,0.0,0,0.0,0.0,0.004441930629657058,0.0,0.0
MAR03505,563,-5.527845795078577e-15,8.973498669006343e-15,-4.7319197157864376e-17,0.0,0,0.0,0.0,0.004449799303901048,0.0,0,0.0,0.0,0.004449799303901048,0.0,0.0
MAR00699,557,-5.536365301972774e-15,3.2088734620737936e-15,-4.661094855842329e-17,0.0,0,0.0,0.0,0.004497603075155535,0.0,0,0.0,0.0,0.004497603075155535,0.0,0.0
MAR01108,559,-5.541979119703107e-15,3.69316216488619e-15,-4.7098009935948924e-17,0.0,0,0.0,0.0,0.004481554769642852,0.0,0,0.0,0.0,0.004481554769642852,0.0,0.0
MAR01223,559,-5.5419791197031086e-15,3.8069361179423685e-15,-4.7780994480412965e-17,0.0,0,0.0,0.0,0.004481554769642852,0.0,0,0.0,0.0,0.004481554769642852,0.0,0.0
MAR12248,574,-5.545699401054441e-15,4.949053480731015e-15,-4.854113866946303e-17,0.0,0,0.0,0.0,0.004364747866934595,0.0,0,0.0,0.0,0.004364747866934595,0.0,0.0
MAR12235,561,-5.547552910212548e-15,4.750559448243706e-15,-4.7990232547497814e-17,0.0,0,0.0,0.0,0.004465620583537596,0.0,0,0.0,0.0,0.004465620583537596,0.0,0.0
MAR04787,571,-5.549948513993077e-15,3.223821167839037e-15,-4.7104721976588075e-17,0.0,0,0.0,0.0,0.00438761958448344,0.0,0,0.0,0.0,0.00438761958448344,0.0,0.0
MAR01149,540,-5.55275989797708e-15,4.0166525420918176e-15,-4.7667666961745365e-17,0.0,0,0.0,0.0,0.00463879992662872,0.0,0,0.0,0.0,0.00463879992662872,0.0,0.0
MAR02880,578,-5.5564933661516484e-15,4.389922976046482e-15,-4.622198185443725e-17,0.0,0,0.0,0.0,0.004334620605899285,0.0,0,0.0,0.0,0.004334620605899285,0.0,0.0
MAR01880,565,-5.558582109840076e-15,3.0851089744022394e-15,-4.7273315462907046e-17,0.0,0,0.0,0.0,0.004434089734923025,0.0,0,0.0,0.0,0.004434089734923025,0.0,0.0
MAR06518,581,-5.576720955363265e-15,3.560740476968938e-15,-4.7615870125599255e-17,0.0,0,0.0,0.0,0.004312296689115291,0.0,0,0.0,0.0,0.004312296689115291,0.0,0.0
MAR04444,540,-5.579076295597825e-15,3.263365600896134e-15,-4.7597426048307594e-17,0.0,0,0.0,0.0,0.00463879992662872,0.0,0,0.0,0.0,0.00463879992662872,0.0,0.0
MAR03180,565,-5.583734065088222e-15,4.174734527412514e-15,-4.731015721177362e-17,0.0,0,0.0,0.0,0.004434089734923025,0.0,0,0.0,0.0,0.004434089734923025,0.0,0.0
MAR07430,567,-5.5891015899295355e-15,9.026664995271336e-15,-4.9091844247497775e-17,0.0,0,0.0,0.0,0.00441849069762059,0.0,0,0.0,0.0,0.00441849069762059,0.0,0.0
MAR06396,561,-5.598215493867456e-15,4.0713293320479665e-15,-4.7207387117030744e-17,0.0,0,0.0,0.0,0.004465620583537596,0.0,0,0.0,0.0,0.004465620583537596,0.0,0.0
MAR05386,583,-5.6063406252083376e-15,3.028218231351383e-15,-4.742335368279223e-17,0.0,0,0.0,0.0,0.004297541386555887,0.0,0,0.0,0.0,0.004297541386555887,0.0,0.0
MAR01317,555,-5.607526455187818e-15,3.612271811642217e-15,-4.7959011335682164e-17,0.0,0,0.0,0.0,0.004513766730450679,0.0,0,0.0,0.0,0.004513766730450679,0.0,0.0
MAR00057,567,-5.614164825758816e-15,3.3778269430344182e-15,-4.77717668997664e-17,0.0,0,0.0,0.0,0.00441849069762059,0.0,0,0.0,0.0,0.00441849069762059,0.0,0.0
MAR01322,551,-5.622443426341265e-15,3.522302468487084e-15,-4.7251335866053216e-17,0.0,0,0.0,0.0,0.004546445100963565,0.0,0,0.0,0.0,0.004546445100963565,0.0,0.0
MAR00960,581,-5.625639560234872e-15,3.586434009981636e-15,-4.801978209413965e-17,0.0,0,0.0,0.0,0.004312296689115291,0.0,0,0.0,0.0,0.004312296689115291,0.0,0.0
MAR09737,562,-5.6388266930427895e-15,3.990484836737852e-15,-4.755688188868125e-17,0.0,0,0.0,0.0,0.0044576959055467585,0.0,0,0.0,0.0,0.0044576959055467585,0.0,0.0
MAR05178,563,-5.654052320080371e-15,3.582724007803198e-15,-4.7938621199274775e-17,0.0,0,0.0,0.0,0.004449799303901048,0.0,0,0.0,0.0,0.004449799303901048,0.0,0.0
MAR02453,565,-5.659189930832659e-15,5.296495545799283e-15,-4.738080801031301e-17,0.0,0,0.0,0.0,0.004434089734923025,0.0,0,0.0,0.0,0.004434089734923025,0.0,0.0
MAR01194,549,-5.668810897321018e-15,3.934493534723993e-15,-4.8800086725909685e-17,0.0,0,0.0,0.0,0.004562962366977274,0.0,0,0.0,0.0,0.004562962366977274,0.0,0.0
MAR02603,569,-5.669356802022592e-15,4.3220034079750925e-15,-4.8866055188726357e-17,0.0,0,0.0,0.0,0.004403001029543098,0.0,0,0.0,0.0,0.004403001029543098,0.0,0.0
MAR09459,551,-5.674025476124212e-15,4.5563919537906765e-15,-4.880977432632859e-17,0.0,0,0.0,0.0,0.004546445100963565,0.0,0,0.0,0.0,0.004546445100963565,0.0,0.0
MAR02251,560,-5.684341886080802e-15,3.598666232838108e-15,-4.840074342320463e-17,0.0,0,0.0,0.0,0.0044735734878779895,0.0,0,0.0,0.0,0.0044735734878779895,0.0,0.0
MAR07921,560,-5.684341886080802e-15,9.115183167132462e-15,-5.038945360393484e-17,0.0,0,0.0,0.0,0.0044735734878779895,0.0,0,0.0,0.0,0.0044735734878779895,0.0,0.0
MAR03407,557,-5.6894445269121124e-15,9.08755464589564e-15,-4.8272699339576436e-17,0.0,0,0.0,0.0,0.004497603075155535,0.0,0,0.0,0.0,0.004497603075155535,0.0,0.0
MAR06319,557,-5.689444526912113e-15,4.2682582233569266e-15,-4.8294182599269335e-17,0.0,0,0.0,0.0,0.004497603075155535,0.0,0,0.0,0.0,0.004497603075155535,0.0,0.0
MAR04393,551,-5.6998165010156855e-15,3.3199804441410144e-15,-4.8202488926314845e-17,0.0,0,0.0,0.0,0.004546445100963565,0.0,0,0.0,0.0,0.004546445100963565,0.0,0.0
MAR12187,570,-5.70927321014256e-15,4.9283087047587285e-15,-4.9604650492689675e-17,0.0,0,0.0,0.0,0.004395296850147243,0.0,0,0.0,0.0,0.004395296850147243,0.0,0.0
MAR12397,565,-5.709493841328946e-15,4.972903858274653e-15,-4.962261783434151e-17,0.0,0,0.0,0.0,0.004434089734923025,0.0,0,0.0,0.0,0.004434089734923025,0.0,0.0
MAR04738,565,-5.709493841328946e-15,3.482226518525831e-15,-4.798609660005822e-17,0.0,0,0.0,0.0,0.004434089734923025,0.0,0,0.0,0.0,0.004434089734923025,0.0,0.0
MAR04604,550,-5.710179803744805e-15,3.584044435128138e-15,-4.7933115085146894e-17,0.0,0,0.0,0.0,0.0045546887593671224,0.0,0,0.0,0.0,0.0045546887593671224,0.0,0.0
MAR05565,587,-5.713393037116989e-15,3.730239812163033e-15,-4.8660859667054196e-17,0.0,0,0.0,0.0,0.004268331649559446,0.0,0,0.0,0.0,0.004268331649559446,0.0,0.0
MAR04590,550,-5.736017721408809e-15,3.4672071991153886e-15,-4.8468909310798223e-17,0.0,0,0.0,0.0,0.0045546887593671224,0.0,0,0.0,0.0,0.0045546887593671224,0.0,0.0
MAR00338,572,-5.73899901960081e-15,3.506330568560926e-15,-4.9377669909386976e-17,0.0,0,0.0,0.0,0.004379969091767465,0.0,0,0.0,0.0,0.004379969091767465,0.0,0.0
MAR04315,577,-5.7631542519190105e-15,3.1591852432631847e-15,-4.9009564996830836e-17,0.0,0,0.0,0.0,0.004342113363096878,0.0,0,0.0,0.0,0.004342113363096878,0.0,0.0
MAR12734,557,-5.765984139381782e-15,4.7828511532592086e-15,-5.012515409534642e-17,0.0,0,0.0,0.0,0.004497603075155535,0.0,0,0.0,0.0,0.004497603075155535,0.0,0.0
MAR04726,547,-5.767476685145969e-15,3.484252588613385e-15,-4.867460417199173e-17,0.0,0,0.0,0.0,0.004579600085029117,0.0,0,0.0,0.0,0.004579600085029117,0.0,0.0
MAR01383,563,-5.7802588450821646e-15,3.6154409781699335e-15,-4.8904693368202103e-17,0.0,0,0.0,0.0,0.004449799303901048,0.0,0,0.0,0.0,0.004449799303901048,0.0,0.0
MAR04153,570,-5.784067182327834e-15,3.304919554587268e-15,-4.8818153031671743e-17,0.0,0,0.0,0.0,0.004395296850147243,0.0,0,0.0,0.0,0.004395296850147243,0.0,0.0
MAR09814,538,-5.784715952842451e-15,3.746842497866593e-15,-5.0038831088329234e-17,0.0,0,0.0,0.0,0.004655996327465773,0.0,0,0.0,0.0,0.004655996327465773,0.0,0.0
MAR02466,560,-5.785847991189389e-15,5.348037921235119e-15,-4.8754353414670725e-17,0.0,0,0.0,0.0,0.0044735734878779895,0.0,0,0.0,0.0,0.0044735734878779895,0.0,0.0
MAR12276,562,-5.7905440031695e-15,4.629057933867046e-15,-4.9852312950491465e-17,0.0,0,0.0,0.0,0.0044576959055467585,0.0,0,0.0,0.0,0.0044576959055467585,0.0,0.0
MAR12298,574,-5.793275267172942e-15,4.723317845869047e-15,-5.048477235803557e-17,0.0,0,0.0,0.0,0.004364747866934595,0.0,0,0.0,0.0,0.004364747866934595,0.0,0.0
MAR02452,554,-5.797207880208761e-15,5.326574302118023e-15,-4.841163192769209e-17,0.0,0,0.0,0.0,0.004521892203603858,0.0,0,0.0,0.0,0.004521892203603858,0.0,0.0
MAR09438,571,-5.798825128970346e-15,4.276162667343947e-15,-4.93527254950516e-17,0.0,0,0.0,0.0,0.00438761958448344,0.0,0,0.0,0.0,0.00438761958448344,0.0,0.0
MAR04084,558,-5.806585797609421e-15,3.465264111676816e-15,-4.8764996600404085e-17,0.0,0,0.0,0.0,0.004489564580987142,0.0,0,0.0,0.0,0.004489564580987142,0.0,0.0
MAR01148,548,-5.808816525921988e-15,3.700555281612272e-15,-4.9843367127166067e-17,0.0,0,0.0,0.0,0.004571266087298871,0.0,0,0.0,0.0,0.004571266087298871,0.0,0.0
MAR06417,565,-5.810101662321527e-15,4.033111422632504e-15,-4.984874123635448e-17,0.0,0,0.0,0.0,0.004434089734923025,0.0,0,0.0,0.0,0.004434089734923025,0.0,0.0
MAR02238,565,-5.810101662321527e-15,7.62445317177409e-15,-4.916897208156767e-17,0.0,0,0.0,0.0,0.004434089734923025,0.0,0,0.0,0.0,0.004434089734923025,0.0,0.0
MAR01377,560,-5.8112245174665335e-15,3.1578236838177174e-15,-4.921051765696938e-17,0.0,0,0.0,0.0,0.0044735734878779895,0.0,0,0.0,0.0,0.0044735734878779895,0.0,0.0
MAR12318,555,-5.812367604235774e-15,5.0596249108561514e-15,-5.0866842601221704e-17,0.0,0,0.0,0.0,0.004513766730450679,0.0,0,0.0,0.0,0.004513766730450679,0.0,0.0
MAR12229,555,-5.812367604235774e-15,4.9271690970570685e-15,-5.057129447162845e-17,0.0,0,0.0,0.0,0.004513766730450679,0.0,0,0.0,0.0,0.004513766730450679,0.0,0.0
MAR06322,547,-5.819435934561699e-15,3.777236929441057e-15,-4.920822766619615e-17,0.0,0,0.0,0.0,0.004579600085029117,0.0,0,0.0,0.0,0.004579600085029117,0.0,0.0
MAR01398,581,-5.8213139797213025e-15,3.749616262595526e-15,-4.972404554997916e-17,0.0,0,0.0,0.0,0.004312296689115291,0.0,0,0.0,0.0,0.004312296689115291,0.0,0.0
MAR01143,566,-5.824943982202942e-15,3.7112875008788455e-15,-4.971265402202731e-17,0.0,0,0.0,0.0,0.0044262764728495866,0.0,0,0.0,0.0,0.0044262764728495866,0.0,0.0
MAR10356,550,-5.839369392064823e-15,4.0233562585859225e-15,-4.9816309509352374e-17,0.0,0,0.0,0.0,0.0045546887593671224,0.0,0,0.0,0.0,0.0045546887593671224,0.0,0.0
MAR04139,562,-5.841116439878404e-15,3.867028132797187e-15,-4.9384775734964034e-17,0.0,0,0.0,0.0,0.0044576959055467585,0.0,0,0.0,0.0,0.0044576959055467585,0.0,0.0
MAR04739,561,-5.851528412142001e-15,3.5322888209028346e-15,-4.9463481169617726e-17,0.0,0,0.0,0.0,0.004465620583537596,0.0,0,0.0,0.0,0.004465620583537596,0.0,0.0
MAR11659,556,-5.853031888095789e-15,5.138800408695227e-15,-5.1013494356617083e-17,0.0,0,0.0,0.0,0.0045056704064922026,0.0,0,0.0,0.0,0.0045056704064922026,0.0,0.0
MAR09489,546,-5.856121448572255e-15,4.365889496467373e-15,-5.0238191631060527e-17,0.0,0,0.0,0.0,0.004587964526068459,0.0,0,0.0,0.0,0.004587964526068459,0.0,0.0
MAR06098,548,-5.8606809591891475e-15,4.119456852130481e-15,-4.960371268775973e-17,0.0,0,0.0,0.0,0.004571266087298871,0.0,0,0.0,0.0,0.004571266087298871,0.0,0.0
MAR09463,545,-5.866866625542112e-15,4.380430261947157e-15,-5.03158678354946e-17,0.0,0,0.0,0.0,0.004596359577531593,0.0,0,0.0,0.0,0.004596359577531593,0.0,0.0
MAR05994,545,-5.866866625542112e-15,3.5040759274617646e-15,-4.926279293993126e-17,0.0,0,0.0,0.0,0.004596359577531593,0.0,0,0.0,0.0,0.004596359577531593,0.0,0.0
MAR00268,569,-5.869157922798719e-15,3.730851429018503e-15,-5.020875779718944e-17,0.0,0,0.0,0.0,0.004403001029543098,0.0,0,0.0,0.0,0.004403001029543098,0.0,0.0
MAR03756,535,-5.8702783029152204e-15,9.349163190060843e-15,-5.0087486926314515e-17,0.0,0,0.0,0.0,0.004682031321548599,0.0,0,0.0,0.0,0.004682031321548599,0.0,0.0
MAR03920,564,-5.870796362840544e-15,6.757481575589445e-15,-4.9065424391474133e-17,0.0,0,0.0,0.0,0.004441930629657058,0.0,0,0.0,0.0,0.004441930629657058,0.0,0.0
MAR12154,544,-5.903774201536127e-15,5.062665035982643e-15,-5.122925567482459e-17,0.0,0,0.0,0.0,0.004604785407758596,0.0,0,0.0,0.0,0.004604785407758596,0.0,0.0
MAR02406,556,-5.904150070524575e-15,5.196948663650181e-15,-4.8954774695271065e-17,0.0,0,0.0,0.0,0.0045056704064922026,0.0,0,0.0,0.0,0.0045056704064922026,0.0,0.0
MAR01249,551,-5.906144700147475e-15,3.553013852202795e-15,-5.0724138605193095e-17,0.0,0,0.0,0.0,0.004546445100963565,0.0,0,0.0,0.0,0.004546445100963565,0.0,0.0
MAR06515,546,-5.908175861448453e-15,4.311167343681631e-15,-5.0456093619711806e-17,0.0,0,0.0,0.0,0.004587964526068459,0.0,0,0.0,0.0,0.004587964526068459,0.0,0.0
MAR03482,577,-5.910927437865651e-15,8.755108533307149e-15,-5.032202300023922e-17,0.0,0,0.0,0.0,0.004342113363096878,0.0,0,0.0,0.0,0.004342113363096878,0.0,0.0
MAR02550,562,-5.916975094941761e-15,5.711066757074999e-15,-5.044768430642489e-17,0.0,0,0.0,0.0,0.0044576959055467585,0.0,0,0.0,0.0,0.0044576959055467585,0.0,0.0
MAR01187,547,-5.923354433393157e-15,3.911154565933838e-15,-5.037745460070516e-17,0.0,0,0.0,0.0,0.004579600085029117,0.0,0,0.0,0.0,0.004579600085029117,0.0,0.0
MAR12224,565,-5.9358614385622536e-15,5.000584638733536e-15,-5.181140821293442e-17,0.0,0,0.0,0.0,0.004434089734923025,0.0,0,0.0,0.0,0.004434089734923025,0.0,0.0
MAR01864,553,-5.936179817742609e-15,3.3155681082442113e-15,-5.065902012831816e-17,0.0,0,0.0,0.0,0.00453004698365408,0.0,0,0.0,0.0,0.00453004698365408,0.0,0.0
MAR01374,552,-5.946933766687795e-15,3.840359973232057e-15,-5.0704999700507444e-17,0.0,0,0.0,0.0,0.004538231229443332,0.0,0,0.0,0.0,0.004538231229443332,0.0,0.0
MAR01753,540,-5.947505862288246e-15,3.4524954913713207e-15,-5.020518476941065e-17,0.0,0,0.0,0.0,0.00463879992662872,0.0,0,0.0,0.0,0.00463879992662872,0.0,0.0
MAR03177,563,-5.982189285085036e-15,9.202986336875895e-15,-5.1113585817743095e-17,0.0,0,0.0,0.0,0.004449799303901048,0.0,0,0.0,0.0,0.004449799303901048,0.0,0.0
MAR06422,546,-5.98625748076275e-15,3.3389218684516766e-15,-5.0188824066166e-17,0.0,0,0.0,0.0,0.004587964526068459,0.0,0,0.0,0.0,0.004587964526068459,0.0,0.0
MAR03908,574,-5.9913359600677434e-15,6.490062989712091e-15,-4.9841741849087836e-17,0.0,0,0.0,0.0,0.004364747866934595,0.0,0,0.0,0.0,0.004364747866934595,0.0,0.0
MAR04052,553,-6.013273062128878e-15,3.5396997922690534e-15,-5.122959564871352e-17,0.0,0,0.0,0.0,0.00453004698365408,0.0,0,0.0,0.0,0.00453004698365408,0.0,0.0
MAR02296,550,-6.020234815712849e-15,7.837351267457392e-15,-5.1044838308416e-17,0.0,0,0.0,0.0,0.0045546887593671224,0.0,0,0.0,0.0,0.0045546887593671224,0.0,0.0
MAR12159,559,-6.024995648484571e-15,4.595604307625657e-15,-5.2101423302549486e-17,0.0,0,0.0,0.0,0.004481554769642852,0.0,0,0.0,0.0,0.004481554769642852,0.0,0.0
MAR02573,563,-6.0326718950857554e-15,5.521360522126558e-15,-5.040070782446108e-17,0.0,0,0.0,0.0,0.004449799303901048,0.0,0,0.0,0.0,0.004449799303901048,0.0,0.0
MAR01447,555,-6.042813896914726e-15,3.832741746425105e-15,-5.1865945892341733e-17,0.0,0,0.0,0.0,0.004513766730450679,0.0,0,0.0,0.0,0.004513766730450679,0.0,0.0
MAR07006,578,-6.048218442802237e-15,8.905053806204912e-15,-5.4046647712547703e-17,0.0,0,0.0,0.0,0.004334620605899285,0.0,0,0.0,0.0,0.004334620605899285,0.0,0.0
MAR02544,566,-6.050911636684953e-15,5.745118419399267e-15,-5.088197225406462e-17,0.0,0,0.0,0.0,0.0044262764728495866,0.0,0,0.0,0.0,0.0044262764728495866,0.0,0.0
MAR06003,547,-6.05325255693248e-15,3.66008902972942e-15,-5.0998828322866213e-17,0.0,0,0.0,0.0,0.004579600085029117,0.0,0,0.0,0.0,0.004579600085029117,0.0,0.0
MAR07264,565,-6.061621214802979e-15,9.168340546051519e-15,-5.344033918504978e-17,0.0,0,0.0,0.0,0.004434089734923025,0.0,0,0.0,0.0,0.004434089734923025,0.0,0.0
MAR03587,553,-6.0646685583863884e-15,3.345441298110545e-15,-5.121489005838191e-17,0.0,0,0.0,0.0,0.00453004698365408,0.0,0,0.0,0.0,0.00453004698365408,0.0,0.0
MAR02386,560,-6.064989780237999e-15,5.003902951476467e-15,-5.039906844878422e-17,0.0,0,0.0,0.0,0.0044735734878779895,0.0,0,0.0,0.0,0.0044735734878779895,0.0,0.0
MAR01296,563,-6.0831545050864704e-15,3.926854777190305e-15,-5.188290528931797e-17,0.0,0,0.0,0.0,0.004449799303901048,0.0,0,0.0,0.0,0.004449799303901048,0.0,0.0
MAR01026,573,-6.125796011614127e-15,3.7558713875139464e-15,-5.1796415338014834e-17,0.0,0,0.0,0.0,0.0043723452321952965,0.0,0,0.0,0.0,0.0043723452321952965,0.0,0.0
MAR01253,531,-6.128598361169979e-15,3.8416028510343326e-15,-5.2185230410319645e-17,0.0,0,0.0,0.0,0.004717200964344275,0.0,0,0.0,0.0,0.004717200964344275,0.0,0.0
MAR12731,549,-6.134740560114526e-15,4.806073732402504e-15,-5.3103029934758663e-17,0.0,0,0.0,0.0,0.004562962366977274,0.0,0,0.0,0.0,0.004562962366977274,0.0,0.0
MAR07874,565,-6.137077080547414e-15,9.191895885400675e-15,-5.4291382573077234e-17,0.0,0,0.0,0.0,0.004434089734923025,0.0,0,0.0,0.0,0.004434089734923025,0.0,0.0
MAR06600,562,-6.144551060131828e-15,4.16941358854601e-15,-5.2236284708930297e-17,0.0,0,0.0,0.0,0.0044576959055467585,0.0,0,0.0,0.0,0.0044576959055467585,0.0,0.0
MAR02460,555,-6.145234471438705e-15,5.292105880407632e-15,-5.1418508261129766e-17,0.0,0,0.0,0.0,0.004513766730450679,0.0,0,0.0,0.0,0.004513766730450679,0.0,0.0
MAR00503,582,-6.15315358802561e-15,3.874287334205131e-15,-5.234749158783168e-17,0.0,0,0.0,0.0,0.004304906394243486,0.0,0,0.0,0.0,0.004304906394243486,0.0,0.0
MAR03184,568,-6.179720272279744e-15,9.30351138634611e-15,-5.228170354291849e-17,0.0,0,0.0,0.0,0.004410732264444036,0.0,0,0.0,0.0,0.004410732264444036,0.0,0.0
MAR02294,553,-6.193157299030168e-15,8.177420917413076e-15,-5.393470410111265e-17,0.0,0,0.0,0.0,0.00453004698365408,0.0,0,0.0,0.0,0.00453004698365408,0.0,0.0
MAR02456,562,-6.1951234968407325e-15,5.479807607084868e-15,-5.205999385771351e-17,0.0,0,0.0,0.0,0.0044576959055467585,0.0,0,0.0,0.0,0.0044576959055467585,0.0,0.0
MAR02464,563,-6.209361030088266e-15,5.047095139342563e-15,-5.159285145854365e-17,0.0,0,0.0,0.0,0.004449799303901048,0.0,0,0.0,0.0,0.004449799303901048,0.0,0.0
MAR06449,528,-6.217248937900877e-15,3.178001993970566e-15,-5.2019522103134185e-17,0.0,0,0.0,0.0,0.0047439268977446615,0.0,0,0.0,0.0,0.0047439268977446615,0.0,0.0
MAR03801,552,-6.2301210889110234e-15,9.050130350963952e-15,-5.309490528722472e-17,0.0,0,0.0,0.0,0.004538231229443332,0.0,0,0.0,0.0,0.004538231229443332,0.0,0.0
MAR02455,560,-6.242625464178026e-15,5.598780537678214e-15,-5.243979451625522e-17,0.0,0,0.0,0.0,0.0044735734878779895,0.0,0,0.0,0.0,0.0044735734878779895,0.0,0.0
MAR06018,557,-6.250735018356358e-15,3.5242862723864098e-15,-5.218943609564899e-17,0.0,0,0.0,0.0,0.004497603075155535,0.0,0,0.0,0.0,0.004497603075155535,0.0,0.0
MAR03967,568,-6.254777603522009e-15,6.6766506341937826e-15,-5.24820383560677e-17,0.0,0,0.0,0.0,0.004410732264444036,0.0,0,0.0,0.0,0.004410732264444036,0.0,0.0
MAR03236,565,-6.2628368567881406e-15,8.949762600937138e-15,-5.32807828620288e-17,0.0,0,0.0,0.0,0.004434089734923025,0.0,0,0.0,0.0,0.004434089734923025,0.0,0.0
MAR01899,574,-6.2636694127980955e-15,3.928847210141424e-15,-5.295667321053133e-17,0.0,0,0.0,0.0,0.004364747866934595,0.0,0,0.0,0.0,0.004364747866934595,0.0,0.0
MAR07400,555,-6.273260189593677e-15,9.398783545496557e-15,-5.545941417448301e-17,0.0,0,0.0,0.0,0.004513766730450679,0.0,0,0.0,0.0,0.004513766730450679,0.0,0.0
MAR12281,540,-6.289619031357925e-15,5.2023724231162385e-15,-5.486004935161762e-17,0.0,0,0.0,0.0,0.00463879992662872,0.0,0,0.0,0.0,0.00463879992662872,0.0,0.0
MAR05298,564,-6.299137728369682e-15,3.498545193031689e-15,-5.3084036937618834e-17,0.0,0,0.0,0.0,0.004441930629657058,0.0,0,0.0,0.0,0.004441930629657058,0.0,0.0
MAR11665,573,-6.2994015665991436e-15,4.887782295783912e-15,-5.4634396416456705e-17,0.0,0,0.0,0.0,0.0043723452321952965,0.0,0,0.0,0.0,0.0043723452321952965,0.0,0.0
MAR02158,557,-6.30176142666947e-15,2.97881736024197e-15,-5.341516084064081e-17,0.0,0,0.0,0.0,0.004497603075155535,0.0,0,0.0,0.0,0.004497603075155535,0.0,0.0
MAR10229,545,-6.3101409928052945e-15,3.79329100229901e-15,-5.4473567029532766e-17,0.0,0,0.0,0.0,0.004596359577531593,0.0,0,0.0,0.0,0.004596359577531593,0.0,0.0
MAR03286,554,-6.310235126244933e-15,9.097950371706944e-15,-5.347284685440675e-17,0.0,0,0.0,0.0,0.004521892203603858,0.0,0,0.0,0.0,0.004521892203603858,0.0,0.0
MAR12443,549,-6.315935428978668e-15,4.854079998302436e-15,-5.432742716858566e-17,0.0,0,0.0,0.0,0.004562962366977274,0.0,0,0.0,0.0,0.004562962366977274,0.0,0.0
MAR11547,566,-6.3522018426609665e-15,4.818090786046045e-15,-5.522874382736038e-17,0.0,0,0.0,0.0,0.0044262764728495866,0.0,0,0.0,0.0,0.0044262764728495866,0.0,0.0
MAR07822,543,-6.385724770735339e-15,9.457726466615088e-15,-5.572580289320636e-17,0.0,0,0.0,0.0,0.004613242186326175,0.0,0,0.0,0.0,0.004613242186326175,0.0,0.0
MAR00951,542,-6.397506550755146e-15,3.080920474038543e-15,-5.362484032532209e-17,0.0,0,0.0,0.0,0.00462173008405905,0.0,0,0.0,0.0,0.00462173008405905,0.0,0.0
MAR04754,554,-6.412840575452167e-15,3.59876020097362e-15,-5.373049081077086e-17,0.0,0,0.0,0.0,0.004521892203603858,0.0,0,0.0,0.0,0.004521892203603858,0.0,0.0
MAR06883,562,-6.422699462030799e-15,3.595196349053735e-15,-5.472622221859995e-17,0.0,0,0.0,0.0,0.0044576959055467585,0.0,0,0.0,0.0,0.0044576959055467585,0.0,0.0
MAR06537,564,-6.425120482937076e-15,3.940427288976959e-15,-5.427433033912294e-17,0.0,0,0.0,0.0,0.004441930629657058,0.0,0,0.0,0.0,0.004441930629657058,0.0,0.0
MAR06452,555,-6.426891051379645e-15,3.562370395883037e-15,-5.4100337233756475e-17,0.0,0,0.0,0.0,0.004513766730450679,0.0,0,0.0,0.0,0.004513766730450679,0.0,0.0
MAR07002,559,-6.457168332131143e-15,9.2490872823826e-15,-5.611844251791942e-17,0.0,0,0.0,0.0,0.004481554769642852,0.0,0,0.0,0.0,0.004481554769642852,0.0,0.0
MAR04886,565,-6.464052498773301e-15,3.711480870153286e-15,-5.493144164386834e-17,0.0,0,0.0,0.0,0.004434089734923025,0.0,0,0.0,0.0,0.004434089734923025,0.0,0.0
MAR00155,562,-6.4732718987397024e-15,3.2461746527778885e-15,-5.536599749808622e-17,0.0,0,0.0,0.0,0.0044576959055467585,0.0,0,0.0,0.0,0.0044576959055467585,0.0,0.0
MAR04645,564,-6.475513584764034e-15,3.4471495280824275e-15,-5.452466960664929e-17,0.0,0,0.0,0.0,0.004441930629657058,0.0,0,0.0,0.0,0.004441930629657058,0.0,0.0
MAR07461,561,-6.484810707828365e-15,9.183614094251075e-15,-5.650957180382413e-17,0.0,0,0.0,0.0,0.004465620583537596,0.0,0,0.0,0.0,0.004465620583537596,0.0,0.0
MAR06390,541,-6.4881351472364055e-15,4.530499524692977e-15,-5.5320714961338715e-17,0.0,0,0.0,0.0,0.004630249273041442,0.0,0,0.0,0.0,0.004630249273041442,0.0,0.0
MAR10362,562,-6.498558117094155e-15,4.046984279020299e-15,-5.5235830481770215e-17,0.0,0,0.0,0.0,0.0044576959055467585,0.0,0,0.0,0.0,0.0044576959055467585,0.0,0.0
MAR12273,551,-6.49933827265137e-15,4.5495559307228534e-15,-5.556726054466722e-17,0.0,0,0.0,0.0,0.004546445100963565,0.0,0,0.0,0.0,0.004546445100963565,0.0,0.0
MAR06026,542,-6.502383707324904e-15,3.937971755945536e-15,-5.428299213808054e-17,0.0,0,0.0,0.0,0.00462173008405905,0.0,0,0.0,0.0,0.00462173008405905,0.0,0.0
MAR02598,543,-6.516579786529097e-15,5.791484154949829e-15,-5.498588338997453e-17,0.0,0,0.0,0.0,0.004613242186326175,0.0,0,0.0,0.0,0.004613242186326175,0.0,0.0
MAR07963,547,-6.520885801674046e-15,9.471446102703156e-15,-5.671126386237679e-17,0.0,0,0.0,0.0,0.004579600085029117,0.0,0,0.0,0.0,0.004579600085029117,0.0,0.0
MAR06395,560,-6.521767253226635e-15,4.066655765841818e-15,-5.5295648198786044e-17,0.0,0,0.0,0.0,0.0044735734878779895,0.0,0,0.0,0.0,0.0044735734878779895,0.0,0.0
MAR02478,573,-6.522608708722738e-15,5.673889831777185e-15,-5.535460028254883e-17,0.0,0,0.0,0.0,0.0043723452321952965,0.0,0,0.0,0.0,0.0043723452321952965,0.0,0.0
MAR12182,557,-6.5313802640784795e-15,5.030965222697328e-15,-5.684491689206293e-17,0.0,0,0.0,0.0,0.004497603075155535,0.0,0,0.0,0.0,0.004497603075155535,0.0,0.0
MAR02489,559,-6.533434099833481e-15,5.749872338121948e-15,-5.555927303545921e-17,0.0,0,0.0,0.0,0.004481554769642852,0.0,0,0.0,0.0,0.004481554769642852,0.0,0.0
MAR06437,553,-6.552925772832752e-15,4.314650480096731e-15,-5.564487370942684e-17,0.0,0,0.0,0.0,0.00453004698365408,0.0,0,0.0,0.0,0.00453004698365408,0.0,0.0
MAR12283,561,-6.560804583310729e-15,4.729941334071134e-15,-5.656823318449608e-17,0.0,0,0.0,0.0,0.004465620583537596,0.0,0,0.0,0.0,0.004465620583537596,0.0,0.0
MAR06420,554,-6.56674874926302e-15,4.0732569320988165e-15,-5.503494151478963e-17,0.0,0,0.0,0.0,0.004521892203603858,0.0,0,0.0,0.0,0.004521892203603858,0.0,0.0
MAR01035,569,-6.5684618455151616e-15,3.388694181171455e-15,-5.503229273350963e-17,0.0,0,0.0,0.0,0.004403001029543098,0.0,0,0.0,0.0,0.004403001029543098,0.0,0.0
MAR06421,549,-6.574785241641729e-15,4.3826492145715015e-15,-5.56085800867472e-17,0.0,0,0.0,0.0,0.004562962366977274,0.0,0,0.0,0.0,0.004562962366977274,0.0,0.0
MAR01178,550,-6.588669004320929e-15,3.570075163749511e-15,-5.574811501052127e-17,0.0,0,0.0,0.0,0.0045546887593671224,0.0,0,0.0,0.0,0.0045546887593671224,0.0,0.0
MAR02564,560,-6.597896832058073e-15,4.15223055955074e-15,-5.617336143872695e-17,0.0,0,0.0,0.0,0.0044735734878779895,0.0,0,0.0,0.0,0.0044735734878779895,0.0,0.0
MAR07556,541,-6.619473915399085e-15,9.62033129054189e-15,-5.808441041622545e-17,0.0,0,0.0,0.0,0.004630249273041442,0.0,0,0.0,0.0,0.004630249273041442,0.0,0.0
MAR04692,583,-6.630107174159426e-15,3.3898690957065123e-15,-5.527939185900763e-17,0.0,0,0.0,0.0,0.004297541386555887,0.0,0,0.0,0.0,0.004297541386555887,0.0,0.0
MAR03172,574,-6.635033211975848e-15,9.209487475752494e-15,-5.614249931307702e-17,0.0,0,0.0,0.0,0.004364747866934595,0.0,0,0.0,0.0,0.004364747866934595,0.0,0.0
MAR00566,550,-6.6403448396489364e-15,4.0111842598194264e-15,-5.663632064318865e-17,0.0,0,0.0,0.0,0.0045546887593671224,0.0,0,0.0,0.0,0.0045546887593671224,0.0,0.0
MAR07277,579,-6.651367232849297e-15,9.006960880784905e-15,-5.803829789931734e-17,0.0,0,0.0,0.0,0.00432715366313485,0.0,0,0.0,0.0,0.00432715366313485,0.0,0.0
MAR04735,557,-6.684459489017818e-15,3.797830747309038e-15,-5.62533866304848e-17,0.0,0,0.0,0.0,0.004497603075155535,0.0,0,0.0,0.0,0.004497603075155535,0.0,0.0
MAR03586,561,-6.687461042448002e-15,9.087587388515437e-15,-5.761987384038497e-17,0.0,0,0.0,0.0,0.004465620583537596,0.0,0,0.0,0.0,0.004465620583537596,0.0,0.0
MAR02884,552,-6.693518525276306e-15,9.441217945584146e-15,-5.689758338961014e-17,0.0,0,0.0,0.0,0.004538231229443332,0.0,0,0.0,0.0,0.004538231229443332,0.0,0.0
MAR01087,562,-6.726134082284224e-15,3.429320913400255e-15,-5.674334100473639e-17,0.0,0,0.0,0.0,0.0044576959055467585,0.0,0,0.0,0.0,0.0044576959055467585,0.0,0.0
MAR02572,559,-6.7368094803730444e-15,5.772602307302609e-15,-5.732018379351509e-17,0.0,0,0.0,0.0,0.004481554769642852,0.0,0,0.0,0.0,0.004481554769642852,0.0,0.0
MAR03228,569,-6.743287826194273e-15,8.897915641340844e-15,-5.697723355280643e-17,0.0,0,0.0,0.0,0.004403001029543098,0.0,0,0.0,0.0,0.004403001029543098,0.0,0.0
MAR06022,559,-6.7622314029404885e-15,4.101998743533195e-15,-5.740359866490175e-17,0.0,0,0.0,0.0,0.004481554769642852,0.0,0,0.0,0.0,0.004481554769642852,0.0,0.0
MAR04788,563,-6.764669740096158e-15,3.590691647435986e-15,-5.654740139241861e-17,0.0,0,0.0,0.0,0.004449799303901048,0.0,0,0.0,0.0,0.004449799303901048,0.0,0.0
MAR02731,560,-6.7755325159980986e-15,4.482777709454317e-15,-5.731371212070808e-17,0.0,0,0.0,0.0,0.0044735734878779895,0.0,0,0.0,0.0,0.0044735734878779895,0.0,0.0
MAR02427,564,-6.77787219572578e-15,5.712666684646483e-15,-5.76548132655802e-17,0.0,0,0.0,0.0,0.004441930629657058,0.0,0,0.0,0.0,0.004441930629657058,0.0,0.0
MAR03160,549,-6.781865091772177e-15,9.282037480964203e-15,-5.770180515023629e-17,0.0,0,0.0,0.0,0.004562962366977274,0.0,0,0.0,0.0,0.004562962366977274,0.0,0.0
MAR06407,588,-6.791241794169666e-15,3.7855669286774765e-15,-5.728805540747796e-17,0.0,0,0.0,0.0,0.004261091151880009,0.0,0,0.0,0.0,0.004261091151880009,0.0,0.0
MAR02331,554,-6.797611009979298e-15,7.854490741187971e-15,-5.727917283404758e-17,0.0,0,0.0,0.0,0.004521892203603858,0.0,0,0.0,0.0,0.004521892203603858,0.0,0.0
MAR07382,576,-6.809367884367627e-15,9.057467815053929e-15,-5.949029240343176e-17,0.0,0,0.0,0.0,0.004349632068826215,0.0,0,0.0,0.0,0.004349632068826215,0.0,0.0
MAR02269,572,-6.8321416900009635e-15,7.720001624157047e-15,-5.801290513943878e-17,0.0,0,0.0,0.0,0.004379969091767465,0.0,0,0.0,0.0,0.004379969091767465,0.0,0.0
MAR06019,553,-6.835601002249067e-15,3.991819473064863e-15,-5.803209450289318e-17,0.0,0,0.0,0.0,0.00453004698365408,0.0,0,0.0,0.0,0.00453004698365408,0.0,0.0
MAR02555,568,-6.855236253460124e-15,5.579395085285903e-15,-5.759528717652579e-17,0.0,0,0.0,0.0,0.004410732264444036,0.0,0,0.0,0.0,0.004410732264444036,0.0,0.0
MAR02322,584,-6.862090804258502e-15,7.480676090788711e-15,-5.798839228354537e-17,0.0,0,0.0,0.0,0.004290201536487618,0.0,0,0.0,0.0,0.004290201536487618,0.0,0.0
MAR02413,560,-6.877038621106684e-15,5.295590319172153e-15,-5.726863475219614e-17,0.0,0,0.0,0.0,0.0044735734878779895,0.0,0,0.0,0.0,0.0044735734878779895,0.0,0.0
MAR02267,564,-6.878658399379693e-15,7.935542665609828e-15,-5.853841535447461e-17,0.0,0,0.0,0.0,0.004441930629657058,0.0,0,0.0,0.0,0.004441930629657058,0.0,0.0
MAR01327,573,-6.894620612262054e-15,3.5275090380678045e-15,-5.837077301887445e-17,0.0,0,0.0,0.0,0.0043723452321952965,0.0,0,0.0,0.0,0.0043723452321952965,0.0,0.0
MAR07951,564,-6.903854950293172e-15,9.114498200676123e-15,-6.044285022859988e-17,0.0,0,0.0,0.0,0.004441930629657058,0.0,0,0.0,0.0,0.004441930629657058,0.0,0.0
MAR04249,563,-6.916117570098311e-15,3.302567652516626e-15,-5.868975415480483e-17,0.0,0,0.0,0.0,0.004449799303901048,0.0,0,0.0,0.0,0.004449799303901048,0.0,0.0
MAR03293,545,-6.935940099529786e-15,9.282859760811823e-15,-5.879288475896169e-17,0.0,0,0.0,0.0,0.004596359577531593,0.0,0,0.0,0.0,0.004596359577531593,0.0,0.0
MAR03529,553,-6.9897874910216e-15,9.166726131332809e-15,-6.026368537365473e-17,0.0,0,0.0,0.0,0.00453004698365408,0.0,0,0.0,0.0,0.00453004698365408,0.0,0.0
MAR02412,563,-6.991841485099389e-15,5.096063446100582e-15,-5.827968820597733e-17,0.0,0,0.0,0.0,0.004449799303901048,0.0,0,0.0,0.0,0.004449799303901048,0.0,0.0
MAR02530,567,-6.992642796369241e-15,5.600597552957225e-15,-5.871083825490359e-17,0.0,0,0.0,0.0,0.00441849069762059,0.0,0,0.0,0.0,0.00441849069762059,0.0,0.0
MAR11474,538,-6.9997704452203175e-15,1.1159636061414017e-14,-5.700968642460256e-17,0.0,0,0.0,0.0,0.004655996327465773,0.0,0,0.0,0.0,0.004655996327465773,0.0,0.0
MAR01191,558,-7.003557431327152e-15,3.299740178424258e-15,-5.93191511488308e-17,0.0,0,0.0,0.0,0.004489564580987142,0.0,0,0.0,0.0,0.004489564580987142,0.0,0.0
MAR02540,563,-7.017082790099746e-15,5.295919229130467e-15,-5.812278395672432e-17,0.0,0,0.0,0.0,0.004449799303901048,0.0,0,0.0,0.0,0.004449799303901048,0.0,0.0
MAR00525,587,-7.020694833745453e-15,3.609263213471361e-15,-5.885872534165348e-17,0.0,0,0.0,0.0,0.004268331649559446,0.0,0,0.0,0.0,0.004268331649559446,0.0,0.0
MAR11672,551,-7.040949795372317e-15,1.1152675732728403e-14,-5.776419085403463e-17,0.0,0,0.0,0.0,0.004546445100963565,0.0,0,0.0,0.0,0.004546445100963565,0.0,0.0
MAR02545,569,-7.0429895073584635e-15,5.825896156507568e-15,-5.93993258695071e-17,0.0,0,0.0,0.0,0.004403001029543098,0.0,0,0.0,0.0,0.004403001029543098,0.0,0.0
MAR04695,550,-7.053751522272994e-15,3.7504875797575755e-15,-5.909070362137924e-17,0.0,0,0.0,0.0,0.0045546887593671224,0.0,0,0.0,0.0,0.0045546887593671224,0.0,0.0
MAR03589,554,-7.0541246329973846e-15,9.035707016573665e-15,-5.934008540907917e-17,0.0,0,0.0,0.0,0.004521892203603858,0.0,0,0.0,0.0,0.004521892203603858,0.0,0.0
MAR07946,570,-7.055564709477486e-15,9.091554920739196e-15,-6.123078725249114e-17,0.0,0,0.0,0.0,0.004395296850147243,0.0,0,0.0,0.0,0.004395296850147243,0.0,0.0
MAR01276,537,-7.0921956493000685e-15,3.715727814926487e-15,-6.017839484705002e-17,0.0,0,0.0,0.0,0.004664642427888463,0.0,0,0.0,0.0,0.004664642427888463,0.0,0.0
MAR02282,549,-7.0924848669678486e-15,8.011379953782867e-15,-6.044634346790116e-17,0.0,0,0.0,0.0,0.004562962366977274,0.0,0,0.0,0.0,0.004562962366977274,0.0,0.0
MAR07407,587,-7.0933227113359235e-15,8.7438448158617e-15,-6.102649822028466e-17,0.0,0,0.0,0.0,0.004268331649559446,0.0,0,0.0,0.0,0.004268331649559446,0.0,0.0
MAR12246,552,-7.105427357601002e-15,4.926139081657787e-15,-6.076295841769419e-17,0.0,0,0.0,0.0,0.004538231229443332,0.0,0,0.0,0.0,0.004538231229443332,0.0,0.0
MAR11366,570,-7.105427357601002e-15,1.0872978352694446e-14,-5.963474402903942e-17,0.0,0,0.0,0.0,0.004395296850147243,0.0,0,0.0,0.0,0.004395296850147243,0.0,0.0
MAR11569,558,-7.105427357601003e-15,1.099007346929503e-14,-5.838280845085513e-17,0.0,0,0.0,0.0,0.004489564580987142,0.0,0,0.0,0.0,0.004489564580987142,0.0,0.0
MAR03551,569,-7.11791492764951e-15,8.856681228984937e-15,-6.009950574827374e-17,0.0,0,0.0,0.0,0.004403001029543098,0.0,0,0.0,0.0,0.004403001029543098,0.0,0.0
MAR02702,552,-7.131171659621295e-15,9.492084192989596e-15,-6.067359340485513e-17,0.0,0,0.0,0.0,0.004538231229443332,0.0,0,0.0,0.0,0.004538231229443332,0.0,0.0
MAR03928,566,-7.155642391930338e-15,6.825739450589833e-15,-5.987373672078068e-17,0.0,0,0.0,0.0,0.0044262764728495866,0.0,0,0.0,0.0,0.0044262764728495866,0.0,0.0
MAR06394,566,-7.15564239193034e-15,4.030599182997946e-15,-5.98056393014333e-17,0.0,0,0.0,0.0,0.0044262764728495866,0.0,0,0.0,0.0,0.0044262764728495866,0.0,0.0
MAR03491,587,-7.165950588926393e-15,8.472886110282297e-15,-6.047291151671528e-17,0.0,0,0.0,0.0,0.004268331649559446,0.0,0,0.0,0.0,0.004268331649559446,0.0,0.0
MAR07017,561,-7.168755587169639e-15,9.278911817259688e-15,-6.183326241749167e-17,0.0,0,0.0,0.0,0.004465620583537596,0.0,0,0.0,0.0,0.004465620583537596,0.0,0.0
MAR11228,581,-7.191034916126315e-15,1.0636921257810444e-14,-5.99508032078244e-17,0.0,0,0.0,0.0,0.004312296689115291,0.0,0,0.0,0.0,0.004312296689115291,0.0,0.0
MAR07396,566,-7.205857426259674e-15,9.081657533375667e-15,-6.214470863528397e-17,0.0,0,0.0,0.0,0.0044262764728495866,0.0,0,0.0,0.0,0.0044262764728495866,0.0,0.0
MAR01298,553,-7.221067224180403e-15,2.9446027418461673e-15,-6.054281527748313e-17,0.0,0,0.0,0.0,0.00453004698365408,0.0,0,0.0,0.0,0.00453004698365408,0.0,0.0
MAR00571,546,-7.235563389791496e-15,4.632145665579283e-15,-6.045045489522767e-17,0.0,0,0.0,0.0,0.004587964526068459,0.0,0,0.0,0.0,0.004587964526068459,0.0,0.0
MAR02576,571,-7.267197157336227e-15,3.831583477443558e-15,-6.139137723773873e-17,0.0,0,0.0,0.0,0.00438761958448344,0.0,0,0.0,0.0,0.00438761958448344,0.0,0.0
MAR02499,539,-7.276801301290824e-15,5.9828846053329504e-15,-6.15691886815032e-17,0.0,0,0.0,0.0,0.004647382219459146,0.0,0,0.0,0.0,0.004647382219459146,0.0,0.0
MAR07057,562,-7.282430886082166e-15,9.132369242980376e-15,-6.297729859470089e-17,0.0,0,0.0,0.0,0.0044576959055467585,0.0,0,0.0,0.0,0.0044576959055467585,0.0,0.0
MAR07693,550,-7.286292781249027e-15,9.234431791352549e-15,-6.246466585561316e-17,0.0,0,0.0,0.0,0.0045546887593671224,0.0,0,0.0,0.0,0.0045546887593671224,0.0,0.0
MAR07406,553,-7.29816046856667e-15,9.300277418175184e-15,-6.32164964151876e-17,0.0,0,0.0,0.0,0.00453004698365408,0.0,0,0.0,0.0,0.00453004698365408,0.0,0.0
MAR03524,563,-7.319978450104052e-15,8.93703642129506e-15,-6.221924885849106e-17,0.0,0,0.0,0.0,0.004449799303901048,0.0,0,0.0,0.0,0.004449799303901048,0.0,0.0
MAR03191,576,-7.352143585295482e-15,9.028611514937742e-15,-6.235229870705398e-17,0.0,0,0.0,0.0,0.004349632068826215,0.0,0,0.0,0.0,0.004349632068826215,0.0,0.0
MAR07567,560,-7.359192620372467e-15,9.124217317904783e-15,-6.418325595335569e-17,0.0,0,0.0,0.0,0.0044735734878779895,0.0,0,0.0,0.0,0.0044735734878779895,0.0,0.0
MAR02429,580,-7.374943567716903e-15,5.383081129809904e-15,-6.196792924949608e-17,0.0,0,0.0,0.0,0.004319712401627411,0.0,0,0.0,0.0,0.004319712401627411,0.0,0.0
MAR02242,552,-7.38861467982423e-15,7.884134638192218e-15,-6.236374916556891e-17,0.0,0,0.0,0.0,0.004538231229443332,0.0,0,0.0,0.0,0.004538231229443332,0.0,0.0
MAR07125,546,-7.41775383485819e-15,9.495044077425167e-15,-6.431676701076999e-17,0.0,0,0.0,0.0,0.004587964526068459,0.0,0,0.0,0.0,0.004587964526068459,0.0,0.0
MAR05256,553,-7.42664920921045e-15,4.0335248099422996e-15,-6.281520149311351e-17,0.0,0,0.0,0.0,0.00453004698365408,0.0,0,0.0,0.0,0.00453004698365408,0.0,0.0
MAR02682,567,-7.443781041296288e-15,9.089125527561691e-15,-6.236777866209942e-17,0.0,0,0.0,0.0,0.00441849069762059,0.0,0,0.0,0.0,0.00441849069762059,0.0,0.0
MAR03534,552,-7.46584758588511e-15,8.998322825726401e-15,-6.32987202307366e-17,0.0,0,0.0,0.0,0.004538231229443332,0.0,0,0.0,0.0,0.004538231229443332,0.0,0.0
MAR07005,557,-7.475368817871072e-15,9.223067158586313e-15,-6.525670405364877e-17,0.0,0,0.0,0.0,0.004497603075155535,0.0,0,0.0,0.0,0.004497603075155535,0.0,0.0
MAR03383,576,-7.47550169914272e-15,8.742727085839064e-15,-6.246071632136937e-17,0.0,0,0.0,0.0,0.004349632068826215,0.0,0,0.0,0.0,0.004349632068826215,0.0,0.0
MAR03527,574,-7.476791156778755e-15,8.805752023969e-15,-6.373354741910475e-17,0.0,0,0.0,0.0,0.004364747866934595,0.0,0,0.0,0.0,0.004364747866934595,0.0,0.0
MAR06282,551,-7.47939721852737e-15,4.167046358311261e-15,-6.257274233319037e-17,0.0,0,0.0,0.0,0.004546445100963565,0.0,0,0.0,0.0,0.004546445100963565,0.0,0.0
MAR12163,555,-7.502307083881419e-15,4.9601288290706286e-15,-6.461200774243573e-17,0.0,0,0.0,0.0,0.004513766730450679,0.0,0,0.0,0.0,0.004513766730450679,0.0,0.0
MAR02736,583,-7.507621358974643e-15,8.641717410287363e-15,-6.305197934655259e-17,0.0,0,0.0,0.0,0.004297541386555887,0.0,0,0.0,0.0,0.004297541386555887,0.0,0.0
MAR07078,554,-7.51584915442994e-15,9.281553456198491e-15,-6.525477091816405e-17,0.0,0,0.0,0.0,0.004521892203603858,0.0,0,0.0,0.0,0.004521892203603858,0.0,0.0
MAR07058,546,-7.521862660610584e-15,9.481232022408744e-15,-6.533261876747676e-17,0.0,0,0.0,0.0,0.004587964526068459,0.0,0,0.0,0.0,0.004587964526068459,0.0,0.0
MAR03691,587,-7.529089976878744e-15,8.56720207574781e-15,-6.382494845069998e-17,0.0,0,0.0,0.0,0.004268331649559446,0.0,0,0.0,0.0,0.004268331649559446,0.0,0.0
MAR02527,568,-7.530752234640502e-15,5.6531773372751874e-15,-6.335256591061396e-17,0.0,0,0.0,0.0,0.004410732264444036,0.0,0,0.0,0.0,0.004410732264444036,0.0,0.0
MAR02260,564,-7.53376872313014e-15,7.762860114544291e-15,-6.366996823496054e-17,0.0,0,0.0,0.0,0.004441930629657058,0.0,0,0.0,0.0,0.004441930629657058,0.0,0.0
MAR07944,568,-7.555771345054586e-15,9.0405685206031e-15,-6.55781976970554e-17,0.0,0,0.0,0.0,0.004410732264444036,0.0,0,0.0,0.0,0.004410732264444036,0.0,0.0
MAR12333,567,-7.56909722044269e-15,3.205351030033242e-15,-6.381896469064791e-17,0.0,0,0.0,0.0,0.00441849069762059,0.0,0,0.0,0.0,0.00441849069762059,0.0,0.0
MAR07651,540,-7.579122514774402e-15,9.534001002145358e-15,-6.520544398609209e-17,0.0,0,0.0,0.0,0.00463879992662872,0.0,0,0.0,0.0,0.00463879992662872,0.0,0.0
MAR02248,549,-7.61018449229397e-15,8.283318735170533e-15,-6.521139365403864e-17,0.0,0,0.0,0.0,0.004562962366977274,0.0,0,0.0,0.0,0.004562962366977274,0.0,0.0
MAR07466,562,-7.611151724690041e-15,9.19720590200701e-15,-6.594997670452828e-17,0.0,0,0.0,0.0,0.0044576959055467585,0.0,0,0.0,0.0,0.0044576959055467585,0.0,0.0
MAR02250,550,-7.622185710881075e-15,8.16176406631933e-15,-6.532208663311517e-17,0.0,0,0.0,0.0,0.0045546887593671224,0.0,0,0.0,0.0,0.0045546887593671224,0.0,0.0
MAR02278,559,-7.626576770233633e-15,8.130325563891789e-15,-6.509514924302516e-17,0.0,0,0.0,0.0,0.004481554769642852,0.0,0,0.0,0.0,0.004481554769642852,0.0,0.0
MAR04702,579,-7.633118853934063e-15,3.305427808030413e-15,-6.376192037801433e-17,0.0,0,0.0,0.0,0.00432715366313485,0.0,0,0.0,0.0,0.00432715366313485,0.0,0.0
MAR07591,564,-7.634554926784056e-15,9.071529744622703e-15,-6.570803600546692e-17,0.0,0,0.0,0.0,0.004441930629657058,0.0,0,0.0,0.0,0.004441930629657058,0.0,0.0
MAR02759,550,-7.648023628545079e-15,4.062197228630432e-15,-6.44665741603829e-17,0.0,0,0.0,0.0,0.0045546887593671224,0.0,0,0.0,0.0,0.0045546887593671224,0.0,0.0
MAR03287,548,-7.650003906906189e-15,9.218631379640172e-15,-6.459504679712659e-17,0.0,0,0.0,0.0,0.004571266087298871,0.0,0,0.0,0.0,0.004571266087298871,0.0,0.0
MAR03416,570,-7.653916486959676e-15,8.783592821695825e-15,-6.444121934548373e-17,0.0,0,0.0,0.0,0.004395296850147243,0.0,0,0.0,0.0,0.004395296850147243,0.0,0.0
MAR02237,562,-7.661724161398945e-15,7.769481301449107e-15,-6.486514719800332e-17,0.0,0,0.0,0.0,0.0044576959055467585,0.0,0,0.0,0.0,0.0044576959055467585,0.0,0.0
MAR03755,582,-7.667024708889053e-15,8.643919947742704e-15,-6.460232047608326e-17,0.0,0,0.0,0.0,0.004304906394243486,0.0,0,0.0,0.0,0.004304906394243486,0.0,0.0
MAR07456,565,-7.671346350684267e-15,9.192851680612163e-15,-6.638431257428882e-17,0.0,0,0.0,0.0,0.004434089734923025,0.0,0,0.0,0.0,0.004434089734923025,0.0,0.0
MAR07968,572,-7.676842844401082e-15,8.966425775846098e-15,-6.62616968119879e-17,0.0,0,0.0,0.0,0.004379969091767465,0.0,0,0.0,0.0,0.004379969091767465,0.0,0.0
MAR07281,566,-7.682900252388362e-15,9.204088295278545e-15,-6.670856081664702e-17,0.0,0,0.0,0.0,0.0044262764728495866,0.0,0,0.0,0.0,0.0044262764728495866,0.0,0.0
MAR07000,584,-7.689435085623003e-15,8.865211454979514e-15,-6.674384067630089e-17,0.0,0,0.0,0.0,0.004290201536487618,0.0,0,0.0,0.0,0.004290201536487618,0.0,0.0
MAR02732,544,-7.706253935633439e-15,9.370204091241238e-15,-6.499120030990051e-17,0.0,0,0.0,0.0,0.004604785407758596,0.0,0,0.0,0.0,0.004604785407758596,0.0,0.0
MAR07465,571,-7.715175064295308e-15,9.071009812320377e-15,-6.677005360672425e-17,0.0,0,0.0,0.0,0.00438761958448344,0.0,0,0.0,0.0,0.00438761958448344,0.0,0.0
MAR03200,570,-7.72871045914495e-15,9.337621327760348e-15,-6.57380281970038e-17,0.0,0,0.0,0.0,0.004395296850147243,0.0,0,0.0,0.0,0.004395296850147243,0.0,0.0
MAR03421,555,-7.73275337656037e-15,9.087287252997433e-15,-6.505046653951898e-17,0.0,0,0.0,0.0,0.004513766730450679,0.0,0,0.0,0.0,0.004513766730450679,0.0,0.0
MAR07702,566,-7.758222803882366e-15,9.186223146536367e-15,-6.688101088859429e-17,0.0,0,0.0,0.0,0.0044262764728495866,0.0,0,0.0,0.0,0.0044262764728495866,0.0,0.0
MAR07709,553,-7.760719934884278e-15,9.363123178720854e-15,-6.734383707714201e-17,0.0,0,0.0,0.0,0.00453004698365408,0.0,0,0.0,0.0,0.00453004698365408,0.0,0.0
MAR06489,560,-7.765217040806808e-15,4.310897897976397e-15,-6.541212528994229e-17,0.0,0,0.0,0.0,0.0044735734878779895,0.0,0,0.0,0.0,0.0044735734878779895,0.0,0.0
MAR07053,559,-7.779108305638307e-15,9.223498778632728e-15,-6.729288112248655e-17,0.0,0,0.0,0.0,0.004481554769642852,0.0,0,0.0,0.0,0.004481554769642852,0.0,0.0
MAR03290,554,-7.798014139749836e-15,8.904707356825086e-15,-6.506795899129483e-17,0.0,0,0.0,0.0,0.004521892203603858,0.0,0,0.0,0.0,0.004521892203603858,0.0,0.0
MAR02261,574,-7.823397369344658e-15,7.72991435531477e-15,-6.608541290123769e-17,0.0,0,0.0,0.0,0.004364747866934595,0.0,0,0.0,0.0,0.004364747866934595,0.0,0.0
MAR02553,554,-7.823665502051645e-15,5.7264644584883464e-15,-6.56285057782894e-17,0.0,0,0.0,0.0,0.004521892203603858,0.0,0,0.0,0.0,0.004521892203603858,0.0,0.0
MAR07375,561,-7.827369174683456e-15,9.237619312942202e-15,-6.80563009434213e-17,0.0,0,0.0,0.0,0.004465620583537596,0.0,0,0.0,0.0,0.004465620583537596,0.0,0.0
MAR03379,545,-7.848563796836336e-15,9.114643369146305e-15,-6.569405844967271e-17,0.0,0,0.0,0.0,0.004596359577531593,0.0,0,0.0,0.0,0.004596359577531593,0.0,0.0
MAR07403,563,-7.850045855111586e-15,9.122110845421931e-15,-6.807602078243072e-17,0.0,0,0.0,0.0,0.004449799303901048,0.0,0,0.0,0.0,0.004449799303901048,0.0,0.0
MAR03157,579,-7.854012968678137e-15,8.915683342124114e-15,-6.647653377623105e-17,0.0,0,0.0,0.0,0.00432715366313485,0.0,0,0.0,0.0,0.00432715366313485,0.0,0.0
MAR06397,548,-7.88339385660841e-15,4.158405515943851e-15,-6.631200657349662e-17,0.0,0,0.0,0.0,0.004571266087298871,0.0,0,0.0,0.0,0.004571266087298871,0.0,0.0
MAR02491,562,-7.914586344943467e-15,5.537625014408749e-15,-6.636960171450021e-17,0.0,0,0.0,0.0,0.0044576959055467585,0.0,0,0.0,0.0,0.0044576959055467585,0.0,0.0
MAR02542,576,-7.919590908992784e-15,5.565869312490708e-15,-6.661674906301152e-17,0.0,0,0.0,0.0,0.004349632068826215,0.0,0,0.0,0.0,0.004349632068826215,0.0,0.0
MAR03947,582,-7.9356147464616e-15,6.596412627624788e-15,-6.630571218324441e-17,0.0,0,0.0,0.0,0.004304906394243486,0.0,0,0.0,0.0,0.004304906394243486,0.0,0.0
MAR02518,564,-7.936913537745802e-15,5.7025471786167545e-15,-6.636761532838557e-17,0.0,0,0.0,0.0,0.004441930629657058,0.0,0,0.0,0.0,0.004441930629657058,0.0,0.0
MAR03525,553,-7.940604171785568e-15,9.096964700130867e-15,-6.718158274014485e-17,0.0,0,0.0,0.0,0.00453004698365408,0.0,0,0.0,0.0,0.00453004698365408,0.0,0.0
MAR03151,544,-7.941359987907002e-15,9.654564026571477e-15,-6.669923845278947e-17,0.0,0,0.0,0.0,0.004604785407758596,0.0,0,0.0,0.0,0.004604785407758596,0.0,0.0
MAR07878,572,-7.950128512001122e-15,8.92332312734902e-15,-6.848094845883468e-17,0.0,0,0.0,0.0,0.004379969091767465,0.0,0,0.0,0.0,0.004379969091767465,0.0,0.0
MAR02265,558,-7.971321730928723e-15,8.100289818800366e-15,-6.81277161127218e-17,0.0,0,0.0,0.0,0.004489564580987142,0.0,0,0.0,0.0,0.004489564580987142,0.0,0.0
MAR02773,568,-7.981096222094083e-15,9.119104821345074e-15,-6.685022220042507e-17,0.0,0,0.0,0.0,0.004410732264444036,0.0,0,0.0,0.0,0.004410732264444036,0.0,0.0
MAR03428,575,-7.982793170452604e-15,8.585353355541286e-15,-6.699084548699503e-17,0.0,0,0.0,0.0,0.004357176858116289,0.0,0,0.0,0.0,0.004357176858116289,0.0,0.0
MAR07548,589,-7.986066062363095e-15,8.575932316741998e-15,-6.788712857907819e-17,0.0,0,0.0,0.0,0.00425387517710073,0.0,0,0.0,0.0,0.00425387517710073,0.0,0.0
MAR02700,569,-7.992044831045064e-15,9.054755633272205e-15,-6.697389215443172e-17,0.0,0,0.0,0.0,0.004403001029543098,0.0,0,0.0,0.0,0.004403001029543098,0.0,0.0
MAR00922,551,-7.995217716356845e-15,3.4760098491912183e-15,-6.669203452969691e-17,0.0,0,0.0,0.0,0.004546445100963565,0.0,0,0.0,0.0,0.004546445100963565,0.0,0.0
MAR01177,581,-7.99819189650784e-15,3.611080525862875e-15,-6.741672137162801e-17,0.0,0,0.0,0.0,0.004312296689115291,0.0,0,0.0,0.0,0.004312296689115291,0.0,0.0
MAR02336,563,-8.001493685113739e-15,8.028091738948618e-15,-6.817272012586691e-17,0.0,0,0.0,0.0,0.004449799303901048,0.0,0,0.0,0.0,0.004449799303901048,0.0,0.0
MAR02801,530,-8.017067094047923e-15,9.361220468415095e-15,-6.679323290627482e-17,0.0,0,0.0,0.0,0.0047260760867549505,0.0,0,0.0,0.0,0.0047260760867549505,0.0,0.0
MAR07424,576,-8.018277400070576e-15,9.05308669796973e-15,-6.939436466946496e-17,0.0,0,0.0,0.0,0.004349632068826215,0.0,0,0.0,0.0,0.004349632068826215,0.0,0.0
MAR07028,542,-8.023102477586371e-15,9.41235996140344e-15,-6.872288271328034e-17,0.0,0,0.0,0.0,0.00462173008405905,0.0,0,0.0,0.0,0.00462173008405905,0.0,0.0
MAR10495,572,-8.024660966801132e-15,1.0788321153914771e-14,-6.670094753541595e-17,0.0,0,0.0,0.0,0.004379969091767465,0.0,0,0.0,0.0,0.004379969091767465,0.0,0.0
MAR03452,561,-8.030019509303093e-15,9.033885421826189e-15,-6.748538580940588e-17,0.0,0,0.0,0.0,0.004465620583537596,0.0,0,0.0,0.0,0.004465620583537596,0.0,0.0
MAR07049,559,-8.033327531312761e-15,9.3646618080614e-15,-6.928062619266331e-17,0.0,0,0.0,0.0,0.004481554769642852,0.0,0,0.0,0.0,0.004481554769642852,0.0,0.0
MAR02305,564,-8.037699741399714e-15,8.061008217994194e-15,-6.869763027148815e-17,0.0,0,0.0,0.0,0.004441930629657058,0.0,0,0.0,0.0,0.004441930629657058,0.0,0.0
MAR06053,551,-8.046799766139791e-15,3.821353950528591e-15,-6.703293043062771e-17,0.0,0,0.0,0.0,0.004546445100963565,0.0,0,0.0,0.0,0.004546445100963565,0.0,0.0
MAR07155,549,-8.050229173821172e-15,9.3442340755108e-15,-6.888694928006869e-17,0.0,0,0.0,0.0,0.004562962366977274,0.0,0,0.0,0.0,0.004562962366977274,0.0,0.0
MAR07897,570,-8.07774899600956e-15,9.117247493359803e-15,-6.983432891756852e-17,0.0,0,0.0,0.0,0.004395296850147243,0.0,0,0.0,0.0,0.004395296850147243,0.0,0.0
MAR05319,547,-8.07966328414593e-15,6.635923123631742e-15,-7.014781725630674e-17,0.0,0,0.0,0.0,0.004579600085029117,0.0,0,0.0,0.0,0.004579600085029117,0.0,0.0
MAR07127,555,-8.091225387394293e-15,9.315014059481996e-15,-6.943944448283485e-17,0.0,0,0.0,0.0,0.004513766730450679,0.0,0,0.0,0.0,0.004513766730450679,0.0,0.0
MAR11401,555,-8.091225387394293e-15,1.2697755285075555e-14,-6.772886791206173e-17,0.0,0,0.0,0.0,0.004513766730450679,0.0,0,0.0,0.0,0.004513766730450679,0.0,0.0
MAR06277,555,-8.091225387394295e-15,3.458965890649204e-15,-6.69656340381378e-17,0.0,0,0.0,0.0,0.004513766730450679,0.0,0,0.0,0.0,0.004513766730450679,0.0,0.0
MAR07084,551,-8.098381815922739e-15,9.326170505810918e-15,-7.00681847968013e-17,0.0,0,0.0,0.0,0.004546445100963565,0.0,0,0.0,0.0,0.004546445100963565,0.0,0.0
MAR01042,575,-8.106365820150012e-15,3.670524394258832e-15,-6.821688812897481e-17,0.0,0,0.0,0.0,0.004357176858116289,0.0,0,0.0,0.0,0.004357176858116289,0.0,0.0
MAR12112,552,-8.109455136392447e-15,1.1145552275657248e-14,-6.66593876222884e-17,0.0,0,0.0,0.0,0.004538231229443332,0.0,0,0.0,0.0,0.004538231229443332,0.0,0.0
MAR07868,552,-8.109455136392447e-15,9.289631782090118e-15,-6.996364949952311e-17,0.0,0,0.0,0.0,0.004538231229443332,0.0,0,0.0,0.0,0.004538231229443332,0.0,0.0
MAR06980,559,-8.109593299015096e-15,9.122727885621449e-15,-7.001063090812882e-17,0.0,0,0.0,0.0,0.004481554769642852,0.0,0,0.0,0.0,0.004481554769642852,0.0,0.0
MAR02468,564,-8.113289394140153e-15,3.8407479163573814e-15,-6.842926591357141e-17,0.0,0,0.0,0.0,0.004441930629657058,0.0,0,0.0,0.0,0.004441930629657058,0.0,0.0
MAR12160,576,-8.116963891148367e-15,4.7194828485768604e-15,-6.904918506507461e-17,0.0,0,0.0,0.0,0.004349632068826215,0.0,0,0.0,0.0,0.004349632068826215,0.0,0.0
MAR11246,560,-8.120488408686859e-15,1.107432373186896e-14,-6.805621552067618e-17,0.0,0,0.0,0.0,0.0044735734878779895,0.0,0,0.0,0.0,0.0044735734878779895,0.0,0.0
MAR02475,574,-8.145245995298712e-15,5.561390358344696e-15,-6.808505166186883e-17,0.0,0,0.0,0.0,0.004364747866934595,0.0,0,0.0,0.0,0.004364747866934595,0.0,0.0
MAR07401,580,-8.158990724417702e-15,8.738722352296624e-15,-7.047513857920591e-17,0.0,0,0.0,0.0,0.004319712401627411,0.0,0,0.0,0.0,0.004319712401627411,0.0,0.0
MAR03235,548,-8.168648239577794e-15,9.016155542015007e-15,-6.826361591869929e-17,0.0,0,0.0,0.0,0.004571266087298871,0.0,0,0.0,0.0,0.004571266087298871,0.0,0.0
MAR11299,573,-8.184261877865029e-15,1.06682299428136e-14,-6.76149969358503e-17,0.0,0,0.0,0.0,0.0043723452321952965,0.0,0,0.0,0.0,0.0043723452321952965,0.0,0.0
MAR07766,574,-8.19476116852241e-15,9.050275681071845e-15,-7.057725423184417e-17,0.0,0,0.0,0.0,0.004364747866934595,0.0,0,0.0,0.0,0.004364747866934595,0.0,0.0
MAR11667,563,-8.228665430116968e-15,1.0823364889273924e-14,-6.75601554440985e-17,0.0,0,0.0,0.0,0.004449799303901048,0.0,0,0.0,0.0,0.004449799303901048,0.0,0.0
MAR02659,583,-8.238883179653992e-15,9.078450905621619e-15,-6.979066537785435e-17,0.0,0,0.0,0.0,0.004297541386555887,0.0,0,0.0,0.0,0.004297541386555887,0.0,0.0
MAR07113,544,-8.254834724271753e-15,9.465062980350242e-15,-7.082848986897766e-17,0.0,0,0.0,0.0,0.004604785407758596,0.0,0,0.0,0.0,0.004604785407758596,0.0,0.0
MAR02744,561,-8.258001135750183e-15,9.02650647924595e-15,-6.923263471310709e-17,0.0,0,0.0,0.0,0.004465620583537596,0.0,0,0.0,0.0,0.004465620583537596,0.0,0.0
MAR06614,573,-8.258664258572892e-15,3.949305870003967e-15,-6.909721422337732e-17,0.0,0,0.0,0.0,0.0043723452321952965,0.0,0,0.0,0.0,0.0043723452321952965,0.0,0.0
MAR06605,554,-8.259738661182394e-15,4.1177715607913446e-15,-6.922344935552194e-17,0.0,0,0.0,0.0,0.004521892203603858,0.0,0,0.0,0.0,0.004521892203603858,0.0,0.0
MAR02561,544,-8.280957618968817e-15,5.482650489945366e-15,-6.912046468263511e-17,0.0,0,0.0,0.0,0.004604785407758596,0.0,0,0.0,0.0,0.004604785407758596,0.0,0.0
MAR07462,561,-8.283332427577639e-15,9.150067079273893e-15,-7.05979006545951e-17,0.0,0,0.0,0.0,0.004465620583537596,0.0,0,0.0,0.0,0.004465620583537596,0.0,0.0
MAR03254,574,-8.29379151496981e-15,8.778179462429161e-15,-6.932734788668686e-17,0.0,0,0.0,0.0,0.004364747866934595,0.0,0,0.0,0.0,0.004364747866934595,0.0,0.0
MAR04819,552,-8.315409552554796e-15,3.0919034114987393e-15,-6.889437617020939e-17,0.0,0,0.0,0.0,0.004538231229443332,0.0,0,0.0,0.0,0.004538231229443332,0.0,0.0
MAR07050,557,-8.317304555037439e-15,9.286914222583571e-15,-7.165130907491235e-17,0.0,0,0.0,0.0,0.004497603075155535,0.0,0,0.0,0.0,0.004497603075155535,0.0,0.0
MAR07010,565,-8.325297187136041e-15,9.22528979746036e-15,-7.161144265380668e-17,0.0,0,0.0,0.0,0.004434089734923025,0.0,0,0.0,0.0,0.004434089734923025,0.0,0.0
MAR07122,554,-8.336692748087818e-15,9.274743741212167e-15,-7.178081228080767e-17,0.0,0,0.0,0.0,0.004521892203603858,0.0,0,0.0,0.0,0.004521892203603858,0.0,0.0
MAR03294,564,-8.34005835236146e-15,9.04578168114124e-15,-6.962494126587893e-17,0.0,0,0.0,0.0,0.004441930629657058,0.0,0,0.0,0.0,0.004441930629657058,0.0,0.0
MAR02459,540,-8.368614443396737e-15,5.931695961020665e-15,-7.005423178433826e-17,0.0,0,0.0,0.0,0.00463879992662872,0.0,0,0.0,0.0,0.00463879992662872,0.0,0.0
MAR07404,550,-8.37148532313718e-15,9.148559700772236e-15,-7.242747131642892e-17,0.0,0,0.0,0.0,0.0045546887593671224,0.0,0,0.0,0.0,0.0045546887593671224,0.0,0.0
MAR03218,572,-8.37247908920118e-15,8.807880265965906e-15,-7.040053738082302e-17,0.0,0,0.0,0.0,0.004379969091767465,0.0,0,0.0,0.0,0.004379969091767465,0.0,0.0
MAR06979,577,-8.373813870309673e-15,8.986951208274518e-15,-7.268815272076497e-17,0.0,0,0.0,0.0,0.004342113363096878,0.0,0,0.0,0.0,0.004342113363096878,0.0,0.0
MAR02254,559,-8.389234447256997e-15,7.990734741848708e-15,-7.114474916771565e-17,0.0,0,0.0,0.0,0.004481554769642852,0.0,0,0.0,0.0,0.004481554769642852,0.0,0.0
MAR07855,567,-8.396184002808944e-15,9.116350577996622e-15,-7.200134394537471e-17,0.0,0,0.0,0.0,0.00441849069762059,0.0,0,0.0,0.0,0.00441849069762059,0.0,0.0
MAR03457,585,-8.405052532410074e-15,8.607069672858653e-15,-7.047730226538969e-17,0.0,0,0.0,0.0,0.004282886715357432,0.0,0,0.0,0.0,0.004282886715357432,0.0,0.0
MAR07590,577,-8.423071598958553e-15,8.935745265803071e-15,-7.222416790496623e-17,0.0,0,0.0,0.0,0.004342113363096878,0.0,0,0.0,0.0,0.004342113363096878,0.0,0.0
MAR02515,545,-8.448287940780643e-15,5.621114563791312e-15,-7.005532698344289e-17,0.0,0,0.0,0.0,0.004596359577531593,0.0,0,0.0,0.0,0.004596359577531593,0.0,0.0
MAR11239,548,-8.453902622547177e-15,1.1310645201621882e-14,-7.031052530043223e-17,0.0,0,0.0,0.0,0.004571266087298871,0.0,0,0.0,0.0,0.004571266087298871,0.0,0.0
MAR07325,548,-8.453902622547177e-15,9.364439964787205e-15,-7.31179727299609e-17,0.0,0,0.0,0.0,0.004571266087298871,0.0,0,0.0,0.0,0.004571266087298871,0.0,0.0
MAR08440,568,-8.456459319961756e-15,8.37337212431336e-15,-7.067558132670148e-17,0.0,0,0.0,0.0,0.004410732264444036,0.0,0,0.0,0.0,0.004410732264444036,0.0,0.0
MAR09693,568,-8.456459319961756e-15,3.704642405545509e-15,-7.156933519677983e-17,0.0,0,0.0,0.0,0.004410732264444036,0.0,0,0.0,0.0,0.004410732264444036,0.0,0.0
MAR07431,556,-8.460059191963782e-15,9.173743157987685e-15,-7.216391832724817e-17,0.0,0,0.0,0.0,0.0045056704064922026,0.0,0,0.0,0.0,0.0045056704064922026,0.0,0.0
MAR10445,561,-8.46065147036982e-15,1.0971916926936156e-14,-6.96388091276483e-17,0.0,0,0.0,0.0,0.004465620583537596,0.0,0,0.0,0.0,0.004465620583537596,0.0,0.0
MAR07600,563,-8.481078480120556e-15,9.21948599973836e-15,-7.316055483449782e-17,0.0,0,0.0,0.0,0.004449799303901048,0.0,0,0.0,0.0,0.004449799303901048,0.0,0.0
MAR02522,566,-8.511448318822404e-15,5.696968240439431e-15,-7.136287024619929e-17,0.0,0,0.0,0.0,0.0044262764728495866,0.0,0,0.0,0.0,0.0044262764728495866,0.0,0.0
MAR07384,574,-8.516609794476462e-15,8.935148522476885e-15,-7.354669593063544e-17,0.0,0,0.0,0.0,0.004364747866934595,0.0,0,0.0,0.0,0.004364747866934595,0.0,0.0
MAR03455,562,-8.521455585450312e-15,9.030255282895667e-15,-7.136272051028713e-17,0.0,0,0.0,0.0,0.0044576959055467585,0.0,0,0.0,0.0,0.0044576959055467585,0.0,0.0
MAR00950,565,-8.526512829121202e-15,3.655695390139902e-15,-7.194156513490893e-17,0.0,0,0.0,0.0,0.004434089734923025,0.0,0,0.0,0.0,0.004434089734923025,0.0,0.0
MAR03183,548,-8.531699272447919e-15,9.336823867234468e-15,-7.202077544640709e-17,0.0,0,0.0,0.0,0.004571266087298871,0.0,0,0.0,0.0,0.004571266087298871,0.0,0.0
MAR07009,554,-8.541903646502287e-15,9.308318122659959e-15,-7.385017790795524e-17,0.0,0,0.0,0.0,0.004521892203603858,0.0,0,0.0,0.0,0.004521892203603858,0.0,0.0
MAR02252,552,-8.547108270737437e-15,7.931680305486803e-15,-7.268405020368125e-17,0.0,0,0.0,0.0,0.004538231229443332,0.0,0,0.0,0.0,0.004538231229443332,0.0,0.0
MAR07031,537,-8.547683562402695e-15,9.54397640686084e-15,-7.301113557363926e-17,0.0,0,0.0,0.0,0.004664642427888463,0.0,0,0.0,0.0,0.004664642427888463,0.0,0.0
MAR07036,570,-8.55144415318296e-15,9.074557588000931e-15,-7.40447777849278e-17,0.0,0,0.0,0.0,0.004395296850147243,0.0,0,0.0,0.0,0.004395296850147243,0.0,0.0
MAR02776,565,-8.551664784369348e-15,9.25362850902596e-15,-7.144279888663345e-17,0.0,0,0.0,0.0,0.004434089734923025,0.0,0,0.0,0.0,0.004434089734923025,0.0,0.0
MAR07109,545,-8.55258779190139e-15,9.54088045215334e-15,-7.374651621247685e-17,0.0,0,0.0,0.0,0.004596359577531593,0.0,0,0.0,0.0,0.004596359577531593,0.0,0.0
MAR07457,561,-8.561976637679639e-15,9.140646942910276e-15,-7.334274707440177e-17,0.0,0,0.0,0.0,0.004465620583537596,0.0,0,0.0,0.0,0.004465620583537596,0.0,0.0
MAR11382,584,-8.565446677656002e-15,1.0505405424813802e-14,-7.053884220031779e-17,0.0,0,0.0,0.0,0.004290201536487618,0.0,0,0.0,0.0,0.004290201536487618,0.0,0.0
MAR03380,540,-8.579145624362692e-15,9.328481127655348e-15,-7.203657063384673e-17,0.0,0,0.0,0.0,0.00463879992662872,0.0,0,0.0,0.0,0.00463879992662872,0.0,0.0
MAR03226,556,-8.587854648035744e-15,9.04937701919674e-15,-7.25232759982791e-17,0.0,0,0.0,0.0,0.0045056704064922026,0.0,0,0.0,0.0,0.0045056704064922026,0.0,0.0
MAR07570,541,-8.589555437839289e-15,9.575559354963218e-15,-7.386330708278913e-17,0.0,0,0.0,0.0,0.004630249273041442,0.0,0,0.0,0.0,0.004630249273041442,0.0,0.0
MAR02689,535,-8.606199864907382e-15,4.042110646033124e-15,-7.21112003847868e-17,0.0,0,0.0,0.0,0.004682031321548599,0.0,0,0.0,0.0,0.004682031321548599,0.0,0.0
MAR07459,564,-8.617220412409726e-15,9.102199526520288e-15,-7.425379725915922e-17,0.0,0,0.0,0.0,0.004441930629657058,0.0,0,0.0,0.0,0.004441930629657058,0.0,0.0
MAR07922,559,-8.618031750364005e-15,9.186041828238249e-15,-7.4353113034468e-17,0.0,0,0.0,0.0,0.004481554769642852,0.0,0,0.0,0.0,0.004481554769642852,0.0,0.0
MAR07751,569,-8.641398473567476e-15,9.075970504301268e-15,-7.445686718184309e-17,0.0,0,0.0,0.0,0.004403001029543098,0.0,0,0.0,0.0,0.004403001029543098,0.0,0.0
MAR02256,582,-8.643715754607404e-15,7.557740386111873e-15,-7.317099872200314e-17,0.0,0,0.0,0.0,0.004304906394243486,0.0,0,0.0,0.0,0.004304906394243486,0.0,0.0
MAR07120,565,-8.652272605361928e-15,9.174709876931746e-15,-7.431168158280323e-17,0.0,0,0.0,0.0,0.004434089734923025,0.0,0,0.0,0.0,0.004434089734923025,0.0,0.0
MAR07460,563,-8.657767615123069e-15,9.207312938938787e-15,-7.481341532586395e-17,0.0,0,0.0,0.0,0.004449799303901048,0.0,0,0.0,0.0,0.004449799303901048,0.0,0.0
MAR03935,542,-8.67858470614735e-15,6.960264666802456e-15,-7.2269394890114e-17,0.0,0,0.0,0.0,0.00462173008405905,0.0,0,0.0,0.0,0.00462173008405905,0.0,0.0
MAR03182,576,-8.68441121484567e-15,9.03917667617139e-15,-7.262119927130888e-17,0.0,0,0.0,0.0,0.004349632068826215,0.0,0,0.0,0.0,0.004349632068826215,0.0,0.0
MAR02888,565,-8.702576515858218e-15,9.07153821694554e-15,-7.226751333358412e-17,0.0,0,0.0,0.0,0.004434089734923025,0.0,0,0.0,0.0,0.004434089734923025,0.0,0.0
MAR02288,561,-8.713964388644366e-15,8.063618630353455e-15,-7.35629966883612e-17,0.0,0,0.0,0.0,0.004465620583537596,0.0,0,0.0,0.0,0.004465620583537596,0.0,0.0
MAR03427,572,-8.72029721160123e-15,8.710080904453017e-15,-7.287092697252052e-17,0.0,0,0.0,0.0,0.004379969091767465,0.0,0,0.0,0.0,0.004379969091767465,0.0,0.0
MAR02236,541,-8.720894206001969e-15,8.121578204308306e-15,-7.363118710975068e-17,0.0,0,0.0,0.0,0.004630249273041442,0.0,0,0.0,0.0,0.004630249273041442,0.0,0.0
MAR07041,544,-8.725046828818878e-15,9.523909823275674e-15,-7.554629750383456e-17,0.0,0,0.0,0.0,0.004604785407758596,0.0,0,0.0,0.0,0.004604785407758596,0.0,0.0
MAR07377,562,-8.74903155064038e-15,8.819833747717203e-15,-7.48752870688598e-17,0.0,0,0.0,0.0,0.0044576959055467585,0.0,0,0.0,0.0,0.0044576959055467585,0.0,0.0
MAR07178,591,-8.752539959955211e-15,8.657866797493939e-15,-7.532792321614888e-17,0.0,0,0.0,0.0,0.00423951629958479,0.0,0,0.0,0.0,0.00423951629958479,0.0,0.0
MAR03545,534,-8.755376781463406e-15,9.292101605246458e-15,-7.363288187835218e-17,0.0,0,0.0,0.0,0.004690774475909901,0.0,0,0.0,0.0,0.004690774475909901,0.0,0.0
MAR01277,581,-8.756430272017757e-15,3.2498482576341624e-15,-7.304728702837833e-17,0.0,0,0.0,0.0,0.004312296689115291,0.0,0,0.0,0.0,0.004312296689115291,0.0,0.0
MAR03530,568,-8.756688644930812e-15,8.66497821632543e-15,-7.383274718956471e-17,0.0,0,0.0,0.0,0.004410732264444036,0.0,0,0.0,0.0,0.004410732264444036,0.0,0.0
MAR02240,567,-8.77213254024815e-15,7.850555618441252e-15,-7.440859820436709e-17,0.0,0,0.0,0.0,0.00441849069762059,0.0,0,0.0,0.0,0.00441849069762059,0.0,0.0
MAR07546,558,-8.786281141119519e-15,9.341700682424677e-15,-7.561779841610732e-17,0.0,0,0.0,0.0,0.004489564580987142,0.0,0,0.0,0.0,0.004489564580987142,0.0,0.0
MAR03105,564,-8.793596268804076e-15,9.200552606109323e-15,-7.422719584399729e-17,0.0,0,0.0,0.0,0.004441930629657058,0.0,0,0.0,0.0,0.004441930629657058,0.0,0.0
MAR07977,546,-8.797195776077431e-15,9.299932717919068e-15,-7.551148243998676e-17,0.0,0,0.0,0.0,0.004587964526068459,0.0,0,0.0,0.0,0.004587964526068459,0.0,0.0
MAR02284,576,-8.807769328692908e-15,7.748499289443325e-15,-7.44874602378888e-17,0.0,0,0.0,0.0,0.004349632068826215,0.0,0,0.0,0.0,0.004349632068826215,0.0,0.0
MAR11301,550,-8.810729923425242e-15,1.1271718689414744e-14,-7.353149420782919e-17,0.0,0,0.0,0.0,0.0045546887593671224,0.0,0,0.0,0.0,0.0045546887593671224,0.0,0.0
MAR07121,564,-8.818792819717555e-15,9.193836697639713e-15,-7.584937729867424e-17,0.0,0,0.0,0.0,0.004441930629657058,0.0,0,0.0,0.0,0.004441930629657058,0.0,0.0
MAR03519,562,-8.824890205703736e-15,8.968380566861238e-15,-7.424057027760353e-17,0.0,0,0.0,0.0,0.0044576959055467585,0.0,0,0.0,0.0,0.0044576959055467585,0.0,0.0
MAR11300,578,-8.82646512587806e-15,1.0539848305225418e-14,-7.264666504233377e-17,0.0,0,0.0,0.0,0.004334620605899285,0.0,0,0.0,0.0,0.004334620605899285,0.0,0.0
MAR02332,578,-8.82646512587806e-15,7.855785319172552e-15,-7.491793147553166e-17,0.0,0,0.0,0.0,0.004334620605899285,0.0,0,0.0,0.0,0.004334620605899285,0.0,0.0
MAR07060,560,-8.856407670724106e-15,9.232937490233505e-15,-7.643989770727566e-17,0.0,0,0.0,0.0,0.0044735734878779895,0.0,0,0.0,0.0,0.0044735734878779895,0.0,0.0
MAR10406,560,-8.856407670724106e-15,1.1233561615091129e-14,-7.393429273700431e-17,0.0,0,0.0,0.0,0.0044735734878779895,0.0,0,0.0,0.0,0.0044735734878779895,0.0,0.0
MAR07087,540,-8.86862599819088e-15,9.397601314409411e-15,-7.54944631173248e-17,0.0,0,0.0,0.0,0.00463879992662872,0.0,0,0.0,0.0,0.00463879992662872,0.0,0.0
MAR02737,543,-8.87197007081672e-15,9.669637354141165e-15,-7.524694927535501e-17,0.0,0,0.0,0.0,0.004613242186326175,0.0,0,0.0,0.0,0.004613242186326175,0.0,0.0
MAR07079,585,-8.890893719254587e-15,8.765886675798845e-15,-7.597875833733258e-17,0.0,0,0.0,0.0,0.004282886715357432,0.0,0,0.0,0.0,0.004282886715357432,0.0,0.0
MAR03114,561,-8.891283431436547e-15,9.42058193125935e-15,-7.462091654680634e-17,0.0,0,0.0,0.0,0.004465620583537596,0.0,0,0.0,0.0,0.004465620583537596,0.0,0.0
MAR07392,568,-8.906803307415341e-15,9.125739096871736e-15,-7.63383294456614e-17,0.0,0,0.0,0.0,0.004410732264444036,0.0,0,0.0,0.0,0.004410732264444036,0.0,0.0
MAR07434,563,-8.910180665126656e-15,9.068795533611967e-15,-7.710892618300819e-17,0.0,0,0.0,0.0,0.004449799303901048,0.0,0,0.0,0.0,0.004449799303901048,0.0,0.0
MAR02753,557,-8.929621454794796e-15,9.378616114632057e-15,-7.477415671533774e-17,0.0,0,0.0,0.0,0.004497603075155535,0.0,0,0.0,0.0,0.004497603075155535,0.0,0.0
MAR07458,561,-8.941946015091457e-15,9.20073677616326e-15,-7.680838602659981e-17,0.0,0,0.0,0.0,0.004465620583537596,0.0,0,0.0,0.0,0.004465620583537596,0.0,0.0
MAR11237,561,-8.941946015091457e-15,1.0933937069746924e-14,-7.414307924100221e-17,0.0,0,0.0,0.0,0.004465620583537596,0.0,0,0.0,0.0,0.004465620583537596,0.0,0.0
MAR06223,572,-8.943894576001263e-15,4.1182479907175784e-15,-7.433052110594192e-17,0.0,0,0.0,0.0,0.004379969091767465,0.0,0,0.0,0.0,0.004379969091767465,0.0,0.0
MAR07436,586,-8.948473361620375e-15,8.84524565009016e-15,-7.707194446806771e-17,0.0,0,0.0,0.0,0.004275596795360198,0.0,0,0.0,0.0,0.004275596795360198,0.0,0.0
MAR03106,580,-8.967539354765403e-15,9.055027635172818e-15,-7.509840150472427e-17,0.0,0,0.0,0.0,0.004319712401627411,0.0,0,0.0,0.0,0.004319712401627411,0.0,0.0
MAR07272,567,-8.972638426882393e-15,9.059810751212379e-15,-7.678455674328412e-17,0.0,0,0.0,0.0,0.00441849069762059,0.0,0,0.0,0.0,0.00441849069762059,0.0,0.0
MAR07952,573,-8.977887272082243e-15,8.873719911083218e-15,-7.723309637355964e-17,0.0,0,0.0,0.0,0.0043723452321952965,0.0,0,0.0,0.0,0.0043723452321952965,0.0,0.0
MAR02249,563,-8.985904580127733e-15,8.037244473024572e-15,-7.636111236097923e-17,0.0,0,0.0,0.0,0.004449799303901048,0.0,0,0.0,0.0,0.004449799303901048,0.0,0.0
MAR03199,566,-8.988491144951091e-15,9.119202095688501e-15,-7.52257983472771e-17,0.0,0,0.0,0.0,0.0044262764728495866,0.0,0,0.0,0.0,0.0044262764728495866,0.0,0.0
MAR02230,553,-8.99421184506456e-15,8.173800148807121e-15,-7.67606319713291e-17,0.0,0,0.0,0.0,0.00453004698365408,0.0,0,0.0,0.0,0.00453004698365408,0.0,0.0
MAR03501,564,-8.995168676111907e-15,8.925538618144335e-15,-7.503582202865316e-17,0.0,0,0.0,0.0,0.004441930629657058,0.0,0,0.0,0.0,0.004441930629657058,0.0,0.0
MAR11317,567,-8.997701662711675e-15,1.081169692656187e-14,-7.452800794816305e-17,0.0,0,0.0,0.0,0.00441849069762059,0.0,0,0.0,0.0,0.00441849069762059,0.0,0.0
MAR07410,568,-9.006879749071693e-15,9.149173156967344e-15,-7.756158752797857e-17,0.0,0,0.0,0.0,0.004410732264444036,0.0,0,0.0,0.0,0.004410732264444036,0.0,0.0
MAR03136,575,-9.020803427910837e-15,8.847255314695696e-15,-7.59742883457118e-17,0.0,0,0.0,0.0,0.004357176858116289,0.0,0,0.0,0.0,0.004357176858116289,0.0,0.0
MAR07545,578,-9.023155156538296e-15,9.080751854278925e-15,-7.79331816805669e-17,0.0,0,0.0,0.0,0.004334620605899285,0.0,0,0.0,0.0,0.004334620605899285,0.0,0.0
MAR06474,548,-9.024411388485944e-15,3.967181221801633e-15,-7.46519922051435e-17,0.0,0,0.0,0.0,0.004571266087298871,0.0,0,0.0,0.0,0.004571266087298871,0.0,0.0
MAR11348,578,-9.047741410370826e-15,1.0611182450971929e-14,-7.52744220002554e-17,0.0,0,0.0,0.0,0.004334620605899285,0.0,0,0.0,0.0,0.004334620605899285,0.0,0.0
MAR07503,560,-9.059419880941277e-15,9.220418993285864e-15,-7.836796963184818e-17,0.0,0,0.0,0.0,0.0044735734878779895,0.0,0,0.0,0.0,0.0044735734878779895,0.0,0.0
MAR07013,559,-9.075626356578023e-15,9.328074199307212e-15,-7.782986391388208e-17,0.0,0,0.0,0.0,0.004481554769642852,0.0,0,0.0,0.0,0.004481554769642852,0.0,0.0
MAR07059,554,-9.080582254840269e-15,9.23148233323462e-15,-7.70446640108071e-17,0.0,0,0.0,0.0,0.004521892203603858,0.0,0,0.0,0.0,0.004521892203603858,0.0,0.0
MAR07276,544,-9.090767354577752e-15,9.410332788013339e-15,-7.834342640342423e-17,0.0,0,0.0,0.0,0.004604785407758596,0.0,0,0.0,0.0,0.004604785407758596,0.0,0.0
MAR03198,561,-9.093933766056184e-15,9.33406693504598e-15,-7.600449344796105e-17,0.0,0,0.0,0.0,0.004465620583537596,0.0,0,0.0,0.0,0.004465620583537596,0.0,0.0
MAR03547,584,-9.100787095009502e-15,8.677541172224711e-15,-7.691152602240214e-17,0.0,0,0.0,0.0,0.004290201536487618,0.0,0,0.0,0.0,0.004290201536487618,0.0,0.0
MAR07038,576,-9.128500424695732e-15,9.010646206557201e-15,-7.877234711714713e-17,0.0,0,0.0,0.0,0.004349632068826215,0.0,0,0.0,0.0,0.004349632068826215,0.0,0.0
MAR02771,563,-9.137352410129886e-15,9.366661230060203e-15,-7.677023841033877e-17,0.0,0,0.0,0.0,0.004449799303901048,0.0,0,0.0,0.0,0.004449799303901048,0.0,0.0
MAR09713,567,-9.148081077687357e-15,3.7557774933365e-15,-7.619932594190217e-17,0.0,0,0.0,0.0,0.00441849069762059,0.0,0,0.0,0.0,0.00441849069762059,0.0,0.0
MAR10503,562,-9.153611044311611e-15,1.085673852534856e-14,-7.546257644983086e-17,0.0,0,0.0,0.0,0.0044576959055467585,0.0,0,0.0,0.0,0.0044576959055467585,0.0,0.0
MAR07398,579,-9.154833866615454e-15,8.895815367898417e-15,-7.861462060961691e-17,0.0,0,0.0,0.0,0.00432715366313485,0.0,0,0.0,0.0,0.00432715366313485,0.0,0.0
MAR07090,575,-9.169090607547728e-15,8.932475455358654e-15,-7.803113307920096e-17,0.0,0,0.0,0.0,0.004357176858116289,0.0,0,0.0,0.0,0.004357176858116289,0.0,0.0
MAR10968,550,-9.172460770721294e-15,1.1177045270311025e-14,-7.576704821003119e-17,0.0,0,0.0,0.0,0.0045546887593671224,0.0,0,0.0,0.0,0.0045546887593671224,0.0,0.0
MAR02554,580,-9.188052617587504e-15,5.54127413316935e-15,-7.707374210060884e-17,0.0,0,0.0,0.0,0.004319712401627411,0.0,0,0.0,0.0,0.004319712401627411,0.0,0.0
MAR02695,558,-9.193760846214917e-15,9.016138190466706e-15,-7.68976457585325e-17,0.0,0,0.0,0.0,0.004489564580987142,0.0,0,0.0,0.0,0.004489564580987142,0.0,0.0
MAR03196,556,-9.201272837181153e-15,9.062961282383701e-15,-7.654971248591973e-17,0.0,0,0.0,0.0,0.0045056704064922026,0.0,0,0.0,0.0,0.0045056704064922026,0.0,0.0
MAR03554,568,-9.207032632384397e-15,8.818030760233577e-15,-7.761534261633937e-17,0.0,0,0.0,0.0,0.004410732264444036,0.0,0,0.0,0.0,0.004410732264444036,0.0,0.0
MAR07895,558,-9.219228327783379e-15,9.161395549543221e-15,-7.900824158643531e-17,0.0,0,0.0,0.0,0.004489564580987142,0.0,0,0.0,0.0,0.004489564580987142,0.0,0.0
MAR07408,564,-9.221937634333215e-15,9.186905680989396e-15,-7.888754587291578e-17,0.0,0,0.0,0.0,0.004441930629657058,0.0,0,0.0,0.0,0.004441930629657058,0.0,0.0
MAR03112,557,-9.235779904673475e-15,9.487310238963548e-15,-7.78998577276411e-17,0.0,0,0.0,0.0,0.004497603075155535,0.0,0,0.0,0.0,0.004497603075155535,0.0,0.0
MAR03195,553,-9.251189326352118e-15,9.553466305654964e-15,-7.768684480462151e-17,0.0,0,0.0,0.0,0.00453004698365408,0.0,0,0.0,0.0,0.00453004698365408,0.0,0.0
MAR10494,563,-9.263558935131679e-15,1.1029234063142873e-14,-7.765934730968745e-17,0.0,0,0.0,0.0,0.004449799303901048,0.0,0,0.0,0.0,0.004449799303901048,0.0,0.0
MAR03437,561,-9.271252808848367e-15,9.07503914958472e-15,-7.790539116314902e-17,0.0,0,0.0,0.0,0.004465620583537596,0.0,0,0.0,0.0,0.004465620583537596,0.0,0.0
MAR06347,541,-9.272517032285227e-15,4.009058698244195e-15,-7.701786302086985e-17,0.0,0,0.0,0.0,0.004630249273041442,0.0,0,0.0,0.0,0.004630249273041442,0.0,0.0
MAR12152,553,-9.276887074480875e-15,4.766745807706574e-15,-7.860064763671033e-17,0.0,0,0.0,0.0,0.00453004698365408,0.0,0,0.0,0.0,0.00453004698365408,0.0,0.0
MAR02735,559,-9.279001737117587e-15,9.304712693448096e-15,-7.752330178636319e-17,0.0,0,0.0,0.0,0.004481554769642852,0.0,0,0.0,0.0,0.004481554769642852,0.0,0.0
MAR11376,565,-9.281071486565556e-15,1.097429568078614e-14,-7.687977227108423e-17,0.0,0,0.0,0.0,0.004434089734923025,0.0,0,0.0,0.0,0.004434089734923025,0.0,0.0
MAR07062,561,-9.29658410067582e-15,9.04302574733667e-15,-7.942297354069738e-17,0.0,0,0.0,0.0,0.004465620583537596,0.0,0,0.0,0.0,0.004465620583537596,0.0,0.0
MAR07253,535,-9.323383186982997e-15,9.57356171191893e-15,-7.992576297902357e-17,0.0,0,0.0,0.0,0.004682031321548599,0.0,0,0.0,0.0,0.004682031321548599,0.0,0.0
MAR07110,573,-9.325098382052274e-15,8.883711963541952e-15,-7.985049412296138e-17,0.0,0,0.0,0.0,0.0043723452321952965,0.0,0,0.0,0.0,0.0043723452321952965,0.0,0.0
MAR07108,563,-9.339282850132755e-15,9.139363860345916e-15,-8.011776816963773e-17,0.0,0,0.0,0.0,0.004449799303901048,0.0,0,0.0,0.0,0.004449799303901048,0.0,0.0
MAR03109,563,-9.339282850132755e-15,9.149414726141592e-15,-7.864806247935898e-17,0.0,0,0.0,0.0,0.004449799303901048,0.0,0,0.0,0.0,0.004449799303901048,0.0,0.0
MAR03192,581,-9.343453530477049e-15,9.080367548497593e-15,-7.840028134936853e-17,0.0,0,0.0,0.0,0.004312296689115291,0.0,0,0.0,0.0,0.004312296689115291,0.0,0.0
MAR03281,570,-9.349246523159214e-15,8.699707220743433e-15,-7.806453803749134e-17,0.0,0,0.0,0.0,0.004395296850147243,0.0,0,0.0,0.0,0.004395296850147243,0.0,0.0
MAR02469,544,-9.35199630154838e-15,5.679750750052591e-15,-7.844092758910806e-17,0.0,0,0.0,0.0,0.004604785407758596,0.0,0,0.0,0.0,0.004604785407758596,0.0,0.0
MAR10795,559,-9.355267504819923e-15,1.1103036683918452e-14,-7.765916685629765e-17,0.0,0,0.0,0.0,0.004481554769642852,0.0,0,0.0,0.0,0.004481554769642852,0.0,0.0
MAR03201,546,-9.369794317715607e-15,9.30459737530154e-15,-7.887025991263807e-17,0.0,0,0.0,0.0,0.004587964526068459,0.0,0,0.0,0.0,0.004587964526068459,0.0,0.0
MAR03176,555,-9.371482568944025e-15,9.435741098694248e-15,-7.896592752122377e-17,0.0,0,0.0,0.0,0.004513766730450679,0.0,0,0.0,0.0,0.004513766730450679,0.0,0.0
MAR07190,558,-9.372033217194153e-15,9.261564461193997e-15,-8.050950911569244e-17,0.0,0,0.0,0.0,0.004489564580987142,0.0,0,0.0,0.0,0.004489564580987142,0.0,0.0
MAR06251,582,-9.376234038896167e-15,4.245699443688403e-15,-7.801420384349359e-17,0.0,0,0.0,0.0,0.004304906394243486,0.0,0,0.0,0.0,0.004304906394243486,0.0,0.0
MAR02458,556,-9.380186475681901e-15,5.763913482905213e-15,-7.793753818487095e-17,0.0,0,0.0,0.0,0.0045056704064922026,0.0,0,0.0,0.0,0.0045056704064922026,0.0,0.0
MAR03129,548,-9.387462421356069e-15,9.635582896731909e-15,-7.842174168656446e-17,0.0,0,0.0,0.0,0.004571266087298871,0.0,0,0.0,0.0,0.004571266087298871,0.0,0.0
MAR03149,548,-9.387462421356069e-15,9.601752684719204e-15,-7.877768489142202e-17,0.0,0,0.0,0.0,0.004571266087298871,0.0,0,0.0,0.0,0.004571266087298871,0.0,0.0
MAR03035,551,-9.387933060496424e-15,9.677893806870661e-15,-7.855142319955563e-17,0.0,0,0.0,0.0,0.004546445100963565,0.0,0,0.0,0.0,0.004546445100963565,0.0,0.0
MAR07764,564,-9.398313490727567e-15,9.03774800460507e-15,-7.969410035767811e-17,0.0,0,0.0,0.0,0.004441930629657058,0.0,0,0.0,0.0,0.004441930629657058,0.0,0.0
MAR02547,535,-9.403070222769177e-15,5.9685618515750205e-15,-7.833195944976369e-17,0.0,0,0.0,0.0,0.004682031321548599,0.0,0,0.0,0.0,0.004682031321548599,0.0,0.0
MAR07042,544,-9.404242090942502e-15,9.30741983860341e-15,-8.070670564729771e-17,0.0,0,0.0,0.0,0.004604785407758596,0.0,0,0.0,0.0,0.004604785407758596,0.0,0.0
MAR07414,565,-9.406831262806282e-15,9.21172417501917e-15,-8.045558402635196e-17,0.0,0,0.0,0.0,0.004434089734923025,0.0,0,0.0,0.0,0.004434089734923025,0.0,0.0
MAR02434,574,-9.40788291250307e-15,5.236118919632873e-15,-7.864863116759037e-17,0.0,0,0.0,0.0,0.004364747866934595,0.0,0,0.0,0.0,0.004364747866934595,0.0,0.0
MAR07080,585,-9.425319024783551e-15,8.761220532788322e-15,-8.099595686115012e-17,0.0,0,0.0,0.0,0.004282886715357432,0.0,0,0.0,0.0,0.004282886715357432,0.0,0.0
MAR07081,547,-9.430603768954894e-15,9.433686377752626e-15,-8.062222775271993e-17,0.0,0,0.0,0.0,0.004579600085029117,0.0,0,0.0,0.0,0.004579600085029117,0.0,0.0
MAR02575,551,-9.439515110279373e-15,5.7488569476789e-15,-7.893672212205882e-17,0.0,0,0.0,0.0,0.004546445100963565,0.0,0,0.0,0.0,0.004546445100963565,0.0,0.0
MAR07379,558,-9.44843566189954e-15,9.183397128885512e-15,-8.0912357551596e-17,0.0,0,0.0,0.0,0.004489564580987142,0.0,0,0.0,0.0,0.004489564580987142,0.0,0.0
MAR07794,552,-9.473903143468002e-15,9.253087245103491e-15,-8.105287410530429e-17,0.0,0,0.0,0.0,0.004538231229443332,0.0,0,0.0,0.0,0.004538231229443332,0.0,0.0
MAR02232,574,-9.50691325895047e-15,7.838728747306463e-15,-8.059483624283457e-17,0.0,0,0.0,0.0,0.004364747866934595,0.0,0,0.0,0.0,0.004364747866934595,0.0,0.0
MAR03934,542,-9.517601958705401e-15,8.292612193344288e-15,-7.892455662936539e-17,0.0,0,0.0,0.0,0.00462173008405905,0.0,0,0.0,0.0,0.00462173008405905,0.0,0.0
MAR02635,579,-9.522990724522241e-15,8.662432851609188e-15,-7.951646385011515e-17,0.0,0,0.0,0.0,0.00432715366313485,0.0,0,0.0,0.0,0.00432715366313485,0.0,0.0
MAR02634,546,-9.5259575563442e-15,9.132031344083499e-15,-7.965464755458989e-17,0.0,0,0.0,0.0,0.004587964526068459,0.0,0,0.0,0.0,0.004587964526068459,0.0,0.0
MAR11592,577,-9.555999357882803e-15,1.0619104972621289e-14,-7.879067619659898e-17,0.0,0,0.0,0.0,0.004342113363096878,0.0,0,0.0,0.0,0.004342113363096878,0.0,0.0
MAR02441,557,-9.56745155870871e-15,5.5067264541825785e-15,-7.98712193461241e-17,0.0,0,0.0,0.0,0.004497603075155535,0.0,0,0.0,0.0,0.004497603075155535,0.0,0.0
MAR07571,557,-9.56745155870871e-15,9.21612363679461e-15,-8.171129141747928e-17,0.0,0,0.0,0.0,0.004497603075155535,0.0,0,0.0,0.0,0.004497603075155535,0.0,0.0
MAR07812,573,-9.573106317745154e-15,8.99785945720504e-15,-8.183055751241172e-17,0.0,0,0.0,0.0,0.0043723452321952965,0.0,0,0.0,0.0,0.0043723452321952965,0.0,0.0
MAR02268,556,-9.584659205397035e-15,7.872894064391388e-15,-8.082734112642194e-17,0.0,0,0.0,0.0,0.0045056704064922026,0.0,0,0.0,0.0,0.0045056704064922026,0.0,0.0
MAR07649,562,-9.608762974691747e-15,9.272920435221492e-15,-8.242031130128992e-17,0.0,0,0.0,0.0,0.0044576959055467585,0.0,0,0.0,0.0,0.0044576959055467585,0.0,0.0
MAR07505,569,-9.615428937351092e-15,8.935848212493506e-15,-8.227041063999711e-17,0.0,0,0.0,0.0,0.004403001029543098,0.0,0,0.0,0.0,0.004403001029543098,0.0,0.0
MAR07421,564,-9.625082448948875e-15,9.11527908988071e-15,-8.148859857983396e-17,0.0,0,0.0,0.0,0.004441930629657058,0.0,0,0.0,0.0,0.004441930629657058,0.0,0.0
MAR02664,564,-9.625082448948875e-15,9.280947974388827e-15,-8.113748482443212e-17,0.0,0,0.0,0.0,0.004441930629657058,0.0,0,0.0,0.0,0.004441930629657058,0.0,0.0
MAR07025,558,-9.626708032878776e-15,9.037318218470211e-15,-8.200967445759139e-17,0.0,0,0.0,0.0,0.004489564580987142,0.0,0,0.0,0.0,0.004489564580987142,0.0,0.0
MAR07409,555,-9.62753400525397e-15,9.325203931225314e-15,-8.230555799726674e-17,0.0,0,0.0,0.0,0.004513766730450679,0.0,0,0.0,0.0,0.004513766730450679,0.0,0.0
MAR02570,553,-9.636655548283459e-15,5.687817540515967e-15,-8.030339044188008e-17,0.0,0,0.0,0.0,0.00453004698365408,0.0,0,0.0,0.0,0.00453004698365408,0.0,0.0
MAR07708,557,-9.64399117117838e-15,9.168841632289643e-15,-8.236217513804458e-17,0.0,0,0.0,0.0,0.004497603075155535,0.0,0,0.0,0.0,0.004497603075155535,0.0,0.0
MAR11284,582,-9.644824076468714e-15,1.0673149008504094e-14,-7.997384488717112e-17,0.0,0,0.0,0.0,0.004304906394243486,0.0,0,0.0,0.0,0.004304906394243486,0.0,0.0
MAR02234,562,-9.65933541140065e-15,7.888064265405185e-15,-8.13369002716005e-17,0.0,0,0.0,0.0,0.0044576959055467585,0.0,0,0.0,0.0,0.0044576959055467585,0.0,0.0
MAR07004,563,-9.66741981513742e-15,9.317854261502007e-15,-8.305013542616506e-17,0.0,0,0.0,0.0,0.004449799303901048,0.0,0,0.0,0.0,0.004449799303901048,0.0,0.0
MAR02687,519,-9.692952927132002e-15,9.703254608088306e-15,-8.157473050562358e-17,0.0,0,0.0,0.0,0.004825953143914684,0.0,0,0.0,0.0,0.004825953143914684,0.0,0.0
MAR07008,583,-9.701406821012689e-15,8.923064076948846e-15,-8.323003195506929e-17,0.0,0,0.0,0.0,0.004297541386555887,0.0,0,0.0,0.0,0.004297541386555887,0.0,0.0
MAR11426,561,-9.701884769915094e-15,1.1035021218633229e-14,-8.040422472348316e-17,0.0,0,0.0,0.0,0.004465620583537596,0.0,0,0.0,0.0,0.004465620583537596,0.0,0.0
MAR07415,543,-9.709442171896765e-15,9.409105716339442e-15,-8.265927644964778e-17,0.0,0,0.0,0.0,0.004613242186326175,0.0,0,0.0,0.0,0.004613242186326175,0.0,0.0
MAR11287,559,-9.71117442076416e-15,1.1035575985318749e-14,-8.050907218616786e-17,0.0,0,0.0,0.0,0.004481554769642852,0.0,0,0.0,0.0,0.004481554769642852,0.0,0.0
MAR11791,572,-9.738907427201375e-15,1.0810957598402394e-14,-8.043856654683403e-17,0.0,0,0.0,0.0,0.004379969091767465,0.0,0,0.0,0.0,0.004379969091767465,0.0,0.0
MAR03246,581,-9.759261671885713e-15,8.820854581679537e-15,-8.164078206310858e-17,0.0,0,0.0,0.0,0.004312296689115291,0.0,0,0.0,0.0,0.004312296689115291,0.0,0.0
MAR02233,572,-9.763751578801377e-15,7.807851449645299e-15,-8.209282226807486e-17,0.0,0,0.0,0.0,0.004379969091767465,0.0,0,0.0,0.0,0.004379969091767465,0.0,0.0
MAR02668,569,-9.765279777933188e-15,9.14594950001169e-15,-8.22651689057763e-17,0.0,0,0.0,0.0,0.004403001029543098,0.0,0,0.0,0.0,0.004403001029543098,0.0,0.0
MAR07104,551,-9.77479843386853e-15,9.256070258200981e-15,-8.377879385055726e-17,0.0,0,0.0,0.0,0.004546445100963565,0.0,0,0.0,0.0,0.004546445100963565,0.0,0.0
MAR11671,543,-9.81412618453177e-15,1.1316602181084075e-14,-8.045136875096514e-17,0.0,0,0.0,0.0,0.004613242186326175,0.0,0,0.0,0.0,0.004613242186326175,0.0,0.0
MAR02691,540,-9.81601631253768e-15,9.241204853308976e-15,-8.17824984114753e-17,0.0,0,0.0,0.0,0.00463879992662872,0.0,0,0.0,0.0,0.00463879992662872,0.0,0.0
MAR06981,570,-9.822941680332614e-15,8.933102252888655e-15,-8.343193023143667e-17,0.0,0,0.0,0.0,0.004395296850147243,0.0,0,0.0,0.0,0.004395296850147243,0.0,0.0
MAR11661,545,-9.83026096813056e-15,1.1302254158190491e-14,-8.075215656572877e-17,0.0,0,0.0,0.0,0.004596359577531593,0.0,0,0.0,0.0,0.004596359577531593,0.0,0.0
MAR11307,561,-9.85387252087982e-15,1.1014664761090598e-14,-8.172871424181162e-17,0.0,0,0.0,0.0,0.004465620583537596,0.0,0,0.0,0.0,0.004465620583537596,0.0,0.0
MAR06970,545,-9.856335930910748e-15,9.918406958905351e-15,-8.384763882298297e-17,0.0,0,0.0,0.0,0.004596359577531593,0.0,0,0.0,0.0,0.004596359577531593,0.0,0.0
MAR03275,567,-9.874914916736489e-15,8.878739206319368e-15,-8.196222656888806e-17,0.0,0,0.0,0.0,0.00441849069762059,0.0,0,0.0,0.0,0.00441849069762059,0.0,0.0
MAR03123,554,-9.875774486196338e-15,9.384509562053866e-15,-8.254981211256566e-17,0.0,0,0.0,0.0,0.004521892203603858,0.0,0,0.0,0.0,0.004521892203603858,0.0,0.0
MAR07275,564,-9.877047958083662e-15,8.954937237400165e-15,-8.344347457500213e-17,0.0,0,0.0,0.0,0.004441930629657058,0.0,0,0.0,0.0,0.004441930629657058,0.0,0.0
MAR03381,551,-9.877962533434423e-15,9.14439790607625e-15,-8.269573172294369e-17,0.0,0,0.0,0.0,0.004546445100963565,0.0,0,0.0,0.0,0.004546445100963565,0.0,0.0
MAR03414,558,-9.906850330131862e-15,9.051107626926512e-15,-8.308010253260184e-17,0.0,0,0.0,0.0,0.004489564580987142,0.0,0,0.0,0.0,0.004489564580987142,0.0,0.0
MAR02754,532,-9.910201314548765e-15,9.482210306818144e-15,-8.333419941381138e-17,0.0,0,0.0,0.0,0.004708359112657833,0.0,0,0.0,0.0,0.004708359112657833,0.0,0.0
MAR03799,559,-9.914549801303724e-15,8.779337126292083e-15,-8.282929125346323e-17,0.0,0,0.0,0.0,0.004481554769642852,0.0,0,0.0,0.0,0.004481554769642852,0.0,0.0
MAR07124,547,-9.924216638404324e-15,9.487973147277092e-15,-8.44942687429843e-17,0.0,0,0.0,0.0,0.004579600085029117,0.0,0,0.0,0.0,0.004579600085029117,0.0,0.0
MAR07001,547,-9.924216638404324e-15,9.477705178548225e-15,-8.465710259061121e-17,0.0,0,0.0,0.0,0.004579600085029117,0.0,0,0.0,0.0,0.004579600085029117,0.0,0.0
MAR03323,577,-9.925432322749406e-15,8.606975449065127e-15,-8.242675858808357e-17,0.0,0,0.0,0.0,0.004342113363096878,0.0,0,0.0,0.0,0.004342113363096878,0.0,0.0
MAR07418,554,-9.927077210799956e-15,9.242930917793688e-15,-8.45352037970338e-17,0.0,0,0.0,0.0,0.004521892203603858,0.0,0,0.0,0.0,0.004521892203603858,0.0,0.0
MAR11673,563,-9.945074170141367e-15,1.085207593295026e-14,-8.13334782702319e-17,0.0,0,0.0,0.0,0.004449799303901048,0.0,0,0.0,0.0,0.004449799303901048,0.0,0.0
MAR12162,573,-9.945118221284474e-15,4.812509729781257e-15,-8.412909115243694e-17,0.0,0,0.0,0.0,0.0043723452321952965,0.0,0,0.0,0.0,0.0043723452321952965,0.0,0.0
MAR03280,583,-9.945160761239138e-15,8.66150217887255e-15,-8.318432016154763e-17,0.0,0,0.0,0.0,0.004297541386555887,0.0,0,0.0,0.0,0.004297541386555887,0.0,0.0
MAR02719,568,-9.957605944807037e-15,9.156273909218156e-15,-8.297234768653179e-17,0.0,0,0.0,0.0,0.004410732264444036,0.0,0,0.0,0.0,0.004410732264444036,0.0,0.0
MAR07420,572,-9.962504791601405e-15,9.010513147443975e-15,-8.469852374336884e-17,0.0,0,0.0,0.0,0.004379969091767465,0.0,0,0.0,0.0,0.004379969091767465,0.0,0.0
MAR03785,573,-9.969919014853761e-15,8.903342738701549e-15,-8.344955187690163e-17,0.0,0,0.0,0.0,0.0043723452321952965,0.0,0,0.0,0.0,0.0043723452321952965,0.0,0.0
MAR11396,547,-9.976175887820053e-15,1.1167801698862722e-14,-8.244315110405144e-17,0.0,0,0.0,0.0,0.004579600085029117,0.0,0,0.0,0.0,0.004579600085029117,0.0,0.0
MAR07257,544,-9.978945774277877e-15,9.288890848526772e-15,-8.516802699179798e-17,0.0,0,0.0,0.0,0.004604785407758596,0.0,0,0.0,0.0,0.004604785407758596,0.0,0.0
MAR11601,571,-9.979952260588447e-15,1.0720440438495871e-14,-8.214311190952818e-17,0.0,0,0.0,0.0,0.00438761958448344,0.0,0,0.0,0.0,0.00438761958448344,0.0,0.0
MAR07433,552,-9.988789183873872e-15,9.250740812208934e-15,-8.512902272584054e-17,0.0,0,0.0,0.0,0.004538231229443332,0.0,0,0.0,0.0,0.004538231229443332,0.0,0.0
MAR07065,540,-1.0000231095882892e-14,9.408371035127239e-15,-8.607970311418637e-17,0.0,0,0.0,0.0,0.00463879992662872,0.0,0,0.0,0.0,0.00463879992662872,0.0,0.0
MAR03171,574,-1.0002064991187473e-14,9.217044241689987e-15,-8.343639022956288e-17,0.0,0,0.0,0.0,0.004364747866934595,0.0,0,0.0,0.0,0.004364747866934595,0.0,0.0
MAR07083,561,-1.0005860271844548e-14,9.208767880045764e-15,-8.536242065829051e-17,0.0,0,0.0,0.0,0.004465620583537596,0.0,0,0.0,0.0,0.004465620583537596,0.0,0.0
MAR07789,551,-1.0006917657891792e-14,9.502133609006709e-15,-8.543621696397261e-17,0.0,0,0.0,0.0,0.004546445100963565,0.0,0,0.0,0.0,0.004546445100963565,0.0,0.0
MAR11798,565,-1.0010478188761765e-14,1.0897267765892797e-14,-8.197565728343044e-17,0.0,0,0.0,0.0,0.004434089734923025,0.0,0,0.0,0.0,0.004434089734923025,0.0,0.0
MAR11679,589,-1.0012741437705996e-14,1.0305015587791546e-14,-8.178073628804935e-17,0.0,0,0.0,0.0,0.00425387517710073,0.0,0,0.0,0.0,0.00425387517710073,0.0,0.0
MAR02541,552,-1.0014533485894169e-14,5.785332611368448e-15,-8.3466340911732e-17,0.0,0,0.0,0.0,0.004538231229443332,0.0,0,0.0,0.0,0.004538231229443332,0.0,0.0
MAR07920,546,-1.002047447866808e-14,9.276506247286781e-15,-8.611353446150663e-17,0.0,0,0.0,0.0,0.004587964526068459,0.0,0,0.0,0.0,0.004587964526068459,0.0,0.0
MAR07024,557,-1.0026689233526728e-14,9.218853746211494e-15,-8.537185056116782e-17,0.0,0,0.0,0.0,0.004497603075155535,0.0,0,0.0,0.0,0.004497603075155535,0.0,0.0
MAR02583,581,-1.0028313998679557e-14,5.336872596087805e-15,-8.344447868162872e-17,0.0,0,0.0,0.0,0.004312296689115291,0.0,0,0.0,0.0,0.004312296689115291,0.0,0.0
MAR02690,582,-1.0035500494756055e-14,8.825324444474537e-15,-8.307539714104846e-17,0.0,0,0.0,0.0,0.004304906394243486,0.0,0,0.0,0.0,0.004304906394243486,0.0,0.0
MAR07020,552,-1.004027778791446e-14,9.201053234183696e-15,-8.546383134463355e-17,0.0,0,0.0,0.0,0.004538231229443332,0.0,0,0.0,0.0,0.004538231229443332,0.0,0.0
MAR07413,556,-1.0044722847256093e-14,9.285043784613489e-15,-8.623563490485576e-17,0.0,0,0.0,0.0,0.0045056704064922026,0.0,0,0.0,0.0,0.0045056704064922026,0.0,0.0
MAR02275,567,-1.0050357567541453e-14,7.959274982958821e-15,-8.498307706543798e-17,0.0,0,0.0,0.0,0.00441849069762059,0.0,0,0.0,0.0,0.00441849069762059,0.0,0.0
MAR02548,564,-1.0053423814478014e-14,5.381313443268929e-15,-8.363139055907046e-17,0.0,0,0.0,0.0,0.004441930629657058,0.0,0,0.0,0.0,0.004441930629657058,0.0,0.0
MAR07381,549,-1.006925771259304e-14,9.310717891666652e-15,-8.629898153036955e-17,0.0,0,0.0,0.0,0.004562962366977274,0.0,0,0.0,0.0,0.004562962366977274,0.0,0.0
MAR03244,570,-1.0072254920950192e-14,8.922361546177135e-15,-8.362377132561345e-17,0.0,0,0.0,0.0,0.004395296850147243,0.0,0,0.0,0.0,0.004395296850147243,0.0,0.0
MAR10438,577,-1.0073205508696048e-14,1.0791823156194914e-14,-8.347008788365004e-17,0.0,0,0.0,0.0,0.004342113363096878,0.0,0,0.0,0.0,0.004342113363096878,0.0,0.0
MAR03279,553,-1.0073517266472306e-14,9.136360941216908e-15,-8.371960009807817e-17,0.0,0,0.0,0.0,0.00453004698365408,0.0,0,0.0,0.0,0.00453004698365408,0.0,0.0
MAR07067,562,-1.0089201123426333e-14,9.21584943639377e-15,-8.633457357851604e-17,0.0,0,0.0,0.0,0.0044576959055467585,0.0,0,0.0,0.0,0.0044576959055467585,0.0,0.0
MAR03220,552,-1.0091766391955047e-14,9.096734137556822e-15,-8.401985652454113e-17,0.0,0,0.0,0.0,0.004538231229443332,0.0,0,0.0,0.0,0.004538231229443332,0.0,0.0
MAR03121,550,-1.0102625806625425e-14,9.6072037333542e-15,-8.49931880512301e-17,0.0,0,0.0,0.0,0.0045546887593671224,0.0,0,0.0,0.0,0.0045546887593671224,0.0,0.0
MAR07266,561,-1.0107185439154366e-14,9.231090320369804e-15,-8.635461019937276e-17,0.0,0,0.0,0.0,0.004465620583537596,0.0,0,0.0,0.0,0.004465620583537596,0.0,0.0
MAR11656,555,-1.0114031734242867e-14,1.0982707394045188e-14,-8.301203038377823e-17,0.0,0,0.0,0.0,0.004513766730450679,0.0,0,0.0,0.0,0.004513766730450679,0.0,0.0
MAR07286,566,-1.0118329417361143e-14,9.033710513628954e-15,-8.58922762650902e-17,0.0,0,0.0,0.0,0.0044262764728495866,0.0,0,0.0,0.0,0.0044262764728495866,0.0,0.0
MAR07953,567,-1.0125547275029293e-14,9.057802496446151e-15,-8.648847062438186e-17,0.0,0,0.0,0.0,0.00441849069762059,0.0,0,0.0,0.0,0.00441849069762059,0.0,0.0
MAR02640,557,-1.0154255254309511e-14,9.100171228965117e-15,-8.475174142753905e-17,0.0,0,0.0,0.0,0.004497603075155535,0.0,0,0.0,0.0,0.004497603075155535,0.0,0.0
MAR07464,567,-1.0175673746687854e-14,8.951268881238065e-15,-8.66422407896098e-17,0.0,0,0.0,0.0,0.00441849069762059,0.0,0,0.0,0.0,0.00441849069762059,0.0,0.0
MAR11229,564,-1.0179406569045407e-14,1.0913954356725224e-14,-8.472735094977887e-17,0.0,0,0.0,0.0,0.004441930629657058,0.0,0,0.0,0.0,0.004441930629657058,0.0,0.0
MAR07394,541,-1.0191888409423987e-14,9.436240956491515e-15,-8.710928883283768e-17,0.0,0,0.0,0.0,0.004630249273041442,0.0,0,0.0,0.0,0.004630249273041442,0.0,0.0
MAR06915,562,-1.0215632215198594e-14,9.120127699562654e-15,-8.659522410238824e-17,0.0,0,0.0,0.0,0.0044576959055467585,0.0,0,0.0,0.0,0.0044576959055467585,0.0,0.0
MAR03456,548,-1.0217293353630637e-14,9.052576059902049e-15,-8.526844860783629e-17,0.0,0,0.0,0.0,0.004571266087298871,0.0,0,0.0,0.0,0.004571266087298871,0.0,0.0
MAR02717,549,-1.0224567600190877e-14,9.536711699551069e-15,-8.50580379245251e-17,0.0,0,0.0,0.0,0.004562962366977274,0.0,0,0.0,0.0,0.004562962366977274,0.0,0.0
MAR07118,561,-1.0233841898291638e-14,9.122368869442002e-15,-8.703518025281725e-17,0.0,0,0.0,0.0,0.004465620583537596,0.0,0,0.0,0.0,0.004465620583537596,0.0,0.0
MAR07044,569,-1.0239807439776488e-14,8.921083906169106e-15,-8.719412062415526e-17,0.0,0,0.0,0.0,0.004403001029543098,0.0,0,0.0,0.0,0.004403001029543098,0.0,0.0
MAR03278,544,-1.0240174721248503e-14,9.183552378329837e-15,-8.616151904312202e-17,0.0,0,0.0,0.0,0.004604785407758596,0.0,0,0.0,0.0,0.004604785407758596,0.0,0.0
MAR07045,567,-1.0250863454175696e-14,9.156535876268105e-15,-8.779690849415326e-17,0.0,0,0.0,0.0,0.00441849069762059,0.0,0,0.0,0.0,0.00441849069762059,0.0,0.0
MAR03424,551,-1.0264827906806529e-14,9.058136265455739e-15,-8.578026808106554e-17,0.0,0,0.0,0.0,0.004546445100963565,0.0,0,0.0,0.0,0.004546445100963565,0.0,0.0
MAR06994,552,-1.02719765060971e-14,9.177937066354297e-15,-8.702446181658951e-17,0.0,0,0.0,0.0,0.004538231229443332,0.0,0,0.0,0.0,0.004538231229443332,0.0,0.0
MAR07386,575,-1.0281244454824406e-14,9.039495665645572e-15,-8.817827812257054e-17,0.0,0,0.0,0.0,0.004357176858116289,0.0,0,0.0,0.0,0.004357176858116289,0.0,0.0
MAR03453,571,-1.0303491860058897e-14,8.836016652139685e-15,-8.586955916272519e-17,0.0,0,0.0,0.0,0.00438761958448344,0.0,0,0.0,0.0,0.00438761958448344,0.0,0.0
MAR07425,550,-1.0309329147937454e-14,9.445323383852195e-15,-8.785233951693231e-17,0.0,0,0.0,0.0,0.0045546887593671224,0.0,0,0.0,0.0,0.0045546887593671224,0.0,0.0
MAR10488,561,-1.0309835773774002e-14,1.1026227470175618e-14,-8.547542488989212e-17,0.0,0,0.0,0.0,0.004465620583537596,0.0,0,0.0,0.0,0.004465620583537596,0.0,0.0
MAR03115,540,-1.0316027867331826e-14,9.233471416588478e-15,-8.602254148583024e-17,0.0,0,0.0,0.0,0.00463879992662872,0.0,0,0.0,0.0,0.00463879992662872,0.0,0.0
MAR02231,555,-1.0318872883290825e-14,7.917607816796448e-15,-8.702423240850075e-17,0.0,0,0.0,0.0,0.004513766730450679,0.0,0,0.0,0.0,0.004513766730450679,0.0,0.0
MAR03552,556,-1.0325872850614406e-14,8.905088697443096e-15,-8.675601870811562e-17,0.0,0,0.0,0.0,0.0045056704064922026,0.0,0,0.0,0.0,0.0045056704064922026,0.0,0.0
MAR03431,567,-1.0326053161663537e-14,9.051495137001255e-15,-8.618801673723984e-17,0.0,0,0.0,0.0,0.00441849069762059,0.0,0,0.0,0.0,0.00441849069762059,0.0,0.0
MAR03411,568,-1.0332892601018358e-14,8.97098420593741e-15,-8.648892254584258e-17,0.0,0,0.0,0.0,0.004410732264444036,0.0,0,0.0,0.0,0.004410732264444036,0.0,0.0
MAR11231,580,-1.0339621878991803e-14,1.0570842315367292e-14,-8.548844440691848e-17,0.0,0,0.0,0.0,0.004319712401627411,0.0,0,0.0,0.0,0.004319712401627411,0.0,0.0
MAR02760,559,-1.0346722484950296e-14,9.022526609768575e-15,-8.624897754418142e-17,0.0,0,0.0,0.0,0.004481554769642852,0.0,0,0.0,0.0,0.004481554769642852,0.0,0.0
MAR02289,571,-1.0378154844552076e-14,7.780793810734755e-15,-8.739726704775274e-17,0.0,0,0.0,0.0,0.00438761958448344,0.0,0,0.0,0.0,0.00438761958448344,0.0,0.0
MAR02757,564,-1.0380978976353238e-14,9.101794900993085e-15,-8.685102682942394e-17,0.0,0,0.0,0.0,0.004441930629657058,0.0,0,0.0,0.0,0.004441930629657058,0.0,0.0
MAR07970,562,-1.0392635743679758e-14,9.19158530570809e-15,-8.87712481789499e-17,0.0,0,0.0,0.0,0.0044576959055467585,0.0,0,0.0,0.0,0.0044576959055467585,0.0,0.0
MAR07598,566,-1.039451210617249e-14,9.215834400528265e-15,-8.856287148834365e-17,0.0,0,0.0,0.0,0.0044262764728495866,0.0,0,0.0,0.0,0.0044262764728495866,0.0,0.0
MAR02761,578,-1.0399985371159944e-14,9.080267063063303e-15,-8.70714856782542e-17,0.0,0,0.0,0.0,0.004334620605899285,0.0,0,0.0,0.0,0.004334620605899285,0.0,0.0
MAR03298,571,-1.0403042506049803e-14,9.02507405729282e-15,-8.664755861727284e-17,0.0,0,0.0,0.0,0.00438761958448344,0.0,0,0.0,0.0,0.00438761958448344,0.0,0.0
MAR03784,560,-1.0404375773630038e-14,9.197666125917512e-15,-8.76506871724226e-17,0.0,0,0.0,0.0,0.0044735734878779895,0.0,0,0.0,0.0,0.0044735734878779895,0.0,0.0
MAR11323,568,-1.0407949932260623e-14,1.0828307625115586e-14,-8.65273371823418e-17,0.0,0,0.0,0.0,0.004410732264444036,0.0,0,0.0,0.0,0.004410732264444036,0.0,0.0
MAR11403,531,-1.0410588482511449e-14,1.159135884511968e-14,-8.580923144655733e-17,0.0,0,0.0,0.0,0.004717200964344275,0.0,0,0.0,0.0,0.004717200964344275,0.0,0.0
MAR10446,576,-1.0411424808707023e-14,1.0961686798880616e-14,-8.698115133618594e-17,0.0,0,0.0,0.0,0.004349632068826215,0.0,0,0.0,0.0,0.004349632068826215,0.0,0.0
MAR02625,571,-1.042793016754753e-14,8.972240173003664e-15,-8.7343055062738e-17,0.0,0,0.0,0.0,0.00438761958448344,0.0,0,0.0,0.0,0.00438761958448344,0.0,0.0
MAR03454,564,-1.0431372078180194e-14,8.913740876398722e-15,-8.761478062155992e-17,0.0,0,0.0,0.0,0.004441930629657058,0.0,0,0.0,0.0,0.004441930629657058,0.0,0.0
MAR07385,575,-1.0454246164400779e-14,9.031328242398877e-15,-8.925407908021621e-17,0.0,0,0.0,0.0,0.004357176858116289,0.0,0,0.0,0.0,0.004357176858116289,0.0,0.0
MAR07527,553,-1.0458983488403644e-14,9.282665823632284e-15,-8.853436729251633e-17,0.0,0,0.0,0.0,0.00453004698365408,0.0,0,0.0,0.0,0.00453004698365408,0.0,0.0
MAR02292,553,-1.0458983488403644e-14,8.145624553604485e-15,-8.851308406411451e-17,0.0,0,0.0,0.0,0.00453004698365408,0.0,0,0.0,0.0,0.00453004698365408,0.0,0.0
MAR02681,563,-1.0475141575148902e-14,9.237662190967159e-15,-8.714515159226304e-17,0.0,0,0.0,0.0,0.004449799303901048,0.0,0,0.0,0.0,0.004449799303901048,0.0,0.0
MAR03175,546,-1.048896419455386e-14,9.50037859475027e-15,-8.722942856505905e-17,0.0,0,0.0,0.0,0.004587964526068459,0.0,0,0.0,0.0,0.004587964526068459,0.0,0.0
MAR12144,539,-1.0493358398238214e-14,1.1280240302136188e-14,-8.604565794255857e-17,0.0,0,0.0,0.0,0.004647382219459146,0.0,0,0.0,0.0,0.004647382219459146,0.0,0.0
MAR06899,543,-1.0494572266659307e-14,9.446783092491846e-15,-8.995381035341298e-17,0.0,0,0.0,0.0,0.004613242186326175,0.0,0,0.0,0.0,0.004613242186326175,0.0,0.0
MAR02229,551,-1.0496947130829792e-14,7.988245805502409e-15,-8.816755142992319e-17,0.0,0,0.0,0.0,0.004546445100963565,0.0,0,0.0,0.0,0.004546445100963565,0.0,0.0
MAR02551,548,-1.0502547736600024e-14,5.914513227823493e-15,-8.78078534206458e-17,0.0,0,0.0,0.0,0.004571266087298871,0.0,0,0.0,0.0,0.004571266087298871,0.0,0.0
MAR07402,564,-1.0506961730920631e-14,9.118955929032306e-15,-8.971936565208082e-17,0.0,0,0.0,0.0,0.004441930629657058,0.0,0,0.0,0.0,0.004441930629657058,0.0,0.0
MAR02772,562,-1.0519066835452016e-14,9.269639132221989e-15,-8.755706337005659e-17,0.0,0,0.0,0.0,0.0044576959055467585,0.0,0,0.0,0.0,0.0044576959055467585,0.0,0.0
MAR02738,555,-1.0523714032338781e-14,9.450973043397473e-15,-8.81727312671802e-17,0.0,0,0.0,0.0,0.004513766730450679,0.0,0,0.0,0.0,0.004513766730450679,0.0,0.0
MAR03503,544,-1.052752656291619e-14,9.308032763392434e-15,-8.841067311076023e-17,0.0,0,0.0,0.0,0.004604785407758596,0.0,0,0.0,0.0,0.004604785407758596,0.0,0.0
MAR07066,568,-1.0533045484331062e-14,8.991171069321843e-15,-8.967565946584365e-17,0.0,0,0.0,0.0,0.004410732264444036,0.0,0,0.0,0.0,0.004410732264444036,0.0,0.0
MAR10439,554,-1.0568361268345173e-14,1.1305712323083556e-14,-8.737471376639878e-17,0.0,0,0.0,0.0,0.004521892203603858,0.0,0,0.0,0.0,0.004521892203603858,0.0,0.0
MAR07114,578,-1.057208914798765e-14,8.749017146104793e-15,-8.986625539026289e-17,0.0,0,0.0,0.0,0.004334620605899285,0.0,0,0.0,0.0,0.004334620605899285,0.0,0.0
MAR06418,553,-1.0587472229047425e-14,3.9455607753875556e-15,-8.838429545085663e-17,0.0,0,0.0,0.0,0.00453004698365408,0.0,0,0.0,0.0,0.00453004698365408,0.0,0.0
MAR03194,574,-1.0596247069871877e-14,8.91902037438773e-15,-8.797502988610388e-17,0.0,0,0.0,0.0,0.004364747866934595,0.0,0,0.0,0.0,0.004364747866934595,0.0,0.0
MAR11283,543,-1.0599256279294312e-14,1.1377344432705608e-14,-8.812084521436253e-17,0.0,0,0.0,0.0,0.004613242186326175,0.0,0,0.0,0.0,0.004613242186326175,0.0,0.0
MAR03430,559,-1.060094171062475e-14,9.016183163492292e-15,-8.825515323175509e-17,0.0,0,0.0,0.0,0.004481554769642852,0.0,0,0.0,0.0,0.004481554769642852,0.0,0.0
MAR03221,575,-1.060253334403767e-14,8.722147219192809e-15,-8.860238298266239e-17,0.0,0,0.0,0.0,0.004357176858116289,0.0,0,0.0,0.0,0.004357176858116289,0.0,0.0
MAR10987,544,-1.0605895247007378e-14,1.1277759382818529e-14,-8.76798623232711e-17,0.0,0,0.0,0.0,0.004604785407758596,0.0,0,0.0,0.0,0.004604785407758596,0.0,0.0
MAR03258,556,-1.0607022853972719e-14,8.99469368238631e-15,-8.84238789679447e-17,0.0,0,0.0,0.0,0.0045056704064922026,0.0,0,0.0,0.0,0.0045056704064922026,0.0,0.0
MAR03234,554,-1.0645315355250598e-14,9.001706453097073e-15,-8.878631719625e-17,0.0,0,0.0,0.0,0.004521892203603858,0.0,0,0.0,0.0,0.004521892203603858,0.0,0.0
MAR02480,579,-1.0652005088769725e-14,5.4289616532968014e-15,-8.817635730775731e-17,0.0,0,0.0,0.0,0.00432715366313485,0.0,0,0.0,0.0,0.00432715366313485,0.0,0.0
MAR02895,541,-1.0664707974809636e-14,9.742879569855386e-15,-8.913361866450501e-17,0.0,0,0.0,0.0,0.004630249273041442,0.0,0,0.0,0.0,0.004630249273041442,0.0,0.0
MAR07416,558,-1.0670874777185734e-14,9.178515364673667e-15,-8.987361933531247e-17,0.0,0,0.0,0.0,0.004489564580987142,0.0,0,0.0,0.0,0.004489564580987142,0.0,0.0
MAR03429,588,-1.0682309156665451e-14,8.629019062479002e-15,-8.908737690086379e-17,0.0,0,0.0,0.0,0.004261091151880009,0.0,0,0.0,0.0,0.004261091151880009,0.0,0.0
MAR11663,524,-1.0685260988148071e-14,1.1760952545116276e-14,-8.738502171726304e-17,0.0,0,0.0,0.0,0.004780036142715172,0.0,0,0.0,0.0,0.004780036142715172,0.0,0.0
MAR02706,575,-1.0701391463795596e-14,9.184403095501389e-15,-8.929715195233525e-17,0.0,0,0.0,0.0,0.004357176858116289,0.0,0,0.0,0.0,0.004357176858116289,0.0,0.0
MAR02465,560,-1.0708894088955795e-14,5.697015615310568e-15,-8.93667730328966e-17,0.0,0,0.0,0.0,0.0044735734878779895,0.0,0,0.0,0.0,0.0044735734878779895,0.0,0.0
MAR03532,557,-1.0715545745753755e-14,9.031034811336329e-15,-8.997317829845924e-17,0.0,0,0.0,0.0,0.004497603075155535,0.0,0,0.0,0.0,0.004497603075155535,0.0,0.0
MAR07284,576,-1.0732155904709847e-14,8.861491130777991e-15,-9.126022402693677e-17,0.0,0,0.0,0.0,0.004349632068826215,0.0,0,0.0,0.0,0.004349632068826215,0.0,0.0
MAR11389,556,-1.0734818310044679e-14,1.1150123103437004e-14,-8.918123907713289e-17,0.0,0,0.0,0.0,0.0045056704064922026,0.0,0,0.0,0.0,0.0045056704064922026,0.0,0.0
MAR07273,556,-1.0734818310044679e-14,9.298549907439805e-15,-9.206175228771559e-17,0.0,0,0.0,0.0,0.0045056704064922026,0.0,0,0.0,0.0,0.0045056704064922026,0.0,0.0
MAR07455,531,-1.0758500179870444e-14,9.689278335692393e-15,-9.156112485555487e-17,0.0,0,0.0,0.0,0.004717200964344275,0.0,0,0.0,0.0,0.004717200964344275,0.0,0.0
MAR02733,571,-1.0776357428515705e-14,9.023308514495606e-15,-9.062893972082067e-17,0.0,0,0.0,0.0,0.00438761958448344,0.0,0,0.0,0.0,0.00438761958448344,0.0,0.0
MAR07111,571,-1.0776357428515705e-14,8.948457453909518e-15,-9.194303069930703e-17,0.0,0,0.0,0.0,0.00438761958448344,0.0,0,0.0,0.0,0.00438761958448344,0.0,0.0
MAR06917,559,-1.0778895168596868e-14,9.651302677690842e-15,-9.179661399449763e-17,0.0,0,0.0,0.0,0.004481554769642852,0.0,0,0.0,0.0,0.004481554769642852,0.0,0.0
MAR11602,580,-1.0780648404636002e-14,1.1134302640515835e-14,-8.925036145603012e-17,0.0,0,0.0,0.0,0.004319712401627411,0.0,0,0.0,0.0,0.004319712401627411,0.0,0.0
MAR07541,548,-1.0813734336202985e-14,9.389787944622047e-15,-9.27364316092245e-17,0.0,0,0.0,0.0,0.004571266087298871,0.0,0,0.0,0.0,0.004571266087298871,0.0,0.0
MAR02729,562,-1.0847787674059893e-14,9.279358271382988e-15,-9.064979329873856e-17,0.0,0,0.0,0.0,0.0044576959055467585,0.0,0,0.0,0.0,0.0044576959055467585,0.0,0.0
MAR02740,554,-1.0850526253665067e-14,9.463012492803983e-15,-9.078936728101727e-17,0.0,0,0.0,0.0,0.004521892203603858,0.0,0,0.0,0.0,0.004521892203603858,0.0,0.0
MAR07193,548,-1.0865598769470145e-14,9.367913016514135e-15,-9.211199866059433e-17,0.0,0,0.0,0.0,0.004571266087298871,0.0,0,0.0,0.0,0.004571266087298871,0.0,0.0
MAR07047,548,-1.0865598769470145e-14,9.47204495546758e-15,-9.263947630141208e-17,0.0,0,0.0,0.0,0.004571266087298871,0.0,0,0.0,0.0,0.004571266087298871,0.0,0.0
MAR07103,565,-1.08656446671987e-14,9.214381440768045e-15,-9.263103230770651e-17,0.0,0,0.0,0.0,0.004434089734923025,0.0,0,0.0,0.0,0.004434089734923025,0.0,0.0
MAR07112,561,-1.0867124193978002e-14,9.204371216062656e-15,-9.302040407254211e-17,0.0,0,0.0,0.0,0.004465620583537596,0.0,0,0.0,0.0,0.004465620583537596,0.0,0.0
MAR03179,553,-1.087014745846374e-14,9.396215755885014e-15,-9.141203381684576e-17,0.0,0,0.0,0.0,0.00453004698365408,0.0,0,0.0,0.0,0.00453004698365408,0.0,0.0
MAR10450,567,-1.0877444349907706e-14,1.1116973109064968e-14,-9.073812792532206e-17,0.0,0,0.0,0.0,0.00441849069762059,0.0,0,0.0,0.0,0.00441849069762059,0.0,0.0
MAR06990,559,-1.0906004781434096e-14,9.261020838142856e-15,-9.343525683566301e-17,0.0,0,0.0,0.0,0.004481554769642852,0.0,0,0.0,0.0,0.004481554769642852,0.0,0.0
MAR02326,548,-1.0917463202737306e-14,8.027956370019135e-15,-9.164075516653625e-17,0.0,0,0.0,0.0,0.004571266087298871,0.0,0,0.0,0.0,0.004571266087298871,0.0,0.0
MAR03158,540,-1.0921305012608947e-14,9.57617783436433e-15,-9.166502041039298e-17,0.0,0,0.0,0.0,0.00463879992662872,0.0,0,0.0,0.0,0.00463879992662872,0.0,0.0
MAR11274,563,-1.0929485065155359e-14,1.0898373189704831e-14,-9.004824334474241e-17,0.0,0,0.0,0.0,0.004449799303901048,0.0,0,0.0,0.0,0.004449799303901048,0.0,0.0
MAR07524,559,-1.0931426704001542e-14,9.281183943892767e-15,-9.269321011138329e-17,0.0,0,0.0,0.0,0.004481554769642852,0.0,0,0.0,0.0,0.004481554769642852,0.0,0.0
MAR06992,564,-1.0935303096449768e-14,9.075028106976976e-15,-9.306583572401873e-17,0.0,0,0.0,0.0,0.004441930629657058,0.0,0,0.0,0.0,0.004441930629657058,0.0,0.0
MAR07506,543,-1.093947932035808e-14,9.459027518461125e-15,-9.32602260221185e-17,0.0,0,0.0,0.0,0.004613242186326175,0.0,0,0.0,0.0,0.004613242186326175,0.0,0.0
MAR11995,574,-1.094285328243778e-14,1.07463865491992e-14,-8.964597121794224e-17,0.0,0,0.0,0.0,0.004364747866934595,0.0,0,0.0,0.0,0.004364747866934595,0.0,0.0
MAR07412,563,-1.0954726370155719e-14,9.24029937271815e-15,-9.340683571710252e-17,0.0,0,0.0,0.0,0.004449799303901048,0.0,0,0.0,0.0,0.004449799303901048,0.0,0.0
MAR07119,564,-1.0960499647363248e-14,8.865570465697578e-15,-9.290566113054531e-17,0.0,0,0.0,0.0,0.004441930629657058,0.0,0,0.0,0.0,0.004441930629657058,0.0,0.0
MAR11593,570,-1.0969782587173476e-14,1.0677540483069588e-14,-8.905383805146224e-17,0.0,0,0.0,0.0,0.004395296850147243,0.0,0,0.0,0.0,0.004395296850147243,0.0,0.0
MAR07048,558,-1.0976484556007283e-14,9.032361692446088e-15,-9.338609070591407e-17,0.0,0,0.0,0.0,0.004489564580987142,0.0,0,0.0,0.0,0.004489564580987142,0.0,0.0
MAR03264,554,-1.0978783065174111e-14,9.00489932738217e-15,-9.145179379283189e-17,0.0,0,0.0,0.0,0.004521892203603858,0.0,0,0.0,0.0,0.004521892203603858,0.0,0.0
MAR03187,554,-1.100443442747592e-14,9.417442470413149e-15,-9.191700847115148e-17,0.0,0,0.0,0.0,0.004521892203603858,0.0,0,0.0,0.0,0.004521892203603858,0.0,0.0
MAR07463,572,-1.1005959158801552e-14,9.148146531165766e-15,-9.389658812808995e-17,0.0,0,0.0,0.0,0.004379969091767465,0.0,0,0.0,0.0,0.004379969091767465,0.0,0.0
MAR07274,562,-1.1024791202541055e-14,9.109100473821418e-15,-9.418791366903986e-17,0.0,0,0.0,0.0,0.0044576959055467585,0.0,0,0.0,0.0,0.0044576959055467585,0.0,0.0
MAR03225,562,-1.1024791202541055e-14,9.06264252337833e-15,-9.213712574683258e-17,0.0,0,0.0,0.0,0.0044576959055467585,0.0,0,0.0,0.0,0.0044576959055467585,0.0,0.0
MAR07454,555,-1.1035816904958672e-14,9.116247063380948e-15,-9.300240683625769e-17,0.0,0,0.0,0.0,0.004513766730450679,0.0,0,0.0,0.0,0.004513766730450679,0.0,0.0
MAR10435,569,-1.1039011922880993e-14,1.1014928815655974e-14,-9.165933490562653e-17,0.0,0,0.0,0.0,0.004403001029543098,0.0,0,0.0,0.0,0.004403001029543098,0.0,0.0
MAR02442,588,-1.1044830960624687e-14,5.331828463080825e-15,-9.180771503824139e-17,0.0,0,0.0,0.0,0.004261091151880009,0.0,0,0.0,0.0,0.004261091151880009,0.0,0.0
MAR02688,558,-1.105288700071267e-14,9.217511676324317e-15,-9.240478281041638e-17,0.0,0,0.0,0.0,0.004489564580987142,0.0,0,0.0,0.0,0.004489564580987142,0.0,0.0
MAR03753,575,-1.1072109412887822e-14,8.484174484623208e-15,-9.199979644150659e-17,0.0,0,0.0,0.0,0.004357176858116289,0.0,0,0.0,0.0,0.004357176858116289,0.0,0.0
MAR06996,567,-1.107795023654195e-14,8.834945173470686e-15,-9.429332253338886e-17,0.0,0,0.0,0.0,0.00441849069762059,0.0,0,0.0,0.0,0.00441849069762059,0.0,0.0
MAR03458,573,-1.1110755519041008e-14,8.464413744502749e-15,-9.216503505458095e-17,0.0,0,0.0,0.0,0.0043723452321952965,0.0,0,0.0,0.0,0.0043723452321952965,0.0,0.0
MAR03752,573,-1.1135556312610295e-14,8.768731962612245e-15,-9.362831560110565e-17,0.0,0,0.0,0.0,0.0043723452321952965,0.0,0,0.0,0.0,0.0043723452321952965,0.0,0.0
MAR07562,571,-1.1149672350981609e-14,8.881008213961261e-15,-9.400323806298765e-17,0.0,0,0.0,0.0,0.00438761958448344,0.0,0,0.0,0.0,0.00438761958448344,0.0,0.0
MAR07268,545,-1.1160084069920106e-14,9.493116116064223e-15,-9.486013393767099e-17,0.0,0,0.0,0.0,0.004596359577531593,0.0,0,0.0,0.0,0.004596359577531593,0.0,0.0
MAR11252,584,-1.1169147798420753e-14,1.0519071575981477e-14,-9.168414568106302e-17,0.0,0,0.0,0.0,0.004290201536487618,0.0,0,0.0,0.0,0.004290201536487618,0.0,0.0
MAR07106,542,-1.1169417174679066e-14,9.374083886420074e-15,-9.52381025774511e-17,0.0,0,0.0,0.0,0.00462173008405905,0.0,0,0.0,0.0,0.00462173008405905,0.0,0.0
MAR02774,558,-1.1180224408554984e-14,9.378281772271151e-15,-9.402599426493023e-17,0.0,0,0.0,0.0,0.004489564580987142,0.0,0,0.0,0.0,0.004489564580987142,0.0,0.0
MAR07557,576,-1.1200916737329357e-14,9.02524539172724e-15,-9.52693687927488e-17,0.0,0,0.0,0.0,0.004349632068826215,0.0,0,0.0,0.0,0.004349632068826215,0.0,0.0
MAR03125,562,-1.120179473102222e-14,9.471281842585657e-15,-9.366906865579949e-17,0.0,0,0.0,0.0,0.0044576959055467585,0.0,0,0.0,0.0,0.0044576959055467585,0.0,0.0
MAR03578,577,-1.1206133267620298e-14,8.550974214661163e-15,-9.353148922811256e-17,0.0,0,0.0,0.0,0.004342113363096878,0.0,0,0.0,0.0,0.004342113363096878,0.0,0.0
MAR11468,550,-1.121365626617758e-14,1.1053202359022168e-14,-9.187702243346842e-17,0.0,0,0.0,0.0,0.0045546887593671224,0.0,0,0.0,0.0,0.0045546887593671224,0.0,0.0
MAR11941,536,-1.1214909598004567e-14,1.1406061643940723e-14,-9.204130404595218e-17,0.0,0,0.0,0.0,0.004673320699286043,0.0,0,0.0,0.0,0.004673320699286043,0.0,0.0
MAR12094,561,-1.1221762279562367e-14,1.149432872137526e-14,-9.331917963942098e-17,0.0,0,0.0,0.0,0.004465620583537596,0.0,0,0.0,0.0,0.004465620583537596,0.0,0.0
MAR02622,576,-1.1225588360098805e-14,9.069033779739403e-15,-9.447448494139855e-17,0.0,0,0.0,0.0,0.004349632068826215,0.0,0,0.0,0.0,0.004349632068826215,0.0,0.0
MAR02718,591,-1.122922022334913e-14,8.927473708778676e-15,-9.334298025722144e-17,0.0,0,0.0,0.0,0.00423951629958479,0.0,0,0.0,0.0,0.00423951629958479,0.0,0.0
MAR11285,570,-1.1268958475914572e-14,1.0668008132082382e-14,-9.279396265766629e-17,0.0,0,0.0,0.0,0.004395296850147243,0.0,0,0.0,0.0,0.004395296850147243,0.0,0.0
MAR07380,547,-1.127515712321329e-14,9.272963463261718e-15,-9.541469417549895e-17,0.0,0,0.0,0.0,0.004579600085029117,0.0,0,0.0,0.0,0.004579600085029117,0.0,0.0
MAR11446,573,-1.1309161867595311e-14,1.0646640905680324e-14,-9.298896039474109e-17,0.0,0,0.0,0.0,0.0043723452321952965,0.0,0,0.0,0.0,0.0043723452321952965,0.0,0.0
MAR11568,575,-1.134396924222212e-14,1.1219989253836059e-14,-9.382287977183592e-17,0.0,0,0.0,0.0,0.004357176858116289,0.0,0,0.0,0.0,0.004357176858116289,0.0,0.0
MAR02708,557,-1.1378889053824225e-14,8.996221359210617e-15,-9.38742096499612e-17,0.0,0,0.0,0.0,0.004497603075155535,0.0,0,0.0,0.0,0.004497603075155535,0.0,0.0
MAR07117,548,-1.1384243102141752e-14,9.420075891214519e-15,-9.648536359589403e-17,0.0,0,0.0,0.0,0.004571266087298871,0.0,0,0.0,0.0,0.004571266087298871,0.0,0.0
MAR03118,570,-1.1393615096223362e-14,9.328721359973672e-15,-9.544124447911346e-17,0.0,0,0.0,0.0,0.004395296850147243,0.0,0,0.0,0.0,0.004395296850147243,0.0,0.0
MAR06998,576,-1.1398289719484941e-14,8.86888336851107e-15,-9.626841329590479e-17,0.0,0,0.0,0.0,0.004349632068826215,0.0,0,0.0,0.0,0.004349632068826215,0.0,0.0
MAR11544,572,-1.1403465584401609e-14,1.0689694887376537e-14,-9.336637437369063e-17,0.0,0,0.0,0.0,0.004379969091767465,0.0,0,0.0,0.0,0.004379969091767465,0.0,0.0
MAR11322,548,-1.1410175318775332e-14,1.1171500649300523e-14,-9.440530775809111e-17,0.0,0,0.0,0.0,0.004571266087298871,0.0,0,0.0,0.0,0.004571266087298871,0.0,0.0
MAR07280,564,-1.1414037563805865e-14,9.084803408576965e-15,-9.675176062848652e-17,0.0,0,0.0,0.0,0.004441930629657058,0.0,0,0.0,0.0,0.004441930629657058,0.0,0.0
MAR06986,553,-1.1435497917296368e-14,9.34692282346067e-15,-9.733468299522612e-17,0.0,0,0.0,0.0,0.00453004698365408,0.0,0,0.0,0.0,0.00453004698365408,0.0,0.0
MAR03223,555,-1.1445499203054587e-14,9.146266422843915e-15,-9.539174292598972e-17,0.0,0,0.0,0.0,0.004513766730450679,0.0,0,0.0,0.0,0.004513766730450679,0.0,0.0
MAR02618,550,-1.1446197525153613e-14,9.484916107323814e-15,-9.682536573974747e-17,0.0,0,0.0,0.0,0.0045546887593671224,0.0,0,0.0,0.0,0.0045546887593671224,0.0,0.0
MAR02741,581,-1.1446953539956175e-14,8.718418887416222e-15,-9.47716912863363e-17,0.0,0,0.0,0.0,0.004312296689115291,0.0,0,0.0,0.0,0.004312296689115291,0.0,0.0
MAR11385,581,-1.1446953539956175e-14,1.0690360969492967e-14,-9.471613561769742e-17,0.0,0,0.0,0.0,0.004312296689115291,0.0,0,0.0,0.0,0.004312296689115291,0.0,0.0
MAR07428,552,-1.1456214399030601e-14,9.298098172100056e-15,-9.720255100926233e-17,0.0,0,0.0,0.0,0.004538231229443332,0.0,0,0.0,0.0,0.004538231229443332,0.0,0.0
MAR02750,553,-1.1461195665425124e-14,9.459540735909201e-15,-9.57132053033416e-17,0.0,0,0.0,0.0,0.00453004698365408,0.0,0,0.0,0.0,0.00453004698365408,0.0,0.0
MAR11993,552,-1.1507703003071188e-14,1.1632519345384573e-14,-9.592734877094536e-17,0.0,0,0.0,0.0,0.004538231229443332,0.0,0,0.0,0.0,0.004538231229443332,0.0,0.0
MAR03240,553,-1.1538288909811392e-14,9.073448029794358e-15,-9.60677571523438e-17,0.0,0,0.0,0.0,0.00453004698365408,0.0,0,0.0,0.0,0.00453004698365408,0.0,0.0
MAR10432,559,-1.1541552845620232e-14,1.1000034212061586e-14,-9.48527147040212e-17,0.0,0,0.0,0.0,0.004481554769642852,0.0,0,0.0,0.0,0.004481554769642852,0.0,0.0
MAR07032,570,-1.1543203040593908e-14,8.995936547808687e-15,-9.743844022062768e-17,0.0,0,0.0,0.0,0.004395296850147243,0.0,0,0.0,0.0,0.004395296850147243,0.0,0.0
MAR06987,539,-1.154796728248326e-14,9.523143275823347e-15,-9.858528050995008e-17,0.0,0,0.0,0.0,0.004647382219459146,0.0,0,0.0,0.0,0.004647382219459146,0.0,0.0
MAR07865,562,-1.1555801787984547e-14,9.487484724638446e-15,-9.834182635947978e-17,0.0,0,0.0,0.0,0.0044576959055467585,0.0,0,0.0,0.0,0.0044576959055467585,0.0,0.0
MAR03759,553,-1.1563986657940147e-14,9.053790379847462e-15,-9.688425109583866e-17,0.0,0,0.0,0.0,0.00453004698365408,0.0,0,0.0,0.0,0.00453004698365408,0.0,0.0
MAR11378,553,-1.1563986657940147e-14,1.0929155860841742e-14,-9.476184506008532e-17,0.0,0,0.0,0.0,0.00453004698365408,0.0,0,0.0,0.0,0.00453004698365408,0.0,0.0
MAR03577,559,-1.1566974768187677e-14,8.923459285738195e-15,-9.669801489638682e-17,0.0,0,0.0,0.0,0.004481554769642852,0.0,0,0.0,0.0,0.004481554769642852,0.0,0.0
MAR02683,573,-1.158197059685748e-14,8.440454770351602e-15,-9.619173284816094e-17,0.0,0,0.0,0.0,0.0043723452321952965,0.0,0,0.0,0.0,0.0043723452321952965,0.0,0.0
MAR03233,548,-1.1591700835210394e-14,9.198665507406524e-15,-9.676040963161033e-17,0.0,0,0.0,0.0,0.004571266087298871,0.0,0,0.0,0.0,0.004571266087298871,0.0,0.0
MAR12093,543,-1.1593754399326865e-14,1.1326528721480895e-14,-9.526928983144607e-17,0.0,0,0.0,0.0,0.004613242186326175,0.0,0,0.0,0.0,0.004613242186326175,0.0,0.0
MAR03252,571,-1.1597650257940689e-14,8.909787938608436e-15,-9.72128891002095e-17,0.0,0,0.0,0.0,0.00438761958448344,0.0,0,0.0,0.0,0.00438761958448344,0.0,0.0
MAR02621,544,-1.1598565245495753e-14,9.554608354408885e-15,-9.746514818887177e-17,0.0,0,0.0,0.0,0.004604785407758596,0.0,0,0.0,0.0,0.004604785407758596,0.0,0.0
MAR06995,573,-1.1606771390426767e-14,9.038095697146965e-15,-9.819239836125154e-17,0.0,0,0.0,0.0,0.0043723452321952965,0.0,0,0.0,0.0,0.0043723452321952965,0.0,0.0
MAR03142,581,-1.1642627959442605e-14,9.000660822934148e-15,-9.690902734835121e-17,0.0,0,0.0,0.0,0.004312296689115291,0.0,0,0.0,0.0,0.004312296689115291,0.0,0.0
MAR03108,575,-1.1665258131435384e-14,9.136632256352993e-15,-9.708325368127619e-17,0.0,0,0.0,0.0,0.004357176858116289,0.0,0,0.0,0.0,0.004357176858116289,0.0,0.0
MAR11606,544,-1.167693392958694e-14,1.1216387345562093e-14,-9.535358091593467e-17,0.0,0,0.0,0.0,0.004604785407758596,0.0,0,0.0,0.0,0.004604785407758596,0.0,0.0
MAR03793,544,-1.1703056824284003e-14,9.21793815921348e-15,-9.831199873170666e-17,0.0,0,0.0,0.0,0.004604785407758596,0.0,0,0.0,0.0,0.004604785407758596,0.0,0.0
MAR02752,573,-1.1730775358273207e-14,9.107934666256922e-15,-9.702265852584578e-17,0.0,0,0.0,0.0,0.0043723452321952965,0.0,0,0.0,0.0,0.0043723452321952965,0.0,0.0
MAR07099,540,-1.1737113338852026e-14,9.550478942852843e-15,-1.0003349952623164e-16,0.0,0,0.0,0.0,0.00463879992662872,0.0,0,0.0,0.0,0.00463879992662872,0.0,0.0
MAR03425,561,-1.1753719407938913e-14,9.084703143655046e-15,-9.809480810170483e-17,0.0,0,0.0,0.0,0.004465620583537596,0.0,0,0.0,0.0,0.004465620583537596,0.0,0.0
MAR02258,552,-1.1765146023274123e-14,8.02986589890108e-15,-9.821209029383569e-17,0.0,0,0.0,0.0,0.004538231229443332,0.0,0,0.0,0.0,0.004538231229443332,0.0,0.0
MAR02701,581,-1.1789383774057429e-14,9.037542251085799e-15,-9.880513368551569e-17,0.0,0,0.0,0.0,0.004312296689115291,0.0,0,0.0,0.0,0.004312296689115291,0.0,0.0
MAR11797,578,-1.180140183961412e-14,1.1124011159535476e-14,-9.768136706129531e-17,0.0,0,0.0,0.0,0.004334620605899285,0.0,0,0.0,0.0,0.004334620605899285,0.0,0.0
MAR07419,549,-1.1803551457435545e-14,9.433545938072765e-15,-1.0010056576044109e-16,0.0,0,0.0,0.0,0.004562962366977274,0.0,0,0.0,0.0,0.004562962366977274,0.0,0.0
MAR02257,561,-1.1804381991593822e-14,7.763217826357224e-15,-9.868470806603027e-17,0.0,0,0.0,0.0,0.004465620583537596,0.0,0,0.0,0.0,0.004465620583537596,0.0,0.0
MAR03575,545,-1.1811958139424785e-14,9.028432744544885e-15,-9.82406684255454e-17,0.0,0,0.0,0.0,0.004596359577531593,0.0,0,0.0,0.0,0.004596359577531593,0.0,0.0
MAR02692,561,-1.185504457524873e-14,8.93564287819472e-15,-9.768028413129487e-17,0.0,0,0.0,0.0,0.004465620583537596,0.0,0,0.0,0.0,0.004465620583537596,0.0,0.0
MAR02255,560,-1.1876214297704532e-14,7.8926964429831e-15,-9.957403042801272e-17,0.0,0,0.0,0.0,0.0044735734878779895,0.0,0,0.0,0.0,0.0044735734878779895,0.0,0.0
MAR02264,561,-1.1905707158903639e-14,7.993527425188119e-15,-9.92046607653319e-17,0.0,0,0.0,0.0,0.004465620583537596,0.0,0,0.0,0.0,0.004465620583537596,0.0,0.0
MAR11597,561,-1.1905707158903639e-14,1.1467258758816343e-14,-9.870056126159305e-17,0.0,0,0.0,0.0,0.004465620583537596,0.0,0,0.0,0.0,0.004465620583537596,0.0,0.0
MAR02646,556,-1.1910536505906717e-14,9.35498975712047e-15,-9.970479084102639e-17,0.0,0,0.0,0.0,0.0045056704064922026,0.0,0,0.0,0.0,0.0045056704064922026,0.0,0.0
MAR07501,571,-1.1921189857411138e-14,8.924243513734462e-15,-1.0060747713178494e-16,0.0,0,0.0,0.0,0.00438761958448344,0.0,0,0.0,0.0,0.00438761958448344,0.0,0.0
MAR02726,549,-1.1932976363767074e-14,9.363504795023942e-15,-9.996411812419412e-17,0.0,0,0.0,0.0,0.004562962366977274,0.0,0,0.0,0.0,0.004562962366977274,0.0,0.0
MAR07029,546,-1.1946487755087399e-14,9.389203683427968e-15,-1.0084107463298622e-16,0.0,0,0.0,0.0,0.004587964526068459,0.0,0,0.0,0.0,0.004587964526068459,0.0,0.0
MAR10448,547,-1.1950627365617773e-14,1.1384597130798097e-14,-9.91993225663343e-17,0.0,0,0.0,0.0,0.004579600085029117,0.0,0,0.0,0.0,0.004579600085029117,0.0,0.0
MAR03203,574,-1.1982671920135487e-14,9.043820092940992e-15,-1.0025847854821807e-16,0.0,0,0.0,0.0,0.004364747866934595,0.0,0,0.0,0.0,0.004364747866934595,0.0,0.0
MAR03245,551,-1.1992826574535266e-14,9.218060770889914e-15,-1.0018135790838302e-16,0.0,0,0.0,0.0,0.004546445100963565,0.0,0,0.0,0.0,0.004546445100963565,0.0,0.0
MAR11506,563,-1.2014861180170788e-14,1.1289294963217495e-14,-9.909447326410086e-17,0.0,0,0.0,0.0,0.004449799303901048,0.0,0,0.0,0.0,0.004449799303901048,0.0,0.0
MAR07390,571,-1.2070515826397499e-14,8.938064323807755e-15,-1.0233073662748491e-16,0.0,0,0.0,0.0,0.00438761958448344,0.0,0,0.0,0.0,0.00438761958448344,0.0,0.0
MAR11657,572,-1.2074257677601703e-14,1.1134566365210446e-14,-9.95594947199297e-17,0.0,0,0.0,0.0,0.004379969091767465,0.0,0,0.0,0.0,0.004379969091767465,0.0,0.0
MAR10442,568,-1.2109249440418608e-14,1.0990919420624793e-14,-1.0052029955641131e-16,0.0,0,0.0,0.0,0.004410732264444036,0.0,0,0.0,0.0,0.004410732264444036,0.0,0.0
MAR03277,570,-1.2191417466199614e-14,8.817265893099167e-15,-1.0083407305925776e-16,0.0,0,0.0,0.0,0.004395296850147243,0.0,0,0.0,0.0,0.004395296850147243,0.0,0.0
MAR11375,549,-1.2191826176430134e-14,1.1233783325028274e-14,-1.0045773721096285e-16,0.0,0,0.0,0.0,0.004562962366977274,0.0,0,0.0,0.0,0.004562962366977274,0.0,0.0
MAR03520,557,-1.2195311586834036e-14,9.112208266903574e-15,-1.0103538956152572e-16,0.0,0,0.0,0.0,0.004497603075155535,0.0,0,0.0,0.0,0.004497603075155535,0.0,0.0
MAR03574,558,-1.2224391152861939e-14,8.89569137544307e-15,-1.0227813671952869e-16,0.0,0,0.0,0.0,0.004489564580987142,0.0,0,0.0,0.0,0.004489564580987142,0.0,0.0
MAR02704,561,-1.2260345244488004e-14,8.88690982115292e-15,-1.0184238210654018e-16,0.0,0,0.0,0.0,0.004465620583537596,0.0,0,0.0,0.0,0.004465620583537596,0.0,0.0
MAR07126,585,-1.2316074086508404e-14,8.630944768613e-15,-1.0404954061482022e-16,0.0,0,0.0,0.0,0.004282886715357432,0.0,0,0.0,0.0,0.004282886715357432,0.0,0.0
MAR11998,586,-1.2319307500550543e-14,1.0535700886157908e-14,-1.0140980563292902e-16,0.0,0,0.0,0.0,0.004275596795360198,0.0,0,0.0,0.0,0.004275596795360198,0.0,0.0
MAR02253,565,-1.2349610026839263e-14,7.768948795280013e-15,-1.0347369347056403e-16,0.0,0,0.0,0.0,0.004434089734923025,0.0,0,0.0,0.0,0.004434089734923025,0.0,0.0
MAR03790,555,-1.2367284373770392e-14,9.25476467448327e-15,-1.038378514488405e-16,0.0,0,0.0,0.0,0.004513766730450679,0.0,0,0.0,0.0,0.004513766730450679,0.0,0.0
MAR12095,544,-1.2408374981104691e-14,1.1756596285936253e-14,-1.0255330729192483e-16,0.0,0,0.0,0.0,0.004604785407758596,0.0,0,0.0,0.0,0.004604785407758596,0.0,0.0
MAR11587,560,-1.24598744020789e-14,1.1554897864402947e-14,-1.0323630807020513e-16,0.0,0,0.0,0.0,0.0044735734878779895,0.0,0,0.0,0.0,0.0044735734878779895,0.0,0.0
MAR02239,551,-1.2482856047473267e-14,8.029868090407016e-15,-1.0483023298219436e-16,0.0,0,0.0,0.0,0.004546445100963565,0.0,0,0.0,0.0,0.004546445100963565,0.0,0.0
MAR11590,577,-1.2486834212491189e-14,1.123676293303099e-14,-1.0363265095895525e-16,0.0,0,0.0,0.0,0.004342113363096878,0.0,0,0.0,0.0,0.004342113363096878,0.0,0.0
MAR11977,579,-1.2492789378303662e-14,1.1118308799878674e-14,-1.0333625811993942e-16,0.0,0,0.0,0.0,0.00432715366313485,0.0,0,0.0,0.0,0.00432715366313485,0.0,0.0
MAR07034,571,-1.2518493733356581e-14,8.940523357776557e-15,-1.061068531718249e-16,0.0,0,0.0,0.0,0.00438761958448344,0.0,0,0.0,0.0,0.00438761958448344,0.0,0.0
MAR07768,538,-1.2520344117111058e-14,9.599887701292554e-15,-1.0626131809859803e-16,0.0,0,0.0,0.0,0.004655996327465773,0.0,0,0.0,0.0,0.004655996327465773,0.0,0.0
MAR10726,547,-1.2548158733898662e-14,1.132890818505992e-14,-1.0354407567379802e-16,0.0,0,0.0,0.0,0.004579600085029117,0.0,0,0.0,0.0,0.004579600085029117,0.0,0.0
MAR11490,565,-1.2550825668824424e-14,1.1428892661515096e-14,-1.0380182049841333e-16,0.0,0,0.0,0.0,0.004434089734923025,0.0,0,0.0,0.0,0.004434089734923025,0.0,0.0
MAR02693,557,-1.2578009649182384e-14,9.302960517439988e-15,-1.0406818222907277e-16,0.0,0,0.0,0.0,0.004497603075155535,0.0,0,0.0,0.0,0.004497603075155535,0.0,0.0
MAR03239,558,-1.2606403376388874e-14,8.904261997271454e-15,-1.0510353086488393e-16,0.0,0,0.0,0.0,0.004489564580987142,0.0,0,0.0,0.0,0.004489564580987142,0.0,0.0
MAR03111,558,-1.2631870857957336e-14,9.268290234141914e-15,-1.0579374963393409e-16,0.0,0,0.0,0.0,0.004489564580987142,0.0,0,0.0,0.0,0.004489564580987142,0.0,0.0
MAR03241,552,-1.26404522919641e-14,9.149522035251588e-15,-1.051562296076229e-16,0.0,0,0.0,0.0,0.004538231229443332,0.0,0,0.0,0.0,0.004538231229443332,0.0,0.0
MAR10492,547,-1.2678056857437985e-14,1.1298131808266871e-14,-1.0444939497540897e-16,0.0,0,0.0,0.0,0.004579600085029117,0.0,0,0.0,0.0,0.004579600085029117,0.0,0.0
MAR11582,562,-1.2718967832289337e-14,1.0821162490636043e-14,-1.0397074418164154e-16,0.0,0,0.0,0.0,0.0044576959055467585,0.0,0,0.0,0.0,0.0044576959055467585,0.0,0.0
MAR11238,582,-1.2770235422767437e-14,1.0563360601458596e-14,-1.0511637982000041e-16,0.0,0,0.0,0.0,0.004304906394243486,0.0,0,0.0,0.0,0.004304906394243486,0.0,0.0
MAR07395,560,-1.281514576995895e-14,9.134032025795388e-15,-1.0812966234102518e-16,0.0,0,0.0,0.0,0.0044735734878779895,0.0,0,0.0,0.0,0.0044735734878779895,0.0,0.0
MAR02748,561,-1.2842964956519457e-14,9.171623651603469e-15,-1.0712655890509638e-16,0.0,0,0.0,0.0,0.004465620583537596,0.0,0,0.0,0.0,0.004465620583537596,0.0,0.0
MAR03376,561,-1.2868296248346912e-14,8.81615962625247e-15,-1.0650288308072813e-16,0.0,0,0.0,0.0,0.004465620583537596,0.0,0,0.0,0.0,0.004465620583537596,0.0,0.0
MAR03413,580,-1.2887775138269404e-14,8.715678721690221e-15,-1.0706304679326395e-16,0.0,0,0.0,0.0,0.004319712401627411,0.0,0,0.0,0.0,0.004319712401627411,0.0,0.0
MAR02734,563,-1.2898306855183346e-14,9.386263980353e-15,-1.0745542672904579e-16,0.0,0,0.0,0.0,0.004449799303901048,0.0,0,0.0,0.0,0.004449799303901048,0.0,0.0
MAR03486,557,-1.290968130321762e-14,8.887174945295902e-15,-1.0711768808588958e-16,0.0,0,0.0,0.0,0.004497603075155535,0.0,0,0.0,0.0,0.004497603075155535,0.0,0.0
MAR11576,562,-1.2946543797479405e-14,1.1424187866660143e-14,-1.0663599620171814e-16,0.0,0,0.0,0.0,0.0044576959055467585,0.0,0,0.0,0.0,0.0044576959055467585,0.0,0.0
MAR03153,545,-1.2985331464533208e-14,9.597482552454639e-15,-1.0826653938576501e-16,0.0,0,0.0,0.0,0.004596359577531593,0.0,0,0.0,0.0,0.004596359577531593,0.0,0.0
MAR03493,554,-1.3005240687016996e-14,9.082658700420894e-15,-1.0822662648120588e-16,0.0,0,0.0,0.0,0.004521892203603858,0.0,0,0.0,0.0,0.004521892203603858,0.0,0.0
MAR11232,551,-1.3076049619977162e-14,1.1149829648257199e-14,-1.0804205861678598e-16,0.0,0,0.0,0.0,0.004546445100963565,0.0,0,0.0,0.0,0.004546445100963565,0.0,0.0
MAR03488,576,-1.3125303313346296e-14,8.771172022578948e-15,-1.0894759661015165e-16,0.0,0,0.0,0.0,0.004349632068826215,0.0,0,0.0,0.0,0.004349632068826215,0.0,0.0
MAR11607,558,-1.3166687970895047e-14,1.0785091590202153e-14,-1.072244478346794e-16,0.0,0,0.0,0.0,0.004489564580987142,0.0,0,0.0,0.0,0.004489564580987142,0.0,0.0
MAR02629,580,-1.3206294295679104e-14,9.00591789788125e-15,-1.102769194679648e-16,0.0,0,0.0,0.0,0.004319712401627411,0.0,0,0.0,0.0,0.004319712401627411,0.0,0.0
MAR11666,564,-1.3228189229576333e-14,1.1471594982619921e-14,-1.094838324077899e-16,0.0,0,0.0,0.0,0.004441930629657058,0.0,0,0.0,0.0,0.004441930629657058,0.0,0.0
MAR11611,540,-1.3237148003234459e-14,1.189456856930539e-14,-1.0955049883222959e-16,0.0,0,0.0,0.0,0.00463879992662872,0.0,0,0.0,0.0,0.00463879992662872,0.0,0.0
MAR07021,559,-1.3244821657639077e-14,9.10861034958401e-15,-1.119964162290396e-16,0.0,0,0.0,0.0,0.004481554769642852,0.0,0,0.0,0.0,0.004481554769642852,0.0,0.0
MAR11940,565,-1.3255080415772489e-14,1.131759177927161e-14,-1.0960197630430905e-16,0.0,0,0.0,0.0,0.004434089734923025,0.0,0,0.0,0.0,0.004434089734923025,0.0,0.0
MAR11670,564,-1.3278582331403291e-14,1.0838813213898942e-14,-1.0895977314699338e-16,0.0,0,0.0,0.0,0.004441930629657058,0.0,0,0.0,0.0,0.004441930629657058,0.0,0.0
MAR11761,582,-1.3331832774055488e-14,1.0538645978704079e-14,-1.0897151347257571e-16,0.0,0,0.0,0.0,0.004304906394243486,0.0,0,0.0,0.0,0.004304906394243486,0.0,0.0
MAR07376,527,-1.3374922084896003e-14,9.657611065016621e-15,-1.1328967341878684e-16,0.0,0,0.0,0.0,0.004752902966888136,0.0,0,0.0,0.0,0.004752902966888136,0.0,0.0
MAR03408,548,-1.3381023782927434e-14,9.114188926026583e-15,-1.1142180388971628e-16,0.0,0,0.0,0.0,0.004571266087298871,0.0,0,0.0,0.0,0.004571266087298871,0.0,0.0
MAR07707,548,-1.3406955999561015e-14,9.162518762102286e-15,-1.1326673724193223e-16,0.0,0,0.0,0.0,0.004571266087298871,0.0,0,0.0,0.0,0.004571266087298871,0.0,0.0
MAR03432,551,-1.341133294356632e-14,9.034664992959732e-15,-1.1142458165988296e-16,0.0,0,0.0,0.0,0.004546445100963565,0.0,0,0.0,0.0,0.004546445100963565,0.0,0.0
MAR02769,564,-1.35053512896246e-14,8.724091307182907e-15,-1.1223932869576837e-16,0.0,0,0.0,0.0,0.004441930629657058,0.0,0,0.0,0.0,0.004441930629657058,0.0,0.0
MAR07397,568,-1.3510319623607538e-14,9.089791229322198e-15,-1.1440188604335633e-16,0.0,0,0.0,0.0,0.004410732264444036,0.0,0,0.0,0.0,0.004410732264444036,0.0,0.0
MAR02644,557,-1.3573024611288089e-14,9.291500985986754e-15,-1.1274254434908185e-16,0.0,0,0.0,0.0,0.004497603075155535,0.0,0,0.0,0.0,0.004497603075155535,0.0,0.0
MAR11662,569,-1.3611451352873624e-14,1.1346404929268069e-14,-1.1289166497729527e-16,0.0,0,0.0,0.0,0.004403001029543098,0.0,0,0.0,0.0,0.004403001029543098,0.0,0.0
MAR02671,564,-1.3631334044191993e-14,9.255241973731747e-15,-1.1399728925542431e-16,0.0,0,0.0,0.0,0.004441930629657058,0.0,0,0.0,0.0,0.004441930629657058,0.0,0.0
MAR11917,556,-1.3648554708485378e-14,1.1559521551638126e-14,-1.1276814823373712e-16,0.0,0,0.0,0.0,0.0045056704064922026,0.0,0,0.0,0.0,0.0045056704064922026,0.0,0.0
MAR11488,564,-1.3656530595105472e-14,1.1315488295132114e-14,-1.1277821278291082e-16,0.0,0,0.0,0.0,0.004441930629657058,0.0,0,0.0,0.0,0.004441930629657058,0.0,0.0
MAR03204,570,-1.3737159558028604e-14,9.114191973875389e-15,-1.1416149553132217e-16,0.0,0,0.0,0.0,0.004395296850147243,0.0,0,0.0,0.0,0.004395296850147243,0.0,0.0
MAR11989,549,-1.3822579996207413e-14,1.1756693570766835e-14,-1.1432577469862323e-16,0.0,0,0.0,0.0,0.004562962366977274,0.0,0,0.0,0.0,0.004562962366977274,0.0,0.0
MAR11588,563,-1.3857476445196981e-14,1.1439923659547457e-14,-1.1437827686810362e-16,0.0,0,0.0,0.0,0.004449799303901048,0.0,0,0.0,0.0,0.004449799303901048,0.0,0.0
MAR11354,540,-1.3868741546132327e-14,1.1318107720159947e-14,-1.139992391567427e-16,0.0,0,0.0,0.0,0.00463879992662872,0.0,0,0.0,0.0,0.00463879992662872,0.0,0.0
MAR11599,548,-1.389966811559904e-14,1.1641557960065667e-14,-1.144223958287878e-16,0.0,0,0.0,0.0,0.004571266087298871,0.0,0,0.0,0.0,0.004571266087298871,0.0,0.0
MAR02656,586,-1.3919847451409472e-14,8.908923244265043e-15,-1.1654026076979472e-16,0.0,0,0.0,0.0,0.004275596795360198,0.0,0,0.0,0.0,0.004275596795360198,0.0,0.0
MAR03285,555,-1.3929198135261063e-14,8.83125520889871e-15,-1.1574987191261366e-16,0.0,0,0.0,0.0,0.004513766730450679,0.0,0,0.0,0.0,0.004513766730450679,0.0,0.0
MAR11230,548,-1.39515325488662e-14,1.1187443309350828e-14,-1.1512704990202374e-16,0.0,0,0.0,0.0,0.004571266087298871,0.0,0,0.0,0.0,0.004571266087298871,0.0,0.0
MAR11831,555,-1.3980408422523053e-14,1.0935329766825406e-14,-1.1407999199666685e-16,0.0,0,0.0,0.0,0.004513766730450679,0.0,0,0.0,0.0,0.004513766730450679,0.0,0.0
MAR03185,554,-1.4005643816787535e-14,9.472963630384216e-15,-1.162688822010423e-16,0.0,0,0.0,0.0,0.004521892203603858,0.0,0,0.0,0.0,0.004521892203603858,0.0,0.0
MAR11594,537,-1.4025610798988942e-14,1.184621674958438e-14,-1.1591349912248886e-16,0.0,0,0.0,0.0,0.004664642427888463,0.0,0,0.0,0.0,0.004664642427888463,0.0,0.0
MAR02707,549,-1.4029659846337861e-14,9.007507765919846e-15,-1.16209506567238e-16,0.0,0,0.0,0.0,0.004562962366977274,0.0,0,0.0,0.0,0.004562962366977274,0.0,0.0
MAR02768,562,-1.4059137405075292e-14,9.008275698886217e-15,-1.1671780290504327e-16,0.0,0,0.0,0.0,0.0044576959055467585,0.0,0,0.0,0.0,0.0044576959055467585,0.0,0.0
MAR11677,565,-1.4059942983713133e-14,1.1447388485537423e-14,-1.163390570841002e-16,0.0,0,0.0,0.0,0.004434089734923025,0.0,0,0.0,0.0,0.004434089734923025,0.0,0.0
MAR11996,576,-1.4062824978585317e-14,1.1111000440377655e-14,-1.156994334426695e-16,0.0,0,0.0,0.0,0.004349632068826215,0.0,0,0.0,0.0,0.004349632068826215,0.0,0.0
MAR07658,557,-1.408328869441922e-14,9.138689489165034e-15,-1.18522069417509e-16,0.0,0,0.0,0.0,0.004497603075155535,0.0,0,0.0,0.0,0.004497603075155535,0.0,0.0
MAR11802,556,-1.4185295623987612e-14,1.1584006269687669e-14,-1.1716881444744534e-16,0.0,0,0.0,0.0,0.0045056704064922026,0.0,0,0.0,0.0,0.0045056704064922026,0.0,0.0
MAR02610,568,-1.4235873825616093e-14,9.60611792051853e-15,-1.181218905260469e-16,0.0,0,0.0,0.0,0.004410732264444036,0.0,0,0.0,0.0,0.004410732264444036,0.0,0.0
MAR11428,563,-1.428657863020308e-14,1.1411527409226997e-14,-1.1811487298225312e-16,0.0,0,0.0,0.0,0.004449799303901048,0.0,0,0.0,0.0,0.004449799303901048,0.0,0.0
MAR11939,560,-1.4286984294033443e-14,1.1593927122476377e-14,-1.187169906471982e-16,0.0,0,0.0,0.0,0.0044735734878779895,0.0,0,0.0,0.0,0.0044735734878779895,0.0,0.0
MAR07543,568,-1.4310931156858356e-14,8.954587397275041e-15,-1.204834326525358e-16,0.0,0,0.0,0.0,0.004410732264444036,0.0,0,0.0,0.0,0.004410732264444036,0.0,0.0
MAR03174,560,-1.431236082031059e-14,9.298193105106752e-15,-1.1901316481476994e-16,0.0,0,0.0,0.0,0.0044735734878779895,0.0,0,0.0,0.0,0.0044735734878779895,0.0,0.0
MAR11944,549,-1.4314394640267227e-14,1.1807438516023402e-14,-1.1874728466614413e-16,0.0,0,0.0,0.0,0.004562962366977274,0.0,0,0.0,0.0,0.004562962366977274,0.0,0.0
MAR11675,580,-1.4357863557083402e-14,1.039886266236782e-14,-1.1721396430457894e-16,0.0,0,0.0,0.0,0.004319712401627411,0.0,0,0.0,0.0,0.004319712401627411,0.0,0.0
MAR03237,543,-1.4394051737313265e-14,9.246063000221309e-15,-1.1995952983782498e-16,0.0,0,0.0,0.0,0.004613242186326175,0.0,0,0.0,0.0,0.004613242186326175,0.0,0.0
MAR07594,531,-1.4398191783010692e-14,9.596154973205727e-15,-1.2129105248467843e-16,0.0,0,0.0,0.0,0.004717200964344275,0.0,0,0.0,0.0,0.004717200964344275,0.0,0.0
MAR03260,560,-1.4413866925419174e-14,8.923040249381312e-15,-1.1930750209323942e-16,0.0,0,0.0,0.0,0.0044735734878779895,0.0,0,0.0,0.0,0.0044735734878779895,0.0,0.0
MAR11565,550,-1.4417558056514034e-14,1.1752249432368688e-14,-1.1930911779386508e-16,0.0,0,0.0,0.0,0.0045546887593671224,0.0,0,0.0,0.0,0.0045546887593671224,0.0,0.0
MAR02680,537,-1.442256204801693e-14,9.501433018919841e-15,-1.1972436265172912e-16,0.0,0,0.0,0.0,0.004664642427888463,0.0,0,0.0,0.0,0.004664642427888463,0.0,0.0
MAR03528,550,-1.4520909727170046e-14,9.047872563138503e-15,-1.205048615191823e-16,0.0,0,0.0,0.0,0.0045546887593671224,0.0,0,0.0,0.0,0.0045546887593671224,0.0,0.0
MAR12090,565,-1.4562982088676037e-14,1.1351759749031125e-14,-1.2051852729971675e-16,0.0,0,0.0,0.0,0.004434089734923025,0.0,0,0.0,0.0,0.004434089734923025,0.0,0.0
MAR11605,570,-1.4584824576128373e-14,1.1197481735087842e-14,-1.2062940502136465e-16,0.0,0,0.0,0.0,0.004395296850147243,0.0,0,0.0,0.0,0.004395296850147243,0.0,0.0
MAR03272,564,-1.4639196080731142e-14,8.963702035907525e-15,-1.2122907047543953e-16,0.0,0,0.0,0.0,0.004441930629657058,0.0,0,0.0,0.0,0.004441930629657058,0.0,0.0
MAR11900,564,-1.466439263164462e-14,1.1264120162773451e-14,-1.2099630812216463e-16,0.0,0,0.0,0.0,0.004441930629657058,0.0,0,0.0,0.0,0.004441930629657058,0.0,0.0
MAR11751,580,-1.4676382714493102e-14,1.1073216874483875e-14,-1.2091228396263118e-16,0.0,0,0.0,0.0,0.004319712401627411,0.0,0,0.0,0.0,0.004319712401627411,0.0,0.0
MAR11603,576,-1.4679615547821515e-14,1.1246773752667246e-14,-1.2145197073149131e-16,0.0,0,0.0,0.0,0.004349632068826215,0.0,0,0.0,0.0,0.004349632068826215,0.0,0.0
MAR02638,566,-1.471300505849536e-14,8.899872503027061e-15,-1.2226274356431766e-16,0.0,0,0.0,0.0,0.0044262764728495866,0.0,0,0.0,0.0,0.0044262764728495866,0.0,0.0
MAR11604,560,-1.4718385240744934e-14,1.1381095314470954e-14,-1.2064988817211407e-16,0.0,0,0.0,0.0,0.0044735734878779895,0.0,0,0.0,0.0,0.0044735734878779895,0.0,0.0
MAR11612,553,-1.4750507425905877e-14,1.1420252182761545e-14,-1.2106521787682738e-16,0.0,0,0.0,0.0,0.00453004698365408,0.0,0,0.0,0.0,0.00453004698365408,0.0,0.0
MAR11566,578,-1.4874683568680297e-14,1.1108768671485088e-14,-1.2233932694581807e-16,0.0,0,0.0,0.0,0.004334620605899285,0.0,0,0.0,0.0,0.004334620605899285,0.0,0.0
MAR11678,577,-1.487583405196189e-14,1.1204222601026486e-14,-1.22953521200551e-16,0.0,0,0.0,0.0,0.004342113363096878,0.0,0,0.0,0.0,0.004342113363096878,0.0,0.0
MAR07399,565,-1.4990565327894504e-14,8.943601167753709e-15,-1.2585557186712877e-16,0.0,0,0.0,0.0,0.004434089734923025,0.0,0,0.0,0.0,0.004434089734923025,0.0,0.0
MAR11674,546,-1.499167090834497e-14,1.1741503906109057e-14,-1.2390155635022627e-16,0.0,0,0.0,0.0,0.004587964526068459,0.0,0,0.0,0.0,0.004587964526068459,0.0,0.0
MAR11367,560,-1.5073656608624983e-14,1.0945969184555577e-14,-1.2374140784106829e-16,0.0,0,0.0,0.0,0.0044735734878779895,0.0,0,0.0,0.0,0.0044735734878779895,0.0,0.0
MAR03117,556,-1.5105422907705728e-14,9.206175282034266e-15,-1.2525091719981587e-16,0.0,0,0.0,0.0,0.0045056704064922026,0.0,0,0.0,0.0,0.0045056704064922026,0.0,0.0
MAR03116,549,-1.522036898458794e-14,9.511389229160132e-15,-1.2707527451179957e-16,0.0,0,0.0,0.0,0.004562962366977274,0.0,0,0.0,0.0,0.004562962366977274,0.0,0.0
MAR11423,566,-1.5290477953282723e-14,1.1426531994035558e-14,-1.2687349787267114e-16,0.0,0,0.0,0.0,0.0044262764728495866,0.0,0,0.0,0.0,0.0044262764728495866,0.0,0.0
MAR11610,554,-1.5365166018783395e-14,1.1463428189999302e-14,-1.2604797204862239e-16,0.0,0,0.0,0.0,0.004521892203603858,0.0,0,0.0,0.0,0.004521892203603858,0.0,0.0
MAR02604,581,-1.540936053455639e-14,9.749796673726121e-15,-1.2789481836929695e-16,0.0,0,0.0,0.0,0.004312296689115291,0.0,0,0.0,0.0,0.004312296689115291,0.0,0.0
MAR11414,553,-1.54957421216398e-14,1.1034269648191755e-14,-1.271425736553693e-16,0.0,0,0.0,0.0,0.00453004698365408,0.0,0,0.0,0.0,0.00453004698365408,0.0,0.0
MAR12146,565,-1.5518756388105552e-14,1.1472033116536713e-14,-1.2787453754834814e-16,0.0,0,0.0,0.0,0.004434089734923025,0.0,0,0.0,0.0,0.004434089734923025,0.0,0.0
MAR11963,559,-1.568532622411384e-14,1.1466722652173024e-14,-1.2934049015829865e-16,0.0,0,0.0,0.0,0.004481554769642852,0.0,0,0.0,0.0,0.004481554769642852,0.0,0.0
MAR03189,553,-1.593260383982865e-14,9.45466438657841e-15,-1.324083073174599e-16,0.0,0,0.0,0.0,0.00453004698365408,0.0,0,0.0,0.0,0.00453004698365408,0.0,0.0
MAR11999,554,-1.600645007632861e-14,1.154438867864818e-14,-1.318800986549284e-16,0.0,0,0.0,0.0,0.004521892203603858,0.0,0,0.0,0.0,0.004521892203603858,0.0,0.0
MAR07806,564,-1.605020293188595e-14,8.991297680244873e-15,-1.341872290852387e-16,0.0,0,0.0,0.0,0.004441930629657058,0.0,0,0.0,0.0,0.004441930629657058,0.0,0.0
MAR11596,567,-1.6115660638227316e-14,1.1412430736485582e-14,-1.327919671217707e-16,0.0,0,0.0,0.0,0.00441849069762059,0.0,0,0.0,0.0,0.00441849069762059,0.0,0.0
MAR12036,545,-1.6140401960935852e-14,1.1748918588207599e-14,-1.3257155036787744e-16,0.0,0,0.0,0.0,0.004596359577531593,0.0,0,0.0,0.0,0.004596359577531593,0.0,0.0
MAR12129,559,-1.6371718133434866e-14,1.1571827235845605e-14,-1.354884324586686e-16,0.0,0,0.0,0.0,0.004481554769642852,0.0,0,0.0,0.0,0.004481554769642852,0.0,0.0
MAR11404,574,-1.641427992365667e-14,1.1203894973785724e-14,-1.3629503367236314e-16,0.0,0,0.0,0.0,0.004364747866934595,0.0,0,0.0,0.0,0.004364747866934595,0.0,0.0
MAR11945,550,-1.645875355197032e-14,1.1606262153883087e-14,-1.3562088184859336e-16,0.0,0,0.0,0.0,0.0045546887593671224,0.0,0,0.0,0.0,0.0045546887593671224,0.0,0.0
MAR11833,557,-1.6558069497605206e-14,1.1412248196424295e-14,-1.3626748449724862e-16,0.0,0,0.0,0.0,0.004497603075155535,0.0,0,0.0,0.0,0.004497603075155535,0.0,0.0
MAR11572,562,-1.658775924052049e-14,1.1508058577358703e-14,-1.3704760870664032e-16,0.0,0,0.0,0.0,0.0044576959055467585,0.0,0,0.0,0.0,0.0044576959055467585,0.0,0.0
MAR11990,566,-1.6671391397339452e-14,1.1424135905843929e-14,-1.3772994300957893e-16,0.0,0,0.0,0.0,0.0044262764728495866,0.0,0,0.0,0.0,0.0044262764728495866,0.0,0.0
MAR02609,588,-1.66760029821248e-14,9.620484144708219e-15,-1.3863479047564215e-16,0.0,0,0.0,0.0,0.004261091151880009,0.0,0,0.0,0.0,0.004261091151880009,0.0,0.0
MAR11591,543,-1.6697100015283387e-14,1.1718755433805321e-14,-1.3752203758127784e-16,0.0,0,0.0,0.0,0.004613242186326175,0.0,0,0.0,0.0,0.004613242186326175,0.0,0.0
MAR11412,530,-1.673127045714349e-14,1.2304263619777967e-14,-1.38592134158148e-16,0.0,0,0.0,0.0,0.0047260760867549505,0.0,0,0.0,0.0,0.0047260760867549505,0.0,0.0
MAR11647,543,-1.674944202160089e-14,1.181774209633393e-14,-1.3804069272565112e-16,0.0,0,0.0,0.0,0.004613242186326175,0.0,0,0.0,0.0,0.004613242186326175,0.0,0.0
MAR11427,571,-1.7072935787440585e-14,1.1369694485004364e-14,-1.4116901975972624e-16,0.0,0,0.0,0.0,0.00438761958448344,0.0,0,0.0,0.0,0.00438761958448344,0.0,0.0
MAR11416,539,-1.890386425009246e-14,1.1902176829934608e-14,-1.5641307415832545e-16,0.0,0,0.0,0.0,0.004647382219459146,0.0,0,0.0,0.0,0.004647382219459146,0.0,0.0
MAR11952,550,-1.9455952000994744e-14,1.1708581098185034e-14,-1.6037917906310245e-16,0.0,0,0.0,0.0,0.0045546887593671224,0.0,0,0.0,0.0,0.0045546887593671224,0.0,0.0
MAR12817,564,-3.880268840675724e-14,4.418379654297463e-14,-3.121646932990104e-16,0.0,0,0.0,0.0,0.004441930629657058,0.0,0,0.0,0.0,0.004441930629657058,0.0,0.0
MAR12402,581,-3.93305583167725e-14,4.289333797464178e-14,-3.1682952024277145e-16,0.0,0,0.0,0.0,0.004312296689115291,0.0,0,0.0,0.0,0.004312296689115291,0.0,0.0
MAR12842,548,-3.996154583234724e-14,4.5469862170213515e-14,-3.214292013817969e-16,0.0,0,0.0,0.0,0.004571266087298871,0.0,0,0.0,0.0,0.004571266087298871,0.0,0.0
MAR12620,585,-4.013048203335677e-14,4.2567311554715194e-14,-3.2337495173880466e-16,0.0,0,0.0,0.0,0.004282886715357432,0.0,0,0.0,0.0,0.004282886715357432,0.0,0.0
MAR12588,583,-4.043877868356797e-14,4.2736905172041146e-14,-3.2588487042007227e-16,0.0,0,0.0,0.0,0.004297541386555887,0.0,0,0.0,0.0,0.004297541386555887,0.0,0.0
MAR12898,590,-4.0440720452244344e-14,4.226266671471792e-14,-3.261540876634962e-16,0.0,0,0.0,0.0,0.0042466836008472324,0.0,0,0.0,0.0,0.0042466836008472324,0.0,0.0
MAR12890,559,-4.047170072737315e-14,4.459565410799703e-14,-3.2567919199172444e-16,0.0,0,0.0,0.0,0.004481554769642852,0.0,0,0.0,0.0,0.004481554769642852,0.0,0.0
MAR12441,582,-4.05082611211686e-14,4.281701075693917e-14,-3.263076188209935e-16,0.0,0,0.0,0.0,0.004304906394243486,0.0,0,0.0,0.0,0.004304906394243486,0.0,0.0
MAR20123,565,-4.051979990476182e-14,4.411212400138215e-14,-3.264155077364712e-16,0.0,0,0.0,0.0,0.004434089734923025,0.0,0,0.0,0.0,0.004434089734923025,0.0,0.0
MAR12970,573,-4.054929748578582e-14,4.3499847040984e-14,-3.2672993565964815e-16,0.0,0,0.0,0.0,0.0043723452321952965,0.0,0,0.0,0.0,0.0043723452321952965,0.0,0.0
MAR12878,571,-4.0641551225787865e-14,4.3647163805424695e-14,-3.275535783626429e-16,0.0,0,0.0,0.0,0.00438761958448344,0.0,0,0.0,0.0,0.00438761958448344,0.0,0.0
MAR12953,577,-4.068688386397523e-14,4.3201616783637864e-14,-3.2841752525870237e-16,0.0,0,0.0,0.0,0.004342113363096878,0.0,0,0.0,0.0,0.004342113363096878,0.0,0.0
MAR12869,559,-4.0776763798182496e-14,4.455531542130616e-14,-3.280074495808331e-16,0.0,0,0.0,0.0,0.004481554769642852,0.0,0,0.0,0.0,0.004481554769642852,0.0,0.0
MAR12506,583,-4.0877535775975576e-14,4.272858321704843e-14,-3.296138452781564e-16,0.0,0,0.0,0.0,0.004297541386555887,0.0,0,0.0,0.0,0.004297541386555887,0.0,0.0
MAR13050,567,-4.090320087338566e-14,4.392848547855464e-14,-3.2867298336049527e-16,0.0,0,0.0,0.0,0.00441849069762059,0.0,0,0.0,0.0,0.00441849069762059,0.0,0.0
MAR12499,582,-4.0972189367884814e-14,4.279852553289466e-14,-3.3039112472696797e-16,0.0,0,0.0,0.0,0.004304906394243486,0.0,0,0.0,0.0,0.004304906394243486,0.0,0.0
MAR13018,580,-4.116247572679201e-14,4.2965425546286154e-14,-3.312556933430708e-16,0.0,0,0.0,0.0,0.004319712401627411,0.0,0,0.0,0.0,0.004319712401627411,0.0,0.0
MAR12469,582,-4.12163621293144e-14,4.279636369066834e-14,-3.3192343317172877e-16,0.0,0,0.0,0.0,0.004304906394243486,0.0,0,0.0,0.0,0.004304906394243486,0.0,0.0
MAR20111,556,-4.132905049367201e-14,4.4793957697557486e-14,-3.3275737129612434e-16,0.0,0,0.0,0.0,0.0045056704064922026,0.0,0,0.0,0.0,0.0045056704064922026,0.0,0.0
MAR12748,547,-4.135956253492064e-14,4.5543125004716385e-14,-3.3303633062560743e-16,0.0,0,0.0,0.0,0.004579600085029117,0.0,0,0.0,0.0,0.004579600085029117,0.0,0.0
MAR12696,556,-4.13801686761008e-14,4.484257096907529e-14,-3.333166849538685e-16,0.0,0,0.0,0.0,0.0045056704064922026,0.0,0,0.0,0.0,0.0045056704064922026,0.0,0.0
MAR12978,564,-4.142312970175903e-14,4.4198784773018396e-14,-3.3328249769754887e-16,0.0,0,0.0,0.0,0.004441930629657058,0.0,0,0.0,0.0,0.004441930629657058,0.0,0.0
MAR12915,577,-4.1548894115330645e-14,4.3180038809359694e-14,-3.347089208668794e-16,0.0,0,0.0,0.0,0.004342113363096878,0.0,0,0.0,0.0,0.004342113363096878,0.0,0.0
MAR12905,572,-4.163879808160587e-14,4.35711058753035e-14,-3.3543181494904553e-16,0.0,0,0.0,0.0,0.004379969091767465,0.0,0,0.0,0.0,0.004379969091767465,0.0,0.0
MAR13056,569,-4.168350882191941e-14,4.3791304242525466e-14,-3.3536501649667126e-16,0.0,0,0.0,0.0,0.004403001029543098,0.0,0,0.0,0.0,0.004403001029543098,0.0,0.0
MAR12779,565,-4.1701941801424644e-14,4.41032378167021e-14,-3.3606109786117275e-16,0.0,0,0.0,0.0,0.004434089734923025,0.0,0,0.0,0.0,0.004434089734923025,0.0,0.0
MAR12982,567,-4.178041412741048e-14,4.3928065453352193e-14,-3.365028051248517e-16,0.0,0,0.0,0.0,0.00441849069762059,0.0,0,0.0,0.0,0.00441849069762059,0.0,0.0
MAR12780,572,-4.18623954460059e-14,4.371821657597086e-14,-3.38433886170633e-16,0.0,0,0.0,0.0,0.004379969091767465,0.0,0,0.0,0.0,0.004379969091767465,0.0,0.0
MAR13033,561,-4.197395055809219e-14,4.4389201950252165e-14,-3.3770544336551324e-16,0.0,0,0.0,0.0,0.004465620583537596,0.0,0,0.0,0.0,0.004465620583537596,0.0,0.0
MAR12896,572,-4.201146035560592e-14,4.356583154350439e-14,-3.383674618300176e-16,0.0,0,0.0,0.0,0.004379969091767465,0.0,0,0.0,0.0,0.004379969091767465,0.0,0.0
MAR12684,568,-4.20321054956679e-14,4.401630387069736e-14,-3.395313610437741e-16,0.0,0,0.0,0.0,0.004410732264444036,0.0,0,0.0,0.0,0.004410732264444036,0.0,0.0
MAR13061,562,-4.2076267341808065e-14,4.433678347566451e-14,-3.391596917176022e-16,0.0,0,0.0,0.0,0.0044576959055467585,0.0,0,0.0,0.0,0.0044576959055467585,0.0,0.0
MAR12956,554,-4.2145188261871646e-14,4.4989952056129733e-14,-3.398618324496783e-16,0.0,0,0.0,0.0,0.004521892203603858,0.0,0,0.0,0.0,0.004521892203603858,0.0,0.0
MAR13009,587,-4.222100617259335e-14,4.2433927456090334e-14,-3.3990698491069714e-16,0.0,0,0.0,0.0,0.004268331649559446,0.0,0,0.0,0.0,0.004268331649559446,0.0,0.0
MAR12609,573,-4.226055224206669e-14,4.348254107487617e-14,-3.4041820547882427e-16,0.0,0,0.0,0.0,0.0043723452321952965,0.0,0,0.0,0.0,0.0043723452321952965,0.0,0.0
MAR12424,567,-4.2306742079825363e-14,4.3975976544909833e-14,-3.412340688722318e-16,0.0,0,0.0,0.0,0.00441849069762059,0.0,0,0.0,0.0,0.00441849069762059,0.0,0.0
MAR12967,592,-4.2416520746219495e-14,4.209299365494253e-14,-3.418623778948178e-16,0.0,0,0.0,0.0,0.004232373150611237,0.0,0,0.0,0.0,0.004232373150611237,0.0,0.0
MAR12768,569,-4.2457738164926903e-14,4.377266111760336e-14,-3.4154860296626807e-16,0.0,0,0.0,0.0,0.004403001029543098,0.0,0,0.0,0.0,0.004403001029543098,0.0,0.0
MAR12936,567,-4.255737443811817e-14,4.395657055731397e-14,-3.4300242519640015e-16,0.0,0,0.0,0.0,0.00441849069762059,0.0,0,0.0,0.0,0.00441849069762059,0.0,0.0
MAR13062,571,-4.2582788822610555e-14,4.3667055812500673e-14,-3.4372015507834603e-16,0.0,0,0.0,0.0,0.00438761958448344,0.0,0,0.0,0.0,0.00438761958448344,0.0,0.0
MAR20114,551,-4.2658355170497483e-14,4.5239626812757316e-14,-3.4380675055577583e-16,0.0,0,0.0,0.0,0.004546445100963565,0.0,0,0.0,0.0,0.004546445100963565,0.0,0.0
MAR12795,592,-4.268057378991413e-14,4.219618601987113e-14,-3.441987241187769e-16,0.0,0,0.0,0.0,0.004232373150611237,0.0,0,0.0,0.0,0.004232373150611237,0.0,0.0
MAR12941,570,-4.268242679372953e-14,4.370838808174897e-14,-3.435248777936505e-16,0.0,0,0.0,0.0,0.004395296850147243,0.0,0,0.0,0.0,0.004395296850147243,0.0,0.0
MAR13002,572,-4.2707096600406024e-14,4.3507596372103764e-14,-3.4355910308738333e-16,0.0,0,0.0,0.0,0.004379969091767465,0.0,0,0.0,0.0,0.004379969091767465,0.0,0.0
MAR12943,578,-4.273090916093613e-14,4.31167529201127e-14,-3.44710734030953e-16,0.0,0,0.0,0.0,0.004334620605899285,0.0,0,0.0,0.0,0.004334620605899285,0.0,0.0
MAR12548,556,-4.2760359601677974e-14,4.482134788570106e-14,-3.4432788835958594e-16,0.0,0,0.0,0.0,0.0045056704064922026,0.0,0,0.0,0.0,0.0045056704064922026,0.0,0.0
MAR13054,555,-4.276058986376098e-14,4.490786969634388e-14,-3.4456612405386355e-16,0.0,0,0.0,0.0,0.004513766730450679,0.0,0,0.0,0.0,0.004513766730450679,0.0,0.0
MAR12562,570,-4.2832014738100075e-14,4.386850237847811e-14,-3.464083387788831e-16,0.0,0,0.0,0.0,0.004395296850147243,0.0,0,0.0,0.0,0.004395296850147243,0.0,0.0
MAR12425,556,-4.286259596653554e-14,4.4813607861028956e-14,-3.458049002893089e-16,0.0,0,0.0,0.0,0.0045056704064922026,0.0,0,0.0,0.0,0.0045056704064922026,0.0,0.0
MAR20175,551,-4.2916265419412225e-14,4.521123130294838e-14,-3.453753278511921e-16,0.0,0,0.0,0.0,0.004546445100963565,0.0,0,0.0,0.0,0.004546445100963565,0.0,0.0
MAR12885,548,-4.296968296184256e-14,4.5457318557421914e-14,-3.4577126777845263e-16,0.0,0,0.0,0.0,0.004571266087298871,0.0,0,0.0,0.0,0.004571266087298871,0.0,0.0
MAR12778,548,-4.3021547395109714e-14,4.5445800657496787e-14,-3.458983309583512e-16,0.0,0,0.0,0.0,0.004571266087298871,0.0,0,0.0,0.0,0.004571266087298871,0.0,0.0
MAR12830,558,-4.3040043850701407e-14,4.4786532831020867e-14,-3.4749239155937026e-16,0.0,0,0.0,0.0,0.004489564580987142,0.0,0,0.0,0.0,0.004489564580987142,0.0,0.0
MAR12968,567,-4.305863915470378e-14,4.393686399699081e-14,-3.4632456918542636e-16,0.0,0,0.0,0.0,0.00441849069762059,0.0,0,0.0,0.0,0.00441849069762059,0.0,0.0
MAR12858,562,-4.30624298576317e-14,4.432959802776626e-14,-3.4611004571084987e-16,0.0,0,0.0,0.0,0.0044576959055467585,0.0,0,0.0,0.0,0.0044576959055467585,0.0,0.0
MAR12584,567,-4.308370239053306e-14,4.395366752541725e-14,-3.4732075776896238e-16,0.0,0,0.0,0.0,0.00441849069762059,0.0,0,0.0,0.0,0.00441849069762059,0.0,0.0
MAR13055,588,-4.3091758430621045e-14,4.237202860067708e-14,-3.473021002274898e-16,0.0,0,0.0,0.0,0.004261091151880009,0.0,0,0.0,0.0,0.004261091151880009,0.0,0.0
MAR12889,571,-4.313031737556055e-14,4.364827623899863e-14,-3.478991646260073e-16,0.0,0,0.0,0.0,0.00438761958448344,0.0,0,0.0,0.0,0.00438761958448344,0.0,0.0
MAR12439,582,-4.3145326944608143e-14,4.282624533906018e-14,-3.476279078890094e-16,0.0,0,0.0,0.0,0.004304906394243486,0.0,0,0.0,0.0,0.004304906394243486,0.0,0.0
MAR12688,555,-4.319587730548789e-14,4.488799030194551e-14,-3.482113375209839e-16,0.0,0,0.0,0.0,0.004513766730450679,0.0,0,0.0,0.0,0.004513766730450679,0.0,0.0
MAR12693,576,-4.324935471484221e-14,4.3241910108450525e-14,-3.4891071849607825e-16,0.0,0,0.0,0.0,0.004349632068826215,0.0,0,0.0,0.0,0.004349632068826215,0.0,0.0
MAR12660,566,-4.3260252074722706e-14,4.415824161925805e-14,-3.499229906346295e-16,0.0,0,0.0,0.0,0.0044262764728495866,0.0,0,0.0,0.0,0.0044262764728495866,0.0,0.0
MAR12881,574,-4.330101898412597e-14,4.3411736557567776e-14,-3.48861308208679e-16,0.0,0,0.0,0.0,0.004364747866934595,0.0,0,0.0,0.0,0.004364747866934595,0.0,0.0
MAR12894,563,-4.3364561990616414e-14,4.425604704057923e-14,-3.4940583732708223e-16,0.0,0,0.0,0.0,0.004449799303901048,0.0,0,0.0,0.0,0.004449799303901048,0.0,0.0
MAR12724,561,-4.3367171608602194e-14,4.443077832676953e-14,-3.4984044731533333e-16,0.0,0,0.0,0.0,0.004465620583537596,0.0,0,0.0,0.0,0.004465620583537596,0.0,0.0
MAR12571,568,-4.340815656844274e-14,4.387811594507427e-14,-3.5010209996587375e-16,0.0,0,0.0,0.0,0.004410732264444036,0.0,0,0.0,0.0,0.004410732264444036,0.0,0.0
MAR12675,587,-4.34798893841615e-14,4.2436462061823e-14,-3.5043501224572005e-16,0.0,0,0.0,0.0,0.004268331649559446,0.0,0,0.0,0.0,0.004268331649559446,0.0,0.0
MAR12752,560,-4.3546119091583286e-14,4.450700256660483e-14,-3.511334740292792e-16,0.0,0,0.0,0.0,0.0044735734878779895,0.0,0,0.0,0.0,0.0044735734878779895,0.0,0.0
MAR12999,556,-4.355269142932413e-14,4.4819965965903234e-14,-3.5096282384879085e-16,0.0,0,0.0,0.0,0.0045056704064922026,0.0,0,0.0,0.0,0.0045056704064922026,0.0,0.0
MAR12459,573,-4.357499430123895e-14,4.363076957101855e-14,-3.529016307493062e-16,0.0,0,0.0,0.0,0.0043723452321952965,0.0,0,0.0,0.0,0.0043723452321952965,0.0,0.0
MAR12742,557,-4.3576552699398605e-14,4.4850883546247155e-14,-3.5208494650588887e-16,0.0,0,0.0,0.0,0.004497603075155535,0.0,0,0.0,0.0,0.004497603075155535,0.0,0.0
MAR13010,563,-4.369269895562108e-14,4.427060617360844e-14,-3.5213068510430397e-16,0.0,0,0.0,0.0,0.004449799303901048,0.0,0,0.0,0.0,0.004449799303901048,0.0,0.0
MAR13016,574,-4.377141312975112e-14,4.340495112092768e-14,-3.52708099462893e-16,0.0,0,0.0,0.0,0.004364747866934595,0.0,0,0.0,0.0,0.004364747866934595,0.0,0.0
MAR20112,559,-4.3852816428843394e-14,4.458473393071208e-14,-3.5381062497552526e-16,0.0,0,0.0,0.0,0.004481554769642852,0.0,0,0.0,0.0,0.004481554769642852,0.0,0.0
MAR12997,545,-4.385808739627481e-14,4.569726684676686e-14,-3.533410392776854e-16,0.0,0,0.0,0.0,0.004596359577531593,0.0,0,0.0,0.0,0.004596359577531593,0.0,0.0
MAR12466,564,-4.391758824219343e-14,4.414973629094038e-14,-3.533698904703705e-16,0.0,0,0.0,0.0,0.004441930629657058,0.0,0,0.0,0.0,0.004441930629657058,0.0,0.0
MAR13042,569,-4.393127143065083e-14,4.375585857280861e-14,-3.53846760930537e-16,0.0,0,0.0,0.0,0.004403001029543098,0.0,0,0.0,0.0,0.004403001029543098,0.0,0.0
MAR13014,543,-4.3993456309861086e-14,4.5891491878926976e-14,-3.542426461932735e-16,0.0,0,0.0,0.0,0.004613242186326175,0.0,0,0.0,0.0,0.004613242186326175,0.0,0.0
MAR13047,571,-4.4026273189478714e-14,4.3631336657257366e-14,-3.5513523181011605e-16,0.0,0,0.0,0.0,0.00438761958448344,0.0,0,0.0,0.0,0.00438761958448344,0.0,0.0
MAR12972,558,-4.4084210595008365e-14,4.4668556418687933e-14,-3.553750245749757e-16,0.0,0,0.0,0.0,0.004489564580987142,0.0,0,0.0,0.0,0.004489564580987142,0.0,0.0
MAR12672,554,-4.409469179680911e-14,4.4990792964426464e-14,-3.5542187684129574e-16,0.0,0,0.0,0.0,0.004521892203603858,0.0,0,0.0,0.0,0.004521892203603858,0.0,0.0
MAR12984,578,-4.413232562939031e-14,4.3113653228290866e-14,-3.560923832469312e-16,0.0,0,0.0,0.0,0.004334620605899285,0.0,0,0.0,0.0,0.004334620605899285,0.0,0.0
MAR13041,554,-4.4171645883714534e-14,4.497542360838805e-14,-3.559017576533406e-16,0.0,0,0.0,0.0,0.004521892203603858,0.0,0,0.0,0.0,0.004521892203603858,0.0,0.0
MAR12712,578,-4.4255256898552956e-14,4.322001058294879e-14,-3.5766762951654687e-16,0.0,0,0.0,0.0,0.004334620605899285,0.0,0,0.0,0.0,0.004334620605899285,0.0,0.0
MAR12835,542,-4.4258160072437237e-14,4.5968944124154046e-14,-3.5632726371621724e-16,0.0,0,0.0,0.0,0.00462173008405905,0.0,0,0.0,0.0,0.00462173008405905,0.0,0.0
MAR12669,550,-4.428619087610224e-14,4.544581525672679e-14,-3.5732842126458877e-16,0.0,0,0.0,0.0,0.0045546887593671224,0.0,0,0.0,0.0,0.0045546887593671224,0.0,0.0
MAR12569,564,-4.429553650589561e-14,4.4189649164619846e-14,-3.572462580594801e-16,0.0,0,0.0,0.0,0.004441930629657058,0.0,0,0.0,0.0,0.004441930629657058,0.0,0.0
MAR12955,553,-4.430291777397514e-14,4.5038204188219036e-14,-3.5665910272809383e-16,0.0,0,0.0,0.0,0.00453004698365408,0.0,0,0.0,0.0,0.00453004698365408,0.0,0.0
MAR12909,553,-4.430291777397514e-14,4.5051583968968206e-14,-3.564008207657788e-16,0.0,0,0.0,0.0,0.00453004698365408,0.0,0,0.0,0.0,0.00453004698365408,0.0,0.0
MAR12700,552,-4.456338679712802e-14,4.5287577682891216e-14,-3.6013678389260866e-16,0.0,0,0.0,0.0,0.004538231229443332,0.0,0,0.0,0.0,0.004538231229443332,0.0,0.0
MAR13012,559,-4.4564630260731865e-14,4.4575844420667166e-14,-3.5912485742966454e-16,0.0,0,0.0,0.0,0.004481554769642852,0.0,0,0.0,0.0,0.004481554769642852,0.0,0.0
MAR12771,573,-4.456702604401047e-14,4.3596509527333316e-14,-3.603341921394184e-16,0.0,0,0.0,0.0,0.0043723452321952965,0.0,0,0.0,0.0,0.0043723452321952965,0.0,0.0
MAR12948,578,-4.4599464452208363e-14,4.3106014632032357e-14,-3.593163853807569e-16,0.0,0,0.0,0.0,0.004334620605899285,0.0,0,0.0,0.0,0.004334620605899285,0.0,0.0
MAR12846,568,-4.463409297873305e-14,4.389294332996098e-14,-3.60103634415001e-16,0.0,0,0.0,0.0,0.004410732264444036,0.0,0,0.0,0.0,0.004410732264444036,0.0,0.0
MAR13045,558,-4.464449518951454e-14,4.4612421153028285e-14,-3.58971953203971e-16,0.0,0,0.0,0.0,0.004489564580987142,0.0,0,0.0,0.0,0.004489564580987142,0.0,0.0
MAR12911,543,-4.4726244398306123e-14,4.5850004261912304e-14,-3.599120150077458e-16,0.0,0,0.0,0.0,0.004613242186326175,0.0,0,0.0,0.0,0.004613242186326175,0.0,0.0
MAR12900,550,-4.477711131171831e-14,4.5313672320260803e-14,-3.613574518167383e-16,0.0,0,0.0,0.0,0.0045546887593671224,0.0,0,0.0,0.0,0.0045546887593671224,0.0,0.0
MAR12914,553,-4.4816872736550264e-14,4.505671287185917e-14,-3.608580497014197e-16,0.0,0,0.0,0.0,0.00453004698365408,0.0,0,0.0,0.0,0.00453004698365408,0.0,0.0
MAR13044,549,-4.4832787553242024e-14,4.5395246429670414e-14,-3.6168662901077935e-16,0.0,0,0.0,0.0,0.004562962366977274,0.0,0,0.0,0.0,0.004562962366977274,0.0,0.0
MAR12557,571,-4.48475660189037e-14,4.36315970432094e-14,-3.6165222150366263e-16,0.0,0,0.0,0.0,0.00438761958448344,0.0,0,0.0,0.0,0.00438761958448344,0.0,0.0
MAR12994,570,-4.487638331116422e-14,4.3712688668478433e-14,-3.6199496601666163e-16,0.0,0,0.0,0.0,0.004395296850147243,0.0,0,0.0,0.0,0.004395296850147243,0.0,0.0
MAR20169,554,-4.4889884028165175e-14,4.4944198235798915e-14,-3.614686006416145e-16,0.0,0,0.0,0.0,0.004521892203603858,0.0,0,0.0,0.0,0.004521892203603858,0.0,0.0
MAR13052,551,-4.4902174336055695e-14,4.520643459125506e-14,-3.6194130417245694e-16,0.0,0,0.0,0.0,0.004546445100963565,0.0,0,0.0,0.0,0.004546445100963565,0.0,0.0
MAR12815,583,-4.4923851183734635e-14,4.2858900514847775e-14,-3.628215337237042e-16,0.0,0,0.0,0.0,0.004297541386555887,0.0,0,0.0,0.0,0.004297541386555887,0.0,0.0
MAR12818,558,-4.492463748676762e-14,4.465623633037953e-14,-3.622425753077875e-16,0.0,0,0.0,0.0,0.004489564580987142,0.0,0,0.0,0.0,0.004489564580987142,0.0,0.0
MAR12408,578,-4.5042017021193896e-14,4.3245662539956954e-14,-3.6414369386733666e-16,0.0,0,0.0,0.0,0.004334620605899285,0.0,0,0.0,0.0,0.004334620605899285,0.0,0.0
MAR12751,575,-4.5104017139554184e-14,4.346614831956487e-14,-3.6473173241553567e-16,0.0,0,0.0,0.0,0.004357176858116289,0.0,0,0.0,0.0,0.004357176858116289,0.0,0.0
MAR12653,561,-4.514036203652401e-14,4.453889583745369e-14,-3.6464094291716885e-16,0.0,0,0.0,0.0,0.004465620583537596,0.0,0,0.0,0.0,0.004465620583537596,0.0,0.0
MAR13051,546,-4.51832303765397e-14,4.5619100277335124e-14,-3.6376407605933397e-16,0.0,0,0.0,0.0,0.004587964526068459,0.0,0,0.0,0.0,0.004587964526068459,0.0,0.0
MAR13058,567,-4.5189014200192616e-14,4.391690252876938e-14,-3.6395815789894573e-16,0.0,0,0.0,0.0,0.00441849069762059,0.0,0,0.0,0.0,0.00441849069762059,0.0,0.0
MAR12705,563,-4.5257659865643324e-14,4.4227145324026353e-14,-3.644113831953154e-16,0.0,0,0.0,0.0,0.004449799303901048,0.0,0,0.0,0.0,0.004449799303901048,0.0,0.0
MAR12981,531,-4.5282045533186045e-14,4.6908319067773216e-14,-3.6491655531149263e-16,0.0,0,0.0,0.0,0.004717200964344275,0.0,0,0.0,0.0,0.004717200964344275,0.0,0.0
MAR12794,586,-4.530013073037089e-14,4.2646969414742747e-14,-3.6593658226020513e-16,0.0,0,0.0,0.0,0.004275596795360198,0.0,0,0.0,0.0,0.004275596795360198,0.0,0.0
MAR12843,558,-4.530664971029456e-14,4.467117512434273e-14,-3.654326980396111e-16,0.0,0,0.0,0.0,0.004489564580987142,0.0,0,0.0,0.0,0.004489564580987142,0.0,0.0
MAR12682,558,-4.5332117191863024e-14,4.4787391126921434e-14,-3.6643755119637776e-16,0.0,0,0.0,0.0,0.004489564580987142,0.0,0,0.0,0.0,0.004489564580987142,0.0,0.0
MAR12472,566,-4.536928351655481e-14,4.401604833249754e-14,-3.6567595231044673e-16,0.0,0,0.0,0.0,0.0044262764728495866,0.0,0,0.0,0.0,0.0044262764728495866,0.0,0.0
MAR12773,559,-4.537813178289012e-14,4.456442299668279e-14,-3.659512578734986e-16,0.0,0,0.0,0.0,0.004481554769642852,0.0,0,0.0,0.0,0.004481554769642852,0.0,0.0
MAR12621,563,-4.543434900064584e-14,4.4399914201849597e-14,-3.675526963577619e-16,0.0,0,0.0,0.0,0.004449799303901048,0.0,0,0.0,0.0,0.004449799303901048,0.0,0.0
MAR12918,564,-4.5454577847915627e-14,4.415081214789033e-14,-3.6609431380156504e-16,0.0,0,0.0,0.0,0.004441930629657058,0.0,0,0.0,0.0,0.004441930629657058,0.0,0.0
MAR12613,542,-4.549046666213187e-14,4.608419482965583e-14,-3.66862429755099e-16,0.0,0,0.0,0.0,0.00462173008405905,0.0,0,0.0,0.0,0.00462173008405905,0.0,0.0
MAR12455,561,-4.5545662705763286e-14,4.441756662543658e-14,-3.6703594812347206e-16,0.0,0,0.0,0.0,0.004465620583537596,0.0,0,0.0,0.0,0.004465620583537596,0.0,0.0
MAR13031,542,-4.562156310784407e-14,4.5943325551647464e-14,-3.673137994841767e-16,0.0,0,0.0,0.0,0.00462173008405905,0.0,0,0.0,0.0,0.00462173008405905,0.0,0.0
MAR13046,556,-4.564853690890428e-14,4.4779408313000114e-14,-3.6782524026673687e-16,0.0,0,0.0,0.0,0.0045056704064922026,0.0,0,0.0,0.0,0.0045056704064922026,0.0,0.0
MAR12615,578,-4.568125962083966e-14,4.320649493649771e-14,-3.6883345328269195e-16,0.0,0,0.0,0.0,0.004334620605899285,0.0,0,0.0,0.0,0.004334620605899285,0.0,0.0
MAR12602,569,-4.570450637753896e-14,4.391250069421145e-14,-3.6907436254543386e-16,0.0,0,0.0,0.0,0.004403001029543098,0.0,0,0.0,0.0,0.004403001029543098,0.0,0.0
MAR12665,570,-4.572404832926399e-14,4.385093493235649e-14,-3.700738459784734e-16,0.0,0,0.0,0.0,0.004395296850147243,0.0,0,0.0,0.0,0.004395296850147243,0.0,0.0
MAR12409,532,-4.578459583055683e-14,4.6829919595798107e-14,-3.6835525288583286e-16,0.0,0,0.0,0.0,0.004708359112657833,0.0,0,0.0,0.0,0.004708359112657833,0.0,0.0
MAR12763,552,-4.579911329410211e-14,4.5269106493721354e-14,-3.704799238861273e-16,0.0,0,0.0,0.0,0.004538231229443332,0.0,0,0.0,0.0,0.004538231229443332,0.0,0.0
MAR12578,546,-4.580788333105408e-14,4.5744044080006084e-14,-3.69908770530391e-16,0.0,0,0.0,0.0,0.004587964526068459,0.0,0,0.0,0.0,0.004587964526068459,0.0,0.0
MAR12949,557,-4.5847227869332135e-14,4.4742413480678807e-14,-3.701076239257467e-16,0.0,0,0.0,0.0,0.004497603075155535,0.0,0,0.0,0.0,0.004497603075155535,0.0,0.0
MAR12756,575,-4.587016756767812e-14,4.347289451325375e-14,-3.707469633764787e-16,0.0,0,0.0,0.0,0.004357176858116289,0.0,0,0.0,0.0,0.004357176858116289,0.0,0.0
MAR12770,576,-4.5913889973942584e-14,4.338852452145536e-14,-3.7113418576226857e-16,0.0,0,0.0,0.0,0.004349632068826215,0.0,0,0.0,0.0,0.004349632068826215,0.0,0.0
MAR12401,577,-4.6055976286703204e-14,4.333231803666596e-14,-3.7278559949655937e-16,0.0,0,0.0,0.0,0.004342113363096878,0.0,0,0.0,0.0,0.004342113363096878,0.0,0.0
MAR12816,571,-4.606706143229231e-14,4.379067770973171e-14,-3.72846775683342e-16,0.0,0,0.0,0.0,0.00438761958448344,0.0,0,0.0,0.0,0.00438761958448344,0.0,0.0
MAR12550,571,-4.609194909379004e-14,4.3627373468453726e-14,-3.7176604300903754e-16,0.0,0,0.0,0.0,0.00438761958448344,0.0,0,0.0,0.0,0.00438761958448344,0.0,0.0
MAR12575,547,-4.611383385645988e-14,4.5680138710649323e-14,-3.724503852332938e-16,0.0,0,0.0,0.0,0.004579600085029117,0.0,0,0.0,0.0,0.004579600085029117,0.0,0.0
MAR12690,557,-4.615338631921082e-14,4.48808624956678e-14,-3.7325167344445573e-16,0.0,0,0.0,0.0,0.004497603075155535,0.0,0,0.0,0.0,0.004497603075155535,0.0,0.0
MAR12595,568,-4.6160258713992426e-14,4.400499824065877e-14,-3.734013407224375e-16,0.0,0,0.0,0.0,0.004410732264444036,0.0,0,0.0,0.0,0.004410732264444036,0.0,0.0
MAR12754,562,-4.619792093358374e-14,4.445595886130043e-14,-3.7294676424561825e-16,0.0,0,0.0,0.0,0.0044576959055467585,0.0,0,0.0,0.0,0.0044576959055467585,0.0,0.0
MAR12775,553,-4.625594663176059e-14,4.518261393403472e-14,-3.7330705207899527e-16,0.0,0,0.0,0.0,0.00453004698365408,0.0,0,0.0,0.0,0.00453004698365408,0.0,0.0
MAR12726,578,-4.6271329712820364e-14,4.3256979821236714e-14,-3.743610015674155e-16,0.0,0,0.0,0.0,0.004334620605899285,0.0,0,0.0,0.0,0.004334620605899285,0.0,0.0
MAR12825,560,-4.62867839295151e-14,4.461680499956334e-14,-3.742021236623239e-16,0.0,0,0.0,0.0,0.0044735734878779895,0.0,0,0.0,0.0,0.0044735734878779895,0.0,0.0
MAR12689,530,-4.6305936024818605e-14,4.700537638643971e-14,-3.72646052798722e-16,0.0,0,0.0,0.0,0.0047260760867549505,0.0,0,0.0,0.0,0.0047260760867549505,0.0,0.0
MAR12709,556,-4.6313073280478475e-14,4.49366346581054e-14,-3.7417447785969504e-16,0.0,0,0.0,0.0,0.0045056704064922026,0.0,0,0.0,0.0,0.0045056704064922026,0.0,0.0
MAR12606,566,-4.6323369168812186e-14,4.4157218561566287e-14,-3.7452756091127505e-16,0.0,0,0.0,0.0,0.0044262764728495866,0.0,0,0.0,0.0,0.0044262764728495866,0.0,0.0
MAR12761,557,-4.635749195246327e-14,4.4721248130924727e-14,-3.734679396737581e-16,0.0,0,0.0,0.0,0.004497603075155535,0.0,0,0.0,0.0,0.004497603075155535,0.0,0.0
MAR13060,532,-4.642568702071632e-14,4.679931961646294e-14,-3.7382673603876676e-16,0.0,0,0.0,0.0,0.004708359112657833,0.0,0,0.0,0.0,0.004708359112657833,0.0,0.0
MAR12647,572,-4.6557940098406565e-14,4.368975864831143e-14,-3.762793303456946e-16,0.0,0,0.0,0.0,0.004379969091767465,0.0,0,0.0,0.0,0.004379969091767465,0.0,0.0
MAR12926,546,-4.6562672317758945e-14,4.565452882223645e-14,-3.7595913830252137e-16,0.0,0,0.0,0.0,0.004587964526068459,0.0,0,0.0,0.0,0.004587964526068459,0.0,0.0
MAR12747,537,-4.6575613219284036e-14,4.638255853987984e-14,-3.7525918064858665e-16,0.0,0,0.0,0.0,0.004664642427888463,0.0,0,0.0,0.0,0.004664642427888463,0.0,0.0
MAR12592,543,-4.671524063837123e-14,4.60014852432653e-14,-3.772876651020013e-16,0.0,0,0.0,0.0,0.004613242186326175,0.0,0,0.0,0.0,0.004613242186326175,0.0,0.0
MAR12757,551,-4.6784919153133277e-14,4.532986912911311e-14,-3.776519342125298e-16,0.0,0,0.0,0.0,0.004546445100963565,0.0,0,0.0,0.0,0.004546445100963565,0.0,0.0
MAR12440,560,-4.6794314455058024e-14,4.460188791555289e-14,-3.7859289656397026e-16,0.0,0,0.0,0.0,0.0044735734878779895,0.0,0,0.0,0.0,0.0044735734878779895,0.0,0.0
MAR12959,548,-4.680765102361244e-14,4.5429187630003494e-14,-3.771806940022504e-16,0.0,0,0.0,0.0,0.004571266087298871,0.0,0,0.0,0.0,0.004571266087298871,0.0,0.0
MAR12668,543,-4.6819924651006235e-14,4.588948698269311e-14,-3.7767948589029584e-16,0.0,0,0.0,0.0,0.004613242186326175,0.0,0,0.0,0.0,0.004613242186326175,0.0,0.0
MAR12497,562,-4.6905935047508396e-14,4.4277576637041086e-14,-3.7783599182052297e-16,0.0,0,0.0,0.0,0.0044576959055467585,0.0,0,0.0,0.0,0.0044576959055467585,0.0,0.0
MAR20176,542,-4.690630827582359e-14,4.5974959674529845e-14,-3.7853403058254e-16,0.0,0,0.0,0.0,0.00462173008405905,0.0,0,0.0,0.0,0.00462173008405905,0.0,0.0
MAR12738,561,-4.691355246444583e-14,4.455412385876425e-14,-3.792904088649967e-16,0.0,0,0.0,0.0,0.004465620583537596,0.0,0,0.0,0.0,0.004465620583537596,0.0,0.0
MAR12648,580,-4.6944823507460415e-14,4.3095805252590585e-14,-3.800243318908785e-16,0.0,0,0.0,0.0,0.004319712401627411,0.0,0,0.0,0.0,0.004319712401627411,0.0,0.0
MAR12798,562,-4.698179370257175e-14,4.4483295405315285e-14,-3.795900859378823e-16,0.0,0,0.0,0.0,0.0044576959055467585,0.0,0,0.0,0.0,0.0044576959055467585,0.0,0.0
MAR12820,554,-4.70445984615171e-14,4.50847681218739e-14,-3.796748269738875e-16,0.0,0,0.0,0.0,0.004521892203603858,0.0,0,0.0,0.0,0.004521892203603858,0.0,0.0
MAR12436,543,-4.713397668891125e-14,4.589596612731682e-14,-3.801885735285839e-16,0.0,0,0.0,0.0,0.004613242186326175,0.0,0,0.0,0.0,0.004613242186326175,0.0,0.0
MAR12509,559,-4.71576663626113e-14,4.4706803836390255e-14,-3.811626710588818e-16,0.0,0,0.0,0.0,0.004481554769642852,0.0,0,0.0,0.0,0.004481554769642852,0.0,0.0
MAR12651,546,-4.7161298065835224e-14,4.560554669009804e-14,-3.801313737926958e-16,0.0,0,0.0,0.0,0.004587964526068459,0.0,0,0.0,0.0,0.004587964526068459,0.0,0.0
MAR12777,553,-4.71810655643958e-14,4.5187557573452987e-14,-3.8176784127015735e-16,0.0,0,0.0,0.0,0.00453004698365408,0.0,0,0.0,0.0,0.00453004698365408,0.0,0.0
MAR12764,561,-4.7217527966375287e-14,4.456170153874718e-14,-3.8160335728110285e-16,0.0,0,0.0,0.0,0.004465620583537596,0.0,0,0.0,0.0,0.004465620583537596,0.0,0.0
MAR12590,578,-4.735312488145166e-14,4.3241719621244554e-14,-3.8318336907052723e-16,0.0,0,0.0,0.0,0.004334620605899285,0.0,0,0.0,0.0,0.004334620605899285,0.0,0.0
MAR12650,571,-4.741099515316956e-14,4.3750622614804576e-14,-3.836062515613127e-16,0.0,0,0.0,0.0,0.00438761958448344,0.0,0,0.0,0.0,0.00438761958448344,0.0,0.0
MAR12611,554,-4.748067162064785e-14,4.5085045351697065e-14,-3.836242405103779e-16,0.0,0,0.0,0.0,0.004521892203603858,0.0,0,0.0,0.0,0.004521892203603858,0.0,0.0
MAR12687,550,-4.7490092666438696e-14,4.544873779927199e-14,-3.842048966687588e-16,0.0,0,0.0,0.0,0.0045546887593671224,0.0,0,0.0,0.0,0.0045546887593671224,0.0,0.0
MAR12403,572,-4.760139446560671e-14,4.3703906680520405e-14,-3.851508421850033e-16,0.0,0,0.0,0.0,0.004379969091767465,0.0,0,0.0,0.0,0.004379969091767465,0.0,0.0
MAR13020,564,-4.76214812264748e-14,4.414937688285331e-14,-3.836926093636815e-16,0.0,0,0.0,0.0,0.004441930629657058,0.0,0,0.0,0.0,0.004441930629657058,0.0,0.0
MAR12785,544,-4.7804897295624385e-14,4.593126184369932e-14,-3.863841562642417e-16,0.0,0,0.0,0.0,0.004604785407758596,0.0,0,0.0,0.0,0.004604785407758596,0.0,0.0
MAR12671,584,-4.801030197447526e-14,4.278340088006541e-14,-3.882998683825994e-16,0.0,0,0.0,0.0,0.004290201536487618,0.0,0,0.0,0.0,0.004290201536487618,0.0,0.0
MAR12656,539,-4.8090165121574126e-14,4.637655267102741e-14,-3.8918077218498625e-16,0.0,0,0.0,0.0,0.004647382219459146,0.0,0,0.0,0.0,0.004647382219459146,0.0,0.0
MAR12790,571,-4.8107849675105906e-14,4.373700409277055e-14,-3.8905970099281755e-16,0.0,0,0.0,0.0,0.00438761958448344,0.0,0,0.0,0.0,0.00438761958448344,0.0,0.0
MAR12528,562,-4.8119673528522086e-14,4.445752635898829e-14,-3.8872566570361517e-16,0.0,0,0.0,0.0,0.0044576959055467585,0.0,0,0.0,0.0,0.0044576959055467585,0.0,0.0
MAR12558,537,-4.8136954798794125e-14,4.651077577911574e-14,-3.8834999802534615e-16,0.0,0,0.0,0.0,0.004664642427888463,0.0,0,0.0,0.0,0.004664642427888463,0.0,0.0
MAR12781,560,-4.8240776452855375e-14,4.460748376245996e-14,-3.901891100111544e-16,0.0,0,0.0,0.0,0.0044735734878779895,0.0,0,0.0,0.0,0.0044735734878779895,0.0,0.0
MAR12793,557,-4.8245469060048456e-14,4.486096215200551e-14,-3.9022544308884396e-16,0.0,0,0.0,0.0,0.004497603075155535,0.0,0,0.0,0.0,0.004497603075155535,0.0,0.0
MAR12457,559,-4.82762309555789e-14,4.4707169608951424e-14,-3.9018959613834705e-16,0.0,0,0.0,0.0,0.004481554769642852,0.0,0,0.0,0.0,0.004481554769642852,0.0,0.0
MAR12517,571,-4.8282063305589996e-14,4.377041171977016e-14,-3.903592952258584e-16,0.0,0,0.0,0.0,0.00438761958448344,0.0,0,0.0,0.0,0.00438761958448344,0.0,0.0
MAR12474,545,-4.831690603168681e-14,4.585639114109551e-14,-3.906804588076226e-16,0.0,0,0.0,0.0,0.004596359577531593,0.0,0,0.0,0.0,0.004596359577531593,0.0,0.0
MAR12792,550,-4.836858186701482e-14,4.540265883826815e-14,-3.906178536817546e-16,0.0,0,0.0,0.0,0.0045546887593671224,0.0,0,0.0,0.0,0.0045546887593671224,0.0,0.0
MAR12630,551,-4.843554474618759e-14,4.5339755568341654e-14,-3.912869190401625e-16,0.0,0,0.0,0.0,0.004546445100963565,0.0,0,0.0,0.0,0.004546445100963565,0.0,0.0
MAR12599,564,-4.8478163957533075e-14,4.426990220588557e-14,-3.916482135273444e-16,0.0,0,0.0,0.0,0.004441930629657058,0.0,0,0.0,0.0,0.004441930629657058,0.0,0.0
MAR12702,531,-4.868087519200084e-14,4.7057578367946295e-14,-3.9377506219329666e-16,0.0,0,0.0,0.0,0.004717200964344275,0.0,0,0.0,0.0,0.004717200964344275,0.0,0.0
MAR12423,552,-4.883694093249674e-14,4.527893384597189e-14,-3.951905771025152e-16,0.0,0,0.0,0.0,0.004538231229443332,0.0,0,0.0,0.0,0.004538231229443332,0.0,0.0
MAR12524,569,-4.890132430995698e-14,4.387852062488138e-14,-3.9503619357212365e-16,0.0,0,0.0,0.0,0.004403001029543098,0.0,0,0.0,0.0,0.004403001029543098,0.0,0.0
MAR12414,575,-4.895948381011334e-14,4.342888053999081e-14,-3.9603751556707002e-16,0.0,0,0.0,0.0,0.004357176858116289,0.0,0,0.0,0.0,0.004357176858116289,0.0,0.0
MAR12739,536,-4.907517178701289e-14,4.662973078701595e-14,-3.966070645642077e-16,0.0,0,0.0,0.0,0.004673320699286043,0.0,0,0.0,0.0,0.004673320699286043,0.0,0.0
MAR12462,553,-4.913409442218125e-14,4.519620128854103e-14,-3.9703373622519287e-16,0.0,0,0.0,0.0,0.00453004698365408,0.0,0,0.0,0.0,0.00453004698365408,0.0,0.0
MAR12631,548,-4.9141550520634665e-14,4.5588539434750726e-14,-3.973122303030724e-16,0.0,0,0.0,0.0,0.004571266087298871,0.0,0,0.0,0.0,0.004571266087298871,0.0,0.0
MAR12906,541,-4.9173234800107485e-14,4.600524085795345e-14,-3.956579862097738e-16,0.0,0,0.0,0.0,0.004630249273041442,0.0,0,0.0,0.0,0.004630249273041442,0.0,0.0
MAR12783,556,-4.925236877013356e-14,4.493182579578266e-14,-3.9849718936633277e-16,0.0,0,0.0,0.0,0.0045056704064922026,0.0,0,0.0,0.0,0.0045056704064922026,0.0,0.0
MAR12511,555,-4.93411117769266e-14,4.505009365700116e-14,-3.994756292721273e-16,0.0,0,0.0,0.0,0.004513766730450679,0.0,0,0.0,0.0,0.004513766730450679,0.0,0.0
MAR12753,533,-4.97246604950314e-14,4.6829136404644174e-14,-4.010416556078994e-16,0.0,0,0.0,0.0,0.004699550344959981,0.0,0,0.0,0.0,0.004699550344959981,0.0,0.0
MAR12434,565,-4.975056748083109e-14,4.422554450951592e-14,-4.02229157995534e-16,0.0,0,0.0,0.0,0.004434089734923025,0.0,0,0.0,0.0,0.004434089734923025,0.0,0.0
MAR12762,546,-4.979004591608321e-14,4.5754411432028076e-14,-4.0244000455229973e-16,0.0,0,0.0,0.0,0.004587964526068459,0.0,0,0.0,0.0,0.004587964526068459,0.0,0.0
MAR12585,566,-4.9838421571865685e-14,4.4147025247386015e-14,-4.0354255371449656e-16,0.0,0,0.0,0.0,0.0044262764728495866,0.0,0,0.0,0.0,0.0044262764728495866,0.0,0.0
MAR12437,574,-4.9886537022878116e-14,4.351105193889752e-14,-4.029765333036201e-16,0.0,0,0.0,0.0,0.004364747866934595,0.0,0,0.0,0.0,0.004364747866934595,0.0,0.0
MAR12563,543,-5.003895803953265e-14,4.5995983111498134e-14,-4.0444280149219303e-16,0.0,0,0.0,0.0,0.004613242186326175,0.0,0,0.0,0.0,0.004613242186326175,0.0,0.0
MAR12736,551,-5.031828956326517e-14,4.5357857285429486e-14,-4.069172127987949e-16,0.0,0,0.0,0.0,0.004546445100963565,0.0,0,0.0,0.0,0.004546445100963565,0.0,0.0
MAR12535,550,-5.056480486845513e-14,4.5414730869154014e-14,-4.0877188564213844e-16,0.0,0,0.0,0.0,0.0045546887593671224,0.0,0,0.0,0.0,0.0045546887593671224,0.0,0.0
MAR12404,548,-5.06715513020159e-14,4.561331990887995e-14,-4.0994115947002796e-16,0.0,0,0.0,0.0,0.004571266087298871,0.0,0,0.0,0.0,0.004571266087298871,0.0,0.0
MAR12797,558,-5.0934963136924746e-14,4.476830724181904e-14,-4.117190391636908e-16,0.0,0,0.0,0.0,0.004489564580987142,0.0,0,0.0,0.0,0.004489564580987142,0.0,0.0
MAR12427,522,-5.1997571850643344e-14,4.785670518924261e-14,-4.2068165489519294e-16,0.0,0,0.0,0.0,0.004798297691230617,0.0,0,0.0,0.0,0.004798297691230617,0.0,0.0
MAR12529,545,-5.2827874592659193e-14,4.581738030053855e-14,-4.268726963805383e-16,0.0,0,0.0,0.0,0.004596359577531593,0.0,0,0.0,0.0,0.004596359577531593,0.0,0.0
MAR12634,542,-5.3303814826578736e-14,4.608516844113715e-14,-4.3080336400263434e-16,0.0,0,0.0,0.0,0.00462173008405905,0.0,0,0.0,0.0,0.00462173008405905,0.0,0.0
