reaction_id,n_eligible,PR_objective,PR_objective_se,PR_relative_objective_mean,PR_relative_objective_median,occ_obj_k,occ_obj_p,occ_obj_jeffreys_lo,occ_obj_jeffreys_hi,occ_obj_m,occ_flip_k,occ_flip_p,occ_flip_jeffreys_lo,occ_flip_jeffreys_hi,occ_flip_mean_obj_drop_given_flip,PR_hybrid
MAR08966,557,1.9059691716754943,0.121111190011429,0.015267488840104575,2.276679696576268e-16,184,0.3303411131059246,0.29223921833035427,0.3702010009807863,5.769700155561139,184,0.3303411131059246,0.29223921833035427,0.3702010009807863,5.769700155561139,1.9059691716754932
MAR07819,563,1.8856568892064751,0.12010339864497142,0.015104780255662894,2.4360870641510914e-16,184,0.3268206039076377,0.28904049244131486,0.3663761157022752,5.769700155561079,184,0.3268206039076377,0.28904049244131486,0.3663761157022752,5.769700155561079,1.885656889206463
MAR08998,564,1.882313525927877,0.11993686913347505,0.015077998730388023,2.276679696576268e-16,184,0.3262411347517731,0.2885141868544029,0.3657462737430704,5.769700155561227,184,0.3262411347517731,0.2885141868544029,0.3657462737430704,5.769700155561227,1.8823135259277763
MAR04271,561,1.6632860306484476,0.07203217744882214,0.0138532818782076,7.968378938016933e-16,275,0.49019607843137253,0.44896863785243024,0.5315243887111553,3.393103502522835,0,0.0,0.0,0.004465620583537596,0.0,0.0
MAR06513,575,1.5575268610708495,0.11487839117283022,0.012476343318355773,2.2766796965762675e-16,155,0.26956521739130435,0.2345178336113324,0.3069257102519367,5.777922226553098,150,0.2608695652173913,0.22624207980586689,0.29789742572491396,5.970508400803626,1.5575239306444242
MAR00568,556,1.5066903418479107,0.11567516813703839,0.012069123846024564,2.276679696576268e-16,140,0.2517985611510791,0.21707298312454087,0.2891004248286185,5.98371307190977,140,0.2517985611510791,0.21707298312454087,0.2891004248286185,5.98371307190977,1.506690341847784
MAR10214,550,0.6150083426660844,0.08119574923492533,0.004926434880356142,0.0,56,0.10181818181818182,0.07863675400504119,0.12917560720645274,6.040260508327553,56,0.10181818181818182,0.07863675400504119,0.12917560720645274,6.040260508327553,0.6150083426660782
MAR10142,566,0.5976229478203995,0.07901488316090105,0.0047871717035262796,0.0,56,0.0989399293286219,0.07638722389108324,0.12558022778197844,6.040260508327573,56,0.0989399293286219,0.07638722389108324,0.12558022778197844,6.040260508327573,0.5976229478203958
MAR00943,567,0.5965689390941958,0.07888244602270686,0.004778728719923101,0.0,56,0.09876543209876543,0.0762508951873377,0.12536214709099192,6.040260508327554,56,0.09876543209876543,0.0762508951873377,0.12536214709099192,6.040260508327554,0.5965689390940794
MAR10145,548,0.5684502262173776,0.07645678503102096,0.004553487860089288,0.0,54,0.09854014598540146,0.07570051079722014,0.12560535289312566,5.768717110501165,54,0.09854014598540146,0.07570051079722014,0.12560535289312566,5.768717110501165,0.5684502262172682
MAR10143,568,0.548434373181564,0.07389338964815721,0.004393153780508756,0.0,54,0.09507042253521127,0.07300395910841291,0.12124929694363325,5.768717110501188,54,0.09507042253521127,0.07300395910841291,0.12124929694363325,5.768717110501188,0.5484343731814509
MAR00947,569,0.5474705166380616,0.0737697069933443,0.004385432947853045,0.0,54,0.09490333919156414,0.07287416677000884,0.12103940791742121,5.768717110501091,54,0.09490333919156414,0.07287416677000884,0.12103940791742121,5.768717110501091,0.5474705166380648
MAR10256,540,0.08316748696430733,0.030233867836508607,0.0006662020473219302,0.0,13,0.024074074074074074,0.013559652896948948,0.039658100585342144,3.454649458516779,8,0.014814814814814815,0.007028142575781537,0.027758333649563156,5.613594745691481,0.08316436660283676
MAR01508,546,0.0822535585361268,0.02990362911403392,0.0006588811457029975,0.0,13,0.023809523809523808,0.013409923803606586,0.039225957183980316,3.454649458516634,8,0.014652014652014652,0.006950644824704628,0.027455427330881715,5.613594745691248,0.08225047246434064
MAR00222,557,0.08062916150938164,0.029316559497418664,0.000645869130258239,0.0,13,0.02333931777378815,0.013143838463482662,0.03845767394628971,3.454649458516651,8,0.01436265709156194,0.006812916612854179,0.0269169313797836,5.613594745691284,0.08062613638335776
MAR00227,557,0.08062916150936587,0.029316559497418713,0.0006458691302581092,0.0,13,0.02333931777378815,0.013143838463482662,0.03845767394628971,3.454649458516646,8,0.01436265709156194,0.006812916612854179,0.0269169313797836,5.613594745691275,0.08062613638335764
MAR11370,559,0.08034068508179833,0.02921228713099026,0.0006435583283610678,0.0,13,0.023255813953488372,0.01309658975584673,0.038321207778299615,3.4546494585166316,8,0.014311270125223614,0.006788459440172018,0.02682128434767639,5.613594745691245,0.08033767077912336
MAR07789,559,0.08034068508178323,0.029212287130990566,0.0006435583283609421,0.0,13,0.023255813953488372,0.01309658975584673,0.038321207778299615,3.4546494585166676,8,0.014311270125223614,0.006788459440172018,0.02682128434767639,5.613594745691302,0.08033767077912417
MAR07791,565,0.07948750966499217,0.028903873251209834,0.0006367240806261928,0.0,13,0.023008849557522124,0.012956860095396339,0.0379175586531664,3.4546494585166423,8,0.01415929203539823,0.006716130269913555,0.026538378568854656,5.613594745691268,0.07948452737261973
MAR10387,571,0.07865226437954902,0.028601903213271888,0.0006300334598140336,0.0,13,0.02276707530647986,0.012820080621330533,0.03752232387325197,3.454649458516637,8,0.014010507880910683,0.0066453261596555796,0.026261378358777728,5.61359474569125,0.07864931342474606
MAR02206,580,0.05286655829426456,0.02443552625675363,0.0004234798761529231,0.0,5,0.008620689655172414,0.003296817714398712,0.01879156643743856,6.13252076213291,5,0.008620689655172414,0.003296817714398712,0.01879156643743856,6.13252076213291,0.05286655829424922
MAR01693,539,0.050200820982478814,0.013527885310268517,0.0004180276558065845,0.0,21,0.03896103896103896,0.025013580862940497,0.05783529826045016,1.2884877385501223,0,0.0,0.0,0.004647382219459146,0.0,0.0
MAR03958,568,0.04738908203326908,0.012437784788306663,0.00039479512611320753,0.0,24,0.04225352112676056,0.027969091191407273,0.061181755946424304,1.1215416081205791,0,0.0,0.0,0.004410732264444036,0.0,0.0
MAR01915,546,0.04735121813137997,0.02444270994824663,0.0003793005782176017,0.0,6,0.01098901098901099,0.004599412635393566,0.02250946456474513,4.308960849945303,4,0.007326007326007326,0.002477769170284299,0.01732443533432843,6.463211310389958,0.047349533409450244
MAR00123,567,0.04559746931159184,0.02353962582354123,0.00036525240865309497,0.0,6,0.010582010582010581,0.004428610893157879,0.021680842552848453,4.3089608499453105,4,0.007054673721340388,0.002385825141162431,0.01668619473425855,6.463211310389962,0.04559584698687803
MAR06123,554,0.03811443420859972,0.022547985670005377,0.00030531013175581,0.0,3,0.005415162454873646,0.00152743676597321,0.014380298460515178,7.038465517167974,3,0.005415162454873646,0.00152743676597321,0.014380298460515178,7.038465517167974,0.03811443420849083
MAR01461,556,0.03180319049058731,0.01902551897578116,0.00025475483187795833,0.0,3,0.00539568345323741,0.001521934181463997,0.014328826999091389,5.894191304255074,3,0.00539568345323741,0.001521934181463997,0.014328826999091389,5.894191304255074,0.03180319049058493
MAR05045,536,0.026656017495177525,0.015361010608349126,0.00021352424129932065,0.0,4,0.007462686567164179,0.0025240893699730593,0.017645838150792202,3.571906344352726,3,0.005597014925373134,0.001578810776213676,0.014860737761131263,4.762490854202142,0.026655732392922432
MAR01917,548,0.026072309082886918,0.015025256508988892,0.00020884852798629924,0.0,4,0.0072992700729927005,0.0024687083929775967,0.017261554620286657,3.571906344352726,3,0.005474452554744526,0.0015441858742648508,0.01453695571045696,4.762490854202142,0.026072030223734353
MAR03804,543,0.021017241091082082,0.008131321710222182,0.00017540634746834028,0.0,14,0.02578268876611418,0.014851603830876152,0.04173862221106878,0.8151687080324166,0,0.0,0.0,0.004613242186326175,0.0,0.0
MAR07708,543,0.01573254620999951,0.00787067903470143,0.00013113446828826,0.0,7,0.01289134438305709,0.005784230640633882,0.025143044541102975,1.220396084574897,0,0.0,0.0,0.004613242186326175,0.0,0.0
MAR09675,552,0.015476037304504826,0.007742701562499168,0.00012899640630615586,0.0,7,0.012681159420289856,0.005689632387822125,0.02473580234240333,1.2203960845747994,0,0.0,0.0,0.004538231229443332,0.0,0.0
MAR03802,568,0.015204069292732039,0.00598298252332753,0.00012669136093219224,0.0,15,0.02640845070422535,0.015517742373297363,0.04209813696550799,0.5757274238804958,0,0.0,0.0,0.004410732264444036,0.0,0.0
MAR08779,571,0.014961072840782073,0.007485740378114489,0.0001247040565341456,0.0,7,0.012259194395796848,0.005499747168253689,0.02391795772997545,1.220396084574907,0,0.0,0.0,0.00438761958448344,0.0,0.0
MAR06218,549,0.014879608360341962,0.014879608360332211,0.0001191909386377694,0.0,1,0.0018214936247723133,0.00019660510946013579,0.00848173721268352,8.168904989822394,1,0.0018214936247723133,0.00019660510946013579,0.00848173721268352,8.168904989822394,0.01487960836033223
MAR06124,551,0.014825598892712979,0.014825598892598338,0.00011875830365265134,0.0,1,0.0018148820326678765,0.00019589122504018103,0.008451067020723334,8.168904989821797,1,0.0018148820326678765,0.00019589122504018103,0.008451067020723334,8.168904989821797,0.014825598892598543
MAR03214,547,0.012803065606255585,0.007501031472618621,0.00010662077274596516,0.0,7,0.012797074954296161,0.005741801465061463,0.02496040460631042,1.0004681266506108,0,0.0,0.0,0.004579600085029117,0.0,0.0
MAR09920,560,0.012213938996100545,0.000807693023948755,0.00010256814533612996,2.276679696576268e-16,173,0.30892857142857144,0.27171939247429105,0.34810701624018114,0.039536449929550535,0,0.0,0.0,0.0044735734878779895,0.0,0.0
MAR11250,569,0.012020748396864164,0.0007974738876101303,0.00010094580208827312,2.2766796965762675e-16,173,0.30404217926186294,0.2673120926990126,0.342760033677967,0.03953644992955144,0,0.0,0.0,0.004403001029543098,0.0,0.0
MAR01806,551,0.009646182508110678,0.007098070298153542,8.032768408342068e-05,0.0,3,0.0054446460980036296,0.0015357656548268775,0.014458202751221385,1.7716821873204271,0,0.0,0.0,0.004546445100963565,0.0,0.0
MAR01609,572,0.009046871793674516,0.0063847251445684795,7.537326757850675e-05,0.0,4,0.006993006993006993,0.0023649306522930662,0.016541103600390215,1.2937026664790388,0,0.0,0.0,0.004379969091767465,0.0,0.0
MAR12906,548,0.008719539206591184,0.008719539206468974,6.984660061973972e-05,0.0,1,0.0018248175182481751,0.00019696400643367813,0.008497155940003023,4.77830748514512,1,0.0018248175182481751,0.00019696400643367813,0.008497155940003023,4.77830748514512,0.008719539206469198
MAR12405,550,0.008687831791282009,0.008687831791173444,6.959261298102033e-05,0.0,1,0.0018181818181818182,0.00019624751803256043,0.008466374340576151,4.778307485145504,1,0.0018181818181818182,0.00019624751803256043,0.008466374340576151,4.778307485145504,0.008687831791173644
MAR12402,557,0.008578648985911354,0.008578648985898189,6.871801999842565e-05,0.0,1,0.0017953321364452424,0.00019378034245828791,0.008360373006427606,4.778307485145305,1,0.0017953321364452424,0.00019378034245828791,0.008360373006427606,4.778307485145305,0.008578648985898215
MAR12609,560,0.008532691937868313,0.008532691937759379,6.834988774923143e-05,0.0,1,0.0017857142857142857,0.00019274186956587947,0.008315752072668547,4.778307485145362,1,0.0017857142857142857,0.00019274186956587947,0.008315752072668547,4.778307485145362,0.008532691937759575
MAR12608,566,0.008442239373065315,0.008442239373048162,6.762533063452714e-05,0.0,1,0.0017667844522968198,0.00019069796088081286,0.008227924009674635,4.778307485145277,1,0.0017667844522968198,0.00019069796088081286,0.008227924009674635,4.778307485145277,0.008442239373048192
MAR12907,568,0.008412513178082753,0.008412513178072777,6.738721327308278e-05,0.0,1,0.0017605633802816902,0.00019002625711924957,0.00819905881099314,4.778307485145348,1,0.0017605633802816902,0.00019002625711924957,0.00819905881099314,4.778307485145348,0.008412513178072796
MAR12403,571,0.008368314334867444,0.00836831433475523,6.703316486794272e-05,0.0,1,0.0017513134851138354,0.00018902752724047776,0.008156138766443392,4.778307485145348,1,0.0017513134851138354,0.00018902752724047776,0.008156138766443392,4.778307485145348,0.008368314334755425
MAR03209,569,0.008273379786312117,0.0063592541400394565,6.893122243798721e-05,0.0,5,0.008787346221441126,0.0033606983342065366,0.01915278252237019,0.9415106196702709,0,0.0,0.0,0.004403001029543098,0.0,0.0
MAR04103,548,0.007725063624416035,0.002681770263532058,6.447925196645689e-05,0.0,9,0.016423357664233577,0.0081565998552754,0.029758248908845746,0.4703705406861853,0,0.0,0.0,0.004571266087298871,0.0,0.0
MAR03946,556,0.007209047602584983,0.0036415274394013134,6.014184581964955e-05,0.0,5,0.008992805755395683,0.00343946005509208,0.01959799362833943,0.8016460933949645,0,0.0,0.0,0.0045056704064922026,0.0,0.0
MAR01805,553,0.0062064562190481945,0.006206456218936979,5.167698640262947e-05,0.0,1,0.0018083182640144665,0.0001951825061751891,0.008420617836866456,3.4321702890722605,0,0.0,0.0,0.00453004698365408,0.0,0.0
MAR01807,572,0.006000297708284508,0.006000297708168159,4.9960443148070014e-05,0.0,1,0.0017482517482517483,0.00018869694612190873,0.008141931766396224,3.432170289072303,0,0.0,0.0,0.004379969091767465,0.0,0.0
MAR07703,611,0.0057814435529934555,0.005781443552888204,4.81381918007675e-05,0.0,1,0.0016366612111292963,0.0001766485906877499,0.007624007964833697,3.532462010814797,0,0.0,0.0,0.004101084922680433,0.0,0.0
MAR09996,554,0.005494903870837728,0.003588914868207457,4.5869071545584775e-05,0.0,3,0.005415162454873646,0.00152743676597321,0.014380298460515178,1.014725581479946,0,0.0,0.0,0.004521892203603858,0.0,0.0
MAR07702,563,0.005412371690001589,0.003937717872262889,4.519303916571974e-05,0.0,2,0.003552397868561279,0.0007389107365927911,0.011346895516754241,1.5235826307040412,0,0.0,0.0,0.004449799303901048,0.0,0.0
MAR00061,565,0.005387923441501253,0.0035191254530548698,4.497604537396021e-05,0.0,3,0.005309734513274336,0.0014976553454295238,0.014101692828584728,1.014725581479908,0,0.0,0.0,0.004434089734923025,0.0,0.0
MAR10197,571,0.005331307783711303,0.0034821905001309102,4.4503442446081065e-05,0.0,3,0.005253940455341506,0.0014818952723723818,0.013954228642084173,1.0147255814800882,0,0.0,0.0,0.00438761958448344,0.0,0.0
MAR09952,573,0.005312699379589621,0.0034700505369054512,4.434810756851436e-05,0.0,3,0.005235602094240838,0.0014767153664111267,0.013905756885005928,1.014725581479856,0,0.0,0.0,0.0043723452321952965,0.0,0.0
MAR08356,575,0.005294220425223409,0.0034579949263796894,4.4193853281299556e-05,0.0,3,0.0052173913043478265,0.0014715715466770106,0.01385762070351449,1.0147255814798655,0,0.0,0.0,0.004357176858116289,0.0,0.0
MAR08357,577,0.005275869574424597,0.003446022792432414,4.4040668347043126e-05,0.0,3,0.005199306759098787,0.0014664634373820849,0.013809816624831195,1.0147255814799507,0,0.0,0.0,0.004342113363096878,0.0,0.0
MAR01614,574,0.004386053069178395,0.002648302088583338,3.652758827575031e-05,0.0,5,0.008710801393728223,0.00333135747946437,0.018986886839343933,0.5035188923401506,0,0.0,0.0,0.004364747866934595,0.0,0.0
MAR04282,550,0.003821296046228067,0.0020297651525804264,3.225852888656732e-05,0.0,17,0.03090909090909091,0.018806387460117313,0.0479220978791614,0.12363016620136671,0,0.0,0.0,0.0045546887593671224,0.0,0.0
MAR04330,554,0.0037937054611649934,0.0020151435220781993,3.2025615321500125e-05,0.0,17,0.030685920577617327,0.018669825226274434,0.04757927987515294,0.12363016620136669,0,0.0,0.0,0.004521892203603858,0.0,0.0
MAR04953,557,0.0037732725771720097,0.0020043147983027933,3.185312547236323e-05,0.0,17,0.03052064631956912,0.0185686980815544,0.04732536766581655,0.12363016620136837,0,0.0,0.0,0.004497603075155535,0.0,0.0
MAR04346,560,0.0037530586168363143,0.0019936018311619407,3.1682483727921264e-05,0.0,17,0.030357142857142857,0.018468660606816376,0.04707415087931577,0.12363016620135582,0,0.0,0.0,0.0044735734878779895,0.0,0.0
MAR04874,567,0.0037067245599422716,0.001969044774724021,3.129134195436608e-05,0.0,17,0.029982363315696647,0.018239379729965824,0.04649822245439472,0.12363016620136336,0,0.0,0.0,0.00441849069762059,0.0,0.0
MAR04347,585,0.003592671496555643,0.0019085907280958158,3.0328531432663963e-05,0.0,17,0.02905982905982906,0.017675133166474368,0.04507999448430634,0.12363016620136753,0,0.0,0.0,0.004282886715357432,0.0,0.0
MAR01802,561,0.0033562856915363456,0.0033537722000117755,2.795575837839692e-05,0.0,2,0.0035650623885918,0.0007415475517645725,0.011387170712773455,0.9414381364444608,0,0.0,0.0,0.004465620583537596,0.0,0.0
MAR02220,573,0.0033130216625580867,0.0033130216625432297,2.7701598382347915e-05,0.0,1,0.0017452006980802793,0.00018836751925962897,0.008127774173760599,1.8983614126372856,0,0.0,0.0,0.0043723452321952965,0.0,0.0
MAR02216,564,0.0030419445206231817,0.0030419445205076777,2.5328225976575823e-05,0.0,1,0.0017730496453900709,0.00019137443015776614,0.008256993168099334,1.7156567095664457,0,0.0,0.0,0.004441930629657058,0.0,0.0
MAR02418,563,0.002427365332552955,0.0021614303038679575,2.0296419404470063e-05,0.0,3,0.0053285968028419185,0.0015029834614170878,0.014151542600461565,0.4555355607393305,0,0.0,0.0,0.004449799303901048,0.0,0.0
MAR03117,548,0.002426889505675538,0.0015220770620511454,2.0238467369649328e-05,0.0,7,0.012773722627737226,0.005731291253754803,0.024915158451945623,0.18999077843557388,0,0.0,0.0,0.004571266087298871,0.0,0.0
MAR03118,560,0.0023748847305585124,0.0014895061185546843,1.9804785926052545e-05,0.0,7,0.0125,0.005608105463438,0.024384726688272882,0.18999077843557388,0,0.0,0.0,0.0044735734878779895,0.0,0.0
MAR02416,536,0.0023483651626924123,0.0022617327151445658,1.9642939032721382e-05,0.0,2,0.0037313432835820895,0.0007761697345619326,0.011915854020552561,0.6293618635689171,0,0.0,0.0,0.004673320699286043,0.0,0.0
MAR02630,568,0.002341435649853001,0.0014685556885068794,1.9525845279261167e-05,0.0,7,0.01232394366197183,0.00552888195429631,0.02404347691294944,0.18999077843558204,0,0.0,0.0,0.004410732264444036,0.0,0.0
MAR03116,570,0.0023332200860672874,0.001463409843852907,1.9457333540589035e-05,0.0,7,0.012280701754385965,0.005509424586083577,0.02395965159181717,0.1899907784355739,0,0.0,0.0,0.004395296850147243,0.0,0.0
MAR00455,571,0.0023291338862586313,0.001460850421151884,1.942325764990974e-05,0.0,7,0.012259194395796848,0.005499747168253689,0.02391795772997545,0.18999077843559625,0,0.0,0.0,0.00438761958448344,0.0,0.0
MAR02413,546,0.0022680882924843615,0.0016298032785718442,1.9042565452784627e-05,0.0,2,0.003663003663003663,0.0007619400188238152,0.011698597192799653,0.6191881038166827,0,0.0,0.0,0.004587964526068459,0.0,0.0
MAR02303,560,0.002157958910440654,0.002157958910330908,1.804953858402795e-05,0.0,1,0.0017857142857142857,0.00019274186956587947,0.008315752072668547,1.208456989785418,0,0.0,0.0,0.0044735734878779895,0.0,0.0
MAR06298,541,0.002005350311682551,0.0013209335764054857,1.6699366390341613e-05,0.0,4,0.0073937153419593345,0.002500714793135797,0.017483659804537994,0.27122362965345204,0,0.0,0.0,0.004630249273041442,0.0,0.0
MAR01567,590,0.001982888143576738,0.0017527037226516625,1.687072455891977e-05,0.0,3,0.005084745762711864,0.0014341060530151197,0.013506952967846809,0.38996800154879924,0,0.0,0.0,0.0042466836008472324,0.0,0.0
MAR04344,557,0.0017038901293332663,0.001450044799797135,1.4398761310497479e-05,0.0,5,0.008976660682226212,0.0034332706288791384,0.019563013104888123,0.18981336039474567,0,0.0,0.0,0.004497603075155535,0.0,0.0
MAR04922,541,0.0015895867373467102,0.0011236826125616208,1.3420071102154079e-05,0.0,2,0.0036968576709796672,0.0007689890540266452,0.011806226217118193,0.4299832124518659,0,0.0,0.0,0.004630249273041442,0.0,0.0
MAR08038,557,0.001217668399901346,0.0011457585707289704,1.0138705748296197e-05,0.0,2,0.003590664272890485,0.0007468780450942241,0.011468584957237722,0.33912064934277447,0,0.0,0.0,0.004497603075155535,0.0,0.0
MAR08865,560,0.00121114517633037,0.001139621289154903,1.0084391253212966e-05,0.0,2,0.0035714285714285713,0.000742873029108817,0.011407415716412557,0.3391206493427248,0,0.0,0.0,0.0044735734878779895,0.0,0.0
MAR00223,564,0.001202555494233952,0.0011315397979354085,1.0012870747914202e-05,0.0,2,0.0035460992907801418,0.0007375993485767297,0.011326864565964682,0.3391206493427319,0,0.0,0.0,0.004441930629657058,0.0,0.0
MAR09445,572,0.0011857365362716442,0.0011157158605295046,9.872830597585351e-06,0.0,2,0.0034965034965034965,0.0007272734712394761,0.011169127483471916,0.3391206493427177,0,0.0,0.0,0.004379969091767465,0.0,0.0
MAR00452,560,0.0011373623052621541,0.0011373623052589761,9.470050913030796e-06,0.0,1,0.0017857142857142857,0.00019274186956587947,0.008315752072668547,0.63692289094503,0,0.0,0.0,0.0044735734878779895,0.0,0.0
MAR02667,568,0.001087827580509496,0.0009464458186685308,9.087894076952001e-06,0.0,4,0.007042253521126761,0.0023816167584999534,0.016656973239620884,0.15447151641605922,0,0.0,0.0,0.004410732264444036,0.0,0.0
MAR06297,576,0.0010153694779214805,0.0008858570400134191,8.454897352883737e-06,0.0,3,0.005208333333333333,0.0014690130515072224,0.01383367736649547,0.19495093976054056,0,0.0,0.0,0.004349632068826215,0.0,0.0
MAR09885,584,0.0004918797286961957,0.0004918797285884321,4.11416644628332e-06,0.0,1,0.0017123287671232876,0.00018481830831103014,0.007975229215580665,0.2872577614957521,0,0.0,0.0,0.004290201536487618,0.0,0.0
MAR05407,557,0.00045239536393887564,0.00045239536382365525,3.819855610411684e-06,0.0,1,0.0017953321364452424,0.00019378034245828791,0.008360373006427606,0.2519842176498912,0,0.0,0.0,0.004497603075155535,0.0,0.0
MAR04896,542,0.00045208491545052447,0.000452084915328143,3.7642070134733235e-06,0.0,1,0.0018450184501845018,0.0001991452095580343,0.00859085850962717,0.2450300241079759,0,0.0,0.0,0.00462173008405905,0.0,0.0
MAR09048,567,0.0004321517181101038,0.0004321517180030705,3.5982366865174186e-06,0.0,1,0.001763668430335097,0.00019036151646349572,0.008213466049762475,0.245030024107848,0,0.0,0.0,0.00441849069762059,0.0,0.0
MAR11949,556,0.0003614602369085223,0.0001517618506905732,3.0229090282074583e-06,0.0,7,0.012589928057553957,0.005648574765401355,0.024559009946749855,0.02871027023720423,0,0.0,0.0,0.0045056704064922026,0.0,0.0
MAR11948,559,0.00035952037875882503,0.000150950796562218,3.006685902907208e-06,0.0,7,0.012522361359570662,0.005618168326665914,0.024428065197601045,0.028710270237192043,0,0.0,0.0,0.004481554769642852,0.0,0.0
MAR02626,558,0.0003160606564867525,0.0001420595363731865,2.662452750751367e-06,0.0,5,0.008960573476702509,0.0034271034389123617,0.019528157229903836,0.0352723692505719,0,0.0,0.0,0.004489564580987142,0.0,0.0
MAR00104,538,0.0002945490387935916,0.00014498488194976324,2.4525246195643517e-06,0.0,5,0.00929368029739777,0.0035548138219073985,0.02024974551212411,0.03169347656242672,0,0.0,0.0,0.004655996327465773,0.0,0.0
MAR02732,537,0.0002923623802784184,6.039682993045494e-05,2.4461395157225967e-06,0.0,24,0.0446927374301676,0.0295956118586628,0.06467483731978779,0.006541608255949613,0,0.0,0.0,0.004664642427888463,0.0,0.0
MAR03430,537,0.00029236238026415437,6.039682993059704e-05,2.4461395156055456e-06,0.0,24,0.0446927374301676,0.0295956118586628,0.06467483731978779,0.006541608255951383,0,0.0,0.0,0.004664642427888463,0.0,0.0
MAR02609,550,0.00028812251431911646,0.00014183058491245047,2.399014991567509e-06,0.0,5,0.00909090909090909,0.003477070381859648,0.01981053223561542,0.03169347656244094,0,0.0,0.0,0.0045546887593671224,0.0,0.0
MAR03122,555,0.00028552681599191724,0.00014055643770857507,2.37740224389621e-06,0.0,5,0.009009009009009009,0.003445671838030464,0.01963309947007547,0.0316934765624381,0,0.0,0.0,0.004513766730450679,0.0,0.0
MAR02610,557,0.00028450158494969387,0.00014005316575724748,2.368865789723879e-06,0.0,5,0.008976660682226212,0.0034332706288791384,0.019563013104888123,0.03169347656242672,0,0.0,0.0,0.004497603075155535,0.0,0.0
MAR03125,560,0.00028297746941665286,0.00013930497911530517,2.356175438114104e-06,0.0,5,0.008928571428571428,0.003414835290113112,0.01945881676984779,0.03169347656241252,0,0.0,0.0,0.0044735734878779895,0.0,0.0
MAR02730,559,0.00028085616852688083,5.806761177406111e-05,2.3498692664011817e-06,0.0,24,0.04293381037567084,0.028422589365538823,0.06215639221097944,0.006541608255960271,0,0.0,0.0,0.004481554769642852,0.0,0.0
MAR02608,569,0.0002785015515206678,0.0001371076250721772,2.3189072844653384e-06,0.0,5,0.008787346221441126,0.0033606983342065366,0.01915278252237019,0.031693476562375554,0,0.0,0.0,0.004403001029543098,0.0,0.0
MAR03123,579,0.00027369150756249226,0.00013474602108507825,2.2788570732098235e-06,0.0,5,0.008635578583765112,0.003302524517999897,0.01882384029687759,0.03169347656240114,0,0.0,0.0,0.00432715366313485,0.0,0.0
MAR10193,548,0.00021249069377481193,0.00012296821185468196,1.7692670833905028e-06,0.0,3,0.005474452554744526,0.0015441858742648508,0.01453695571045696,0.03881496672676119,0,0.0,0.0,0.004571266087298871,0.0,0.0
MAR09983,556,0.00020943327371288132,0.0001212020507315503,1.7438100029924994e-06,0.0,3,0.00539568345323741,0.001521934181463997,0.014328826999091389,0.03881496672671853,0,0.0,0.0,0.0045056704064922026,0.0,0.0
MAR03817,572,0.00016560436813262898,0.00015826363673655613,1.419898079614585e-06,0.0,4,0.006993006993006993,0.0023649306522930662,0.016541103600390215,0.023681424628342974,0,0.0,0.0,0.004379969091767465,0.0,0.0
MAR01613,568,0.00015933354775704632,0.00015933354764203114,1.3661527892391937e-06,0.0,1,0.0017605633802816902,0.00019002625711924957,0.00819905881099314,0.0905014550607887,0,0.0,0.0,0.004410732264444036,0.0,0.0
MAR00377,551,0.00014442386785637313,4.245642271966173e-05,1.2090217700566214e-06,0.0,12,0.021778584392014518,0.011959223789765367,0.03658910209878583,0.006631462593617199,0,0.0,0.0,0.004546445100963565,0.0,0.0
MAR00573,556,0.00014312509205929432,4.20782564512287e-05,1.1981492720678412e-06,0.0,12,0.02158273381294964,0.011851192588623391,0.036262692733796134,0.006631462593624293,0,0.0,0.0,0.0045056704064922026,0.0,0.0
MAR00376,559,0.00014235697887163742,4.1854572656349826e-05,1.1917191329229929e-06,0.0,12,0.02146690518783542,0.011787305678743924,0.03606962746804173,0.006631462593613652,0,0.0,0.0,0.004481554769642852,0.0,0.0
MAR09078,565,0.00013964970781043775,0.00013964970769571783,1.1627691869457099e-06,0.0,1,0.0017699115044247787,0.00019103559666581332,0.008242432959048623,0.0789020848481953,0,0.0,0.0,0.004434089734923025,0.0,0.0
MAR00465,569,0.00013203250000370378,9.37454384410798e-05,1.099345820960198e-06,0.0,2,0.0035149384885764497,0.0007311116163162736,0.011227761354904492,0.037563246219733,0,0.0,0.0,0.004403001029543098,0.0,0.0
MAR03437,533,0.0001311645854407655,4.082156089271584e-05,1.0972887594284448e-06,0.0,11,0.020637898686679174,0.011013172972236139,0.03543237273116014,0.006355520361659355,0,0.0,0.0,0.004699550344959981,0.0,0.0
MAR20114,556,0.00012905442731738607,7.66245697646794e-05,1.0853041398019762e-06,0.0,3,0.00539568345323741,0.001521934181463997,0.014328826999091389,0.023918087192602838,0,0.0,0.0,0.0045056704064922026,0.0,0.0
MAR03166,544,0.00012649511167051614,4.3887850589814364e-05,1.0607391930061044e-06,0.0,9,0.016544117647058824,0.008216800257041195,0.029975457945007423,0.007645926742591089,0,0.0,0.0,0.004604785407758596,0.0,0.0
MAR04677,545,0.00012626301053944987,4.3807863267677634e-05,1.0587928824898488e-06,0.0,9,0.01651376146788991,0.008201667000190042,0.02992085897173359,0.007645926742600566,0,0.0,0.0,0.004596359577531593,0.0,0.0
MAR04889,555,0.0001239880013394142,4.302373758840686e-05,1.0397155332465417e-06,0.0,9,0.016216216216216217,0.00805334490071871,0.029385612538338098,0.007645926742587933,0,0.0,0.0,0.004513766730450679,0.0,0.0
MAR00412,567,0.00012329933694016297,3.839386452298236e-05,1.0314901390079017e-06,0.0,11,0.019400352733686066,0.010350026143389101,0.033323781823246724,0.006355520361665818,0,0.0,0.0,0.00441849069762059,0.0,0.0
MAR11257,561,0.0001226619263684978,4.2566591810090664e-05,1.0285955802654047e-06,0.0,9,0.016042780748663103,0.007966899051737081,0.029073558569733888,0.007645926742624234,0,0.0,0.0,0.004465620583537596,0.0,0.0
MAR03164,564,0.00012200946941123492,4.2341642422175074e-05,1.023124327993632e-06,0.0,9,0.015957446808510637,0.007924368362421249,0.028920003695867443,0.0076459267425879225,0,0.0,0.0,0.004441930629657058,0.0,0.0
MAR00566,573,0.00012200824439750717,3.799510731329059e-05,1.0206891950685626e-06,0.0,11,0.019197207678883072,0.010241203311435612,0.03297745726673592,0.0063555203616567635,0,0.0,0.0,0.0043723452321952965,0.0,0.0
MAR00413,574,0.00012179568648677644,3.792945158143295e-05,1.0189109909469396e-06,0.0,11,0.01916376306620209,0.010223288268782856,0.03292043511575229,0.0063555203616580645,0,0.0,0.0,0.004364747866934595,0.0,0.0
MAR03885,570,0.00012072515920179535,4.1898801194318495e-05,1.0123545981825736e-06,0.0,9,0.015789473684210527,0.007840654889227241,0.02861770897767396,0.007645926742589511,0,0.0,0.0,0.004395296850147243,0.0,0.0
MAR03163,579,0.00011884860222216042,4.1251638251405336e-05,9.96618515507705e-07,0.0,9,0.015544041450777202,0.007718349311429704,0.028175932853014854,0.007645926742597399,0,0.0,0.0,0.00432715366313485,0.0,0.0
MAR00161,586,0.00011742890911739298,4.076194587702803e-05,9.84713516972211e-07,0.0,9,0.015358361774744027,0.007625829147676264,0.027841646764413003,0.00764592674259741,0,0.0,0.0,0.004275596795360198,0.0,0.0
MAR09680,545,0.00010134001939368002,7.212738463840862e-05,8.547098462259803e-07,0.0,2,0.003669724770642202,0.0007633394683282928,0.011719965723965947,0.027615155251190453,0,0.0,0.0,0.004596359577531593,0.0,0.0
MAR02720,551,9.949627909999431e-05,2.61384986622713e-05,8.37723809577467e-07,0.0,15,0.02722323049001815,0.015999042196801518,0.0433855519483533,0.0036548299814900473,0,0.0,0.0,0.004546445100963565,0.0,0.0
MAR08980,557,9.915675146520042e-05,7.057483444827978e-05,8.36295989523882e-07,0.0,2,0.003590664272890485,0.0007468780450942241,0.011468584957237722,0.027615155251226,0,0.0,0.0,0.004497603075155535,0.0,0.0
MAR02724,562,9.754884303938237e-05,2.563304120291506e-05,8.213270802677586e-07,0.0,15,0.026690391459074734,0.015684270703268065,0.042543702635262304,0.003654829981486267,0,0.0,0.0,0.0044576959055467585,0.0,0.0
MAR03428,566,9.685945192375166e-05,2.5454050281491475e-05,8.155226486154152e-07,0.0,15,0.026501766784452298,0.015572857494079223,0.04224561831150408,0.00365482998148532,0,0.0,0.0,0.0044262764728495866,0.0,0.0
MAR08981,572,9.655648698866973e-05,6.872567422346512e-05,8.143651505147964e-07,0.0,2,0.0034965034965034965,0.0007272734712394761,0.011169127483471916,0.0276151552512118,0,0.0,0.0,0.004379969091767465,0.0,0.0
MAR10376,576,8.754368004204547e-05,5.168406926900066e-05,7.381323413260316e-07,0.0,3,0.005208333333333333,0.0014690130515072224,0.01383367736649547,0.016808386565064767,0,0.0,0.0,0.004349632068826215,0.0,0.0
MAR02295,553,8.355622587761872e-05,6.50791324540365e-05,6.957164920077289e-07,0.0,2,0.003616636528028933,0.0007522857281066704,0.011551171740272103,0.02310329642384085,0,0.0,0.0,0.00453004698365408,0.0,0.0
MAR01633,575,8.263551730208176e-05,6.10364898025304e-05,6.880997789800123e-07,0.0,2,0.0034782608695652175,0.0007234754142576682,0.011111102823632242,0.0237577111920046,0,0.0,0.0,0.004357176858116289,0.0,0.0
MAR02666,565,8.178158037454219e-05,6.369771536656894e-05,6.809402125504483e-07,0.0,2,0.0035398230088495575,0.0007362926071112531,0.011306904212170333,0.02310329642384085,0,0.0,0.0,0.004434089734923025,0.0,0.0
MAR02611,542,8.099626452629187e-05,7.637308915404578e-05,6.744142111415027e-07,0.0,2,0.0036900369003690036,0.0007675688320628675,0.011784542272001944,0.0219499876538975,0,0.0,0.0,0.00462173008405905,0.0,0.0
MAR02281,548,8.010944411542684e-05,7.553698278761163e-05,6.670301139698453e-07,0.0,2,0.0036496350364963502,0.0007591564574653875,0.011656093041127805,0.0219499876539117,0,0.0,0.0,0.004571266087298871,0.0,0.0
MAR00105,549,7.99635252642902e-05,7.539940831321782e-05,6.658151227908316e-07,0.0,2,0.0036429872495446266,0.0007577722896811624,0.011634956575945635,0.021949987653876152,0,0.0,0.0,0.004562962366977274,0.0,0.0
MAR08037,546,7.567473956807595e-05,7.567473945045178e-05,6.300926566864606e-07,0.0,1,0.0018315018315018315,0.00019768574572230873,0.008528162183163471,0.0413184077400643,0,0.0,0.0,0.004587964526068459,0.0,0.0
MAR08864,550,7.51243778256076e-05,7.51243777092805e-05,6.255101646365272e-07,0.0,1,0.0018181818181818182,0.00019624751803256043,0.008466374340576151,0.0413184077402206,0,0.0,0.0,0.0045546887593671224,0.0,0.0
MAR02287,566,7.509630539803478e-05,5.7489031521907905e-05,6.383024282685558e-07,0.0,2,0.0035335689045936395,0.0007349904875443157,0.011287014082813424,0.02125225442411955,0,0.0,0.0,0.0044262764728495866,0.0,0.0
MAR03030,548,7.438465379076863e-05,5.3486078691980025e-05,6.302627104745694e-07,0.0,2,0.0036496350364963502,0.0007591564574653875,0.011656093041127805,0.020381395134606302,0,0.0,0.0,0.004571266087298871,0.0,0.0
MAR02633,574,7.40496670879919e-05,5.66882845133003e-05,6.294062279499324e-07,0.0,2,0.003484320557491289,0.0007247370178555583,0.011130377273836317,0.02125225442411245,0,0.0,0.0,0.004364747866934595,0.0,0.0
MAR00197,562,7.35202984804855e-05,7.352029847009968e-05,6.121540748513747e-07,0.0,1,0.0017793594306049821,0.00019205571584528607,0.008286268455670891,0.0413184077402064,0,0.0,0.0,0.0044576959055467585,0.0,0.0
MAR09444,581,7.111602021002647e-05,7.11160202069148e-05,5.921352668406135e-07,0.0,1,0.0017211703958691911,0.00018577294214409102,0.008016261595796527,0.0413184077402206,0,0.0,0.0,0.004312296689115291,0.0,0.0
MAR11280,554,6.992209428806146e-05,6.992209417406626e-05,5.821942487349562e-07,0.0,1,0.0018050541516245488,0.0001948300663369036,0.008405475377803737,0.0387368401725467,0,0.0,0.0,0.004521892203603858,0.0,0.0
MAR03029,584,6.979929851456811e-05,5.0191633004003694e-05,5.914109003414645e-07,0.0,2,0.003424657534246575,0.0007123155881642558,0.010940590624988592,0.02038139513464895,0,0.0,0.0,0.004290201536487618,0.0,0.0
MAR06344,546,6.964588205410441e-05,4.9623331248977286e-05,5.896157344538805e-07,0.0,2,0.003663003663003663,0.0007619400188238152,0.011698597192799653,0.019013325773407502,0,0.0,0.0,0.004587964526068459,0.0,0.0
MAR00759,559,6.802621038485913e-05,4.847030311381235e-05,5.759037406826917e-07,0.0,2,0.0035778175313059034,0.0007442032533838798,0.011427732833913365,0.0190133257734714,0,0.0,0.0,0.004481554769642852,0.0,0.0
MAR10345,581,6.667270264471742e-05,6.667270253428928e-05,5.551387500997356e-07,0.0,1,0.0017211703958691911,0.00018577294214409102,0.008016261595796527,0.0387368401725325,0,0.0,0.0,0.004312296689115291,0.0,0.0
MAR00112,567,5.894365762378516e-05,2.7064580240532638e-05,4.909223841199244e-07,0.0,5,0.008818342151675485,0.0033725799029023637,0.019219955341684646,0.00668421076121314,0,0.0,0.0,0.00441849069762059,0.0,0.0
MAR03106,553,5.604244371203958e-05,5.6042443595855554e-05,4.66627733998899e-07,0.0,1,0.0018083182640144665,0.0001951825061751891,0.008420617836866456,0.0309914713086243,0,0.0,0.0,0.00453004698365408,0.0,0.0
MAR02278,560,5.5341913165715215e-05,5.534191305090981e-05,4.6079488732508604e-07,0.0,1,0.0017857142857142857,0.00019274186956587947,0.008315752072668547,0.0309914713086243,0,0.0,0.0,0.0044735734878779895,0.0,0.0
MAR02121,561,5.5243264376249604e-05,5.524326436472867e-05,4.599735052074123e-07,0.0,1,0.0017825311942959,0.0001923981809462761,0.008300984084252934,0.0309914713086243,0,0.0,0.0,0.004465620583537596,0.0,0.0
MAR00361,557,4.96954520800131e-05,1.906415030947864e-05,4.195288600860937e-07,0.0,7,0.012567324955116697,0.005638402781492733,0.02451520599820395,0.003954338106047214,0,0.0,0.0,0.004497603075155535,0.0,0.0
MAR00360,563,4.916583801832723e-05,1.8862027449092143e-05,4.150578597403566e-07,0.0,7,0.012433392539964476,0.005578132005993336,0.0242556289033777,0.003954338106069543,0,0.0,0.0,0.004449799303901048,0.0,0.0
MAR08415,557,4.902227592060475e-05,3.539309278319388e-05,4.0822652331668157e-07,0.0,2,0.003590664272890485,0.0007468780450942241,0.011468584957237722,0.013652703842154699,0,0.0,0.0,0.004497603075155535,0.0,0.0
MAR00701,572,4.8392249664234355e-05,1.856675306628523e-05,4.0852722913146515e-07,0.0,7,0.012237762237762238,0.005490103688224972,0.023876408720450888,0.0039543381060594,0,0.0,0.0,0.004379969091767465,0.0,0.0
MAR08414,579,4.715959887628103e-05,3.404934595839536e-05,3.927153264234681e-07,0.0,2,0.0034542314335060447,0.0007184726195117348,0.011034667975510372,0.013652703842140502,0,0.0,0.0,0.00432715366313485,0.0,0.0
MAR00075,542,4.472110563895355e-05,4.4721105523454233e-05,3.8334267488297213e-07,0.0,1,0.0018450184501845018,0.0001991452095580343,0.00859085850962717,0.0242388391938277,0,0.0,0.0,0.00462173008405905,0.0,0.0
MAR03984,543,4.463874632846309e-05,4.463874621309821e-05,3.826367031048622e-07,0.0,1,0.001841620626151013,0.00019877832703589762,0.008575098163916136,0.0242388391938277,0,0.0,0.0,0.004613242186326175,0.0,0.0
MAR12563,552,4.391094058346016e-05,4.3910940568475574e-05,3.7639806038758895e-07,0.0,1,0.0018115942028985507,0.0001955362234237725,0.008435814952354516,0.0242388391938135,0,0.0,0.0,0.004538231229443332,0.0,0.0
MAR00282,553,4.383153562825548e-05,4.383153561265442e-05,3.757174129064569e-07,0.0,1,0.0018083182640144665,0.0001951825061751891,0.008420617836866456,0.0242388391938135,0,0.0,0.0,0.00453004698365408,0.0,0.0
MAR00777,555,4.367358424286895e-05,4.36735841328246e-05,3.7436347707101856e-07,0.0,1,0.0018018018018018018,0.00019447889700155037,0.008390387280839507,0.0242388391938277,0,0.0,0.0,0.004513766730450679,0.0,0.0
MAR12948,559,4.33610719142001e-05,4.3361071903045354e-05,3.7168466783070066e-07,0.0,1,0.0017889087656529517,0.0001930867882726941,0.008330572700867386,0.0242388391938135,0,0.0,0.0,0.004481554769642852,0.0,0.0
MAR12944,561,4.320648709306926e-05,4.320648697628649e-05,3.703595896802027e-07,0.0,1,0.0017825311942959,0.0001923981809462761,0.008300984084252934,0.0242388391938135,0,0.0,0.0,0.004465620583537596,0.0,0.0
MAR00283,565,4.290060045556263e-05,4.290060034278287e-05,3.677375748595574e-07,0.0,1,0.0017699115044247787,0.00019103559666581332,0.008242432959048623,0.0242388391937851,0,0.0,0.0,0.004434089734923025,0.0,0.0
MAR12660,568,4.2674012679375506e-05,4.267401266508947e-05,3.6579529812082607e-07,0.0,1,0.0017605633802816902,0.00019002625711924957,0.00819905881099314,0.0242388391937851,0,0.0,0.0,0.004410732264444036,0.0,0.0
MAR12727,573,4.230163918025735e-05,4.230163908147699e-05,3.6260336777751e-07,0.0,1,0.0017452006980802793,0.00018836751925962897,0.008127774173760599,0.0242388391937851,0,0.0,0.0,0.0043723452321952965,0.0,0.0
MAR00567,573,4.2301639095512995e-05,4.2301639081674795e-05,3.626033670704613e-07,0.0,1,0.0017452006980802793,0.00018836751925962897,0.008127774173760599,0.0242388391938135,0,0.0,0.0,0.0043723452321952965,0.0,0.0
MAR00872,574,4.222794295859113e-05,4.222794284616914e-05,3.619716547069666e-07,0.0,1,0.0017421602787456446,0.00018803924061887482,0.008113665731250394,0.0242388391938135,0,0.0,0.0,0.004364747866934595,0.0,0.0
MAR12562,577,4.200838692072362e-05,4.2008386817472884e-05,3.600896529656612e-07,0.0,1,0.0017331022530329288,0.00018706123430587635,0.008071632758268285,0.0242388391937851,0,0.0,0.0,0.004342113363096878,0.0,0.0
MAR12665,577,4.2008386919418287e-05,4.200838681747515e-05,3.600896529547968e-07,0.0,1,0.0017331022530329288,0.00018706123430587635,0.008071632758268285,0.0242388391937851,0,0.0,0.0,0.004342113363096878,0.0,0.0
MAR02722,554,4.14208452117533e-05,1.6187358799657648e-05,3.4928733849270896e-07,0.0,7,0.01263537906137184,0.005669029237638229,0.02464708912808181,0.0032781640270391718,0,0.0,0.0,0.004521892203603858,0.0,0.0
MAR03947,559,3.7930114871695636e-05,3.070763512849933e-05,3.1586937648894616e-07,0.0,2,0.0035778175313059034,0.0007442032533838798,0.011427732833913365,0.010601467075112149,0,0.0,0.0,0.004481554769642852,0.0,0.0
MAR02484,551,3.7674143231687076e-05,1.580008961105544e-05,3.1713173719942717e-07,0.0,6,0.010889292196007259,0.004557561418995468,0.022306480597657437,0.0034597421431261832,0,0.0,0.0,0.004546445100963565,0.0,0.0
MAR00356,563,3.687114185362149e-05,1.54647241701191e-05,3.103722677124523e-07,0.0,6,0.010657193605683837,0.00446015955463088,0.021833938762358583,0.0034597421431025164,0,0.0,0.0,0.004449799303901048,0.0,0.0
MAR00577,567,3.661102808716093e-05,1.535607705272596e-05,3.081826935389361e-07,0.0,6,0.010582010582010581,0.004428610893157879,0.021680842552848453,0.0034597421430977663,0,0.0,0.0,0.00441849069762059,0.0,0.0
MAR00357,570,3.6418338364229074e-05,1.527558826049346e-05,3.065606785183644e-07,0.0,6,0.010526315789473684,0.004405240747246635,0.021567421940557364,0.0034597421431025173,0,0.0,0.0,0.004395296850147243,0.0,0.0
MAR03104,547,3.2379105942323554e-05,3.23791058325408e-05,2.6959903662439894e-07,0.0,1,0.0018281535648994515,0.00019732421611597548,0.008512630827699149,0.0177113708905096,0,0.0,0.0,0.004579600085029117,0.0,0.0
MAR03103,548,3.2320019983586165e-05,3.232001987296493e-05,2.691070675877776e-07,0.0,1,0.0018248175182481751,0.00019696400643367813,0.008497155940003023,0.0177113708904954,0,0.0,0.0,0.004571266087298871,0.0,0.0
MAR03102,570,3.1072580623302994e-05,3.107258050939138e-05,2.5872047907427613e-07,0.0,1,0.0017543859649122807,0.000189359268692463,0.008170395432987091,0.017711370890467,0,0.0,0.0,0.004395296850147243,0.0,0.0
MAR00216,534,3.094372871571046e-05,3.0943728605463016e-05,2.577008174089408e-07,0.0,1,0.0018726591760299626,0.00020212975523694937,0.008719057955849067,0.0165239510754275,0,0.0,0.0,0.004690774475909901,0.0,0.0
MAR03105,576,3.074890780868012e-05,3.0748907796050995e-05,2.560254732535673e-07,0.0,1,0.001736111111111111,0.00018738610407250116,0.008085595276362871,0.017711370890538,0,0.0,0.0,0.004349632068826215,0.0,0.0
MAR01462,554,2.982662650535782e-05,2.982662648988778e-05,2.4839753804558286e-07,0.0,1,0.0018050541516245488,0.0001948300663369036,0.008405475377803737,0.0165239510754133,0,0.0,0.0,0.004521892203603858,0.0,0.0
MAR00067,557,2.9665980492592684e-05,2.9665980386573578e-05,2.4705967055271156e-07,0.0,1,0.0017953321364452424,0.00019378034245828791,0.008360373006427606,0.0165239510754275,0,0.0,0.0,0.004497603075155535,0.0,0.0
MAR01648,559,2.9559841035561774e-05,2.955984092169666e-05,2.4617573619763353e-07,0.0,1,0.0017889087656529517,0.0001930867882726941,0.008330572700867386,0.0165239510753423,0,0.0,0.0,0.004481554769642852,0.0,0.0
MAR03386,564,2.9297785709046362e-05,2.9297785594526556e-05,2.4399332720382535e-07,0.0,1,0.0017730496453900709,0.00019137443015776614,0.008256993168099334,0.0165239510754275,0,0.0,0.0,0.004441930629657058,0.0,0.0
MAR01645,569,2.90403359144575e-05,2.9040335808851836e-05,2.4184927329709725e-07,0.0,1,0.0017574692442882249,0.00018969217659772826,0.008184702026926947,0.0165239510753423,0,0.0,0.0,0.004403001029543098,0.0,0.0
MAR01799,565,2.9034034624918594e-05,1.4479488744601885e-05,2.43561479800035e-07,0.0,4,0.007079646017699115,0.0023942866828198382,0.016744946382631645,0.004101057388378775,0,0.0,0.0,0.004434089734923025,0.0,0.0
MAR00217,573,2.883761106522008e-05,2.8837610951682303e-05,2.4016097128649844e-07,0.0,1,0.0017452006980802793,0.00018836751925962897,0.008127774173760599,0.0165239510754275,0,0.0,0.0,0.0043723452321952965,0.0,0.0
MAR00611,573,2.8837611064104063e-05,2.8837610951659433e-05,2.401609712762576e-07,0.0,1,0.0017452006980802793,0.00018836751925962897,0.008127774173760599,0.0165239510754133,0,0.0,0.0,0.0043723452321952965,0.0,0.0
MAR02731,588,2.554531657270088e-05,1.8047873854353724e-05,2.1275855996264407e-07,0.0,2,0.003401360544217687,0.0007074654250428107,0.010866475888131083,0.0075103230408757,0,0.0,0.0,0.004261091151880009,0.0,0.0
MAR02727,534,2.4410418536836443e-05,9.174980840356982e-06,2.0498928688338653e-07,0.0,7,0.013108614232209739,0.005882027767142422,0.02556392013323658,0.0018621662046395,0,0.0,0.0,0.004690774475909901,0.0,0.0
MAR00365,544,2.3961697610750064e-05,9.007267053928217e-06,2.0122110148587331e-07,0.0,7,0.012867647058823529,0.00577356466753934,0.025097134446404865,0.0018621662046455858,0,0.0,0.0,0.004604785407758596,0.0,0.0
MAR03429,553,2.3571724122158233e-05,8.861481887851508e-06,1.9794625443800387e-07,0.0,7,0.012658227848101266,0.0056793121268542395,0.024691366054021863,0.0018621662046212285,0,0.0,0.0,0.00453004698365408,0.0,0.0
MAR00571,556,2.3444538654482283e-05,8.813929846279611e-06,1.968781998907399e-07,0.0,7,0.012589928057553957,0.005648574765401355,0.024559009946749855,0.0018621662046273287,0,0.0,0.0,0.0045056704064922026,0.0,0.0
MAR02726,558,2.3360508057244157e-05,8.782510982942746e-06,1.9617254331962045e-07,0.0,7,0.012544802867383513,0.0056282673675342775,0.024471558025683016,0.001862166204609057,0,0.0,0.0,0.004489564580987142,0.0,0.0
MAR02729,568,2.2949231511318813e-05,8.628717603049897e-06,1.9271880139658836e-07,0.0,7,0.01232394366197183,0.00552888195429631,0.02404347691294944,0.001862166204637471,0,0.0,0.0,0.004410732264444036,0.0,0.0
MAR00364,568,2.294923150531411e-05,8.628717603049492e-06,1.9271880134693722e-07,0.0,7,0.01232394366197183,0.00552888195429631,0.02404347691294944,0.0018621662046313713,0,0.0,0.0,0.004410732264444036,0.0,0.0
MAR02629,560,2.2140193236681127e-05,2.2140193121850303e-05,1.843464973316067e-07,0.0,1,0.0017857142857142857,0.00019274186956587947,0.008315752072668547,0.012398508148351,0,0.0,0.0,0.0044735734878779895,0.0,0.0
MAR02364,542,1.5024182218325946e-05,1.0614996740119263e-05,1.2694855728630483e-07,0.0,2,0.0036900369003690036,0.0007675688320628675,0.011784542272001944,0.00407155337830995,0,0.0,0.0,0.00462173008405905,0.0,0.0
MAR02695,548,1.4859683978465828e-05,1.0498880732216599e-05,1.2555861045785252e-07,0.0,2,0.0036496350364963502,0.0007591564574653875,0.011656093041127805,0.0040715533783028494,0,0.0,0.0,0.004571266087298871,0.0,0.0
MAR02362,551,1.477877826343944e-05,1.044177017655062e-05,1.2487498830385816e-07,0.0,2,0.003629764065335753,0.000755019041601116,0.011592912778088896,0.0040715533783028494,0,0.0,0.0,0.004546445100963565,0.0,0.0
MAR02365,553,1.4725328781283352e-05,1.040404040587937e-05,1.2442336075562074e-07,0.0,2,0.003616636528028933,0.0007522857281066704,0.011551171740272103,0.00407155337830995,0,0.0,0.0,0.00453004698365408,0.0,0.0
MAR11256,554,1.4698748672549222e-05,1.0385277584251805e-05,1.2419876907564983e-07,0.0,2,0.0036101083032490976,0.0007509264792946119,0.011530413736258667,0.0040715533783242,0,0.0,0.0,0.004521892203603858,0.0,0.0
MAR02693,558,1.4593381393112995e-05,1.0310898191484794e-05,1.2330845610767178e-07,0.0,2,0.0035842293906810036,0.0007455382501357937,0.011448122451270372,0.0040715533783383506,0,0.0,0.0,0.004489564580987142,0.0,0.0
MAR02599,558,1.4593381297406176e-05,1.0310898191746285e-05,1.2330845530892585e-07,0.0,2,0.0035842293906810036,0.0007455382501357937,0.011448122451270372,0.00407155337834545,0,0.0,0.0,0.004489564580987142,0.0,0.0
MAR02363,560,1.4541262072523463e-05,1.0274106597767221e-05,1.2286806792140026e-07,0.0,2,0.0035714285714285713,0.000742873029108817,0.011407415716412557,0.00407155337831705,0,0.0,0.0,0.0044735734878779895,0.0,0.0
MAR02361,564,1.443813266292618e-05,1.0201305509890213e-05,1.2199666408662463e-07,0.0,2,0.0035460992907801418,0.0007375993485767297,0.011326864565964682,0.0040715533783028494,0,0.0,0.0,0.004441930629657058,0.0,0.0
MAR03414,572,1.423620074219158e-05,1.0058755234273627e-05,1.2029041707403233e-07,0.0,2,0.0034965034965034965,0.0007272734712394761,0.011169127483471916,0.0040715533783028494,0,0.0,0.0,0.004379969091767465,0.0,0.0
MAR04886,588,1.3848821125688135e-05,9.785281466844297e-06,1.1701720841026297e-07,0.0,2,0.003401360544217687,0.0007074654250428107,0.010866475888131083,0.0040715533783384,0,0.0,0.0,0.004261091151880009,0.0,0.0
MAR02697,589,1.382530869815276e-05,9.768682254921819e-06,1.1681853744617935e-07,0.0,2,0.003395585738539898,0.0007062631869825766,0.010848103835724801,0.0040715533783028494,0,0.0,0.0,0.00425387517710073,0.0,0.0
MAR01685,554,5.0833255655791024e-06,3.591202470652802e-06,4.3570298528283624e-08,0.0,2,0.0036101083032490976,0.0007509264792946119,0.011530413736258667,0.0014080811508847,0,0.0,0.0,0.004521892203603858,0.0,0.0
MAR03398,551,4.685240704430202e-06,4.6852405943606735e-06,3.902343444549975e-08,0.0,1,0.0018148820326678765,0.00019589122504018103,0.008451067020723334,0.0025815675676028,0,0.0,0.0,0.004546445100963565,0.0,0.0
MAR02613,556,4.643107249739735e-06,4.643107135822453e-06,3.86725043206206e-08,0.0,1,0.0017985611510791368,0.00019412899131147516,0.00837535325375638,0.0025815675676312,0,0.0,0.0,0.0045056704064922026,0.0,0.0
MAR01610,550,4.5193517543782786e-06,3.220956920149748e-06,3.873635527360448e-08,0.0,2,0.0036363636363636364,0.0007563931602127227,0.011613896626511126,0.0012428217028314999,0,0.0,0.0,0.0045546887593671224,0.0,0.0
MAR04971,556,2.586021791692596e-06,2.5329887460399535e-06,2.2152257926984468e-08,0.0,2,0.0035971223021582736,0.0007482226641741225,0.011489120743353913,0.0007189140269900861,0,0.0,0.0,0.0045056704064922026,0.0,0.0
MAR01605,548,2.569491269344688e-06,2.569491151137398e-06,2.202367330921841e-08,0.0,1,0.0018248175182481751,0.00019696400643367813,0.008497155940003023,0.0014080811509415,0,0.0,0.0,0.004571266087298871,0.0,0.0
MAR02716,543,2.3281164680049295e-06,2.328116354291875e-06,1.9472765584161642e-08,0.0,1,0.001841620626151013,0.00019877832703589762,0.008575098163916136,0.0012641671804942,0,0.0,0.0,0.004613242186326175,0.0,0.0
MAR09719,562,2.249407806029467e-06,2.2494077944530666e-06,1.8814432834393394e-08,0.0,1,0.0017793594306049821,0.00019205571584528607,0.008286268455670891,0.0012641671804942,0,0.0,0.0,0.0044576959055467585,0.0,0.0
MAR02714,567,2.2295718637732194e-06,2.2295717466968697e-06,1.86485216052701e-08,0.0,1,0.001763668430335097,0.00019036151646349572,0.008213466049762475,0.0012641671804942,0,0.0,0.0,0.00441849069762059,0.0,0.0
MAR00443,539,1.98952971205355e-06,1.2373845671824886e-06,1.6567861778064314e-08,0.0,3,0.0055658627087198514,0.0015700097896422943,0.014778447578583351,0.0003574521703057667,0,0.0,0.0,0.004647382219459146,0.0,0.0
MAR02339,544,1.9712435990712543e-06,1.226028147788246e-06,1.64155836824178e-08,0.0,3,0.0055147058823529415,0.0015555575188867415,0.014643303951116553,0.00035745217029153334,0,0.0,0.0,0.004604785407758596,0.0,0.0
MAR02337,577,1.8585034967992868e-06,1.1560051650229713e-06,1.547673747241887e-08,0.0,3,0.005199306759098787,0.0014664634373820849,0.013809816624831195,0.0003574521702868,0,0.0,0.0,0.004342113363096878,0.0,0.0
MAR06662,545,1.6901498173271208e-06,9.740130844916276e-07,1.4074300455793354e-08,0.0,3,0.005504587155963303,0.0015526989348022622,0.014616571281730448,0.00030704388292213336,0,0.0,0.0,0.004596359577531593,0.0,0.0
MAR04692,539,1.4267409298044443e-06,1.4267408057104048e-06,1.1879512077168599e-08,0.0,1,0.0018552875695732839,0.00020025402817198942,0.00863848906700479,0.000769013294402,0,0.0,0.0,0.004647382219459146,0.0,0.0
MAR04693,547,1.4058745218251244e-06,1.405874395358932e-06,1.1705771532966528e-08,0.0,1,0.0018281535648994515,0.00019732421611597548,0.008512630827699149,0.0007690132943878,0,0.0,0.0,0.004579600085029117,0.0,0.0
MAR09091,552,1.3931401299431136e-06,1.393140025876332e-06,1.1599740819698955e-08,0.0,1,0.0018115942028985507,0.0001955362234237725,0.008435814952354516,0.0007690132943878,0,0.0,0.0,0.004538231229443332,0.0,0.0
MAR11826,559,1.3756947342260644e-06,1.3756946230859788e-06,1.1454484740823706e-08,0.0,1,0.0017889087656529517,0.0001930867882726941,0.008330572700867386,0.0007690132944162,0,0.0,0.0,0.004481554769642852,0.0,0.0
MAR12773,564,1.363498863558807e-06,1.3634987487613556e-06,1.135293792932595e-08,0.0,1,0.0017730496453900709,0.00019137443015776614,0.008256993168099334,0.0007690132944162,0,0.0,0.0,0.004441930629657058,0.0,0.0
MAR11827,565,1.3610855859017482e-06,1.361085476599114e-06,1.1332844189363542e-08,0.0,1,0.0017699115044247787,0.00019103559666581332,0.008242432959048623,0.0007690132943878,0,0.0,0.0,0.004434089734923025,0.0,0.0
MAR09886,569,1.3515172165569996e-06,1.3515172132544768e-06,1.1253174816446984e-08,0.0,1,0.0017574692442882249,0.00018969217659772826,0.008184702026926947,0.0007690132943451,0,0.0,0.0,0.004403001029543098,0.0,0.0
MAR12772,571,1.3467833639174672e-06,1.3467833527233023e-06,1.1213759207230897e-08,0.0,1,0.0017513134851138354,0.00018902752724047776,0.008156138766443392,0.0007690132944162,0,0.0,0.0,0.00438761958448344,0.0,0.0
MAR11825,574,1.3397444285055498e-06,1.3397444152867271e-06,1.1155150726454687e-08,0.0,1,0.0017421602787456446,0.00018803924061887482,0.008113665731250394,0.0007690132943878,0,0.0,0.0,0.004364747866934595,0.0,0.0
MAR08720,559,2.0734875865188357e-08,2.0734871968664144e-08,1.7503214336068256e-10,0.0,1,0.0017889087656529517,0.0001930867882726941,0.008330572700867386,1.159079343437952e-05,0,0.0,0.0,0.004481554769642852,0.0,0.0
MAR09209,567,2.0442318091860807e-08,2.044231648498126e-08,1.7256253622481605e-10,0.0,1,0.001763668430335097,0.00019036151646349572,0.008213466049762475,1.1590793448590375e-05,0,0.0,0.0,0.00441849069762059,0.0,0.0
MAR02343,514,1.2742768362328023e-13,1.1195521725550433e-13,1.05847433581143e-15,0.0,0,0.0,0.0,0.004872760856169868,0.0,0,0.0,0.0,0.004872760856169868,0.0,0.0
MAR02244,543,1.2593486719991168e-13,1.0599306718355183e-13,1.0456643289270097e-15,0.0,0,0.0,0.0,0.004613242186326175,0.0,0,0.0,0.0,0.004613242186326175,0.0,0.0
MAR04467,534,1.2574211335080424e-13,1.0774142017261671e-13,1.0437402619033187e-15,0.0,0,0.0,0.0,0.004690774475909901,0.0,0,0.0,0.0,0.004690774475909901,0.0,0.0
MAR02109,530,1.2543090256172637e-13,1.0859420490405764e-13,1.0412719530025865e-15,0.0,0,0.0,0.0,0.0047260760867549505,0.0,0,0.0,0.0,0.0047260760867549505,0.0,0.0
MAR02275,532,1.2538675194202671e-13,1.0820395776996484e-13,1.0410660430931227e-15,0.0,0,0.0,0.0,0.004708359112657833,0.0,0,0.0,0.0,0.004708359112657833,0.0,0.0
MAR08682,524,1.2526705711740088e-13,1.0981901555826916e-13,1.0408709204771829e-15,0.0,0,0.0,0.0,0.004780036142715172,0.0,0,0.0,0.0,0.004780036142715172,0.0,0.0
MAR01150,540,1.249765723009154e-13,1.065828073318856e-13,1.037765321078865e-15,0.0,0,0.0,0.0,0.00463879992662872,0.0,0,0.0,0.0,0.00463879992662872,0.0,0.0
MAR03421,540,1.2484499031281167e-13,1.0655778346944415e-13,1.0365027898065945e-15,0.0,0,0.0,0.0,0.00463879992662872,0.0,0,0.0,0.0,0.00463879992662872,0.0,0.0
MAR03243,539,1.246547701177645e-13,1.0675795827797479e-13,1.0357536340818928e-15,0.0,0,0.0,0.0,0.004647382219459146,0.0,0,0.0,0.0,0.004647382219459146,0.0,0.0
MAR10103,525,1.246494970733433e-13,1.0973095039988818e-13,1.0349426624738163e-15,0.0,0,0.0,0.0,0.0047709573947254695,0.0,0,0.0,0.0,0.0047709573947254695,0.0,0.0
MAR02099,536,1.2455708106719966e-13,1.0738820558339761e-13,1.0351499155473851e-15,0.0,0,0.0,0.0,0.004673320699286043,0.0,0,0.0,0.0,0.004673320699286043,0.0,0.0
MAR02703,523,1.244468730317881e-13,1.1013925968534044e-13,1.0327860998028943e-15,0.0,0,0.0,0.0,0.004789149508756816,0.0,0,0.0,0.0,0.004789149508756816,0.0,0.0
MAR02752,540,1.2439761155325901e-13,1.0667346414479925e-13,1.0329643479013712e-15,0.0,0,0.0,0.0,0.00463879992662872,0.0,0,0.0,0.0,0.00463879992662872,0.0,0.0
MAR04548,546,1.243840195676747e-13,1.0537488184020786e-13,1.0336372858161824e-15,0.0,0,0.0,0.0,0.004587964526068459,0.0,0,0.0,0.0,0.004587964526068459,0.0,0.0
MAR11951,534,1.2430506062679506e-13,1.0771476584541139e-13,1.0324525695193589e-15,0.0,0,0.0,0.0,0.004690774475909901,0.0,0,0.0,0.0,0.004690774475909901,0.0,0.0
MAR09066,535,1.242852134811779e-13,1.0754442296564119e-13,1.0325240637381615e-15,0.0,0,0.0,0.0,0.004682031321548599,0.0,0,0.0,0.0,0.004682031321548599,0.0,0.0
MAR03639,543,1.242599229977516e-13,1.059690942558833e-13,1.0319115671645118e-15,0.0,0,0.0,0.0,0.004613242186326175,0.0,0,0.0,0.0,0.004613242186326175,0.0,0.0
MAR04329,536,1.2415938923748318e-13,1.0736068353190767e-13,1.0311041106711145e-15,0.0,0,0.0,0.0,0.004673320699286043,0.0,0,0.0,0.0,0.004673320699286043,0.0,0.0
MAR12569,533,1.2408502409859311e-13,1.0791355529736978e-13,1.030202114888683e-15,0.0,0,0.0,0.0,0.004699550344959981,0.0,0,0.0,0.0,0.004699550344959981,0.0,0.0
MAR03068,539,1.2407473523142973e-13,1.0686602465300824e-13,1.0305510343513538e-15,0.0,0,0.0,0.0,0.004647382219459146,0.0,0,0.0,0.0,0.004647382219459146,0.0,0.0
MAR13058,529,1.2389501313140198e-13,1.0873203974295672e-13,1.02972569936015e-15,0.0,0,0.0,0.0,0.004734984668033456,0.0,0,0.0,0.0,0.004734984668033456,0.0,0.0
MAR03129,537,1.238752531133344e-13,1.0725922325551194e-13,1.02919921002634e-15,0.0,0,0.0,0.0,0.004664642427888463,0.0,0,0.0,0.0,0.004664642427888463,0.0,0.0
MAR07876,542,1.2378126404145509e-13,1.0616211094038438e-13,1.0283903128965147e-15,0.0,0,0.0,0.0,0.00462173008405905,0.0,0,0.0,0.0,0.00462173008405905,0.0,0.0
MAR12982,535,1.2372740423067465e-13,1.0755769119944429e-13,1.0281903559555076e-15,0.0,0,0.0,0.0,0.004682031321548599,0.0,0,0.0,0.0,0.004682031321548599,0.0,0.0
MAR09894,539,1.2370562212194396e-13,1.0685075520311e-13,1.027127023050241e-15,0.0,0,0.0,0.0,0.004647382219459146,0.0,0,0.0,0.0,0.004647382219459146,0.0,0.0
MAR00456,541,1.236423163483472e-13,1.0644831673075755e-13,1.0270086911802195e-15,0.0,0,0.0,0.0,0.004630249273041442,0.0,0,0.0,0.0,0.004630249273041442,0.0,0.0
MAR02233,549,1.2360078554661124e-13,1.0482995079342783e-13,1.0263292252037188e-15,0.0,0,0.0,0.0,0.004562962366977274,0.0,0,0.0,0.0,0.004562962366977274,0.0,0.0
MAR02066,550,1.2358276018692944e-13,1.046430329237589e-13,1.0269339285651855e-15,0.0,0,0.0,0.0,0.0045546887593671224,0.0,0,0.0,0.0,0.0045546887593671224,0.0,0.0
MAR00323,546,1.234470401359031e-13,1.0538842460587526e-13,1.0255192252562487e-15,0.0,0,0.0,0.0,0.004587964526068459,0.0,0,0.0,0.0,0.004587964526068459,0.0,0.0
MAR03727,554,1.2340870403400153e-13,1.0385552876882016e-13,1.0246847364409555e-15,0.0,0,0.0,0.0,0.004521892203603858,0.0,0,0.0,0.0,0.004521892203603858,0.0,0.0
MAR03660,543,1.2339627989351279e-13,1.0597209908944676e-13,1.0244250648281647e-15,0.0,0,0.0,0.0,0.004613242186326175,0.0,0,0.0,0.0,0.004613242186326175,0.0,0.0
MAR04523,557,1.2330531568863785e-13,1.0328555946594794e-13,1.0242917816482568e-15,0.0,0,0.0,0.0,0.004497603075155535,0.0,0,0.0,0.0,0.004497603075155535,0.0,0.0
MAR12683,543,1.232915958808778e-13,1.0590877081388671e-13,1.0238540846583026e-15,0.0,0,0.0,0.0,0.004613242186326175,0.0,0,0.0,0.0,0.004613242186326175,0.0,0.0
MAR08091,538,1.2324878829206793e-13,1.0696656196934093e-13,1.0232993230044815e-15,0.0,0,0.0,0.0,0.004655996327465773,0.0,0,0.0,0.0,0.004655996327465773,0.0,0.0
MAR10436,542,1.2323065896946387e-13,1.0632946570045031e-13,1.02368282173781e-15,0.0,0,0.0,0.0,0.00462173008405905,0.0,0,0.0,0.0,0.00462173008405905,0.0,0.0
MAR03189,554,1.2322914449788886e-13,1.0396300740927313e-13,1.0235845751040923e-15,0.0,0,0.0,0.0,0.004521892203603858,0.0,0,0.0,0.0,0.004521892203603858,0.0,0.0
MAR13043,546,1.2316074086508402e-13,1.053783458029823e-13,1.0231388456471932e-15,0.0,0,0.0,0.0,0.004587964526068459,0.0,0,0.0,0.0,0.004587964526068459,0.0,0.0
MAR01758,542,1.2312578181289412e-13,1.0619522865095693e-13,1.023419857115109e-15,0.0,0,0.0,0.0,0.00462173008405905,0.0,0,0.0,0.0,0.00462173008405905,0.0,0.0
MAR05005,549,1.2310897090255143e-13,1.0472820093503978e-13,1.0230307406570277e-15,0.0,0,0.0,0.0,0.004562962366977274,0.0,0,0.0,0.0,0.004562962366977274,0.0,0.0
MAR01338,527,1.2309782120473842e-13,1.092212266667236e-13,1.0222073193874911e-15,0.0,0,0.0,0.0,0.004752902966888136,0.0,0,0.0,0.0,0.004752902966888136,0.0,0.0
MAR06212,536,1.2307236490292482e-13,1.0735804094612762e-13,1.0222567362633694e-15,0.0,0,0.0,0.0,0.004673320699286043,0.0,0,0.0,0.0,0.004673320699286043,0.0,0.0
MAR01241,533,1.2301854344454418e-13,1.0800376723555222e-13,1.021942305654225e-15,0.0,0,0.0,0.0,0.004699550344959981,0.0,0,0.0,0.0,0.004699550344959981,0.0,0.0
MAR03850,544,1.2301271112846734e-13,1.0577155048818469e-13,1.0222345987121862e-15,0.0,0,0.0,0.0,0.004604785407758596,0.0,0,0.0,0.0,0.004604785407758596,0.0,0.0
MAR01189,531,1.2297340379727534e-13,1.0839642188267114e-13,1.0222246774035882e-15,0.0,0,0.0,0.0,0.004717200964344275,0.0,0,0.0,0.0,0.004717200964344275,0.0,0.0
MAR03344,555,1.229046894287741e-13,1.0369125013241742e-13,1.0200072946938463e-15,0.0,0,0.0,0.0,0.004513766730450679,0.0,0,0.0,0.0,0.004513766730450679,0.0,0.0
MAR07969,545,1.2283914965746173e-13,1.0558019336901852e-13,1.0201466466167354e-15,0.0,0,0.0,0.0,0.004596359577531593,0.0,0,0.0,0.0,0.004596359577531593,0.0,0.0
MAR04786,551,1.228168605331977e-13,1.0443578975993995e-13,1.0198746726316965e-15,0.0,0,0.0,0.0,0.004546445100963565,0.0,0,0.0,0.0,0.004546445100963565,0.0,0.0
MAR03452,550,1.2278178473934532e-13,1.0462871021299569e-13,1.0185871230601957e-15,0.0,0,0.0,0.0,0.0045546887593671224,0.0,0,0.0,0.0,0.0045546887593671224,0.0,0.0
MAR02601,539,1.227301089040173e-13,1.0686957860546798e-13,1.0188330380955822e-15,0.0,0,0.0,0.0,0.004647382219459146,0.0,0,0.0,0.0,0.004647382219459146,0.0,0.0
MAR07648,546,1.2269225114919825e-13,1.0538806815735233e-13,1.0202005641939358e-15,0.0,0,0.0,0.0,0.004587964526068459,0.0,0,0.0,0.0,0.004587964526068459,0.0,0.0
MAR05128,553,1.2268104956668059e-13,1.0400623074256973e-13,1.018709026238646e-15,0.0,0,0.0,0.0,0.00453004698365408,0.0,0,0.0,0.0,0.00453004698365408,0.0,0.0
MAR03407,568,1.2261866013944547e-13,1.0131164095073949e-13,1.017909993000332e-15,0.0,0,0.0,0.0,0.004410732264444036,0.0,0,0.0,0.0,0.004410732264444036,0.0,0.0
MAR01387,537,1.2257854569984299e-13,1.0717586332381184e-13,1.0182940692916734e-15,0.0,0,0.0,0.0,0.004664642427888463,0.0,0,0.0,0.0,0.004664642427888463,0.0,0.0
MAR03001,552,1.2256862191861728e-13,1.043600291821315e-13,1.0178393571676043e-15,0.0,0,0.0,0.0,0.004538231229443332,0.0,0,0.0,0.0,0.004538231229443332,0.0,0.0
MAR02075,540,1.225554637198069e-13,1.0659315261471686e-13,1.0175998100494738e-15,0.0,0,0.0,0.0,0.00463879992662872,0.0,0,0.0,0.0,0.00463879992662872,0.0,0.0
MAR01039,543,1.22532636789274e-13,1.0600975862401605e-13,1.0181293614676134e-15,0.0,0,0.0,0.0,0.004613242186326175,0.0,0,0.0,0.0,0.004613242186326175,0.0,0.0
MAR03480,543,1.2250646578611524e-13,1.0597531826268118e-13,1.0180387483865748e-15,0.0,0,0.0,0.0,0.004613242186326175,0.0,0,0.0,0.0,0.004613242186326175,0.0,0.0
MAR05364,548,1.224259947271326e-13,1.0488413432971612e-13,1.0165994246134062e-15,0.0,0,0.0,0.0,0.004571266087298871,0.0,0,0.0,0.0,0.004571266087298871,0.0,0.0
MAR03100,553,1.2242407208539304e-13,1.0415768890053413e-13,1.0164200282985778e-15,0.0,0,0.0,0.0,0.00453004698365408,0.0,0,0.0,0.0,0.00453004698365408,0.0,0.0
MAR08386,545,1.2231765040185797e-13,1.0561941468491739e-13,1.016238045730337e-15,0.0,0,0.0,0.0,0.004596359577531593,0.0,0,0.0,0.0,0.004596359577531593,0.0,0.0
MAR00695,542,1.223129838494785e-13,1.0620111209610757e-13,1.0163418703509892e-15,0.0,0,0.0,0.0,0.00462173008405905,0.0,0,0.0,0.0,0.00462173008405905,0.0,0.0
MAR05013,541,1.2230266091308786e-13,1.0622392657010469e-13,1.016023898967671e-15,0.0,0,0.0,0.0,0.004630249273041442,0.0,0,0.0,0.0,0.004630249273041442,0.0,0.0
MAR03685,555,1.2226456083799923e-13,1.0367415987423346e-13,1.0153510850185292e-15,0.0,0,0.0,0.0,0.004513766730450679,0.0,0,0.0,0.0,0.004513766730450679,0.0,0.0
MAR00409,542,1.222605452711936e-13,1.0619230636767821e-13,1.0159475050010686e-15,0.0,0,0.0,0.0,0.00462173008405905,0.0,0,0.0,0.0,0.00462173008405905,0.0,0.0
MAR01008,534,1.2225592989070787e-13,1.0779689906710845e-13,1.01490124237033e-15,0.0,0,0.0,0.0,0.004690774475909901,0.0,0,0.0,0.0,0.004690774475909901,0.0,0.0
MAR06098,530,1.2224016348416215e-13,1.0845859378136661e-13,1.0162833978786027e-15,0.0,0,0.0,0.0,0.0047260760867549505,0.0,0,0.0,0.0,0.0047260760867549505,0.0,0.0
MAR00286,547,1.2223413425050353e-13,1.0521473402474903e-13,1.0148195187203837e-15,0.0,0,0.0,0.0,0.004579600085029117,0.0,0,0.0,0.0,0.004579600085029117,0.0,0.0
MAR01506,558,1.2221844404705093e-13,1.0314279336655134e-13,1.0151147181089748e-15,0.0,0,0.0,0.0,0.004489564580987142,0.0,0,0.0,0.0,0.004489564580987142,0.0,0.0
MAR00650,553,1.2219279235223423e-13,1.0408212135823496e-13,1.015230666857207e-15,0.0,0,0.0,0.0,0.00453004698365408,0.0,0,0.0,0.0,0.00453004698365408,0.0,0.0
MAR03302,553,1.2219279235223423e-13,1.0405257973436098e-13,1.0144446531725261e-15,0.0,0,0.0,0.0,0.00453004698365408,0.0,0,0.0,0.0,0.00453004698365408,0.0,0.0
MAR03649,548,1.2219260477743037e-13,1.0499775328098538e-13,1.0146977667603604e-15,0.0,0,0.0,0.0,0.004571266087298871,0.0,0,0.0,0.0,0.004571266087298871,0.0,0.0
MAR01317,556,1.221468969135798e-13,1.0351248862523154e-13,1.0143719856891246e-15,0.0,0,0.0,0.0,0.0045056704064922026,0.0,0,0.0,0.0,0.0045056704064922026,0.0,0.0
MAR02429,553,1.2211569910784795e-13,1.041659345570525e-13,1.0144827662294133e-15,0.0,0,0.0,0.0,0.00453004698365408,0.0,0,0.0,0.0,0.00453004698365408,0.0,0.0
MAR00246,560,1.2211184444562865e-13,1.0275237985984388e-13,1.0139470880799784e-15,0.0,0,0.0,0.0,0.0044735734878779895,0.0,0,0.0,0.0,0.0044735734878779895,0.0,0.0
MAR09809,549,1.220994566331655e-13,1.049157797183874e-13,1.014201285118921e-15,0.0,0,0.0,0.0,0.004562962366977274,0.0,0,0.0,0.0,0.004562962366977274,0.0,0.0
MAR07997,524,1.2206690281130577e-13,1.0966428453313815e-13,1.013444694508987e-15,0.0,0,0.0,0.0,0.004780036142715172,0.0,0,0.0,0.0,0.004780036142715172,0.0,0.0
MAR06106,550,1.219549713740972e-13,1.0455732617083487e-13,1.0135464188577015e-15,0.0,0,0.0,0.0,0.0045546887593671224,0.0,0,0.0,0.0,0.0045546887593671224,0.0,0.0
MAR03626,544,1.2194167244588777e-13,1.0579625049114482e-13,1.0130660726941002e-15,0.0,0,0.0,0.0,0.004604785407758596,0.0,0,0.0,0.0,0.004604785407758596,0.0,0.0
MAR03348,539,1.219127870187274e-13,1.0676706597784172e-13,1.0123636226855763e-15,0.0,0,0.0,0.0,0.004647382219459146,0.0,0,0.0,0.0,0.004647382219459146,0.0,0.0
MAR09374,517,1.2190549451048527e-13,1.1127665330567743e-13,1.0128309517343586e-15,0.0,0,0.0,0.0,0.004844567900516375,0.0,0,0.0,0.0,0.004844567900516375,0.0,0.0
MAR12515,550,1.2187745762110518e-13,1.0457569718188542e-13,1.0118234417455702e-15,0.0,0,0.0,0.0,0.0045546887593671224,0.0,0,0.0,0.0,0.0045546887593671224,0.0,0.0
MAR09771,534,1.2183013649100144e-13,1.0786373560680306e-13,1.0120606786320854e-15,0.0,0,0.0,0.0,0.004690774475909901,0.0,0,0.0,0.0,0.004690774475909901,0.0,0.0
MAR10149,543,1.2179984870082895e-13,1.0611969930607408e-13,1.0115052162336343e-15,0.0,0,0.0,0.0,0.004613242186326175,0.0,0,0.0,0.0,0.004613242186326175,0.0,0.0
MAR02349,525,1.2178025783560727e-13,1.0961749814447933e-13,1.011338549656082e-15,0.0,0,0.0,0.0,0.0047709573947254695,0.0,0,0.0,0.0,0.0047709573947254695,0.0,0.0
MAR11506,552,1.2177054855598818e-13,1.0419246386408071e-13,1.0110530428766071e-15,0.0,0,0.0,0.0,0.004538231229443332,0.0,0,0.0,0.0,0.004538231229443332,0.0,0.0
MAR03330,509,1.2175547625343015e-13,1.1283113794717714e-13,1.0132740275512762e-15,0.0,0,0.0,0.0,0.0049204854506572785,0.0,0,0.0,0.0,0.0049204854506572785,0.0,0.0
MAR02055,548,1.2175175709465951e-13,1.0503200757839425e-13,1.0111027741202622e-15,0.0,0,0.0,0.0,0.004571266087298871,0.0,0,0.0,0.0,0.004571266087298871,0.0,0.0
MAR03890,531,1.2174233163738968e-13,1.082974154036564e-13,1.011222146363277e-15,0.0,0,0.0,0.0,0.004717200964344275,0.0,0,0.0,0.0,0.004717200964344275,0.0,0.0
MAR03292,551,1.2173363748775583e-13,1.044292261294193e-13,1.0114528942354634e-15,0.0,0,0.0,0.0,0.004546445100963565,0.0,0,0.0,0.0,0.004546445100963565,0.0,0.0
MAR00305,537,1.2173171636858328e-13,1.0716615498384064e-13,1.010857610634608e-15,0.0,0,0.0,0.0,0.004664642427888463,0.0,0,0.0,0.0,0.004664642427888463,0.0,0.0
MAR12526,538,1.21716763062548e-13,1.069186304998608e-13,1.0114517900303687e-15,0.0,0,0.0,0.0,0.004655996327465773,0.0,0,0.0,0.0,0.004655996327465773,0.0,0.0
MAR04590,540,1.2168702259832235e-13,1.0656456738257581e-13,1.010086614120261e-15,0.0,0,0.0,0.0,0.00463879992662872,0.0,0,0.0,0.0,0.00463879992662872,0.0,0.0
MAR03285,546,1.216771900981124e-13,1.05402690355566e-13,1.0100959890755111e-15,0.0,0,0.0,0.0,0.004587964526068459,0.0,0,0.0,0.0,0.004587964526068459,0.0,0.0
MAR02156,541,1.21672234825907e-13,1.0638416188617606e-13,1.0111356005117904e-15,0.0,0,0.0,0.0,0.004630249273041442,0.0,0,0.0,0.0,0.004630249273041442,0.0,0.0
MAR05127,550,1.2164491636212916e-13,1.045595959944213e-13,1.0108157449377018e-15,0.0,0,0.0,0.0,0.0045546887593671224,0.0,0,0.0,0.0,0.0045546887593671224,0.0,0.0
MAR07968,556,1.2163571508929198e-13,1.0348974169725726e-13,1.0104001484249303e-15,0.0,0,0.0,0.0,0.0045056704064922026,0.0,0,0.0,0.0,0.0045056704064922026,0.0,0.0
MAR04338,544,1.2160207481482596e-13,1.0578757737183066e-13,1.010156324394444e-15,0.0,0,0.0,0.0,0.004604785407758596,0.0,0,0.0,0.0,0.004604785407758596,0.0,0.0
MAR06245,526,1.2152171959881865e-13,1.094128696659065e-13,1.0098219042259195e-15,0.0,0,0.0,0.0,0.00476191306791176,0.0,0,0.0,0.0,0.00476191306791176,0.0,0.0
MAR02661,558,1.2150535456313397e-13,1.0322112486909904e-13,1.009459602387362e-15,0.0,0,0.0,0.0,0.004489564580987142,0.0,0,0.0,0.0,0.004489564580987142,0.0,0.0
MAR04906,535,1.2149616722866162e-13,1.0724404562867748e-13,1.0111445383143518e-15,0.0,0,0.0,0.0,0.004682031321548599,0.0,0,0.0,0.0,0.004682031321548599,0.0,0.0
MAR02607,557,1.2149387819352234e-13,1.0340973487117684e-13,1.0086263868142154e-15,0.0,0,0.0,0.0,0.004497603075155535,0.0,0,0.0,0.0,0.004497603075155535,0.0,0.0
MAR03335,552,1.2143587262972436e-13,1.0424002883814799e-13,1.0086015858088433e-15,0.0,0,0.0,0.0,0.004538231229443332,0.0,0,0.0,0.0,0.004538231229443332,0.0,0.0
MAR02719,549,1.2142644712024152e-13,1.049140571991076e-13,1.008532830442326e-15,0.0,0,0.0,0.0,0.004562962366977274,0.0,0,0.0,0.0,0.004562962366977274,0.0,0.0
MAR08783,533,1.2141882246347078e-13,1.0795820498354551e-13,1.0084608414831611e-15,0.0,0,0.0,0.0,0.004699550344959981,0.0,0,0.0,0.0,0.004699550344959981,0.0,0.0
MAR02757,551,1.213467721143837e-13,1.0455088216980507e-13,1.0078787995050538e-15,0.0,0,0.0,0.0,0.004546445100963565,0.0,0,0.0,0.0,0.004546445100963565,0.0,0.0
MAR05097,557,1.21340798968583e-13,1.0325837809187128e-13,1.0075389700066826e-15,0.0,0,0.0,0.0,0.004497603075155535,0.0,0,0.0,0.0,0.004497603075155535,0.0,0.0
MAR07006,563,1.213097118317244e-13,1.0220120935775279e-13,1.0080073870043203e-15,0.0,0,0.0,0.0,0.004449799303901048,0.0,0,0.0,0.0,0.004449799303901048,0.0,0.0
MAR01126,550,1.2130902343249711e-13,1.0465497927619373e-13,1.0073594216806328e-15,0.0,0,0.0,0.0,0.0045546887593671224,0.0,0,0.0,0.0,0.0045546887593671224,0.0,0.0
MAR02036,556,1.2130344690350488e-13,1.0351199020867364e-13,1.0082854401952041e-15,0.0,0,0.0,0.0,0.0045056704064922026,0.0,0,0.0,0.0,0.0045056704064922026,0.0,0.0
MAR02677,547,1.2129886776102038e-13,1.053109897532456e-13,1.0068312872499826e-15,0.0,0,0.0,0.0,0.004579600085029117,0.0,0,0.0,0.0,0.004579600085029117,0.0,0.0
MAR04968,549,1.212711372326437e-13,1.0474556912283219e-13,1.0068422722918792e-15,0.0,0,0.0,0.0,0.004562962366977274,0.0,0,0.0,0.0,0.004562962366977274,0.0,0.0
MAR02445,538,1.2116206427254942e-13,1.0707890150258406e-13,1.006468576986241e-15,0.0,0,0.0,0.0,0.004655996327465773,0.0,0,0.0,0.0,0.004655996327465773,0.0,0.0
MAR00260,537,1.211495212033422e-13,1.0717369691000004e-13,1.0058677185219746e-15,0.0,0,0.0,0.0,0.004664642427888463,0.0,0,0.0,0.0,0.004664642427888463,0.0,0.0
MAR03533,547,1.2114299001277322e-13,1.0520921756855628e-13,1.0057237038985976e-15,0.0,0,0.0,0.0,0.004579600085029117,0.0,0,0.0,0.0,0.004579600085029117,0.0,0.0
MAR03346,546,1.2110459155647422e-13,1.0523071301624044e-13,1.0061369164726954e-15,0.0,0,0.0,0.0,0.004587964526068459,0.0,0,0.0,0.0,0.004587964526068459,0.0,0.0
MAR09827,554,1.2110008142683874e-13,1.0396635526102498e-13,1.0059722958919785e-15,0.0,0,0.0,0.0,0.004521892203603858,0.0,0,0.0,0.0,0.004521892203603858,0.0,0.0
MAR01974,531,1.2110003311918845e-13,1.0840215547260509e-13,1.0058016208808636e-15,0.0,0,0.0,0.0,0.004717200964344275,0.0,0,0.0,0.0,0.004717200964344275,0.0,0.0
MAR00393,546,1.2107856435003612e-13,1.0540849114682226e-13,1.0053983821970922e-15,0.0,0,0.0,0.0,0.004587964526068459,0.0,0,0.0,0.0,0.004587964526068459,0.0,0.0
MAR03343,547,1.210650511386496e-13,1.0521690437333566e-13,1.0051322730552045e-15,0.0,0,0.0,0.0,0.004579600085029117,0.0,0,0.0,0.0,0.004579600085029117,0.0,0.0
MAR03724,544,1.2105349402618765e-13,1.0578783452699843e-13,1.005388398891415e-15,0.0,0,0.0,0.0,0.004604785407758596,0.0,0,0.0,0.0,0.004604785407758596,0.0,0.0
MAR03741,574,1.2101508335872369e-13,1.0023754508309539e-13,1.0044146189195862e-15,0.0,0,0.0,0.0,0.004364747866934595,0.0,0,0.0,0.0,0.004364747866934595,0.0,0.0
MAR02577,541,1.2098927323146105e-13,1.0647959898682209e-13,1.0048683919491577e-15,0.0,0,0.0,0.0,0.004630249273041442,0.0,0,0.0,0.0,0.004630249273041442,0.0,0.0
MAR03503,561,1.2098224976792294e-13,1.0256553784435015e-13,1.0049597221062094e-15,0.0,0,0.0,0.0,0.004465620583537596,0.0,0,0.0,0.0,0.004465620583537596,0.0,0.0
MAR03528,553,1.2095930044205394e-13,1.0407262246595617e-13,1.0038241104525652e-15,0.0,0,0.0,0.0,0.00453004698365408,0.0,0,0.0,0.0,0.00453004698365408,0.0,0.0
MAR13062,531,1.2093945848963814e-13,1.0832336078886002e-13,1.0047196247306748e-15,0.0,0,0.0,0.0,0.004717200964344275,0.0,0,0.0,0.0,0.004717200964344275,0.0,0.0
MAR03686,547,1.2093515301511028e-13,1.0521389719555203e-13,1.0039669189759171e-15,0.0,0,0.0,0.0,0.004579600085029117,0.0,0,0.0,0.0,0.004579600085029117,0.0,0.0
MAR03552,545,1.2090960241172788e-13,1.0559158379623022e-13,1.0041907701179411e-15,0.0,0,0.0,0.0,0.004596359577531593,0.0,0,0.0,0.0,0.004596359577531593,0.0,0.0
MAR01234,544,1.2084451086861116e-13,1.058025105987346e-13,1.0034161507201998e-15,0.0,0,0.0,0.0,0.004604785407758596,0.0,0,0.0,0.0,0.004604785407758596,0.0,0.0
MAR12594,533,1.2083225810374388e-13,1.0790837641065068e-13,1.0030744030839627e-15,0.0,0,0.0,0.0,0.004699550344959981,0.0,0,0.0,0.0,0.004699550344959981,0.0,0.0
MAR00183,542,1.2081848436835948e-13,1.0620373269680739e-13,1.003407822026429e-15,0.0,0,0.0,0.0,0.00462173008405905,0.0,0,0.0,0.0,0.00462173008405905,0.0,0.0
MAR03379,566,1.2079226507921703e-13,1.0166089567348322e-13,1.0034555257595967e-15,0.0,0,0.0,0.0,0.0044262764728495866,0.0,0,0.0,0.0,0.0044262764728495866,0.0,0.0
MAR03149,562,1.2079226507921703e-13,1.0249028879471531e-13,1.0029424185181787e-15,0.0,0,0.0,0.0,0.0044576959055467585,0.0,0,0.0,0.0,0.0044576959055467585,0.0,0.0
MAR01864,550,1.2076642716155303e-13,1.0465522443891571e-13,1.0027272482953749e-15,0.0,0,0.0,0.0,0.0045546887593671224,0.0,0,0.0,0.0,0.0045546887593671224,0.0,0.0
MAR00428,535,1.2075242156132394e-13,1.0754070368044198e-13,1.0029515535637972e-15,0.0,0,0.0,0.0,0.004682031321548599,0.0,0,0.0,0.0,0.004682031321548599,0.0,0.0
MAR12539,542,1.2073982650093214e-13,1.0611734445984688e-13,1.0030781210463294e-15,0.0,0,0.0,0.0,0.00462173008405905,0.0,0,0.0,0.0,0.00462173008405905,0.0,0.0
MAR12355,536,1.2073923950192151e-13,1.0726204132493055e-13,1.0024380470366518e-15,0.0,0,0.0,0.0,0.004673320699286043,0.0,0,0.0,0.0,0.004673320699286043,0.0,0.0
MAR03109,549,1.2064989768225236e-13,1.0492791797856595e-13,1.0013988780549367e-15,0.0,0,0.0,0.0,0.004562962366977274,0.0,0,0.0,0.0,0.004562962366977274,0.0,0.0
MAR12584,551,1.2062462341742246e-13,1.043713079221392e-13,1.0020124023691318e-15,0.0,0,0.0,0.0,0.004546445100963565,0.0,0,0.0,0.0,0.004546445100963565,0.0,0.0
MAR02971,537,1.206202528713049e-13,1.0720803551283118e-13,1.0020966060426e-15,0.0,0,0.0,0.0,0.004664642427888463,0.0,0,0.0,0.0,0.004664642427888463,0.0,0.0
MAR02992,548,1.2061073956278198e-13,1.0512593672606673e-13,1.0022936911790858e-15,0.0,0,0.0,0.0,0.004571266087298871,0.0,0,0.0,0.0,0.004571266087298871,0.0,0.0
MAR05324,540,1.2060805029587183e-13,1.0644761861349756e-13,1.0018849525932703e-15,0.0,0,0.0,0.0,0.00463879992662872,0.0,0,0.0,0.0,0.00463879992662872,0.0,0.0
MAR00436,541,1.2059525692697301e-13,1.064018670687594e-13,1.0014867313609101e-15,0.0,0,0.0,0.0,0.004630249273041442,0.0,0,0.0,0.0,0.004630249273041442,0.0,0.0
MAR00665,538,1.2058095125445567e-13,1.0700443766485495e-13,1.0008371492801733e-15,0.0,0,0.0,0.0,0.004655996327465773,0.0,0,0.0,0.0,0.004655996327465773,0.0,0.0
MAR11552,559,1.2057617873739375e-13,1.0288654721534668e-13,1.001379430733601e-15,0.0,0,0.0,0.0,0.004481554769642852,0.0,0,0.0,0.0,0.004481554769642852,0.0,0.0
MAR00345,554,1.2056140281850075e-13,1.0388327662845889e-13,1.0013133039293492e-15,0.0,0,0.0,0.0,0.004521892203603858,0.0,0,0.0,0.0,0.004521892203603858,0.0,0.0
MAR00942,546,1.2055802022127414e-13,1.0542600872078059e-13,1.0023949590232032e-15,0.0,0,0.0,0.0,0.004587964526068459,0.0,0,0.0,0.0,0.004587964526068459,0.0,0.0
MAR06131,548,1.2050701069624765e-13,1.049413734603903e-13,1.0013459388814064e-15,0.0,0,0.0,0.0,0.004571266087298871,0.0,0,0.0,0.0,0.004571266087298871,0.0,0.0
MAR03380,558,1.20461187818827e-13,1.0313635913631132e-13,1.0000018415938368e-15,0.0,0,0.0,0.0,0.004489564580987142,0.0,0,0.0,0.0,0.004489564580987142,0.0,0.0
MAR02574,552,1.204575891529532e-13,1.0434633758494667e-13,1.0011339152924268e-15,0.0,0,0.0,0.0,0.004538231229443332,0.0,0,0.0,0.0,0.004538231229443332,0.0,0.0
MAR00844,545,1.204402530816845e-13,1.0561910494864643e-13,1.0009516919278052e-15,0.0,0,0.0,0.0,0.004596359577531593,0.0,0,0.0,0.0,0.004596359577531593,0.0,0.0
MAR03721,539,1.2043633458078432e-13,1.0672145885723792e-13,1.000270092407836e-15,0.0,0,0.0,0.0,0.004647382219459146,0.0,0,0.0,0.0,0.004647382219459146,0.0,0.0
MAR03713,549,1.204169328508556e-13,1.0481215797792654e-13,9.99686125106554e-16,0.0,0,0.0,0.0,0.004562962366977274,0.0,0,0.0,0.0,0.004562962366977274,0.0,0.0
MAR03231,571,1.2040650632600226e-13,1.0077524903999665e-13,9.993158713580615e-16,0.0,0,0.0,0.0,0.00438761958448344,0.0,0,0.0,0.0,0.00438761958448344,0.0,0.0
MAR06167,548,1.2040328182971333e-13,1.0496299914190092e-13,1.0002871630390863e-15,0.0,0,0.0,0.0,0.004571266087298871,0.0,0,0.0,0.0,0.004571266087298871,0.0,0.0
MAR11231,559,1.2039822527942163e-13,1.0295380564394742e-13,9.99931873721785e-16,0.0,0,0.0,0.0,0.004481554769642852,0.0,0,0.0,0.0,0.004481554769642852,0.0,0.0
MAR02458,564,1.2038912026460138e-13,1.0212162425885175e-13,1.0001957911500958e-15,0.0,0,0.0,0.0,0.004441930629657058,0.0,0,0.0,0.0,0.004441930629657058,0.0,0.0
MAR13009,539,1.203836041365721e-13,1.0671894613701604e-13,9.995867924256587e-16,0.0,0,0.0,0.0,0.004647382219459146,0.0,0,0.0,0.0,0.004647382219459146,0.0,0.0
MAR12738,552,1.2038035624689233e-13,1.0419963322372572e-13,9.996321629870844e-16,0.0,0,0.0,0.0,0.004538231229443332,0.0,0,0.0,0.0,0.004538231229443332,0.0,0.0
MAR02622,551,1.203667131685077e-13,1.0453803289902831e-13,9.989721137196255e-16,0.0,0,0.0,0.0,0.004546445100963565,0.0,0,0.0,0.0,0.004546445100963565,0.0,0.0
MAR08098,528,1.203616331181503e-13,1.0892450365624255e-13,9.993352044891807e-16,0.0,0,0.0,0.0,0.0047439268977446615,0.0,0,0.0,0.0,0.0047439268977446615,0.0,0.0
MAR12678,552,1.2035461194487204e-13,1.0418838564512457e-13,1.0000200898863587e-15,0.0,0,0.0,0.0,0.004538231229443332,0.0,0,0.0,0.0,0.004538231229443332,0.0,0.0
MAR01561,547,1.203376216468294e-13,1.0518609646891351e-13,9.986908712454072e-16,0.0,0,0.0,0.0,0.004579600085029117,0.0,0,0.0,0.0,0.004579600085029117,0.0,0.0
MAR08958,547,1.203376216468294e-13,1.0520770649001178e-13,9.998203299382303e-16,0.0,0,0.0,0.0,0.004579600085029117,0.0,0,0.0,0.0,0.004579600085029117,0.0,0.0
MAR03338,560,1.203354876062284e-13,1.0276574647939878e-13,9.99162444142451e-16,0.0,0,0.0,0.0,0.0044735734878779895,0.0,0,0.0,0.0,0.0044735734878779895,0.0,0.0
MAR00064,539,1.203045084702537e-13,1.0680321138510851e-13,9.992631588996444e-16,0.0,0,0.0,0.0,0.004647382219459146,0.0,0,0.0,0.0,0.004647382219459146,0.0,0.0
MAR11477,537,1.203026918720825e-13,1.0711922781229401e-13,9.988524995685205e-16,0.0,0,0.0,0.0,0.004664642427888463,0.0,0,0.0,0.0,0.004664642427888463,0.0,0.0
MAR03734,557,1.2029475759816418e-13,1.0330674144036485e-13,9.989096365413565e-16,0.0,0,0.0,0.0,0.004497603075155535,0.0,0,0.0,0.0,0.004497603075155535,0.0,0.0
MAR05377,560,1.202847345536741e-13,1.0270492342438663e-13,9.985671851673725e-16,0.0,0,0.0,0.0,0.0044735734878779895,0.0,0,0.0,0.0,0.0044735734878779895,0.0,0.0
MAR03554,560,1.2025935802739696e-13,1.0276643635498399e-13,9.98523485134512e-16,0.0,0,0.0,0.0,0.0044735734878779895,0.0,0,0.0,0.0,0.0044735734878779895,0.0,0.0
MAR12138,545,1.202577283422232e-13,1.055458286699752e-13,9.988577693620186e-16,0.0,0,0.0,0.0,0.004596359577531593,0.0,0,0.0,0.0,0.004596359577531593,0.0,0.0
MAR08202,531,1.2024363509492015e-13,1.0840686011468595e-13,9.979964172847521e-16,0.0,0,0.0,0.0,0.004717200964344275,0.0,0,0.0,0.0,0.004717200964344275,0.0,0.0
MAR02551,551,1.2023775804405036e-13,1.0453972742533245e-13,9.991568358446293e-16,0.0,0,0.0,0.0,0.004546445100963565,0.0,0,0.0,0.0,0.004546445100963565,0.0,0.0
MAR04787,556,1.2022996507250042e-13,1.0344550731275273e-13,9.983521559384382e-16,0.0,0,0.0,0.0,0.0045056704064922026,0.0,0,0.0,0.0,0.0045056704064922026,0.0,0.0
MAR03212,561,1.202223110130993e-13,1.0256648170512552e-13,9.983614272694028e-16,0.0,0,0.0,0.0,0.004465620583537596,0.0,0,0.0,0.0,0.004465620583537596,0.0,0.0
MAR02990,542,1.2021544071808338e-13,1.0629230918807503e-13,9.985538259221645e-16,0.0,0,0.0,0.0,0.00462173008405905,0.0,0,0.0,0.0,0.00462173008405905,0.0,0.0
MAR02253,540,1.2021330433156065e-13,1.0654674944587317e-13,9.98118579402085e-16,0.0,0,0.0,0.0,0.00463879992662872,0.0,0,0.0,0.0,0.00463879992662872,0.0,0.0
MAR03252,549,1.2020985300072514e-13,1.0459782007833277e-13,1.0003888125855209e-15,0.0,0,0.0,0.0,0.004562962366977274,0.0,0,0.0,0.0,0.004562962366977274,0.0,0.0
MAR03025,554,1.2020228374627542e-13,1.0397490582765482e-13,9.989369592805693e-16,0.0,0,0.0,0.0,0.004521892203603858,0.0,0,0.0,0.0,0.004521892203603858,0.0,0.0
MAR03457,562,1.201853958387102e-13,1.0240644920171143e-13,9.974604121294775e-16,0.0,0,0.0,0.0,0.0044576959055467585,0.0,0,0.0,0.0,0.0044576959055467585,0.0,0.0
MAR00142,549,1.2018396801945883e-13,1.0484883374861041e-13,9.98138321463628e-16,0.0,0,0.0,0.0,0.004562962366977274,0.0,0,0.0,0.0,0.004562962366977274,0.0,0.0
MAR12423,547,1.201817438985822e-13,1.0515983820872095e-13,9.984134687716984e-16,0.0,0,0.0,0.0,0.004579600085029117,0.0,0,0.0,0.0,0.004579600085029117,0.0,0.0
MAR00336,545,1.2017950345388264e-13,1.0559209026221897e-13,9.984185454593383e-16,0.0,0,0.0,0.0,0.004596359577531593,0.0,0,0.0,0.0,0.004596359577531593,0.0,0.0
MAR04559,563,1.2017385310670823e-13,1.022085523375741e-13,9.975750517431862e-16,0.0,0,0.0,0.0,0.004449799303901048,0.0,0,0.0,0.0,0.004449799303901048,0.0,0.0
MAR00641,553,1.2016267025006252e-13,1.0409222819175192e-13,9.98172118461804e-16,0.0,0,0.0,0.0,0.00453004698365408,0.0,0,0.0,0.0,0.00453004698365408,0.0,0.0
MAR03309,539,1.2014631713761695e-13,1.066118555156972e-13,9.969668583476743e-16,0.0,0,0.0,0.0,0.004647382219459146,0.0,0,0.0,0.0,0.004647382219459146,0.0,0.0
MAR12798,545,1.2012735352832227e-13,1.0553783096019308e-13,9.972129138047437e-16,0.0,0,0.0,0.0,0.004596359577531593,0.0,0,0.0,0.0,0.004596359577531593,0.0,0.0
MAR01375,540,1.2008172234345692e-13,1.0652444186503428e-13,9.968834445439139e-16,0.0,0,0.0,0.0,0.00463879992662872,0.0,0,0.0,0.0,0.00463879992662872,0.0,0.0
MAR06732,556,1.2007661052521404e-13,1.0349005329547113e-13,9.974866282055436e-16,0.0,0,0.0,0.0,0.0045056704064922026,0.0,0,0.0,0.0,0.0045056704064922026,0.0,0.0
MAR02711,536,1.2007641978572737e-13,1.0740658011665999e-13,9.974106378456872e-16,0.0,0,0.0,0.0,0.004673320699286043,0.0,0,0.0,0.0,0.004673320699286043,0.0,0.0
MAR03803,548,1.2006616301347678e-13,1.0501360028117996e-13,9.966651285794948e-16,0.0,0,0.0,0.0,0.004571266087298871,0.0,0,0.0,0.0,0.004571266087298871,0.0,0.0
MAR13010,549,1.200545431131273e-13,1.048070052333629e-13,9.97106947371104e-16,0.0,0,0.0,0.0,0.004562962366977274,0.0,0,0.0,0.0,0.004562962366977274,0.0,0.0
MAR02049,554,1.2004837557246457e-13,1.0389964215130455e-13,9.971423659735952e-16,0.0,0,0.0,0.0,0.004521892203603858,0.0,0,0.0,0.0,0.004521892203603858,0.0,0.0
MAR04503,552,1.200456803206285e-13,1.0424032059515535e-13,9.972513088496634e-16,0.0,0,0.0,0.0,0.004538231229443332,0.0,0,0.0,0.0,0.004538231229443332,0.0,0.0
MAR00389,550,1.2004296546696093e-13,1.046354194776481e-13,9.971568764856503e-16,0.0,0,0.0,0.0,0.0045546887593671224,0.0,0,0.0,0.0,0.0045546887593671224,0.0,0.0
MAR02231,564,1.2003636855181268e-13,1.0205064262280906e-13,9.971013561203946e-16,0.0,0,0.0,0.0,0.004441930629657058,0.0,0,0.0,0.0,0.004441930629657058,0.0,0.0
MAR02804,561,1.2001966067847966e-13,1.0267124728459423e-13,9.969860700849646e-16,0.0,0,0.0,0.0,0.004465620583537596,0.0,0,0.0,0.0,0.004465620583537596,0.0,0.0
MAR03714,547,1.1999988652562716e-13,1.0520498413924371e-13,9.960323956234595e-16,0.0,0,0.0,0.0,0.004579600085029117,0.0,0,0.0,0.0,0.004579600085029117,0.0,0.0
MAR06849,541,1.1999109859342469e-13,1.0635969566761262e-13,9.979862787255159e-16,0.0,0,0.0,0.0,0.004630249273041442,0.0,0,0.0,0.0,0.004630249273041442,0.0,0.0
MAR09774,551,1.199798477951356e-13,1.045489541990912e-13,9.961672431757602e-16,0.0,0,0.0,0.0,0.004546445100963565,0.0,0,0.0,0.0,0.004546445100963565,0.0,0.0
MAR03264,537,1.1995866745625826e-13,1.071697050436438e-13,9.960635835683338e-16,0.0,0,0.0,0.0,0.004664642427888463,0.0,0,0.0,0.0,0.004664642427888463,0.0,0.0
MAR04782,563,1.1994668136170501e-13,1.0219722101029249e-13,9.964379352759473e-16,0.0,0,0.0,0.0,0.004449799303901048,0.0,0,0.0,0.0,0.004449799303901048,0.0,0.0
MAR08600,543,1.199417074765576e-13,1.0593782151385739e-13,9.960424191223296e-16,0.0,0,0.0,0.0,0.004613242186326175,0.0,0,0.0,0.0,0.004613242186326175,0.0,0.0
MAR05030,555,1.1993449276757872e-13,1.0370477998299877e-13,9.959002256695017e-16,0.0,0,0.0,0.0,0.004513766730450679,0.0,0,0.0,0.0,0.004513766730450679,0.0,0.0
MAR01745,547,1.1992194765150355e-13,1.0523492323463445e-13,9.95981634325978e-16,0.0,0,0.0,0.0,0.004579600085029117,0.0,0,0.0,0.0,0.004579600085029117,0.0,0.0
MAR07037,543,1.1991553647339887e-13,1.0598165003998481e-13,9.95921121306037e-16,0.0,0,0.0,0.0,0.004613242186326175,0.0,0,0.0,0.0,0.004613242186326175,0.0,0.0
MAR09726,548,1.199105697136753e-13,1.0511633615227796e-13,9.96077112640618e-16,0.0,0,0.0,0.0,0.004571266087298871,0.0,0,0.0,0.0,0.004571266087298871,0.0,0.0
MAR01182,538,1.1989418132398122e-13,1.0700160240798477e-13,9.963963295466983e-16,0.0,0,0.0,0.0,0.004655996327465773,0.0,0,0.0,0.0,0.004655996327465773,0.0,0.0
MAR04704,550,1.198879379609769e-13,1.0457642300481715e-13,9.947647054762735e-16,0.0,0,0.0,0.0,0.0045546887593671224,0.0,0,0.0,0.0,0.0045546887593671224,0.0,0.0
MAR03241,541,1.1988602757889453e-13,1.0620591146095478e-13,9.95501591509837e-16,0.0,0,0.0,0.0,0.004630249273041442,0.0,0,0.0,0.0,0.004630249273041442,0.0,0.0
MAR02606,553,1.1985429727251743e-13,1.0417637650761162e-13,9.952182437930854e-16,0.0,0,0.0,0.0,0.00453004698365408,0.0,0,0.0,0.0,0.00453004698365408,0.0,0.0
MAR03519,561,1.198423416356875e-13,1.0258272036744021e-13,9.94670756072302e-16,0.0,0,0.0,0.0,0.004465620583537596,0.0,0,0.0,0.0,0.004465620583537596,0.0,0.0
MAR02706,559,1.1983894298293783e-13,1.0305503933169267e-13,9.946905714463637e-16,0.0,0,0.0,0.0,0.004481554769642852,0.0,0,0.0,0.0,0.004481554769642852,0.0,0.0
MAR10393,566,1.1983817942695965e-13,1.018202709370562e-13,9.953032475290285e-16,0.0,0,0.0,0.0,0.0044262764728495866,0.0,0,0.0,0.0,0.0044262764728495866,0.0,0.0
MAR04623,548,1.1983277306377455e-13,1.0500782921085581e-13,9.947510664612345e-16,0.0,0,0.0,0.0,0.004571266087298871,0.0,0,0.0,0.0,0.004571266087298871,0.0,0.0
MAR12429,556,1.1982101961307014e-13,1.0344089608302715e-13,9.95676110726219e-16,0.0,0,0.0,0.0,0.0045056704064922026,0.0,0,0.0,0.0,0.0045056704064922026,0.0,0.0
MAR01213,561,1.1981701034386e-13,1.0259078443055229e-13,9.952658912568418e-16,0.0,0,0.0,0.0,0.004465620583537596,0.0,0,0.0,0.0,0.004465620583537596,0.0,0.0
MAR04846,568,1.198165197730676e-13,1.0129542556321472e-13,9.94954143096825e-16,0.0,0,0.0,0.0,0.004410732264444036,0.0,0,0.0,0.0,0.004410732264444036,0.0,0.0
MAR03150,560,1.198025805544083e-13,1.0284912868941026e-13,9.946802621596493e-16,0.0,0,0.0,0.0,0.0044735734878779895,0.0,0,0.0,0.0,0.0044735734878779895,0.0,0.0
MAR03706,568,1.197915006626535e-13,1.0130557070099576e-13,9.94793809132515e-16,0.0,0,0.0,0.0,0.004410732264444036,0.0,0,0.0,0.0,0.004410732264444036,0.0,0.0
MAR04970,566,1.197879643926303e-13,1.0157658185109495e-13,9.952039362091131e-16,0.0,0,0.0,0.0,0.0044262764728495866,0.0,0,0.0,0.0,0.0044262764728495866,0.0,0.0
MAR12739,564,1.1978440304267787e-13,1.0197260122660423e-13,9.952181081637872e-16,0.0,0,0.0,0.0,0.004441930629657058,0.0,0,0.0,0.0,0.004441930629657058,0.0,0.0
MAR01365,536,1.1975826632195419e-13,1.0734957512721941e-13,9.94508944779547e-16,0.0,0,0.0,0.0,0.004673320699286043,0.0,0,0.0,0.0,0.004673320699286043,0.0,0.0
MAR01224,535,1.197164900961036e-13,1.0753818265128017e-13,9.937998116910669e-16,0.0,0,0.0,0.0,0.004682031321548599,0.0,0,0.0,0.0,0.004682031321548599,0.0,0.0
MAR01162,556,1.1969322415699816e-13,1.0352064329647527e-13,9.945331599349563e-16,0.0,0,0.0,0.0,0.0045056704064922026,0.0,0,0.0,0.0,0.0045056704064922026,0.0,0.0
MAR02153,559,1.196609895249657e-13,1.0297531938837644e-13,9.939892099039682e-16,0.0,0,0.0,0.0,0.004481554769642852,0.0,0,0.0,0.0,0.004481554769642852,0.0,0.0
MAR02319,552,1.196595157903241e-13,1.042546258471772e-13,9.939545082912568e-16,0.0,0,0.0,0.0,0.004538231229443332,0.0,0,0.0,0.0,0.004538231229443332,0.0,0.0
MAR07864,531,1.196548614532357e-13,1.0820729392849793e-13,9.935512461945237e-16,0.0,0,0.0,0.0,0.004717200964344275,0.0,0,0.0,0.0,0.004717200964344275,0.0,0.0
MAR12967,534,1.19647945317506e-13,1.0754378341186412e-13,9.96126315440768e-16,0.0,0,0.0,0.0,0.004690774475909901,0.0,0,0.0,0.0,0.004690774475909901,0.0,0.0
MAR07080,544,1.196428577125463e-13,1.057945897271321e-13,9.942814083129843e-16,0.0,0,0.0,0.0,0.004604785407758596,0.0,0,0.0,0.0,0.004604785407758596,0.0,0.0
MAR03898,537,1.1964110645703587e-13,1.0709895108613707e-13,9.935495995639958e-16,0.0,0,0.0,0.0,0.004664642427888463,0.0,0,0.0,0.0,0.004664642427888463,0.0,0.0
MAR04858,562,1.1960381281655778e-13,1.0237885895365716e-13,9.938740833212669e-16,0.0,0,0.0,0.0,0.0044576959055467585,0.0,0,0.0,0.0,0.0044576959055467585,0.0,0.0
MAR01629,531,1.1960133657671894e-13,1.0835674380878977e-13,9.934582963155558e-16,0.0,0,0.0,0.0,0.004717200964344275,0.0,0,0.0,0.0,0.004717200964344275,0.0,0.0
MAR01841,547,1.195842125303013e-13,1.0523163369275902e-13,9.93012726564292e-16,0.0,0,0.0,0.0,0.004579600085029117,0.0,0,0.0,0.0,0.004579600085029117,0.0,0.0
MAR01208,552,1.1958228288426323e-13,1.0426983811275041e-13,9.93432880159388e-16,0.0,0,0.0,0.0,0.004538231229443332,0.0,0,0.0,0.0,0.004538231229443332,0.0,0.0
MAR04807,557,1.1955487467762404e-13,1.0330672395428262e-13,9.927328216329517e-16,0.0,0,0.0,0.0,0.004497603075155535,0.0,0,0.0,0.0,0.004497603075155535,0.0,0.0
MAR07763,555,1.195504156131138e-13,1.0368172939000658e-13,9.936209395710563e-16,0.0,0,0.0,0.0,0.004513766730450679,0.0,0,0.0,0.0,0.004513766730450679,0.0,0.0
MAR01742,560,1.1952343876535972e-13,1.0278018425548717e-13,9.927885905289588e-16,0.0,0,0.0,0.0,0.0044735734878779895,0.0,0,0.0,0.0,0.0044735734878779895,0.0,0.0
MAR03185,543,1.1952297142601759e-13,1.0603919891557036e-13,9.923893596727094e-16,0.0,0,0.0,0.0,0.004613242186326175,0.0,0,0.0,0.0,0.004613242186326175,0.0,0.0
MAR03321,559,1.1950845798956104e-13,1.0293937823432238e-13,9.92461190462015e-16,0.0,0,0.0,0.0,0.004481554769642852,0.0,0,0.0,0.0,0.004481554769642852,0.0,0.0
MAR00424,547,1.1950627365617773e-13,1.0524507351146779e-13,9.931220924634705e-16,0.0,0,0.0,0.0,0.004579600085029117,0.0,0,0.0,0.0,0.004579600085029117,0.0,0.0
MAR03314,557,1.1950384826931091e-13,1.033224516763645e-13,9.921031515184333e-16,0.0,0,0.0,0.0,0.004497603075155535,0.0,0,0.0,0.0,0.004497603075155535,0.0,0.0
MAR01123,553,1.1949452879871485e-13,1.040781828307863e-13,9.923672327877495e-16,0.0,0,0.0,0.0,0.00453004698365408,0.0,0,0.0,0.0,0.00453004698365408,0.0,0.0
MAR03589,570,1.1937117960769684e-13,1.0094827550322981e-13,9.914965321168162e-16,0.0,0,0.0,0.0,0.004395296850147243,0.0,0,0.0,0.0,0.004395296850147243,0.0,0.0
MAR06646,555,1.1937117960769684e-13,1.0367744279710046e-13,9.917677994330559e-16,0.0,0,0.0,0.0,0.004513766730450679,0.0,0,0.0,0.0,0.004513766730450679,0.0,0.0
MAR02155,566,1.1936113660083095e-13,1.0168151776036114e-13,9.917917077718466e-16,0.0,0,0.0,0.0,0.0044262764728495866,0.0,0,0.0,0.0,0.0044262764728495866,0.0,0.0
MAR03195,554,1.1935578879031575e-13,1.0395826022897223e-13,9.911999629493727e-16,0.0,0,0.0,0.0,0.004521892203603858,0.0,0,0.0,0.0,0.004521892203603858,0.0,0.0
MAR02580,553,1.1934034230994231e-13,1.0416204449666311e-13,9.92042606111137e-16,0.0,0,0.0,0.0,0.00453004698365408,0.0,0,0.0,0.0,0.00453004698365408,0.0,0.0
MAR02431,552,1.193248398640603e-13,1.0435722571250742e-13,9.906465948954194e-16,0.0,0,0.0,0.0,0.004538231229443332,0.0,0,0.0,0.0,0.004538231229443332,0.0,0.0
MAR01050,552,1.193248398640603e-13,1.0429161416466565e-13,9.906398598184591e-16,0.0,0,0.0,0.0,0.004538231229443332,0.0,0,0.0,0.0,0.004538231229443332,0.0,0.0
MAR01160,550,1.1931950377236883e-13,1.0466341722267058e-13,9.907671743123417e-16,0.0,0,0.0,0.0,0.0045546887593671224,0.0,0,0.0,0.0,0.0045546887593671224,0.0,0.0
MAR03513,568,1.1924108023354358e-13,1.0130667262958365e-13,9.904818731172256e-16,0.0,0,0.0,0.0,0.004410732264444036,0.0,0,0.0,0.0,0.004410732264444036,0.0,0.0
MAR09832,554,1.192275319788067e-13,1.0397868504732251e-13,9.901682911377476e-16,0.0,0,0.0,0.0,0.004521892203603858,0.0,0,0.0,0.0,0.004521892203603858,0.0,0.0
MAR10021,550,1.192161521017128e-13,1.0473350364377782e-13,9.906354350166356e-16,0.0,0,0.0,0.0,0.0045546887593671224,0.0,0,0.0,0.0,0.0045546887593671224,0.0,0.0
MAR01318,568,1.192160611231295e-13,1.0133466418168561e-13,9.897195956819443e-16,0.0,0,0.0,0.0,0.004410732264444036,0.0,0,0.0,0.0,0.004410732264444036,0.0,0.0
MAR12472,545,1.1921472983101572e-13,1.0548883437834053e-13,9.89979949262082e-16,0.0,0,0.0,0.0,0.004596359577531593,0.0,0,0.0,0.0,0.004596359577531593,0.0,0.0
MAR10352,551,1.192061170483914e-13,1.0459894861061177e-13,9.90456041101863e-16,0.0,0,0.0,0.0,0.004546445100963565,0.0,0,0.0,0.0,0.004546445100963565,0.0,0.0
MAR11491,560,1.191935439237568e-13,1.0271943102275554e-13,9.900372707264814e-16,0.0,0,0.0,0.0,0.0044735734878779895,0.0,0,0.0,0.0,0.0044735734878779895,0.0,0.0
MAR03733,548,1.1918446764793504e-13,1.0501856705481225e-13,9.894931959769544e-16,0.0,0,0.0,0.0,0.004571266087298871,0.0,0,0.0,0.0,0.004571266087298871,0.0,0.0
MAR02949,546,1.191785782800549e-13,1.0550383621989057e-13,9.896450413537665e-16,0.0,0,0.0,0.0,0.004587964526068459,0.0,0,0.0,0.0,0.004587964526068459,0.0,0.0
MAR02983,554,1.191762292542031e-13,1.0391733633498649e-13,9.894813250994022e-16,0.0,0,0.0,0.0,0.004521892203603858,0.0,0,0.0,0.0,0.004521892203603858,0.0,0.0
MAR03586,559,1.191525510736168e-13,1.0295431183331648e-13,9.895844036135334e-16,0.0,0,0.0,0.0,0.004481554769642852,0.0,0,0.0,0.0,0.004481554769642852,0.0,0.0
MAR12700,549,1.191485687688066e-13,1.0475068702437731e-13,9.891988751991818e-16,0.0,0,0.0,0.0,0.004562962366977274,0.0,0,0.0,0.0,0.004562962366977274,0.0,0.0
MAR04146,550,1.191386383487208e-13,1.0463747150319506e-13,9.900852845436885e-16,0.0,0,0.0,0.0,0.0045546887593671224,0.0,0,0.0,0.0,0.0045546887593671224,0.0,0.0
MAR00931,543,1.1910423537547756e-13,1.0601758557040863e-13,9.893819367317116e-16,0.0,0,0.0,0.0,0.004613242186326175,0.0,0,0.0,0.0,0.004613242186326175,0.0,0.0
MAR03367,554,1.1909927516729766e-13,1.038847559981745e-13,9.889462496502018e-16,0.0,0,0.0,0.0,0.004521892203603858,0.0,0,0.0,0.0,0.004521892203603858,0.0,0.0
MAR12734,568,1.1909096557105906e-13,1.0124582992753934e-13,9.88592696034602e-16,0.0,0,0.0,0.0,0.004410732264444036,0.0,0,0.0,0.0,0.004410732264444036,0.0,0.0
MAR03277,561,1.1908240288086384e-13,1.0258326674560974e-13,9.889104317830643e-16,0.0,0,0.0,0.0,0.004465620583537596,0.0,0,0.0,0.0,0.004465620583537596,0.0,0.0
MAR01284,557,1.1907012379864947e-13,1.0333536495431453e-13,9.89310717053427e-16,0.0,0,0.0,0.0,0.004497603075155535,0.0,0,0.0,0.0,0.004497603075155535,0.0,0.0
MAR12590,552,1.1904165254183707e-13,1.0419180825105788e-13,9.891825076288996e-16,0.0,0,0.0,0.0,0.004538231229443332,0.0,0,0.0,0.0,0.004538231229443332,0.0,0.0
MAR05153,560,1.1904128476609394e-13,1.027094842118394e-13,9.891022845140463e-16,0.0,0,0.0,0.0,0.0044735734878779895,0.0,0,0.0,0.0,0.0044735734878779895,0.0,0.0
MAR12748,546,1.190224150414263e-13,1.0527499643796943e-13,9.888102805584308e-16,0.0,0,0.0,0.0,0.004587964526068459,0.0,0,0.0,0.0,0.004587964526068459,0.0,0.0
MAR12272,560,1.1901590823981678e-13,1.0272035529860654e-13,9.884248568586684e-16,0.0,0,0.0,0.0,0.0044735734878779895,0.0,0,0.0,0.0,0.0044735734878779895,0.0,0.0
MAR13055,550,1.1900944876040079e-13,1.0463799815101325e-13,9.88666248584183e-16,0.0,0,0.0,0.0,0.0045546887593671224,0.0,0,0.0,0.0,0.0045546887593671224,0.0,0.0
MAR01746,526,1.1900915403130195e-13,1.0922320165468314e-13,9.913311689898696e-16,0.0,0,0.0,0.0,0.00476191306791176,0.0,0,0.0,0.0,0.00476191306791176,0.0,0.0
MAR01204,553,1.190062715842685e-13,1.0410192752994367e-13,9.884977021384284e-16,0.0,0,0.0,0.0,0.00453004698365408,0.0,0,0.0,0.0,0.00453004698365408,0.0,0.0
MAR02228,559,1.1900001953821213e-13,1.0298260810882757e-13,9.88406118346901e-16,0.0,0,0.0,0.0,0.004481554769642852,0.0,0,0.0,0.0,0.004481554769642852,0.0,0.0
MAR07031,557,1.189935841861798e-13,1.0331155678852953e-13,9.888566659747255e-16,0.0,0,0.0,0.0,0.004497603075155535,0.0,0,0.0,0.0,0.004497603075155535,0.0,0.0
MAR12286,547,1.1896070153731257e-13,1.0510767134692039e-13,9.874580743956957e-16,0.0,0,0.0,0.0,0.004579600085029117,0.0,0,0.0,0.0,0.004579600085029117,0.0,0.0
MAR02340,558,1.1895860640628774e-13,1.0314645440058367e-13,9.879232915110547e-16,0.0,0,0.0,0.0,0.004489564580987142,0.0,0,0.0,0.0,0.004489564580987142,0.0,0.0
MAR13061,550,1.1895777292507278e-13,1.0464445193546573e-13,9.88534680155486e-16,0.0,0,0.0,0.0,0.0045546887593671224,0.0,0,0.0,0.0,0.0045546887593671224,0.0,0.0
MAR12997,564,1.1895291686253309e-13,1.020219213415309e-13,9.88271957441745e-16,0.0,0,0.0,0.0,0.004441930629657058,0.0,0,0.0,0.0,0.004441930629657058,0.0,0.0
MAR03920,548,1.1895107769823282e-13,1.0500293159318646e-13,9.884210424755723e-16,0.0,0,0.0,0.0,0.004571266087298871,0.0,0,0.0,0.0,0.004571266087298871,0.0,0.0
MAR04504,549,1.1894148891867614e-13,1.0474950802876757e-13,9.877693813937624e-16,0.0,0,0.0,0.0,0.004562962366977274,0.0,0,0.0,0.0,0.004562962366977274,0.0,0.0
MAR02446,555,1.1893589216596993e-13,1.0379596201489334e-13,9.876806918397733e-16,0.0,0,0.0,0.0,0.004513766730450679,0.0,0,0.0,0.0,0.004513766730450679,0.0,0.0
MAR03146,554,1.18919715631185e-13,1.0391923787471993e-13,9.873730770601623e-16,0.0,0,0.0,0.0,0.004521892203603858,0.0,0,0.0,0.0,0.004521892203603858,0.0,0.0
MAR02258,540,1.1889748445052344e-13,1.0642998073624827e-13,9.872245788797959e-16,0.0,0,0.0,0.0,0.00463879992662872,0.0,0,0.0,0.0,0.00463879992662872,0.0,0.0
MAR12898,530,1.1888854680604846e-13,1.0852877489877018e-13,9.879473353098946e-16,0.0,0,0.0,0.0,0.0047260760867549505,0.0,0,0.0,0.0,0.0047260760867549505,0.0,0.0
MAR05997,561,1.188797525462442e-13,1.0251070823836618e-13,9.877117687320174e-16,0.0,0,0.0,0.0,0.004465620583537596,0.0,0,0.0,0.0,0.004465620583537596,0.0,0.0
MAR01747,524,1.188396285534641e-13,1.0980517864347949e-13,9.867732122726878e-16,0.0,0,0.0,0.0,0.004780036142715172,0.0,0,0.0,0.0,0.004780036142715172,0.0,0.0
MAR01201,562,1.1881994004756978e-13,1.0243409859413713e-13,9.866017587098253e-16,0.0,0,0.0,0.0,0.0044576959055467585,0.0,0,0.0,0.0,0.0044576959055467585,0.0,0.0
MAR02954,558,1.1880580151687696e-13,1.0323851124103747e-13,9.867966115002716e-16,0.0,0,0.0,0.0,0.004489564580987142,0.0,0,0.0,0.0,0.004489564580987142,0.0,0.0
MAR07996,548,1.1879548439843134e-13,1.0501990843768871e-13,9.864499214046458e-16,0.0,0,0.0,0.0,0.004571266087298871,0.0,0,0.0,0.0,0.004571266087298871,0.0,0.0
MAR03705,561,1.1877842737893438e-13,1.0258668451713185e-13,9.8655055336511e-16,0.0,0,0.0,0.0,0.004465620583537596,0.0,0,0.0,0.0,0.004465620583537596,0.0,0.0
MAR03288,573,1.1877100040332007e-13,1.0041850574623091e-13,9.861872851007638e-16,0.0,0,0.0,0.0,0.0043723452321952965,0.0,0,0.0,0.0,0.0043723452321952965,0.0,0.0
MAR06602,554,1.1876580745737414e-13,1.0387973862273675e-13,9.864876542815144e-16,0.0,0,0.0,0.0,0.004521892203603858,0.0,0,0.0,0.0,0.004521892203603858,0.0,0.0
MAR00951,545,1.1874538050097234e-13,1.0563135448849165e-13,9.867140698972858e-16,0.0,0,0.0,0.0,0.004596359577531593,0.0,0,0.0,0.0,0.004596359577531593,0.0,0.0
MAR01572,566,1.1873344867171428e-13,1.0170417727843305e-13,9.859523839870483e-16,0.0,0,0.0,0.0,0.0044262764728495866,0.0,0,0.0,0.0,0.0044262764728495866,0.0,0.0
MAR03691,552,1.1873272091759354e-13,1.0425998155376576e-13,9.859628286044615e-16,0.0,0,0.0,0.0,0.004538231229443332,0.0,0,0.0,0.0,0.004538231229443332,0.0,0.0
MAR03715,549,1.187085240872794e-13,1.0461421905563894e-13,9.867690895031628e-16,0.0,0,0.0,0.0,0.004562962366977274,0.0,0,0.0,0.0,0.004562962366977274,0.0,0.0
MAR00056,558,1.1870393159060311e-13,1.0316501456298611e-13,9.859666551366042e-16,0.0,0,0.0,0.0,0.004489564580987142,0.0,0,0.0,0.0,0.004489564580987142,0.0,0.0
MAR12902,559,1.1869495646740278e-13,1.0292963033632161e-13,9.861000490617215e-16,0.0,0,0.0,0.0,0.004481554769642852,0.0,0,0.0,0.0,0.004481554769642852,0.0,0.0
MAR01925,542,1.186947219478219e-13,1.0620528969235073e-13,9.85750422536859e-16,0.0,0,0.0,0.0,0.00462173008405905,0.0,0,0.0,0.0,0.00462173008405905,0.0,0.0
MAR03801,565,1.1866692486074876e-13,1.0185683161330297e-13,9.849256369416314e-16,0.0,0,0.0,0.0,0.004434089734923025,0.0,0,0.0,0.0,0.004434089734923025,0.0,0.0
MAR11999,557,1.1866191253214457e-13,1.0325298578145278e-13,9.856044525425842e-16,0.0,0,0.0,0.0,0.004497603075155535,0.0,0,0.0,0.0,0.004497603075155535,0.0,0.0
MAR12599,552,1.1865548801153267e-13,1.0419726271843363e-13,9.851606372440082e-16,0.0,0,0.0,0.0,0.004538231229443332,0.0,0,0.0,0.0,0.004538231229443332,0.0,0.0
MAR01156,527,1.1864850236601294e-13,1.0905637530246146e-13,9.849715136235084e-16,0.0,0,0.0,0.0,0.004752902966888136,0.0,0,0.0,0.0,0.004752902966888136,0.0,0.0
MAR02073,562,1.1861765030073416e-13,1.0242695623769331e-13,9.850878043154257e-16,0.0,0,0.0,0.0,0.0044576959055467585,0.0,0,0.0,0.0,0.0044576959055467585,0.0,0.0
MAR07196,555,1.18603025298767e-13,1.0369120291652776e-13,9.857610427381956e-16,0.0,0,0.0,0.0,0.004513766730450679,0.0,0,0.0,0.0,0.004513766730450679,0.0,0.0
MAR03333,555,1.18603025298767e-13,1.0352626067419786e-13,9.845795153276946e-16,0.0,0,0.0,0.0,0.004513766730450679,0.0,0,0.0,0.0,0.004513766730450679,0.0,0.0
MAR02299,536,1.1859170362145253e-13,1.0734379532768035e-13,9.84865941279378e-16,0.0,0,0.0,0.0,0.004673320699286043,0.0,0,0.0,0.0,0.004673320699286043,0.0,0.0
MAR10137,534,1.1858346181823994e-13,1.0782474692590006e-13,9.84561985180912e-16,0.0,0,0.0,0.0,0.004690774475909901,0.0,0,0.0,0.0,0.004690774475909901,0.0,0.0
MAR04791,555,1.18577420155136e-13,1.0364114921705428e-13,9.848826480630858e-16,0.0,0,0.0,0.0,0.004513766730450679,0.0,0,0.0,0.0,0.004513766730450679,0.0,0.0
MAR12292,550,1.1857020416011272e-13,1.0458982951753471e-13,9.843116992036221e-16,0.0,0,0.0,0.0,0.0045546887593671224,0.0,0,0.0,0.0,0.0045546887593671224,0.0,0.0
MAR12920,566,1.185576960515616e-13,1.0167892090671351e-13,9.84652843906617e-16,0.0,0,0.0,0.0,0.0044262764728495866,0.0,0,0.0,0.0,0.0044262764728495866,0.0,0.0
MAR12817,567,1.1854910547249644e-13,1.0142648055083729e-13,9.85119223787445e-16,0.0,0,0.0,0.0,0.00441849069762059,0.0,0,0.0,0.0,0.00441849069762059,0.0,0.0
MAR12166,544,1.1854569613526965e-13,1.0573764258588725e-13,9.847135565486514e-16,0.0,0,0.0,0.0,0.004604785407758596,0.0,0,0.0,0.0,0.004604785407758596,0.0,0.0
MAR12894,547,1.1854502754198672e-13,1.0503944267356887e-13,9.849156836913675e-16,0.0,0,0.0,0.0,0.004579600085029117,0.0,0,0.0,0.0,0.004579600085029117,0.0,0.0
MAR07995,551,1.185355504012131e-13,1.0443580025182037e-13,9.848020619468e-16,0.0,0,0.0,0.0,0.004546445100963565,0.0,0,0.0,0.0,0.004546445100963565,0.0,0.0
MAR03644,569,1.185320149004371e-13,1.011306555699364e-13,9.842512574115767e-16,0.0,0,0.0,0.0,0.004403001029543098,0.0,0,0.0,0.0,0.004403001029543098,0.0,0.0
MAR10488,557,1.1850883330720523e-13,1.0333307359528901e-13,9.847055909911856e-16,0.0,0,0.0,0.0,0.004497603075155535,0.0,0,0.0,0.0,0.004497603075155535,0.0,0.0
MAR02605,576,1.1849780416165837e-13,9.998643019589223e-14,9.843662066530213e-16,0.0,0,0.0,0.0,0.004349632068826215,0.0,0,0.0,0.0,0.004349632068826215,0.0,0.0
MAR11941,546,1.1847584370622624e-13,1.0530296409335843e-13,9.835145695773822e-16,0.0,0,0.0,0.0,0.004587964526068459,0.0,0,0.0,0.0,0.004587964526068459,0.0,0.0
MAR01298,576,1.1847313253888892e-13,9.992104621487104e-14,9.838555580372914e-16,0.0,0,0.0,0.0,0.004349632068826215,0.0,0,0.0,0.0,0.004349632068826215,0.0,0.0
MAR13046,535,1.184680598687868e-13,1.0741286468310182e-13,9.835071419870915e-16,0.0,0,0.0,0.0,0.004682031321548599,0.0,0,0.0,0.0,0.004682031321548599,0.0,0.0
MAR02108,554,1.1845799110975243e-13,1.0390424990243805e-13,9.84072602262071e-16,0.0,0,0.0,0.0,0.004521892203603858,0.0,0,0.0,0.0,0.004521892203603858,0.0,0.0
MAR07806,558,1.1844925677491849e-13,1.0313088158115241e-13,9.838990079079877e-16,0.0,0,0.0,0.0,0.004489564580987142,0.0,0,0.0,0.0,0.004489564580987142,0.0,0.0
MAR12649,544,1.184412045564814e-13,1.0574009531996195e-13,9.834133866246536e-16,0.0,0,0.0,0.0,0.004604785407758596,0.0,0,0.0,0.0,0.004604785407758596,0.0,0.0
MAR02457,536,1.1843262688956595e-13,1.0730149091948807e-13,9.836376905474223e-16,0.0,0,0.0,0.0,0.004673320699286043,0.0,0,0.0,0.0,0.004673320699286043,0.0,0.0
MAR01274,554,1.1843233974745063e-13,1.0389802507494647e-13,9.834565469506462e-16,0.0,0,0.0,0.0,0.004521892203603858,0.0,0,0.0,0.0,0.004521892203603858,0.0,0.0
MAR03289,572,1.184320706772167e-13,1.0059815485837715e-13,9.836167017715207e-16,0.0,0,0.0,0.0,0.004379969091767465,0.0,0,0.0,0.0,0.004379969091767465,0.0,0.0
MAR01120,570,1.1842378929335004e-13,1.0097716253665462e-13,9.837915051964296e-16,0.0,0,0.0,0.0,0.004395296850147243,0.0,0,0.0,0.0,0.004395296850147243,0.0,0.0
MAR03153,543,1.1842378929335004e-13,1.0604096953773829e-13,9.829114134422012e-16,0.0,0,0.0,0.0,0.004613242186326175,0.0,0,0.0,0.0,0.004613242186326175,0.0,0.0
MAR04604,555,1.1842378929335004e-13,1.0368634998536241e-13,9.833514582508895e-16,0.0,0,0.0,0.0,0.004513766730450679,0.0,0,0.0,0.0,0.004513766730450679,0.0,0.0
MAR10353,547,1.1841512941844742e-13,1.0535967161826872e-13,9.83401066007895e-16,0.0,0,0.0,0.0,0.004579600085029117,0.0,0,0.0,0.0,0.004579600085029117,0.0,0.0
MAR06183,541,1.1841503337547252e-13,1.0626244828839407e-13,9.831456327787182e-16,0.0,0,0.0,0.0,0.004630249273041442,0.0,0,0.0,0.0,0.004630249273041442,0.0,0.0
MAR04560,557,1.1840678049057899e-13,1.0331077167105088e-13,9.833357279837458e-16,0.0,0,0.0,0.0,0.004497603075155535,0.0,0,0.0,0.0,0.004497603075155535,0.0,0.0
MAR11995,551,1.1840659527675572e-13,1.0439467529958015e-13,9.832536311268337e-16,0.0,0,0.0,0.0,0.004546445100963565,0.0,0,0.0,0.0,0.004546445100963565,0.0,0.0
MAR12617,561,1.1839845800152258e-13,1.0251948768846914e-13,9.83941791473601e-16,0.0,0,0.0,0.0,0.004465620583537596,0.0,0,0.0,0.0,0.004465620583537596,0.0,0.0
MAR01100,528,1.1839687479578334e-13,1.0880747664216453e-13,9.8511799653594e-16,0.0,0,0.0,0.0,0.0047439268977446615,0.0,0,0.0,0.0,0.0047439268977446615,0.0,0.0
MAR05368,565,1.1839025335301918e-13,1.0178244190009523e-13,9.832539727764583e-16,0.0,0,0.0,0.0,0.004434089734923025,0.0,0,0.0,0.0,0.004434089734923025,0.0,0.0
MAR04981,559,1.1838989339659345e-13,1.0280808579104562e-13,9.837574261484565e-16,0.0,0,0.0,0.0,0.004481554769642852,0.0,0,0.0,0.0,0.004481554769642852,0.0,0.0
MAR12145,554,1.18381037022847e-13,1.0383396169188599e-13,9.829579457039734e-16,0.0,0,0.0,0.0,0.004521892203603858,0.0,0,0.0,0.0,0.004521892203603858,0.0,0.0
MAR03883,554,1.18381037022847e-13,1.0388381661135531e-13,9.833606462835733e-16,0.0,0,0.0,0.0,0.004521892203603858,0.0,0,0.0,0.0,0.004521892203603858,0.0,0.0
MAR02569,561,1.1837312670969513e-13,1.0267220959241618e-13,9.831373485232817e-16,0.0,0,0.0,0.0,0.004465620583537596,0.0,0,0.0,0.0,0.004465620583537596,0.0,0.0
MAR05439,552,1.1837230068930946e-13,1.0420366177635716e-13,9.83143354069271e-16,0.0,0,0.0,0.0,0.004538231229443332,0.0,0,0.0,0.0,0.004538231229443332,0.0,0.0
MAR01472,550,1.1836350081880068e-13,1.0443563509497248e-13,9.841834642521832e-16,0.0,0,0.0,0.0,0.0045546887593671224,0.0,0,0.0,0.0,0.0045546887593671224,0.0,0.0
MAR02618,550,1.1836350081880068e-13,1.0473797588884178e-13,9.826733839294976e-16,0.0,0,0.0,0.0,0.0045546887593671224,0.0,0,0.0,0.0,0.0045546887593671224,0.0,0.0
MAR07024,538,1.183621560944613e-13,1.0690779208784835e-13,9.837628250375304e-16,0.0,0,0.0,0.0,0.004655996327465773,0.0,0,0.0,0.0,0.004655996327465773,0.0,0.0
MAR04059,557,1.1835575408226588e-13,1.0340068857125096e-13,9.830699565028775e-16,0.0,0,0.0,0.0,0.004497603075155535,0.0,0,0.0,0.0,0.004497603075155535,0.0,0.0
MAR02965,557,1.1835575408226588e-13,1.0342413970878867e-13,9.82379468527167e-16,0.0,0,0.0,0.0,0.004497603075155535,0.0,0,0.0,0.0,0.004497603075155535,0.0,0.0
MAR05405,559,1.1833904955145855e-13,1.0289215217647597e-13,9.831153769677289e-16,0.0,0,0.0,0.0,0.004481554769642852,0.0,0,0.0,0.0,0.004481554769642852,0.0,0.0
MAR03482,563,1.1833123784168206e-13,1.0221947422133955e-13,9.82649044015817e-16,0.0,0,0.0,0.0,0.004449799303901048,0.0,0,0.0,0.0,0.004449799303901048,0.0,0.0
MAR07088,556,1.18313033231421e-13,1.0348927068986498e-13,9.836795318533207e-16,0.0,0,0.0,0.0,0.0045056704064922026,0.0,0,0.0,0.0,0.0045056704064922026,0.0,0.0
MAR01842,544,1.183105900829961e-13,1.0575504346305634e-13,9.826570493755342e-16,0.0,0,0.0,0.0,0.004604785407758596,0.0,0,0.0,0.0,0.004604785407758596,0.0,0.0
MAR12173,569,1.1830723863956395e-13,1.0108368963187604e-13,9.826394716462401e-16,0.0,0,0.0,0.0,0.004403001029543098,0.0,0,0.0,0.0,0.004403001029543098,0.0,0.0
MAR03192,560,1.1830536550405667e-13,1.0285276530815617e-13,9.828154711734904e-16,0.0,0,0.0,0.0,0.0044735734878779895,0.0,0,0.0,0.0,0.0044735734878779895,0.0,0.0
MAR12506,560,1.1830536550405667e-13,1.0271086399073805e-13,9.826655566866194e-16,0.0,0,0.0,0.0,0.0044735734878779895,0.0,0,0.0,0.0,0.0044735734878779895,0.0,0.0
MAR03003,554,1.1827843157363977e-13,1.0398639174081662e-13,9.819201514659688e-16,0.0,0,0.0,0.0,0.004521892203603858,0.0,0,0.0,0.0,0.004521892203603858,0.0,0.0
MAR01089,570,1.1827420134897947e-13,1.0097234011950535e-13,9.826300807601207e-16,0.0,0,0.0,0.0,0.004395296850147243,0.0,0,0.0,0.0,0.004395296850147243,0.0,0.0
MAR01098,555,1.1827015843156406e-13,1.0372109532332023e-13,9.822677783276057e-16,0.0,0,0.0,0.0,0.004513766730450679,0.0,0,0.0,0.0,0.004513766730450679,0.0,0.0
MAR04737,554,1.1825278021133796e-13,1.0381368365771614e-13,9.819153481370384e-16,0.0,0,0.0,0.0,0.004521892203603858,0.0,0,0.0,0.0,0.004521892203603858,0.0,0.0
MAR07199,542,1.1824899403240044e-13,1.0618170324892733e-13,9.823248990602664e-16,0.0,0,0.0,0.0,0.00462173008405905,0.0,0,0.0,0.0,0.00462173008405905,0.0,0.0
MAR04962,571,1.1824127977570004e-13,1.0069777543728343e-13,9.826217830071493e-16,0.0,0,0.0,0.0,0.00438761958448344,0.0,0,0.0,0.0,0.00438761958448344,0.0,0.0
MAR10208,547,1.1823327204549237e-13,1.0513490382934906e-13,9.846985372122934e-16,0.0,0,0.0,0.0,0.004579600085029117,0.0,0,0.0,0.0,0.004579600085029117,0.0,0.0
MAR11957,557,1.182281880614831e-13,1.0327066888264352e-13,9.820792519124701e-16,0.0,0,0.0,0.0,0.004497603075155535,0.0,0,0.0,0.0,0.004497603075155535,0.0,0.0
MAR12941,561,1.1822113895873039e-13,1.0257318923883579e-13,9.819169358753236e-16,0.0,0,0.0,0.0,0.004465620583537596,0.0,0,0.0,0.0,0.004465620583537596,0.0,0.0
MAR11534,520,1.1819605123701666e-13,1.1046010035453253e-13,9.81631679092038e-16,0.0,0,0.0,0.0,0.004816699306603465,0.0,0,0.0,0.0,0.004816699306603465,0.0,0.0
MAR09058,558,1.181691144776654e-13,1.0315107890496768e-13,9.817943198194275e-16,0.0,0,0.0,0.0,0.004489564580987142,0.0,0,0.0,0.0,0.004489564580987142,0.0,0.0
MAR05344,534,1.181576684185335e-13,1.0754717818678564e-13,9.811578085695646e-16,0.0,0,0.0,0.0,0.004690774475909901,0.0,0,0.0,0.0,0.004690774475909901,0.0,0.0
MAR03762,564,1.1814662723330178e-13,1.0204106352421042e-13,9.806934364881434e-16,0.0,0,0.0,0.0,0.004441930629657058,0.0,0,0.0,0.0,0.004441930629657058,0.0,0.0
MAR09425,557,1.1810062204070032e-13,1.0342480927570262e-13,9.808081911344687e-16,0.0,0,0.0,0.0,0.004497603075155535,0.0,0,0.0,0.0,0.004497603075155535,0.0,0.0
MAR08080,536,1.18087960637145e-13,1.0720233861437654e-13,9.812812602279402e-16,0.0,0,0.0,0.0,0.004673320699286043,0.0,0,0.0,0.0,0.004673320699286043,0.0,0.0
MAR06203,559,1.180848303257841e-13,1.0294978760723561e-13,9.807737898695373e-16,0.0,0,0.0,0.0,0.004481554769642852,0.0,0,0.0,0.0,0.004481554769642852,0.0,0.0
MAR03665,550,1.1807928372449664e-13,1.0464654544853023e-13,9.804994432317308e-16,0.0,0,0.0,0.0,0.0045546887593671224,0.0,0,0.0,0.0,0.0045546887593671224,0.0,0.0
MAR01121,563,1.1807882479167846e-13,1.0224727603836107e-13,9.802813238720839e-16,0.0,0,0.0,0.0,0.004449799303901048,0.0,0,0.0,0.0,0.004449799303901048,0.0,0.0
MAR03925,564,1.1807103758056132e-13,1.0202360687191821e-13,9.8074291991383e-16,0.0,0,0.0,0.0,0.004441930629657058,0.0,0,0.0,0.0,0.004441930629657058,0.0,0.0
MAR01366,548,1.180693823326911e-13,1.0504325250254678e-13,9.7995987181586e-16,0.0,0,0.0,0.0,0.004571266087298871,0.0,0,0.0,0.0,0.004571266087298871,0.0,0.0
MAR01099,555,1.180653172825161e-13,1.0371510164557692e-13,9.812334569783475e-16,0.0,0,0.0,0.0,0.004513766730450679,0.0,0,0.0,0.0,0.004513766730450679,0.0,0.0
MAR07078,546,1.1800735399034046e-13,1.053411605597483e-13,9.809675420692617e-16,0.0,0,0.0,0.0,0.004587964526068459,0.0,0,0.0,0.0,0.004587964526068459,0.0,0.0
MAR03310,555,1.1798850185162313e-13,1.0362224288777686e-13,9.79865565029524e-16,0.0,0,0.0,0.0,0.004513766730450679,0.0,0,0.0,0.0,0.004513766730450679,0.0,0.0
MAR02170,555,1.1798850185162313e-13,1.0369710490730739e-13,9.80395614707045e-16,0.0,0,0.0,0.0,0.004513766730450679,0.0,0,0.0,0.0,0.004513766730450679,0.0,0.0
MAR07023,559,1.1798314263551432e-13,1.0293731124515352e-13,9.804838385556294e-16,0.0,0,0.0,0.0,0.004481554769642852,0.0,0,0.0,0.0,0.004481554769642852,0.0,0.0
MAR01926,561,1.1796782604045584e-13,1.0259688871106234e-13,9.799863377596863e-16,0.0,0,0.0,0.0,0.004465620583537596,0.0,0,0.0,0.0,0.004465620583537596,0.0,0.0
MAR12332,545,1.1796313161756672e-13,1.0554490957462522e-13,9.797117890547456e-16,0.0,0,0.0,0.0,0.004596359577531593,0.0,0,0.0,0.0,0.004596359577531593,0.0,0.0
MAR03792,572,1.1796003179681662e-13,1.0060150167497241e-13,9.799256049792091e-16,0.0,0,0.0,0.0,0.004379969091767465,0.0,0,0.0,0.0,0.004379969091767465,0.0,0.0
MAR02058,559,1.1795772071294685e-13,1.0296872165071562e-13,9.797723036188826e-16,0.0,0,0.0,0.0,0.004481554769642852,0.0,0,0.0,0.0,0.004481554769642852,0.0,0.0
MAR01334,563,1.1795261826667668e-13,1.0224143947475586e-13,9.790440846660514e-16,0.0,0,0.0,0.0,0.004449799303901048,0.0,0,0.0,0.0,0.004449799303901048,0.0,0.0
MAR03629,560,1.1795009413617664e-13,1.0277273374771938e-13,9.793804648918352e-16,0.0,0,0.0,0.0,0.0044735734878779895,0.0,0,0.0,0.0,0.0044735734878779895,0.0,0.0
MAR11487,558,1.1793990714354926e-13,1.0308669017081846e-13,9.79173619839693e-16,0.0,0,0.0,0.0,0.004489564580987142,0.0,0,0.0,0.0,0.004489564580987142,0.0,0.0
MAR02272,548,1.179397212495232e-13,1.0504658125012369e-13,9.794391759047934e-16,0.0,0,0.0,0.0,0.004571266087298871,0.0,0,0.0,0.0,0.004571266087298871,0.0,0.0
MAR00230,554,1.1791931250141447e-13,1.0391726821283693e-13,9.790939295358e-16,0.0,0,0.0,0.0,0.004521892203603858,0.0,0,0.0,0.0,0.004521892203603858,0.0,0.0
MAR12674,554,1.1791931250141447e-13,1.03825103059208e-13,9.79363266308137e-16,0.0,0,0.0,0.0,0.004521892203603858,0.0,0,0.0,0.0,0.004521892203603858,0.0,0.0
MAR01147,576,1.1790568521519162e-13,9.992821485488973e-14,9.788683081330739e-16,0.0,0,0.0,0.0,0.004349632068826215,0.0,0,0.0,0.0,0.004349632068826215,0.0,0.0
MAR01216,551,1.1789077477892625e-13,1.0447277353050007e-13,9.78950484233771e-16,0.0,0,0.0,0.0,0.004546445100963565,0.0,0,0.0,0.0,0.004546445100963565,0.0,0.0
MAR11255,560,1.178739645573452e-13,1.0271913418325965e-13,9.787998473638228e-16,0.0,0,0.0,0.0,0.0044735734878779895,0.0,0,0.0,0.0,0.0044735734878779895,0.0,0.0
MAR04973,572,1.178606551904166e-13,1.0050687508974629e-13,9.787318191180725e-16,0.0,0,0.0,0.0,0.004379969091767465,0.0,0,0.0,0.0,0.004379969091767465,0.0,0.0
MAR08089,566,1.178546855709509e-13,1.0166511907367558e-13,9.796221548869751e-16,0.0,0,0.0,0.0,0.0044262764728495866,0.0,0,0.0,0.0,0.0044262764728495866,0.0,0.0
MAR01027,543,1.178480272238575e-13,1.0601811744774631e-13,9.7849868575875e-16,0.0,0,0.0,0.0,0.004613242186326175,0.0,0,0.0,0.0,0.004613242186326175,0.0,0.0
MAR06249,558,1.178380372172754e-13,1.0313407281076997e-13,9.793153666014124e-16,0.0,0,0.0,0.0,0.004489564580987142,0.0,0,0.0,0.0,0.004489564580987142,0.0,0.0
MAR01711,558,1.178380372172754e-13,1.0316988907518009e-13,9.788149833724398e-16,0.0,0,0.0,0.0,0.004489564580987142,0.0,0,0.0,0.0,0.004489564580987142,0.0,0.0
MAR03059,558,1.178380372172754e-13,1.03235587088738e-13,9.785403838848907e-16,0.0,0,0.0,0.0,0.004489564580987142,0.0,0,0.0,0.0,0.004489564580987142,0.0,0.0
MAR05575,562,1.1783377753174615e-13,1.023544856776977e-13,9.79036838353044e-16,0.0,0,0.0,0.0,0.0044576959055467585,0.0,0,0.0,0.0,0.0044576959055467585,0.0,0.0
MAR02770,556,1.1782741049834755e-13,1.0360325339189152e-13,9.783509361473081e-16,0.0,0,0.0,0.0,0.0045056704064922026,0.0,0,0.0,0.0,0.0045056704064922026,0.0,0.0
MAR03785,557,1.178199767949782e-13,1.0332608756363513e-13,9.781320569998405e-16,0.0,0,0.0,0.0,0.004497603075155535,0.0,0,0.0,0.0,0.004497603075155535,0.0,0.0
MAR00310,545,1.178066818408856e-13,1.056123727202632e-13,9.788389747276782e-16,0.0,0,0.0,0.0,0.004596359577531593,0.0,0,0.0,0.0,0.004596359577531593,0.0,0.0
MAR03221,552,1.1780592604486298e-13,1.042000986640514e-13,9.774543960061735e-16,0.0,0,0.0,0.0,0.004538231229443332,0.0,0,0.0,0.0,0.004538231229443332,0.0,0.0
MAR03095,562,1.1778320509503724e-13,1.0244093811492203e-13,9.780013371571337e-16,0.0,0,0.0,0.0,0.0044576959055467585,0.0,0,0.0,0.0,0.0044576959055467585,0.0,0.0
MAR06198,539,1.1777344714806559e-13,1.0654719518522774e-13,9.78094568550342e-16,0.0,0,0.0,0.0,0.004647382219459146,0.0,0,0.0,0.0,0.004647382219459146,0.0,0.0
MAR09234,546,1.1777310913239757e-13,1.0537604186424577e-13,9.779421013067468e-16,0.0,0,0.0,0.0,0.004587964526068459,0.0,0,0.0,0.0,0.004587964526068459,0.0,0.0
MAR12736,571,1.1776841420724323e-13,1.0073057734948188e-13,9.782035855451983e-16,0.0,0,0.0,0.0,0.00438761958448344,0.0,0,0.0,0.0,0.00438761958448344,0.0,0.0
MAR03376,538,1.1775462884827236e-13,1.0680497512889801e-13,9.777260465695188e-16,0.0,0,0.0,0.0,0.004655996327465773,0.0,0,0.0,0.0,0.004655996327465773,0.0,0.0
MAR02955,570,1.1775064354368258e-13,1.0106422422799468e-13,9.77356845106219e-16,0.0,0,0.0,0.0,0.004395296850147243,0.0,0,0.0,0.0,0.004395296850147243,0.0,0.0
MAR12785,570,1.1775064354368258e-13,1.0089305425594275e-13,9.782686941483573e-16,0.0,0,0.0,0.0,0.004395296850147243,0.0,0,0.0,0.0,0.004395296850147243,0.0,0.0
MAR03859,560,1.1774708192595947e-13,1.0275876828750315e-13,9.789359876101213e-16,0.0,0,0.0,0.0,0.0044735734878779895,0.0,0,0.0,0.0,0.0044735734878779895,0.0,0.0
MAR02419,553,1.1774708192595947e-13,1.0406657913035214e-13,9.783136848130696e-16,0.0,0,0.0,0.0,0.00453004698365408,0.0,0,0.0,0.0,0.00453004698365408,0.0,0.0
MAR06138,560,1.1774708192595947e-13,1.0270504590959727e-13,9.782099835776086e-16,0.0,0,0.0,0.0,0.0044735734878779895,0.0,0,0.0,0.0,0.0044735734878779895,0.0,0.0
MAR06149,568,1.177399336086983e-13,1.0125095776884623e-13,9.783312057159807e-16,0.0,0,0.0,0.0,0.004410732264444036,0.0,0,0.0,0.0,0.004410732264444036,0.0,0.0
MAR04355,555,1.1773245041531317e-13,1.0368055904801767e-13,9.783262216706888e-16,0.0,0,0.0,0.0,0.004513766730450679,0.0,0,0.0,0.0,0.004513766730450679,0.0,0.0
MAR01593,555,1.1773245041531317e-13,1.0371997368945995e-13,9.7765536427234e-16,0.0,0,0.0,0.0,0.004513766730450679,0.0,0,0.0,0.0,0.004513766730450679,0.0,0.0
MAR01301,553,1.177213841778307e-13,1.0409283598487526e-13,9.77814111327289e-16,0.0,0,0.0,0.0,0.00453004698365408,0.0,0,0.0,0.0,0.00453004698365408,0.0,0.0
MAR12382,551,1.1771023760468593e-13,1.0432131651143187e-13,9.771295406110107e-16,0.0,0,0.0,0.0,0.004546445100963565,0.0,0,0.0,0.0,0.004546445100963565,0.0,0.0
MAR03273,556,1.176996150422756e-13,1.0350655402437669e-13,9.771883442714597e-16,0.0,0,0.0,0.0,0.0045056704064922026,0.0,0,0.0,0.0,0.0045056704064922026,0.0,0.0
MAR02742,578,1.1769439709631834e-13,9.965095530171706e-14,9.775560590767138e-16,0.0,0,0.0,0.0,0.004334620605899285,0.0,0,0.0,0.0,0.004334620605899285,0.0,0.0
MAR01225,555,1.176812401280512e-13,1.0373316070053007e-13,9.771740786255981e-16,0.0,0,0.0,0.0,0.004513766730450679,0.0,0,0.0,0.0,0.004513766730450679,0.0,0.0
MAR00421,541,1.176795362737615e-13,1.0625426160622758e-13,9.770437423075597e-16,0.0,0,0.0,0.0,0.004630249273041442,0.0,0,0.0,0.0,0.004630249273041442,0.0,0.0
MAR02927,559,1.1767807956470496e-13,1.0305777738508014e-13,9.773957019926146e-16,0.0,0,0.0,0.0,0.004481554769642852,0.0,0,0.0,0.0,0.004481554769642852,0.0,0.0
MAR13060,563,1.1764972260667235e-13,1.0219962688281472e-13,9.776978822744693e-16,0.0,0,0.0,0.0,0.004449799303901048,0.0,0,0.0,0.0,0.004449799303901048,0.0,0.0
MAR00394,560,1.1764557582085087e-13,1.0277386658809078e-13,9.77016727750278e-16,0.0,0,0.0,0.0,0.0044735734878779895,0.0,0,0.0,0.0,0.0044735734878779895,0.0,0.0
MAR12883,560,1.1764557582085087e-13,1.0277102303017481e-13,9.772767679142046e-16,0.0,0,0.0,0.0,0.0044735734878779895,0.0,0,0.0,0.0,0.0044735734878779895,0.0,0.0
MAR12250,568,1.1763985716704195e-13,1.0125433994379543e-13,9.768146230466884e-16,0.0,0,0.0,0.0,0.004410732264444036,0.0,0,0.0,0.0,0.004410732264444036,0.0,0.0
MAR02251,569,1.1763290985694452e-13,1.0116294112873288e-13,9.769841565544281e-16,0.0,0,0.0,0.0,0.004403001029543098,0.0,0,0.0,0.0,0.004403001029543098,0.0,0.0
MAR03508,562,1.1763148778491053e-13,1.0240265003157709e-13,9.765010059965534e-16,0.0,0,0.0,0.0,0.0044576959055467585,0.0,0,0.0,0.0,0.0044576959055467585,0.0,0.0
MAR00258,559,1.1762723571957006e-13,1.0295399650584597e-13,9.773740503993188e-16,0.0,0,0.0,0.0,0.004481554769642852,0.0,0,0.0,0.0,0.004481554769642852,0.0,0.0
MAR03590,550,1.1761420120654457e-13,1.0446402870697823e-13,9.764781402224122e-16,0.0,0,0.0,0.0,0.0045546887593671224,0.0,0,0.0,0.0,0.0045546887593671224,0.0,0.0
MAR20070,559,1.1760181379700263e-13,1.0294637308314225e-13,9.767555027399225e-16,0.0,0,0.0,0.0,0.004481554769642852,0.0,0,0.0,0.0,0.004481554769642852,0.0,0.0
MAR02464,556,1.17597378677418e-13,1.0361517287800851e-13,9.763800620347027e-16,0.0,0,0.0,0.0,0.0045056704064922026,0.0,0,0.0,0.0,0.0045056704064922026,0.0,0.0
MAR01133,560,1.1759482276829659e-13,1.0279859879387867e-13,9.76519081648217e-16,0.0,0,0.0,0.0,0.0044735734878779895,0.0,0,0.0,0.0,0.0044735734878779895,0.0,0.0
MAR09517,546,1.1759091868733088e-13,1.0544266854166072e-13,9.765744195269692e-16,0.0,0,0.0,0.0,0.004587964526068459,0.0,0,0.0,0.0,0.004587964526068459,0.0,0.0
MAR02524,550,1.175883632888806e-13,1.0474634102903845e-13,9.766462698014412e-16,0.0,0,0.0,0.0,0.0045546887593671224,0.0,0,0.0,0.0,0.0045546887593671224,0.0,0.0
MAR02450,563,1.175739986916713e-13,1.0231632881561146e-13,9.767691830117824e-16,0.0,0,0.0,0.0,0.004449799303901048,0.0,0,0.0,0.0,0.004449799303901048,0.0,0.0
MAR01329,565,1.1756023882983038e-13,1.018623795646084e-13,9.766060057986166e-16,0.0,0,0.0,0.0,0.004434089734923025,0.0,0,0.0,0.0,0.004434089734923025,0.0,0.0
MAR01755,558,1.1755789492002232e-13,1.0316394116620599e-13,9.763184755036007e-16,0.0,0,0.0,0.0,0.004489564580987142,0.0,0,0.0,0.0,0.004489564580987142,0.0,0.0
MAR00583,570,1.1755119295118851e-13,1.0102047878279304e-13,9.765000158619422e-16,0.0,0,0.0,0.0,0.004395296850147243,0.0,0,0.0,0.0,0.004395296850147243,0.0,0.0
MAR05989,546,1.1753886427445468e-13,1.0519829943825547e-13,9.75633153074118e-16,0.0,0,0.0,0.0,0.004587964526068459,0.0,0,0.0,0.0,0.004587964526068459,0.0,0.0
MAR02602,543,1.175339751859525e-13,1.0592568699686293e-13,9.758755829528547e-16,0.0,0,0.0,0.0,0.004613242186326175,0.0,0,0.0,0.0,0.004613242186326175,0.0,0.0
MAR04916,557,1.175138183450995e-13,1.0324170843643788e-13,9.760633620575334e-16,0.0,0,0.0,0.0,0.004497603075155535,0.0,0,0.0,0.0,0.004497603075155535,0.0,0.0
MAR00289,569,1.1750803415645945e-13,1.0114123913681343e-13,9.757817119454627e-16,0.0,0,0.0,0.0,0.004403001029543098,0.0,0,0.0,0.0,0.004403001029543098,0.0,0.0
MAR05193,562,1.1750505669313828e-13,1.0229027204728417e-13,9.760963324360576e-16,0.0,0,0.0,0.0,0.0044576959055467585,0.0,0,0.0,0.0,0.0044576959055467585,0.0,0.0
MAR03197,563,1.1749827477667021e-13,1.0232144586098464e-13,9.755295563042206e-16,0.0,0,0.0,0.0,0.004449799303901048,0.0,0,0.0,0.0,0.004449799303901048,0.0,0.0
MAR12645,549,1.17491929967763e-13,1.0477227290349459e-13,9.758460119725112e-16,0.0,0,0.0,0.0,0.004562962366977274,0.0,0,0.0,0.0,0.004562962366977274,0.0,0.0
MAR12424,549,1.17491929967763e-13,1.0470294120722949e-13,9.763911720708692e-16,0.0,0,0.0,0.0,0.004562962366977274,0.0,0,0.0,0.0,0.004562962366977274,0.0,0.0
MAR01376,564,1.1749151690955131e-13,1.0206479847042756e-13,9.752057515618912e-16,0.0,0,0.0,0.0,0.004441930629657058,0.0,0,0.0,0.0,0.004441930629657058,0.0,0.0
MAR01110,568,1.174897425045574e-13,1.0133092133096941e-13,9.759628508654323e-16,0.0,0,0.0,0.0,0.004410732264444036,0.0,0,0.0,0.0,0.004410732264444036,0.0,0.0
MAR03316,561,1.1748653149573422e-13,1.0253313568377194e-13,9.753905816041182e-16,0.0,0,0.0,0.0,0.004465620583537596,0.0,0,0.0,0.0,0.004465620583537596,0.0,0.0
MAR09960,554,1.1748323934228372e-13,1.0400959444607037e-13,9.752373398949315e-16,0.0,0,0.0,0.0,0.004521892203603858,0.0,0,0.0,0.0,0.004521892203603858,0.0,0.0
MAR00210,545,1.1746770732474318e-13,1.055628743681432e-13,9.761271961227298e-16,0.0,0,0.0,0.0,0.004596359577531593,0.0,0,0.0,0.0,0.004596359577531593,0.0,0.0
MAR00309,554,1.174575879799819e-13,1.0388932883608038e-13,9.751627514010475e-16,0.0,0,0.0,0.0,0.004521892203603858,0.0,0,0.0,0.0,0.004521892203603858,0.0,0.0
MAR01069,566,1.174529652963162e-13,1.0169683345866097e-13,9.758192417251215e-16,0.0,0,0.0,0.0,0.0044262764728495866,0.0,0,0.0,0.0,0.0044262764728495866,0.0,0.0
MAR00236,551,1.1745232735577118e-13,1.0438516079785067e-13,9.752451084074818e-16,0.0,0,0.0,0.0,0.004546445100963565,0.0,0,0.0,0.0,0.004546445100963565,0.0,0.0
MAR01276,559,1.1744928226159795e-13,1.0298467631440247e-13,9.757144254987958e-16,0.0,0,0.0,0.0,0.004481554769642852,0.0,0,0.0,0.0,0.004481554769642852,0.0,0.0
MAR02663,557,1.1743727873262984e-13,1.0342792685737657e-13,9.754695065667643e-16,0.0,0,0.0,0.0,0.004497603075155535,0.0,0,0.0,0.0,0.004497603075155535,0.0,0.0
MAR20112,569,1.174331087361684e-13,1.0112606037103093e-13,9.756956193667078e-16,0.0,0,0.0,0.0,0.004403001029543098,0.0,0,0.0,0.0,0.004403001029543098,0.0,0.0
MAR03196,555,1.1742518869174124e-13,1.0379159036017892e-13,9.745673413903138e-16,0.0,0,0.0,0.0,0.004513766730450679,0.0,0,0.0,0.0,0.004513766730450679,0.0,0.0
MAR05313,567,1.1739619662434954e-13,1.0144440847192529e-13,9.74999338479278e-16,0.0,0,0.0,0.0,0.00441849069762059,0.0,0,0.0,0.0,0.00441849069762059,0.0,0.0
MAR03256,571,1.173950992847773e-13,1.0078495765747275e-13,9.744311485242402e-16,0.0,0,0.0,0.0,0.00438761958448344,0.0,0,0.0,0.0,0.00438761958448344,0.0,0.0
MAR03735,571,1.173950992847773e-13,1.0078320919697655e-13,9.74463234250322e-16,0.0,0,0.0,0.0,0.00438761958448344,0.0,0,0.0,0.0,0.00438761958448344,0.0,0.0
MAR03063,552,1.1739401721253828e-13,1.0435814928972336e-13,9.750177256250593e-16,0.0,0,0.0,0.0,0.004538231229443332,0.0,0,0.0,0.0,0.004538231229443332,0.0,0.0
MAR09060,556,1.1739290594770288e-13,1.0350952098070501e-13,9.751575102093551e-16,0.0,0,0.0,0.0,0.0045056704064922026,0.0,0,0.0,0.0,0.0045056704064922026,0.0,0.0
MAR09318,538,1.1738482965493997e-13,1.0699816358985427e-13,9.746599446171348e-16,0.0,0,0.0,0.0,0.004655996327465773,0.0,0,0.0,0.0,0.004655996327465773,0.0,0.0
MAR03873,552,1.17368272910518e-13,1.0426139389832313e-13,9.752383805906252e-16,0.0,0,0.0,0.0,0.004538231229443332,0.0,0,0.0,0.0,0.004538231229443332,0.0,0.0
MAR00576,562,1.1735333938301157e-13,1.0246712822797226e-13,9.750562291690228e-16,0.0,0,0.0,0.0,0.0044576959055467585,0.0,0,0.0,0.0,0.0044576959055467585,0.0,0.0
MAR03874,540,1.1734481699089952e-13,1.0640399799193636e-13,9.752539218872473e-16,0.0,0,0.0,0.0,0.00463879992662872,0.0,0,0.0,0.0,0.00463879992662872,0.0,0.0
MAR01670,547,1.1732398518071708e-13,1.0523585963641151e-13,9.751053889028501e-16,0.0,0,0.0,0.0,0.004579600085029117,0.0,0,0.0,0.0,0.004579600085029117,0.0,0.0
MAR08144,563,1.173215856416677e-13,1.0220230588337163e-13,9.742086787456214e-16,0.0,0,0.0,0.0,0.004449799303901048,0.0,0,0.0,0.0,0.004449799303901048,0.0,0.0
MAR02408,573,1.1730775358273208e-13,1.0042874335347161e-13,9.73833251396943e-16,0.0,0,0.0,0.0,0.0043723452321952965,0.0,0,0.0,0.0,0.0043723452321952965,0.0,0.0
MAR03244,552,1.1729104000445711e-13,1.0420578517959351e-13,9.738622719643974e-16,0.0,0,0.0,0.0,0.004538231229443332,0.0,0,0.0,0.0,0.004538231229443332,0.0,0.0
MAR01867,564,1.172899445022435e-13,1.0205955213236694e-13,9.736924934715126e-16,0.0,0,0.0,0.0,0.004441930629657058,0.0,0,0.0,0.0,0.004441930629657058,0.0,0.0
MAR06375,542,1.1727888033413018e-13,1.0612797770980274e-13,9.738132904491602e-16,0.0,0,0.0,0.0,0.00462173008405905,0.0,0,0.0,0.0,0.00462173008405905,0.0,0.0
MAR01831,551,1.1727179018153086e-13,1.04469071199905e-13,9.734592167522135e-16,0.0,0,0.0,0.0,0.004546445100963565,0.0,0,0.0,0.0,0.004546445100963565,0.0,0.0
MAR03017,563,1.1727110303166697e-13,1.0233021479697022e-13,9.737004118414015e-16,0.0,0,0.0,0.0,0.004449799303901048,0.0,0,0.0,0.0,0.004449799303901048,0.0,0.0
MAR12977,567,1.1727088044520314e-13,1.01496463073212e-13,9.74277376881296e-16,0.0,0,0.0,0.0,0.00441849069762059,0.0,0,0.0,0.0,0.00441849069762059,0.0,0.0
MAR12669,560,1.1726492792669369e-13,1.0271307689111704e-13,9.741229669257079e-16,0.0,0,0.0,0.0,0.0044735734878779895,0.0,0,0.0,0.0,0.0044735734878779895,0.0,0.0
MAR07021,570,1.172520170624474e-13,1.0094970750301796e-13,9.743543830996547e-16,0.0,0,0.0,0.0,0.004395296850147243,0.0,0,0.0,0.0,0.004395296850147243,0.0,0.0
MAR02070,559,1.172459068810584e-13,1.0296584006228425e-13,9.73874871172049e-16,0.0,0,0.0,0.0,0.004481554769642852,0.0,0,0.0,0.0,0.004481554769642852,0.0,0.0
MAR06807,561,1.1723321857745967e-13,1.0258415948653816e-13,9.741265419369156e-16,0.0,0,0.0,0.0,0.004465620583537596,0.0,0,0.0,0.0,0.004465620583537596,0.0,0.0
MAR03905,554,1.1722672571926563e-13,1.0388078688323216e-13,9.738304522556778e-16,0.0,0,0.0,0.0,0.004521892203603858,0.0,0,0.0,0.0,0.004521892203603858,0.0,0.0
MAR12095,550,1.1722663244158454e-13,1.04596655000329e-13,9.73784956740241e-16,0.0,0,0.0,0.0,0.0045546887593671224,0.0,0,0.0,0.0,0.0045546887593671224,0.0,0.0
MAR07085,546,1.1720051059075937e-13,1.0534311934488608e-13,9.74118104226186e-16,0.0,0,0.0,0.0,0.004587964526068459,0.0,0,0.0,0.0,0.004587964526068459,0.0,0.0
MAR02338,542,1.1720022246670288e-13,1.0619882147108973e-13,9.731576945239162e-16,0.0,0,0.0,0.0,0.00462173008405905,0.0,0,0.0,0.0,0.00462173008405905,0.0,0.0
MAR11554,539,1.1719341226173082e-13,1.0666667504333337e-13,9.731409577417982e-16,0.0,0,0.0,0.0,0.004647382219459146,0.0,0,0.0,0.0,0.004647382219459146,0.0,0.0
MAR03532,556,1.1718843321798774e-13,1.0344308144407138e-13,9.73234597910515e-16,0.0,0,0.0,0.0,0.0045056704064922026,0.0,0,0.0,0.0,0.0045056704064922026,0.0,0.0
MAR01166,553,1.1718173146712683e-13,1.0410515277699026e-13,9.735998863819665e-16,0.0,0,0.0,0.0,0.00453004698365408,0.0,0,0.0,0.0,0.00453004698365408,0.0,0.0
MAR08501,550,1.1717495660625653e-13,1.0457288814693072e-13,9.731460644497598e-16,0.0,0,0.0,0.0,0.0045546887593671224,0.0,0,0.0,0.0,0.0045546887593671224,0.0,0.0
MAR02516,550,1.1717495660625653e-13,1.0473750472394996e-13,9.731181231619457e-16,0.0,0,0.0,0.0,0.0045546887593671224,0.0,0,0.0,0.0,0.0045546887593671224,0.0,0.0
MAR02600,566,1.171516750903402e-13,1.0178084688526604e-13,9.729278028719602e-16,0.0,0,0.0,0.0,0.0044262764728495866,0.0,0,0.0,0.0,0.0044262764728495866,0.0,0.0
MAR06606,554,1.171497716323602e-13,1.0387171384724617e-13,9.726493937528346e-16,0.0,0,0.0,0.0,0.004521892203603858,0.0,0,0.0,0.0,0.004521892203603858,0.0,0.0
MAR12623,563,1.1714489650666519e-13,1.0216533636659631e-13,9.731052333831623e-16,0.0,0,0.0,0.0,0.004449799303901048,0.0,0,0.0,0.0,0.004449799303901048,0.0,0.0
MAR02245,565,1.1713265559061191e-13,1.0188319400531456e-13,9.724202383235947e-16,0.0,0,0.0,0.0,0.004434089734923025,0.0,0,0.0,0.0,0.004434089734923025,0.0,0.0
MAR01850,553,1.1713033597086931e-13,1.0409854029126603e-13,9.727407670787267e-16,0.0,0,0.0,0.0,0.00453004698365408,0.0,0,0.0,0.0,0.00453004698365408,0.0,0.0
MAR03128,544,1.171089369269312e-13,1.0584621312309016e-13,9.723281647904782e-16,0.0,0,0.0,0.0,0.004604785407758596,0.0,0,0.0,0.0,0.004604785407758596,0.0,0.0
MAR12162,563,1.1709441389666446e-13,1.0217525960977485e-13,9.721874063562876e-16,0.0,0,0.0,0.0,0.004449799303901048,0.0,0,0.0,0.0,0.004449799303901048,0.0,0.0
MAR01328,577,1.170856209983888e-13,9.97568667562407e-14,9.723925900769634e-16,0.0,0,0.0,0.0,0.004342113363096878,0.0,0,0.0,0.0,0.004342113363096878,0.0,0.0
MAR02081,554,1.1707281754545477e-13,1.0390580736365094e-13,9.724584441056715e-16,0.0,0,0.0,0.0,0.004521892203603858,0.0,0,0.0,0.0,0.004521892203603858,0.0,0.0
MAR08560,559,1.1706795342308628e-13,1.02961433510821e-13,9.717489482242105e-16,0.0,0,0.0,0.0,0.004481554769642852,0.0,0,0.0,0.0,0.004481554769642852,0.0,0.0
MAR03647,561,1.1705589953466748e-13,1.0259046443525015e-13,9.71836368716846e-16,0.0,0,0.0,0.0,0.004465620583537596,0.0,0,0.0,0.0,0.004465620583537596,0.0,0.0
MAR12401,557,1.170545806702815e-13,1.0320016200637334e-13,9.720629340854013e-16,0.0,0,0.0,0.0,0.004497603075155535,0.0,0,0.0,0.0,0.004497603075155535,0.0,0.0
MAR12604,568,1.1703939851710382e-13,1.0124780105752255e-13,9.723007582682745e-16,0.0,0,0.0,0.0,0.004410732264444036,0.0,0,0.0,0.0,0.004410732264444036,0.0,0.0
MAR09987,556,1.170350786707014e-13,1.0361824005082795e-13,9.717220034716344e-16,0.0,0,0.0,0.0,0.0045056704064922026,0.0,0,0.0,0.0,0.0045056704064922026,0.0,0.0
MAR03204,569,1.1703350649461616e-13,1.0124439885889616e-13,9.716562773943705e-16,0.0,0,0.0,0.0,0.004403001029543098,0.0,0,0.0,0.0,0.004403001029543098,0.0,0.0
MAR03703,575,1.1702329926344608e-13,1.0008936347651774e-13,9.717503153437854e-16,0.0,0,0.0,0.0,0.004357176858116289,0.0,0,0.0,0.0,0.004357176858116289,0.0,0.0
MAR12939,571,1.1702178436231142e-13,1.0079061665689211e-13,9.71862128363066e-16,0.0,0,0.0,0.0,0.00438761958448344,0.0,0,0.0,0.0,0.00438761958448344,0.0,0.0
MAR02561,551,1.1701387993261614e-13,1.0449564461904402e-13,9.71303036029395e-16,0.0,0,0.0,0.0,0.004546445100963565,0.0,0,0.0,0.0,0.004546445100963565,0.0,0.0
MAR06194,544,1.1700444534814298e-13,1.0557211187557878e-13,9.718770955061932e-16,0.0,0,0.0,0.0,0.004604785407758596,0.0,0,0.0,0.0,0.004604785407758596,0.0,0.0
MAR01054,558,1.1699761032551614e-13,1.031722518057534e-13,9.716483482796894e-16,0.0,0,0.0,0.0,0.004489564580987142,0.0,0,0.0,0.0,0.004489564580987142,0.0,0.0
MAR08757,568,1.1698936029627566e-13,1.0130006207704834e-13,9.723218168268467e-16,0.0,0,0.0,0.0,0.004410732264444036,0.0,0,0.0,0.0,0.004410732264444036,0.0,0.0
MAR12306,568,1.1698936029627566e-13,1.0127973786371702e-13,9.712739339933878e-16,0.0,0,0.0,0.0,0.004410732264444036,0.0,0,0.0,0.0,0.004410732264444036,0.0,0.0
MAR07000,534,1.1698673656934083e-13,1.0772565493637449e-13,9.726464293196175e-16,0.0,0,0.0,0.0,0.004690774475909901,0.0,0,0.0,0.0,0.004690774475909901,0.0,0.0
MAR03510,556,1.169839604882726e-13,1.0334494656171302e-13,9.713085346706915e-16,0.0,0,0.0,0.0,0.0045056704064922026,0.0,0,0.0,0.0,0.0045056704064922026,0.0,0.0
MAR03336,566,1.1695081495302285e-13,1.0168286663649188e-13,9.712191160976548e-16,0.0,0,0.0,0.0,0.0044262764728495866,0.0,0,0.0,0.0,0.0044262764728495866,0.0,0.0
MAR12914,563,1.1694296606666232e-13,1.0215786363869489e-13,9.717045204707752e-16,0.0,0,0.0,0.0,0.004449799303901048,0.0,0,0.0,0.0,0.004449799303901048,0.0,0.0
MAR03378,561,1.1692924307553022e-13,1.0258975427666544e-13,9.71003553831419e-16,0.0,0,0.0,0.0,0.004465620583537596,0.0,0,0.0,0.0,0.004465620583537596,0.0,0.0
MAR10027,563,1.1691772476166197e-13,1.0232419791931416e-13,9.707829347915873e-16,0.0,0,0.0,0.0,0.004449799303901048,0.0,0,0.0,0.0,0.004449799303901048,0.0,0.0
MAR00352,572,1.1689173327801647e-13,1.006187205948385e-13,9.710912875640529e-16,0.0,0,0.0,0.0,0.004379969091767465,0.0,0,0.0,0.0,0.004379969091767465,0.0,0.0
MAR02981,565,1.1688113603813046e-13,1.0194897925539736e-13,9.711483157799359e-16,0.0,0,0.0,0.0,0.004434089734923025,0.0,0,0.0,0.0,0.004434089734923025,0.0,0.0
MAR01107,570,1.1687804720152105e-13,1.0099717226678967e-13,9.70633605543181e-16,0.0,0,0.0,0.0,0.004395296850147243,0.0,0,0.0,0.0,0.004395296850147243,0.0,0.0
MAR00398,567,1.1686986867193464e-13,1.0149695168918327e-13,9.703728468380172e-16,0.0,0,0.0,0.0,0.00441849069762059,0.0,0,0.0,0.0,0.00441849069762059,0.0,0.0
MAR10262,545,1.1686798318079887e-13,1.0557654092455351e-13,9.7147239191474e-16,0.0,0,0.0,0.0,0.004596359577531593,0.0,0,0.0,0.0,0.004596359577531593,0.0,0.0
MAR00221,553,1.16847660741453e-13,1.0400391268981476e-13,9.7110661865132e-16,0.0,0,0.0,0.0,0.00453004698365408,0.0,0,0.0,0.0,0.00453004698365408,0.0,0.0
MAR03000,549,1.1684480543610535e-13,1.0471379213327371e-13,9.723868457346975e-16,0.0,0,0.0,0.0,0.004562962366977274,0.0,0,0.0,0.0,0.004562962366977274,0.0,0.0
MAR02717,546,1.1683612970062599e-13,1.0545279680753762e-13,9.70766773716953e-16,0.0,0,0.0,0.0,0.004587964526068459,0.0,0,0.0,0.0,0.004587964526068459,0.0,0.0
MAR01740,537,1.1683598429723807e-13,1.0714558464986232e-13,9.707058198239916e-16,0.0,0,0.0,0.0,0.004664642427888463,0.0,0,0.0,0.0,0.004664642427888463,0.0,0.0
MAR10012,552,1.1682764256809183e-13,1.043575213201169e-13,9.70413266914547e-16,0.0,0,0.0,0.0,0.004538231229443332,0.0,0,0.0,0.0,0.004538231229443332,0.0,0.0
MAR02634,551,1.1680755173348434e-13,1.0449249944690303e-13,9.693066513043842e-16,0.0,0,0.0,0.0,0.004546445100963565,0.0,0,0.0,0.0,0.004546445100963565,0.0,0.0
MAR01341,533,1.1680629363470914e-13,1.0783695380419332e-13,9.699555715190019e-16,0.0,0,0.0,0.0,0.004699550344959981,0.0,0,0.0,0.0,0.004699550344959981,0.0,0.0
MAR11420,565,1.1680568017238603e-13,1.0180765486653063e-13,9.702897115302086e-16,0.0,0,0.0,0.0,0.004434089734923025,0.0,0,0.0,0.0,0.004434089734923025,0.0,0.0
MAR02688,557,1.1679944862871592e-13,1.0343156805804114e-13,9.69875856169324e-16,0.0,0,0.0,0.0,0.004497603075155535,0.0,0,0.0,0.0,0.004497603075155535,0.0,0.0
MAR12753,553,1.167962652451955e-13,1.0395173571325223e-13,9.697269692589054e-16,0.0,0,0.0,0.0,0.00453004698365408,0.0,0,0.0,0.0,0.00453004698365408,0.0,0.0
MAR11274,555,1.1678506010096638e-13,1.0368782366615096e-13,9.697714201260723e-16,0.0,0,0.0,0.0,0.004513766730450679,0.0,0,0.0,0.0,0.004513766730450679,0.0,0.0
MAR03658,537,1.1678305746403435e-13,1.069472399832605e-13,9.691596478940214e-16,0.0,0,0.0,0.0,0.004664642427888463,0.0,0,0.0,0.0,0.004664642427888463,0.0,0.0
MAR00010,551,1.1678176070859288e-13,1.0448087107700777e-13,9.704200427311641e-16,0.0,0,0.0,0.0,0.004546445100963565,0.0,0,0.0,0.0,0.004546445100963565,0.0,0.0
MAR02976,547,1.1677841306185193e-13,1.0515887811347338e-13,9.689914871163617e-16,0.0,0,0.0,0.0,0.004579600085029117,0.0,0,0.0,0.0,0.004579600085029117,0.0,0.0
MAR00992,554,1.1676500119783306e-13,1.0391159759005899e-13,9.697319191366321e-16,0.0,0,0.0,0.0,0.004521892203603858,0.0,0,0.0,0.0,0.004521892203603858,0.0,0.0
MAR05011,545,1.1676368332967812e-13,1.0528297090561962e-13,9.71838344783243e-16,0.0,0,0.0,0.0,0.004596359577531593,0.0,0,0.0,0.0,0.004596359577531593,0.0,0.0
MAR02227,565,1.1675537626188973e-13,1.0183235498568164e-13,9.689519619727014e-16,0.0,0,0.0,0.0,0.004434089734923025,0.0,0,0.0,0.0,0.004434089734923025,0.0,0.0
MAR03509,575,1.1675143943411178e-13,1.0008808565919784e-13,9.697472070207196e-16,0.0,0,0.0,0.0,0.004357176858116289,0.0,0,0.0,0.0,0.004357176858116289,0.0,0.0
MAR04735,538,1.1675088818065586e-13,1.0675689015298136e-13,9.715530900646923e-16,0.0,0,0.0,0.0,0.004655996327465773,0.0,0,0.0,0.0,0.004655996327465773,0.0,0.0
MAR04994,576,1.1674611894502758e-13,9.983356402238586e-14,9.69304877976904e-16,0.0,0,0.0,0.0,0.004349632068826215,0.0,0,0.0,0.0,0.004349632068826215,0.0,0.0
MAR03199,549,1.1674126551104013e-13,1.047621784988275e-13,9.697032995315809e-16,0.0,0,0.0,0.0,0.004562962366977274,0.0,0,0.0,0.0,0.004562962366977274,0.0,0.0
MAR03483,569,1.1673380481345195e-13,1.0113982429882737e-13,9.691928705757256e-16,0.0,0,0.0,0.0,0.004403001029543098,0.0,0,0.0,0.0,0.004403001029543098,0.0,0.0
MAR08054,546,1.167320208748736e-13,1.053568932040741e-13,9.69529532905092e-16,0.0,0,0.0,0.0,0.004587964526068459,0.0,0,0.0,0.0,0.004587964526068459,0.0,0.0
MAR12764,566,1.1672484729854084e-13,1.0162605245582319e-13,9.689592731960333e-16,0.0,0,0.0,0.0,0.0044262764728495866,0.0,0,0.0,0.0,0.0044262764728495866,0.0,0.0
MAR01052,562,1.1672118392415027e-13,1.0243709599162762e-13,9.690835303467364e-16,0.0,0,0.0,0.0,0.0044576959055467585,0.0,0,0.0,0.0,0.0044576959055467585,0.0,0.0
MAR03245,577,1.1671618803352218e-13,9.974385455644871e-14,9.691932208869211e-16,0.0,0,0.0,0.0,0.004342113363096878,0.0,0,0.0,0.0,0.004342113363096878,0.0,0.0
MAR02567,555,1.167082446700734e-13,1.0378391189785009e-13,9.699138256399939e-16,0.0,0,0.0,0.0,0.004513766730450679,0.0,0,0.0,0.0,0.004513766730450679,0.0,0.0
MAR12158,566,1.1669973978137617e-13,1.0162019692566257e-13,9.692093324738697e-16,0.0,0,0.0,0.0,0.0044262764728495866,0.0,0,0.0,0.0,0.0044262764728495866,0.0,0.0
MAR03279,571,1.1667335710134325e-13,1.0079285817207453e-13,9.688173147541106e-16,0.0,0,0.0,0.0,0.00438761958448344,0.0,0,0.0,0.0,0.00438761958448344,0.0,0.0
MAR12114,553,1.1666777650455172e-13,1.0395210847340639e-13,9.692132483293861e-16,0.0,0,0.0,0.0,0.00453004698365408,0.0,0,0.0,0.0,0.00453004698365408,0.0,0.0
MAR00271,563,1.1666531171165837e-13,1.0222028407333042e-13,9.68628718150894e-16,0.0,0,0.0,0.0,0.004449799303901048,0.0,0,0.0,0.0,0.004449799303901048,0.0,0.0
MAR06377,564,1.1666003072940653e-13,1.0203506703063116e-13,9.686261399239126e-16,0.0,0,0.0,0.0,0.004441930629657058,0.0,0,0.0,0.0,0.004441930629657058,0.0,0.0
MAR00152,575,1.1662786678441435e-13,1.0011477021664647e-13,9.687243726108345e-16,0.0,0,0.0,0.0,0.004357176858116289,0.0,0,0.0,0.0,0.004357176858116289,0.0,0.0
MAR00404,566,1.1662441722988216e-13,1.0167488789970234e-13,9.683068822292759e-16,0.0,0,0.0,0.0,0.0044262764728495866,0.0,0,0.0,0.0,0.0044262764728495866,0.0,0.0
MAR03849,552,1.166216881519295e-13,1.0426140823285404e-13,9.687610405545996e-16,0.0,0,0.0,0.0,0.004538231229443332,0.0,0,0.0,0.0,0.004538231229443332,0.0,0.0
MAR08474,569,1.1660892911296688e-13,1.0112774871675413e-13,9.686964805730228e-16,0.0,0,0.0,0.0,0.004403001029543098,0.0,0,0.0,0.0,0.004403001029543098,0.0,0.0
MAR06758,553,1.1659068326016544e-13,1.038977512454191e-13,9.68693351378885e-16,0.0,0,0.0,0.0,0.00453004698365408,0.0,0,0.0,0.0,0.00453004698365408,0.0,0.0
MAR09027,563,1.165895877966573e-13,1.022951347312876e-13,9.687522690027e-16,0.0,0,0.0,0.0,0.004449799303901048,0.0,0,0.0,0.0,0.004449799303901048,0.0,0.0
MAR02330,565,1.1657931257515272e-13,1.0183908827343868e-13,9.683433518539439e-16,0.0,0,0.0,0.0,0.004434089734923025,0.0,0,0.0,0.0,0.004434089734923025,0.0,0.0
MAR09693,565,1.1657931257515272e-13,1.0195830677848028e-13,9.681889963504354e-16,0.0,0,0.0,0.0,0.004434089734923025,0.0,0,0.0,0.0,0.004434089734923025,0.0,0.0
MAR12756,537,1.1657135013121942e-13,1.0706721320591766e-13,9.68335449146983e-16,0.0,0,0.0,0.0,0.004664642427888463,0.0,0,0.0,0.0,0.004664642427888463,0.0,0.0
MAR12815,552,1.165701995478889e-13,1.0420712572918503e-13,9.684382577909673e-16,0.0,0,0.0,0.0,0.004538231229443332,0.0,0,0.0,0.0,0.004538231229443332,0.0,0.0
MAR00366,572,1.1654391515561644e-13,1.006128210329235e-13,9.681017628072928e-16,0.0,0,0.0,0.0,0.004379969091767465,0.0,0,0.0,0.0,0.004379969091767465,0.0,0.0
MAR07082,563,1.1653910518665659e-13,1.022281107112098e-13,9.687751173646335e-16,0.0,0,0.0,0.0,0.004449799303901048,0.0,0,0.0,0.0,0.004449799303901048,0.0,0.0
MAR01834,568,1.1653901630882206e-13,1.0134319123228942e-13,9.677552653172377e-16,0.0,0,0.0,0.0,0.004410732264444036,0.0,0,0.0,0.0,0.004410732264444036,0.0,0.0
MAR07873,545,1.1652900866465642e-13,1.0553575963017001e-13,9.670012093348196e-16,0.0,0,0.0,0.0,0.004596359577531593,0.0,0,0.0,0.0,0.004596359577531593,0.0,0.0
MAR05189,562,1.1651889417731465e-13,1.0234096609512928e-13,9.679039130159078e-16,0.0,0,0.0,0.0,0.0044576959055467585,0.0,0,0.0,0.0,0.0044576959055467585,0.0,0.0
MAR02773,549,1.1650830067964338e-13,1.0488014541641417e-13,9.674519273175907e-16,0.0,0,0.0,0.0,0.004562962366977274,0.0,0,0.0,0.0,0.004562962366977274,0.0,0.0
MAR03135,555,1.1650340352102544e-13,1.0356928742417142e-13,9.697180455252252e-16,0.0,0,0.0,0.0,0.004513766730450679,0.0,0,0.0,0.0,0.004513766730450679,0.0,0.0
MAR11258,563,1.1648862257665586e-13,1.0221372100656419e-13,9.677321938640086e-16,0.0,0,0.0,0.0,0.004449799303901048,0.0,0,0.0,0.0,0.004449799303901048,0.0,0.0
MAR12796,563,1.1648862257665586e-13,1.0214762203639192e-13,9.680879586969778e-16,0.0,0,0.0,0.0,0.004449799303901048,0.0,0,0.0,0.0,0.004449799303901048,0.0,0.0
MAR03370,589,1.1648557990661336e-13,9.769567120516733e-14,9.675627106805641e-16,0.0,0,0.0,0.0,0.00425387517710073,0.0,0,0.0,0.0,0.00425387517710073,0.0,0.0
MAR02311,569,1.164840534124818e-13,1.0112756647776432e-13,9.677581672165363e-16,0.0,0,0.0,0.0,0.004403001029543098,0.0,0,0.0,0.0,0.004403001029543098,0.0,0.0
MAR02410,576,1.1647473109456364e-13,9.990354382839952e-14,9.668041191688135e-16,0.0,0,0.0,0.0,0.004349632068826215,0.0,0,0.0,0.0,0.004349632068826215,0.0,0.0
MAR09980,571,1.1647425580936142e-13,1.0089131632931201e-13,9.67104012231247e-16,0.0,0,0.0,0.0,0.00438761958448344,0.0,0,0.0,0.0,0.00438761958448344,0.0,0.0
MAR12564,562,1.1646832174060574e-13,1.02342301685107e-13,9.672078556617638e-16,0.0,0,0.0,0.0,0.0044576959055467585,0.0,0,0.0,0.0,0.0044576959055467585,0.0,0.0
MAR02247,568,1.164639589775798e-13,1.0133615639611616e-13,9.67123419844075e-16,0.0,0,0.0,0.0,0.004410732264444036,0.0,0,0.0,0.0,0.004410732264444036,0.0,0.0
MAR10242,553,1.1646219451952167e-13,1.0415472248857954e-13,9.671614572952841e-16,0.0,0,0.0,0.0,0.00453004698365408,0.0,0,0.0,0.0,0.00453004698365408,0.0,0.0
MAR04198,553,1.1646219451952167e-13,1.0406910942051915e-13,9.667637990743124e-16,0.0,0,0.0,0.0,0.00453004698365408,0.0,0,0.0,0.0,0.00453004698365408,0.0,0.0
MAR06502,538,1.1646033167160898e-13,1.0697195336021533e-13,9.677377463897087e-16,0.0,0,0.0,0.0,0.004655996327465773,0.0,0,0.0,0.0,0.004655996327465773,0.0,0.0
MAR12348,569,1.1645907827238478e-13,1.0108414859874177e-13,9.676171487842571e-16,0.0,0,0.0,0.0,0.004403001029543098,0.0,0,0.0,0.0,0.004403001029543098,0.0,0.0
MAR00315,569,1.1645907827238478e-13,1.011340398653224e-13,9.678673141886406e-16,0.0,0,0.0,0.0,0.004403001029543098,0.0,0,0.0,0.0,0.004403001029543098,0.0,0.0
MAR00935,554,1.1645718485021136e-13,1.0391871793574518e-13,9.676327321478032e-16,0.0,0,0.0,0.0,0.004521892203603858,0.0,0,0.0,0.0,0.004521892203603858,0.0,0.0
MAR02718,550,1.1645149491166443e-13,1.0451712321853681e-13,9.688920296069298e-16,0.0,0,0.0,0.0,0.0045546887593671224,0.0,0,0.0,0.0,0.0045546887593671224,0.0,0.0
MAR03491,574,1.164349298355314e-13,1.0025778232054381e-13,9.663220899112556e-16,0.0,0,0.0,0.0,0.004364747866934595,0.0,0,0.0,0.0,0.004364747866934595,0.0,0.0
MAR02407,578,1.164159118970268e-13,9.955381922118616e-14,9.67387619870738e-16,0.0,0,0.0,0.0,0.004334620605899285,0.0,0,0.0,0.0,0.004334620605899285,0.0,0.0
MAR02460,543,1.1640862205012618e-13,1.0603854101139388e-13,9.666293781807862e-16,0.0,0,0.0,0.0,0.004613242186326175,0.0,0,0.0,0.0,0.004613242186326175,0.0,0.0
MAR01260,540,1.1639742667655272e-13,1.0655685322505463e-13,9.66660653779785e-16,0.0,0,0.0,0.0,0.00463879992662872,0.0,0,0.0,0.0,0.00463879992662872,0.0,0.0
MAR00180,561,1.1639728594715368e-13,1.0260168954190858e-13,9.668948657584686e-16,0.0,0,0.0,0.0,0.004465620583537596,0.0,0,0.0,0.0,0.004465620583537596,0.0,0.0
MAR12713,564,1.1638286866935827e-13,1.019783781159731e-13,9.665199930783587e-16,0.0,0,0.0,0.0,0.004441930629657058,0.0,0,0.0,0.0,0.004441930629657058,0.0,0.0
MAR00417,543,1.1638245104696741e-13,1.0596386220132298e-13,9.666248435078917e-16,0.0,0,0.0,0.0,0.004613242186326175,0.0,0,0.0,0.0,0.004613242186326175,0.0,0.0
MAR01862,559,1.1638156151376524e-13,1.0290229117967215e-13,9.666272653970986e-16,0.0,0,0.0,0.0,0.004481554769642852,0.0,0,0.0,0.0,0.004481554769642852,0.0,0.0
MAR02239,544,1.1637749587541347e-13,1.0577010515638134e-13,9.668722472480249e-16,0.0,0,0.0,0.0,0.004604785407758596,0.0,0,0.0,0.0,0.004604785407758596,0.0,0.0
MAR07810,571,1.1637470516337054e-13,1.0078182226941833e-13,9.661858721048517e-16,0.0,0,0.0,0.0,0.00438761958448344,0.0,0,0.0,0.0,0.00438761958448344,0.0,0.0
MAR06155,550,1.1637398115867241e-13,1.0447989358992466e-13,9.66782633803804e-16,0.0,0,0.0,0.0,0.0045546887593671224,0.0,0,0.0,0.0,0.0045546887593671224,0.0,0.0
MAR11976,562,1.1636717686718794e-13,1.0234183083171417e-13,9.668277560545717e-16,0.0,0,0.0,0.0,0.0044576959055467585,0.0,0,0.0,0.0,0.0044576959055467585,0.0,0.0
MAR02982,573,1.1636532342709914e-13,1.005193164959171e-13,9.666126104999716e-16,0.0,0,0.0,0.0,0.0043723452321952965,0.0,0,0.0,0.0,0.0043723452321952965,0.0,0.0
MAR02243,558,1.1636092328630457e-13,1.0309584874654884e-13,9.658288236319667e-16,0.0,0,0.0,0.0,0.004489564580987142,0.0,0,0.0,0.0,0.004489564580987142,0.0,0.0
MAR06768,559,1.163561395911978e-13,1.0293755455818345e-13,9.670551993532369e-16,0.0,0,0.0,0.0,0.004481554769642852,0.0,0,0.0,0.0,0.004481554769642852,0.0,0.0
MAR05331,562,1.163418906488335e-13,1.0233695944892283e-13,9.667555700416909e-16,0.0,0,0.0,0.0,0.0044576959055467585,0.0,0,0.0,0.0,0.0044576959055467585,0.0,0.0
MAR01623,558,1.1633545580473612e-13,1.0309950213540159e-13,9.662770220265874e-16,0.0,0,0.0,0.0,0.004489564580987142,0.0,0,0.0,0.0,0.004489564580987142,0.0,0.0
MAR03406,542,1.1633498592500237e-13,1.0595081401308571e-13,9.65911938077027e-16,0.0,0,0.0,0.0,0.00462173008405905,0.0,0,0.0,0.0,0.00462173008405905,0.0,0.0
MAR06174,569,1.163342025718997e-13,1.0108739047700789e-13,9.664130860430144e-16,0.0,0,0.0,0.0,0.004403001029543098,0.0,0,0.0,0.0,0.004403001029543098,0.0,0.0
MAR03530,548,1.1633192381824122e-13,1.047915367784567e-13,9.681044897675663e-16,0.0,0,0.0,0.0,0.004571266087298871,0.0,0,0.0,0.0,0.004571266087298871,0.0,0.0
MAR04223,548,1.1633192381824122e-13,1.0496858448801467e-13,9.66016166229e-16,0.0,0,0.0,0.0,0.004571266087298871,0.0,0,0.0,0.0,0.004571266087298871,0.0,0.0
MAR02646,565,1.1632779302267126e-13,1.0196225955872743e-13,9.655959024021464e-16,0.0,0,0.0,0.0,0.004434089734923025,0.0,0,0.0,0.0,0.004434089734923025,0.0,0.0
MAR07056,550,1.163223053233444e-13,1.0458944274009509e-13,9.665013975072557e-16,0.0,0,0.0,0.0,0.0045546887593671224,0.0,0,0.0,0.0,0.0045546887593671224,0.0,0.0
MAR02452,563,1.1631193344165334e-13,1.0231419198042278e-13,9.66346799049085e-16,0.0,0,0.0,0.0,0.004449799303901048,0.0,0,0.0,0.0,0.004449799303901048,0.0,0.0
MAR09268,565,1.1630264106742311e-13,1.0188917487066104e-13,9.654537325481241e-16,0.0,0,0.0,0.0,0.004434089734923025,0.0,0,0.0,0.0,0.004434089734923025,0.0,0.0
MAR08508,544,1.1629912719132228e-13,1.0556461351263022e-13,9.67730040976226e-16,0.0,0,0.0,0.0,0.004604785407758596,0.0,0,0.0,0.0,0.004604785407758596,0.0,0.0
MAR01200,572,1.162954736396164e-13,1.0062452085031042e-13,9.659180641545966e-16,0.0,0,0.0,0.0,0.004379969091767465,0.0,0,0.0,0.0,0.004379969091767465,0.0,0.0
MAR12971,557,1.162891845455848e-13,1.03327597271718e-13,9.660224503118227e-16,0.0,0,0.0,0.0,0.004497603075155535,0.0,0,0.0,0.0,0.004497603075155535,0.0,0.0
MAR12285,543,1.1627776703433243e-13,1.0589124360113815e-13,9.65255207225856e-16,0.0,0,0.0,0.0,0.004613242186326175,0.0,0,0.0,0.0,0.004613242186326175,0.0,0.0
MAR08949,554,1.1627762531409872e-13,1.0388554900007066e-13,9.65329195004257e-16,0.0,0,0.0,0.0,0.004521892203603858,0.0,0,0.0,0.0,0.004521892203603858,0.0,0.0
MAR06170,533,1.1627305330768467e-13,1.0776467745008537e-13,9.65842807446818e-16,0.0,0,0.0,0.0,0.004699550344959981,0.0,0,0.0,0.0,0.004699550344959981,0.0,0.0
MAR02002,568,1.162638060942671e-13,1.0133578825788087e-13,9.659076687314481e-16,0.0,0,0.0,0.0,0.004410732264444036,0.0,0,0.0,0.0,0.004410732264444036,0.0,0.0
MAR12180,565,1.1625233715692684e-13,1.0180743325983186e-13,9.648693870069554e-16,0.0,0,0.0,0.0,0.004434089734923025,0.0,0,0.0,0.0,0.004434089734923025,0.0,0.0
MAR01273,560,1.162498668756078e-13,1.028043066890749e-13,9.651229900163762e-16,0.0,0,0.0,0.0,0.0044735734878779895,0.0,0,0.0,0.0,0.0044735734878779895,0.0,0.0
MAR03505,556,1.1624274684305524e-13,1.0335425175029372e-13,9.649057412659795e-16,0.0,0,0.0,0.0,0.0045056704064922026,0.0,0,0.0,0.0,0.0045056704064922026,0.0,0.0
MAR03875,562,1.162407457754157e-13,1.0232930266862676e-13,9.654842082889738e-16,0.0,0,0.0,0.0,0.0044576959055467585,0.0,0,0.0,0.0,0.0044576959055467585,0.0,0.0
MAR01249,529,1.1623888157406252e-13,1.0866448878904144e-13,9.648770153655281e-16,0.0,0,0.0,0.0,0.004734984668033456,0.0,0,0.0,0.0,0.004734984668033456,0.0,0.0
MAR02347,519,1.1623329145671002e-13,1.1060977950140252e-13,9.669812967053616e-16,0.0,0,0.0,0.0,0.004825953143914684,0.0,0,0.0,0.0,0.004825953143914684,0.0,0.0
MAR00204,566,1.1622269695524748e-13,1.0170547920874001e-13,9.656001899875844e-16,0.0,0,0.0,0.0,0.0044262764728495866,0.0,0,0.0,0.0,0.0044262764728495866,0.0,0.0
MAR12202,556,1.1621718775184085e-13,1.0344938929317558e-13,9.656285116411771e-16,0.0,0,0.0,0.0,0.0045056704064922026,0.0,0,0.0,0.0,0.0045056704064922026,0.0,0.0
MAR12265,557,1.1621264493311514e-13,1.0321324312224438e-13,9.653464615451656e-16,0.0,0,0.0,0.0,0.004497603075155535,0.0,0,0.0,0.0,0.004497603075155535,0.0,0.0
MAR13041,560,1.1619911382305352e-13,1.0275845819281381e-13,9.650110550139436e-16,0.0,0,0.0,0.0,0.0044735734878779895,0.0,0,0.0,0.0,0.0044735734878779895,0.0,0.0
MAR03015,562,1.1619017333870678e-13,1.0250488409651199e-13,9.646711987500035e-16,0.0,0,0.0,0.0,0.0044576959055467585,0.0,0,0.0,0.0,0.0044576959055467585,0.0,0.0
MAR09463,548,1.1617633051843975e-13,1.0511825341451032e-13,9.645300933162173e-16,0.0,0,0.0,0.0,0.004571266087298871,0.0,0,0.0,0.0,0.004571266087298871,0.0,0.0
MAR13051,549,1.161717959231814e-13,1.0476186637896853e-13,9.651483295690883e-16,0.0,0,0.0,0.0,0.004562962366977274,0.0,0,0.0,0.0,0.004562962366977274,0.0,0.0
MAR00353,561,1.1616930432070656e-13,1.0253539573476464e-13,9.648092057253688e-16,0.0,0,0.0,0.0,0.004465620583537596,0.0,0,0.0,0.0,0.004465620583537596,0.0,0.0
MAR00704,562,1.1616488712035232e-13,1.024358595718267e-13,9.652547241849006e-16,0.0,0,0.0,0.0,0.0044576959055467585,0.0,0,0.0,0.0,0.0044576959055467585,0.0,0.0
MAR05225,576,1.1615399999856082e-13,9.985601115091449e-14,9.646006660102455e-16,0.0,0,0.0,0.0,0.004349632068826215,0.0,0,0.0,0.0,0.004349632068826215,0.0,0.0
MAR06716,570,1.161301074796683e-13,1.0095536353182818e-13,9.65495999388151e-16,0.0,0,0.0,0.0,0.004395296850147243,0.0,0,0.0,0.0,0.004395296850147243,0.0,0.0
MAR11282,540,1.1610794630272453e-13,1.0639773493710102e-13,9.642007320346532e-16,0.0,0,0.0,0.0,0.00463879992662872,0.0,0,0.0,0.0,0.00463879992662872,0.0,0.0
MAR01299,560,1.1609760771794495e-13,1.0279764877423404e-13,9.63601618660711e-16,0.0,0,0.0,0.0,0.0044735734878779895,0.0,0,0.0,0.0,0.0044735734878779895,0.0,0.0
MAR01188,550,1.1608976406436838e-13,1.0467048985340086e-13,9.645335922185477e-16,0.0,0,0.0,0.0,0.0045546887593671224,0.0,0,0.0,0.0,0.0045546887593671224,0.0,0.0
MAR03659,574,1.160883236229655e-13,1.0024436026328957e-13,9.642086407184178e-16,0.0,0,0.0,0.0,0.004364747866934595,0.0,0,0.0,0.0,0.004364747866934595,0.0,0.0
MAR09431,557,1.1608507891233236e-13,1.034271952807714e-13,9.639709925052017e-16,0.0,0,0.0,0.0,0.004497603075155535,0.0,0,0.0,0.0,0.004497603075155535,0.0,0.0
MAR00837,558,1.160807809890515e-13,1.031689657297259e-13,9.646510386290765e-16,0.0,0,0.0,0.0,0.004489564580987142,0.0,0,0.0,0.0,0.004489564580987142,0.0,0.0
MAR06208,562,1.1606374224693452e-13,1.0239113879936385e-13,9.648045314644203e-16,0.0,0,0.0,0.0,0.0044576959055467585,0.0,0,0.0,0.0,0.0044576959055467585,0.0,0.0
MAR00192,569,1.1605947603083253e-13,1.0115378993297132e-13,9.636351162005488e-16,0.0,0,0.0,0.0,0.004403001029543098,0.0,0,0.0,0.0,0.004403001029543098,0.0,0.0
MAR01117,569,1.1605947603083253e-13,1.0115503155963298e-13,9.643669364217998e-16,0.0,0,0.0,0.0,0.004403001029543098,0.0,0,0.0,0.0,0.004403001029543098,0.0,0.0
MAR08352,565,1.1605112151494168e-13,1.0189366401281954e-13,9.642232384323103e-16,0.0,0,0.0,0.0,0.004434089734923025,0.0,0,0.0,0.0,0.004434089734923025,0.0,0.0
MAR02682,565,1.1605112151494168e-13,1.019599563136176e-13,9.634078452534655e-16,0.0,0,0.0,0.0,0.004434089734923025,0.0,0,0.0,0.0,0.004434089734923025,0.0,0.0
MAR09973,566,1.160469443350948e-13,1.017774530559324e-13,9.63366794735906e-16,0.0,0,0.0,0.0,0.0044262764728495866,0.0,0,0.0,0.0,0.0044262764728495866,0.0,0.0
MAR02175,556,1.160382741133401e-13,1.0345885101128888e-13,9.640698237312809e-16,0.0,0,0.0,0.0,0.0045056704064922026,0.0,0,0.0,0.0,0.0045056704064922026,0.0,0.0
MAR12372,550,1.1603808822904037e-13,1.0458721372941068e-13,9.638745931560932e-16,0.0,0,0.0,0.0,0.0045546887593671224,0.0,0,0.0,0.0,0.0045546887593671224,0.0,0.0
MAR03501,559,1.16025654597821e-13,1.0278718572849611e-13,9.641426467320296e-16,0.0,0,0.0,0.0,0.004481554769642852,0.0,0,0.0,0.0,0.004481554769642852,0.0,0.0
MAR01254,555,1.1601690579203653e-13,1.0365665804055046e-13,9.639645226637004e-16,0.0,0,0.0,0.0,0.004513766730450679,0.0,0,0.0,0.0,0.004513766730450679,0.0,0.0
MAR11996,550,1.1601225031137636e-13,1.0452557315450062e-13,9.642368301810186e-16,0.0,0,0.0,0.0,0.0045546887593671224,0.0,0,0.0,0.0,0.0045546887593671224,0.0,0.0
MAR05031,572,1.1599734382041637e-13,1.0062981181628957e-13,9.634877554086142e-16,0.0,0,0.0,0.0,0.004379969091767465,0.0,0,0.0,0.0,0.004379969091767465,0.0,0.0
MAR09088,537,1.1598915496597836e-13,1.0714808696483898e-13,9.635994334149797e-16,0.0,0,0.0,0.0,0.004664642427888463,0.0,0,0.0,0.0,0.004664642427888463,0.0,0.0
MAR05180,556,1.159871559309113e-13,1.0340436225854503e-13,9.629836431079667e-16,0.0,0,0.0,0.0,0.0045056704064922026,0.0,0,0.0,0.0,0.0045056704064922026,0.0,0.0
MAR05375,553,1.159739373050753e-13,1.0394500900988123e-13,9.63377909383609e-16,0.0,0,0.0,0.0,0.00453004698365408,0.0,0,0.0,0.0,0.00453004698365408,0.0,0.0
MAR06720,547,1.1597304469590812e-13,1.0514609031352494e-13,9.642516991980311e-16,0.0,0,0.0,0.0,0.004579600085029117,0.0,0,0.0,0.0,0.004579600085029117,0.0,0.0
MAR04821,549,1.1596471607305097e-13,1.0465642599442094e-13,9.63532166553027e-16,0.0,0,0.0,0.0,0.004562962366977274,0.0,0,0.0,0.0,0.004562962366977274,0.0,0.0
MAR13018,574,1.1596453568990623e-13,1.0025964935290117e-13,9.631752870157085e-16,0.0,0,0.0,0.0,0.004364747866934595,0.0,0,0.0,0.0,0.004364747866934595,0.0,0.0
MAR02702,550,1.1596057447604835e-13,1.0452951666896788e-13,9.653431335871683e-16,0.0,0,0.0,0.0,0.0045546887593671224,0.0,0,0.0,0.0,0.0045546887593671224,0.0,0.0
MAR00214,550,1.1596057447604835e-13,1.0462090241419222e-13,9.627977877893467e-16,0.0,0,0.0,0.0,0.0045546887593671224,0.0,0,0.0,0.0,0.0045546887593671224,0.0,0.0
MAR03374,552,1.1595233629940185e-13,1.0403858241174286e-13,9.624405489507959e-16,0.0,0,0.0,0.0,0.004538231229443332,0.0,0,0.0,0.0,0.004538231229443332,0.0,0.0
MAR03182,572,1.1594765551721634e-13,1.0071179010821359e-13,9.624538538820383e-16,0.0,0,0.0,0.0,0.004379969091767465,0.0,0,0.0,0.0,0.004379969091767465,0.0,0.0
MAR03527,566,1.1594651426643613e-13,1.0168657284295984e-13,9.625915364711176e-16,0.0,0,0.0,0.0,0.0044262764728495866,0.0,0,0.0,0.0,0.0044262764728495866,0.0,0.0
MAR12473,560,1.1594534856028206e-13,1.0272157872089724e-13,9.627022447510714e-16,0.0,0,0.0,0.0,0.0044735734878779895,0.0,0,0.0,0.0,0.0044735734878779895,0.0,0.0
MAR12864,570,1.1593065688717423e-13,1.0096422810991382e-13,9.629979807171196e-16,0.0,0,0.0,0.0,0.004395296850147243,0.0,0,0.0,0.0,0.004395296850147243,0.0,0.0
MAR12970,572,1.1592281136561633e-13,1.0058907816644889e-13,9.630885528641278e-16,0.0,0,0.0,0.0,0.004379969091767465,0.0,0,0.0,0.0,0.004379969091767465,0.0,0.0
MAR03782,574,1.1591502051668255e-13,1.0027031291902458e-13,9.62402423910375e-16,0.0,0,0.0,0.0,0.004364747866934595,0.0,0,0.0,0.0,0.004364747866934595,0.0,0.0
MAR03235,569,1.1590962519025045e-13,1.0113987136775849e-13,9.6229193209756e-16,0.0,0,0.0,0.0,0.004403001029543098,0.0,0,0.0,0.0,0.004403001029543098,0.0,0.0
MAR11359,563,1.159080725616476e-13,1.0216467597084777e-13,9.622332580849428e-16,0.0,0,0.0,0.0,0.004449799303901048,0.0,0,0.0,0.0,0.004449799303901048,0.0,0.0
MAR00372,551,1.1590486586228277e-13,1.0439279971702843e-13,9.622993397092596e-16,0.0,0,0.0,0.0,0.004546445100963565,0.0,0,0.0,0.0,0.004546445100963565,0.0,0.0
MAR01573,559,1.158985449849838e-13,1.0297985633762057e-13,9.628820645615052e-16,0.0,0,0.0,0.0,0.004481554769642852,0.0,0,0.0,0.0,0.004481554769642852,0.0,0.0
MAR00078,547,1.1586912619707667e-13,1.050800418094896e-13,9.618802205065044e-16,0.0,0,0.0,0.0,0.004579600085029117,0.0,0,0.0,0.0,0.004579600085029117,0.0,0.0
MAR12687,561,1.158653288187771e-13,1.0253923851282757e-13,9.632564640529145e-16,0.0,0,0.0,0.0,0.004465620583537596,0.0,0,0.0,0.0,0.004465620583537596,0.0,0.0
MAR01753,561,1.158653288187771e-13,1.0261529109498054e-13,9.622271644223964e-16,0.0,0,0.0,0.0,0.004465620583537596,0.0,0,0.0,0.0,0.004465620583537596,0.0,0.0
MAR12679,568,1.158635003276417e-13,1.0126915735216701e-13,9.623722331063628e-16,0.0,0,0.0,0.0,0.004410732264444036,0.0,0,0.0,0.0,0.004410732264444036,0.0,0.0
MAR01114,552,1.1584935909132069e-13,1.0423364100244934e-13,9.62414399905921e-16,0.0,0,0.0,0.0,0.004538231229443332,0.0,0,0.0,0.0,0.004538231229443332,0.0,0.0
MAR02166,547,1.158431465723688e-13,1.0501598659817136e-13,9.616819783420811e-16,0.0,0,0.0,0.0,0.004579600085029117,0.0,0,0.0,0.0,0.004579600085029117,0.0,0.0
MAR09957,561,1.1583999752694968e-13,1.026901521589804e-13,9.621615946589038e-16,0.0,0,0.0,0.0,0.004465620583537596,0.0,0,0.0,0.0,0.004465620583537596,0.0,0.0
MAR02315,555,1.1583766978661958e-13,1.0368572904880299e-13,9.622086554614345e-16,0.0,0,0.0,0.0,0.004513766730450679,0.0,0,0.0,0.0,0.004513766730450679,0.0,0.0
MAR00410,550,1.1583138488772833e-13,1.0451273428446279e-13,9.616529355000349e-16,0.0,0,0.0,0.0,0.0045546887593671224,0.0,0,0.0,0.0,0.0045546887593671224,0.0,0.0
MAR02447,569,1.1580972462986238e-13,1.0123393675702719e-13,9.618074215644861e-16,0.0,0,0.0,0.0,0.004403001029543098,0.0,0,0.0,0.0,0.004403001029543098,0.0,0.0
MAR03280,577,1.1580492005351788e-13,9.97376113424275e-14,9.616967050939814e-16,0.0,0,0.0,0.0,0.004342113363096878,0.0,0,0.0,0.0,0.004342113363096878,0.0,0.0
MAR12200,562,1.1578559384503554e-13,1.0236054510164272e-13,9.61980779317738e-16,0.0,0,0.0,0.0,0.0044576959055467585,0.0,0,0.0,0.0,0.0044576959055467585,0.0,0.0
MAR12469,570,1.1578106894280369e-13,1.0091522988924239e-13,9.616117803459381e-16,0.0,0,0.0,0.0,0.004395296850147243,0.0,0,0.0,0.0,0.004395296850147243,0.0,0.0
MAR13054,564,1.1577815144743476e-13,1.0202919364899688e-13,9.616130242238407e-16,0.0,0,0.0,0.0,0.004441930629657058,0.0,0,0.0,0.0,0.004441930629657058,0.0,0.0
MAR11228,560,1.1576771287634205e-13,1.0273480770673596e-13,9.618167639339627e-16,0.0,0,0.0,0.0,0.0044735734878779895,0.0,0,0.0,0.0,0.0044735734878779895,0.0,0.0
MAR07651,574,1.1576647499701145e-13,1.0025639874945928e-13,9.618989502774843e-16,0.0,0,0.0,0.0,0.004364747866934595,0.0,0,0.0,0.0,0.004364747866934595,0.0,0.0
MAR09075,562,1.1576030762668108e-13,1.0239969554034406e-13,9.609985117839595e-16,0.0,0,0.0,0.0,0.0044576959055467585,0.0,0,0.0,0.0,0.0044576959055467585,0.0,0.0
MAR01324,542,1.1575816156386871e-13,1.0605457221367016e-13,9.613516312266154e-16,0.0,0,0.0,0.0,0.00462173008405905,0.0,0,0.0,0.0,0.00462173008405905,0.0,0.0
MAR03227,545,1.157467597812508e-13,1.0538150131674462e-13,9.626435644445784e-16,0.0,0,0.0,0.0,0.004596359577531593,0.0,0,0.0,0.0,0.004596359577531593,0.0,0.0
MAR00381,559,1.1574601344957912e-13,1.0290275476241992e-13,9.61610463535042e-16,0.0,0,0.0,0.0,0.004481554769642852,0.0,0,0.0,0.0,0.004481554769642852,0.0,0.0
MAR01257,560,1.157423363500649e-13,1.0280536249014601e-13,9.611526952697565e-16,0.0,0,0.0,0.0,0.0044735734878779895,0.0,0,0.0,0.0,0.0044735734878779895,0.0,0.0
MAR01116,563,1.157313834266451e-13,1.0218693000105177e-13,9.61319950714919e-16,0.0,0,0.0,0.0,0.004449799303901048,0.0,0,0.0,0.0,0.004449799303901048,0.0,0.0
MAR02417,552,1.1572063758121923e-13,1.0421324367233609e-13,9.608459253828419e-16,0.0,0,0.0,0.0,0.004538231229443332,0.0,0,0.0,0.0,0.004538231229443332,0.0,0.0
MAR12893,542,1.1570572298558385e-13,1.0613402478367016e-13,9.612463492616418e-16,0.0,0,0.0,0.0,0.00462173008405905,0.0,0,0.0,0.0,0.00462173008405905,0.0,0.0
MAR03228,571,1.157027383029319e-13,1.0079187544734377e-13,9.606327292615048e-16,0.0,0,0.0,0.0,0.00438761958448344,0.0,0,0.0,0.0,0.00438761958448344,0.0,0.0
MAR06156,575,1.1568871464671405e-13,1.0008404567247469e-13,9.610389368301058e-16,0.0,0,0.0,0.0,0.004357176858116289,0.0,0,0.0,0.0,0.004357176858116289,0.0,0.0
MAR02924,540,1.156868839407926e-13,1.0653093441200193e-13,9.605016775170276e-16,0.0,0,0.0,0.0,0.00463879992662872,0.0,0,0.0,0.0,0.00463879992662872,0.0,0.0
MAR04924,551,1.156727466382595e-13,1.0431928007361757e-13,9.608391761722195e-16,0.0,0,0.0,0.0,0.004546445100963565,0.0,0,0.0,0.0,0.004546445100963565,0.0,0.0
MAR03700,552,1.1566914897717862e-13,1.0420847327372531e-13,9.599964072573897e-16,0.0,0,0.0,0.0,0.004538231229443332,0.0,0,0.0,0.0,0.004538231229443332,0.0,0.0
MAR03315,569,1.1565987378928028e-13,1.0109162392360425e-13,9.59854422680423e-16,0.0,0,0.0,0.0,0.004403001029543098,0.0,0,0.0,0.0,0.004403001029543098,0.0,0.0
MAR01598,555,1.1565843378120263e-13,1.0372629110793082e-13,9.604154625894686e-16,0.0,0,0.0,0.0,0.004513766730450679,0.0,0,0.0,0.0,0.004513766730450679,0.0,0.0
MAR03114,550,1.1565051946408031e-13,1.0469411704663592e-13,9.607473944594596e-16,0.0,0,0.0,0.0,0.0045546887593671224,0.0,0,0.0,0.0,0.0045546887593671224,0.0,0.0
MAR00254,565,1.1564869023097134e-13,1.0187031549460597e-13,9.60413138638029e-16,0.0,0,0.0,0.0,0.004434089734923025,0.0,0,0.0,0.0,0.004434089734923025,0.0,0.0
MAR02956,544,1.1564605482389573e-13,1.0574385671688845e-13,9.5954030514402e-16,0.0,0,0.0,0.0,0.004604785407758596,0.0,0,0.0,0.0,0.004604785407758596,0.0,0.0
MAR02655,553,1.1563986657940148e-13,1.0412705240228045e-13,9.59788481146449e-16,0.0,0,0.0,0.0,0.00453004698365408,0.0,0,0.0,0.0,0.00453004698365408,0.0,0.0
MAR12446,559,1.1561890383674188e-13,1.0289148699863188e-13,9.60356668657796e-16,0.0,0,0.0,0.0,0.004481554769642852,0.0,0,0.0,0.0,0.004481554769642852,0.0,0.0
MAR11977,538,1.1561507637256353e-13,1.0677050227369828e-13,9.597739096009773e-16,0.0,0,0.0,0.0,0.004655996327465773,0.0,0,0.0,0.0,0.004655996327465773,0.0,0.0
MAR07050,546,1.1561285099803534e-13,1.0535929599896946e-13,9.608151679856482e-16,0.0,0,0.0,0.0,0.004587964526068459,0.0,0,0.0,0.0,0.004587964526068459,0.0,0.0
MAR02323,566,1.1559500902613077e-13,1.0162876999109998e-13,9.599844238527709e-16,0.0,0,0.0,0.0,0.0044262764728495866,0.0,0,0.0,0.0,0.0044262764728495866,0.0,0.0
MAR01333,529,1.1559415470607604e-13,1.0859555300068848e-13,9.61892651755444e-16,0.0,0,0.0,0.0,0.004734984668033456,0.0,0,0.0,0.0,0.004734984668033456,0.0,0.0
MAR03512,560,1.15590077192402e-13,1.027204737000137e-13,9.592622634479052e-16,0.0,0,0.0,0.0,0.0044735734878779895,0.0,0,0.0,0.0,0.0044735734878779895,0.0,0.0
MAR00459,562,1.1558330409819994e-13,1.0246780772729303e-13,9.60340483254061e-16,0.0,0,0.0,0.0,0.0044576959055467585,0.0,0,0.0,0.0,0.0044576959055467585,0.0,0.0
MAR12347,571,1.1557829999544326e-13,1.0073609328065707e-13,9.60191538707086e-16,0.0,0,0.0,0.0,0.00438761958448344,0.0,0,0.0,0.0,0.00438761958448344,0.0,0.0
MAR03704,579,1.155767095922042e-13,9.940049330788477e-14,9.59307861418218e-16,0.0,0,0.0,0.0,0.00432715366313485,0.0,0,0.0,0.0,0.00432715366313485,0.0,0.0
MAR02810,565,1.1557323436522691e-13,1.0196406686696774e-13,9.593467317027702e-16,0.0,0,0.0,0.0,0.004434089734923025,0.0,0,0.0,0.0,0.004434089734923025,0.0,0.0
MAR12630,573,1.155716980328819e-13,1.0038550856685122e-13,9.594734494720359e-16,0.0,0,0.0,0.0,0.0043723452321952965,0.0,0,0.0,0.0,0.0043723452321952965,0.0,0.0
MAR02420,546,1.1556079658515914e-13,1.0526405118977158e-13,9.60418838864271e-16,0.0,0,0.0,0.0,0.004587964526068459,0.0,0,0.0,0.0,0.004587964526068459,0.0,0.0
MAR03653,563,1.1555469429164258e-13,1.0200338619369839e-13,9.616644727533702e-16,0.0,0,0.0,0.0,0.004449799303901048,0.0,0,0.0,0.0,0.004449799303901048,0.0,0.0
MAR12032,545,1.1553816007900931e-13,1.0538042252705317e-13,9.598087815233878e-16,0.0,0,0.0,0.0,0.004596359577531593,0.0,0,0.0,0.0,0.004596359577531593,0.0,0.0
MAR09140,561,1.1553602202502022e-13,1.0259761992846464e-13,9.59364204097198e-16,0.0,0,0.0,0.0,0.004465620583537596,0.0,0,0.0,0.0,0.004465620583537596,0.0,0.0
MAR04884,548,1.1552802510260024e-13,1.0496739322020016e-13,9.593421009055442e-16,0.0,0,0.0,0.0,0.004571266087298871,0.0,0,0.0,0.0,0.004571266087298871,0.0,0.0
MAR00155,549,1.1552467139152375e-13,1.0480124742287533e-13,9.593716167466411e-16,0.0,0,0.0,0.0,0.004562962366977274,0.0,0,0.0,0.0,0.004562962366977274,0.0,0.0
MAR06147,581,1.1552128540430132e-13,9.89892549658857e-14,9.598168151645227e-16,0.0,0,0.0,0.0,0.004312296689115291,0.0,0,0.0,0.0,0.004312296689115291,0.0,0.0
MAR04740,544,1.155154403504104e-13,1.0556335508966395e-13,9.615718291903278e-16,0.0,0,0.0,0.0,0.004604785407758596,0.0,0,0.0,0.0,0.004604785407758596,0.0,0.0
MAR13050,546,1.1550874217228295e-13,1.0525017112881916e-13,9.598914322333578e-16,0.0,0,0.0,0.0,0.004587964526068459,0.0,0,0.0,0.0,0.004587964526068459,0.0,0.0
MAR12657,563,1.1550421168164185e-13,1.0217558494751207e-13,9.59445752029158e-16,0.0,0,0.0,0.0,0.004449799303901048,0.0,0,0.0,0.0,0.004449799303901048,0.0,0.0
MAR11375,564,1.155009893873865e-13,1.02013852048188e-13,9.59239733719631e-16,0.0,0,0.0,0.0,0.004441930629657058,0.0,0,0.0,0.0,0.004441930629657058,0.0,0.0
MAR02257,555,1.1547919777578565e-13,1.035628217590711e-13,9.590430214894626e-16,0.0,0,0.0,0.0,0.004513766730450679,0.0,0,0.0,0.0,0.004513766730450679,0.0,0.0
MAR12860,566,1.1546947144030743e-13,1.0167869293543665e-13,9.59253873287611e-16,0.0,0,0.0,0.0,0.0044262764728495866,0.0,0,0.0,0.0,0.0044262764728495866,0.0,0.0
MAR03108,566,1.1546947144030743e-13,1.0176931118940014e-13,9.589694587006206e-16,0.0,0,0.0,0.0,0.0044262764728495866,0.0,0,0.0,0.0,0.0044262764728495866,0.0,0.0
MAR09216,567,1.1546632746549493e-13,1.0152636479352576e-13,9.58717193316034e-16,0.0,0,0.0,0.0,0.00441849069762059,0.0,0,0.0,0.0,0.00441849069762059,0.0,0.0
MAR04164,568,1.1546319456101628e-13,1.0132258172144339e-13,9.587230448977281e-16,0.0,0,0.0,0.0,0.004410732264444036,0.0,0,0.0,0.0,0.004410732264444036,0.0,0.0
MAR04003,560,1.1546319456101628e-13,1.0279208956373215e-13,9.582354622718514e-16,0.0,0,0.0,0.0,0.0044735734878779895,0.0,0,0.0,0.0,0.0044735734878779895,0.0,0.0
MAR10139,537,1.1545988663394105e-13,1.0711135792394981e-13,9.578079902274829e-16,0.0,0,0.0,0.0,0.004664642427888463,0.0,0,0.0,0.0,0.004664642427888463,0.0,0.0
MAR03083,537,1.1545988663394105e-13,1.0712781773779422e-13,9.585527389430598e-16,0.0,0,0.0,0.0,0.004664642427888463,0.0,0,0.0,0.0,0.004664642427888463,0.0,0.0
MAR11961,551,1.1544062741423624e-13,1.0417218122095558e-13,9.605928524913621e-16,0.0,0,0.0,0.0,0.004546445100963565,0.0,0,0.0,0.0,0.004546445100963565,0.0,0.0
MAR01848,577,1.1543548708865128e-13,9.975827766564884e-14,9.583982811391332e-16,0.0,0,0.0,0.0,0.004342113363096878,0.0,0,0.0,0.0,0.004342113363096878,0.0,0.0
MAR12242,570,1.1543203040593908e-13,1.0090751622086407e-13,9.588727388522236e-16,0.0,0,0.0,0.0,0.004395296850147243,0.0,0,0.0,0.0,0.004395296850147243,0.0,0.0
MAR02572,555,1.1542798748852367e-13,1.0363728464910123e-13,9.585585203822244e-16,0.0,0,0.0,0.0,0.004513766730450679,0.0,0,0.0,0.0,0.004513766730450679,0.0,0.0
MAR03498,547,1.1542747257704296e-13,1.0506095968089718e-13,9.576271276846119e-16,0.0,0,0.0,0.0,0.004579600085029117,0.0,0,0.0,0.0,0.004579600085029117,0.0,0.0
MAR07877,550,1.1541797820510426e-13,1.0457887744193683e-13,9.585157038127736e-16,0.0,0,0.0,0.0,0.0045546887593671224,0.0,0,0.0,0.0,0.0045546887593671224,0.0,0.0
MAR09137,542,1.1541731080501702e-13,1.0621575655000173e-13,9.584227786280387e-16,0.0,0,0.0,0.0,0.00462173008405905,0.0,0,0.0,0.0,0.00462173008405905,0.0,0.0
MAR01489,552,1.154117059569757e-13,1.0407077099035552e-13,9.59712138127352e-16,0.0,0,0.0,0.0,0.004538231229443332,0.0,0,0.0,0.0,0.004538231229443332,0.0,0.0
MAR02286,537,1.1540695980073732e-13,1.0697746490056942e-13,9.585573417861426e-16,0.0,0,0.0,0.0,0.004664642427888463,0.0,0,0.0,0.0,0.004664642427888463,0.0,0.0
MAR00358,557,1.153962224001053e-13,1.0317889798108207e-13,9.579572371277302e-16,0.0,0,0.0,0.0,0.004497603075155535,0.0,0,0.0,0.0,0.004497603075155535,0.0,0.0
MAR06500,568,1.15388137229774e-13,1.0130001421256327e-13,9.585061161953027e-16,0.0,0,0.0,0.0,0.004410732264444036,0.0,0,0.0,0.0,0.004410732264444036,0.0,0.0
MAR02084,560,1.1538706498218484e-13,1.0279922425926173e-13,9.58610159010491e-16,0.0,0,0.0,0.0,0.0044735734878779895,0.0,0,0.0,0.0,0.0044735734878779895,0.0,0.0
MAR03136,527,1.1538566855094757e-13,1.090835462278988e-13,9.577518528407208e-16,0.0,0,0.0,0.0,0.004752902966888136,0.0,0,0.0,0.0,0.004752902966888136,0.0,0.0
MAR08601,556,1.153737377417659e-13,1.0335348604783085e-13,9.581897332885753e-16,0.0,0,0.0,0.0,0.0045056704064922026,0.0,0,0.0,0.0,0.0045056704064922026,0.0,0.0
MAR02089,575,1.153674257575008e-13,1.0010255701677328e-13,9.586166846751258e-16,0.0,0,0.0,0.0,0.004357176858116289,0.0,0,0.0,0.0,0.004357176858116289,0.0,0.0
MAR12955,559,1.1536468461106742e-13,1.0273344116014352e-13,9.604289383452734e-16,0.0,0,0.0,0.0,0.004481554769642852,0.0,0,0.0,0.0,0.004481554769642852,0.0,0.0
MAR12337,543,1.1536178192377611e-13,1.0587176105039041e-13,9.58319259690057e-16,0.0,0,0.0,0.0,0.004613242186326175,0.0,0,0.0,0.0,0.004613242186326175,0.0,0.0
MAR00162,569,1.153601721081161e-13,1.0115534033276975e-13,9.582745318838656e-16,0.0,0,0.0,0.0,0.004403001029543098,0.0,0,0.0,0.0,0.004403001029543098,0.0,0.0
MAR08470,564,1.1534981008190563e-13,1.0204058617265618e-13,9.576872116307533e-16,0.0,0,0.0,0.0,0.004441930629657058,0.0,0,0.0,0.0,0.004441930629657058,0.0,0.0
MAR07855,573,1.1534849089075832e-13,1.0044098967471826e-13,9.581944012125647e-16,0.0,0,0.0,0.0,0.0043723452321952965,0.0,0,0.0,0.0,0.0043723452321952965,0.0,0.0
MAR00297,556,1.1534817865055152e-13,1.0335565551391885e-13,9.58124001708948e-16,0.0,0,0.0,0.0,0.0045056704064922026,0.0,0,0.0,0.0,0.0045056704064922026,0.0,0.0
MAR08052,556,1.1534817865055152e-13,1.0345970061845917e-13,9.583227905442955e-16,0.0,0,0.0,0.0,0.0045056704064922026,0.0,0,0.0,0.0,0.0045056704064922026,0.0,0.0
MAR03899,556,1.1534817865055152e-13,1.0352286770719409e-13,9.582141886295306e-16,0.0,0,0.0,0.0,0.0045056704064922026,0.0,0,0.0,0.0,0.0045056704064922026,0.0,0.0
MAR12230,550,1.1534046445211227e-13,1.0452292181013026e-13,9.578832957017333e-16,0.0,0,0.0,0.0,0.0045546887593671224,0.0,0,0.0,0.0,0.0045546887593671224,0.0,0.0
MAR11833,559,1.1533926268849999e-13,1.0285286270328765e-13,9.572216289238858e-16,0.0,0,0.0,0.0,0.004481554769642852,0.0,0,0.0,0.0,0.004481554769642852,0.0,0.0
MAR01280,572,1.1532655172721626e-13,1.0064258682759508e-13,9.576046559889081e-16,0.0,0,0.0,0.0,0.004379969091767465,0.0,0,0.0,0.0,0.004379969091767465,0.0,0.0
MAR11287,541,1.1531543844683327e-13,1.0622072394320599e-13,9.579978529241076e-16,0.0,0,0.0,0.0,0.004630249273041442,0.0,0,0.0,0.0,0.004630249273041442,0.0,0.0
MAR03656,551,1.1531167228977887e-13,1.042917557381773e-13,9.575059346033613e-16,0.0,0,0.0,0.0,0.004546445100963565,0.0,0,0.0,0.0,0.004546445100963565,0.0,0.0
MAR02333,569,1.1531022182792206e-13,1.0114087375163629e-13,9.57512810447737e-16,0.0,0,0.0,0.0,0.004403001029543098,0.0,0,0.0,0.0,0.004403001029543098,0.0,0.0
MAR02348,545,1.1530348541398764e-13,1.0537255324287211e-13,9.593353768756461e-16,0.0,0,0.0,0.0,0.004596359577531593,0.0,0,0.0,0.0,0.004596359577531593,0.0,0.0
MAR03540,556,1.1529706046812273e-13,1.0336315374401137e-13,9.568753770178673e-16,0.0,0,0.0,0.0,0.0045056704064922026,0.0,0,0.0,0.0,0.0045056704064922026,0.0,0.0
MAR12278,549,1.15291706560127e-13,1.0471261937790961e-13,9.579693585195001e-16,0.0,0,0.0,0.0,0.004562962366977274,0.0,0,0.0,0.0,0.004562962366977274,0.0,0.0
MAR01177,569,1.1528524668782503e-13,1.011683662330966e-13,9.573595571215646e-16,0.0,0,0.0,0.0,0.004403001029543098,0.0,0,0.0,0.0,0.004403001029543098,0.0,0.0
MAR02069,569,1.1528524668782503e-13,1.0111066224765727e-13,9.567990011482828e-16,0.0,0,0.0,0.0,0.004403001029543098,0.0,0,0.0,0.0,0.004403001029543098,0.0,0.0
MAR03110,552,1.1528298444687424e-13,1.0436376908179131e-13,9.569008902571078e-16,0.0,0,0.0,0.0,0.004538231229443332,0.0,0,0.0,0.0,0.004538231229443332,0.0,0.0
MAR06151,547,1.1527159482879577e-13,1.0493527673407002e-13,9.57713517500944e-16,0.0,0,0.0,0.0,0.004579600085029117,0.0,0,0.0,0.0,0.004579600085029117,0.0,0.0
MAR09398,551,1.1526009023999593e-13,1.0448338522201766e-13,9.57061583651849e-16,0.0,0,0.0,0.0,0.004546445100963565,0.0,0,0.0,0.0,0.004546445100963565,0.0,0.0
MAR03484,572,1.1525201927241625e-13,1.005459120741692e-13,9.571014405245101e-16,0.0,0,0.0,0.0,0.004379969091767465,0.0,0,0.0,0.0,0.004379969091767465,0.0,0.0
MAR02167,573,1.1524928771648116e-13,1.0045024898331399e-13,9.574337475571313e-16,0.0,0,0.0,0.0,0.0043723452321952965,0.0,0,0.0,0.0,0.0043723452321952965,0.0,0.0
MAR02289,553,1.1522870260934138e-13,1.0387142963210406e-13,9.591896681481648e-16,0.0,0,0.0,0.0,0.00453004698365408,0.0,0,0.0,0.0,0.00453004698365408,0.0,0.0
MAR00174,572,1.1522717512081625e-13,1.0064194449189396e-13,9.569375780649701e-16,0.0,0,0.0,0.0,0.004379969091767465,0.0,0,0.0,0.0,0.004379969091767465,0.0,0.0
MAR12178,572,1.1522717512081625e-13,1.0055956076188336e-13,9.57135342405878e-16,0.0,0,0.0,0.0,0.004379969091767465,0.0,0,0.0,0.0,0.004379969091767465,0.0,0.0
MAR03953,574,1.1522180809155074e-13,1.0026208077088464e-13,9.57066652486085e-16,0.0,0,0.0,0.0,0.004364747866934595,0.0,0,0.0,0.0,0.004364747866934595,0.0,0.0
MAR03218,548,1.1521683850299727e-13,1.0479343214983936e-13,9.594997132882996e-16,0.0,0,0.0,0.0,0.004571266087298871,0.0,0,0.0,0.0,0.004571266087298871,0.0,0.0
MAR01180,567,1.1521569510720214e-13,1.015288698317928e-13,9.564613879232666e-16,0.0,0,0.0,0.0,0.00441849069762059,0.0,0,0.0,0.0,0.00441849069762059,0.0,0.0
MAR11873,554,1.1520026809742274e-13,1.0383358766118947e-13,9.563588255750175e-16,0.0,0,0.0,0.0,0.004521892203603858,0.0,0,0.0,0.0,0.004521892203603858,0.0,0.0
MAR02676,550,1.1518543694612824e-13,1.0458096563413381e-13,9.563951494476944e-16,0.0,0,0.0,0.0,0.0045546887593671224,0.0,0,0.0,0.0,0.0045546887593671224,0.0,0.0
MAR04766,552,1.1518000723879304e-13,1.0403842903605211e-13,9.561219511285628e-16,0.0,0,0.0,0.0,0.004538231229443332,0.0,0,0.0,0.0,0.004538231229443332,0.0,0.0
MAR02334,581,1.1517885517020007e-13,9.903078111631604e-14,9.55771377569343e-16,0.0,0,0.0,0.0,0.004312296689115291,0.0,0,0.0,0.0,0.004312296689115291,0.0,0.0
MAR03082,562,1.151787246045287e-13,1.0250838100797462e-13,9.561659093400327e-16,0.0,0,0.0,0.0,0.0044576959055467585,0.0,0,0.0,0.0,0.0044576959055467585,0.0,0.0
MAR01332,554,1.1517461673512093e-13,1.039115465886663e-13,9.565199289728712e-16,0.0,0,0.0,0.0,0.004521892203603858,0.0,0,0.0,0.0,0.004521892203603858,0.0,0.0
MAR12757,567,1.1516556863554357e-13,1.0139033196742272e-13,9.564030749035223e-16,0.0,0,0.0,0.0,0.00441849069762059,0.0,0,0.0,0.0,0.00441849069762059,0.0,0.0
MAR00150,558,1.1516395165258685e-13,1.0316225754340271e-13,9.564204308888685e-16,0.0,0,0.0,0.0,0.004489564580987142,0.0,0,0.0,0.0,0.004489564580987142,0.0,0.0
MAR12283,578,1.151620129515678e-13,9.952220395690651e-14,9.561299684003678e-16,0.0,0,0.0,0.0,0.004334620605899285,0.0,0,0.0,0.0,0.004334620605899285,0.0,0.0
MAR02686,576,1.1514246346501345e-13,1.0001533798743393e-13,9.562204461763043e-16,0.0,0,0.0,0.0,0.004349632068826215,0.0,0,0.0,0.0,0.004349632068826215,0.0,0.0
MAR11537,569,1.1513539584724295e-13,1.0109703240096208e-13,9.560464865878536e-16,0.0,0,0.0,0.0,0.004403001029543098,0.0,0,0.0,0.0,0.004403001029543098,0.0,0.0
MAR06207,551,1.1513113511553855e-13,1.0438557892630747e-13,9.562822372138585e-16,0.0,0,0.0,0.0,0.004546445100963565,0.0,0,0.0,0.0,0.004546445100963565,0.0,0.0
MAR03201,532,1.151292928994749e-13,1.0789854079424087e-13,9.581783178966774e-16,0.0,0,0.0,0.0,0.004708359112657833,0.0,0,0.0,0.0,0.004708359112657833,0.0,0.0
MAR00425,552,1.1512851863475246e-13,1.0413669208251403e-13,9.558817415268369e-16,0.0,0,0.0,0.0,0.004538231229443332,0.0,0,0.0,0.0,0.004538231229443332,0.0,0.0
MAR03076,545,1.1512096067452633e-13,1.0549732487002855e-13,9.575094486123114e-16,0.0,0,0.0,0.0,0.004596359577531593,0.0,0,0.0,0.0,0.004596359577531593,0.0,0.0
MAR00201,560,1.1510792319313623e-13,1.0274237546700694e-13,9.55143856969587e-16,0.0,0,0.0,0.0,0.0044735734878779895,0.0,0,0.0,0.0,0.0044735734878779895,0.0,0.0
MAR03697,573,1.1510048295506545e-13,1.0043160396314556e-13,9.557901763631923e-16,0.0,0,0.0,0.0,0.0043723452321952965,0.0,0,0.0,0.0,0.0043723452321952965,0.0,0.0
MAR12712,577,1.1509068298810913e-13,9.967445714278966e-14,9.553631128776682e-16,0.0,0,0.0,0.0,0.004342113363096878,0.0,0,0.0,0.0,0.004342113363096878,0.0,0.0
MAR02662,541,1.1507902866414043e-13,1.0626506891940021e-13,9.577613812672419e-16,0.0,0,0.0,0.0,0.004630249273041442,0.0,0,0.0,0.0,0.004630249273041442,0.0,0.0
MAR01700,556,1.1506702864719321e-13,1.0354124764186517e-13,9.556548088698591e-16,0.0,0,0.0,0.0,0.0045056704064922026,0.0,0,0.0,0.0,0.0045056704064922026,0.0,0.0
MAR07089,536,1.150655027312998e-13,1.071514684041729e-13,9.56676985409665e-16,0.0,0,0.0,0.0,0.004673320699286043,0.0,0,0.0,0.0,0.004673320699286043,0.0,0.0
MAR10363,563,1.1504986819163542e-13,1.0236747744859454e-13,9.55735967235806e-16,0.0,0,0.0,0.0,0.004449799303901048,0.0,0,0.0,0.0,0.004449799303901048,0.0,0.0
MAR12264,574,1.150485049852678e-13,1.0021939463965791e-13,9.553003550834066e-16,0.0,0,0.0,0.0,0.004364747866934595,0.0,0,0.0,0.0,0.004364747866934595,0.0,0.0
MAR07003,554,1.1504635992361188e-13,1.037262027534969e-13,9.561595670917917e-16,0.0,0,0.0,0.0,0.004521892203603858,0.0,0,0.0,0.0,0.004521892203603858,0.0,0.0
MAR03581,556,1.150414695559788e-13,1.0346118252645854e-13,9.552822702845656e-16,0.0,0,0.0,0.0,0.0045056704064922026,0.0,0,0.0,0.0,0.0045056704064922026,0.0,0.0
MAR02652,578,1.1503908168240514e-13,9.966984765549418e-14,9.551942419923655e-16,0.0,0,0.0,0.0,0.004334620605899285,0.0,0,0.0,0.0,0.004334620605899285,0.0,0.0
MAR08869,558,1.1503661424474454e-13,1.0307725710636032e-13,9.561113530974312e-16,0.0,0,0.0,0.0,0.004489564580987142,0.0,0,0.0,0.0,0.004489564580987142,0.0,0.0
MAR04849,565,1.1501989134976772e-13,1.0181028560769971e-13,9.55267370808169e-16,0.0,0,0.0,0.0,0.004434089734923025,0.0,0,0.0,0.0,0.004434089734923025,0.0,0.0
MAR01003,555,1.1501830519042776e-13,1.0373475303564287e-13,9.55062400731119e-16,0.0,0,0.0,0.0,0.004513766730450679,0.0,0,0.0,0.0,0.004513766730450679,0.0,0.0
MAR01170,535,1.1501495498471902e-13,1.0755359802026537e-13,9.551523190672794e-16,0.0,0,0.0,0.0,0.004682031321548599,0.0,0,0.0,0.0,0.004682031321548599,0.0,0.0
MAR01830,568,1.150128505735627e-13,1.0134391187064773e-13,9.552851380481328e-16,0.0,0,0.0,0.0,0.004410732264444036,0.0,0,0.0,0.0,0.004410732264444036,0.0,0.0
MAR12866,560,1.1500641708802765e-13,1.0272135990343728e-13,9.554368195198119e-16,0.0,0,0.0,0.0,0.0044735734878779895,0.0,0,0.0,0.0,0.0044735734878779895,0.0,0.0
MAR01196,546,1.1498819804352097e-13,1.0522215189440767e-13,9.569230558112733e-16,0.0,0,0.0,0.0,0.004587964526068459,0.0,0,0.0,0.0,0.004587964526068459,0.0,0.0
MAR07087,558,1.1498567928160762e-13,1.0314389093401137e-13,9.555260340009012e-16,0.0,0,0.0,0.0,0.004489564580987142,0.0,0,0.0,0.0,0.004489564580987142,0.0,0.0
MAR01287,548,1.1498344855329504e-13,1.0499990840183796e-13,9.550144913962657e-16,0.0,0,0.0,0.0,0.004571266087298871,0.0,0,0.0,0.0,0.004571266087298871,0.0,0.0
MAR12252,561,1.1497873360481622e-13,1.0253835942754028e-13,9.551860747118663e-16,0.0,0,0.0,0.0,0.004465620583537596,0.0,0,0.0,0.0,0.004465620583537596,0.0,0.0
MAR10225,558,1.1496021180003914e-13,1.0333904556359778e-13,9.554936373391446e-16,0.0,0,0.0,0.0,0.004489564580987142,0.0,0,0.0,0.0,0.004489564580987142,0.0,0.0
MAR11551,537,1.149570817185056e-13,1.0689121308878272e-13,9.575346684850429e-16,0.0,0,0.0,0.0,0.004664642427888463,0.0,0,0.0,0.0,0.004664642427888463,0.0,0.0
MAR03432,550,1.1495289568715222e-13,1.0448794715787631e-13,9.539977146271044e-16,0.0,0,0.0,0.0,0.0045546887593671224,0.0,0,0.0,0.0,0.0045546887593671224,0.0,0.0
MAR02808,578,1.1494073666707503e-13,9.966103412780669e-14,9.5497233815054e-16,0.0,0,0.0,0.0,0.004334620605899285,0.0,0,0.0,0.0,0.004334620605899285,0.0,0.0
MAR12136,573,1.1492687740008044e-13,1.0039129555764313e-13,9.542185924676287e-16,0.0,0,0.0,0.0,0.0043723452321952965,0.0,0,0.0,0.0,0.0043723452321952965,0.0,0.0
MAR01006,552,1.1492256421859012e-13,1.0412347229647358e-13,9.545002162516465e-16,0.0,0,0.0,0.0,0.004538231229443332,0.0,0,0.0,0.0,0.004538231229443332,0.0,0.0
MAR03232,578,1.149161504132425e-13,9.957173649155021e-14,9.53777293115498e-16,0.0,0,0.0,0.0,0.004334620605899285,0.0,0,0.0,0.0,0.004334620605899285,0.0,0.0
MAR01143,578,1.149161504132425e-13,9.959923868173467e-14,9.543126724331303e-16,0.0,0,0.0,0.0,0.004334620605899285,0.0,0,0.0,0.0,0.004334620605899285,0.0,0.0
MAR03514,581,1.1490980284340622e-13,9.904016389531796e-14,9.539810800638563e-16,0.0,0,0.0,0.0,0.004312296689115291,0.0,0,0.0,0.0,0.004312296689115291,0.0,0.0
MAR05126,538,1.149018922139939e-13,1.0670316293711532e-13,9.560349176337024e-16,0.0,0,0.0,0.0,0.004655996327465773,0.0,0,0.0,0.0,0.004655996327465773,0.0,0.0
MAR03070,551,1.148990158915153e-13,1.0450494910767229e-13,9.538098384332416e-16,0.0,0,0.0,0.0,0.004546445100963565,0.0,0,0.0,0.0,0.004546445100963565,0.0,0.0
MAR12900,563,1.1489842036163325e-13,1.021586148200929e-13,9.55185389364248e-16,0.0,0,0.0,0.0,0.004449799303901048,0.0,0,0.0,0.0,0.004449799303901048,0.0,0.0
MAR09946,552,1.1489681991656983e-13,1.043108356528697e-13,9.540094039728956e-16,0.0,0,0.0,0.0,0.004538231229443332,0.0,0,0.0,0.0,0.004538231229443332,0.0,0.0
MAR12259,541,1.1489515438871268e-13,1.0610051116351005e-13,9.568771364033808e-16,0.0,0,0.0,0.0,0.004630249273041442,0.0,0,0.0,0.0,0.004630249273041442,0.0,0.0
MAR02503,565,1.14894131573527e-13,1.0196145911412438e-13,9.543613428704082e-16,0.0,0,0.0,0.0,0.004434089734923025,0.0,0,0.0,0.0,0.004434089734923025,0.0,0.0
MAR01838,573,1.1487727581294184e-13,1.0046173688602181e-13,9.537661537750016e-16,0.0,0,0.0,0.0,0.0043723452321952965,0.0,0,0.0,0.0,0.0043723452321952965,0.0,0.0
MAR03184,573,1.1487727581294184e-13,1.004843168916658e-13,9.542557194668533e-16,0.0,0,0.0,0.0,0.0043723452321952965,0.0,0,0.0,0.0,0.0043723452321952965,0.0,0.0
MAR11366,553,1.1484323638741004e-13,1.0402276406757869e-13,9.540128992645302e-16,0.0,0,0.0,0.0,0.00453004698365408,0.0,0,0.0,0.0,0.00453004698365408,0.0,0.0
MAR02571,554,1.148411490251974e-13,1.0398350797321289e-13,9.539397283497765e-16,0.0,0,0.0,0.0,0.004521892203603858,0.0,0,0.0,0.0,0.004521892203603858,0.0,0.0
MAR12936,567,1.1483974656976293e-13,1.0150370232022067e-13,9.542218390905605e-16,0.0,0,0.0,0.0,0.00441849069762059,0.0,0,0.0,0.0,0.00441849069762059,0.0,0.0
MAR12270,544,1.1483624508828677e-13,1.0558933958911387e-13,9.531464790009342e-16,0.0,0,0.0,0.0,0.004604785407758596,0.0,0,0.0,0.0,0.004604785407758596,0.0,0.0
MAR03642,544,1.1483624508828677e-13,1.0558917772076466e-13,9.555591457584989e-16,0.0,0,0.0,0.0,0.004604785407758596,0.0,0,0.0,0.0,0.004604785407758596,0.0,0.0
MAR04699,573,1.1482767422580327e-13,1.0037714960891063e-13,9.535995093178744e-16,0.0,0,0.0,0.0,0.0043723452321952965,0.0,0,0.0,0.0,0.0043723452321952965,0.0,0.0
MAR01976,549,1.148257768973335e-13,1.0462185768269373e-13,9.556969657677515e-16,0.0,0,0.0,0.0,0.004562962366977274,0.0,0,0.0,0.0,0.004562962366977274,0.0,0.0
MAR01679,562,1.1482471754756637e-13,1.0243325355175784e-13,9.538921778456846e-16,0.0,0,0.0,0.0,0.0044576959055467585,0.0,0,0.0,0.0,0.0044576959055467585,0.0,0.0
MAR05183,577,1.1481976548054028e-13,9.968601168307354e-14,9.53732492898033e-16,0.0,0,0.0,0.0,0.004342113363096878,0.0,0,0.0,0.0,0.004342113363096878,0.0,0.0
MAR03260,580,1.1481390550937343e-13,9.922220036833203e-14,9.53166456923291e-16,0.0,0,0.0,0.0,0.004319712401627411,0.0,0,0.0,0.0,0.004319712401627411,0.0,0.0
MAR02059,568,1.1481269769025e-13,1.0133245015742417e-13,9.543251270506522e-16,0.0,0,0.0,0.0,0.004410732264444036,0.0,0,0.0,0.0,0.004410732264444036,0.0,0.0
MAR09388,559,1.1480540231458362e-13,1.0291885794678267e-13,9.543753525535348e-16,0.0,0,0.0,0.0,0.004481554769642852,0.0,0,0.0,0.0,0.004481554769642852,0.0,0.0
MAR03262,572,1.1480482454361618e-13,1.0060312172822067e-13,9.528855497737304e-16,0.0,0,0.0,0.0,0.004379969091767465,0.0,0,0.0,0.0,0.004379969091767465,0.0,0.0
MAR03682,560,1.1480340487781048e-13,1.0272697235692915e-13,9.533767540256352e-16,0.0,0,0.0,0.0,0.0044735734878779895,0.0,0,0.0,0.0,0.0044735734878779895,0.0,0.0
MAR07033,576,1.1479706074624119e-13,9.991379894340335e-14,9.537628629185112e-16,0.0,0,0.0,0.0,0.004349632068826215,0.0,0,0.0,0.0,0.004349632068826215,0.0,0.0
MAR06204,564,1.147954859618091e-13,1.0202180606416831e-13,9.539921078863923e-16,0.0,0,0.0,0.0,0.004441930629657058,0.0,0,0.0,0.0,0.004441930629657058,0.0,0.0
MAR01140,552,1.1479384270848864e-13,1.0423932429768879e-13,9.531798957479532e-16,0.0,0,0.0,0.0,0.004538231229443332,0.0,0,0.0,0.0,0.004538231229443332,0.0,0.0
MAR08066,554,1.147898463005938e-13,1.037281655877001e-13,9.533141947954363e-16,0.0,0,0.0,0.0,0.004521892203603858,0.0,0,0.0,0.0,0.004521892203603858,0.0,0.0
MAR02603,543,1.1478601985428358e-13,1.0604137100955304e-13,9.534772120661194e-16,0.0,0,0.0,0.0,0.004613242186326175,0.0,0,0.0,0.0,0.004613242186326175,0.0,0.0
MAR01144,564,1.1477028941089562e-13,1.020717746084056e-13,9.53257730334558e-16,0.0,0,0.0,0.0,0.004441930629657058,0.0,0,0.0,0.0,0.004441930629657058,0.0,0.0
MAR03359,591,1.1476888249688522e-13,9.7369783326277e-14,9.528164260265011e-16,0.0,0,0.0,0.0,0.00423951629958479,0.0,0,0.0,0.0,0.00423951629958479,0.0,0.0
MAR12282,554,1.1476419493829198e-13,1.0361204469430244e-13,9.548539104238889e-16,0.0,0,0.0,0.0,0.004521892203603858,0.0,0,0.0,0.0,0.004521892203603858,0.0,0.0
MAR01859,563,1.147469725316311e-13,1.0224804584398081e-13,9.534543119549456e-16,0.0,0,0.0,0.0,0.004449799303901048,0.0,0,0.0,0.0,0.004449799303901048,0.0,0.0
MAR08752,564,1.1474509285998215e-13,1.0204338026456106e-13,9.535328116790619e-16,0.0,0,0.0,0.0,0.004441930629657058,0.0,0,0.0,0.0,0.004441930629657058,0.0,0.0
MAR01370,566,1.1474135344253209e-13,1.0164464844880143e-13,9.53178760021625e-16,0.0,0,0.0,0.0,0.0044262764728495866,0.0,0,0.0,0.0,0.0044262764728495866,0.0,0.0
MAR12241,576,1.1472304587793283e-13,9.987143530419501e-14,9.526305669613018e-16,0.0,0,0.0,0.0,0.004349632068826215,0.0,0,0.0,0.0,0.004349632068826215,0.0,0.0
MAR08499,550,1.1472035442817617e-13,1.0459370152076705e-13,9.52636322603426e-16,0.0,0,0.0,0.0,0.0045546887593671224,0.0,0,0.0,0.0,0.0045546887593671224,0.0,0.0
MAR09357,565,1.1471806788679e-13,1.0188340625443479e-13,9.52750799708514e-16,0.0,0,0.0,0.0,0.004434089734923025,0.0,0,0.0,0.0,0.004434089734923025,0.0,0.0
MAR01203,553,1.1471474764676626e-13,1.0387155579377208e-13,9.543376767782762e-16,0.0,0,0.0,0.0,0.00453004698365408,0.0,0,0.0,0.0,0.00453004698365408,0.0,0.0
MAR07054,581,1.1471412842391978e-13,9.903639185150522e-14,9.533489236168334e-16,0.0,0,0.0,0.0,0.004312296689115291,0.0,0,0.0,0.0,0.004312296689115291,0.0,0.0
MAR03593,557,1.1470736588787828e-13,1.0326999958603061e-13,9.52597654940193e-16,0.0,0,0.0,0.0,0.004497603075155535,0.0,0,0.0,0.0,0.004497603075155535,0.0,0.0
MAR11806,573,1.1470367025795685e-13,1.0039341430091472e-13,9.526518489712868e-16,0.0,0,0.0,0.0,0.0043723452321952965,0.0,0,0.0,0.0,0.0043723452321952965,0.0,0.0
MAR12675,546,1.1470189877270188e-13,1.0530488534572141e-13,9.521535783837014e-16,0.0,0,0.0,0.0,0.004587964526068459,0.0,0,0.0,0.0,0.004587964526068459,0.0,0.0
MAR01344,575,1.147001334491348e-13,1.0010173219373216e-13,9.526275024622137e-16,0.0,0,0.0,0.0,0.004357176858116289,0.0,0,0.0,0.0,0.004357176858116289,0.0,0.0
MAR03371,565,1.1469291593154184e-13,1.0164767491598237e-13,9.538430989645912e-16,0.0,0,0.0,0.0,0.004434089734923025,0.0,0,0.0,0.0,0.004434089734923025,0.0,0.0
MAR02057,570,1.1468409068408635e-13,1.0098897208187421e-13,9.516263405579449e-16,0.0,0,0.0,0.0,0.004395296850147243,0.0,0,0.0,0.0,0.004395296850147243,0.0,0.0
MAR00199,559,1.1465287077917897e-13,1.029188921686713e-13,9.522618475305024e-16,0.0,0,0.0,0.0,0.004481554769642852,0.0,0,0.0,0.0,0.004481554769642852,0.0,0.0
MAR08778,559,1.1465287077917897e-13,1.0296154059978724e-13,9.519319214500547e-16,0.0,0,0.0,0.0,0.004481554769642852,0.0,0,0.0,0.0,0.004481554769642852,0.0,0.0
MAR09787,562,1.146477140190852e-13,1.0242913273536053e-13,9.521837420765676e-16,0.0,0,0.0,0.0,0.0044576959055467585,0.0,0,0.0,0.0,0.0044576959055467585,0.0,0.0
MAR01748,548,1.146463297370585e-13,1.049956128165814e-13,9.515300344580383e-16,0.0,0,0.0,0.0,0.004571266087298871,0.0,0,0.0,0.0,0.004571266087298871,0.0,0.0
MAR01309,540,1.1463422803596283e-13,1.0639267854361493e-13,9.536216646475922e-16,0.0,0,0.0,0.0,0.00463879992662872,0.0,0,0.0,0.0,0.00463879992662872,0.0,0.0
MAR07155,551,1.1461531461770908e-13,1.0440172681821359e-13,9.525145203004218e-16,0.0,0,0.0,0.0,0.004546445100963565,0.0,0,0.0,0.0,0.004546445100963565,0.0,0.0
MAR02087,568,1.1461254480693728e-13,1.0128176014730171e-13,9.520383050183953e-16,0.0,0,0.0,0.0,0.004410732264444036,0.0,0,0.0,0.0,0.004410732264444036,0.0,0.0
MAR12179,557,1.1460531307125207e-13,1.0327491384237136e-13,9.516168687512486e-16,0.0,0,0.0,0.0,0.004497603075155535,0.0,0,0.0,0.0,0.004497603075155535,0.0,0.0
MAR02775,565,1.1459230811054926e-13,1.0179841333440687e-13,9.50984232436164e-16,0.0,0,0.0,0.0,0.004434089734923025,0.0,0,0.0,0.0,0.004434089734923025,0.0,0.0
MAR02043,543,1.1457665182901358e-13,1.0585060212266459e-13,9.526131839506008e-16,0.0,0,0.0,0.0,0.004613242186326175,0.0,0,0.0,0.0,0.004613242186326175,0.0,0.0
MAR00188,559,1.1457660501147663e-13,1.0298680745648432e-13,9.511828699315573e-16,0.0,0,0.0,0.0,0.004481554769642852,0.0,0,0.0,0.0,0.004481554769642852,0.0,0.0
MAR11276,561,1.1457343293557694e-13,1.0258719781249276e-13,9.511803667712905e-16,0.0,0,0.0,0.0,0.004465620583537596,0.0,0,0.0,0.0,0.004465620583537596,0.0,0.0
MAR06586,545,1.145733864561424e-13,1.0545039574188944e-13,9.515714467228574e-16,0.0,0,0.0,0.0,0.004596359577531593,0.0,0,0.0,0.0,0.004596359577531593,0.0,0.0
MAR11378,571,1.1455790587403646e-13,1.0073293024427783e-13,9.514154160255945e-16,0.0,0,0.0,0.0,0.00438761958448344,0.0,0,0.0,0.0,0.00438761958448344,0.0,0.0
MAR04927,550,1.1453948900452816e-13,1.043329451132741e-13,9.533587291039146e-16,0.0,0,0.0,0.0,0.0045546887593671224,0.0,0,0.0,0.0,0.0045546887593671224,0.0,0.0
MAR01158,568,1.1453748747569503e-13,1.0134823652453623e-13,9.513878717622092e-16,0.0,0,0.0,0.0,0.004410732264444036,0.0,0,0.0,0.0,0.004410732264444036,0.0,0.0
MAR08370,568,1.1453748747569503e-13,1.0135097740857425e-13,9.512326661725837e-16,0.0,0,0.0,0.0,0.004410732264444036,0.0,0,0.0,0.0,0.004410732264444036,0.0,0.0
MAR03172,562,1.1452128292731295e-13,1.0228416848530442e-13,9.530506946454027e-16,0.0,0,0.0,0.0,0.0044576959055467585,0.0,0,0.0,0.0,0.0044576959055467585,0.0,0.0
MAR04828,580,1.1451988782561062e-13,9.922102353464194e-14,9.511707062877696e-16,0.0,0,0.0,0.0,0.004319712401627411,0.0,0,0.0,0.0,0.004319712401627411,0.0,0.0
MAR12690,556,1.1450472864047657e-13,1.0340897828174196e-13,9.512994781610473e-16,0.0,0,0.0,0.0,0.0045056704064922026,0.0,0,0.0,0.0,0.0045056704064922026,0.0,0.0
MAR02664,574,1.145038380798071e-13,1.0029874413392638e-13,9.511632247311119e-16,0.0,0,0.0,0.0,0.004364747866934595,0.0,0,0.0,0.0,0.004364747866934595,0.0,0.0
MAR00737,550,1.1448781316920015e-13,1.044476158566134e-13,9.53587842825387e-16,0.0,0,0.0,0.0,0.0045546887593671224,0.0,0,0.0,0.0,0.0045546887593671224,0.0,0.0
MAR05032,550,1.1448781316920015e-13,1.0443564091686195e-13,9.505489004976385e-16,0.0,0,0.0,0.0,0.0045546887593671224,0.0,0,0.0,0.0,0.0045546887593671224,0.0,0.0
MAR00300,573,1.1448046311583324e-13,1.0042676598716726e-13,9.513646488048886e-16,0.0,0,0.0,0.0,0.0043723452321952965,0.0,0,0.0,0.0,0.0043723452321952965,0.0,0.0
MAR09390,559,1.1447491732120683e-13,1.0298703525673456e-13,9.51272352521089e-16,0.0,0,0.0,0.0,0.004481554769642852,0.0,0,0.0,0.0,0.004481554769642852,0.0,0.0
MAR01176,562,1.1447071049060403e-13,1.0228129476943216e-13,9.50234133948272e-16,0.0,0,0.0,0.0,0.0044576959055467585,0.0,0,0.0,0.0,0.0044576959055467585,0.0,0.0
MAR02117,566,1.1446517075372074e-13,1.0170034513297764e-13,9.512303612169292e-16,0.0,0,0.0,0.0,0.0044262764728495866,0.0,0,0.0,0.0,0.0044262764728495866,0.0,0.0
MAR08503,555,1.1445499203054587e-13,1.036948285823337e-13,9.503514637309286e-16,0.0,0,0.0,0.0,0.004513766730450679,0.0,0,0.0,0.0,0.004513766730450679,0.0,0.0
MAR02097,576,1.1445165802746892e-13,9.991648364508928e-14,9.51145883994631e-16,0.0,0,0.0,0.0,0.004349632068826215,0.0,0,0.0,0.0,0.004349632068826215,0.0,0.0
MAR08458,558,1.1445086216866991e-13,1.029777396989627e-13,9.509128475352504e-16,0.0,0,0.0,0.0,0.004489564580987142,0.0,0,0.0,0.0,0.004489564580987142,0.0,0.0
MAR02252,579,1.1444769522795672e-13,9.941722476796185e-14,9.508973912600726e-16,0.0,0,0.0,0.0,0.00432715366313485,0.0,0,0.0,0.0,0.00432715366313485,0.0,0.0
MAR02999,564,1.1444273424902038e-13,1.0208521579162028e-13,9.495495101733878e-16,0.0,0,0.0,0.0,0.004441930629657058,0.0,0,0.0,0.0,0.004441930629657058,0.0,0.0
MAR00348,557,1.1442672064215616e-13,1.0332392477163826e-13,9.504035031661526e-16,0.0,0,0.0,0.0,0.004497603075155535,0.0,0,0.0,0.0,0.004497603075155535,0.0,0.0
MAR11319,578,1.1442442533659191e-13,9.951085188725174e-14,9.505416151244743e-16,0.0,0,0.0,0.0,0.004334620605899285,0.0,0,0.0,0.0,0.004334620605899285,0.0,0.0
MAR03678,561,1.144214451846122e-13,1.0243892493809141e-13,9.500090376706354e-16,0.0,0,0.0,0.0,0.004465620583537596,0.0,0,0.0,0.0,0.004465620583537596,0.0,0.0
MAR05068,584,1.1441684738164353e-13,9.844668996949661e-14,9.502352937271496e-16,0.0,0,0.0,0.0,0.004290201536487618,0.0,0,0.0,0.0,0.004290201536487618,0.0,0.0
MAR02945,566,1.144149557193914e-13,1.0171831435034535e-13,9.502132423470177e-16,0.0,0,0.0,0.0,0.0044262764728495866,0.0,0,0.0,0.0,0.0044262764728495866,0.0,0.0
MAR00669,567,1.1441367156066517e-13,1.0137009269850711e-13,9.505327206307694e-16,0.0,0,0.0,0.0,0.00441849069762059,0.0,0,0.0,0.0,0.00441849069762059,0.0,0.0
MAR03177,552,1.1440767817818426e-13,1.0414800963755812e-13,9.527522896459907e-16,0.0,0,0.0,0.0,0.004538231229443332,0.0,0,0.0,0.0,0.004538231229443332,0.0,0.0
MAR10227,556,1.1440249227561902e-13,1.0350220364884164e-13,9.498271410343308e-16,0.0,0,0.0,0.0,0.0045056704064922026,0.0,0,0.0,0.0,0.0045056704064922026,0.0,0.0
MAR06388,567,1.1438860832483588e-13,1.0149693948611413e-13,9.499998651007372e-16,0.0,0,0.0,0.0,0.00441849069762059,0.0,0,0.0,0.0,0.00441849069762059,0.0,0.0
MAR02344,567,1.1438860832483588e-13,1.0145302196146062e-13,9.498960508010346e-16,0.0,0,0.0,0.0,0.00441849069762059,0.0,0,0.0,0.0,0.00441849069762059,0.0,0.0
MAR03633,554,1.1437942450376487e-13,1.0383161634589285e-13,9.497642439006702e-16,0.0,0,0.0,0.0,0.004521892203603858,0.0,0,0.0,0.0,0.004521892203603858,0.0,0.0
MAR12263,581,1.1437169818981854e-13,9.89989087326266e-14,9.503390814590611e-16,0.0,0,0.0,0.0,0.004312296689115291,0.0,0,0.0,0.0,0.004312296689115291,0.0,0.0
MAR03057,581,1.1437169818981854e-13,9.915705697647664e-14,9.499221741826021e-16,0.0,0,0.0,0.0,0.004312296689115291,0.0,0,0.0,0.0,0.004312296689115291,0.0,0.0
MAR02467,562,1.1436956561718624e-13,1.0245824538146715e-13,9.500986240501644e-16,0.0,0,0.0,0.0,0.0044576959055467585,0.0,0,0.0,0.0,0.0044576959055467585,0.0,0.0
MAR03326,564,1.1436714459627995e-13,1.0182644536779746e-13,9.513661302352705e-16,0.0,0,0.0,0.0,0.004441930629657058,0.0,0,0.0,0.0,0.004441930629657058,0.0,0.0
MAR12342,568,1.143623537027964e-13,1.01261664870973e-13,9.50142029185687e-16,0.0,0,0.0,0.0,0.004410732264444036,0.0,0,0.0,0.0,0.004410732264444036,0.0,0.0
MAR03064,553,1.1435497917296368e-13,1.0402942720860991e-13,9.49786519125902e-16,0.0,0,0.0,0.0,0.00453004698365408,0.0,0,0.0,0.0,0.00453004698365408,0.0,0.0
MAR07865,575,1.1435413002998203e-13,1.0002363790581463e-13,9.49814593634352e-16,0.0,0,0.0,0.0,0.004357176858116289,0.0,0,0.0,0.0,0.004357176858116289,0.0,0.0
MAR00739,554,1.1435377314146306e-13,1.0385987980918352e-13,9.49545934188897e-16,0.0,0,0.0,0.0,0.004521892203603858,0.0,0,0.0,0.0,0.004521892203603858,0.0,0.0
MAR12926,576,1.1435297153639112e-13,9.985028665216613e-14,9.50170209878881e-16,0.0,0,0.0,0.0,0.004349632068826215,0.0,0,0.0,0.0,0.004349632068826215,0.0,0.0
MAR08915,537,1.1432195972006082e-13,1.0696035155626446e-13,9.51573652169686e-16,0.0,0,0.0,0.0,0.004664642427888463,0.0,0,0.0,0.0,0.004664642427888463,0.0,0.0
MAR09079,566,1.1431452565073273e-13,1.0145638315047093e-13,9.511709378608601e-16,0.0,0,0.0,0.0,0.0044262764728495866,0.0,0,0.0,0.0,0.0044262764728495866,0.0,0.0
MAR06370,567,1.1431341861734805e-13,1.0157547879383241e-13,9.490877753714344e-16,0.0,0,0.0,0.0,0.00441849069762059,0.0,0,0.0,0.0,0.00441849069762059,0.0,0.0
MAR03657,577,1.1430255932972702e-13,9.974971829793917e-14,9.493713988676651e-16,0.0,0,0.0,0.0,0.004342113363096878,0.0,0,0.0,0.0,0.004342113363096878,0.0,0.0
MAR08994,565,1.1429048464757152e-13,1.0192396976742381e-13,9.50195462614786e-16,0.0,0,0.0,0.0,0.004434089734923025,0.0,0,0.0,0.0,0.004434089734923025,0.0,0.0
MAR06674,544,1.1428766429964848e-13,1.0563481990129013e-13,9.4986167864003e-16,0.0,0,0.0,0.0,0.004604785407758596,0.0,0,0.0,0.0,0.004604785407758596,0.0,0.0
MAR04214,562,1.1426842074376841e-13,1.0240160969197935e-13,9.494341728886406e-16,0.0,0,0.0,0.0,0.0044576959055467585,0.0,0,0.0,0.0,0.0044576959055467585,0.0,0.0
MAR03793,562,1.1426842074376841e-13,1.0235753926591274e-13,9.484028759720936e-16,0.0,0,0.0,0.0,0.0044576959055467585,0.0,0,0.0,0.0,0.0044576959055467585,0.0,0.0
MAR05069,588,1.142668726079508e-13,9.78920299678136e-14,9.488593908899952e-16,0.0,0,0.0,0.0,0.004261091151880009,0.0,0,0.0,0.0,0.004261091151880009,0.0,0.0
MAR02669,549,1.1425630730947475e-13,1.0477653807631934e-13,9.482528701514225e-16,0.0,0,0.0,0.0,0.004562962366977274,0.0,0,0.0,0.0,0.004562962366977274,0.0,0.0
MAR03820,581,1.1424940167763951e-13,9.904132081090682e-14,9.491124327344843e-16,0.0,0,0.0,0.0,0.004312296689115291,0.0,0,0.0,0.0,0.004312296689115291,0.0,0.0
MAR00637,539,1.1424050738584468e-13,1.066316090393566e-13,9.487428611555658e-16,0.0,0,0.0,0.0,0.004647382219459146,0.0,0,0.0,0.0,0.004647382219459146,0.0,0.0
MAR03174,567,1.142382289098602e-13,1.016066023417093e-13,9.482660296982611e-16,0.0,0,0.0,0.0,0.00441849069762059,0.0,0,0.0,0.0,0.00441849069762059,0.0,0.0
MAR05322,527,1.1422614909600699e-13,1.0894190078607851e-13,9.48102995177555e-16,0.0,0,0.0,0.0,0.004752902966888136,0.0,0,0.0,0.0,0.004752902966888136,0.0,0.0
MAR03795,555,1.1422454573786692e-13,1.0364792655615948e-13,9.482392861667365e-16,0.0,0,0.0,0.0,0.004513766730450679,0.0,0,0.0,0.0,0.004513766730450679,0.0,0.0
MAR12909,562,1.1421784830705953e-13,1.0234798991405139e-13,9.483581192141895e-16,0.0,0,0.0,0.0,0.0044576959055467585,0.0,0,0.0,0.0,0.0044576959055467585,0.0,0.0
MAR10212,563,1.1421690512662357e-13,1.0231906835847755e-13,9.484923403006873e-16,0.0,0,0.0,0.0,0.004449799303901048,0.0,0,0.0,0.0,0.004449799303901048,0.0,0.0
MAR07976,540,1.142131656740309e-13,1.0636908662564376e-13,9.506247123271959e-16,0.0,0,0.0,0.0,0.00463879992662872,0.0,0,0.0,0.0,0.00463879992662872,0.0,0.0
MAR06161,544,1.1420929561555728e-13,1.0552985511377724e-13,9.485970874020373e-16,0.0,0,0.0,0.0,0.004604785407758596,0.0,0,0.0,0.0,0.004604785407758596,0.0,0.0
MAR02510,547,1.1420643021577332e-13,1.0516848467785119e-13,9.484304193411345e-16,0.0,0,0.0,0.0,0.004579600085029117,0.0,0,0.0,0.0,0.004579600085029117,0.0,0.0
MAR03186,531,1.1419532404852534e-13,1.0811842473572531e-13,9.502502621648804e-16,0.0,0,0.0,0.0,0.004717200964344275,0.0,0,0.0,0.0,0.004717200964344275,0.0,0.0
MAR09053,555,1.1417333545060492e-13,1.0365521419466964e-13,9.481802317219358e-16,0.0,0,0.0,0.0,0.004513766730450679,0.0,0,0.0,0.0,0.004513766730450679,0.0,0.0
MAR00639,558,1.141707198714168e-13,1.029496513547522e-13,9.50531132166831e-16,0.0,0,0.0,0.0,0.004489564580987142,0.0,0,0.0,0.0,0.004489564580987142,0.0,0.0
MAR06883,567,1.1416303920237236e-13,1.0144936155570675e-13,9.480588830488297e-16,0.0,0,0.0,0.0,0.00441849069762059,0.0,0,0.0,0.0,0.00441849069762059,0.0,0.0
MAR03511,552,1.141502351579813e-13,1.0404258205452913e-13,9.4746359284728e-16,0.0,0,0.0,0.0,0.004538231229443332,0.0,0,0.0,0.0,0.004538231229443332,0.0,0.0
MAR12274,556,1.141469013634751e-13,1.0341395017409819e-13,9.478675664656805e-16,0.0,0,0.0,0.0,0.0045056704064922026,0.0,0,0.0,0.0,0.0045056704064922026,0.0,0.0
MAR02004,532,1.1414094398131234e-13,1.0793800810098232e-13,9.4999410434482e-16,0.0,0,0.0,0.0,0.004708359112657833,0.0,0,0.0,0.0,0.004708359112657833,0.0,0.0
MAR05000,570,1.1413560155472768e-13,1.0082346812809489e-13,9.48120062754855e-16,0.0,0,0.0,0.0,0.004395296850147243,0.0,0,0.0,0.0,0.004395296850147243,0.0,0.0
MAR12308,573,1.141332520058632e-13,1.0038469687384591e-13,9.48163876775492e-16,0.0,0,0.0,0.0,0.0043723452321952965,0.0,0,0.0,0.0,0.0043723452321952965,0.0,0.0
MAR03784,573,1.141332520058632e-13,1.0037670496524384e-13,9.477285293234926e-16,0.0,0,0.0,0.0,0.0043723452321952965,0.0,0,0.0,0.0,0.0043723452321952965,0.0,0.0
MAR12891,550,1.141260823219041e-13,1.0443318563426844e-13,9.497926261836003e-16,0.0,0,0.0,0.0,0.0045546887593671224,0.0,0,0.0,0.0,0.0045546887593671224,0.0,0.0
MAR00177,556,1.140957831810463e-13,1.0346791135343399e-13,9.482133849677913e-16,0.0,0,0.0,0.0,0.0045056704064922026,0.0,0,0.0,0.0,0.0045056704064922026,0.0,0.0
MAR03411,541,1.1408085402610407e-13,1.0623030862036612e-13,9.47128447331e-16,0.0,0,0.0,0.0,0.004630249273041442,0.0,0,0.0,0.0,0.004630249273041442,0.0,0.0
MAR00306,559,1.1406816656012772e-13,1.0296258813098215e-13,9.474444741948618e-16,0.0,0,0.0,0.0,0.004481554769642852,0.0,0,0.0,0.0,0.004481554769642852,0.0,0.0
MAR02753,564,1.140647859853182e-13,1.0209748882351286e-13,9.468525452064677e-16,0.0,0,0.0,0.0,0.004441930629657058,0.0,0,0.0,0.0,0.004441930629657058,0.0,0.0
MAR12349,543,1.1405323176583855e-13,1.0588751971385869e-13,9.473720596649215e-16,0.0,0,0.0,0.0,0.004613242186326175,0.0,0,0.0,0.0,0.004613242186326175,0.0,0.0
MAR10138,561,1.140414758072004e-13,1.0267628428452838e-13,9.472857428364017e-16,0.0,0,0.0,0.0,0.004465620583537596,0.0,0,0.0,0.0,0.004465620583537596,0.0,0.0
MAR01699,562,1.1404084477857836e-13,1.0238214694378363e-13,9.470420211464245e-16,0.0,0,0.0,0.0,0.0044576959055467585,0.0,0,0.0,0.0,0.0044576959055467585,0.0,0.0
MAR12510,563,1.1404021599162106e-13,1.0211019530839333e-13,9.472220532472529e-16,0.0,0,0.0,0.0,0.004449799303901048,0.0,0,0.0,0.0,0.004449799303901048,0.0,0.0
MAR04658,566,1.1403834296192138e-13,1.0162975754495634e-13,9.46951350423855e-16,0.0,0,0.0,0.0,0.0044262764728495866,0.0,0,0.0,0.0,0.0044262764728495866,0.0,0.0
MAR08512,553,1.1402090844728985e-13,1.0391982757648746e-13,9.466323719813294e-16,0.0,0,0.0,0.0,0.00453004698365408,0.0,0,0.0,0.0,0.00453004698365408,0.0,0.0
MAR02469,559,1.1401732271499282e-13,1.0300713582405084e-13,9.473386282495916e-16,0.0,0,0.0,0.0,0.004481554769642852,0.0,0,0.0,0.0,0.004481554769642852,0.0,0.0
MAR12810,568,1.1401208615699917e-13,1.0121775378751499e-13,9.474417002487805e-16,0.0,0,0.0,0.0,0.004410732264444036,0.0,0,0.0,0.0,0.004410732264444036,0.0,0.0
MAR12781,581,1.1400480865328148e-13,9.900306151713773e-14,9.468395623402467e-16,0.0,0,0.0,0.0,0.004312296689115291,0.0,0,0.0,0.0,0.004312296689115291,0.0,0.0
MAR10219,552,1.1399576934585956e-13,1.0424605075350979e-13,9.470107508594729e-16,0.0,0,0.0,0.0,0.004538231229443332,0.0,0,0.0,0.0,0.004538231229443332,0.0,0.0
MAR03529,564,1.1398919633257777e-13,1.0183932363513817e-13,9.479466895510624e-16,0.0,0,0.0,0.0,0.004441930629657058,0.0,0,0.0,0.0,0.004441930629657058,0.0,0.0
MAR12301,578,1.139818727676064e-13,9.95039612323812e-14,9.46370380584781e-16,0.0,0,0.0,0.0,0.004334620605899285,0.0,0,0.0,0.0,0.004334620605899285,0.0,0.0
MAR02512,532,1.1398067118377245e-13,1.0807032998474523e-13,9.487198560533378e-16,0.0,0,0.0,0.0,0.004708359112657833,0.0,0,0.0,0.0,0.004708359112657833,0.0,0.0
MAR00109,550,1.1397105481592006e-13,1.0451768824463039e-13,9.46193879979716e-16,0.0,0,0.0,0.0,0.0045546887593671224,0.0,0,0.0,0.0,0.0045546887593671224,0.0,0.0
MAR02501,555,1.1396849430155696e-13,1.0357959404793988e-13,9.48334718103187e-16,0.0,0,0.0,0.0,0.004513766730450679,0.0,0,0.0,0.0,0.004513766730450679,0.0,0.0
MAR03698,568,1.13962047936171e-13,1.0127361894756899e-13,9.464121273071012e-16,0.0,0,0.0,0.0,0.004410732264444036,0.0,0,0.0,0.0,0.004410732264444036,0.0,0.0
MAR00318,546,1.1394710978599702e-13,1.0520234406911679e-13,9.484588437198015e-16,0.0,0,0.0,0.0,0.004587964526068459,0.0,0,0.0,0.0,0.004587964526068459,0.0,0.0
MAR05468,547,1.139466339686947e-13,1.0494376158924164e-13,9.480121322683094e-16,0.0,0,0.0,0.0,0.004579600085029117,0.0,0,0.0,0.0,0.004579600085029117,0.0,0.0
MAR03294,557,1.1394196976318159e-13,1.0318064507603428e-13,9.45932866895678e-16,0.0,0,0.0,0.0,0.004497603075155535,0.0,0,0.0,0.0,0.004497603075155535,0.0,0.0
MAR00143,574,1.1393441358773453e-13,1.0029736281301248e-13,9.462279599520571e-16,0.0,0,0.0,0.0,0.004364747866934595,0.0,0,0.0,0.0,0.004364747866934595,0.0,0.0
MAR00979,537,1.1392500847103283e-13,1.0714978928067552e-13,9.463215440514223e-16,0.0,0,0.0,0.0,0.004664642427888463,0.0,0,0.0,0.0,0.004664642427888463,0.0,0.0
MAR01115,552,1.1391853643979868e-13,1.040661134369891e-13,9.484275692774318e-16,0.0,0,0.0,0.0,0.004538231229443332,0.0,0,0.0,0.0,0.004538231229443332,0.0,0.0
MAR02947,552,1.1391853643979868e-13,1.0408744693850618e-13,9.479779462885487e-16,0.0,0,0.0,0.0,0.004538231229443332,0.0,0,0.0,0.0,0.004538231229443332,0.0,0.0
MAR12742,561,1.1391481934806312e-13,1.0252840520272042e-13,9.45681430450376e-16,0.0,0,0.0,0.0,0.004465620583537596,0.0,0,0.0,0.0,0.004465620583537596,0.0,0.0
MAR09221,570,1.1391121963817184e-13,1.009936445083877e-13,9.46084416451439e-16,0.0,0,0.0,0.0,0.004395296850147243,0.0,0,0.0,0.0,0.004395296850147243,0.0,0.0
MAR08505,541,1.1389697975067632e-13,1.061068822242455e-13,9.476006862688882e-16,0.0,0,0.0,0.0,0.004630249273041442,0.0,0,0.0,0.0,0.004630249273041442,0.0,0.0
MAR12258,550,1.1389354106292805e-13,1.0436523838727923e-13,9.481616046601965e-16,0.0,0,0.0,0.0,0.0045546887593671224,0.0,0,0.0,0.0,0.0045546887593671224,0.0,0.0
MAR06176,565,1.1388805336360119e-13,1.0164277656567401e-13,9.460219729376823e-16,0.0,0,0.0,0.0,0.004434089734923025,0.0,0,0.0,0.0,0.004434089734923025,0.0,0.0
MAR12268,574,1.1388489841451084e-13,1.0021103804480764e-13,9.461784159131588e-16,0.0,0,0.0,0.0,0.004364747866934595,0.0,0,0.0,0.0,0.004364747866934595,0.0,0.0
MAR00709,580,1.1388284951079122e-13,9.926080437368482e-14,9.455307637021304e-16,0.0,0,0.0,0.0,0.004319712401627411,0.0,0,0.0,0.0,0.004319712401627411,0.0,0.0
MAR07804,553,1.1386672195851732e-13,1.040546016752942e-13,9.463539909424544e-16,0.0,0,0.0,0.0,0.00453004698365408,0.0,0,0.0,0.0,0.00453004698365408,0.0,0.0
MAR00605,555,1.1386607372703298e-13,1.0371211441590921e-13,9.455643356575467e-16,0.0,0,0.0,0.0,0.004513766730450679,0.0,0,0.0,0.0,0.004513766730450679,0.0,0.0
MAR01706,559,1.1386479117958814e-13,1.0298310493451196e-13,9.459590590586052e-16,0.0,0,0.0,0.0,0.004481554769642852,0.0,0,0.0,0.0,0.004481554769642852,0.0,0.0
MAR01303,556,1.1384019226890238e-13,1.0332520864172143e-13,9.469379814348598e-16,0.0,0,0.0,0.0,0.0045056704064922026,0.0,0,0.0,0.0,0.0045056704064922026,0.0,0.0
MAR02683,556,1.1384019226890238e-13,1.034076358833191e-13,9.471633616588561e-16,0.0,0,0.0,0.0,0.0045056704064922026,0.0,0,0.0,0.0,0.0045056704064922026,0.0,0.0
MAR03198,556,1.1384019226890238e-13,1.0346100537235502e-13,9.448905940634321e-16,0.0,0,0.0,0.0,0.0045056704064922026,0.0,0,0.0,0.0,0.0045056704064922026,0.0,0.0
MAR06107,561,1.1383882547258075e-13,1.0247683377850389e-13,9.450474642194285e-16,0.0,0,0.0,0.0,0.004465620583537596,0.0,0,0.0,0.0,0.004465620583537596,0.0,0.0
MAR12768,566,1.1383748282460404e-13,1.0162451387263498e-13,9.448317311867902e-16,0.0,0,0.0,0.0,0.0044262764728495866,0.0,0,0.0,0.0,0.0044262764728495866,0.0,0.0
MAR01843,551,1.138157928460734e-13,1.0424684340368844e-13,9.475770896462364e-16,0.0,0,0.0,0.0,0.004546445100963565,0.0,0,0.0,0.0,0.004546445100963565,0.0,0.0
MAR12771,553,1.138153264622598e-13,1.0396713732798223e-13,9.454828950251674e-16,0.0,0,0.0,0.0,0.00453004698365408,0.0,0,0.0,0.0,0.00453004698365408,0.0,0.0
MAR03677,556,1.13814633177688e-13,1.0329287895027878e-13,9.468428734182614e-16,0.0,0,0.0,0.0,0.0045056704064922026,0.0,0,0.0,0.0,0.0045056704064922026,0.0,0.0
MAR03696,559,1.1381394733445327e-13,1.027994993810461e-13,9.447183221717402e-16,0.0,0,0.0,0.0,0.004481554769642852,0.0,0,0.0,0.0,0.004481554769642852,0.0,0.0
MAR11486,560,1.1381372035300176e-13,1.0272156019407503e-13,9.457965083524892e-16,0.0,0,0.0,0.0,0.0044735734878779895,0.0,0,0.0,0.0,0.0044735734878779895,0.0,0.0
MAR06199,562,1.1381326881338828e-13,1.0228766244616741e-13,9.45509621596125e-16,0.0,0,0.0,0.0,0.0044576959055467585,0.0,0,0.0,0.0,0.0044576959055467585,0.0,0.0
MAR06148,564,1.1381282047618342e-13,1.0193803912864422e-13,9.451330557288494e-16,0.0,0,0.0,0.0,0.004441930629657058,0.0,0,0.0,0.0,0.004441930629657058,0.0,0.0
MAR03035,566,1.1381237530743937e-13,1.0173413647716343e-13,9.445976212385503e-16,0.0,0,0.0,0.0,0.0044262764728495866,0.0,0,0.0,0.0,0.0044262764728495866,0.0,0.0
MAR02665,568,1.1381193327368646e-13,1.0136965116126082e-13,9.445576124130474e-16,0.0,0,0.0,0.0,0.004410732264444036,0.0,0,0.0,0.0,0.004410732264444036,0.0,0.0
MAR12434,573,1.1381084168946248e-13,1.0038894890473696e-13,9.446656412185117e-16,0.0,0,0.0,0.0,0.0043723452321952965,0.0,0,0.0,0.0,0.0043723452321952965,0.0,0.0
MAR09618,535,1.1379308710266427e-13,1.076309879534802e-13,9.448923364380122e-16,0.0,0,0.0,0.0,0.004682031321548599,0.0,0,0.0,0.0,0.004682031321548599,0.0,0.0
MAR05435,544,1.1379132930040429e-13,1.0551785228204381e-13,9.473444161499394e-16,0.0,0,0.0,0.0,0.004604785407758596,0.0,0,0.0,0.0,0.004604785407758596,0.0,0.0
MAR04844,547,1.137907562204475e-13,1.0500763374012599e-13,9.447618722046397e-16,0.0,0,0.0,0.0,0.004579600085029117,0.0,0,0.0,0.0,0.004579600085029117,0.0,0.0
MAR02105,574,1.1378586806806342e-13,1.002871637006824e-13,9.453577831860168e-16,0.0,0,0.0,0.0,0.004364747866934595,0.0,0,0.0,0.0,0.004364747866934595,0.0,0.0
MAR03362,577,1.137853531789138e-13,9.974393738363522e-14,9.44861906826896e-16,0.0,0,0.0,0.0,0.004342113363096878,0.0,0,0.0,0.0,0.004342113363096878,0.0,0.0
MAR02061,585,1.1378400595898493e-13,9.838215068231952e-14,9.45092661876761e-16,0.0,0,0.0,0.0,0.004282886715357432,0.0,0,0.0,0.0,0.004282886715357432,0.0,0.0
MAR12299,592,1.1378285701023225e-13,9.715506924395685e-14,9.450200829246132e-16,0.0,0,0.0,0.0,0.004232373150611237,0.0,0,0.0,0.0,0.004232373150611237,0.0,0.0
MAR02967,519,1.1376898139049004e-13,1.1061624678120414e-13,9.463941569531478e-16,0.0,0,0.0,0.0,0.004825953143914684,0.0,0,0.0,0.0,0.004825953143914684,0.0,0.0
MAR03453,549,1.1376449266541494e-13,1.0466665914395323e-13,9.439908283122548e-16,0.0,0,0.0,0.0,0.004562962366977274,0.0,0,0.0,0.0,0.004562962366977274,0.0,0.0
MAR04682,560,1.1376296730044747e-13,1.026188326310691e-13,9.44424394296797e-16,0.0,0,0.0,0.0,0.0044735734878779895,0.0,0,0.0,0.0,0.0044735734878779895,0.0,0.0
MAR11531,561,1.137628315970984e-13,1.0253201060710655e-13,9.446142265299904e-16,0.0,0,0.0,0.0,0.004465620583537596,0.0,0,0.0,0.0,0.004465620583537596,0.0,0.0
MAR04201,565,1.1376229358736046e-13,1.0185528972793049e-13,9.447355257165173e-16,0.0,0,0.0,0.0,0.004434089734923025,0.0,0,0.0,0.0,0.004434089734923025,0.0,0.0
MAR02327,568,1.137618950528583e-13,1.0132535690082116e-13,9.447843896329173e-16,0.0,0,0.0,0.0,0.004410732264444036,0.0,0,0.0,0.0,0.004410732264444036,0.0,0.0
MAR03013,542,1.1373927629990092e-13,1.0607313218169318e-13,9.468947813606474e-16,0.0,0,0.0,0.0,0.00462173008405905,0.0,0,0.0,0.0,0.00462173008405905,0.0,0.0
MAR02570,549,1.1373860768414865e-13,1.0471651363595497e-13,9.47433525405064e-16,0.0,0,0.0,0.0,0.004562962366977274,0.0,0,0.0,0.0,0.004562962366977274,0.0,0.0
MAR00272,555,1.1373804800887803e-13,1.0355487739583658e-13,9.444560603253598e-16,0.0,0,0.0,0.0,0.004513766730450679,0.0,0,0.0,0.0,0.004513766730450679,0.0,0.0
MAR03695,549,1.1371272270288234e-13,1.046142689498874e-13,9.467057910302483e-16,0.0,0,0.0,0.0,0.004562962366977274,0.0,0,0.0,0.0,0.004562962366977274,0.0,0.0
MAR08866,553,1.137125354697448e-13,1.0391365318170447e-13,9.443128846473323e-16,0.0,0,0.0,0.0,0.00453004698365408,0.0,0,0.0,0.0,0.00453004698365408,0.0,0.0
MAR05309,558,1.1371230520318453e-13,1.0293530025297288e-13,9.446603209892262e-16,0.0,0,0.0,0.0,0.004489564580987142,0.0,0,0.0,0.0,0.004489564580987142,0.0,0.0
MAR11443,576,1.1371150934438547e-13,9.986295483336199e-14,9.445083795853115e-16,0.0,0,0.0,0.0,0.004349632068826215,0.0,0,0.0,0.0,0.004349632068826215,0.0,0.0
MAR12152,549,1.1368683772161603e-13,1.0462688619483991e-13,9.436907736248175e-16,0.0,0,0.0,0.0,0.004562962366977274,0.0,0,0.0,0.0,0.004562962366977274,0.0,0.0
MAR11393,567,1.1368683772161603e-13,1.0145171748624504e-13,9.44355018343748e-16,0.0,0,0.0,0.0,0.00441849069762059,0.0,0,0.0,0.0,0.00441849069762059,0.0,0.0
MAR09446,578,1.136622514677835e-13,9.96658658731398e-14,9.436516885953448e-16,0.0,0,0.0,0.0,0.004334620605899285,0.0,0,0.0,0.0,0.004334620605899285,0.0,0.0
MAR09982,572,1.1366199357001603e-13,1.0070887529721646e-13,9.437093672905417e-16,0.0,0,0.0,0.0,0.004379969091767465,0.0,0,0.0,0.0,0.004379969091767465,0.0,0.0
MAR05335,569,1.1366186258151901e-13,1.0104224035242826e-13,9.440261575430611e-16,0.0,0,0.0,0.0,0.004403001029543098,0.0,0,0.0,0.0,0.004403001029543098,0.0,0.0
MAR08605,555,1.1366123257798503e-13,1.0368785653687934e-13,9.443069255664977e-16,0.0,0,0.0,0.0,0.004513766730450679,0.0,0,0.0,0.0,0.004513766730450679,0.0,0.0
MAR03225,559,1.1363599387648114e-13,1.02733119078133e-13,9.453187805769736e-16,0.0,0,0.0,0.0,0.004481554769642852,0.0,0,0.0,0.0,0.004481554769642852,0.0,0.0
MAR00874,554,1.1363553499701241e-13,1.0375220444317761e-13,9.446139374699857e-16,0.0,0,0.0,0.0,0.004521892203603858,0.0,0,0.0,0.0,0.004521892203603858,0.0,0.0
MAR00264,547,1.136348784722003e-13,1.0500005446544193e-13,9.455333783248755e-16,0.0,0,0.0,0.0,0.004579600085029117,0.0,0,0.0,0.0,0.004579600085029117,0.0,0.0
MAR11906,545,1.1363468779605566e-13,1.0550259507331209e-13,9.435166945267182e-16,0.0,0,0.0,0.0,0.004596359577531593,0.0,0,0.0,0.0,0.004596359577531593,0.0,0.0
MAR06179,539,1.1360774205529765e-13,1.065678625595119e-13,9.435747570118298e-16,0.0,0,0.0,0.0,0.004647382219459146,0.0,0,0.0,0.0,0.004647382219459146,0.0,0.0
MAR09104,571,1.1358728707562512e-13,1.0082022776464725e-13,9.435564168707136e-16,0.0,0,0.0,0.0,0.00438761958448344,0.0,0,0.0,0.0,0.00438761958448344,0.0,0.0
MAR03107,547,1.135569395980767e-13,1.0509303255088595e-13,9.451283867801223e-16,0.0,0,0.0,0.0,0.004579600085029117,0.0,0,0.0,0.0,0.004579600085029117,0.0,0.0
MAR09516,531,1.1355302553032411e-13,1.0822136380046716e-13,9.45302750276845e-16,0.0,0,0.0,0.0,0.004717200964344275,0.0,0,0.0,0.0,0.004717200964344275,0.0,0.0
MAR02760,580,1.1353982887973463e-13,9.930726137381141e-14,9.431967130320039e-16,0.0,0,0.0,0.0,0.004319712401627411,0.0,0,0.0,0.0,0.004319712401627411,0.0,0.0
MAR12474,568,1.135367230591315e-13,1.0127492895528634e-13,9.430082864151092e-16,0.0,0,0.0,0.0,0.004410732264444036,0.0,0,0.0,0.0,0.004410732264444036,0.0,0.0
MAR12247,567,1.1353645830664035e-13,1.0145472555928553e-13,9.426851850047817e-16,0.0,0,0.0,0.0,0.00441849069762059,0.0,0,0.0,0.0,0.00441849069762059,0.0,0.0
MAR02962,561,1.135348499706513e-13,1.0254121674284872e-13,9.423464743185303e-16,0.0,0,0.0,0.0,0.004465620583537596,0.0,0,0.0,0.0,0.004465620583537596,0.0,0.0
MAR07070,557,1.1353375849667669e-13,1.0327618380821741e-13,9.434201360435474e-16,0.0,0,0.0,0.0,0.004497603075155535,0.0,0,0.0,0.0,0.004497603075155535,0.0,0.0
MAR04079,551,1.1353209157226718e-13,1.0437747625812273e-13,9.426381384342022e-16,0.0,0,0.0,0.0,0.004546445100963565,0.0,0,0.0,0.0,0.004546445100963565,0.0,0.0
MAR00009,544,1.1353010035343366e-13,1.0559519093951824e-13,9.428581606140673e-16,0.0,0,0.0,0.0,0.004604785407758596,0.0,0,0.0,0.0,0.004604785407758596,0.0,0.0
MAR02307,586,1.1351708348440372e-13,9.818990511470744e-14,9.433112416508582e-16,0.0,0,0.0,0.0,0.004275596795360198,0.0,0,0.0,0.0,0.004275596795360198,0.0,0.0
MAR12595,574,1.1351353461533308e-13,1.0021235851641733e-13,9.425567693565605e-16,0.0,0,0.0,0.0,0.004364747866934595,0.0,0,0.0,0.0,0.004364747866934595,0.0,0.0
MAR10120,572,1.13512928660416e-13,1.0071908468723214e-13,9.4272694850223e-16,0.0,0,0.0,0.0,0.004379969091767465,0.0,0,0.0,0.0,0.004379969091767465,0.0,0.0
MAR03689,572,1.13512928660416e-13,1.0061506728370742e-13,9.425048768902361e-16,0.0,0,0.0,0.0,0.004379969091767465,0.0,0,0.0,0.0,0.004379969091767465,0.0,0.0
MAR00438,569,1.1351201174093692e-13,1.0117810011064312e-13,9.428098324297753e-16,0.0,0,0.0,0.0,0.004403001029543098,0.0,0,0.0,0.0,0.004403001029543098,0.0,0.0
MAR00147,560,1.13509202037676e-13,1.028023617545435e-13,9.426111001511179e-16,0.0,0,0.0,0.0,0.0044735734878779895,0.0,0,0.0,0.0,0.0044735734878779895,0.0,0.0
MAR02014,554,1.1350727818550337e-13,1.0370245443973205e-13,9.450751454825776e-16,0.0,0,0.0,0.0,0.004521892203603858,0.0,0,0.0,0.0,0.004521892203603858,0.0,0.0
MAR09226,566,1.1348597758429869e-13,1.0171083416779023e-13,9.41758036021114e-16,0.0,0,0.0,0.0,0.0044262764728495866,0.0,0,0.0,0.0,0.0044262764728495866,0.0,0.0
MAR03381,564,1.134852653143082e-13,1.0199719576689743e-13,9.425072264545987e-16,0.0,0,0.0,0.0,0.004441930629657058,0.0,0,0.0,0.0,0.004441930629657058,0.0,0.0
MAR12896,560,1.1348382551139886e-13,1.0260388492252231e-13,9.42698649639341e-16,0.0,0,0.0,0.0,0.0044735734878779895,0.0,0,0.0,0.0,0.0044735734878779895,0.0,0.0
MAR05347,553,1.1348125573658598e-13,1.0373903421462205e-13,9.441353231561343e-16,0.0,0,0.0,0.0,0.00453004698365408,0.0,0,0.0,0.0,0.00453004698365408,0.0,0.0
MAR13016,557,1.1345721888420703e-13,1.0317373411042923e-13,9.42646620193923e-16,0.0,0,0.0,0.0,0.004497603075155535,0.0,0,0.0,0.0,0.004497603075155535,0.0,0.0
MAR09911,554,1.1345597546089975e-13,1.0382362055315647e-13,9.418673541936884e-16,0.0,0,0.0,0.0,0.004521892203603858,0.0,0,0.0,0.0,0.004521892203603858,0.0,0.0
MAR11264,549,1.1345387289021928e-13,1.0478489101790508e-13,9.42909277035115e-16,0.0,0,0.0,0.0,0.004562962366977274,0.0,0,0.0,0.0,0.004562962366977274,0.0,0.0
MAR00099,546,1.1345259286367314e-13,1.0538659383524277e-13,9.422092385192762e-16,0.0,0,0.0,0.0,0.004587964526068459,0.0,0,0.0,0.0,0.004587964526068459,0.0,0.0
MAR00266,545,1.1345216305659434e-13,1.054509543955409e-13,9.423463656351004e-16,0.0,0,0.0,0.0,0.004596359577531593,0.0,0,0.0,0.0,0.004596359577531593,0.0,0.0
MAR07055,544,1.1345173166934247e-13,1.056348808136618e-13,9.42362451677882e-16,0.0,0,0.0,0.0,0.004604785407758596,0.0,0,0.0,0.0,0.004604785407758596,0.0,0.0
MAR00980,571,1.1343796110663876e-13,1.008181286588409e-13,9.415244998778967e-16,0.0,0,0.0,0.0,0.00438761958448344,0.0,0,0.0,0.0,0.00438761958448344,0.0,0.0
MAR12688,568,1.1343664661747515e-13,1.0126068059591056e-13,9.423893538505346e-16,0.0,0,0.0,0.0,0.004410732264444036,0.0,0,0.0,0.0,0.004410732264444036,0.0,0.0
MAR01247,566,1.1343576254996935e-13,1.0171463369051054e-13,9.41751316441354e-16,0.0,0,0.0,0.0,0.0044262764728495866,0.0,0,0.0,0.0,0.0044262764728495866,0.0,0.0
MAR02427,565,1.1343531816913458e-13,1.019654055788996e-13,9.42198481746805e-16,0.0,0,0.0,0.0,0.004434089734923025,0.0,0,0.0,0.0,0.004434089734923025,0.0,0.0
MAR03319,563,1.1343442467161245e-13,1.0201094947512432e-13,9.444049698599015e-16,0.0,0,0.0,0.0,0.004449799303901048,0.0,0,0.0,0.0,0.004449799303901048,0.0,0.0
MAR08039,561,1.1343352480334149e-13,1.0253475295007218e-13,9.423047017465176e-16,0.0,0,0.0,0.0,0.004465620583537596,0.0,0,0.0,0.0,0.004465620583537596,0.0,0.0
MAR04904,556,1.134312468094721e-13,1.0320003299743213e-13,9.443261239681057e-16,0.0,0,0.0,0.0,0.0045056704064922026,0.0,0,0.0,0.0,0.0045056704064922026,0.0,0.0
MAR00107,555,1.1343078628530609e-13,1.0357462581012489e-13,9.423144916708708e-16,0.0,0,0.0,0.0,0.004513766730450679,0.0,0,0.0,0.0,0.004513766730450679,0.0,0.0
MAR02996,550,1.1342845854497599e-13,1.0459483564873888e-13,9.412980108480938e-16,0.0,0,0.0,0.0,0.0045546887593671224,0.0,0,0.0,0.0,0.0045546887593671224,0.0,0.0
MAR03666,568,1.1341162750706106e-13,1.0126828152748976e-13,9.414657502725598e-16,0.0,0,0.0,0.0,0.004410732264444036,0.0,0,0.0,0.0,0.004410732264444036,0.0,0.0
MAR12697,551,1.1340313644780982e-13,1.0418996063488546e-13,9.43451229820827e-16,0.0,0,0.0,0.0,0.004546445100963565,0.0,0,0.0,0.0,0.004546445100963565,0.0,0.0
MAR00200,547,1.1340106184982952e-13,1.0519679465482873e-13,9.416561774379108e-16,0.0,0,0.0,0.0,0.004579600085029117,0.0,0,0.0,0.0,0.004579600085029117,0.0,0.0
MAR09228,570,1.1338766183287493e-13,1.0098598956916788e-13,9.41606445953499e-16,0.0,0,0.0,0.0,0.004395296850147243,0.0,0,0.0,0.0,0.004395296850147243,0.0,0.0
MAR10119,557,1.1338067927173735e-13,1.03205529704554e-13,9.436586039874076e-16,0.0,0,0.0,0.0,0.004497603075155535,0.0,0,0.0,0.0,0.004497603075155535,0.0,0.0
MAR08452,555,1.133795759980441e-13,1.0355108365359453e-13,9.419545786251348e-16,0.0,0,0.0,0.0,0.004513766730450679,0.0,0,0.0,0.0,0.004513766730450679,0.0,0.0
MAR06191,575,1.1336554883240277e-13,1.000393182318235e-13,9.416456284368867e-16,0.0,0,0.0,0.0,0.004357176858116289,0.0,0,0.0,0.0,0.004357176858116289,0.0,0.0
MAR02988,566,1.1336043999847535e-13,1.0172381848723855e-13,9.415132900160963e-16,0.0,0,0.0,0.0,0.0044262764728495866,0.0,0,0.0,0.0,0.0044262764728495866,0.0,0.0
MAR10168,556,1.1335456953582893e-13,1.0345673164175144e-13,9.427327454532812e-16,0.0,0,0.0,0.0,0.0045056704064922026,0.0,0,0.0,0.0,0.0045056704064922026,0.0,0.0
MAR12319,554,1.1335337001169251e-13,1.0361236241027558e-13,9.4338532831951e-16,0.0,0,0.0,0.0,0.004521892203603858,0.0,0,0.0,0.0,0.004521892203603858,0.0,0.0
MAR12847,546,1.1334848403792075e-13,1.0519733435461333e-13,9.433280467939188e-16,0.0,0,0.0,0.0,0.004587964526068459,0.0,0,0.0,0.0,0.004587964526068459,0.0,0.0
MAR02241,579,1.1334322465423636e-13,9.942655454432814e-14,9.407310067551292e-16,0.0,0,0.0,0.0,0.00432715366313485,0.0,0,0.0,0.0,0.00432715366313485,0.0,0.0
MAR02174,571,1.1333841046064785e-13,1.007958157111954e-13,9.413417657030773e-16,0.0,0,0.0,0.0,0.00438761958448344,0.0,0,0.0,0.0,0.00438761958448344,0.0,0.0
MAR09856,570,1.1333779918475142e-13,1.0105381539859654e-13,9.410862437220968e-16,0.0,0,0.0,0.0,0.004395296850147243,0.0,0,0.0,0.0,0.004395296850147243,0.0,0.0
MAR06154,569,1.1333718576025781e-13,1.0104469744448224e-13,9.413393056153939e-16,0.0,0,0.0,0.0,0.004403001029543098,0.0,0,0.0,0.0,0.004403001029543098,0.0,0.0
MAR03290,563,1.13333459451611e-13,1.0201097396869164e-13,9.422357083311538e-16,0.0,0,0.0,0.0,0.004449799303901048,0.0,0,0.0,0.0,0.004449799303901048,0.0,0.0
MAR03486,562,1.133328306646537e-13,1.021949502233047e-13,9.426231595174768e-16,0.0,0,0.0,0.0,0.0044576959055467585,0.0,0,0.0,0.0,0.0044576959055467585,0.0,0.0
MAR11317,554,1.133277186493907e-13,1.0388163090862442e-13,9.410174913311161e-16,0.0,0,0.0,0.0,0.004521892203603858,0.0,0,0.0,0.0,0.004521892203603858,0.0,0.0
MAR12193,556,1.1330345135340015e-13,1.0325218755061867e-13,9.430595833671566e-16,0.0,0,0.0,0.0,0.0045056704064922026,0.0,0,0.0,0.0,0.0045056704064922026,0.0,0.0
MAR02068,590,1.133014586106953e-13,9.756690535752764e-14,9.408910936692185e-16,0.0,0,0.0,0.0,0.0042466836008472324,0.0,0,0.0,0.0,0.0042466836008472324,0.0,0.0
MAR03425,549,1.1329856300262144e-13,1.0462078016134909e-13,9.431809737807434e-16,0.0,0,0.0,0.0,0.004562962366977274,0.0,0,0.0,0.0,0.004562962366977274,0.0,0.0
MAR00237,564,1.1328369290700038e-13,1.0204883572839415e-13,9.410842619181616e-16,0.0,0,0.0,0.0,0.004441930629657058,0.0,0,0.0,0.0,0.004441930629657058,0.0,0.0
MAR00304,552,1.1327492888929133e-13,1.0411207545201453e-13,9.404248247005684e-16,0.0,0,0.0,0.0,0.004538231229443332,0.0,0,0.0,0.0,0.004538231229443332,0.0,0.0
MAR00209,542,1.1326732909533701e-13,1.0606071552817576e-13,9.40539128422732e-16,0.0,0,0.0,0.0,0.00462173008405905,0.0,0,0.0,0.0,0.00462173008405905,0.0,0.0
MAR04895,540,1.1326577535968412e-13,1.0635009103906251e-13,9.427117372658544e-16,0.0,0,0.0,0.0,0.00463879992662872,0.0,0,0.0,0.0,0.00463879992662872,0.0,0.0
MAR02409,570,1.1326300521256614e-13,1.0096229377010186e-13,9.404363947737719e-16,0.0,0,0.0,0.0,0.004395296850147243,0.0,0,0.0,0.0,0.004395296850147243,0.0,0.0
MAR10346,567,1.1326076271251826e-13,1.016893209159065e-13,9.41451986936783e-16,0.0,0,0.0,0.0,0.00441849069762059,0.0,0,0.0,0.0,0.00441849069762059,0.0,0.0
MAR07125,563,1.1325773553660993e-13,1.0222417777678511e-13,9.40990530448379e-16,0.0,0,0.0,0.0,0.004449799303901048,0.0,0,0.0,0.0,0.004449799303901048,0.0,0.0
MAR08097,591,1.1325401981150836e-13,9.736659474159e-14,9.40159590450721e-16,0.0,0,0.0,0.0,0.00423951629958479,0.0,0,0.0,0.0,0.00423951629958479,0.0,0.0
MAR02194,558,1.1325389053495217e-13,1.0300797787728506e-13,9.407139039997022e-16,0.0,0,0.0,0.0,0.004489564580987142,0.0,0,0.0,0.0,0.004489564580987142,0.0,0.0
MAR10215,555,1.1325155027988912e-13,1.0368769019719047e-13,9.404646979908593e-16,0.0,0,0.0,0.0,0.004513766730450679,0.0,0,0.0,0.0,0.004513766730450679,0.0,0.0
MAR00111,551,1.1324839029846098e-13,1.0427172447353268e-13,9.404590423778988e-16,0.0,0,0.0,0.0,0.004546445100963565,0.0,0,0.0,0.0,0.004546445100963565,0.0,0.0
MAR01186,576,1.1324274851176597e-13,9.993847521842067e-14,9.409187552664058e-16,0.0,0,0.0,0.0,0.004349632068826215,0.0,0,0.0,0.0,0.004349632068826215,0.0,0.0
MAR02764,575,1.1324197618270536e-13,1.0019309491087362e-13,9.401712376528355e-16,0.0,0,0.0,0.0,0.004357176858116289,0.0,0,0.0,0.0,0.004357176858116289,0.0,0.0
MAR02282,541,1.1324028590986291e-13,1.0603532019663542e-13,9.420254154214257e-16,0.0,0,0.0,0.0,0.004630249273041442,0.0,0,0.0,0.0,0.004630249273041442,0.0,0.0
MAR03631,568,1.1323649373416245e-13,1.013233655374347e-13,9.402148521287538e-16,0.0,0,0.0,0.0,0.004410732264444036,0.0,0,0.0,0.0,0.004410732264444036,0.0,0.0
MAR06133,562,1.132316857912359e-13,1.0235906416914807e-13,9.410714492173337e-16,0.0,0,0.0,0.0,0.0044576959055467585,0.0,0,0.0,0.0,0.0044576959055467585,0.0,0.0
MAR12459,556,1.1322677407975697e-13,1.033014650821915e-13,9.403148303978454e-16,0.0,0,0.0,0.0,0.0045056704064922026,0.0,0,0.0,0.0,0.0045056704064922026,0.0,0.0
MAR02163,547,1.1321920447687447e-13,1.0508189602563398e-13,9.407506990297486e-16,0.0,0,0.0,0.0,0.004579600085029117,0.0,0,0.0,0.0,0.004579600085029117,0.0,0.0
MAR05004,564,1.1320810325425993e-13,1.0189436722854931e-13,9.404364037207554e-16,0.0,0,0.0,0.0,0.004441930629657058,0.0,0,0.0,0.0,0.004441930629657058,0.0,0.0
MAR01092,572,1.1318995468961596e-13,1.0064200599321222e-13,9.39680906403207e-16,0.0,0,0.0,0.0,0.004379969091767465,0.0,0,0.0,0.0,0.004379969091767465,0.0,0.0
MAR12620,542,1.1318867122790969e-13,1.0597661793096586e-13,9.400517180315785e-16,0.0,0,0.0,0.0,0.00462173008405905,0.0,0,0.0,0.0,0.00462173008405905,0.0,0.0
MAR04993,569,1.1318733491967571e-13,1.0085241502930627e-13,9.421445408433593e-16,0.0,0,0.0,0.0,0.004403001029543098,0.0,0,0.0,0.0,0.004403001029543098,0.0,0.0
MAR12362,561,1.1318021188506693e-13,1.024814045377001e-13,9.397244874843612e-16,0.0,0,0.0,0.0,0.004465620583537596,0.0,0,0.0,0.0,0.004465620583537596,0.0,0.0
MAR03023,557,1.131765736384849e-13,1.0322169578427608e-13,9.416195364903973e-16,0.0,0,0.0,0.0,0.004497603075155535,0.0,0,0.0,0.0,0.004497603075155535,0.0,0.0
MAR12959,575,1.1316783259288691e-13,1.0009424457616867e-13,9.39983797740935e-16,0.0,0,0.0,0.0,0.004357176858116289,0.0,0,0.0,0.0,0.004357176858116289,0.0,0.0
MAR10348,546,1.1316629359285405e-13,1.0544956310357032e-13,9.414472895445804e-16,0.0,0,0.0,0.0,0.004587964526068459,0.0,0,0.0,0.0,0.004587964526068459,0.0,0.0
MAR07119,565,1.1315864666140499e-13,1.0185986040882765e-13,9.402024128615296e-16,0.0,0,0.0,0.0,0.004434089734923025,0.0,0,0.0,0.0,0.004434089734923025,0.0,0.0
MAR04565,556,1.131500968061138e-13,1.0329914250763006e-13,9.420280728229813e-16,0.0,0,0.0,0.0,0.0045056704064922026,0.0,0,0.0,0.0,0.0045056704064922026,0.0,0.0
MAR00226,574,1.1314217081615533e-13,1.0027576046822041e-13,9.395460833707596e-16,0.0,0,0.0,0.0,0.004364747866934595,0.0,0,0.0,0.0,0.004364747866934595,0.0,0.0
MAR03807,543,1.1313724665528226e-13,1.0577973778357912e-13,9.41454010318094e-16,0.0,0,0.0,0.0,0.004613242186326175,0.0,0,0.0,0.0,0.004613242186326175,0.0,0.0
MAR00293,539,1.1313316805738738e-13,1.0656692543691263e-13,9.423168692731446e-16,0.0,0,0.0,0.0,0.004647382219459146,0.0,0,0.0,0.0,0.004647382219459146,0.0,0.0
MAR03183,570,1.131134172681956e-13,1.0084952234453201e-13,9.411609656226855e-16,0.0,0,0.0,0.0,0.004395296850147243,0.0,0,0.0,0.0,0.004395296850147243,0.0,0.0
MAR03365,591,1.131097471748058e-13,9.737967284841924e-14,9.382573208249066e-16,0.0,0,0.0,0.0,0.00423951629958479,0.0,0,0.0,0.0,0.00423951629958479,0.0,0.0
MAR00324,560,1.1310317761724166e-13,1.0255340970934592e-13,9.41588654908252e-16,0.0,0,0.0,0.0,0.0044735734878779895,0.0,0,0.0,0.0,0.0044735734878779895,0.0,0.0
MAR02653,556,1.13098978623685e-13,1.0340960447378746e-13,9.409649875072407e-16,0.0,0,0.0,0.0,0.0045056704064922026,0.0,0,0.0,0.0,0.0045056704064922026,0.0,0.0
MAR01221,556,1.13098978623685e-13,1.0347423153840913e-13,9.400156802733541e-16,0.0,0,0.0,0.0,0.0045056704064922026,0.0,0,0.0,0.0,0.0045056704064922026,0.0,0.0
MAR00110,550,1.1309256561534394e-13,1.0446715954882364e-13,9.410700410244666e-16,0.0,0,0.0,0.0,0.0045546887593671224,0.0,0,0.0,0.0,0.0045546887593671224,0.0,0.0
MAR11283,547,1.1308930635333514e-13,1.050669490206491e-13,9.39314441283351e-16,0.0,0,0.0,0.0,0.004579600085029117,0.0,0,0.0,0.0,0.004579600085029117,0.0,0.0
MAR03716,544,1.130860111435836e-13,1.0558601018693123e-13,9.40935006526893e-16,0.0,0,0.0,0.0,0.004604785407758596,0.0,0,0.0,0.0,0.004604785407758596,0.0,0.0
MAR02975,582,1.1307640581804206e-13,9.897070823596597e-14,9.392421800282569e-16,0.0,0,0.0,0.0,0.004304906394243486,0.0,0,0.0,0.0,0.004304906394243486,0.0,0.0
MAR11323,556,1.1307341953247062e-13,1.0344759766432822e-13,9.392849254381575e-16,0.0,0,0.0,0.0,0.0045056704064922026,0.0,0,0.0,0.0,0.0045056704064922026,0.0,0.0
MAR07005,578,1.1307218137580279e-13,9.950830669623354e-14,9.400126932865016e-16,0.0,0,0.0,0.0,0.004334620605899285,0.0,0,0.0,0.0,0.004334620605899285,0.0,0.0
MAR10450,577,1.1307111611350502e-13,9.993636654325628e-14,9.396183518696145e-16,0.0,0,0.0,0.0,0.004342113363096878,0.0,0,0.0,0.0,0.004342113363096878,0.0,0.0
MAR10492,523,1.1306188617582321e-13,1.0979848733171544e-13,9.413276750204243e-16,0.0,0,0.0,0.0,0.004789149508756816,0.0,0,0.0,0.0,0.004789149508756816,0.0,0.0
MAR03506,561,1.1305355542592966e-13,1.0238217674600694e-13,9.401405694196005e-16,0.0,0,0.0,0.0,0.004465620583537596,0.0,0,0.0,0.0,0.004465620583537596,0.0,0.0
MAR01007,556,1.1304786044125623e-13,1.0349329822748198e-13,9.38420577077872e-16,0.0,0,0.0,0.0,0.0045056704064922026,0.0,0,0.0,0.0,0.0045056704064922026,0.0,0.0
MAR06877,555,1.1304670913084116e-13,1.0363336228026289e-13,9.398285155854133e-16,0.0,0,0.0,0.0,0.004513766730450679,0.0,0,0.0,0.0,0.004513766730450679,0.0,0.0
MAR10349,552,1.1304323017110869e-13,1.0446628466719604e-13,9.398561072581417e-16,0.0,0,0.0,0.0,0.004538231229443332,0.0,0,0.0,0.0,0.004538231229443332,0.0,0.0
MAR02126,552,1.1304323017110869e-13,1.0412671178052806e-13,9.384942839920815e-16,0.0,0,0.0,0.0,0.004538231229443332,0.0,0,0.0,0.0,0.004538231229443332,0.0,0.0
MAR01022,552,1.1304323017110869e-13,1.042398345638074e-13,9.390271802732797e-16,0.0,0,0.0,0.0,0.004538231229443332,0.0,0,0.0,0.0,0.004538231229443332,0.0,0.0
MAR03272,565,1.1303288688516426e-13,1.0181521167036016e-13,9.387655639518049e-16,0.0,0,0.0,0.0,0.004434089734923025,0.0,0,0.0,0.0,0.004434089734923025,0.0,0.0
MAR12276,578,1.1302300886813774e-13,9.946245550392343e-14,9.383888030504358e-16,0.0,0,0.0,0.0,0.004334620605899285,0.0,0,0.0,0.0,0.004334620605899285,0.0,0.0
MAR12501,555,1.1302110398721016e-13,1.0348843256732713e-13,9.382651084823484e-16,0.0,0,0.0,0.0,0.004513766730450679,0.0,0,0.0,0.0,0.004513766730450679,0.0,0.0
MAR12060,576,1.1302070390684094e-13,9.987389815234821e-14,9.387681961556335e-16,0.0,0,0.0,0.0,0.004349632068826215,0.0,0,0.0,0.0,0.004349632068826215,0.0,0.0
MAR02963,568,1.1301132174043565e-13,1.0122296692141493e-13,9.407808813217466e-16,0.0,0,0.0,0.0,0.004410732264444036,0.0,0,0.0,0.0,0.004410732264444036,0.0,0.0
MAR03862,562,1.1300410982604582e-13,1.0235716894180553e-13,9.386719587022522e-16,0.0,0,0.0,0.0,0.0044576959055467585,0.0,0,0.0,0.0,0.0044576959055467585,0.0,0.0
MAR03711,558,1.1299921571926754e-13,1.0292058114420092e-13,9.399809036934625e-16,0.0,0,0.0,0.0,0.004489564580987142,0.0,0,0.0,0.0,0.004489564580987142,0.0,0.0
MAR01146,569,1.1298753379889959e-13,1.0118172433991582e-13,9.385176939444106e-16,0.0,0,0.0,0.0,0.004403001029543098,0.0,0,0.0,0.0,0.004403001029543098,0.0,0.0
MAR06998,567,1.1298506711839617e-13,1.0134346156209576e-13,9.389518978030765e-16,0.0,0,0.0,0.0,0.00441849069762059,0.0,0,0.0,0.0,0.00441849069762059,0.0,0.0
MAR12986,546,1.1298410314778736e-13,1.0518750527344364e-13,9.403564126932124e-16,0.0,0,0.0,0.0,0.004587964526068459,0.0,0,0.0,0.0,0.004587964526068459,0.0,0.0
MAR04926,566,1.1298382724100532e-13,1.0156218204209195e-13,9.385051868380678e-16,0.0,0,0.0,0.0,0.0044262764728495866,0.0,0,0.0,0.0,0.0044262764728495866,0.0,0.0
MAR06181,562,1.1297882360769138e-13,1.0228682848982783e-13,9.38269845502145e-16,0.0,0,0.0,0.0,0.0044576959055467585,0.0,0,0.0,0.0,0.0044576959055467585,0.0,0.0
MAR03728,578,1.1297383636047268e-13,9.955072278309665e-14,9.38309269829362e-16,0.0,0,0.0,0.0,0.004334620605899285,0.0,0,0.0,0.0,0.004334620605899285,0.0,0.0
MAR08349,577,1.1297260065620726e-13,9.9701478401802e-14,9.382751953240493e-16,0.0,0,0.0,0.0,0.004342113363096878,0.0,0,0.0,0.0,0.004342113363096878,0.0,0.0
MAR04711,577,1.1297260065620726e-13,9.973889182077967e-14,9.38385117867979e-16,0.0,0,0.0,0.0,0.004342113363096878,0.0,0,0.0,0.0,0.004342113363096878,0.0,0.0
MAR12684,556,1.1297118316761306e-13,1.032547671927891e-13,9.405844396475231e-16,0.0,0,0.0,0.0,0.0045056704064922026,0.0,0,0.0,0.0,0.0045056704064922026,0.0,0.0
MAR07034,546,1.1295807594134926e-13,1.0524970538012689e-13,9.382721812735948e-16,0.0,0,0.0,0.0,0.004587964526068459,0.0,0,0.0,0.0,0.004587964526068459,0.0,0.0
MAR03815,557,1.1294695480107589e-13,1.0310789496634982e-13,9.39938559299934e-16,0.0,0,0.0,0.0,0.004497603075155535,0.0,0,0.0,0.0,0.004497603075155535,0.0,0.0
MAR12058,551,1.1291310697487182e-13,1.0418194496692116e-13,9.401902303502664e-16,0.0,0,0.0,0.0,0.004546445100963565,0.0,0,0.0,0.0,0.004546445100963565,0.0,0.0
MAR04593,549,1.1291028828362685e-13,1.0455084006027994e-13,9.399550437837314e-16,0.0,0,0.0,0.0,0.004562962366977274,0.0,0,0.0,0.0,0.004562962366977274,0.0,0.0
MAR12702,550,1.1288586227403191e-13,1.0443699216862738e-13,9.377352035758913e-16,0.0,0,0.0,0.0,0.0045546887593671224,0.0,0,0.0,0.0,0.0045546887593671224,0.0,0.0
MAR01218,549,1.1288440330236054e-13,1.0463644274729299e-13,9.372228966832114e-16,0.0,0,0.0,0.0,0.004562962366977274,0.0,0,0.0,0.0,0.004562962366977274,0.0,0.0
MAR06195,566,1.1288339717234665e-13,1.0162730474799333e-13,9.380273659277338e-16,0.0,0,0.0,0.0,0.0044262764728495866,0.0,0,0.0,0.0,0.0044262764728495866,0.0,0.0
MAR06200,576,1.1287267417022424e-13,9.991160689279151e-14,9.378297554717622e-16,0.0,0,0.0,0.0,0.004349632068826215,0.0,0,0.0,0.0,0.004349632068826215,0.0,0.0
MAR03636,558,1.1287187831142524e-13,1.029375384600567e-13,9.392174050417818e-16,0.0,0,0.0,0.0,0.004489564580987142,0.0,0,0.0,0.0,0.004489564580987142,0.0,0.0
MAR00401,550,1.1286002435636791e-13,1.0443139135771692e-13,9.387048937518903e-16,0.0,0,0.0,0.0,0.0045546887593671224,0.0,0,0.0,0.0,0.0045546887593671224,0.0,0.0
MAR01207,567,1.1285975093924977e-13,1.014749597272729e-13,9.37377747581453e-16,0.0,0,0.0,0.0,0.00441849069762059,0.0,0,0.0,0.0,0.00441849069762059,0.0,0.0
MAR01264,567,1.1285975093924977e-13,1.01479027691785e-13,9.373411628362438e-16,0.0,0,0.0,0.0,0.00441849069762059,0.0,0,0.0,0.0,0.00441849069762059,0.0,0.0
MAR02987,584,1.1285949344025153e-13,9.863973956115488e-14,9.375463390538289e-16,0.0,0,0.0,0.0,0.004290201536487618,0.0,0,0.0,0.0,0.004290201536487618,0.0,0.0
MAR11581,543,1.1284936562053599e-13,1.0572758928365983e-13,9.395974040042796e-16,0.0,0,0.0,0.0,0.004613242186326175,0.0,0,0.0,0.0,0.004613242186326175,0.0,0.0
MAR02396,559,1.1284791427689033e-13,1.0279136233340997e-13,9.371744862906898e-16,0.0,0,0.0,0.0,0.004481554769642852,0.0,0,0.0,0.0,0.004481554769642852,0.0,0.0
MAR12598,568,1.1283618796753704e-13,1.0122420045552812e-13,9.370524904400776e-16,0.0,0,0.0,0.0,0.004410732264444036,0.0,0,0.0,0.0,0.004410732264444036,0.0,0.0
MAR05196,564,1.1283015499055775e-13,1.0177400486552815e-13,9.386540501689013e-16,0.0,0,0.0,0.0,0.004441930629657058,0.0,0,0.0,0.0,0.004441930629657058,0.0,0.0
MAR03340,561,1.1282557379948258e-13,1.0238054445609193e-13,9.387826230156959e-16,0.0,0,0.0,0.0,0.004465620583537596,0.0,0,0.0,0.0,0.004465620583537596,0.0,0.0
MAR00341,576,1.1282333092468535e-13,9.991757460105852e-14,9.370102433823302e-16,0.0,0,0.0,0.0,0.004349632068826215,0.0,0,0.0,0.0,0.004349632068826215,0.0,0.0
MAR01832,556,1.128178286203267e-13,1.0330840358124306e-13,9.386010240057435e-16,0.0,0,0.0,0.0,0.0045056704064922026,0.0,0,0.0,0.0,0.0045056704064922026,0.0,0.0
MAR12555,539,1.1281678539211386e-13,1.0650609578626291e-13,9.390209892997395e-16,0.0,0,0.0,0.0,0.004647382219459146,0.0,0,0.0,0.0,0.004647382219459146,0.0,0.0
MAR10390,568,1.1281116885712295e-13,1.0147588083424736e-13,9.367249041993246e-16,0.0,0,0.0,0.0,0.004410732264444036,0.0,0,0.0,0.0,0.004410732264444036,0.0,0.0
MAR00952,550,1.1280834852103991e-13,1.0444278328662801e-13,9.394673944688928e-16,0.0,0,0.0,0.0,0.0045546887593671224,0.0,0,0.0,0.0,0.0045546887593671224,0.0,0.0
MAR08358,564,1.1280495843964427e-13,1.0201065381835207e-13,9.364740349140547e-16,0.0,0,0.0,0.0,0.004441930629657058,0.0,0,0.0,0.0,0.004441930629657058,0.0,0.0
MAR01130,573,1.1279400915312166e-13,1.0047203330859014e-13,9.364297418449626e-16,0.0,0,0.0,0.0,0.0043723452321952965,0.0,0,0.0,0.0,0.0043723452321952965,0.0,0.0
MAR10125,550,1.127825106033759e-13,1.0459265181653071e-13,9.366633703897392e-16,0.0,0,0.0,0.0,0.0045546887593671224,0.0,0,0.0,0.0,0.0045546887593671224,0.0,0.0
MAR08036,557,1.1276836237197999e-13,1.0317595511720607e-13,9.359730106239408e-16,0.0,0,0.0,0.0,0.004497603075155535,0.0,0,0.0,0.0,0.004497603075155535,0.0,0.0
MAR02970,566,1.1275785958652333e-13,1.0162693312572236e-13,9.35290207900559e-16,0.0,0,0.0,0.0,0.0044262764728495866,0.0,0,0.0,0.0,0.0044262764728495866,0.0,0.0
MAR02321,559,1.1274622658662054e-13,1.0278728553964942e-13,9.361438506161329e-16,0.0,0,0.0,0.0,0.004481554769642852,0.0,0,0.0,0.0,0.004481554769642852,0.0,0.0
MAR03156,556,1.1274115134668353e-13,1.034099161256631e-13,9.360172691011964e-16,0.0,0,0.0,0.0,0.0045056704064922026,0.0,0,0.0,0.0,0.0045056704064922026,0.0,0.0
MAR09035,562,1.1272596142414686e-13,1.0226116568057484e-13,9.38203127911406e-16,0.0,0,0.0,0.0,0.0044576959055467585,0.0,0,0.0,0.0,0.0044576959055467585,0.0,0.0
MAR12518,543,1.1271851060474222e-13,1.0578853463024524e-13,9.36535357827549e-16,0.0,0,0.0,0.0,0.004613242186326175,0.0,0,0.0,0.0,0.004613242186326175,0.0,0.0
MAR02985,542,1.1271672402334578e-13,1.060797562922217e-13,9.380600996794857e-16,0.0,0,0.0,0.0,0.00462173008405905,0.0,0,0.0,0.0,0.00462173008405905,0.0,0.0
MAR09945,556,1.1271559225546913e-13,1.0356188443443609e-13,9.36019271172612e-16,0.0,0,0.0,0.0,0.0045056704064922026,0.0,0,0.0,0.0,0.0045056704064922026,0.0,0.0
MAR11577,570,1.1271451608320747e-13,1.0092213625616471e-13,9.359653215590764e-16,0.0,0,0.0,0.0,0.004395296850147243,0.0,0,0.0,0.0,0.004395296850147243,0.0,0.0
MAR02044,570,1.1271451608320747e-13,1.0099165761683793e-13,9.357877502267214e-16,0.0,0,0.0,0.0,0.004395296850147243,0.0,0,0.0,0.0,0.004395296850147243,0.0,0.0
MAR09873,539,1.1271132450368936e-13,1.0666653231572009e-13,9.355996468442173e-16,0.0,0,0.0,0.0,0.004647382219459146,0.0,0,0.0,0.0,0.004647382219459146,0.0,0.0
MAR02284,561,1.126989173403453e-13,1.0257207497949358e-13,9.357127286691588e-16,0.0,0,0.0,0.0,0.004465620583537596,0.0,0,0.0,0.0,0.004465620583537596,0.0,0.0
MAR03431,559,1.1269538274148566e-13,1.027529633136612e-13,9.379390900476162e-16,0.0,0,0.0,0.0,0.004481554769642852,0.0,0,0.0,0.0,0.004481554769642852,0.0,0.0
MAR02455,571,1.1269133126170696e-13,1.0083053953571026e-13,9.358016221626977e-16,0.0,0,0.0,0.0,0.00438761958448344,0.0,0,0.0,0.0,0.00438761958448344,0.0,0.0
MAR07122,563,1.1267718552160167e-13,1.0222685214163587e-13,9.362694331823294e-16,0.0,0,0.0,0.0,0.004449799303901048,0.0,0,0.0,0.0,0.004449799303901048,0.0,0.0
MAR01037,557,1.1266630955535376e-13,1.0312181918127785e-13,9.373503001696734e-16,0.0,0,0.0,0.0,0.004497603075155535,0.0,0,0.0,0.0,0.004497603075155535,0.0,0.0
MAR11350,543,1.1266616859842473e-13,1.0571659471790048e-13,9.385595024211925e-16,0.0,0,0.0,0.0,0.004613242186326175,0.0,0,0.0,0.0,0.004613242186326175,0.0,0.0
MAR13053,556,1.1266447407304034e-13,1.0335602188452918e-13,9.353812694610122e-16,0.0,0,0.0,0.0,0.0045056704064922026,0.0,0,0.0,0.0,0.0045056704064922026,0.0,0.0
MAR08455,567,1.1265924505261553e-13,1.0134855749203917e-13,9.359681027318484e-16,0.0,0,0.0,0.0,0.00441849069762059,0.0,0,0.0,0.0,0.00441849069762059,0.0,0.0
MAR03355,538,1.1265668282590436e-13,1.067053381886911e-13,9.370338618672105e-16,0.0,0,0.0,0.0,0.004655996327465773,0.0,0,0.0,0.0,0.004655996327465773,0.0,0.0
MAR09864,550,1.1265332101505589e-13,1.045240880944268e-13,9.37831043654414e-16,0.0,0,0.0,0.0,0.0045546887593671224,0.0,0,0.0,0.0,0.0045546887593671224,0.0,0.0
MAR03648,572,1.1264338335441588e-13,1.0055655902254565e-13,9.349856775532314e-16,0.0,0,0.0,0.0,0.004379969091767465,0.0,0,0.0,0.0,0.004379969091767465,0.0,0.0
MAR02368,554,1.1263513186724187e-13,1.0365331693930239e-13,9.372087027068692e-16,0.0,0,0.0,0.0,0.004521892203603858,0.0,0,0.0,0.0,0.004521892203603858,0.0,0.0
MAR02248,554,1.1263513186724187e-13,1.0370453633709889e-13,9.379870062874445e-16,0.0,0,0.0,0.0,0.004521892203603858,0.0,0,0.0,0.0,0.004521892203603858,0.0,0.0
MAR00284,539,1.1263222883737098e-13,1.0657002576777447e-13,9.354475162266121e-16,0.0,0,0.0,0.0,0.004647382219459146,0.0,0,0.0,0.0,0.004647382219459146,0.0,0.0
MAR08758,560,1.1262102361797588e-13,1.0270787422297264e-13,9.361147023286309e-16,0.0,0,0.0,0.0,0.0044735734878779895,0.0,0,0.0,0.0,0.0044735734878779895,0.0,0.0
MAR03681,544,1.1261579903903647e-13,1.0558624290339045e-13,9.345369499021447e-16,0.0,0,0.0,0.0,0.004604785407758596,0.0,0,0.0,0.0,0.004604785407758596,0.0,0.0
MAR12731,542,1.1261184686677602e-13,1.0591134186883628e-13,9.348070015727574e-16,0.0,0,0.0,0.0,0.00462173008405905,0.0,0,0.0,0.0,0.00462173008405905,0.0,0.0
MAR10118,581,1.1261062841444066e-13,9.914972558483704e-14,9.355831451311347e-16,0.0,0,0.0,0.0,0.004312296689115291,0.0,0,0.0,0.0,0.004312296689115291,0.0,0.0
MAR12968,553,1.1260753230020828e-13,1.0385622961164132e-13,9.378124547225502e-16,0.0,0,0.0,0.0,0.00453004698365408,0.0,0,0.0,0.0,0.00453004698365408,0.0,0.0
MAR09036,578,1.1260504255298474e-13,9.959727181217065e-14,9.348362320621746e-16,0.0,0,0.0,0.0,0.004334620605899285,0.0,0,0.0,0.0,0.004334620605899285,0.0,0.0
MAR08775,557,1.1256425673872754e-13,1.0333149484408878e-13,9.355142723802106e-16,0.0,0,0.0,0.0,0.004497603075155535,0.0,0,0.0,0.0,0.004497603075155535,0.0,0.0
MAR12188,557,1.1256425673872754e-13,1.0310562775626636e-13,9.350061432862552e-16,0.0,0,0.0,0.0,0.004497603075155535,0.0,0,0.0,0.0,0.004497603075155535,0.0,0.0
MAR04701,554,1.1255817778033644e-13,1.0366706696114294e-13,9.364668170561573e-16,0.0,0,0.0,0.0,0.004521892203603858,0.0,0,0.0,0.0,0.004521892203603858,0.0,0.0
MAR12984,553,1.1255613680395077e-13,1.0386517817214996e-13,9.367935225649092e-16,0.0,0,0.0,0.0,0.00453004698365408,0.0,0,0.0,0.0,0.00453004698365408,0.0,0.0
MAR12374,540,1.1255523262392401e-13,1.0632057211793941e-13,9.366152328066475e-16,0.0,0,0.0,0.0,0.00463879992662872,0.0,0,0.0,0.0,0.00463879992662872,0.0,0.0
MAR03929,562,1.125489578956657e-13,1.0241252219439535e-13,9.35061686927866e-16,0.0,0,0.0,0.0,0.0044576959055467585,0.0,0,0.0,0.0,0.0044576959055467585,0.0,0.0
MAR03002,571,1.125420052927206e-13,1.0083338588486489e-13,9.340819019050802e-16,0.0,0,0.0,0.0,0.00438761958448344,0.0,0,0.0,0.0,0.00438761958448344,0.0,0.0
MAR02991,558,1.1254080105103522e-13,1.0303920602520008e-13,9.363816031432016e-16,0.0,0,0.0,0.0,0.004489564580987142,0.0,0,0.0,0.0,0.004489564580987142,0.0,0.0
MAR03515,558,1.1254080105103522e-13,1.029900522614651e-13,9.340904860527728e-16,0.0,0,0.0,0.0,0.004489564580987142,0.0,0,0.0,0.0,0.004489564580987142,0.0,0.0
MAR04558,569,1.125379812771533e-13,1.0097932001629515e-13,9.34961597325018e-16,0.0,0,0.0,0.0,0.004403001029543098,0.0,0,0.0,0.0,0.004403001029543098,0.0,0.0
MAR02151,551,1.1252624160149972e-13,1.0424728566093906e-13,9.364953076684954e-16,0.0,0,0.0,0.0,0.004546445100963565,0.0,0,0.0,0.0,0.004546445100963565,0.0,0.0
MAR03347,561,1.1252159829755312e-13,1.0244471274991622e-13,9.341812002731635e-16,0.0,0,0.0,0.0,0.004465620583537596,0.0,0,0.0,0.0,0.004465620583537596,0.0,0.0
MAR03737,558,1.1251533356946676e-13,1.0292259665523508e-13,9.363103734006874e-16,0.0,0,0.0,0.0,0.004489564580987142,0.0,0,0.0,0.0,0.004489564580987142,0.0,0.0
MAR12835,577,1.125046522340429e-13,9.974560666671843e-14,9.342329936271326e-16,0.0,0,0.0,0.0,0.004342113363096878,0.0,0,0.0,0.0,0.004342113363096878,0.0,0.0
MAR12585,551,1.1250045057660824e-13,1.0423814045823403e-13,9.345156102054532e-16,0.0,0,0.0,0.0,0.004546445100963565,0.0,0,0.0,0.0,0.004546445100963565,0.0,0.0
MAR02128,559,1.1249200736094607e-13,1.027740588608902e-13,9.362263805778705e-16,0.0,0,0.0,0.0,0.004481554769642852,0.0,0,0.0,0.0,0.004481554769642852,0.0,0.0
MAR02415,561,1.1247093571389821e-13,1.0244817533019481e-13,9.357008237216338e-16,0.0,0,0.0,0.0,0.004465620583537596,0.0,0,0.0,0.0,0.004465620583537596,0.0,0.0
MAR11284,555,1.1245779082732829e-13,1.0369690444782243e-13,9.340456543659854e-16,0.0,0,0.0,0.0,0.004513766730450679,0.0,0,0.0,0.0,0.004513766730450679,0.0,0.0
MAR10180,563,1.1245001377659845e-13,1.0231880174564227e-13,9.338597600948639e-16,0.0,0,0.0,0.0,0.004449799303901048,0.0,0,0.0,0.0,0.004449799303901048,0.0,0.0
MAR09979,558,1.1243893112476138e-13,1.0319621520747596e-13,9.336107656696455e-16,0.0,0,0.0,0.0,0.004489564580987142,0.0,0,0.0,0.0,0.004489564580987142,0.0,0.0
MAR06184,569,1.1243808071676524e-13,1.0108447084227537e-13,9.341022693441402e-16,0.0,0,0.0,0.0,0.004403001029543098,0.0,0,0.0,0.0,0.004403001029543098,0.0,0.0
MAR03096,569,1.1243808071676524e-13,1.0109280318927974e-13,9.331452264863055e-16,0.0,0,0.0,0.0,0.004403001029543098,0.0,0,0.0,0.0,0.004403001029543098,0.0,0.0
MAR03534,568,1.1243588220091162e-13,1.0117543479504012e-13,9.334679671368886e-16,0.0,0,0.0,0.0,0.004410732264444036,0.0,0,0.0,0.0,0.004410732264444036,0.0,0.0
MAR01049,555,1.1243218568369729e-13,1.0352595327570231e-13,9.355277924745816e-16,0.0,0,0.0,0.0,0.004513766730450679,0.0,0,0.0,0.0,0.004513766730450679,0.0,0.0
MAR01326,574,1.1242420080441167e-13,1.0029628120326789e-13,9.33767709267834e-16,0.0,0,0.0,0.0,0.004364747866934595,0.0,0,0.0,0.0,0.004364747866934595,0.0,0.0
MAR11538,562,1.1242252680389343e-13,1.023128096973514e-13,9.331244208676766e-16,0.0,0,0.0,0.0,0.0044576959055467585,0.0,0,0.0,0.0,0.0044576959055467585,0.0,0.0
MAR03740,562,1.1242252680389343e-13,1.021934707109137e-13,9.334178475309828e-16,0.0,0,0.0,0.0,0.0044576959055467585,0.0,0,0.0,0.0,0.0044576959055467585,0.0,0.0
MAR12749,548,1.124161591065706e-13,1.0474921743089236e-13,9.340615495344811e-16,0.0,0,0.0,0.0,0.004571266087298871,0.0,0,0.0,0.0,0.004571266087298871,0.0,0.0
MAR03651,563,1.1239953116659773e-13,1.0206810314659785e-13,9.338233460914648e-16,0.0,0,0.0,0.0,0.004449799303901048,0.0,0,0.0,0.0,0.004449799303901048,0.0,0.0
MAR12290,547,1.123878564862228e-13,1.0495549925384904e-13,9.354431837371892e-16,0.0,0,0.0,0.0,0.004579600085029117,0.0,0,0.0,0.0,0.004579600085029117,0.0,0.0
MAR00255,575,1.123769676348235e-13,1.0003660685864467e-13,9.3267988136115e-16,0.0,0,0.0,0.0,0.004357176858116289,0.0,0,0.0,0.0,0.004357176858116289,0.0,0.0
MAR03738,564,1.1237661707411514e-13,1.0182544445811163e-13,9.351535184628885e-16,0.0,0,0.0,0.0,0.004441930629657058,0.0,0,0.0,0.0,0.004441930629657058,0.0,0.0
MAR12379,553,1.1237625256704948e-13,1.0380389110120576e-13,9.35330689320696e-16,0.0,0,0.0,0.0,0.00453004698365408,0.0,0,0.0,0.0,0.00453004698365408,0.0,0.0
MAR11262,542,1.1237587326449407e-13,1.0596778260531386e-13,9.354764533557804e-16,0.0,0,0.0,0.0,0.00462173008405905,0.0,0,0.0,0.0,0.00462173008405905,0.0,0.0
MAR07008,563,1.1237428986159737e-13,1.0217771630458159e-13,9.340222228557521e-16,0.0,0,0.0,0.0,0.004449799303901048,0.0,0,0.0,0.0,0.004449799303901048,0.0,0.0
MAR02441,564,1.1235142052320165e-13,1.020972689871317e-13,9.32858102596125e-16,0.0,0,0.0,0.0,0.004441930629657058,0.0,0,0.0,0.0,0.004441930629657058,0.0,0.0
MAR06159,573,1.1234759486887447e-13,1.0038982644908221e-13,9.332580131963215e-16,0.0,0,0.0,0.0,0.0043723452321952965,0.0,0,0.0,0.0,0.0043723452321952965,0.0,0.0
MAR03654,572,1.1234525353521584e-13,1.004673910515943e-13,9.32156838968941e-16,0.0,0,0.0,0.0,0.004379969091767465,0.0,0,0.0,0.0,0.004379969091767465,0.0,0.0
MAR00444,550,1.1234326600308784e-13,1.0439114176358652e-13,9.357882441052017e-16,0.0,0,0.0,0.0,0.0045546887593671224,0.0,0,0.0,0.0,0.0045546887593671224,0.0,0.0
MAR00004,568,1.1233580575925528e-13,1.0135650504939715e-13,9.333143899652118e-16,0.0,0,0.0,0.0,0.004410732264444036,0.0,0,0.0,0.0,0.004410732264444036,0.0,0.0
MAR04460,587,1.1233111733992725e-13,9.803102792657446e-14,9.3259426020097e-16,0.0,0,0.0,0.0,0.004268331649559446,0.0,0,0.0,0.0,0.004268331649559446,0.0,0.0
MAR00655,565,1.1232863213821619e-13,1.0167050902254631e-13,9.352114628340461e-16,0.0,0,0.0,0.0,0.004434089734923025,0.0,0,0.0,0.0,0.004434089734923025,0.0,0.0
MAR08467,574,1.1232517045796427e-13,1.0020612959389189e-13,9.329504872214057e-16,0.0,0,0.0,0.0,0.004364747866934595,0.0,0,0.0,0.0,0.004364747866934595,0.0,0.0
MAR10136,561,1.1231894796293348e-13,1.026424059274195e-13,9.332335035420722e-16,0.0,0,0.0,0.0,0.004465620583537596,0.0,0,0.0,0.0,0.004465620583537596,0.0,0.0
MAR00270,557,1.1230912469716198e-13,1.0328077666242645e-13,9.325875603500595e-16,0.0,0,0.0,0.0,0.004497603075155535,0.0,0,0.0,0.0,0.004497603075155535,0.0,0.0
MAR02499,554,1.1230166415731837e-13,1.0383853304830589e-13,9.325077162426812e-16,0.0,0,0.0,0.0,0.004521892203603858,0.0,0,0.0,0.0,0.004521892203603858,0.0,0.0
MAR03846,562,1.1229609571212117e-13,1.0224524271771411e-13,9.336583147826465e-16,0.0,0,0.0,0.0,0.0044576959055467585,0.0,0,0.0,0.0,0.0044576959055467585,0.0,0.0
MAR09365,572,1.1229556523201584e-13,1.0064682626499492e-13,9.327763432831681e-16,0.0,0,0.0,0.0,0.004379969091767465,0.0,0,0.0,0.0,0.004379969091767465,0.0,0.0
MAR02772,540,1.1229206864771657e-13,1.0640215447739639e-13,9.344355937000596e-16,0.0,0,0.0,0.0,0.00463879992662872,0.0,0,0.0,0.0,0.00463879992662872,0.0,0.0
MAR00593,549,1.1228904873323551e-13,1.0470272018369968e-13,9.346872094236952e-16,0.0,0,0.0,0.0,0.004562962366977274,0.0,0,0.0,0.0,0.004562962366977274,0.0,0.0
MAR03886,558,1.122861262353506e-13,1.0299403377526146e-13,9.321615772759042e-16,0.0,0,0.0,0.0,0.004489564580987142,0.0,0,0.0,0.0,0.004489564580987142,0.0,0.0
MAR08240,555,1.1227855482191132e-13,1.0357530347940416e-13,9.329319815632172e-16,0.0,0,0.0,0.0,0.004513766730450679,0.0,0,0.0,0.0,0.004513766730450679,0.0,0.0
MAR12149,555,1.1227855482191132e-13,1.0343030858007716e-13,9.34884104433893e-16,0.0,0,0.0,0.0,0.004513766730450679,0.0,0,0.0,0.0,0.004513766730450679,0.0,0.0
MAR02159,560,1.1226575225009583e-13,1.025924175312013e-13,9.342079135827465e-16,0.0,0,0.0,0.0,0.0044735734878779895,0.0,0,0.0,0.0,0.0044735734878779895,0.0,0.0
MAR08782,559,1.1226321005783909e-13,1.029059858946236e-13,9.32341906194565e-16,0.0,0,0.0,0.0,0.004481554769642852,0.0,0,0.0,0.0,0.004481554769642852,0.0,0.0
MAR10350,558,1.1226065875378214e-13,1.0334302825715827e-13,9.333548537446006e-16,0.0,0,0.0,0.0,0.004489564580987142,0.0,0,0.0,0.0,0.004489564580987142,0.0,0.0
MAR04321,548,1.1226056580676912e-13,1.0487397760435258e-13,9.322491013632237e-16,0.0,0,0.0,0.0,0.004571266087298871,0.0,0,0.0,0.0,0.004571266087298871,0.0,0.0
MAR03074,567,1.1225823327934705e-13,1.0144283255139944e-13,9.323315088188017e-16,0.0,0,0.0,0.0,0.00441849069762059,0.0,0,0.0,0.0,0.00441849069762059,0.0,0.0
MAR02168,552,1.122451568084796e-13,1.0413131700505499e-13,9.317892224499176e-16,0.0,0,0.0,0.0,0.004538231229443332,0.0,0,0.0,0.0,0.004538231229443332,0.0,0.0
MAR12895,561,1.1224295408745112e-13,1.0243628842158986e-13,9.322585324701678e-16,0.0,0,0.0,0.0,0.004465620583537596,0.0,0,0.0,0.0,0.004465620583537596,0.0,0.0
MAR01111,561,1.1224295408745112e-13,1.0245008691454883e-13,9.319814226110158e-16,0.0,0,0.0,0.0,0.004465620583537596,0.0,0,0.0,0.0,0.004465620583537596,0.0,0.0
MAR01729,551,1.1224254032769351e-13,1.04256308037129e-13,9.341943862547382e-16,0.0,0,0.0,0.0,0.004546445100963565,0.0,0,0.0,0.0,0.004546445100963565,0.0,0.0
MAR11227,569,1.1223827959598911e-13,1.0117890658669042e-13,9.32299659931213e-16,0.0,0,0.0,0.0,0.004403001029543098,0.0,0,0.0,0.0,0.004403001029543098,0.0,0.0
MAR01155,559,1.1223778813527164e-13,1.0276256824295837e-13,9.320222989267507e-16,0.0,0,0.0,0.0,0.004481554769642852,0.0,0,0.0,0.0,0.004481554769642852,0.0,0.0
MAR01161,568,1.1223572931759892e-13,1.0130516494223518e-13,9.322312287788829e-16,0.0,0,0.0,0.0,0.004410732264444036,0.0,0,0.0,0.0,0.004410732264444036,0.0,0.0
MAR12375,566,1.122306017260653e-13,1.0157417392096184e-13,9.317329666058829e-16,0.0,0,0.0,0.0,0.0044262764728495866,0.0,0,0.0,0.0,0.0044262764728495866,0.0,0.0
MAR07818,553,1.1222206607827695e-13,1.0402176488565846e-13,9.323908441131018e-16,0.0,0,0.0,0.0,0.00453004698365408,0.0,0,0.0,0.0,0.00453004698365408,0.0,0.0
MAR03756,569,1.122133044558921e-13,1.0100040204802686e-13,9.31679341161976e-16,0.0,0,0.0,0.0,0.004403001029543098,0.0,0,0.0,0.0,0.004403001029543098,0.0,0.0
MAR01916,568,1.1221071020718483e-13,1.0129918786549838e-13,9.316399503788618e-16,0.0,0,0.0,0.0,0.004410732264444036,0.0,0,0.0,0.0,0.004410732264444036,0.0,0.0
MAR12905,562,1.1219495083870336e-13,1.0234914955627588e-13,9.321316773880982e-16,0.0,0,0.0,0.0,0.0044576959055467585,0.0,0,0.0,0.0,0.0044576959055467585,0.0,0.0
MAR01278,551,1.1219095827791055e-13,1.0426436008271588e-13,9.335522028336528e-16,0.0,0,0.0,0.0,0.004546445100963565,0.0,0,0.0,0.0,0.004546445100963565,0.0,0.0
MAR01152,584,1.1217815109089253e-13,9.85803212674865e-14,9.318336914004256e-16,0.0,0,0.0,0.0,0.004290201536487618,0.0,0,0.0,0.0,0.004290201536487618,0.0,0.0
MAR07084,555,1.1217613424738734e-13,1.0364887240591948e-13,9.321790058065125e-16,0.0,0,0.0,0.0,0.004513766730450679,0.0,0,0.0,0.0,0.004513766730450679,0.0,0.0
MAR07007,554,1.1217340734580932e-13,1.0389549198054709e-13,9.323367371950274e-16,0.0,0,0.0,0.0,0.004521892203603858,0.0,0,0.0,0.0,0.004521892203603858,0.0,0.0
MAR02421,561,1.1214162892014131e-13,1.0248281296807466e-13,9.33166985788094e-16,0.0,0,0.0,0.0,0.004465620583537596,0.0,0,0.0,0.0,0.004465620583537596,0.0,0.0
MAR12751,579,1.1214057891840752e-13,9.934319699200291e-14,9.314726488012275e-16,0.0,0,0.0,0.0,0.00432715366313485,0.0,0,0.0,0.0,0.00432715366313485,0.0,0.0
MAR00430,566,1.1213017165740662e-13,1.0166009964697792e-13,9.311046120883353e-16,0.0,0,0.0,0.0,0.0044262764728495866,0.0,0,0.0,0.0,0.0044262764728495866,0.0,0.0
MAR12354,556,1.121277331575381e-13,1.0330073300667388e-13,9.309862527960457e-16,0.0,0,0.0,0.0,0.0045056704064922026,0.0,0,0.0,0.0,0.0045056704064922026,0.0,0.0
MAR09049,587,1.1211323370715584e-13,9.804461904079877e-14,9.304371925922152e-16,0.0,0,0.0,0.0,0.004268331649559446,0.0,0,0.0,0.0,0.004268331649559446,0.0,0.0
MAR02236,561,1.1209096633648639e-13,1.0245626933091369e-13,9.310575819657245e-16,0.0,0,0.0,0.0,0.004465620583537596,0.0,0,0.0,0.0,0.004465620583537596,0.0,0.0
MAR07123,578,1.1208873122250161e-13,9.956271139261954e-14,9.31365194977584e-16,0.0,0,0.0,0.0,0.004334620605899285,0.0,0,0.0,0.0,0.004334620605899285,0.0,0.0
MAR09436,551,1.1208779417834466e-13,1.0433012875331133e-13,9.307924857914614e-16,0.0,0,0.0,0.0,0.004546445100963565,0.0,0,0.0,0.0,0.004546445100963565,0.0,0.0
MAR01238,553,1.1206787958950441e-13,1.0395165074584633e-13,9.299747198886727e-16,0.0,0,0.0,0.0,0.00453004698365408,0.0,0,0.0,0.0,0.00453004698365408,0.0,0.0
MAR01040,576,1.1205851061883247e-13,9.995272362388997e-14,9.307330419556393e-16,0.0,0,0.0,0.0,0.004349632068826215,0.0,0,0.0,0.0,0.004349632068826215,0.0,0.0
MAR03710,558,1.1205691890123444e-13,1.0292230136628093e-13,9.328406617328604e-16,0.0,0,0.0,0.0,0.004489564580987142,0.0,0,0.0,0.0,0.004489564580987142,0.0,0.0
MAR12431,566,1.1205484910591262e-13,1.0157791496371544e-13,9.3028702280229e-16,0.0,0,0.0,0.0,0.0044262764728495866,0.0,0,0.0,0.0,0.0044262764728495866,0.0,0.0
MAR08773,574,1.1205283700523392e-13,1.0026945722206016e-13,9.311978038486633e-16,0.0,0,0.0,0.0,0.004364747866934595,0.0,0,0.0,0.0,0.004364747866934595,0.0,0.0
MAR09944,565,1.1205196063048659e-13,1.0175549780645771e-13,9.322882954869014e-16,0.0,0,0.0,0.0,0.004434089734923025,0.0,0,0.0,0.0,0.004434089734923025,0.0,0.0
MAR02294,571,1.1204425206276606e-13,1.0067763047185515e-13,9.298157503131235e-16,0.0,0,0.0,0.0,0.00438761958448344,0.0,0,0.0,0.0,0.00438761958448344,0.0,0.0
MAR03084,561,1.1204030375283148e-13,1.024773153208302e-13,9.326253757015294e-16,0.0,0,0.0,0.0,0.004465620583537596,0.0,0,0.0,0.0,0.004465620583537596,0.0,0.0
MAR07112,550,1.120332109911198e-13,1.044954676504227e-13,9.313835695324269e-16,0.0,0,0.0,0.0,0.0045546887593671224,0.0,0,0.0,0.0,0.0045546887593671224,0.0,0.0
MAR01751,537,1.1201964247569847e-13,1.0699140251280941e-13,9.295887164877726e-16,0.0,0,0.0,0.0,0.004664642427888463,0.0,0,0.0,0.0,0.004664642427888463,0.0,0.0
MAR02456,560,1.1201198698732436e-13,1.0265889927208657e-13,9.323036670478008e-16,0.0,0,0.0,0.0,0.0044735734878779895,0.0,0,0.0,0.0,0.0044735734878779895,0.0,0.0
MAR03588,559,1.1200899083216464e-13,1.0280940332004041e-13,9.294328101659668e-16,0.0,0,0.0,0.0,0.004481554769642852,0.0,0,0.0,0.0,0.004481554769642852,0.0,0.0
MAR01674,545,1.1199196514090386e-13,1.0541497048723645e-13,9.322586494544257e-16,0.0,0,0.0,0.0,0.004596359577531593,0.0,0,0.0,0.0,0.004596359577531593,0.0,0.0
MAR09352,568,1.1198553821345804e-13,1.0129923425366874e-13,9.297479065549633e-16,0.0,0,0.0,0.0,0.004410732264444036,0.0,0,0.0,0.0,0.004410732264444036,0.0,0.0
MAR11449,555,1.1197129309833939e-13,1.0349230437460164e-13,9.294526427216932e-16,0.0,0,0.0,0.0,0.004513766730450679,0.0,0,0.0,0.0,0.004513766730450679,0.0,0.0
MAR09462,552,1.1196196948625636e-13,1.04157509278408e-13,9.315831654408575e-16,0.0,0,0.0,0.0,0.004538231229443332,0.0,0,0.0,0.0,0.004538231229443332,0.0,0.0
MAR00313,559,1.1195814698702973e-13,1.028116562564014e-13,9.297323529193458e-16,0.0,0,0.0,0.0,0.004481554769642852,0.0,0,0.0,0.0,0.004481554769642852,0.0,0.0
MAR03200,566,1.1195441903725395e-13,1.0156535925517348e-13,9.319789471681099e-16,0.0,0,0.0,0.0,0.0044262764728495866,0.0,0,0.0,0.0,0.0044262764728495866,0.0,0.0
MAR03729,549,1.1195254397677353e-13,1.0462836443697056e-13,9.315922040738337e-16,0.0,0,0.0,0.0,0.004562962366977274,0.0,0,0.0,0.0,0.004562962366977274,0.0,0.0
MAR00196,555,1.119456879547084e-13,1.0357491069227256e-13,9.298346889633266e-16,0.0,0,0.0,0.0,0.004513766730450679,0.0,0,0.0,0.0,0.004513766730450679,0.0,0.0
MAR09262,555,1.119456879547084e-13,1.0357712380670672e-13,9.296700383061847e-16,0.0,0,0.0,0.0,0.004513766730450679,0.0,0,0.0,0.0,0.004513766730450679,0.0,0.0
MAR03091,571,1.1194470141677515e-13,1.0084399133727749e-13,9.290089292606836e-16,0.0,0,0.0,0.0,0.00438761958448344,0.0,0,0.0,0.0,0.00438761958448344,0.0,0.0
MAR01638,554,1.1194254508509304e-13,1.0369603655741564e-13,9.326363955979812e-16,0.0,0,0.0,0.0,0.004521892203603858,0.0,0,0.0,0.0,0.004521892203603858,0.0,0.0
MAR03033,561,1.1193897858552166e-13,1.0254098033480895e-13,9.289994297475377e-16,0.0,0,0.0,0.0,0.004465620583537596,0.0,0,0.0,0.0,0.004465620583537596,0.0,0.0
MAR10036,584,1.1193481453755003e-13,9.864280355796277e-14,9.303676011146106e-16,0.0,0,0.0,0.0,0.004290201536487618,0.0,0,0.0,0.0,0.004290201536487618,0.0,0.0
MAR00405,543,1.1193338050997969e-13,1.057778648140932e-13,9.293558217214414e-16,0.0,0,0.0,0.0,0.004613242186326175,0.0,0,0.0,0.0,0.004613242186326175,0.0,0.0
MAR03283,575,1.1193210609591282e-13,9.989179867803112e-14,9.31128010597596e-16,0.0,0,0.0,0.0,0.004357176858116289,0.0,0,0.0,0.0,0.004357176858116289,0.0,0.0
MAR10190,565,1.1192620085424587e-13,1.0196376940970925e-13,9.29386271949321e-16,0.0,0,0.0,0.0,0.004434089734923025,0.0,0,0.0,0.0,0.004434089734923025,0.0,0.0
MAR00362,564,1.1192307915767252e-13,1.0183833555821181e-13,9.315460845317953e-16,0.0,0,0.0,0.0,0.004441930629657058,0.0,0,0.0,0.0,0.004441930629657058,0.0,0.0
MAR02712,545,1.119137402525633e-13,1.0543459998504869e-13,9.320009556179873e-16,0.0,0,0.0,0.0,0.004596359577531593,0.0,0,0.0,0.0,0.004596359577531593,0.0,0.0
MAR01253,552,1.1191048088221578e-13,1.0406967205198197e-13,9.319679430447166e-16,0.0,0,0.0,0.0,0.004538231229443332,0.0,0,0.0,0.0,0.004538231229443332,0.0,0.0
MAR06291,552,1.1191048088221578e-13,1.0403860922876431e-13,9.318584295417957e-16,0.0,0,0.0,0.0,0.004538231229443332,0.0,0,0.0,0.0,0.004538231229443332,0.0,0.0
MAR12275,559,1.1190730314189485e-13,1.0268003315592286e-13,9.315605084501765e-16,0.0,0,0.0,0.0,0.004481554769642852,0.0,0,0.0,0.0,0.004481554769642852,0.0,0.0
MAR04101,566,1.1190420400292461e-13,1.0161358941637957e-13,9.287630036330855e-16,0.0,0,0.0,0.0,0.0044262764728495866,0.0,0,0.0,0.0,0.0044262764728495866,0.0,0.0
MAR02083,581,1.1190130864380235e-13,9.901419012657839e-14,9.291639610968302e-16,0.0,0,0.0,0.0,0.004312296689115291,0.0,0,0.0,0.0,0.004312296689115291,0.0,0.0
MAR12794,563,1.1189470506659056e-13,1.0196259905563627e-13,9.31214980717819e-16,0.0,0,0.0,0.0,0.004449799303901048,0.0,0,0.0,0.0,0.004449799303901048,0.0,0.0
MAR12882,535,1.1188059824379597e-13,1.0720025360240767e-13,9.310167456137972e-16,0.0,0,0.0,0.0,0.004682031321548599,0.0,0,0.0,0.0,0.004682031321548599,0.0,0.0
MAR03688,566,1.1187909648575994e-13,1.0147657597355002e-13,9.307629325430529e-16,0.0,0,0.0,0.0,0.0044262764728495866,0.0,0,0.0,0.0,0.0044262764728495866,0.0,0.0
MAR09417,550,1.1187818348513578e-13,1.0451102121563775e-13,9.286225274775583e-16,0.0,0,0.0,0.0,0.0045546887593671224,0.0,0,0.0,0.0,0.0045546887593671224,0.0,0.0
MAR02342,565,1.1187589694374958e-13,1.0162768343899737e-13,9.310384134204797e-16,0.0,0,0.0,0.0,0.004434089734923025,0.0,0,0.0,0.0,0.004434089734923025,0.0,0.0
MAR02110,543,1.1185486750050343e-13,1.0579899177766616e-13,9.314632431245628e-16,0.0,0,0.0,0.0,0.004613242186326175,0.0,0,0.0,0.0,0.004613242186326175,0.0,0.0
MAR03637,566,1.1185398896859528e-13,1.0146475362940141e-13,9.308906412098881e-16,0.0,0,0.0,0.0,0.0044262764728495866,0.0,0,0.0,0.0,0.0044262764728495866,0.0,0.0
MAR07046,556,1.118465831541798e-13,1.0335668532401401e-13,9.29406154284034e-16,0.0,0,0.0,0.0,0.0045056704064922026,0.0,0,0.0,0.0,0.0045056704064922026,0.0,0.0
MAR03707,578,1.1184286868417632e-13,9.952077866874056e-14,9.285591843978715e-16,0.0,0,0.0,0.0,0.004334620605899285,0.0,0,0.0,0.0,0.004334620605899285,0.0,0.0
MAR01526,561,1.1183765341821185e-13,1.024439700389524e-13,9.287577751076497e-16,0.0,0,0.0,0.0,0.004465620583537596,0.0,0,0.0,0.0,0.004465620583537596,0.0,0.0
MAR09991,560,1.1183435130338434e-13,1.0282244268399184e-13,9.283582161852948e-16,0.0,0,0.0,0.0,0.0044735734878779895,0.0,0,0.0,0.0,0.0044735734878779895,0.0,0.0
MAR01168,560,1.1183435130338434e-13,1.0263203514246812e-13,9.287499187989764e-16,0.0,0,0.0,0.0,0.0044735734878779895,0.0,0,0.0,0.0,0.0044735734878779895,0.0,0.0
MAR03865,552,1.118332479761549e-13,1.0411490405386506e-13,9.288446401316625e-16,0.0,0,0.0,0.0,0.004538231229443332,0.0,0,0.0,0.0,0.004538231229443332,0.0,0.0
MAR11998,567,1.1183215827024927e-13,1.012410294064812e-13,9.309634211183027e-16,0.0,0,0.0,0.0,0.00441849069762059,0.0,0,0.0,0.0,0.00441849069762059,0.0,0.0
MAR10017,559,1.1183103737419251e-13,1.0299522059420667e-13,9.293609768861487e-16,0.0,0,0.0,0.0,0.004481554769642852,0.0,0,0.0,0.0,0.004481554769642852,0.0,0.0
MAR06490,572,1.1182352635161577e-13,1.0062142827317176e-13,9.284882622316803e-16,0.0,0,0.0,0.0,0.004379969091767465,0.0,0,0.0,0.0,0.004379969091767465,0.0,0.0
MAR01217,564,1.1182229295401858e-13,1.0191155519824473e-13,9.286717042694657e-16,0.0,0,0.0,0.0,0.004441930629657058,0.0,0,0.0,0.0,0.004441930629657058,0.0,0.0
MAR00617,555,1.1181766223655342e-13,1.0351644492808608e-13,9.30472395395909e-16,0.0,0,0.0,0.0,0.004513766730450679,0.0,0,0.0,0.0,0.004513766730450679,0.0,0.0
MAR02162,547,1.1181630474264977e-13,1.0486143215976466e-13,9.306892579919061e-16,0.0,0,0.0,0.0,0.004579600085029117,0.0,0,0.0,0.0,0.004579600085029117,0.0,0.0
MAR03998,562,1.1181565756338659e-13,1.0227589941148113e-13,9.280758796515046e-16,0.0,0,0.0,0.0,0.0044576959055467585,0.0,0,0.0,0.0,0.0044576959055467585,0.0,0.0
MAR11229,583,1.1180993238187237e-13,9.874591574425274e-14,9.284814304596777e-16,0.0,0,0.0,0.0,0.004297541386555887,0.0,0,0.0,0.0,0.004297541386555887,0.0,0.0
MAR03098,559,1.1180561545162507e-13,1.0300294816717241e-13,9.281507860058828e-16,0.0,0,0.0,0.0,0.004481554769642852,0.0,0,0.0,0.0,0.004481554769642852,0.0,0.0
MAR03278,594,1.1179684189248983e-13,9.688225034955046e-14,9.278615896230138e-16,0.0,0,0.0,0.0,0.004218158822843073,0.0,0,0.0,0.0,0.004218158822843073,0.0,0.0
MAR01621,556,1.11795464971751e-13,1.0326168682997237e-13,9.310220917947575e-16,0.0,0,0.0,0.0,0.0045056704064922026,0.0,0,0.0,0.0,0.0045056704064922026,0.0,0.0
MAR01846,561,1.1178699083455694e-13,1.0239395819861778e-13,9.302982541893838e-16,0.0,0,0.0,0.0,0.004465620583537596,0.0,0,0.0,0.0,0.004465620583537596,0.0,0.0
MAR05326,572,1.1177383804841575e-13,1.0050747175679695e-13,9.284347311048071e-16,0.0,0,0.0,0.0,0.004379969091767465,0.0,0,0.0,0.0,0.004379969091767465,0.0,0.0
MAR03219,557,1.1177334740987429e-13,1.0310406677855129e-13,9.277825650128628e-16,0.0,0,0.0,0.0,0.004497603075155535,0.0,0,0.0,0.0,0.004497603075155535,0.0,0.0
MAR02746,556,1.1176990588053663e-13,1.0339853769644308e-13,9.294026060843643e-16,0.0,0,0.0,0.0,0.0045056704064922026,0.0,0,0.0,0.0,0.0045056704064922026,0.0,0.0
MAR01192,584,1.1176447895021028e-13,9.857901228094096e-14,9.283078044285256e-16,0.0,0,0.0,0.0,0.004290201536487618,0.0,0,0.0,0.0,0.004290201536487618,0.0,0.0
MAR01026,566,1.117535588999366e-13,1.0149124187554426e-13,9.30508892536523e-16,0.0,0,0.0,0.0,0.0044262764728495866,0.0,0,0.0,0.0,0.0044262764728495866,0.0,0.0
MAR12163,565,1.1175013716750886e-13,1.0159163241002784e-13,9.307466131462368e-16,0.0,0,0.0,0.0,0.004434089734923025,0.0,0,0.0,0.0,0.004434089734923025,0.0,0.0
MAR12392,540,1.1173942429768094e-13,1.0636746436160587e-13,9.278746678085434e-16,0.0,0,0.0,0.0,0.00463879992662872,0.0,0,0.0,0.0,0.00463879992662872,0.0,0.0
MAR04342,569,1.117387767940488e-13,1.0099635720286476e-13,9.28109803608122e-16,0.0,0,0.0,0.0,0.004403001029543098,0.0,0,0.0,0.0,0.004403001029543098,0.0,0.0
MAR09301,561,1.1173632825090202e-13,1.0255317238322902e-13,9.285124995373427e-16,0.0,0,0.0,0.0,0.004465620583537596,0.0,0,0.0,0.0,0.004465620583537596,0.0,0.0
MAR06756,536,1.1172489136168143e-13,1.0699203106475262e-13,9.311812657291392e-16,0.0,0,0.0,0.0,0.004673320699286043,0.0,0,0.0,0.0,0.004673320699286043,0.0,0.0
MAR04987,576,1.1171310790006019e-13,9.968996044499738e-14,9.276700828833325e-16,0.0,0,0.0,0.0,0.004349632068826215,0.0,0,0.0,0.0,0.004349632068826215,0.0,0.0
MAR07124,582,1.1170903835403636e-13,9.888200434040957e-14,9.282782073676115e-16,0.0,0,0.0,0.0,0.004304906394243486,0.0,0,0.0,0.0,0.004304906394243486,0.0,0.0
MAR01311,574,1.1170623079266802e-13,1.0013222100814866e-13,9.278360379809234e-16,0.0,0,0.0,0.0,0.004364747866934595,0.0,0,0.0,0.0,0.004364747866934595,0.0,0.0
MAR02739,556,1.1169322860689345e-13,1.0339850660186231e-13,9.2791241078442e-16,0.0,0,0.0,0.0,0.0045056704064922026,0.0,0,0.0,0.0,0.0045056704064922026,0.0,0.0
MAR11543,584,1.1169147798420754e-13,9.850630756392827e-14,9.278281191874087e-16,0.0,0,0.0,0.0,0.004290201536487618,0.0,0,0.0,0.0,0.004290201536487618,0.0,0.0
MAR00234,540,1.1168679150243945e-13,1.0638025343355416e-13,9.271431304989793e-16,0.0,0,0.0,0.0,0.00463879992662872,0.0,0,0.0,0.0,0.00463879992662872,0.0,0.0
MAR02636,544,1.1167537482994222e-13,1.0563971281357714e-13,9.28933009118103e-16,0.0,0,0.0,0.0,0.004604785407758596,0.0,0,0.0,0.0,0.004604785407758596,0.0,0.0
MAR00274,569,1.1166385137375775e-13,1.0092681140463704e-13,9.276993333419116e-16,0.0,0,0.0,0.0,0.004403001029543098,0.0,0,0.0,0.0,0.004403001029543098,0.0,0.0
MAR12921,573,1.1162837185536513e-13,1.0027711963269367e-13,9.276031737545566e-16,0.0,0,0.0,0.0,0.0043723452321952965,0.0,0,0.0,0.0,0.0043723452321952965,0.0,0.0
MAR12503,565,1.1162437739126813e-13,1.0165259687544046e-13,9.266453770150513e-16,0.0,0,0.0,0.0,0.004434089734923025,0.0,0,0.0,0.0,0.004434089734923025,0.0,0.0
MAR02042,551,1.1162355573029814e-13,1.0419964228056849e-13,9.292250286912958e-16,0.0,0,0.0,0.0,0.004546445100963565,0.0,0,0.0,0.0,0.004546445100963565,0.0,0.0
MAR13042,544,1.1162312904054809e-13,1.0541581375171746e-13,9.293663873580114e-16,0.0,0,0.0,0.0,0.004604785407758596,0.0,0,0.0,0.0,0.004604785407758596,0.0,0.0
MAR09419,544,1.1162312904054809e-13,1.0561000194476447e-13,9.293072646231894e-16,0.0,0,0.0,0.0,0.004604785407758596,0.0,0,0.0,0.0,0.004604785407758596,0.0,0.0
MAR12946,578,1.1162159239968356e-13,9.957134764152008e-14,9.274042593449643e-16,0.0,0,0.0,0.0,0.004334620605899285,0.0,0,0.0,0.0,0.004334620605899285,0.0,0.0
MAR07762,583,1.1161492922969121e-13,9.871783546959857e-14,9.270079694694065e-16,0.0,0,0.0,0.0,0.004297541386555887,0.0,0,0.0,0.0,0.004297541386555887,0.0,0.0
MAR01128,569,1.1161390109356371e-13,1.0117244285386356e-13,9.270520456238501e-16,0.0,0,0.0,0.0,0.004403001029543098,0.0,0,0.0,0.0,0.004403001029543098,0.0,0.0
MAR09014,555,1.1161282108750547e-13,1.0350296033062065e-13,9.287439971954173e-16,0.0,0,0.0,0.0,0.004513766730450679,0.0,0,0.0,0.0,0.004513766730450679,0.0,0.0
MAR00233,567,1.1160658914778575e-13,1.0133434035954113e-13,9.26611090986676e-16,0.0,0,0.0,0.0,0.00441849069762059,0.0,0,0.0,0.0,0.00441849069762059,0.0,0.0
MAR03298,553,1.116053201231868e-13,1.0386258140562464e-13,9.283542549920096e-16,0.0,0,0.0,0.0,0.00453004698365408,0.0,0,0.0,0.0,0.00453004698365408,0.0,0.0
MAR09429,572,1.1159992898721574e-13,1.0071579644032566e-13,9.269761938486532e-16,0.0,0,0.0,0.0,0.004379969091767465,0.0,0,0.0,0.0,0.004379969091767465,0.0,0.0
MAR07079,564,1.115955239957973e-13,1.0198778267357532e-13,9.26809704691757e-16,0.0,0,0.0,0.0,0.004441930629657058,0.0,0,0.0,0.0,0.004441930629657058,0.0,0.0
MAR12812,563,1.1159180940658625e-13,1.0202026829730662e-13,9.268811499290573e-16,0.0,0,0.0,0.0,0.004449799303901048,0.0,0,0.0,0.0,0.004449799303901048,0.0,0.0
MAR04589,553,1.1157962237505804e-13,1.0385387594509056e-13,9.280635332255723e-16,0.0,0,0.0,0.0,0.00453004698365408,0.0,0,0.0,0.0,0.00453004698365408,0.0,0.0
MAR02713,545,1.1157476573642087e-13,1.0549994463945027e-13,9.289120395498085e-16,0.0,0,0.0,0.0,0.004596359577531593,0.0,0,0.0,0.0,0.004596359577531593,0.0,0.0
MAR03111,551,1.1157197368051519e-13,1.0434529353743387e-13,9.281891345861846e-16,0.0,0,0.0,0.0,0.004546445100963565,0.0,0,0.0,0.0,0.004546445100963565,0.0,0.0
MAR00397,523,1.1154026502084937e-13,1.096502559411155e-13,9.289605627455796e-16,0.0,0,0.0,0.0,0.004789149508756816,0.0,0,0.0,0.0,0.004789149508756816,0.0,0.0
MAR09189,541,1.1153288192374808e-13,1.0625772355574272e-13,9.257411840812984e-16,0.0,0,0.0,0.0,0.004630249273041442,0.0,0,0.0,0.0,0.004630249273041442,0.0,0.0
MAR09411,566,1.1152759124545459e-13,1.0166300592214576e-13,9.264888359994316e-16,0.0,0,0.0,0.0,0.0044262764728495866,0.0,0,0.0,0.0,0.0044262764728495866,0.0,0.0
MAR01374,551,1.1152039163073223e-13,1.0431875930945016e-13,9.264231457548042e-16,0.0,0,0.0,0.0,0.004546445100963565,0.0,0,0.0,0.0,0.004546445100963565,0.0,0.0
MAR04008,589,1.1151539981946292e-13,9.77315451348203e-14,9.2555900457035e-16,0.0,0,0.0,0.0,0.00425387517710073,0.0,0,0.0,0.0,0.00425387517710073,0.0,0.0
MAR03323,569,1.1151400053317566e-13,1.0100252038820782e-13,9.259291769203422e-16,0.0,0,0.0,0.0,0.004403001029543098,0.0,0,0.0,0.0,0.004403001029543098,0.0,0.0
MAR12214,548,1.1150853152439529e-13,1.0477395865358297e-13,9.260552294913048e-16,0.0,0,0.0,0.0,0.004571266087298871,0.0,0,0.0,0.0,0.004571266087298871,0.0,0.0
MAR12165,559,1.1150055238081572e-13,1.0268228267069256e-13,9.277026389882354e-16,0.0,0,0.0,0.0,0.004481554769642852,0.0,0,0.0,0.0,0.004481554769642852,0.0,0.0
MAR01005,578,1.1149866113052091e-13,9.95929387821304e-14,9.258786412961933e-16,0.0,0,0.0,0.0,0.004334620605899285,0.0,0,0.0,0.0,0.004334620605899285,0.0,0.0
MAR08927,562,1.1148693672477871e-13,1.0218804882200354e-13,9.278691512269881e-16,0.0,0,0.0,0.0,0.0044576959055467585,0.0,0,0.0,0.0,0.0044576959055467585,0.0,0.0
MAR05437,548,1.114825993077617e-13,1.0476182653596627e-13,9.27640763703872e-16,0.0,0,0.0,0.0,0.004571266087298871,0.0,0,0.0,0.0,0.004571266087298871,0.0,0.0
MAR11539,579,1.1147789657417531e-13,9.936047644876276e-14,9.261842138674955e-16,0.0,0,0.0,0.0,0.00432715366313485,0.0,0,0.0,0.0,0.00432715366313485,0.0,0.0
MAR01220,558,1.114711668251598e-13,1.0301643303260212e-13,9.256460151554436e-16,0.0,0,0.0,0.0,0.004489564580987142,0.0,0,0.0,0.0,0.004489564580987142,0.0,0.0
MAR07040,575,1.1146253002706267e-13,1.0002695396719734e-13,9.260826957571502e-16,0.0,0,0.0,0.0,0.004357176858116289,0.0,0,0.0,0.0,0.004357176858116289,0.0,0.0
MAR07946,554,1.1145516920135868e-13,1.0373049042311441e-13,9.250771490788688e-16,0.0,0,0.0,0.0,0.004521892203603858,0.0,0,0.0,0.0,0.004521892203603858,0.0,0.0
MAR03674,552,1.114470834458505e-13,1.0406069143665903e-13,9.25051171342504e-16,0.0,0,0.0,0.0,0.004538231229443332,0.0,0,0.0,0.0,0.004538231229443332,0.0,0.0
MAR00699,545,1.1144439092251994e-13,1.0541833430365956e-13,9.280212717231736e-16,0.0,0,0.0,0.0,0.004596359577531593,0.0,0,0.0,0.0,0.004596359577531593,0.0,0.0
MAR03720,564,1.1144434469031642e-13,1.0184236247576863e-13,9.272182482601785e-16,0.0,0,0.0,0.0,0.004441930629657058,0.0,0,0.0,0.0,0.004441930629657058,0.0,0.0
MAR02470,556,1.1143763769474953e-13,1.0340654143109006e-13,9.270598278034848e-16,0.0,0,0.0,0.0,0.0045056704064922026,0.0,0,0.0,0.0,0.0045056704064922026,0.0,0.0
MAR11507,568,1.1143511778434811e-13,1.0121730475216772e-13,9.253200374737556e-16,0.0,0,0.0,0.0,0.004410732264444036,0.0,0,0.0,0.0,0.004410732264444036,0.0,0.0
MAR04249,563,1.1141512027158373e-13,1.0207359720450588e-13,9.25149765206705e-16,0.0,0,0.0,0.0,0.004449799303901048,0.0,0,0.0,0.0,0.004449799303901048,0.0,0.0
MAR12271,567,1.1140608326115151e-13,1.012913076562994e-13,9.253446691548088e-16,0.0,0,0.0,0.0,0.00441849069762059,0.0,0,0.0,0.0,0.00441849069762059,0.0,0.0
MAR00219,565,1.1139800979403482e-13,1.0181743233850724e-13,9.248323206989277e-16,0.0,0,0.0,0.0,0.004434089734923025,0.0,0,0.0,0.0,0.004434089734923025,0.0,0.0
MAR02169,571,1.1139717286382516e-13,1.00750546373746e-13,9.254754327461566e-16,0.0,0,0.0,0.0,0.00438761958448344,0.0,0,0.0,0.0,0.00438761958448344,0.0,0.0
MAR12602,588,1.1139086629654088e-13,9.782003127337664e-14,9.253967032645573e-16,0.0,0,0.0,0.0,0.004261091151880009,0.0,0,0.0,0.0,0.004261091151880009,0.0,0.0
MAR00667,557,1.1139064934752594e-13,1.0320153549929503e-13,9.249241033956057e-16,0.0,0,0.0,0.0,0.004497603075155535,0.0,0,0.0,0.0,0.004497603075155535,0.0,0.0
MAR00245,550,1.113872630495197e-13,1.0437305862974165e-13,9.270428588076076e-16,0.0,0,0.0,0.0,0.0045546887593671224,0.0,0,0.0,0.0,0.0045546887593671224,0.0,0.0
MAR02015,561,1.1138169016531767e-13,1.0239981929481736e-13,9.276064712505752e-16,0.0,0,0.0,0.0,0.004465620583537596,0.0,0,0.0,0.0,0.004465620583537596,0.0,0.0
MAR03113,585,1.1137909208410459e-13,9.848516282216707e-14,9.256906327155761e-16,0.0,0,0.0,0.0,0.004282886715357432,0.0,0,0.0,0.0,0.004282886715357432,0.0,0.0
MAR00296,541,1.1137527540195285e-13,1.061165557284752e-13,9.267096419629406e-16,0.0,0,0.0,0.0,0.004630249273041442,0.0,0,0.0,0.0,0.004630249273041442,0.0,0.0
MAR02406,551,1.113656454813834e-13,1.0429444415165422e-13,9.246370416566147e-16,0.0,0,0.0,0.0,0.004546445100963565,0.0,0,0.0,0.0,0.004546445100963565,0.0,0.0
MAR03171,557,1.1136513614336939e-13,1.0328551622350273e-13,9.246807857784743e-16,0.0,0,0.0,0.0,0.004497603075155535,0.0,0,0.0,0.0,0.004497603075155535,0.0,0.0
MAR00220,559,1.1134802084541105e-13,1.0281228954086218e-13,9.249724713036249e-16,0.0,0,0.0,0.0,0.004481554769642852,0.0,0,0.0,0.0,0.004481554769642852,0.0,0.0
MAR01266,559,1.1134802084541105e-13,1.0284001878998146e-13,9.244883093049195e-16,0.0,0,0.0,0.0,0.004481554769642852,0.0,0,0.0,0.0,0.004481554769642852,0.0,0.0
MAR09713,543,1.1133144743732841e-13,1.0588166602027424e-13,9.267784635694784e-16,0.0,0,0.0,0.0,0.004613242186326175,0.0,0,0.0,0.0,0.004613242186326175,0.0,0.0
MAR02648,548,1.1132700600796023e-13,1.0491927752662025e-13,9.257206123351053e-16,0.0,0,0.0,0.0,0.004571266087298871,0.0,0,0.0,0.0,0.004571266087298871,0.0,0.0
MAR01286,581,1.1131428538534306e-13,9.902834295014281e-14,9.247453680840069e-16,0.0,0,0.0,0.0,0.004312296689115291,0.0,0,0.0,0.0,0.004312296689115291,0.0,0.0
MAR00429,568,1.1131002223227766e-13,1.011397899529213e-13,9.259286590441766e-16,0.0,0,0.0,0.0,0.004410732264444036,0.0,0,0.0,0.0,0.004410732264444036,0.0,0.0
MAR08069,566,1.1130162359097258e-13,1.0147075161062775e-13,9.242448585070947e-16,0.0,0,0.0,0.0,0.0044262764728495866,0.0,0,0.0,0.0,0.0044262764728495866,0.0,0.0
MAR02657,589,1.112982560292476e-13,9.781273843287738e-14,9.238238631585028e-16,0.0,0,0.0,0.0,0.00425387517710073,0.0,0,0.0,0.0,0.00425387517710073,0.0,0.0
MAR02103,535,1.1129622664803064e-13,1.0721496218856127e-13,9.2685270973477e-16,0.0,0,0.0,0.0,0.004682031321548599,0.0,0,0.0,0.0,0.004682031321548599,0.0,0.0
MAR10434,563,1.1128891374658195e-13,1.0226018660739105e-13,9.247062853668127e-16,0.0,0,0.0,0.0,0.004449799303901048,0.0,0,0.0,0.0,0.004449799303901048,0.0,0.0
MAR01682,527,1.1128690210557622e-13,1.0896453060586432e-13,9.276612449465929e-16,0.0,0,0.0,0.0,0.004752902966888136,0.0,0,0.0,0.0,0.004752902966888136,0.0,0.0
MAR10013,568,1.1128500312186358e-13,1.012682845853673e-13,9.249922173303086e-16,0.0,0,0.0,0.0,0.004410732264444036,0.0,0,0.0,0.0,0.004410732264444036,0.0,0.0
MAR01087,550,1.1128391137886369e-13,1.0445797602325316e-13,9.26825061967703e-16,0.0,0,0.0,0.0,0.0045546887593671224,0.0,0,0.0,0.0,0.0045546887593671224,0.0,0.0
MAR08453,567,1.1128076708200511e-13,1.0145969927290574e-13,9.238294837361038e-16,0.0,0,0.0,0.0,0.00441849069762059,0.0,0,0.0,0.0,0.00441849069762059,0.0,0.0
MAR13048,551,1.112624813818175e-13,1.0423482185197991e-13,9.25260611192605e-16,0.0,0,0.0,0.0,0.004546445100963565,0.0,0,0.0,0.0,0.004546445100963565,0.0,0.0
MAR02336,568,1.1125998401144949e-13,1.0128133866238073e-13,9.236870204136143e-16,0.0,0,0.0,0.0,0.004410732264444036,0.0,0,0.0,0.0,0.004410732264444036,0.0,0.0
MAR04726,567,1.1125570384617582e-13,1.0135124711355263e-13,9.233284804713004e-16,0.0,0,0.0,0.0,0.00441849069762059,0.0,0,0.0,0.0,0.00441849069762059,0.0,0.0
MAR01137,586,1.1123752658469555e-13,9.824575324935429e-14,9.23702459083532e-16,0.0,0,0.0,0.0,0.004275596795360198,0.0,0,0.0,0.0,0.004275596795360198,0.0,0.0
MAR01230,555,1.1122874393304055e-13,1.0356107837261217e-13,9.240781625196556e-16,0.0,0,0.0,0.0,0.004513766730450679,0.0,0,0.0,0.0,0.004513766730450679,0.0,0.0
MAR06206,548,1.112232771414259e-13,1.0480892434175372e-13,9.24224448439488e-16,0.0,0,0.0,0.0,0.004571266087298871,0.0,0,0.0,0.0,0.004571266087298871,0.0,0.0
MAR00337,565,1.112219461072978e-13,1.0169961486280631e-13,9.239290463620322e-16,0.0,0,0.0,0.0,0.004434089734923025,0.0,0,0.0,0.0,0.004434089734923025,0.0,0.0
MAR05081,570,1.1121863663950199e-13,1.008600788201218e-13,9.23314850703795e-16,0.0,0,0.0,0.0,0.004395296850147243,0.0,0,0.0,0.0,0.004395296850147243,0.0,0.0
MAR07066,569,1.1121429885201146e-13,1.0100568189812201e-13,9.24327824410676e-16,0.0,0,0.0,0.0,0.004403001029543098,0.0,0,0.0,0.0,0.004403001029543098,0.0,0.0
MAR11923,563,1.1121318983158087e-13,1.021344865534264e-13,9.236487752044725e-16,0.0,0,0.0,0.0,0.004449799303901048,0.0,0,0.0,0.0,0.004449799303901048,0.0,0.0
MAR11900,562,1.1120878832287974e-13,1.0213104699833714e-13,9.254179404795209e-16,0.0,0,0.0,0.0,0.0044576959055467585,0.0,0,0.0,0.0,0.0044576959055467585,0.0,0.0
MAR07118,532,1.1120260935974801e-13,1.0796712679181655e-13,9.263863693553097e-16,0.0,0,0.0,0.0,0.004708359112657833,0.0,0,0.0,0.0,0.004708359112657833,0.0,0.0
MAR09638,566,1.1120119352231391e-13,1.0163903436187446e-13,9.231050319773686e-16,0.0,0,0.0,0.0,0.0044262764728495866,0.0,0,0.0,0.0,0.0044262764728495866,0.0,0.0
MAR11351,578,1.1117903983069803e-13,9.952805157486793e-14,9.239227213461865e-16,0.0,0,0.0,0.0,0.004334620605899285,0.0,0,0.0,0.0,0.004334620605899285,0.0,0.0
MAR00683,529,1.1116165748866898e-13,1.0845051924840937e-13,9.257732740732729e-16,0.0,0,0.0,0.0,0.004734984668033456,0.0,0,0.0,0.0,0.004734984668033456,0.0,0.0
MAR09380,568,1.1115990756979313e-13,1.0135895548265617e-13,9.232971500667843e-16,0.0,0,0.0,0.0,0.004410732264444036,0.0,0,0.0,0.0,0.004410732264444036,0.0,0.0
MAR11451,566,1.1115097848798457e-13,1.0158449053111682e-13,9.229077689274015e-16,0.0,0,0.0,0.0,0.0044262764728495866,0.0,0,0.0,0.0,0.0044262764728495866,0.0,0.0
MAR10179,548,1.1114548049152516e-13,1.0491503489828236e-13,9.24870976673678e-16,0.0,0,0.0,0.0,0.004571266087298871,0.0,0,0.0,0.0,0.004571266087298871,0.0,0.0
MAR02554,535,1.1113685257645828e-13,1.0729910305469198e-13,9.253783772720314e-16,0.0,0,0.0,0.0,0.004682031321548599,0.0,0,0.0,0.0,0.004682031321548599,0.0,0.0
MAR03360,577,1.1112543583187424e-13,9.953026303793794e-14,9.249927451428542e-16,0.0,0,0.0,0.0,0.004342113363096878,0.0,0,0.0,0.0,0.004342113363096878,0.0,0.0
MAR03062,562,1.1110764344946193e-13,1.0230904684816058e-13,9.24549929412533e-16,0.0,0,0.0,0.0,0.0044576959055467585,0.0,0,0.0,0.0,0.0044576959055467585,0.0,0.0
MAR02079,566,1.1110076345365524e-13,1.016549717360673e-13,9.228051493660652e-16,0.0,0,0.0,0.0,0.0044262764728495866,0.0,0,0.0,0.0,0.0044262764728495866,0.0,0.0
MAR00453,559,1.110938016197366e-13,1.0282810232953924e-13,9.217859960407813e-16,0.0,0,0.0,0.0,0.004481554769642852,0.0,0,0.0,0.0,0.004481554769642852,0.0,0.0
MAR03628,574,1.1108729112737176e-13,1.0006967666463492e-13,9.237358214341707e-16,0.0,0,0.0,0.0,0.004364747866934595,0.0,0,0.0,0.0,0.004364747866934595,0.0,0.0
MAR03176,545,1.1107934144359732e-13,1.0532414016707684e-13,9.240115007239143e-16,0.0,0,0.0,0.0,0.004596359577531593,0.0,0,0.0,0.0,0.004596359577531593,0.0,0.0
MAR11905,550,1.1107720803755166e-13,1.0439151133674653e-13,9.220436782460037e-16,0.0,0,0.0,0.0,0.0045546887593671224,0.0,0,0.0,0.0,0.0045546887593671224,0.0,0.0
MAR05453,574,1.1106253354075991e-13,1.00160024329655e-13,9.225510244569645e-16,0.0,0,0.0,0.0,0.004364747866934595,0.0,0,0.0,0.0,0.004364747866934595,0.0,0.0
MAR06211,595,1.1105962088351145e-13,9.67251793073169e-14,9.223565161394426e-16,0.0,0,0.0,0.0,0.004211087402744312,0.0,0,0.0,0.0,0.004211087402744312,0.0,0.0
MAR12974,552,1.110351746135258e-13,1.0410935301536833e-13,9.227034860132734e-16,0.0,0,0.0,0.0,0.004538231229443332,0.0,0,0.0,0.0,0.004538231229443332,0.0,0.0
MAR03806,583,1.1102991977314773e-13,9.872274308482999e-14,9.21799632378338e-16,0.0,0,0.0,0.0,0.004297541386555887,0.0,0,0.0,0.0,0.004297541386555887,0.0,0.0
MAR06717,577,1.1102692037457648e-13,9.970044915961522e-14,9.22942045428221e-16,0.0,0,0.0,0.0,0.004342113363096878,0.0,0,0.0,0.0,0.004342113363096878,0.0,0.0
MAR12943,579,1.1101156455416004e-13,9.934427315397978e-14,9.218770455323873e-16,0.0,0,0.0,0.0,0.00432715366313485,0.0,0,0.0,0.0,0.00432715366313485,0.0,0.0
MAR06096,546,1.1100603545849184e-13,1.0513583197355755e-13,9.240327572216657e-16,0.0,0,0.0,0.0,0.004587964526068459,0.0,0,0.0,0.0,0.004587964526068459,0.0,0.0
MAR09100,567,1.1100507148788303e-13,1.0153881827724077e-13,9.220922988659311e-16,0.0,0,0.0,0.0,0.00441849069762059,0.0,0,0.0,0.0,0.00441849069762059,0.0,0.0
MAR02640,559,1.1099211392946681e-13,1.0285246757508769e-13,9.236816288081642e-16,0.0,0,0.0,0.0,0.004481554769642852,0.0,0,0.0,0.0,0.004481554769642852,0.0,0.0
MAR03699,566,1.1097522586783191e-13,1.0161642112378715e-13,9.218168236913934e-16,0.0,0,0.0,0.0,0.0044262764728495866,0.0,0,0.0,0.0,0.0044262764728495866,0.0,0.0
MAR02468,565,1.1097042655481636e-13,1.0191420230734992e-13,9.212375286674877e-16,0.0,0,0.0,0.0,0.004434089734923025,0.0,0,0.0,0.0,0.004434089734923025,0.0,0.0
MAR02658,565,1.1097042655481636e-13,1.0175734078667561e-13,9.23009034292028e-16,0.0,0,0.0,0.0,0.004434089734923025,0.0,0,0.0,0.0,0.004434089734923025,0.0,0.0
MAR12634,559,1.1096669200689937e-13,1.0270282216897756e-13,9.235222355051915e-16,0.0,0,0.0,0.0,0.004481554769642852,0.0,0,0.0,0.0,0.004481554769642852,0.0,0.0
MAR02621,563,1.1096077678157728e-13,1.0212029473724923e-13,9.229122852937637e-16,0.0,0,0.0,0.0,0.004449799303901048,0.0,0,0.0,0.0,0.004449799303901048,0.0,0.0
MAR00418,563,1.1096077678157728e-13,1.0205225275367669e-13,9.239365742926876e-16,0.0,0,0.0,0.0,0.004449799303901048,0.0,0,0.0,0.0,0.004449799303901048,0.0,0.0
MAR02053,556,1.1095201496167607e-13,1.0332713560578404e-13,9.23409380969302e-16,0.0,0,0.0,0.0,0.0045056704064922026,0.0,0,0.0,0.0,0.0045056704064922026,0.0,0.0
MAR00166,550,1.1094801844923165e-13,1.0451885539592451e-13,9.211674394397035e-16,0.0,0,0.0,0.0,0.0045546887593671224,0.0,0,0.0,0.0,0.0045546887593671224,0.0,0.0
MAR00173,547,1.1093299750258237e-13,1.0503820150257484e-13,9.239161386225774e-16,0.0,0,0.0,0.0,0.004579600085029117,0.0,0,0.0,0.0,0.004579600085029117,0.0,0.0
MAR12651,559,1.109158481617645e-13,1.027502333242388e-13,9.211744700330396e-16,0.0,0,0.0,0.0,0.004481554769642852,0.0,0,0.0,0.0,0.004481554769642852,0.0,0.0
MAR04819,569,1.1091459717084727e-13,1.0100004465596645e-13,9.20723201910733e-16,0.0,0,0.0,0.0,0.004403001029543098,0.0,0,0.0,0.0,0.004403001029543098,0.0,0.0
MAR11259,558,1.1091088223065364e-13,1.0299428652941797e-13,9.206860177908306e-16,0.0,0,0.0,0.0,0.004489564580987142,0.0,0,0.0,0.0,0.004489564580987142,0.0,0.0
MAR00697,551,1.1090140703333688e-13,1.0427432665925289e-13,9.23195717347852e-16,0.0,0,0.0,0.0,0.004546445100963565,0.0,0,0.0,0.0,0.004546445100963565,0.0,0.0
MAR00977,556,1.1090089677924729e-13,1.0331654263764752e-13,9.215268876859893e-16,0.0,0,0.0,0.0,0.0045056704064922026,0.0,0,0.0,0.0,0.0045056704064922026,0.0,0.0
MAR05006,568,1.1088469735523817e-13,1.0104428079139701e-13,9.22932237572481e-16,0.0,0,0.0,0.0,0.004410732264444036,0.0,0,0.0,0.0,0.004410732264444036,0.0,0.0
MAR12497,556,1.108753376880329e-13,1.032550639682562e-13,9.234191901107485e-16,0.0,0,0.0,0.0,0.0045056704064922026,0.0,0,0.0,0.0,0.0045056704064922026,0.0,0.0
MAR01452,574,1.1086447284786511e-13,1.001390165602323e-13,9.20195206859853e-16,0.0,0,0.0,0.0,0.004364747866934595,0.0,0,0.0,0.0,0.004364747866934595,0.0,0.0
MAR00374,567,1.1085469207290734e-13,1.0134636706268668e-13,9.207792151255721e-16,0.0,0,0.0,0.0,0.00441849069762059,0.0,0,0.0,0.0,0.00441849069762059,0.0,0.0
MAR02324,567,1.1085469207290734e-13,1.0145703455750504e-13,9.19893698580872e-16,0.0,0,0.0,0.0,0.00441849069762059,0.0,0,0.0,0.0,0.00441849069762059,0.0,0.0
MAR00833,546,1.1084987221986325e-13,1.0523588841829154e-13,9.22884744306839e-16,0.0,0,0.0,0.0,0.004587964526068459,0.0,0,0.0,0.0,0.004587964526068459,0.0,0.0
MAR10223,591,1.1084947586646571e-13,9.75562639870204e-14,9.218056035542594e-16,0.0,0,0.0,0.0,0.00423951629958479,0.0,0,0.0,0.0,0.00423951629958479,0.0,0.0
MAR11272,555,1.1084466677857563e-13,1.0355135341204611e-13,9.20901137287121e-16,0.0,0,0.0,0.0,0.004513766730450679,0.0,0,0.0,0.0,0.004513766730450679,0.0,0.0
MAR00003,549,1.1083948978232237e-13,1.0465192355615927e-13,9.201988408059167e-16,0.0,0,0.0,0.0,0.004562962366977274,0.0,0,0.0,0.0,0.004562962366977274,0.0,0.0
MAR03178,568,1.1083465913440999e-13,1.0127100083806797e-13,9.20254596073415e-16,0.0,0,0.0,0.0,0.004410732264444036,0.0,0,0.0,0.0,0.004410732264444036,0.0,0.0
MAR05073,558,1.1083447978594824e-13,1.0294002969249755e-13,9.203673714910245e-16,0.0,0,0.0,0.0,0.004489564580987142,0.0,0,0.0,0.0,0.004489564580987142,0.0,0.0
MAR04315,556,1.1082421950560412e-13,1.0324214985555828e-13,9.223873682214195e-16,0.0,0,0.0,0.0,0.0045056704064922026,0.0,0,0.0,0.0,0.0045056704064922026,0.0,0.0
MAR06152,574,1.1081495767464141e-13,1.0016115269845281e-13,9.202778699320436e-16,0.0,0,0.0,0.0,0.004364747866934595,0.0,0,0.0,0.0,0.004364747866934595,0.0,0.0
MAR06178,569,1.1081469661045921e-13,1.0095087453459601e-13,9.205300231301413e-16,0.0,0,0.0,0.0,0.004403001029543098,0.0,0,0.0,0.0,0.004403001029543098,0.0,0.0
MAR12305,573,1.1080994566757863e-13,1.003935813923304e-13,9.20547213697723e-16,0.0,0,0.0,0.0,0.0043723452321952965,0.0,0,0.0,0.0,0.0043723452321952965,0.0,0.0
MAR02112,568,1.1080964002399591e-13,1.0114036222253093e-13,9.217609727450538e-16,0.0,0,0.0,0.0,0.004410732264444036,0.0,0,0.0,0.0,0.004410732264444036,0.0,0.0
MAR07190,548,1.1080836167528862e-13,1.0487687811240534e-13,9.20600572870578e-16,0.0,0,0.0,0.0,0.004571266087298871,0.0,0,0.0,0.0,0.004571266087298871,0.0,0.0
MAR00187,577,1.1080526059565653e-13,9.977996866869339e-14,9.203075145920759e-16,0.0,0,0.0,0.0,0.004342113363096878,0.0,0,0.0,0.0,0.004342113363096878,0.0,0.0
MAR00369,547,1.1080309937904304e-13,1.0494065802554367e-13,9.225001404841003e-16,0.0,0,0.0,0.0,0.004579600085029117,0.0,0,0.0,0.0,0.004579600085029117,0.0,0.0
MAR12246,561,1.1079907045328621e-13,1.0250148586966237e-13,9.199538513694389e-16,0.0,0,0.0,0.0,0.004465620583537596,0.0,0,0.0,0.0,0.004465620583537596,0.0,0.0
MAR02689,554,1.1078823378151165e-13,1.037199747142882e-13,9.217153437694192e-16,0.0,0,0.0,0.0,0.004521892203603858,0.0,0,0.0,0.0,0.004521892203603858,0.0,0.0
MAR12148,547,1.1077711975433518e-13,1.048891901361563e-13,9.218353057838482e-16,0.0,0,0.0,0.0,0.004579600085029117,0.0,0,0.0,0.0,0.004579600085029117,0.0,0.0
MAR07127,542,1.1077649662680529e-13,1.0603376583302099e-13,9.200037038677918e-16,0.0,0,0.0,0.0,0.00462173008405905,0.0,0,0.0,0.0,0.00462173008405905,0.0,0.0
MAR01401,549,1.1076183483852345e-13,1.0465146103409257e-13,9.218387092927184e-16,0.0,0,0.0,0.0,0.004562962366977274,0.0,0,0.0,0.0,0.004562962366977274,0.0,0.0
MAR12031,544,1.1076107351554503e-13,1.0546666447656524e-13,9.223161780372867e-16,0.0,0,0.0,0.0,0.004604785407758596,0.0,0,0.0,0.0,0.004604785407758596,0.0,0.0
MAR03692,546,1.1074576339411085e-13,1.0513173952571328e-13,9.216866353571069e-16,0.0,0,0.0,0.0,0.004587964526068459,0.0,0,0.0,0.0,0.004587964526068459,0.0,0.0
MAR07856,565,1.1074405895758305e-13,1.0172291110658495e-13,9.196429781981028e-16,0.0,0,0.0,0.0,0.004434089734923025,0.0,0,0.0,0.0,0.004434089734923025,0.0,0.0
MAR09959,565,1.1074405895758305e-13,1.0181107223547596e-13,9.19849938538007e-16,0.0,0,0.0,0.0,0.004434089734923025,0.0,0,0.0,0.0,0.004434089734923025,0.0,0.0
MAR12763,555,1.1074224620405165e-13,1.0348425126308231e-13,9.204065057283002e-16,0.0,0,0.0,0.0,0.004513766730450679,0.0,0,0.0,0.0,0.004513766730450679,0.0,0.0
MAR11801,568,1.1073458269275365e-13,1.0112925068114087e-13,9.194467822631052e-16,0.0,0,0.0,0.0,0.004410732264444036,0.0,0,0.0,0.0,0.004410732264444036,0.0,0.0
MAR00203,572,1.1073038368121561e-13,1.0057637907304128e-13,9.199725252450176e-16,0.0,0,0.0,0.0,0.004379969091767465,0.0,0,0.0,0.0,0.004379969091767465,0.0,0.0
MAR08977,562,1.1072835017414515e-13,1.0226685675070877e-13,9.21868969384073e-16,0.0,0,0.0,0.0,0.0044576959055467585,0.0,0,0.0,0.0,0.0044576959055467585,0.0,0.0
MAR01215,552,1.1072624298928228e-13,1.0407808277285682e-13,9.207849867507305e-16,0.0,0,0.0,0.0,0.004538231229443332,0.0,0,0.0,0.0,0.004538231229443332,0.0,0.0
MAR12129,571,1.1072520600338654e-13,1.006965487620505e-13,9.196784169731575e-16,0.0,0,0.0,0.0,0.00438761958448344,0.0,0,0.0,0.0,0.00438761958448344,0.0,0.0
MAR12800,580,1.1072215941034112e-13,9.911729853195883e-14,9.199839767990567e-16,0.0,0,0.0,0.0,0.004319712401627411,0.0,0,0.0,0.0,0.004319712401627411,0.0,0.0
MAR09443,554,1.1071127969460622e-13,1.0382689298859021e-13,9.189298567132733e-16,0.0,0,0.0,0.0,0.004521892203603858,0.0,0,0.0,0.0,0.004521892203603858,0.0,0.0
MAR03067,568,1.1070956358233956e-13,1.0138072052646675e-13,9.19501332665637e-16,0.0,0,0.0,0.0,0.004410732264444036,0.0,0,0.0,0.0,0.004410732264444036,0.0,0.0
MAR10438,563,1.1070836373157369e-13,1.0237726102904794e-13,9.200113278996435e-16,0.0,0,0.0,0.0,0.004449799303901048,0.0,0,0.0,0.0,0.004449799303901048,0.0,0.0
MAR00932,582,1.1070793003217506e-13,9.891913229741476e-14,9.198288058576662e-16,0.0,0,0.0,0.0,0.004304906394243486,0.0,0,0.0,0.0,0.004304906394243486,0.0,0.0
MAR12439,553,1.1070589893868034e-13,1.0376086695675227e-13,9.210985399725948e-16,0.0,0,0.0,0.0,0.00453004698365408,0.0,0,0.0,0.0,0.00453004698365408,0.0,0.0
MAR11479,555,1.1069103591678966e-13,1.0342998086163934e-13,9.210498225909165e-16,0.0,0,0.0,0.0,0.004513766730450679,0.0,0,0.0,0.0,0.004513766730450679,0.0,0.0
MAR09853,564,1.1068844816291207e-13,1.0199250665111918e-13,9.193334180397774e-16,0.0,0,0.0,0.0,0.004441930629657058,0.0,0,0.0,0.0,0.004441930629657058,0.0,0.0
MAR03202,562,1.106524915190818e-13,1.0228885668405188e-13,9.186745121494347e-16,0.0,0,0.0,0.0,0.0044576959055467585,0.0,0,0.0,0.0,0.0044576959055467585,0.0,0.0
MAR12724,576,1.1065222812097393e-13,9.986780805526995e-14,9.18921548089018e-16,0.0,0,0.0,0.0,0.004349632068826215,0.0,0,0.0,0.0,0.004349632068826215,0.0,0.0
MAR04092,552,1.106490100832214e-13,1.0418570679997515e-13,9.18621995798238e-16,0.0,0,0.0,0.0,0.004538231229443332,0.0,0,0.0,0.0,0.004538231229443332,0.0,0.0
MAR00085,570,1.1064521618608156e-13,1.0085241125168229e-13,9.18952972272652e-16,0.0,0,0.0,0.0,0.004395296850147243,0.0,0,0.0,0.0,0.004395296850147243,0.0,0.0
MAR08472,564,1.1063805506108511e-13,1.020027362547007e-13,9.184498510234624e-16,0.0,0,0.0,0.0,0.004441930629657058,0.0,0,0.0,0.0,0.004441930629657058,0.0,0.0
MAR04193,564,1.1063805506108511e-13,1.0182442585270587e-13,9.210161795859652e-16,0.0,0,0.0,0.0,0.004441930629657058,0.0,0,0.0,0.0,0.004441930629657058,0.0,0.0
MAR11489,545,1.1063606707633414e-13,1.0535126737412769e-13,9.19487481652597e-16,0.0,0,0.0,0.0,0.004596359577531593,0.0,0,0.0,0.0,0.004596359577531593,0.0,0.0
MAR11354,558,1.1063073993340055e-13,1.0288477440030917e-13,9.206797826310567e-16,0.0,0,0.0,0.0,0.004489564580987142,0.0,0,0.0,0.0,0.004489564580987142,0.0,0.0
MAR05431,560,1.1061627804208131e-13,1.0250043818003978e-13,9.20409323689683e-16,0.0,0,0.0,0.0,0.0044735734878779895,0.0,0,0.0,0.0,0.0044735734878779895,0.0,0.0
MAR11480,559,1.1061078509095513e-13,1.0269243366525789e-13,9.211754536870447e-16,0.0,0,0.0,0.0,0.004481554769642852,0.0,0,0.0,0.0,0.004481554769642852,0.0,0.0
MAR01531,577,1.10608229681061e-13,9.95720512503333e-14,9.175989917500697e-16,0.0,0,0.0,0.0,0.004342113363096878,0.0,0,0.0,0.0,0.004342113363096878,0.0,0.0
MAR12005,572,1.106061629232156e-13,1.0051731581893617e-13,9.181955582089057e-16,0.0,0,0.0,0.0,0.004379969091767465,0.0,0,0.0,0.0,0.004379969091767465,0.0,0.0
MAR06999,501,1.1059505495922677e-13,1.1443846894930255e-13,9.215539779327496e-16,0.0,0,0.0,0.0,0.004998820229986045,0.0,0,0.0,0.0,0.004998820229986045,0.0,0.0
MAR02957,559,1.1058536316838768e-13,1.0301400128484132e-13,9.184062339887174e-16,0.0,0,0.0,0.0,0.004481554769642852,0.0,0,0.0,0.0,0.004481554769642852,0.0,0.0
MAR01113,561,1.1057108882683911e-13,1.0246653356891724e-13,9.180273056778786e-16,0.0,0,0.0,0.0,0.004465620583537596,0.0,0,0.0,0.0,0.004465620583537596,0.0,0.0
MAR12384,582,1.105614263753173e-13,9.883549923589462e-14,9.182851610634895e-16,0.0,0,0.0,0.0,0.004304906394243486,0.0,0,0.0,0.0,0.004304906394243486,0.0,0.0
MAR08972,550,1.1056044968427159e-13,1.0441067844618666e-13,9.19824144650572e-16,0.0,0,0.0,0.0,0.0045546887593671224,0.0,0,0.0,0.0,0.0045546887593671224,0.0,0.0
MAR00144,572,1.1055647462001559e-13,1.0048666264669347e-13,9.179739193126364e-16,0.0,0,0.0,0.0,0.004379969091767465,0.0,0,0.0,0.0,0.004379969091767465,0.0,0.0
MAR04954,576,1.1055354162989615e-13,9.969469479083895e-14,9.18036881398288e-16,0.0,0,0.0,0.0,0.004349632068826215,0.0,0,0.0,0.0,0.004349632068826215,0.0,0.0
MAR08709,565,1.1054284331559789e-13,1.0172002209181435e-13,9.177701033113136e-16,0.0,0,0.0,0.0,0.004434089734923025,0.0,0,0.0,0.0,0.004434089734923025,0.0,0.0
MAR03170,569,1.1053997006939204e-13,1.0104649214466258e-13,9.198422813882977e-16,0.0,0,0.0,0.0,0.004403001029543098,0.0,0,0.0,0.0,0.004403001029543098,0.0,0.0
MAR01691,545,1.1053176722521338e-13,1.0558553249439399e-13,9.184278323586066e-16,0.0,0,0.0,0.0,0.004596359577531593,0.0,0,0.0,0.0,0.004596359577531593,0.0,0.0
MAR12656,589,1.1052618921959317e-13,9.76588580324701e-14,9.177368771500678e-16,0.0,0,0.0,0.0,0.00425387517710073,0.0,0,0.0,0.0,0.00425387517710073,0.0,0.0
MAR02943,546,1.1051151853616796e-13,1.0514641506675228e-13,9.192981154303054e-16,0.0,0,0.0,0.0,0.004587964526068459,0.0,0,0.0,0.0,0.004587964526068459,0.0,0.0
MAR04945,558,1.1050340252555823e-13,1.0286699127753698e-13,9.180177076933278e-16,0.0,0,0.0,0.0,0.004489564580987142,0.0,0,0.0,0.0,0.004489564580987142,0.0,0.0
MAR00193,571,1.10501217049907e-13,1.0065010536168353e-13,9.178071647683137e-16,0.0,0,0.0,0.0,0.00438761958448344,0.0,0,0.0,0.0,0.00438761958448344,0.0,0.0
MAR13026,557,1.1049768720204647e-13,1.0311089096812511e-13,9.17876911459558e-16,0.0,0,0.0,0.0,0.004497603075155535,0.0,0,0.0,0.0,0.004497603075155535,0.0,0.0
MAR01721,569,1.10490019789198e-13,1.0102886388989911e-13,9.177762737741312e-16,0.0,0,0.0,0.0,0.004403001029543098,0.0,0,0.0,0.0,0.004403001029543098,0.0,0.0
MAR04661,560,1.1048939541069558e-13,1.0256716500306183e-13,9.17135830599188e-16,0.0,0,0.0,0.0,0.0044735734878779895,0.0,0,0.0,0.0,0.0044735734878779895,0.0,0.0
MAR07110,555,1.104861947677417e-13,1.0353388398149129e-13,9.180792000374017e-16,0.0,0,0.0,0.0,0.004513766730450679,0.0,0,0.0,0.0,0.004513766730450679,0.0,0.0
MAR02232,558,1.1047793504398977e-13,1.0295689405490931e-13,9.174219772453151e-16,0.0,0,0.0,0.0,0.004489564580987142,0.0,0,0.0,0.0,0.004489564580987142,0.0,0.0
MAR08506,565,1.1046738744985345e-13,1.0164524283616059e-13,9.194361317965993e-16,0.0,0,0.0,0.0,0.004434089734923025,0.0,0,0.0,0.0,0.004434089734923025,0.0,0.0
MAR08993,586,1.1046150721458212e-13,9.828680403593992e-14,9.177233720983405e-16,0.0,0,0.0,0.0,0.004275596795360198,0.0,0,0.0,0.0,0.004275596795360198,0.0,0.0
MAR12406,546,1.1045946412329176e-13,1.0519665421992161e-13,9.172856014660984e-16,0.0,0,0.0,0.0,0.004587964526068459,0.0,0,0.0,0.0,0.004587964526068459,0.0,0.0
MAR12740,549,1.1045121506332777e-13,1.0455439745706055e-13,9.172161621135509e-16,0.0,0,0.0,0.0,0.004562962366977274,0.0,0,0.0,0.0,0.004562962366977274,0.0,0.0
MAR01345,566,1.1044796800737388e-13,1.0155375950244878e-13,9.163990388431428e-16,0.0,0,0.0,0.0,0.0044262764728495866,0.0,0,0.0,0.0,0.0044262764728495866,0.0,0.0
MAR12088,570,1.104457655935875e-13,1.0069924896455237e-13,9.193346950996353e-16,0.0,0,0.0,0.0,0.004395296850147243,0.0,0,0.0,0.0,0.004395296850147243,0.0,0.0
MAR10110,560,1.1043864235814128e-13,1.0267165058305845e-13,9.19212213863946e-16,0.0,0,0.0,0.0,0.0044735734878779895,0.0,0,0.0,0.0,0.0044735734878779895,0.0,0.0
MAR07867,563,1.1043070937656974e-13,1.0208241914801949e-13,9.164785461840663e-16,0.0,0,0.0,0.0,0.004449799303901048,0.0,0,0.0,0.0,0.004449799303901048,0.0,0.0
MAR11570,571,1.1042655406541381e-13,1.0070242934426217e-13,9.169551734888706e-16,0.0,0,0.0,0.0,0.00438761958448344,0.0,0,0.0,0.0,0.00438761958448344,0.0,0.0
MAR01211,553,1.1042322370926404e-13,1.0383894945661076e-13,9.186351110468018e-16,0.0,0,0.0,0.0,0.00453004698365408,0.0,0,0.0,0.0,0.00453004698365408,0.0,0.0
MAR03829,583,1.104205349225816e-13,9.866781914653443e-14,9.169031910057278e-16,0.0,0,0.0,0.0,0.004297541386555887,0.0,0,0.0,0.0,0.004297541386555887,0.0,0.0
MAR06456,555,1.1040937933684872e-13,1.0348893933902108e-13,9.183325339091235e-16,0.0,0,0.0,0.0,0.004513766730450679,0.0,0,0.0,0.0,0.004513766730450679,0.0,0.0
MAR12878,546,1.1040740971041557e-13,1.0519385135101045e-13,9.19004961598895e-16,0.0,0,0.0,0.0,0.004587964526068459,0.0,0,0.0,0.0,0.004587964526068459,0.0,0.0
MAR06158,582,1.103905054423166e-13,9.883034421737194e-14,9.169822071111734e-16,0.0,0,0.0,0.0,0.004304906394243486,0.0,0,0.0,0.0,0.004304906394243486,0.0,0.0
MAR02064,555,1.1038377419321773e-13,1.0351462904421921e-13,9.189830199318158e-16,0.0,0,0.0,0.0,0.004513766730450679,0.0,0,0.0,0.0,0.004513766730450679,0.0,0.0
MAR00338,559,1.1038198778784812e-13,1.0275331454954007e-13,9.18853393293098e-16,0.0,0,0.0,0.0,0.004481554769642852,0.0,0,0.0,0.0,0.004481554769642852,0.0,0.0
MAR09942,567,1.1037849059215102e-13,1.0139999624377721e-13,9.181625069881382e-16,0.0,0,0.0,0.0,0.00441849069762059,0.0,0,0.0,0.0,0.00441849069762059,0.0,0.0
MAR06659,577,1.103619410378166e-13,9.96875449326558e-14,9.165650742698103e-16,0.0,0,0.0,0.0,0.004342113363096878,0.0,0,0.0,0.0,0.004342113363096878,0.0,0.0
MAR07081,572,1.1035772140721556e-13,1.0056254693278014e-13,9.173903499662153e-16,0.0,0,0.0,0.0,0.004379969091767465,0.0,0,0.0,0.0,0.004379969091767465,0.0,0.0
MAR02545,572,1.1035772140721556e-13,1.0066603509574512e-13,9.160836667074058e-16,0.0,0,0.0,0.0,0.004379969091767465,0.0,0,0.0,0.0,0.004379969091767465,0.0,0.0
MAR08448,537,1.1035244722978092e-13,1.0700436248089127e-13,9.161496663236908e-16,0.0,0,0.0,0.0,0.004664642427888463,0.0,0,0.0,0.0,0.004664642427888463,0.0,0.0
MAR04230,575,1.10350376179786e-13,9.994392120476568e-14,9.15856493607564e-16,0.0,0,0.0,0.0,0.004357176858116289,0.0,0,0.0,0.0,0.004357176858116289,0.0,0.0
MAR06105,560,1.1031175972675556e-13,1.0256091207091629e-13,9.167977214704364e-16,0.0,0,0.0,0.0,0.0044735734878779895,0.0,0,0.0,0.0,0.0044735734878779895,0.0,0.0
MAR12346,563,1.1030450285156796e-13,1.0200853522957868e-13,9.158861121090168e-16,0.0,0,0.0,0.0,0.004449799303901048,0.0,0,0.0,0.0,0.004449799303901048,0.0,0.0
MAR10230,548,1.10289717342617e-13,1.0502253698827974e-13,9.163986575963218e-16,0.0,0,0.0,0.0,0.004571266087298871,0.0,0,0.0,0.0,0.004571266087298871,0.0,0.0
MAR01770,552,1.1028858985493729e-13,1.0408106004699515e-13,9.179373251700072e-16,0.0,0,0.0,0.0,0.004538231229443332,0.0,0,0.0,0.0,0.004538231229443332,0.0,0.0
MAR09302,530,1.1028159517665253e-13,1.084119214191236e-13,9.149873142552634e-16,0.0,0,0.0,0.0,0.0047260760867549505,0.0,0,0.0,0.0,0.0047260760867549505,0.0,0.0
MAR01038,538,1.1027940229733897e-13,1.0673013648633974e-13,9.178314879993459e-16,0.0,0,0.0,0.0,0.004655996327465773,0.0,0,0.0,0.0,0.004655996327465773,0.0,0.0
MAR00382,563,1.1027926154656759e-13,1.0208630550560959e-13,9.159313470025804e-16,0.0,0,0.0,0.0,0.004449799303901048,0.0,0,0.0,0.0,0.004449799303901048,0.0,0.0
MAR02152,563,1.1027926154656759e-13,1.021003530817392e-13,9.155754992070179e-16,0.0,0,0.0,0.0,0.004449799303901048,0.0,0,0.0,0.0,0.004449799303901048,0.0,0.0
MAR04974,567,1.1027823764883389e-13,1.0122025790125578e-13,9.182189043345512e-16,0.0,0,0.0,0.0,0.00441849069762059,0.0,0,0.0,0.0,0.00441849069762059,0.0,0.0
MAR09812,572,1.1025834480081554e-13,1.0066401458607905e-13,9.150566145076728e-16,0.0,0,0.0,0.0,0.004379969091767465,0.0,0,0.0,0.0,0.004379969091767465,0.0,0.0
MAR06285,551,1.1025663141105003e-13,1.0422809265471971e-13,9.161085675046875e-16,0.0,0,0.0,0.0,0.004546445100963565,0.0,0,0.0,0.0,0.004546445100963565,0.0,0.0
MAR00249,570,1.1024631500109343e-13,1.0082087166776267e-13,9.153107996509152e-16,0.0,0,0.0,0.0,0.004395296850147243,0.0,0,0.0,0.0,0.004395296850147243,0.0,0.0
MAR06460,567,1.1022811117717533e-13,1.013447835069128e-13,9.15146192238993e-16,0.0,0,0.0,0.0,0.00441849069762059,0.0,0,0.0,0.0,0.00441849069762059,0.0,0.0
MAR11246,568,1.1020918137405779e-13,1.0120652221748227e-13,9.152784434794839e-16,0.0,0,0.0,0.0,0.004410732264444036,0.0,0,0.0,0.0,0.004410732264444036,0.0,0.0
MAR12973,561,1.101911194494273e-13,1.0237401472277633e-13,9.16898631414382e-16,0.0,0,0.0,0.0,0.004465620583537596,0.0,0,0.0,0.0,0.004465620583537596,0.0,0.0
MAR03816,548,1.1018598847608269e-13,1.0487574503040313e-13,9.149131404578901e-16,0.0,0,0.0,0.0,0.004571266087298871,0.0,0,0.0,0.0,0.004571266087298871,0.0,0.0
MAR03205,574,1.101712604227333e-13,1.001686199636243e-13,9.166700290511332e-16,0.0,0,0.0,0.0,0.004364747866934595,0.0,0,0.0,0.0,0.004364747866934595,0.0,0.0
MAR12976,582,1.1017074995702997e-13,9.884251005362288e-14,9.148466002679458e-16,0.0,0,0.0,0.0,0.004304906394243486,0.0,0,0.0,0.0,0.004304906394243486,0.0,0.0
MAR05311,549,1.1016648026939841e-13,1.0456172185521603e-13,9.150615876366069e-16,0.0,0,0.0,0.0,0.004562962366977274,0.0,0,0.0,0.0,0.004562962366977274,0.0,0.0
MAR03250,569,1.101653429679368e-13,1.0100270710401552e-13,9.145471482648931e-16,0.0,0,0.0,0.0,0.004403001029543098,0.0,0,0.0,0.0,0.004403001029543098,0.0,0.0
MAR12949,564,1.1015932059372901e-13,1.0184394957763454e-13,9.167318449975935e-16,0.0,0,0.0,0.0,0.004441930629657058,0.0,0,0.0,0.0,0.004441930629657058,0.0,0.0
MAR02604,562,1.1014676715199276e-13,1.0229599745197466e-13,9.149908044430602e-16,0.0,0,0.0,0.0,0.0044576959055467585,0.0,0,0.0,0.0,0.0044576959055467585,0.0,0.0
MAR01190,541,1.1014069098122367e-13,1.0603781328717069e-13,9.15772473280027e-16,0.0,0,0.0,0.0,0.004630249273041442,0.0,0,0.0,0.0,0.004630249273041442,0.0,0.0
MAR02736,565,1.1014041203162757e-13,1.0181922949366279e-13,9.143094732305991e-16,0.0,0,0.0,0.0,0.004434089734923025,0.0,0,0.0,0.0,0.004434089734923025,0.0,0.0
MAR03247,565,1.1014041203162757e-13,1.0166222766691862e-13,9.1418360501112e-16,0.0,0,0.0,0.0,0.004434089734923025,0.0,0,0.0,0.0,0.004434089734923025,0.0,0.0
MAR06718,562,1.101214809336383e-13,1.0218911469618719e-13,9.16535267267782e-16,0.0,0,0.0,0.0,0.0044576959055467585,0.0,0,0.0,0.0,0.0044576959055467585,0.0,0.0
MAR07058,558,1.1012139030203129e-13,1.0298599397342759e-13,9.146949342253571e-16,0.0,0,0.0,0.0,0.004489564580987142,0.0,0,0.0,0.0,0.004489564580987142,0.0,0.0
MAR12814,554,1.1012129836166462e-13,1.0362103164439917e-13,9.166118631798417e-16,0.0,0,0.0,0.0,0.004521892203603858,0.0,0,0.0,0.0,0.004521892203603858,0.0,0.0
MAR06721,557,1.1011498913969812e-13,1.0312601692325281e-13,9.173696563776726e-16,0.0,0,0.0,0.0,0.004497603075155535,0.0,0,0.0,0.0,0.004497603075155535,0.0,0.0
MAR01627,557,1.1011498913969812e-13,1.0315047877854419e-13,9.165257515773174e-16,0.0,0,0.0,0.0,0.004497603075155535,0.0,0,0.0,0.0,0.004497603075155535,0.0,0.0
MAR09403,544,1.100818782534214e-13,1.0567410687454665e-13,9.14103190546369e-16,0.0,0,0.0,0.0,0.004604785407758596,0.0,0,0.0,0.0,0.004604785407758596,0.0,0.0
MAR10426,563,1.1007733110656472e-13,1.0222000125469522e-13,9.166801849275969e-16,0.0,0,0.0,0.0,0.004449799303901048,0.0,0,0.0,0.0,0.004449799303901048,0.0,0.0
MAR08462,562,1.100709084969294e-13,1.0219191960330281e-13,9.167121101682247e-16,0.0,0,0.0,0.0,0.0044576959055467585,0.0,0,0.0,0.0,0.0044576959055467585,0.0,0.0
MAR02644,561,1.1006446299029003e-13,1.0248897918910406e-13,9.158132539675183e-16,0.0,0,0.0,0.0,0.004465620583537596,0.0,0,0.0,0.0,0.004465620583537596,0.0,0.0
MAR11885,572,1.1005959158801552e-13,1.0052181114064857e-13,9.140115751680883e-16,0.0,0,0.0,0.0,0.004379969091767465,0.0,0,0.0,0.0,0.004379969091767465,0.0,0.0
MAR00954,560,1.1003261793770694e-13,1.0258174143444907e-13,9.158935851984365e-16,0.0,0,0.0,0.0,0.0044735734878779895,0.0,0,0.0,0.0,0.0044735734878779895,0.0,0.0
MAR08345,575,1.1002908729057273e-13,1.0011860075919563e-13,9.145313099479814e-16,0.0,0,0.0,0.0,0.004357176858116289,0.0,0,0.0,0.0,0.004357176858116289,0.0,0.0
MAR00279,561,1.1001380040663512e-13,1.025418109899761e-13,9.136338526155816e-16,0.0,0,0.0,0.0,0.004465620583537596,0.0,0,0.0,0.0,0.004465620583537596,0.0,0.0
MAR06193,556,1.1000632858674357e-13,1.0331191551741574e-13,9.137407640161534e-16,0.0,0,0.0,0.0,0.0045056704064922026,0.0,0,0.0,0.0,0.0045056704064922026,0.0,0.0
MAR02072,547,1.0999773101309924e-13,1.0496605705763938e-13,9.157227007353098e-16,0.0,0,0.0,0.0,0.004579600085029117,0.0,0,0.0,0.0,0.004579600085029117,0.0,0.0
MAR03071,547,1.0999773101309924e-13,1.0511219208493094e-13,9.134641944258121e-16,0.0,0,0.0,0.0,0.004579600085029117,0.0,0,0.0,0.0,0.004579600085029117,0.0,0.0
MAR04210,563,1.0997636588656329e-13,1.0200239236968637e-13,9.159217833831428e-16,0.0,0,0.0,0.0,0.004449799303901048,0.0,0,0.0,0.0,0.004449799303901048,0.0,0.0
MAR02684,570,1.099720704364141e-13,1.0087165429372712e-13,9.152707334040747e-16,0.0,0,0.0,0.0,0.004395296850147243,0.0,0,0.0,0.0,0.004395296850147243,0.0,0.0
MAR01051,561,1.0996313782298021e-13,1.0234189953548666e-13,9.149731721502926e-16,0.0,0,0.0,0.0,0.004465620583537596,0.0,0,0.0,0.0,0.004465620583537596,0.0,0.0
MAR01109,548,1.0995259852638046e-13,1.0468576147223804e-13,9.151814076676037e-16,0.0,0,0.0,0.0,0.004571266087298871,0.0,0,0.0,0.0,0.004571266087298871,0.0,0.0
MAR03158,566,1.0994581766408052e-13,1.0161525396778066e-13,9.126309310913303e-16,0.0,0,0.0,0.0,0.0044262764728495866,0.0,0,0.0,0.0,0.0044262764728495866,0.0,0.0
MAR12543,543,1.0994438426991458e-13,1.0572830068484565e-13,9.158530476682245e-16,0.0,0,0.0,0.0,0.004613242186326175,0.0,0,0.0,0.0,0.004613242186326175,0.0,0.0
MAR01687,565,1.0993919638964241e-13,1.0173595898165436e-13,9.146016811953787e-16,0.0,0,0.0,0.0,0.004434089734923025,0.0,0,0.0,0.0,0.004434089734923025,0.0,0.0
MAR00993,546,1.0993891999452979e-13,1.0517907991699536e-13,9.148595673241932e-16,0.0,0,0.0,0.0,0.004587964526068459,0.0,0,0.0,0.0,0.004587964526068459,0.0,0.0
MAR01271,568,1.0993397115950282e-13,1.0115409614207704e-13,9.150011634171305e-16,0.0,0,0.0,0.0,0.004410732264444036,0.0,0,0.0,0.0,0.004410732264444036,0.0,0.0
MAR01108,562,1.0991919118680269e-13,1.0221897747376457e-13,9.125871375555175e-16,0.0,0,0.0,0.0,0.0044576959055467585,0.0,0,0.0,0.0,0.0044576959055467585,0.0,0.0
MAR07068,554,1.0991608746325015e-13,1.0374304875398267e-13,9.13129183817004e-16,0.0,0,0.0,0.0,0.004521892203603858,0.0,0,0.0,0.0,0.004521892203603858,0.0,0.0
MAR03521,565,1.0991404443439426e-13,1.0166717209061302e-13,9.124059758781999e-16,0.0,0,0.0,0.0,0.004434089734923025,0.0,0,0.0,0.0,0.004434089734923025,0.0,0.0
MAR04071,544,1.0989901799054197e-13,1.0560735693112975e-13,9.147104314152517e-16,0.0,0,0.0,0.0,0.004604785407758596,0.0,0,0.0,0.0,0.004604785407758596,0.0,0.0
MAR08056,589,1.0989888493674894e-13,9.77170722497318e-14,9.131810812735544e-16,0.0,0,0.0,0.0,0.00425387517710073,0.0,0,0.0,0.0,0.00425387517710073,0.0,0.0
MAR01606,561,1.0988714394749784e-13,1.0245106160047153e-13,9.1320993877013e-16,0.0,0,0.0,0.0,0.004465620583537596,0.0,0,0.0,0.0,0.004465620583537596,0.0,0.0
MAR01775,583,1.0988427625408342e-13,9.869444472441641e-14,9.124499172829935e-16,0.0,0,0.0,0.0,0.004297541386555887,0.0,0,0.0,0.0,0.004297541386555887,0.0,0.0
MAR08765,556,1.098785331306716e-13,1.0336802005061693e-13,9.127058846019672e-16,0.0,0,0.0,0.0,0.0045056704064922026,0.0,0,0.0,0.0,0.0045056704064922026,0.0,0.0
MAR00458,567,1.098772258755654e-13,1.0142176405937818e-13,9.131770101387546e-16,0.0,0,0.0,0.0,0.00441849069762059,0.0,0,0.0,0.0,0.00441849069762059,0.0,0.0
MAR09435,555,1.0987167132059783e-13,1.035944191248749e-13,9.14382927237584e-16,0.0,0,0.0,0.0,0.004513766730450679,0.0,0,0.0,0.0,0.004513766730450679,0.0,0.0
MAR10030,575,1.0985608558099636e-13,1.0005000442934847e-13,9.128033075846499e-16,0.0,0,0.0,0.0,0.004357176858116289,0.0,0,0.0,0.0,0.004357176858116289,0.0,0.0
MAR00076,551,1.0984397501278645e-13,1.0410606385968045e-13,9.14501436861674e-16,0.0,0,0.0,0.0,0.004546445100963565,0.0,0,0.0,0.0,0.004546445100963565,0.0,0.0
MAR01002,569,1.0984066614667559e-13,1.0112415680411538e-13,9.11950917489389e-16,0.0,0,0.0,0.0,0.004403001029543098,0.0,0,0.0,0.0,0.004403001029543098,0.0,0.0
MAR06125,576,1.0983806456958216e-13,9.980893022468015e-14,9.123286749765772e-16,0.0,0,0.0,0.0,0.004349632068826215,0.0,0,0.0,0.0,0.004349632068826215,0.0,0.0
MAR01119,568,1.0983389471784648e-13,1.013066757680328e-13,9.12213642540596e-16,0.0,0,0.0,0.0,0.004410732264444036,0.0,0,0.0,0.0,0.004410732264444036,0.0,0.0
MAR09833,549,1.0982997551293643e-13,1.0471797697530638e-13,9.12939734971386e-16,0.0,0,0.0,0.0,0.004562962366977274,0.0,0,0.0,0.0,0.004562962366977274,0.0,0.0
MAR03908,544,1.0982064930645077e-13,1.0552030059707641e-13,9.143886818667761e-16,0.0,0,0.0,0.0,0.004604785407758596,0.0,0,0.0,0.0,0.004604785407758596,0.0,0.0
MAR08457,547,1.0981587364014419e-13,1.0501705545726532e-13,9.11558936813563e-16,0.0,0,0.0,0.0,0.004579600085029117,0.0,0,0.0,0.0,0.004579600085029117,0.0,0.0
MAR05327,565,1.0981343661340168e-13,1.0160639550606454e-13,9.135972771939912e-16,0.0,0,0.0,0.0,0.004434089734923025,0.0,0,0.0,0.0,0.004434089734923025,0.0,0.0
MAR01743,576,1.098133929468127e-13,9.988892329768241e-14,9.115698716193683e-16,0.0,0,0.0,0.0,0.004349632068826215,0.0,0,0.0,0.0,0.004349632068826215,0.0,0.0
MAR05320,572,1.0981115007201549e-13,1.0050654533631323e-13,9.130307362029299e-16,0.0,0,0.0,0.0,0.004379969091767465,0.0,0,0.0,0.0,0.004379969091767465,0.0,0.0
MAR02670,574,1.0979989662355555e-13,1.0010335736600574e-13,9.142019430961321e-16,0.0,0,0.0,0.0,0.004364747866934595,0.0,0,0.0,0.0,0.004364747866934595,0.0,0.0
MAR08678,562,1.0979276009503043e-13,1.0226174936150179e-13,9.124158078568938e-16,0.0,0,0.0,0.0,0.0044576959055467585,0.0,0,0.0,0.0,0.0044576959055467585,0.0,0.0
MAR03413,586,1.0975823966041684e-13,9.815031887187046e-14,9.115603984643248e-16,0.0,0,0.0,0.0,0.004275596795360198,0.0,0,0.0,0.0,0.004275596795360198,0.0,0.0
MAR02974,574,1.0975038145033185e-13,1.0016678128579052e-13,9.1332675753512e-16,0.0,0,0.0,0.0,0.004364747866934595,0.0,0,0.0,0.0,0.004364747866934595,0.0,0.0
MAR12797,576,1.0973937807850436e-13,9.986570412639649e-14,9.111038067340143e-16,0.0,0,0.0,0.0,0.004349632068826215,0.0,0,0.0,0.0,0.004349632068826215,0.0,0.0
MAR04820,575,1.0973251293129895e-13,9.988521139915279e-14,9.127641809063737e-16,0.0,0,0.0,0.0,0.004357176858116289,0.0,0,0.0,0.0,0.004357176858116289,0.0,0.0
MAR10383,575,1.0970779840135947e-13,1.0002900318672447e-13,9.140919897233623e-16,0.0,0,0.0,0.0,0.004357176858116289,0.0,0,0.0,0.0,0.004357176858116289,0.0,0.0
MAR02088,553,1.0970368676165887e-13,1.0389256682965951e-13,9.13424646339575e-16,0.0,0,0.0,0.0,0.00453004698365408,0.0,0,0.0,0.0,0.00453004698365408,0.0,0.0
MAR01811,549,1.0970055060660491e-13,1.0464825087273155e-13,9.134345713615933e-16,0.0,0,0.0,0.0,0.004562962366977274,0.0,0,0.0,0.0,0.004562962366977274,0.0,0.0
MAR02548,566,1.0969474249243384e-13,1.0164361540324726e-13,9.107703238301023e-16,0.0,0,0.0,0.0,0.0044262764728495866,0.0,0,0.0,0.0,0.0044262764728495866,0.0,0.0
MAR11960,566,1.0969474249243384e-13,1.0143126602912378e-13,9.128964619350172e-16,0.0,0,0.0,0.0,0.0044262764728495866,0.0,0,0.0,0.0,0.0044262764728495866,0.0,0.0
MAR04468,605,1.0969370499172455e-13,9.512198012783904e-14,9.11090937308208e-16,0.0,0,0.0,0.0,0.004141655715564601,0.0,0,0.0,0.0,0.004141655715564601,0.0,0.0
MAR09989,544,1.0969003483296547e-13,1.0569962279852624e-13,9.104452776568872e-16,0.0,0,0.0,0.0,0.004604785407758596,0.0,0,0.0,0.0,0.004604785407758596,0.0,0.0
MAR11942,568,1.0968378005536195e-13,1.0112635944538902e-13,9.112042940268581e-16,0.0,0,0.0,0.0,0.004410732264444036,0.0,0,0.0,0.0,0.004410732264444036,0.0,0.0
MAR09814,557,1.0968126466903665e-13,1.0321923659052331e-13,9.122390584557434e-16,0.0,0,0.0,0.0,0.004497603075155535,0.0,0,0.0,0.0,0.004497603075155535,0.0,0.0
MAR01720,580,1.0966859604352442e-13,9.925696249661648e-14,9.1156611418278e-16,0.0,0,0.0,0.0,0.004319712401627411,0.0,0,0.0,0.0,0.004319712401627411,0.0,0.0
MAR02380,551,1.0966343783854613e-13,1.041916588952228e-13,9.123944100553928e-16,0.0,0,0.0,0.0,0.004546445100963565,0.0,0,0.0,0.0,0.004546445100963565,0.0,0.0
MAR05305,567,1.0965165675310188e-13,1.0119217821665708e-13,9.126774094977618e-16,0.0,0,0.0,0.0,0.00441849069762059,0.0,0,0.0,0.0,0.00441849069762059,0.0,0.0
MAR08762,562,1.0961575656654926e-13,1.0236045791815001e-13,9.109744664967053e-16,0.0,0,0.0,0.0,0.0044576959055467585,0.0,0,0.0,0.0,0.0044576959055467585,0.0,0.0
MAR11781,566,1.0959431242377517e-13,1.0143157024085509e-13,9.12157133032415e-16,0.0,0,0.0,0.0,0.0044262764728495866,0.0,0,0.0,0.0,0.0044262764728495866,0.0,0.0
MAR06499,578,1.0958093333158362e-13,9.952082576549943e-14,9.099855533775256e-16,0.0,0,0.0,0.0,0.004334620605899285,0.0,0,0.0,0.0,0.004334620605899285,0.0,0.0
MAR01750,564,1.0957979992271899e-13,1.0186904005289578e-13,9.122988881231337e-16,0.0,0,0.0,0.0,0.004441930629657058,0.0,0,0.0,0.0,0.004441930629657058,0.0,0.0
MAR08092,564,1.0957979992271899e-13,1.0183561445482267e-13,9.103110934789225e-16,0.0,0,0.0,0.0,0.004441930629657058,0.0,0,0.0,0.0,0.004441930629657058,0.0,0.0
MAR12606,557,1.0957921185241042e-13,1.0312651535970533e-13,9.095249202527376e-16,0.0,0,0.0,0.0,0.004497603075155535,0.0,0,0.0,0.0,0.004497603075155535,0.0,0.0
MAR05438,583,1.0956739613178903e-13,9.865442323690165e-14,9.106786034110147e-16,0.0,0,0.0,0.0,0.004297541386555887,0.0,0,0.0,0.0,0.004297541386555887,0.0,0.0
MAR00346,553,1.0954950027288634e-13,1.039294191345004e-13,9.096988100103372e-16,0.0,0,0.0,0.0,0.00453004698365408,0.0,0,0.0,0.0,0.00453004698365408,0.0,0.0
MAR03645,542,1.0954419003711065e-13,1.0592696711785545e-13,9.114277285195723e-16,0.0,0,0.0,0.0,0.00462173008405905,0.0,0,0.0,0.0,0.00462173008405905,0.0,0.0
MAR10183,582,1.0953590077731304e-13,9.889101116514437e-14,9.093360653793407e-16,0.0,0,0.0,0.0,0.004304906394243486,0.0,0,0.0,0.0,0.004304906394243486,0.0,0.0
MAR01129,568,1.0953366539287741e-13,1.0120807272112199e-13,9.095223098176509e-16,0.0,0,0.0,0.0,0.004410732264444036,0.0,0,0.0,0.0,0.004410732264444036,0.0,0.0
MAR12917,577,1.0952455965078564e-13,9.960394240042867e-14,9.094609002063972e-16,0.0,0,0.0,0.0,0.004342113363096878,0.0,0,0.0,0.0,0.004342113363096878,0.0,0.0
MAR00700,553,1.0952380252475758e-13,1.0383623758145373e-13,9.12076361494875e-16,0.0,0,0.0,0.0,0.00453004698365408,0.0,0,0.0,0.0,0.00453004698365408,0.0,0.0
MAR03032,559,1.0951764242055498e-13,1.0285574075693143e-13,9.112721664761798e-16,0.0,0,0.0,0.0,0.004481554769642852,0.0,0,0.0,0.0,0.004481554769642852,0.0,0.0
MAR02071,569,1.0951598932541438e-13,1.0102874260445607e-13,9.097903113498255e-16,0.0,0,0.0,0.0,0.004403001029543098,0.0,0,0.0,0.0,0.004403001029543098,0.0,0.0
MAR10186,561,1.0950717457008603e-13,1.0253298075932248e-13,9.108675016555591e-16,0.0,0,0.0,0.0,0.004465620583537596,0.0,0,0.0,0.0,0.004465620583537596,0.0,0.0
MAR02238,562,1.09489325474777e-13,1.0224270346099604e-13,9.094477695159844e-16,0.0,0,0.0,0.0,0.0044576959055467585,0.0,0,0.0,0.0,0.0044576959055467585,0.0,0.0
MAR02979,572,1.0948817610121543e-13,1.005222611919109e-13,9.108970712849481e-16,0.0,0,0.0,0.0,0.004379969091767465,0.0,0,0.0,0.0,0.004379969091767465,0.0,0.0
MAR03143,538,1.0948697545448384e-13,1.0669733876457631e-13,9.114468366915312e-16,0.0,0,0.0,0.0,0.004655996327465773,0.0,0,0.0,0.0,0.004655996327465773,0.0,0.0
MAR03190,588,1.094815847956889e-13,9.796687871546185e-14,9.093287870104187e-16,0.0,0,0.0,0.0,0.004261091151880009,0.0,0,0.0,0.0,0.004261091151880009,0.0,0.0
MAR08547,564,1.0947901371906508e-13,1.0199694530562708e-13,9.091982000354039e-16,0.0,0,0.0,0.0,0.004441930629657058,0.0,0,0.0,0.0,0.004441930629657058,0.0,0.0
MAR04134,573,1.0947070281483707e-13,1.0029328636073309e-13,9.08500138089552e-16,0.0,0,0.0,0.0,0.0043723452321952965,0.0,0,0.0,0.0,0.0043723452321952965,0.0,0.0
MAR01854,559,1.0946679857542008e-13,1.0277950046317108e-13,9.111956885914503e-16,0.0,0,0.0,0.0,0.004481554769642852,0.0,0,0.0,0.0,0.004481554769642852,0.0,0.0
MAR03768,571,1.0945593526700247e-13,1.0059015409280536e-13,9.10378508376887e-16,0.0,0,0.0,0.0,0.00438761958448344,0.0,0,0.0,0.0,0.00438761958448344,0.0,0.0
MAR04328,583,1.0944551916167581e-13,9.866846720396918e-14,9.087605703592744e-16,0.0,0,0.0,0.0,0.004297541386555887,0.0,0,0.0,0.0,0.004297541386555887,0.0,0.0
MAR03423,549,1.0944170079394185e-13,1.0447106430645574e-13,9.100643852174097e-16,0.0,0,0.0,0.0,0.004562962366977274,0.0,0,0.0,0.0,0.004562962366977274,0.0,0.0
MAR06752,563,1.094210571765554e-13,1.0201465480491996e-13,9.112487125838583e-16,0.0,0,0.0,0.0,0.004449799303901048,0.0,0,0.0,0.0,0.004449799303901048,0.0,0.0
MAR03099,569,1.0941608876502632e-13,1.0104934134613537e-13,9.104379836995467e-16,0.0,0,0.0,0.0,0.004403001029543098,0.0,0,0.0,0.0,0.004403001029543098,0.0,0.0
MAR12869,584,1.0940411438278802e-13,9.85008956309466e-14,9.087463381503327e-16,0.0,0,0.0,0.0,0.004290201536487618,0.0,0,0.0,0.0,0.004290201536487618,0.0,0.0
MAR03179,563,1.0939581587155503e-13,1.0211626770384492e-13,9.100430074014825e-16,0.0,0,0.0,0.0,0.004449799303901048,0.0,0,0.0,0.0,0.004449799303901048,0.0,0.0
MAR01261,559,1.0939053280771775e-13,1.0277766485612765e-13,9.104099290651566e-16,0.0,0,0.0,0.0,0.004481554769642852,0.0,0,0.0,0.0,0.004481554769642852,0.0,0.0
MAR00262,551,1.0937973656473992e-13,1.0419111701731448e-13,9.101389118249086e-16,0.0,0,0.0,0.0,0.004546445100963565,0.0,0,0.0,0.0,0.004546445100963565,0.0,0.0
MAR10445,564,1.0937822751541117e-13,1.0193443976798905e-13,9.099374275106102e-16,0.0,0,0.0,0.0,0.004441930629657058,0.0,0,0.0,0.0,0.004441930629657058,0.0,0.0
MAR13063,560,1.0937282825450113e-13,1.0256246251113828e-13,9.081605144159519e-16,0.0,0,0.0,0.0,0.0044735734878779895,0.0,0,0.0,0.0,0.0044735734878779895,0.0,0.0
MAR04153,569,1.0936613848483229e-13,1.0093912159785426e-13,9.098959407624654e-16,0.0,0,0.0,0.0,0.004403001029543098,0.0,0,0.0,0.0,0.004403001029543098,0.0,0.0
MAR09213,562,1.0936289438300474e-13,1.0228731181417583e-13,9.074264110087595e-16,0.0,0,0.0,0.0,0.0044576959055467585,0.0,0,0.0,0.0,0.0044576959055467585,0.0,0.0
MAR02254,562,1.0936289438300474e-13,1.0228498855158942e-13,9.079867139424884e-16,0.0,0,0.0,0.0,0.0044576959055467585,0.0,0,0.0,0.0,0.0044576959055467585,0.0,0.0
MAR03670,544,1.0935043720190366e-13,1.0542784286835487e-13,9.094133126396883e-16,0.0,0,0.0,0.0,0.004604785407758596,0.0,0,0.0,0.0,0.004604785407758596,0.0,0.0
MAR12622,544,1.0935043720190366e-13,1.0546755385321128e-13,9.104485523054451e-16,0.0,0,0.0,0.0,0.004604785407758596,0.0,0,0.0,0.0,0.004604785407758596,0.0,0.0
MAR00019,581,1.0933308188804295e-13,9.887700359635285e-14,9.105870897566932e-16,0.0,0,0.0,0.0,0.004312296689115291,0.0,0,0.0,0.0,0.004312296689115291,0.0,0.0
MAR11232,571,1.0933149695951384e-13,1.0067469371437955e-13,9.080711077294232e-16,0.0,0,0.0,0.0,0.00438761958448344,0.0,0,0.0,0.0,0.00438761958448344,0.0,0.0
MAR04442,557,1.0932407981084485e-13,1.0311712503694159e-13,9.092444683501202e-16,0.0,0,0.0,0.0,0.004497603075155535,0.0,0,0.0,0.0,0.004497603075155535,0.0,0.0
MAR11540,549,1.0931227588761032e-13,1.0451581305794724e-13,9.09943134142918e-16,0.0,0,0.0,0.0,0.004562962366977274,0.0,0,0.0,0.0,0.004562962366977274,0.0,0.0
MAR00668,577,1.0930289987186567e-13,9.962221656989339e-14,9.074212601727454e-16,0.0,0,0.0,0.0,0.004342113363096878,0.0,0,0.0,0.0,0.004342113363096878,0.0,0.0
MAR12310,567,1.0930077145149196e-13,1.014082736665452e-13,9.077944267365723e-16,0.0,0,0.0,0.0,0.00441849069762059,0.0,0,0.0,0.0,0.00441849069762059,0.0,0.0
MAR12185,556,1.0929067403274059e-13,1.0325958471277149e-13,9.101678017744666e-16,0.0,0,0.0,0.0,0.0045056704064922026,0.0,0,0.0,0.0,0.0045056704064922026,0.0,0.0
MAR04295,572,1.0928942288841541e-13,1.0055887502111702e-13,9.067787655299602e-16,0.0,0,0.0,0.0,0.004379969091767465,0.0,0,0.0,0.0,0.004379969091767465,0.0,0.0
MAR06604,559,1.0928884511744797e-13,1.0281101938567314e-13,9.073575202403555e-16,0.0,0,0.0,0.0,0.004481554769642852,0.0,0,0.0,0.0,0.004481554769642852,0.0,0.0
MAR01756,577,1.0927827100754124e-13,9.977283791958098e-14,9.079061970102334e-16,0.0,0,0.0,0.0,0.004342113363096878,0.0,0,0.0,0.0,0.004342113363096878,0.0,0.0
MAR02738,549,1.092605059250777e-13,1.0466368576522993e-13,9.095777688878873e-16,0.0,0,0.0,0.0,0.004562962366977274,0.0,0,0.0,0.0,0.004562962366977274,0.0,0.0
MAR00437,552,1.0925881777412555e-13,1.0402860190696701e-13,9.095177175309832e-16,0.0,0,0.0,0.0,0.004538231229443332,0.0,0,0.0,0.0,0.004538231229443332,0.0,0.0
MAR06189,569,1.0924126278434722e-13,1.0095036251770173e-13,9.073887544433787e-16,0.0,0,0.0,0.0,0.004403001029543098,0.0,0,0.0,0.0,0.004403001029543098,0.0,0.0
MAR01004,562,1.0923646329123249e-13,1.0216399296744924e-13,9.09518398310919e-16,0.0,0,0.0,0.0,0.0044576959055467585,0.0,0,0.0,0.0,0.0044576959055467585,0.0,0.0
MAR02768,561,1.0922853035998403e-13,1.0243568465824082e-13,9.087216725110253e-16,0.0,0,0.0,0.0,0.004465620583537596,0.0,0,0.0,0.0,0.004465620583537596,0.0,0.0
MAR03144,580,1.0922756951788022e-13,9.928238498368225e-14,9.064168286222809e-16,0.0,0,0.0,0.0,0.004319712401627411,0.0,0,0.0,0.0,0.004319712401627411,0.0,0.0
MAR11933,565,1.092097896874462e-13,1.016139856120905e-13,9.066818324000338e-16,0.0,0,0.0,0.0,0.004434089734923025,0.0,0,0.0,0.0,0.004434089734923025,0.0,0.0
MAR03992,561,1.0920319906815658e-13,1.0240640083364186e-13,9.08491663780184e-16,0.0,0,0.0,0.0,0.004465620583537596,0.0,0,0.0,0.0,0.004465620583537596,0.0,0.0
MAR10373,567,1.0920051850817483e-13,1.0148805417980051e-13,9.105260704109255e-16,0.0,0,0.0,0.0,0.00441849069762059,0.0,0,0.0,0.0,0.00441849069762059,0.0,0.0
MAR11301,572,1.0919004628201539e-13,1.0046815672357251e-13,9.05929273753578e-16,0.0,0,0.0,0.0,0.004379969091767465,0.0,0,0.0,0.0,0.004379969091767465,0.0,0.0
MAR09810,558,1.0917909348399819e-13,1.0304088806494913e-13,9.08754216235666e-16,0.0,0,0.0,0.0,0.004489564580987142,0.0,0,0.0,0.0,0.004489564580987142,0.0,0.0
MAR00349,567,1.0917545527234556e-13,1.0130818092675383e-13,9.091039398178702e-16,0.0,0,0.0,0.0,0.00441849069762059,0.0,0,0.0,0.0,0.00441849069762059,0.0,0.0
MAR01209,548,1.0917463202737306e-13,1.0485058933857024e-13,9.062347288846178e-16,0.0,0,0.0,0.0,0.004571266087298871,0.0,0,0.0,0.0,0.004571266087298871,0.0,0.0
MAR07042,551,1.0917340836560813e-13,1.0430902428913423e-13,9.073029478869886e-16,0.0,0,0.0,0.0,0.004546445100963565,0.0,0,0.0,0.0,0.004546445100963565,0.0,0.0
MAR03066,557,1.0917100058590552e-13,1.0327865516936137e-13,9.060500177529346e-16,0.0,0,0.0,0.0,0.004497603075155535,0.0,0,0.0,0.0,0.004497603075155535,0.0,0.0
MAR03092,547,1.0916638302244757e-13,1.0495710091840418e-13,9.083458921357604e-16,0.0,0,0.0,0.0,0.004579600085029117,0.0,0,0.0,0.0,0.004579600085029117,0.0,0.0
MAR02161,553,1.0916403405095499e-13,1.0389209061133329e-13,9.066967270664932e-16,0.0,0,0.0,0.0,0.00453004698365408,0.0,0,0.0,0.0,0.00453004698365408,0.0,0.0
MAR03996,556,1.0916287857666863e-13,1.0333849843292374e-13,9.062203821692345e-16,0.0,0,0.0,0.0,0.0045056704064922026,0.0,0,0.0,0.0,0.0045056704064922026,0.0,0.0
MAR06257,568,1.091583787366661e-13,1.0110628682382801e-13,9.094028554047466e-16,0.0,0,0.0,0.0,0.004410732264444036,0.0,0,0.0,0.0,0.004410732264444036,0.0,0.0
MAR01035,536,1.0912663807420046e-13,1.0696216686688592e-13,9.082723427681475e-16,0.0,0,0.0,0.0,0.004673320699286043,0.0,0,0.0,0.0,0.004673320699286043,0.0,0.0
MAR01833,539,1.091256542972562e-13,1.0643940740181154e-13,9.08504542652697e-16,0.0,0,0.0,0.0,0.004647382219459146,0.0,0,0.0,0.0,0.004647382219459146,0.0,0.0
MAR03368,570,1.0912440541831434e-13,1.008241129259657e-13,9.061820838284986e-16,0.0,0,0.0,0.0,0.004395296850147243,0.0,0,0.0,0.0,0.004395296850147243,0.0,0.0
MAR02685,553,1.0911263855469749e-13,1.038201174896327e-13,9.076441206849647e-16,0.0,0,0.0,0.0,0.00453004698365408,0.0,0,0.0,0.0,0.00453004698365408,0.0,0.0
MAR08643,560,1.0909368646545252e-13,1.0271690496615158e-13,9.063254030351839e-16,0.0,0,0.0,0.0,0.0044735734878779895,0.0,0,0.0,0.0,0.0044735734878779895,0.0,0.0
MAR00972,559,1.090854697369084e-13,1.0278498597108734e-13,9.079858246978483e-16,0.0,0,0.0,0.0,0.004481554769642852,0.0,0,0.0,0.0,0.004481554769642852,0.0,0.0
MAR03342,580,1.0908056067599883e-13,9.902949020761461e-14,9.076558389869602e-16,0.0,0,0.0,0.0,0.004319712401627411,0.0,0,0.0,0.0,0.004319712401627411,0.0,0.0
MAR01383,589,1.0907856395149111e-13,9.769473982556225e-14,9.052889672921509e-16,0.0,0,0.0,0.0,0.00425387517710073,0.0,0,0.0,0.0,0.00425387517710073,0.0,0.0
MAR12146,551,1.0907024426604224e-13,1.0412238566809686e-13,9.080293128205045e-16,0.0,0,0.0,0.0,0.004546445100963565,0.0,0,0.0,0.0,0.004546445100963565,0.0,0.0
MAR05319,562,1.0905945976275132e-13,1.0220781635490327e-13,9.054600013003914e-16,0.0,0,0.0,0.0,0.0044576959055467585,0.0,0,0.0,0.0,0.0044576959055467585,0.0,0.0
MAR12682,565,1.0905887795595732e-13,1.0160792378166252e-13,9.053788314223367e-16,0.0,0,0.0,0.0,0.004434089734923025,0.0,0,0.0,0.0,0.004434089734923025,0.0,0.0
MAR04060,574,1.0905716902520004e-13,1.0013506383570765e-13,9.084663604028707e-16,0.0,0,0.0,0.0,0.004364747866934595,0.0,0,0.0,0.0,0.004364747866934595,0.0,0.0
MAR12360,558,1.0905175607615587e-13,1.0288972063201491e-13,9.079225103412323e-16,0.0,0,0.0,0.0,0.004489564580987142,0.0,0,0.0,0.0,0.004489564580987142,0.0,0.0
MAR05307,570,1.0904961144612906e-13,1.0070030927032189e-13,9.061151434945123e-16,0.0,0,0.0,0.0,0.004395296850147243,0.0,0,0.0,0.0,0.004395296850147243,0.0,0.0
MAR02952,560,1.0904293341289823e-13,1.0261668956317341e-13,9.074943212930707e-16,0.0,0,0.0,0.0,0.0044735734878779895,0.0,0,0.0,0.0,0.0044735734878779895,0.0,0.0
MAR02067,555,1.0902670158077501e-13,1.0346508541037793e-13,9.07675123930656e-16,0.0,0,0.0,0.0,0.004513766730450679,0.0,0,0.0,0.0,0.004513766730450679,0.0,0.0
MAR11265,578,1.0901544949343544e-13,9.957064144103467e-14,9.059023647137665e-16,0.0,0,0.0,0.0,0.004334620605899285,0.0,0,0.0,0.0,0.004334620605899285,0.0,0.0
MAR12385,553,1.0900984756218246e-13,1.0380929487414116e-13,9.057468718019427e-16,0.0,0,0.0,0.0,0.00453004698365408,0.0,0,0.0,0.0,0.00453004698365408,0.0,0.0
MAR02614,577,1.0900735349997239e-13,9.963750150809179e-14,9.074408661064422e-16,0.0,0,0.0,0.0,0.004342113363096878,0.0,0,0.0,0.0,0.004342113363096878,0.0,0.0
MAR08776,576,1.0899922939542093e-13,9.970358827753012e-14,9.07771887234472e-16,0.0,0,0.0,0.0,0.004349632068826215,0.0,0,0.0,0.0,0.004349632068826215,0.0,0.0
MAR03694,553,1.089841498140537e-13,1.0387214600122003e-13,9.045692254310785e-16,0.0,0,0.0,0.0,0.00453004698365408,0.0,0,0.0,0.0,0.00453004698365408,0.0,0.0
MAR04139,543,1.0897605715304079e-13,1.0561836320333005e-13,9.065710392191562e-16,0.0,0,0.0,0.0,0.004613242186326175,0.0,0,0.0,0.0,0.004613242186326175,0.0,0.0
MAR01179,546,1.0897591335632013e-13,1.0506355376222803e-13,9.066537779272326e-16,0.0,0,0.0,0.0,0.004587964526068459,0.0,0,0.0,0.0,0.004587964526068459,0.0,0.0
MAR03287,591,1.0897393158933246e-13,9.718452496113226e-14,9.066231844798984e-16,0.0,0,0.0,0.0,0.00423951629958479,0.0,0,0.0,0.0,0.00423951629958479,0.0,0.0
MAR10448,557,1.0896689495265307e-13,1.032776790332684e-13,9.049847290825764e-16,0.0,0,0.0,0.0,0.004497603075155535,0.0,0,0.0,0.0,0.004497603075155535,0.0,0.0
MAR03912,553,1.0895845206592495e-13,1.0385870743240702e-13,9.050029490976476e-16,0.0,0,0.0,0.0,0.00453004698365408,0.0,0,0.0,0.0,0.00453004698365408,0.0,0.0
MAR02562,577,1.0895809577132351e-13,9.968999127571037e-14,9.045701514017985e-16,0.0,0,0.0,0.0,0.004342113363096878,0.0,0,0.0,0.0,0.004342113363096878,0.0,0.0
MAR08552,564,1.0894988614988203e-13,1.0189612416827293e-13,9.048492105786617e-16,0.0,0,0.0,0.0,0.004441930629657058,0.0,0,0.0,0.0,0.004441930629657058,0.0,0.0
MAR09412,565,1.089331181797166e-13,1.0166829910152873e-13,9.068918359421302e-16,0.0,0,0.0,0.0,0.004434089734923025,0.0,0,0.0,0.0,0.004434089734923025,0.0,0.0
MAR03455,582,1.0892546887373907e-13,9.874784120523977e-14,9.043989019096343e-16,0.0,0,0.0,0.0,0.004304906394243486,0.0,0,0.0,0.0,0.004304906394243486,0.0,0.0
MAR03408,561,1.0892455485805458e-13,1.0238881653846047e-13,9.041869117984642e-16,0.0,0,0.0,0.0,0.004465620583537596,0.0,0,0.0,0.0,0.004465620583537596,0.0,0.0
MAR00991,586,1.0890946847435528e-13,9.82442637349019e-14,9.047695453397143e-16,0.0,0,0.0,0.0,0.004275596795360198,0.0,0,0.0,0.0,0.004275596795360198,0.0,0.0
MAR01164,547,1.0890658677536892e-13,1.0503992880517524e-13,9.041946760249373e-16,0.0,0,0.0,0.0,0.004579600085029117,0.0,0,0.0,0.0,0.004579600085029117,0.0,0.0
MAR02096,579,1.0890079856882779e-13,9.93575713214644e-14,9.049738934858981e-16,0.0,0,0.0,0.0,0.00432715366313485,0.0,0,0.0,0.0,0.00432715366313485,0.0,0.0
MAR02481,561,1.0889922356622712e-13,1.0254606684257802e-13,9.037443263170372e-16,0.0,0,0.0,0.0,0.004465620583537596,0.0,0,0.0,0.0,0.004465620583537596,0.0,0.0
MAR02505,568,1.0888316852211112e-13,1.0121953920398558e-13,9.070699108733443e-16,0.0,0,0.0,0.0,0.004410732264444036,0.0,0,0.0,0.0,0.004410732264444036,0.0,0.0
MAR00342,564,1.088742964971416e-13,1.0189882981180347e-13,9.039358178079583e-16,0.0,0,0.0,0.0,0.004441930629657058,0.0,0,0.0,0.0,0.004441930629657058,0.0,0.0
MAR02564,572,1.0886707231121535e-13,1.0050798718759084e-13,9.065726367852677e-16,0.0,0,0.0,0.0,0.004379969091767465,0.0,0,0.0,0.0,0.004379969091767465,0.0,0.0
MAR09845,569,1.0886663568289197e-13,1.0104666355329464e-13,9.057067317228958e-16,0.0,0,0.0,0.0,0.004403001029543098,0.0,0,0.0,0.0,0.004403001029543098,0.0,0.0
MAR12965,564,1.0884909994622812e-13,1.0189572877827453e-13,9.0376584496122e-16,0.0,0,0.0,0.0,0.004441930629657058,0.0,0,0.0,0.0,0.004441930629657058,0.0,0.0
MAR09769,569,1.0884166054279495e-13,1.0109719238348996e-13,9.036838099579859e-16,0.0,0,0.0,0.0,0.004403001029543098,0.0,0,0.0,0.0,0.004403001029543098,0.0,0.0
MAR03531,583,1.0881175891708704e-13,9.86731761341578e-14,9.0317562975614e-16,0.0,0,0.0,0.0,0.004297541386555887,0.0,0,0.0,0.0,0.004297541386555887,0.0,0.0
MAR12747,565,1.0880735840347587e-13,1.016145327790963e-13,9.057205701396017e-16,0.0,0,0.0,0.0,0.004434089734923025,0.0,0,0.0,0.0,0.004434089734923025,0.0,0.0
MAR01996,570,1.0880029820551148e-13,1.0085183310318053e-13,9.031914825510534e-16,0.0,0,0.0,0.0,0.004395296850147243,0.0,0,0.0,0.0,0.004395296850147243,0.0,0.0
MAR01342,564,1.0877351029348767e-13,1.0186645434069025e-13,9.052265125000161e-16,0.0,0,0.0,0.0,0.004441930629657058,0.0,0,0.0,0.0,0.004441930629657058,0.0,0.0
MAR04797,557,1.0876278931940061e-13,1.0306810890077103e-13,9.050496193881161e-16,0.0,0,0.0,0.0,0.004497603075155535,0.0,0,0.0,0.0,0.004497603075155535,0.0,0.0
MAR00165,554,1.0876177615966877e-13,1.0371073833643938e-13,9.027785395625213e-16,0.0,0,0.0,0.0,0.004521892203603858,0.0,0,0.0,0.0,0.004521892203603858,0.0,0.0
MAR02160,574,1.0876007798585784e-13,1.0014678692998935e-13,9.02967506299528e-16,0.0,0,0.0,0.0,0.004364747866934595,0.0,0,0.0,0.0,0.004364747866934595,0.0,0.0
MAR02578,556,1.0875393311723836e-13,1.0347025940963749e-13,9.030232812671376e-16,0.0,0,0.0,0.0,0.0045056704064922026,0.0,0,0.0,0.0,0.0045056704064922026,0.0,0.0
MAR00380,580,1.0873754004494223e-13,9.907092829964354e-14,9.033814653013542e-16,0.0,0,0.0,0.0,0.004319712401627411,0.0,0,0.0,0.0,0.004319712401627411,0.0,0.0
MAR12336,571,1.0873419308356839e-13,1.0058523854108861e-13,9.033213068748571e-16,0.0,0,0.0,0.0,0.00438761958448344,0.0,0,0.0,0.0,0.00438761958448344,0.0,0.0
MAR11529,568,1.087330538596266e-13,1.0105865568444082e-13,9.047107564980446e-16,0.0,0,0.0,0.0,0.004410732264444036,0.0,0,0.0,0.0,0.004410732264444036,0.0,0.0
MAR09923,558,1.0872067881576587e-13,1.0304263476164969e-13,9.047454619580656e-16,0.0,0,0.0,0.0,0.004489564580987142,0.0,0,0.0,0.0,0.004489564580987142,0.0,0.0
MAR06992,582,1.0868129611230949e-13,9.884501277845153e-14,9.031051478102504e-16,0.0,0,0.0,0.0,0.004304906394243486,0.0,0,0.0,0.0,0.004304906394243486,0.0,0.0
MAR03377,562,1.0868016648743455e-13,1.0215272377508128e-13,9.04472518952867e-16,0.0,0,0.0,0.0,0.0044576959055467585,0.0,0,0.0,0.0,0.0044576959055467585,0.0,0.0
MAR03811,550,1.0867428169479933e-13,1.0438731839005398e-13,9.046589366805674e-16,0.0,0,0.0,0.0,0.0045546887593671224,0.0,0,0.0,0.0,0.0045546887593671224,0.0,0.0
MAR12826,581,1.0867268072227625e-13,9.890550173518666e-14,9.013799960832426e-16,0.0,0,0.0,0.0,0.004312296689115291,0.0,0,0.0,0.0,0.004312296689115291,0.0,0.0
MAR08959,563,1.0866381802654463e-13,1.0202367753612267e-13,9.043705824596062e-16,0.0,0,0.0,0.0,0.004449799303901048,0.0,0,0.0,0.0,0.004449799303901048,0.0,0.0
MAR12154,571,1.0865953009907522e-13,1.0060309199238583e-13,9.02199447051062e-16,0.0,0,0.0,0.0,0.00438761958448344,0.0,0,0.0,0.0,0.00438761958448344,0.0,0.0
MAR00314,548,1.0865598769470146e-13,1.04819879579918e-13,9.02011124616924e-16,0.0,0,0.0,0.0,0.004571266087298871,0.0,0,0.0,0.0,0.004571266087298871,0.0,0.0
MAR01295,552,1.086409545256385e-13,1.0391664847732837e-13,9.041175792116422e-16,0.0,0,0.0,0.0,0.004538231229443332,0.0,0,0.0,0.0,0.004538231229443332,0.0,0.0
MAR10207,574,1.0863629005279859e-13,1.0026411452503614e-13,9.020316471101192e-16,0.0,0,0.0,0.0,0.004364747866934595,0.0,0,0.0,0.0,0.004364747866934595,0.0,0.0
MAR03181,554,1.0863351934815973e-13,1.0378539248072206e-13,9.016823635484865e-16,0.0,0,0.0,0.0,0.004521892203603858,0.0,0,0.0,0.0,0.004521892203603858,0.0,0.0
MAR04920,558,1.0861880888949201e-13,1.0285347638756573e-13,9.042832249540124e-16,0.0,0,0.0,0.0,0.004489564580987142,0.0,0,0.0,0.0,0.004489564580987142,0.0,0.0
MAR01689,577,1.0861329167078135e-13,9.972415636158753e-14,9.02591491526468e-16,0.0,0,0.0,0.0,0.004342113363096878,0.0,0,0.0,0.0,0.004342113363096878,0.0,0.0
MAR00244,565,1.0860614276149072e-13,1.0172460881851776e-13,9.016324472678337e-16,0.0,0,0.0,0.0,0.004434089734923025,0.0,0,0.0,0.0,0.004434089734923025,0.0,0.0
MAR03669,573,1.08602675039912e-13,1.001905941432858e-13,9.038179092760664e-16,0.0,0,0.0,0.0,0.0043723452321952965,0.0,0,0.0,0.0,0.0043723452321952965,0.0,0.0
MAR06246,550,1.0859676794180731e-13,1.0437934409553488e-13,9.049492510313739e-16,0.0,0,0.0,0.0,0.0045546887593671224,0.0,0,0.0,0.0,0.0045546887593671224,0.0,0.0
MAR00005,572,1.0859378664361531e-13,1.0059995667236427e-13,9.016728998433963e-16,0.0,0,0.0,0.0,0.004379969091767465,0.0,0,0.0,0.0,0.004379969091767465,0.0,0.0
MAR02181,569,1.0859190914182481e-13,1.0103062551247736e-13,9.022400172004143e-16,0.0,0,0.0,0.0,0.004403001029543098,0.0,0,0.0,0.0,0.004403001029543098,0.0,0.0
MAR03717,568,1.0858293919714207e-13,1.0113130691618809e-13,9.031385251141602e-16,0.0,0,0.0,0.0,0.004410732264444036,0.0,0,0.0,0.0,0.004410732264444036,0.0,0.0
MAR13040,598,1.085775839360501e-13,9.623551504909279e-14,9.020567087103733e-16,0.0,0,0.0,0.0,0.004190014686669523,0.0,0,0.0,0.0,0.004190014686669523,0.0,0.0
MAR01681,558,1.0856787392635509e-13,1.0296026105082038e-13,9.040331300057597e-16,0.0,0,0.0,0.0,0.004489564580987142,0.0,0,0.0,0.0,0.004489564580987142,0.0,0.0
MAR02587,569,1.0856693400172779e-13,1.0110760419461034e-13,9.01856572316299e-16,0.0,0,0.0,0.0,0.004403001029543098,0.0,0,0.0,0.0,0.004403001029543098,0.0,0.0
MAR11798,561,1.0854458548064275e-13,1.023386429267873e-13,9.036990367828235e-16,0.0,0,0.0,0.0,0.004465620583537596,0.0,0,0.0,0.0,0.004465620583537596,0.0,0.0
MAR12196,572,1.0854409834041531e-13,1.005229593929663e-13,9.016132797339325e-16,0.0,0,0.0,0.0,0.004379969091767465,0.0,0,0.0,0.0,0.004379969091767465,0.0,0.0
MAR02748,558,1.0854240644478663e-13,1.0298680785428523e-13,9.028989030078814e-16,0.0,0,0.0,0.0,0.004489564580987142,0.0,0,0.0,0.0,0.004489564580987142,0.0,0.0
MAR02709,574,1.085372597063512e-13,1.0021782895694774e-13,9.013530361770674e-16,0.0,0,0.0,0.0,0.004364747866934595,0.0,0,0.0,0.0,0.004364747866934595,0.0,0.0
MAR09214,554,1.0853091389895249e-13,1.0376167723116719e-13,9.01140157998667e-16,0.0,0,0.0,0.0,0.004521892203603858,0.0,0,0.0,0.0,0.004521892203603858,0.0,0.0
MAR09366,551,1.0852863274332129e-13,1.0426912632890053e-13,9.030980320804765e-16,0.0,0,0.0,0.0,0.004546445100963565,0.0,0,0.0,0.0,0.004546445100963565,0.0,0.0
MAR02312,562,1.0852844917730782e-13,1.0219520186988118e-13,9.030198042690591e-16,0.0,0,0.0,0.0,0.0044576959055467585,0.0,0,0.0,0.0,0.0044576959055467585,0.0,0.0
MAR01023,573,1.0852827265920413e-13,1.0030961125035652e-13,9.014666953347563e-16,0.0,0,0.0,0.0,0.0043723452321952965,0.0,0,0.0,0.0,0.0043723452321952965,0.0,0.0
MAR02242,575,1.0852150096426435e-13,9.991152280419971e-14,9.025270967926866e-16,0.0,0,0.0,0.0,0.004357176858116289,0.0,0,0.0,0.0,0.004357176858116289,0.0,0.0
MAR02090,566,1.0851468918569445e-13,1.0156092729356372e-13,9.008039549747346e-16,0.0,0,0.0,0.0,0.0044262764728495866,0.0,0,0.0,0.0,0.0044262764728495866,0.0,0.0
MAR02921,544,1.0851450457159765e-13,1.0554138168728386e-13,9.027966133523183e-16,0.0,0,0.0,0.0,0.004604785407758596,0.0,0,0.0,0.0,0.004604785407758596,0.0,0.0
MAR12676,544,1.0851450457159765e-13,1.0547891197221608e-13,9.029206647861617e-16,0.0,0,0.0,0.0,0.004604785407758596,0.0,0,0.0,0.0,0.004604785407758596,0.0,0.0
MAR06397,545,1.0849792012835879e-13,1.0538107726215367e-13,9.01431720387999e-16,0.0,0,0.0,0.0,0.004596359577531593,0.0,0,0.0,0.0,0.004596359577531593,0.0,0.0
MAR07121,558,1.0849147148164971e-13,1.0294504729030771e-13,9.039831076507272e-16,0.0,0,0.0,0.0,0.004489564580987142,0.0,0,0.0,0.0,0.004489564580987142,0.0,0.0
MAR00035,571,1.0848531646859113e-13,1.0068015153149956e-13,9.007335538693356e-16,0.0,0,0.0,0.0,0.00438761958448344,0.0,0,0.0,0.0,0.00438761958448344,0.0,0.0
MAR00680,559,1.0847534359528972e-13,1.0278449285280209e-13,9.035011357219592e-16,0.0,0,0.0,0.0,0.004481554769642852,0.0,0,0.0,0.0,0.004481554769642852,0.0,0.0
MAR02296,578,1.084745519091198e-13,9.955323092093471e-14,8.999400747055113e-16,0.0,0,0.0,0.0,0.004334620605899285,0.0,0,0.0,0.0,0.004334620605899285,0.0,0.0
MAR10019,567,1.084736846691257e-13,1.0133736095206818e-13,9.029565409101203e-16,0.0,0,0.0,0.0,0.00441849069762059,0.0,0,0.0,0.0,0.00441849069762059,0.0,0.0
MAR01608,575,1.0847207190438539e-13,9.997799824858585e-14,9.009498461717633e-16,0.0,0,0.0,0.0,0.004357176858116289,0.0,0,0.0,0.0,0.004357176858116289,0.0,0.0
MAR08459,574,1.0843822935990379e-13,1.0006339925828148e-13,9.023181026576797e-16,0.0,0,0.0,0.0,0.004364747866934595,0.0,0,0.0,0.0,0.004364747866934595,0.0,0.0
MAR09890,568,1.0843282453465754e-13,1.0117307578238096e-13,9.023631386163304e-16,0.0,0,0.0,0.0,0.004410732264444036,0.0,0,0.0,0.0,0.004410732264444036,0.0,0.0
MAR03226,563,1.0841140497654104e-13,1.0197029623955108e-13,9.013484603489095e-16,0.0,0,0.0,0.0,0.004449799303901048,0.0,0,0.0,0.0,0.004449799303901048,0.0,0.0
MAR06387,571,1.0841065348409795e-13,1.0058841428074007e-13,9.021999291565586e-16,0.0,0,0.0,0.0,0.00438761958448344,0.0,0,0.0,0.0,0.00438761958448344,0.0,0.0
MAR04991,576,1.0840711044895418e-13,9.969958604469893e-14,9.002229020104828e-16,0.0,0,0.0,0.0,0.004349632068826215,0.0,0,0.0,0.0,0.004349632068826215,0.0,0.0
MAR10082,578,1.084007931476222e-13,9.9534515724258e-14,9.002317461185272e-16,0.0,0,0.0,0.0,0.004334620605899285,0.0,0,0.0,0.0,0.004334620605899285,0.0,0.0
MAR08468,559,1.0839907782758738e-13,1.0274796133241568e-13,9.022291255845911e-16,0.0,0,0.0,0.0,0.004481554769642852,0.0,0,0.0,0.0,0.004481554769642852,0.0,0.0
MAR00621,559,1.0839907782758738e-13,1.0278194422221835e-13,8.999740897388858e-16,0.0,0,0.0,0.0,0.004481554769642852,0.0,0,0.0,0.0,0.004481554769642852,0.0,0.0
MAR06797,569,1.0839210802104867e-13,1.0098570804889035e-13,9.011417167073965e-16,0.0,0,0.0,0.0,0.004403001029543098,0.0,0,0.0,0.0,0.004403001029543098,0.0,0.0
MAR12333,577,1.0839163189186138e-13,9.948800011372009e-14,9.01826209028149e-16,0.0,0,0.0,0.0,0.004342113363096878,0.0,0,0.0,0.0,0.004342113363096878,0.0,0.0
MAR06282,561,1.0836726643785058e-13,1.0232979170432536e-13,9.018713753769747e-16,0.0,0,0.0,0.0,0.004465620583537596,0.0,0,0.0,0.0,0.004465620583537596,0.0,0.0
MAR02620,561,1.0836726643785058e-13,1.024883922494064e-13,9.01745687084778e-16,0.0,0,0.0,0.0,0.004465620583537596,0.0,0,0.0,0.0,0.004465620583537596,0.0,0.0
MAR09218,555,1.0833536270273816e-13,1.0350481047999228e-13,8.99170154174091e-16,0.0,0,0.0,0.0,0.004513766730450679,0.0,0,0.0,0.0,0.004513766730450679,0.0,0.0
MAR05070,578,1.0832703438612461e-13,9.939360039994483e-14,9.015341920920764e-16,0.0,0,0.0,0.0,0.004334620605899285,0.0,0,0.0,0.0,0.004334620605899285,0.0,0.0
MAR01810,547,1.0830905540708803e-13,1.0503425272421394e-13,8.991641930739798e-16,0.0,0,0.0,0.0,0.004579600085029117,0.0,0,0.0,0.0,0.004579600085029117,0.0,0.0
MAR09410,560,1.0830701415086098e-13,1.0258332234662433e-13,9.01545211664514e-16,0.0,0,0.0,0.0,0.0044735734878779895,0.0,0,0.0,0.0,0.0044735734878779895,0.0,0.0
MAR12820,565,1.0830431929851297e-13,1.0161282252056327e-13,8.995113971461796e-16,0.0,0,0.0,0.0,0.004434089734923025,0.0,0,0.0,0.0,0.004434089734923025,0.0,0.0
MAR01292,579,1.0828720380564981e-13,9.922467834321919e-14,9.007982834307769e-16,0.0,0,0.0,0.0,0.00432715366313485,0.0,0,0.0,0.0,0.00432715366313485,0.0,0.0
MAR06742,560,1.0828163762458384e-13,1.0256613453182838e-13,9.0209121493214e-16,0.0,0,0.0,0.0,0.0044735734878779895,0.0,0,0.0,0.0,0.0044735734878779895,0.0,0.0
MAR01456,573,1.0828026472351125e-13,1.0031385738451308e-13,8.988471812380041e-16,0.0,0,0.0,0.0,0.0043723452321952965,0.0,0,0.0,0.0,0.0043723452321952965,0.0,0.0
MAR02173,572,1.0827081267281527e-13,1.004425120773161e-13,9.013589928620843e-16,0.0,0,0.0,0.0,0.004379969091767465,0.0,0,0.0,0.0,0.004379969091767465,0.0,0.0
MAR07041,537,1.0826183731823351e-13,1.0680577338006488e-13,9.017565502945302e-16,0.0,0,0.0,0.0,0.004664642427888463,0.0,0,0.0,0.0,0.004664642427888463,0.0,0.0
MAR09730,537,1.0826183731823351e-13,1.0690808426369925e-13,9.006570367648464e-16,0.0,0,0.0,0.0,0.004664642427888463,0.0,0,0.0,0.0,0.004664642427888463,0.0,0.0
MAR11831,571,1.0826132751511159e-13,1.0060407335319976e-13,8.992992441618538e-16,0.0,0,0.0,0.0,0.00438761958448344,0.0,0,0.0,0.0,0.00438761958448344,0.0,0.0
MAR12964,559,1.082465462921827e-13,1.0274211201211465e-13,9.013696193218868e-16,0.0,0,0.0,0.0,0.004481554769642852,0.0,0,0.0,0.0,0.004481554769642852,0.0,0.0
MAR02754,574,1.0824016866700899e-13,1.0016100288225867e-13,9.002346086005359e-16,0.0,0,0.0,0.0,0.004364747866934595,0.0,0,0.0,0.0,0.004364747866934595,0.0,0.0
MAR12302,558,1.0823679666596508e-13,1.0281769492753354e-13,9.01249028178031e-16,0.0,0,0.0,0.0,0.004489564580987142,0.0,0,0.0,0.0,0.004489564580987142,0.0,0.0
MAR02964,550,1.0823503709451126e-13,1.0449097926531711e-13,8.998724349803948e-16,0.0,0,0.0,0.0,0.0045546887593671224,0.0,0,0.0,0.0,0.0045546887593671224,0.0,0.0
MAR00422,570,1.0822687775209105e-13,1.0080101490506974e-13,9.011547938126882e-16,0.0,0,0.0,0.0,0.004395296850147243,0.0,0,0.0,0.0,0.004395296850147243,0.0,0.0
MAR03312,562,1.082250145570544e-13,1.0225930394240772e-13,8.983249823711422e-16,0.0,0,0.0,0.0,0.0044576959055467585,0.0,0,0.0,0.0,0.0044576959055467585,0.0,0.0
MAR12597,569,1.0821728204036956e-13,1.0089395951191789e-13,8.987646411023185e-16,0.0,0,0.0,0.0,0.004403001029543098,0.0,0,0.0,0.0,0.004403001029543098,0.0,0.0
MAR07705,581,1.0820795397599598e-13,9.884139566350128e-14,9.005817884127184e-16,0.0,0,0.0,0.0,0.004312296689115291,0.0,0,0.0,0.0,0.004312296689115291,0.0,0.0
MAR11348,569,1.0819230690027254e-13,1.0094622342694063e-13,8.983195392385037e-16,0.0,0,0.0,0.0,0.004403001029543098,0.0,0,0.0,0.0,0.004403001029543098,0.0,0.0
MAR01282,553,1.0818751962206226e-13,1.0384784109961572e-13,9.004158603333773e-16,0.0,0,0.0,0.0,0.00453004698365408,0.0,0,0.0,0.0,0.00453004698365408,0.0,0.0
MAR01059,562,1.081744421203455e-13,1.022892419855992e-13,8.976310820372125e-16,0.0,0,0.0,0.0,0.0044576959055467585,0.0,0,0.0,0.0,0.0044576959055467585,0.0,0.0
MAR04913,578,1.0813034435546437e-13,9.93552722610552e-14,8.979325031824553e-16,0.0,0,0.0,0.0,0.004334620605899285,0.0,0,0.0,0.0,0.004334620605899285,0.0,0.0
MAR09238,576,1.081110509757208e-13,9.989478052520967e-14,8.973417564099818e-16,0.0,0,0.0,0.0,0.004349632068826215,0.0,0,0.0,0.0,0.004349632068826215,0.0,0.0
MAR12296,568,1.081075760992744e-13,1.0123299503823108e-13,8.975305901548231e-16,0.0,0,0.0,0.0,0.004410732264444036,0.0,0,0.0,0.0,0.004410732264444036,0.0,0.0
MAR10483,587,1.0809449114714982e-13,9.815238639011468e-14,8.976797687375639e-16,0.0,0,0.0,0.0,0.004268331649559446,0.0,0,0.0,0.0,0.004268331649559446,0.0,0.0
MAR08454,548,1.0808547892876269e-13,1.0459953060870434e-13,8.999734390264165e-16,0.0,0,0.0,0.0,0.004571266087298871,0.0,0,0.0,0.0,0.004571266087298871,0.0,0.0
MAR10384,540,1.0808144502839744e-13,1.0658111085250109e-13,8.983397906248251e-16,0.0,0,0.0,0.0,0.00463879992662872,0.0,0,0.0,0.0,0.00463879992662872,0.0,0.0
MAR02094,570,1.0807728980772051e-13,1.0079382853901172e-13,8.9735071227126e-16,0.0,0,0.0,0.0,0.004395296850147243,0.0,0,0.0,0.0,0.004395296850147243,0.0,0.0
MAR11952,564,1.0806800686791028e-13,1.0178526782548423e-13,8.989042040016239e-16,0.0,0,0.0,0.0,0.004441930629657058,0.0,0,0.0,0.0,0.004441930629657058,0.0,0.0
MAR10127,586,1.0806069728829374e-13,9.826729076421934e-14,8.971721395266104e-16,0.0,0,0.0,0.0,0.004275596795360198,0.0,0,0.0,0.0,0.004275596795360198,0.0,0.0
MAR09640,573,1.0803225678781838e-13,1.0038717608665607e-13,8.97118375582258e-16,0.0,0,0.0,0.0,0.0043723452321952965,0.0,0,0.0,0.0,0.0043723452321952965,0.0,0.0
MAR01300,578,1.0803199934013426e-13,9.945216234271895e-14,8.966940681277475e-16,0.0,0,0.0,0.0,0.004334620605899285,0.0,0,0.0,0.0,0.004334620605899285,0.0,0.0
MAR01151,575,1.080272103654747e-13,9.99811996845577e-14,8.972414777731463e-16,0.0,0,0.0,0.0,0.004357176858116289,0.0,0,0.0,0.0,0.004357176858116289,0.0,0.0
MAR12979,569,1.0801748091959344e-13,1.0094044645920269e-13,8.997901141891931e-16,0.0,0,0.0,0.0,0.004403001029543098,0.0,0,0.0,0.0,0.004403001029543098,0.0,0.0
MAR00956,574,1.0801735038750234e-13,1.0024001449915056e-13,8.967592120719721e-16,0.0,0,0.0,0.0,0.004364747866934595,0.0,0,0.0,0.0,0.004364747866934595,0.0,0.0
MAR00370,571,1.0801245090013432e-13,1.0065243453995076e-13,8.969398599992103e-16,0.0,0,0.0,0.0,0.00438761958448344,0.0,0,0.0,0.0,0.00438761958448344,0.0,0.0
MAR09623,571,1.0798756323863659e-13,1.0075345313726907e-13,8.969484435672645e-16,0.0,0,0.0,0.0,0.00438761958448344,0.0,0,0.0,0.0,0.00438761958448344,0.0,0.0
MAR04674,567,1.079724199525401e-13,1.0124634354416455e-13,8.97750378518141e-16,0.0,0,0.0,0.0,0.00441849069762059,0.0,0,0.0,0.0,0.00441849069762059,0.0,0.0
MAR07108,562,1.0794686615515543e-13,1.0226368328091324e-13,8.974144291553044e-16,0.0,0,0.0,0.0,0.0044576959055467585,0.0,0,0.0,0.0,0.0044576959055467585,0.0,0.0
MAR01602,574,1.0794307762766678e-13,1.0007837206084957e-13,8.967144084662918e-16,0.0,0,0.0,0.0,0.004364747866934595,0.0,0,0.0,0.0,0.004364747866934595,0.0,0.0
MAR01255,571,1.0793778791564113e-13,1.0061087218010152e-13,8.988881913949757e-16,0.0,0,0.0,0.0,0.00438761958448344,0.0,0,0.0,0.0,0.00438761958448344,0.0,0.0
MAR12499,578,1.0793365432480415e-13,9.946852974564391e-14,8.95946190702312e-16,0.0,0,0.0,0.0,0.004334620605899285,0.0,0,0.0,0.0,0.004334620605899285,0.0,0.0
MAR02522,558,1.0793118688714353e-13,1.0297705218981702e-13,8.984858568133324e-16,0.0,0,0.0,0.0,0.004489564580987142,0.0,0,0.0,0.0,0.004489564580987142,0.0,0.0
MAR04377,580,1.0792899141459453e-13,9.908579299084494e-14,8.958635601200105e-16,0.0,0,0.0,0.0,0.004319712401627411,0.0,0,0.0,0.0,0.004319712401627411,0.0,0.0
MAR12672,575,1.0792835224571679e-13,9.98892822038814e-14,8.961565089102034e-16,0.0,0,0.0,0.0,0.004357176858116289,0.0,0,0.0,0.0,0.004357176858116289,0.0,0.0
MAR00102,572,1.0792299455041521e-13,1.005036183346086e-13,8.95638595817048e-16,0.0,0,0.0,0.0,0.004379969091767465,0.0,0,0.0,0.0,0.004379969091767465,0.0,0.0
MAR06188,567,1.0792229348088154e-13,1.0118248733423636e-13,8.979503222517814e-16,0.0,0,0.0,0.0,0.00441849069762059,0.0,0,0.0,0.0,0.00441849069762059,0.0,0.0
MAR11990,564,1.0791682756242941e-13,1.0173698505203191e-13,8.980768161007788e-16,0.0,0,0.0,0.0,0.004441930629657058,0.0,0,0.0,0.0,0.004441930629657058,0.0,0.0
MAR08753,546,1.0790879789235807e-13,1.0520926548530228e-13,8.966832923416383e-16,0.0,0,0.0,0.0,0.004587964526068459,0.0,0,0.0,0.0,0.004587964526068459,0.0,0.0
MAR01066,563,1.0790657887653386e-13,1.0205858986938856e-13,8.965080745921918e-16,0.0,0,0.0,0.0,0.004449799303901048,0.0,0,0.0,0.0,0.004449799303901048,0.0,0.0
MAR04522,566,1.0788700125657775e-13,1.0132049117905769e-13,8.983185679301846e-16,0.0,0,0.0,0.0,0.0044262764728495866,0.0,0,0.0,0.0,0.0044262764728495866,0.0,0.0
MAR08040,558,1.0788025192400661e-13,1.0293582366798251e-13,8.979224783401234e-16,0.0,0,0.0,0.0,0.004489564580987142,0.0,0,0.0,0.0,0.004489564580987142,0.0,0.0
MAR07017,564,1.0786643446060244e-13,1.0191281610499972e-13,8.964385443831884e-16,0.0,0,0.0,0.0,0.004441930629657058,0.0,0,0.0,0.0,0.004441930629657058,0.0,0.0
MAR00400,571,1.0786312493114796e-13,1.0065000918727839e-13,8.956559338151573e-16,0.0,0,0.0,0.0,0.00438761958448344,0.0,0,0.0,0.0,0.00438761958448344,0.0,0.0
MAR00939,570,1.0785290789116468e-13,1.0084702752709476e-13,8.971118254426178e-16,0.0,0,0.0,0.0,0.004395296850147243,0.0,0,0.0,0.0,0.004395296850147243,0.0,0.0
MAR11445,584,1.0784676044139603e-13,9.84346118248407e-14,8.957824629015536e-16,0.0,0,0.0,0.0,0.004290201536487618,0.0,0,0.0,0.0,0.004290201536487618,0.0,0.0
MAR01667,564,1.0784123790968896e-13,1.0187143329807312e-13,8.979468367839167e-16,0.0,0,0.0,0.0,0.004441930629657058,0.0,0,0.0,0.0,0.004441930629657058,0.0,0.0
MAR00077,573,1.0783385043926408e-13,1.003279275315967e-13,8.954392653870435e-16,0.0,0,0.0,0.0,0.0043723452321952965,0.0,0,0.0,0.0,0.0043723452321952965,0.0,0.0
MAR12206,575,1.0782949412595886e-13,9.983270552233567e-14,8.975300339803742e-16,0.0,0,0.0,0.0,0.004357176858116289,0.0,0,0.0,0.0,0.004357176858116289,0.0,0.0
MAR07109,565,1.0782643214879822e-13,1.016708520850054e-13,8.95865508724836e-16,0.0,0,0.0,0.0,0.004434089734923025,0.0,0,0.0,0.0,0.004434089734923025,0.0,0.0
MAR08879,581,1.0781660513702312e-13,9.889662518195057e-14,8.957396212116666e-16,0.0,0,0.0,0.0,0.004312296689115291,0.0,0,0.0,0.0,0.004312296689115291,0.0,0.0
MAR10264,542,1.0781371695370967e-13,1.0612886370201915e-13,8.982138280125641e-16,0.0,0,0.0,0.0,0.00462173008405905,0.0,0,0.0,0.0,0.00462173008405905,0.0,0.0
MAR10218,565,1.0780128019355007e-13,1.0192184358893073e-13,8.959473318891043e-16,0.0,0,0.0,0.0,0.004434089734923025,0.0,0,0.0,0.0,0.004434089734923025,0.0,0.0
MAR02060,593,1.0776764528543577e-13,9.70297279026642e-14,8.955591337424901e-16,0.0,0,0.0,0.0,0.0042252540320499845,0.0,0,0.0,0.0,0.0042252540320499845,0.0,0.0
MAR11647,573,1.0775944805855621e-13,1.0025379335464259e-13,8.947180325208538e-16,0.0,0,0.0,0.0,0.0043723452321952965,0.0,0,0.0,0.0,0.0043723452321952965,0.0,0.0
MAR02659,592,1.0775764664956384e-13,9.711482185539986e-14,8.962495521137049e-16,0.0,0,0.0,0.0,0.004232373150611237,0.0,0,0.0,0.0,0.004232373150611237,0.0,0.0
MAR04543,596,1.0774975244630513e-13,9.641095334318022e-14,8.945608553718133e-16,0.0,0,0.0,0.0,0.0042040396523125,0.0,0,0.0,0.0,0.0042040396523125,0.0,0.0
MAR10134,567,1.0774685083007657e-13,1.0146355137060418e-13,8.947253396155805e-16,0.0,0,0.0,0.0,0.00441849069762059,0.0,0,0.0,0.0,0.00441849069762059,0.0,0.0
MAR12216,552,1.0773990395492823e-13,1.0401744430392163e-13,8.94905460026039e-16,0.0,0,0.0,0.0,0.004538231229443332,0.0,0,0.0,0.0,0.004538231229443332,0.0,0.0
MAR07014,597,1.0773589353602055e-13,9.635173613850136e-14,8.946822629764262e-16,0.0,0,0.0,0.0,0.004197015452904686,0.0,0,0.0,0.0,0.004197015452904686,0.0,0.0
MAR07062,573,1.0773464726498691e-13,1.0023455519334572e-13,8.97700666830851e-16,0.0,0,0.0,0.0,0.0043723452321952965,0.0,0,0.0,0.0,0.0043723452321952965,0.0,0.0
MAR10395,549,1.0773329203036564e-13,1.0482932914910792e-13,8.973128453420018e-16,0.0,0,0.0,0.0,0.004562962366977274,0.0,0,0.0,0.0,0.004562962366977274,0.0,0.0
MAR02623,556,1.0773156946866267e-13,1.0336588732324663e-13,8.96747875386123e-16,0.0,0,0.0,0.0,0.0045056704064922026,0.0,0,0.0,0.0,0.0045056704064922026,0.0,0.0
MAR01251,547,1.0771152403880714e-13,1.048766192614609e-13,8.957359590412774e-16,0.0,0,0.0,0.0,0.004579600085029117,0.0,0,0.0,0.0,0.004579600085029117,0.0,0.0
MAR06633,548,1.0769649567925899e-13,1.0475739496541478e-13,8.962761322721304e-16,0.0,0,0.0,0.0,0.004571266087298871,0.0,0,0.0,0.0,0.004571266087298871,0.0,0.0
MAR08353,540,1.0768669906408628e-13,1.0624299703357501e-13,8.96985315173606e-16,0.0,0,0.0,0.0,0.00463879992662872,0.0,0,0.0,0.0,0.00463879992662872,0.0,0.0
MAR12425,545,1.076635213193928e-13,1.0528819392226337e-13,8.96443674812598e-16,0.0,0,0.0,0.0,0.004596359577531593,0.0,0,0.0,0.0,0.004596359577531593,0.0,0.0
MAR07111,555,1.076440238247013e-13,1.0334525061150525e-13,8.960250601914352e-16,0.0,0,0.0,0.0,0.004513766730450679,0.0,0,0.0,0.0,0.004513766730450679,0.0,0.0
MAR09188,576,1.0764229014310129e-13,9.979378156375583e-14,8.943530243994097e-16,0.0,0,0.0,0.0,0.004349632068826215,0.0,0,0.0,0.0,0.004349632068826215,0.0,0.0
MAR06180,578,1.076386192788138e-13,9.946421359982531e-14,8.936471240813602e-16,0.0,0,0.0,0.0,0.004334620605899285,0.0,0,0.0,0.0,0.004334620605899285,0.0,0.0
MAR04121,554,1.0763311621838919e-13,1.0364424631960145e-13,8.96046653448087e-16,0.0,0,0.0,0.0,0.004521892203603858,0.0,0,0.0,0.0,0.004521892203603858,0.0,0.0
MAR03723,575,1.07631777886443e-13,9.982656806631762e-14,8.954986433884444e-16,0.0,0,0.0,0.0,0.004357176858116289,0.0,0,0.0,0.0,0.004357176858116289,0.0,0.0
MAR02346,553,1.0762216916322964e-13,1.0369597687301319e-13,8.96316529614536e-16,0.0,0,0.0,0.0,0.00453004698365408,0.0,0,0.0,0.0,0.00453004698365408,0.0,0.0
MAR05374,561,1.0760732768302694e-13,1.021680631610781e-13,8.959736725011894e-16,0.0,0,0.0,0.0,0.004465620583537596,0.0,0,0.0,0.0,0.004465620583537596,0.0,0.0
MAR09936,561,1.0760732768302694e-13,1.0249546676303496e-13,8.93386972246429e-16,0.0,0,0.0,0.0,0.004465620583537596,0.0,0,0.0,0.0,0.004465620583537596,0.0,0.0
MAR01291,572,1.0757517642801517e-13,1.005020627548524e-13,8.930951192874659e-16,0.0,0,0.0,0.0,0.004379969091767465,0.0,0,0.0,0.0,0.004379969091767465,0.0,0.0
MAR02350,558,1.0757464214518507e-13,1.0275701875713334e-13,8.947226539757424e-16,0.0,0,0.0,0.0,0.004489564580987142,0.0,0,0.0,0.0,0.004489564580987142,0.0,0.0
MAR06175,555,1.0756720839380833e-13,1.0338726575993336e-13,8.953721574961462e-16,0.0,0,0.0,0.0,0.004513766730450679,0.0,0,0.0,0.0,0.004513766730450679,0.0,0.0
MAR00981,570,1.0755373200242359e-13,1.0078255888903356e-13,8.953431438277457e-16,0.0,0,0.0,0.0,0.004395296850147243,0.0,0,0.0,0.0,0.004395296850147243,0.0,0.0
MAR02250,560,1.075457183625466e-13,1.0253516971163603e-13,8.95010625441917e-16,0.0,0,0.0,0.0,0.0044735734878779895,0.0,0,0.0,0.0,0.0044735734878779895,0.0,0.0
MAR02310,580,1.0753696783624413e-13,9.90403877117928e-14,8.92845891319381e-16,0.0,0,0.0,0.0,0.004319712401627411,0.0,0,0.0,0.0,0.004319712401627411,0.0,0.0
MAR03337,570,1.0750386935430008e-13,1.006995078857818e-13,8.946940668429335e-16,0.0,0,0.0,0.0,0.004395296850147243,0.0,0,0.0,0.0,0.004395296850147243,0.0,0.0
MAR01199,570,1.0750386935430008e-13,1.0079914086399666e-13,8.946838470879899e-16,0.0,0,0.0,0.0,0.004395296850147243,0.0,0,0.0,0.0,0.004395296850147243,0.0,0.0
MAR05042,574,1.0749744106865349e-13,1.0008411722321058e-13,8.94374132388132e-16,0.0,0,0.0,0.0,0.004364747866934595,0.0,0,0.0,0.0,0.004364747866934595,0.0,0.0
MAR02039,555,1.0749039296291534e-13,1.033563175235828e-13,8.95070563268591e-16,0.0,0,0.0,0.0,0.004513766730450679,0.0,0,0.0,0.0,0.004513766730450679,0.0,0.0
MAR12371,582,1.074848495813045e-13,9.878474989625463e-14,8.92176305848513e-16,0.0,0,0.0,0.0,0.004304906394243486,0.0,0,0.0,0.0,0.004304906394243486,0.0,0.0
MAR02598,568,1.0743206011809402e-13,1.0122567479822727e-13,8.917901501220983e-16,0.0,0,0.0,0.0,0.004410732264444036,0.0,0,0.0,0.0,0.004410732264444036,0.0,0.0
MAR09793,579,1.0742817113720064e-13,9.934618716810883e-14,8.919387354555582e-16,0.0,0,0.0,0.0,0.00432715366313485,0.0,0,0.0,0.0,0.00432715366313485,0.0,0.0
MAR12783,577,1.0740647731888377e-13,9.948032077143373e-14,8.938672890319755e-16,0.0,0,0.0,0.0,0.004342113363096878,0.0,0,0.0,0.0,0.004342113363096878,0.0,0.0
MAR10152,565,1.0739884890957974e-13,1.018082792056094e-13,8.920239970368271e-16,0.0,0,0.0,0.0,0.004434089734923025,0.0,0,0.0,0.0,0.004434089734923025,0.0,0.0
MAR01319,575,1.0738463258704819e-13,9.986574931808503e-14,8.940539511521297e-16,0.0,0,0.0,0.0,0.004357176858116289,0.0,0,0.0,0.0,0.004357176858116289,0.0,0.0
MAR12289,581,1.0737633769317866e-13,9.886850566958342e-14,8.916296276230342e-16,0.0,0,0.0,0.0,0.004312296689115291,0.0,0,0.0,0.0,0.004312296689115291,0.0,0.0
MAR11322,569,1.0736812727707103e-13,1.0103181189227295e-13,8.921647206484287e-16,0.0,0,0.0,0.0,0.004403001029543098,0.0,0,0.0,0.0,0.004403001029543098,0.0,0.0
MAR02047,554,1.0735095123306929e-13,1.035365574264575e-13,8.937727749495967e-16,0.0,0,0.0,0.0,0.004521892203603858,0.0,0,0.0,0.0,0.004521892203603858,0.0,0.0
MAR03088,571,1.0731559637819797e-13,1.0063356990579809e-13,8.932680031554485e-16,0.0,0,0.0,0.0,0.00438761958448344,0.0,0,0.0,0.0,0.00438761958448344,0.0,0.0
MAR01736,564,1.0731211034050591e-13,1.0186740935622597e-13,8.931393593609214e-16,0.0,0,0.0,0.0,0.004441930629657058,0.0,0,0.0,0.0,0.004441930629657058,0.0,0.0
MAR12191,568,1.0730696456602358e-13,1.010780179281452e-13,8.931581915623684e-16,0.0,0,0.0,0.0,0.004410732264444036,0.0,0,0.0,0.0,0.004410732264444036,0.0,0.0
MAR02973,552,1.0730225082058324e-13,1.0400897414548493e-13,8.931461877278209e-16,0.0,0,0.0,0.0,0.004538231229443332,0.0,0,0.0,0.0,0.004538231229443332,0.0,0.0
MAR00326,572,1.0730189076041513e-13,1.0042508513587638e-13,8.933862665590824e-16,0.0,0,0.0,0.0,0.004379969091767465,0.0,0,0.0,0.0,0.004379969091767465,0.0,0.0
MAR00368,549,1.0729324734883844e-13,1.0445482915787777e-13,8.930573549542996e-16,0.0,0,0.0,0.0,0.004562962366977274,0.0,0,0.0,0.0,0.004562962366977274,0.0,0.0
MAR00164,555,1.0728555181386738e-13,1.0336301177714348e-13,8.936084363150089e-16,0.0,0,0.0,0.0,0.004513766730450679,0.0,0,0.0,0.0,0.004513766730450679,0.0,0.0
MAR11385,586,1.0728467791818032e-13,9.811497234481503e-14,8.91282105553378e-16,0.0,0,0.0,0.0,0.004275596795360198,0.0,0,0.0,0.0,0.004275596795360198,0.0,0.0
MAR07060,557,1.0725751027416378e-13,1.0317388938445274e-13,8.914664747283419e-16,0.0,0,0.0,0.0,0.004497603075155535,0.0,0,0.0,0.0,0.004497603075155535,0.0,0.0
MAR00268,572,1.0722735830561512e-13,1.0042450111137621e-13,8.904330075233878e-16,0.0,0,0.0,0.0,0.004379969091767465,0.0,0,0.0,0.0,0.004379969091767465,0.0,0.0
MAR06781,571,1.0721604573220706e-13,1.0065043303198553e-13,8.917826273789177e-16,0.0,0,0.0,0.0,0.00438761958448344,0.0,0,0.0,0.0,0.00438761958448344,0.0,0.0
MAR02704,567,1.071954596418324e-13,1.0146009294371777e-13,8.900927494448903e-16,0.0,0,0.0,0.0,0.00441849069762059,0.0,0,0.0,0.0,0.00441849069762059,0.0,0.0
MAR02546,556,1.0719482855316043e-13,1.0325712931219487e-13,8.919820656769623e-16,0.0,0,0.0,0.0,0.0045056704064922026,0.0,0,0.0,0.0,0.0045056704064922026,0.0,0.0
MAR08756,564,1.0718612758593852e-13,1.01849197344857e-13,8.925871684831511e-16,0.0,0,0.0,0.0,0.004441930629657058,0.0,0,0.0,0.0,0.004441930629657058,0.0,0.0
MAR09581,587,1.0717453803100386e-13,9.800051335251344e-14,8.903312501768663e-16,0.0,0,0.0,0.0,0.004268331649559446,0.0,0,0.0,0.0,0.004268331649559446,0.0,0.0
MAR12956,580,1.0716944573154062e-13,9.917911635631384e-14,8.903045107037117e-16,0.0,0,0.0,0.0,0.004319712401627411,0.0,0,0.0,0.0,0.004319712401627411,0.0,0.0
MAR00945,584,1.0716541809203702e-13,9.842444478517086e-14,8.899935583026386e-16,0.0,0,0.0,0.0,0.004290201536487618,0.0,0,0.0,0.0,0.004290201536487618,0.0,0.0
MAR07954,536,1.0716469171426585e-13,1.0700983872860379e-13,8.920985983561568e-16,0.0,0,0.0,0.0,0.004673320699286043,0.0,0,0.0,0.0,0.004673320699286043,0.0,0.0
MAR06186,586,1.0713917428628404e-13,9.802493640756567e-14,8.897405508982621e-16,0.0,0,0.0,0.0,0.004275596795360198,0.0,0,0.0,0.0,0.004275596795360198,0.0,0.0
MAR00679,564,1.0713573448411156e-13,1.0192775416023802e-13,8.904525525914142e-16,0.0,0,0.0,0.0,0.004441930629657058,0.0,0,0.0,0.0,0.004441930629657058,0.0,0.0
MAR02158,542,1.0713201543600624e-13,1.0578195693011225e-13,8.91870222649137e-16,0.0,0,0.0,0.0,0.00462173008405905,0.0,0,0.0,0.0,0.00462173008405905,0.0,0.0
MAR11872,557,1.0712994425338099e-13,1.0291686990337774e-13,8.91318138574868e-16,0.0,0,0.0,0.0,0.004497603075155535,0.0,0,0.0,0.0,0.004497603075155535,0.0,0.0
MAR11266,561,1.071260331383053e-13,1.0233561492366579e-13,8.911097319945283e-16,0.0,0,0.0,0.0,0.004465620583537596,0.0,0,0.0,0.0,0.004465620583537596,0.0,0.0
MAR12780,560,1.071143174158351e-13,1.025258946754249e-13,8.920077728184599e-16,0.0,0,0.0,0.0,0.0044735734878779895,0.0,0,0.0,0.0,0.0044735734878779895,0.0,0.0
MAR02288,565,1.0709702544660201e-13,1.0162892962284498e-13,8.912331934953891e-16,0.0,0,0.0,0.0,0.004434089734923025,0.0,0,0.0,0.0,0.004434089734923025,0.0,0.0
MAR03331,553,1.0705681870439702e-13,1.0371551779156536e-13,8.901593069441005e-16,0.0,0,0.0,0.0,0.00453004698365408,0.0,0,0.0,0.0,0.00453004698365408,0.0,0.0
MAR12235,574,1.0705180450964018e-13,1.0007247172425677e-13,8.888473398363253e-16,0.0,0,0.0,0.0,0.004364747866934595,0.0,0,0.0,0.0,0.004364747866934595,0.0,0.0
MAR09792,576,1.0702549957386509e-13,9.980957683775435e-14,8.907612867271063e-16,0.0,0,0.0,0.0,0.004349632068826215,0.0,0,0.0,0.0,0.004349632068826215,0.0,0.0
MAR02165,561,1.0699937667916803e-13,1.0225223920718034e-13,8.91097695994693e-16,0.0,0,0.0,0.0,0.004465620583537596,0.0,0,0.0,0.0,0.004465620583537596,0.0,0.0
MAR00020,577,1.069877866253683e-13,9.9560785045787e-14,8.90709408501517e-16,0.0,0,0.0,0.0,0.004342113363096878,0.0,0,0.0,0.0,0.004342113363096878,0.0,0.0
MAR00320,579,1.069863829077125e-13,9.920904105680841e-14,8.905550448113184e-16,0.0,0,0.0,0.0,0.00432715366313485,0.0,0,0.0,0.0,0.00432715366313485,0.0,0.0
MAR00672,565,1.0697126567036128e-13,1.0169029777190433e-13,8.90804590437252e-16,0.0,0,0.0,0.0,0.004434089734923025,0.0,0,0.0,0.0,0.004434089734923025,0.0,0.0
MAR01312,568,1.0693167790981226e-13,1.0113791924244957e-13,8.907150192782245e-16,0.0,0,0.0,0.0,0.004410732264444036,0.0,0,0.0,0.0,0.004410732264444036,0.0,0.0
MAR00974,568,1.0693167790981226e-13,1.0115692680079626e-13,8.879037147577099e-16,0.0,0,0.0,0.0,0.004410732264444036,0.0,0,0.0,0.0,0.004410732264444036,0.0,0.0
MAR06899,561,1.0692338280368567e-13,1.0240107381282314e-13,8.883602856787445e-16,0.0,0,0.0,0.0,0.004465620583537596,0.0,0,0.0,0.0,0.004465620583537596,0.0,0.0
MAR00156,560,1.0691130520561793e-13,1.0260090402327169e-13,8.8803428732563075e-16,0.0,0,0.0,0.0,0.0044735734878779895,0.0,0,0.0,0.0,0.0044735734878779895,0.0,0.0
MAR11286,566,1.0690780808715571e-13,1.0147085786637627e-13,8.881271478401944e-16,0.0,0,0.0,0.0,0.0044262764728495866,0.0,0,0.0,0.0,0.0044262764728495866,0.0,0.0
MAR08102,575,1.0689034198825854e-13,9.989653114894682e-14,8.896640146157687e-16,0.0,0,0.0,0.0,0.004357176858116289,0.0,0,0.0,0.0,0.004357176858116289,0.0,0.0
MAR01095,562,1.0688484498426845e-13,1.0207823002998407e-13,8.893879278108339e-16,0.0,0,0.0,0.0,0.0044576959055467585,0.0,0,0.0,0.0,0.0044576959055467585,0.0,0.0
MAR02045,562,1.0688484498426845e-13,1.0222294629247132e-13,8.874972472355737e-16,0.0,0,0.0,0.0,0.0044576959055467585,0.0,0,0.0,0.0,0.0044576959055467585,0.0,0.0
MAR01219,564,1.0688376897497677e-13,1.0187257633293244e-13,8.875001026953107e-16,0.0,0,0.0,0.0,0.004441930629657058,0.0,0,0.0,0.0,0.004441930629657058,0.0,0.0
MAR12777,572,1.0685469603161507e-13,1.0041964611444931e-13,8.873340331852518e-16,0.0,0,0.0,0.0,0.004379969091767465,0.0,0,0.0,0.0,0.004379969091767465,0.0,0.0
MAR05100,565,1.0684550589412055e-13,1.0160669810513333e-13,8.872953310969578e-16,0.0,0,0.0,0.0,0.004434089734923025,0.0,0,0.0,0.0,0.004434089734923025,0.0,0.0
MAR12693,554,1.0683792398703312e-13,1.0357077081110756e-13,8.892106649753069e-16,0.0,0,0.0,0.0,0.004521892203603858,0.0,0,0.0,0.0,0.004521892203603858,0.0,0.0
MAR12890,568,1.0683160146815591e-13,1.0112964856537171e-13,8.890755625805881e-16,0.0,0,0.0,0.0,0.004410732264444036,0.0,0,0.0,0.0,0.004410732264444036,0.0,0.0
MAR08360,569,1.0681867419493667e-13,1.0092416966324185e-13,8.89159699553926e-16,0.0,0,0.0,0.0,0.004403001029543098,0.0,0,0.0,0.0,0.004403001029543098,0.0,0.0
MAR06127,569,1.0681867419493667e-13,1.0095119743199176e-13,8.872943949876796e-16,0.0,0,0.0,0.0,0.004403001029543098,0.0,0,0.0,0.0,0.004403001029543098,0.0,0.0
MAR01487,577,1.0681538457509721e-13,9.956850008649405e-14,8.871897283091174e-16,0.0,0,0.0,0.0,0.004342113363096878,0.0,0,0.0,0.0,0.004342113363096878,0.0,0.0
MAR10031,577,1.0681538457509721e-13,9.979058501122548e-14,8.872525637033748e-16,0.0,0,0.0,0.0,0.004342113363096878,0.0,0,0.0,0.0,0.004342113363096878,0.0,0.0
MAR05202,576,1.0680345496894006e-13,9.967083547376837e-14,8.890412425019007e-16,0.0,0,0.0,0.0,0.004349632068826215,0.0,0,0.0,0.0,0.004349632068826215,0.0,0.0
MAR00106,549,1.0680143270477862e-13,1.046037586199822e-13,8.886883713068999e-16,0.0,0,0.0,0.0,0.004562962366977274,0.0,0,0.0,0.0,0.004562962366977274,0.0,0.0
MAR06177,571,1.067929554867457e-13,1.0053529952398767e-13,8.891269803409586e-16,0.0,0,0.0,0.0,0.00438761958448344,0.0,0,0.0,0.0,0.00438761958448344,0.0,0.0
MAR02515,573,1.0679221710935397e-13,1.0034845101267346e-13,8.887047873576395e-16,0.0,0,0.0,0.0,0.0043723452321952965,0.0,0,0.0,0.0,0.0043723452321952965,0.0,0.0
MAR02984,549,1.0677554772351232e-13,1.0450839533348919e-13,8.884872869342128e-16,0.0,0,0.0,0.0,0.004562962366977274,0.0,0,0.0,0.0,0.004562962366977274,0.0,0.0
MAR00414,567,1.0674432139690535e-13,1.013360444192848e-13,8.866505526781176e-16,0.0,0,0.0,0.0,0.00441849069762059,0.0,0,0.0,0.0,0.00441849069762059,0.0,0.0
MAR01090,579,1.0671640121191419e-13,9.928883100477448e-14,8.863821925610912e-16,0.0,0,0.0,0.0,0.00432715366313485,0.0,0,0.0,0.0,0.00432715366313485,0.0,0.0
MAR09280,548,1.0671107144718293e-13,1.0469162663782701e-13,8.875821225777253e-16,0.0,0,0.0,0.0,0.004571266087298871,0.0,0,0.0,0.0,0.004571266087298871,0.0,0.0
MAR11476,566,1.0670694794983837e-13,1.0143073409089533e-13,8.881377679026584e-16,0.0,0,0.0,0.0,0.0044262764728495866,0.0,0,0.0,0.0,0.0044262764728495866,0.0,0.0
MAR12351,570,1.0670606698432382e-13,1.0070085077676176e-13,8.886180874379768e-16,0.0,0,0.0,0.0,0.004395296850147243,0.0,0,0.0,0.0,0.004395296850147243,0.0,0.0
MAR00968,573,1.066930139350768e-13,1.0025878958614923e-13,8.883430296102948e-16,0.0,0,0.0,0.0,0.0043723452321952965,0.0,0,0.0,0.0,0.0043723452321952965,0.0,0.0
MAR01938,555,1.066710283667235e-13,1.0335920334415695e-13,8.88127481728744e-16,0.0,0,0.0,0.0,0.004513766730450679,0.0,0,0.0,0.0,0.004513766730450679,0.0,0.0
MAR07649,579,1.0666731363085994e-13,9.926057829813169e-14,8.866466518255356e-16,0.0,0,0.0,0.0,0.00432715366313485,0.0,0,0.0,0.0,0.00432715366313485,0.0,0.0
MAR01294,559,1.0664496517043365e-13,1.0263682147584817e-13,8.874351085931042e-16,0.0,0,0.0,0.0,0.004481554769642852,0.0,0,0.0,0.0,0.004481554769642852,0.0,0.0
MAR03275,579,1.0659368225927858e-13,9.919283735884271e-14,8.848598980612698e-16,0.0,0,0.0,0.0,0.00432715366313485,0.0,0,0.0,0.0,0.00432715366313485,0.0,0.0
MAR07048,551,1.0656851485156929e-13,1.0409949312527469e-13,8.87506936126409e-16,0.0,0,0.0,0.0,0.004546445100963565,0.0,0,0.0,0.0,0.004546445100963565,0.0,0.0
MAR12273,577,1.0654446706752836e-13,9.955036785779366e-14,8.850461566662815e-16,0.0,0,0.0,0.0,0.004342113363096878,0.0,0,0.0,0.0,0.004342113363096878,0.0,0.0
MAR00170,558,1.0653047540087811e-13,1.0297472711408445e-13,8.847002583687065e-16,0.0,0,0.0,0.0,0.004489564580987142,0.0,0,0.0,0.0,0.004489564580987142,0.0,0.0
MAR05093,560,1.0650528078518359e-13,1.0246729307646413e-13,8.865929099776437e-16,0.0,0,0.0,0.0,0.0044735734878779895,0.0,0,0.0,0.0,0.0044735734878779895,0.0,0.0
MAR06139,585,1.0649638815631724e-13,9.812482569235988e-14,8.86437181743021e-16,0.0,0,0.0,0.0,0.004282886715357432,0.0,0,0.0,0.0,0.004282886715357432,0.0,0.0
MAR02509,571,1.0646941588727525e-13,1.0069491743091209e-13,8.863136962943701e-16,0.0,0,0.0,0.0,0.00438761958448344,0.0,0,0.0,0.0,0.00438761958448344,0.0,0.0
MAR00294,555,1.0646618721767555e-13,1.03499348044898e-13,8.840130333604242e-16,0.0,0,0.0,0.0,0.004513766730450679,0.0,0,0.0,0.0,0.004513766730450679,0.0,0.0
MAR01923,584,1.0645974208734378e-13,9.836762663435938e-14,8.855698707285236e-16,0.0,0,0.0,0.0,0.004290201536487618,0.0,0,0.0,0.0,0.004290201536487618,0.0,0.0
MAR00599,561,1.0644208825896403e-13,1.0240748376472046e-13,8.862219292263864e-16,0.0,0,0.0,0.0,0.004465620583537596,0.0,0,0.0,0.0,0.004465620583537596,0.0,0.0
MAR00671,574,1.0640810725773208e-13,1.0014466373321629e-13,8.836683753780626e-16,0.0,0,0.0,0.0,0.004364747866934595,0.0,0,0.0,0.0,0.004364747866934595,0.0,0.0
MAR00416,566,1.0640565774386235e-13,1.0146057679524862e-13,8.854895480248245e-16,0.0,0,0.0,0.0,0.0044262764728495866,0.0,0,0.0,0.0,0.0044262764728495866,0.0,0.0
MAR01595,553,1.0638867725304936e-13,1.0373802744481207e-13,8.853311448247287e-16,0.0,0,0.0,0.0,0.00453004698365408,0.0,0,0.0,0.0,0.00453004698365408,0.0,0.0
MAR01697,587,1.063756313775087e-13,9.787886562784145e-14,8.853065895530645e-16,0.0,0,0.0,0.0,0.004268331649559446,0.0,0,0.0,0.0,0.004268331649559446,0.0,0.0
MAR09283,545,1.0635977318038343e-13,1.0526998425509966e-13,8.845814094788567e-16,0.0,0,0.0,0.0,0.004596359577531593,0.0,0,0.0,0.0,0.004596359577531593,0.0,0.0
MAR07086,558,1.063267355483304e-13,1.0289216669575589e-13,8.8556327258546375e-16,0.0,0,0.0,0.0,0.004489564580987142,0.0,0,0.0,0.0,0.004489564580987142,0.0,0.0
MAR07126,575,1.0632190779965046e-13,9.98975481485138e-14,8.858382004814612e-16,0.0,0,0.0,0.0,0.004357176858116289,0.0,0,0.0,0.0,0.004357176858116289,0.0,0.0
MAR08772,579,1.0629915677295315e-13,9.920423649389164e-14,8.84689019664503e-16,0.0,0,0.0,0.0,0.00432715366313485,0.0,0,0.0,0.0,0.00432715366313485,0.0,0.0
MAR04181,579,1.0629915677295315e-13,9.926163546953535e-14,8.826706889900401e-16,0.0,0,0.0,0.0,0.00432715366313485,0.0,0,0.0,0.0,0.00432715366313485,0.0,0.0
MAR02048,597,1.0628386315473525e-13,9.637756794358303e-14,8.822631529270491e-16,0.0,0,0.0,0.0,0.004197015452904686,0.0,0,0.0,0.0,0.004197015452904686,0.0,0.0
MAR01863,566,1.0628012015803901e-13,1.0144480311812697e-13,8.849284317904735e-16,0.0,0,0.0,0.0,0.0044262764728495866,0.0,0,0.0,0.0,0.0044262764728495866,0.0,0.0
MAR05421,568,1.0625616192863188e-13,1.0090490740290687e-13,8.844103722247398e-16,0.0,0,0.0,0.0,0.004410732264444036,0.0,0,0.0,0.0,0.004410732264444036,0.0,0.0
MAR06241,573,1.0624659965082964e-13,1.0018688964742435e-13,8.845556877340881e-16,0.0,0,0.0,0.0,0.0043723452321952965,0.0,0,0.0,0.0,0.0043723452321952965,0.0,0.0
MAR00390,570,1.0623237182715042e-13,1.0077589948105129e-13,8.843217762531228e-16,0.0,0,0.0,0.0,0.004395296850147243,0.0,0,0.0,0.0,0.004395296850147243,0.0,0.0
MAR06751,566,1.0622990512370968e-13,1.0148249498207848e-13,8.850021119819011e-16,0.0,0,0.0,0.0,0.0044262764728495866,0.0,0,0.0,0.0,0.0044262764728495866,0.0,0.0
MAR06157,552,1.0619524583371062e-13,1.0384621647992623e-13,8.839384450504213e-16,0.0,0,0.0,0.0,0.004538231229443332,0.0,0,0.0,0.0,0.004538231229443332,0.0,0.0
MAR10002,567,1.0619293020866118e-13,1.0140920551805987e-13,8.840022102579214e-16,0.0,0,0.0,0.0,0.00441849069762059,0.0,0,0.0,0.0,0.00441849069762059,0.0,0.0
MAR12825,541,1.0617426018271073e-13,1.0591106949449876e-13,8.8362022678244e-16,0.0,0,0.0,0.0,0.004630249273041442,0.0,0,0.0,0.0,0.004630249273041442,0.0,0.0
MAR01112,558,1.0617393065891963e-13,1.02897047139868e-13,8.84274413442112e-16,0.0,0,0.0,0.0,0.004489564580987142,0.0,0,0.0,0.0,0.004489564580987142,0.0,0.0
MAR01105,574,1.0616053139161357e-13,9.992885049555323e-14,8.829757136552595e-16,0.0,0,0.0,0.0,0.004364747866934595,0.0,0,0.0,0.0,0.004364747866934595,0.0,0.0
MAR05333,551,1.0615585845330572e-13,1.0403987068838032e-13,8.835460452506508e-16,0.0,0,0.0,0.0,0.004546445100963565,0.0,0,0.0,0.0,0.004546445100963565,0.0,0.0
MAR03454,554,1.0614533720488427e-13,1.0353084988434221e-13,8.832126556360437e-16,0.0,0,0.0,0.0,0.004521892203603858,0.0,0,0.0,0.0,0.004521892203603858,0.0,0.0
MAR02679,568,1.0613106637656145e-13,1.0123411612661866e-13,8.809120405855101e-16,0.0,0,0.0,0.0,0.004410732264444036,0.0,0,0.0,0.0,0.004410732264444036,0.0,0.0
MAR10429,571,1.0612098862630708e-13,1.007873587599879e-13,8.834295028112561e-16,0.0,0,0.0,0.0,0.00438761958448344,0.0,0,0.0,0.0,0.00438761958448344,0.0,0.0
MAR00385,597,1.0611723671753858e-13,9.635950937768444e-14,8.810593124382682e-16,0.0,0,0.0,0.0,0.004197015452904686,0.0,0,0.0,0.0,0.004197015452904686,0.0,0.0
MAR02400,569,1.0609439513212322e-13,1.0089853887711403e-13,8.831409223788895e-16,0.0,0,0.0,0.0,0.004403001029543098,0.0,0,0.0,0.0,0.004403001029543098,0.0,0.0
MAR01624,564,1.0602708624391849e-13,1.0187384802190329e-13,8.805186477273403e-16,0.0,0,0.0,0.0,0.004441930629657058,0.0,0,0.0,0.0,0.004441930629657058,0.0,0.0
MAR03332,565,1.0599033941568362e-13,1.0161404907253154e-13,8.822825533834296e-16,0.0,0,0.0,0.0,0.004434089734923025,0.0,0,0.0,0.0,0.004434089734923025,0.0,0.0
MAR07013,548,1.0598496938144269e-13,1.0464525438594031e-13,8.82869686436747e-16,0.0,0,0.0,0.0,0.004571266087298871,0.0,0,0.0,0.0,0.004571266087298871,0.0,0.0
MAR03967,547,1.0597088918338021e-13,1.0480515964521396e-13,8.819180067969558e-16,0.0,0,0.0,0.0,0.004579600085029117,0.0,0,0.0,0.0,0.004579600085029117,0.0,0.0
MAR06145,559,1.0595857326111261e-13,1.026293681140947e-13,8.823748388418484e-16,0.0,0,0.0,0.0,0.004481554769642852,0.0,0,0.0,0.0,0.004481554769642852,0.0,0.0
MAR01795,549,1.0594722832299053e-13,1.0450609912350061e-13,8.820541951525552e-16,0.0,0,0.0,0.0,0.004562962366977274,0.0,0,0.0,0.0,0.004562962366977274,0.0,0.0
MAR00191,560,1.0594699720708637e-13,1.0254637920974407e-13,8.821287292935224e-16,0.0,0,0.0,0.0,0.0044735734878779895,0.0,0,0.0,0.0,0.0044735734878779895,0.0,0.0
MAR02093,568,1.0590589438283465e-13,1.0109811039643906e-13,8.815317365630694e-16,0.0,0,0.0,0.0,0.004410732264444036,0.0,0,0.0,0.0,0.004410732264444036,0.0,0.0
MAR08701,574,1.0588819793888322e-13,1.00053643575284e-13,8.818582703184796e-16,0.0,0,0.0,0.0,0.004364747866934595,0.0,0,0.0,0.0,0.004364747866934595,0.0,0.0
MAR07002,563,1.0588727447650516e-13,1.0201052897166608e-13,8.821017660359693e-16,0.0,0,0.0,0.0,0.004449799303901048,0.0,0,0.0,0.0,0.004449799303901048,0.0,0.0
MAR09368,564,1.0587590693843762e-13,1.0188156236157026e-13,8.793676802755193e-16,0.0,0,0.0,0.0,0.004441930629657058,0.0,0,0.0,0.0,0.004441930629657058,0.0,0.0
MAR02761,587,1.0586723623437541e-13,9.798892530894502e-14,8.794400187801467e-16,0.0,0,0.0,0.0,0.004268331649559446,0.0,0,0.0,0.0,0.004268331649559446,0.0,0.0
MAR03761,563,1.0586203317150481e-13,1.0187403334190881e-13,8.80501265304708e-16,0.0,0,0.0,0.0,0.004449799303901048,0.0,0,0.0,0.0,0.004449799303901048,0.0,0.0
MAR01033,578,1.0584382274903914e-13,9.940332671545784e-14,8.812281906404361e-16,0.0,0,0.0,0.0,0.004334620605899285,0.0,0,0.0,0.0,0.004334620605899285,0.0,0.0
MAR12807,547,1.0584099105984088e-13,1.0479369917107316e-13,8.809382373040949e-16,0.0,0,0.0,0.0,0.004579600085029117,0.0,0,0.0,0.0,0.004579600085029117,0.0,0.0
MAR03356,576,1.057919184353927e-13,9.96661381464772e-14,8.795848806184814e-16,0.0,0,0.0,0.0,0.004349632068826215,0.0,0,0.0,0.0,0.004349632068826215,0.0,0.0
MAR04901,586,1.0573263917795347e-13,9.78805043010619e-14,8.800860283911553e-16,0.0,0,0.0,0.0,0.004275596795360198,0.0,0,0.0,0.0,0.004275596795360198,0.0,0.0
MAR11238,575,1.0572875908110291e-13,9.991905719287498e-14,8.802989335787686e-16,0.0,0,0.0,0.0,0.004357176858116289,0.0,0,0.0,0.0,0.004357176858116289,0.0,0.0
MAR02596,563,1.0571058534150264e-13,1.0213754765289454e-13,8.772525528490341e-16,0.0,0,0.0,0.0,0.004449799303901048,0.0,0,0.0,0.0,0.004449799303901048,0.0,0.0
MAR09355,546,1.0569648534511966e-13,1.0523411218487258e-13,8.772267561284819e-16,0.0,0,0.0,0.0,0.004587964526068459,0.0,0,0.0,0.0,0.004587964526068459,0.0,0.0
MAR02497,567,1.0569166549207558e-13,1.014068232746005e-13,8.794825434469107e-16,0.0,0,0.0,0.0,0.00441849069762059,0.0,0,0.0,0.0,0.00441849069762059,0.0,0.0
MAR01768,552,1.0568035979330476e-13,1.0392702884507181e-13,8.796324462570193e-16,0.0,0,0.0,0.0,0.004538231229443332,0.0,0,0.0,0.0,0.004538231229443332,0.0,0.0
MAR04887,573,1.0565138060516673e-13,1.0008028284259496e-13,8.793888379006951e-16,0.0,0,0.0,0.0,0.0043723452321952965,0.0,0,0.0,0.0,0.0043723452321952965,0.0,0.0
MAR09981,573,1.0565138060516673e-13,1.0033236151903201e-13,8.772995901483985e-16,0.0,0,0.0,0.0,0.0043723452321952965,0.0,0,0.0,0.0,0.0043723452321952965,0.0,0.0
MAR12160,573,1.0565138060516673e-13,1.0019103427878636e-13,8.794865721776879e-16,0.0,0,0.0,0.0,0.0043723452321952965,0.0,0,0.0,0.0,0.0043723452321952965,0.0,0.0
MAR06995,564,1.0564913798021632e-13,1.0179870017528896e-13,8.797025681379698e-16,0.0,0,0.0,0.0,0.004441930629657058,0.0,0,0.0,0.0,0.004441930629657058,0.0,0.0
MAR02573,571,1.0562323539635255e-13,1.007009850941119e-13,8.7777373795451215e-16,0.0,0,0.0,0.0,0.00438761958448344,0.0,0,0.0,0.0,0.00438761958448344,0.0,0.0
MAR02550,590,1.0559387639228065e-13,9.748755737144273e-14,8.766805347056886e-16,0.0,0,0.0,0.0,0.0042466836008472324,0.0,0,0.0,0.0,0.0042466836008472324,0.0,0.0
MAR07956,569,1.0556991719008589e-13,1.0090053231122054e-13,8.789737415383225e-16,0.0,0,0.0,0.0,0.004403001029543098,0.0,0,0.0,0.0,0.004403001029543098,0.0,0.0
MAR06192,583,1.0556983151207526e-13,9.852419608650208e-14,8.769042574586809e-16,0.0,0,0.0,0.0,0.004297541386555887,0.0,0,0.0,0.0,0.004297541386555887,0.0,0.0
MAR05300,579,1.0556284305713959e-13,9.920844343538868e-14,8.767394472282742e-16,0.0,0,0.0,0.0,0.00432715366313485,0.0,0,0.0,0.0,0.00432715366313485,0.0,0.0
MAR03058,591,1.0553543374792148e-13,9.728229827055123e-14,8.782491959627099e-16,0.0,0,0.0,0.0,0.00423951629958479,0.0,0,0.0,0.0,0.00423951629958479,0.0,0.0
MAR02671,556,1.0553348762422496e-13,1.0326012084711634e-13,8.780191976708923e-16,0.0,0,0.0,0.0,0.0045056704064922026,0.0,0,0.0,0.0,0.0045056704064922026,0.0,0.0
MAR06104,561,1.0553016175317566e-13,1.0218285363343808e-13,8.782971701189683e-16,0.0,0,0.0,0.0,0.004465620583537596,0.0,0,0.0,0.0,0.004465620583537596,0.0,0.0
MAR01921,568,1.0550558861620924e-13,1.0097308404447017e-13,8.781375617725919e-16,0.0,0,0.0,0.0,0.004410732264444036,0.0,0,0.0,0.0,0.004410732264444036,0.0,0.0
MAR00702,563,1.0548341359649943e-13,1.0190046914436397e-13,8.779540432099222e-16,0.0,0,0.0,0.0,0.004449799303901048,0.0,0,0.0,0.0,0.004449799303901048,0.0,0.0
MAR09968,578,1.054750289415512e-13,9.949916344627188e-14,8.774337558674931e-16,0.0,0,0.0,0.0,0.004334620605899285,0.0,0,0.0,0.0,0.004334620605899285,0.0,0.0
MAR06841,572,1.0546342354201488e-13,1.0042169853766975e-13,8.786798076344484e-16,0.0,0,0.0,0.0,0.004379969091767465,0.0,0,0.0,0.0,0.004379969091767465,0.0,0.0
MAR01187,572,1.0546342354201488e-13,1.0044603485686162e-13,8.760577935111648e-16,0.0,0,0.0,0.0,0.004379969091767465,0.0,0,0.0,0.0,0.004379969091767465,0.0,0.0
MAR01206,563,1.0545817229149906e-13,1.0206004505767561e-13,8.757800714558505e-16,0.0,0,0.0,0.0,0.004449799303901048,0.0,0,0.0,0.0,0.004449799303901048,0.0,0.0
MAR12131,584,1.0543772856330527e-13,9.829866392325373e-14,8.777853171671554e-16,0.0,0,0.0,0.0,0.004290201536487618,0.0,0,0.0,0.0,0.004290201536487618,0.0,0.0
MAR09929,559,1.0539929096462882e-13,1.0270104873942032e-13,8.770142726096812e-16,0.0,0,0.0,0.0,0.004481554769642852,0.0,0,0.0,0.0,0.004481554769642852,0.0,0.0
MAR12615,576,1.0539717247108153e-13,9.962359061974e-14,8.776335239308233e-16,0.0,0,0.0,0.0,0.004349632068826215,0.0,0,0.0,0.0,0.004349632068826215,0.0,0.0
MAR06172,544,1.053536343132531e-13,1.0532541542823982e-13,8.767010144250471e-16,0.0,0,0.0,0.0,0.004604785407758596,0.0,0,0.0,0.0,0.004604785407758596,0.0,0.0
MAR01202,572,1.0533920278401485e-13,1.002750669042515e-13,8.764404958619294e-16,0.0,0,0.0,0.0,0.004379969091767465,0.0,0,0.0,0.0,0.004379969091767465,0.0,0.0
MAR01125,559,1.0532302519692648e-13,1.0272968241407809e-13,8.761481453064003e-16,0.0,0,0.0,0.0,0.004481554769642852,0.0,0,0.0,0.0,0.004481554769642852,0.0,0.0
MAR01722,549,1.0530010379133287e-13,1.045025105633143e-13,8.759872846518331e-16,0.0,0,0.0,0.0,0.004562962366977274,0.0,0,0.0,0.0,0.004562962366977274,0.0,0.0
MAR12908,559,1.0529760327435903e-13,1.0260169713127335e-13,8.763257556508187e-16,0.0,0,0.0,0.0,0.004481554769642852,0.0,0,0.0,0.0,0.004481554769642852,0.0,0.0
MAR05428,564,1.0527118971651414e-13,1.0173109043711056e-13,8.766734265677548e-16,0.0,0,0.0,0.0,0.004441930629657058,0.0,0,0.0,0.0,0.004441930629657058,0.0,0.0
MAR01763,569,1.0524524036882468e-13,1.0096413652959827e-13,8.735375277051149e-16,0.0,0,0.0,0.0,0.004403001029543098,0.0,0,0.0,0.0,0.004403001029543098,0.0,0.0
MAR07795,553,1.0523227858725535e-13,1.0370809154922514e-13,8.765018547696041e-16,0.0,0,0.0,0.0,0.00453004698365408,0.0,0,0.0,0.0,0.00453004698365408,0.0,0.0
MAR01138,551,1.0520159053232117e-13,1.0412618627563218e-13,8.757158966155448e-16,0.0,0,0.0,0.0,0.004546445100963565,0.0,0,0.0,0.0,0.004546445100963565,0.0,0.0
MAR00149,560,1.0516032489249483e-13,1.0254868646150348e-13,8.752180705573273e-16,0.0,0,0.0,0.0,0.0044735734878779895,0.0,0,0.0,0.0,0.0044735734878779895,0.0,0.0
MAR06162,581,1.0515054117152051e-13,9.881321540194077e-14,8.734254576087296e-16,0.0,0,0.0,0.0,0.004312296689115291,0.0,0,0.0,0.0,0.004312296689115291,0.0,0.0
MAR02966,572,1.0514044957121482e-13,1.0051334814782722e-13,8.730757546949918e-16,0.0,0,0.0,0.0,0.004379969091767465,0.0,0,0.0,0.0,0.004379969091767465,0.0,0.0
MAR02740,568,1.0513030195999792e-13,1.0117448182130373e-13,8.747276758088598e-16,0.0,0,0.0,0.0,0.004410732264444036,0.0,0,0.0,0.0,0.004410732264444036,0.0,0.0
MAR01701,578,1.0510623513406326e-13,9.94035317871622e-14,8.749842885584569e-16,0.0,0,0.0,0.0,0.004334620605899285,0.0,0,0.0,0.0,0.004334620605899285,0.0,0.0
MAR02403,557,1.0508888792085647e-13,1.0296711163233782e-13,8.744480204126394e-16,0.0,0,0.0,0.0,0.004497603075155535,0.0,0,0.0,0.0,0.004497603075155535,0.0,0.0
MAR06679,573,1.0508096235307311e-13,1.0024514424803008e-13,8.752713835955881e-16,0.0,0,0.0,0.0,0.0043723452321952965,0.0,0,0.0,0.0,0.0043723452321952965,0.0,0.0
MAR09919,573,1.0505616155950381e-13,1.0028430131033126e-13,8.738664152398685e-16,0.0,0,0.0,0.0,0.0043723452321952965,0.0,0,0.0,0.0,0.0043723452321952965,0.0,0.0
MAR00238,571,1.0505081918190483e-13,1.0044488386945979e-13,8.739323323781694e-16,0.0,0,0.0,0.0,0.00438761958448344,0.0,0,0.0,0.0,0.00438761958448344,0.0,0.0
MAR07998,569,1.0504543924804855e-13,1.0079950283058667e-13,8.741901201251051e-16,0.0,0,0.0,0.0,0.004403001029543098,0.0,0,0.0,0.0,0.004403001029543098,0.0,0.0
MAR07104,575,1.0503675224279742e-13,9.989296470328819e-14,8.749787967592958e-16,0.0,0,0.0,0.0,0.004357176858116289,0.0,0,0.0,0.0,0.004357176858116289,0.0,0.0
MAR00168,565,1.050345651162541e-13,1.0154474838481597e-13,8.74316587356895e-16,0.0,0,0.0,0.0,0.004434089734923025,0.0,0,0.0,0.0,0.004434089734923025,0.0,0.0
MAR00256,545,1.0502995007859389e-13,1.0517141651138275e-13,8.750176741846715e-16,0.0,0,0.0,0.0,0.004596359577531593,0.0,0,0.0,0.0,0.004596359577531593,0.0,0.0
MAR06132,584,1.0499972276728877e-13,9.830275660046678e-14,8.745576338143871e-16,0.0,0,0.0,0.0,0.004290201536487618,0.0,0,0.0,0.0,0.004290201536487618,0.0,0.0
MAR00232,566,1.0499963678264095e-13,1.0143077465859154e-13,8.73731371526091e-16,0.0,0,0.0,0.0,0.0044262764728495866,0.0,0,0.0,0.0,0.0044262764728495866,0.0,0.0
MAR00145,574,1.0494740964763292e-13,1.000324380483954e-13,8.740303172198657e-16,0.0,0,0.0,0.0,0.004364747866934595,0.0,0,0.0,0.0,0.004364747866934595,0.0,0.0
MAR00433,599,1.0490884732992197e-13,9.605929101866238e-14,8.710053374077433e-16,0.0,0,0.0,0.0,0.00418303723654066,0.0,0,0.0,0.0,0.00418303723654066,0.0,0.0
MAR12238,561,1.048968794574893e-13,1.0234395935883977e-13,8.703692840064844e-16,0.0,0,0.0,0.0,0.004465620583537596,0.0,0,0.0,0.0,0.004465620583537596,0.0,0.0
MAR01946,569,1.0487061326736944e-13,1.0097519170480697e-13,8.731561191227675e-16,0.0,0,0.0,0.0,0.004403001029543098,0.0,0,0.0,0.0,0.004403001029543098,0.0,0.0
MAR06345,565,1.0485850142951709e-13,1.0157687951391141e-13,8.730126853549543e-16,0.0,0,0.0,0.0,0.004434089734923025,0.0,0,0.0,0.0,0.004434089734923025,0.0,0.0
MAR00378,561,1.0484621687383439e-13,1.0223855900452348e-13,8.719926394881978e-16,0.0,0,0.0,0.0,0.004465620583537596,0.0,0,0.0,0.0,0.004465620583537596,0.0,0.0
MAR00189,582,1.04823366481722e-13,9.877610239386741e-14,8.702727347068069e-16,0.0,0,0.0,0.0,0.004304906394243486,0.0,0,0.0,0.0,0.004304906394243486,0.0,0.0
MAR04444,578,1.0478661383424039e-13,9.93821935196279e-14,8.700205263314277e-16,0.0,0,0.0,0.0,0.004334620605899285,0.0,0,0.0,0.0,0.004334620605899285,0.0,0.0
MAR09826,584,1.0478071986928053e-13,9.850874057778093e-14,8.700055834786989e-16,0.0,0,0.0,0.0,0.004290201536487618,0.0,0,0.0,0.0,0.004290201536487618,0.0,0.0
MAR00408,564,1.047168655964176e-13,1.0169763539882645e-13,8.715969644936081e-16,0.0,0,0.0,0.0,0.004441930629657058,0.0,0,0.0,0.0,0.004441930629657058,0.0,0.0
MAR01773,572,1.0469325484241477e-13,1.0044658099369147e-13,8.696612666928088e-16,0.0,0,0.0,0.0,0.004379969091767465,0.0,0,0.0,0.0,0.004379969091767465,0.0,0.0
MAR01297,555,1.0464822201987493e-13,1.0336334567298414e-13,8.706783823689161e-16,0.0,0,0.0,0.0,0.004513766730450679,0.0,0,0.0,0.0,0.004513766730450679,0.0,0.0
MAR06627,573,1.0460974727525664e-13,1.0008218344235713e-13,8.704799505949547e-16,0.0,0,0.0,0.0,0.0043723452321952965,0.0,0,0.0,0.0,0.0043723452321952965,0.0,0.0
MAR06993,551,1.0460839695981729e-13,1.0404901637060528e-13,8.714706051051554e-16,0.0,0,0.0,0.0,0.004546445100963565,0.0,0,0.0,0.0,0.004546445100963565,0.0,0.0
MAR01212,559,1.0458578944247056e-13,1.0263206194532981e-13,8.701022197553166e-16,0.0,0,0.0,0.0,0.004481554769642852,0.0,0,0.0,0.0,0.004481554769642852,0.0,0.0
MAR11913,568,1.045298433100598e-13,1.0102411692367258e-13,8.696232273201643e-16,0.0,0,0.0,0.0,0.004410732264444036,0.0,0,0.0,0.0,0.004410732264444036,0.0,0.0
MAR00182,560,1.0452591173556616e-13,1.0242853565142263e-13,8.700915832048636e-16,0.0,0,0.0,0.0,0.0044735734878779895,0.0,0,0.0,0.0,0.0044735734878779895,0.0,0.0
MAR06394,575,1.045177471140683e-13,9.994733216609741e-14,8.680880613840588e-16,0.0,0,0.0,0.0,0.004357176858116289,0.0,0,0.0,0.0,0.004357176858116289,0.0,0.0
MAR09286,534,1.0450566754044619e-13,1.0738480228553102e-13,8.697285291669829e-16,0.0,0,0.0,0.0,0.004690774475909901,0.0,0,0.0,0.0,0.004690774475909901,0.0,0.0
MAR00172,575,1.0446831805418934e-13,9.992336007551526e-14,8.671025990350821e-16,0.0,0,0.0,0.0,0.004357176858116289,0.0,0,0.0,0.0,0.004357176858116289,0.0,0.0
MAR00176,576,1.0445965080584251e-13,9.970092744510354e-14,8.694902326275843e-16,0.0,0,0.0,0.0,0.004349632068826215,0.0,0,0.0,0.0,0.004349632068826215,0.0,0.0
MAR00969,558,1.0444214191226419e-13,1.0292117824793528e-13,8.694706873122608e-16,0.0,0,0.0,0.0,0.004489564580987142,0.0,0,0.0,0.0,0.004489564580987142,0.0,0.0
MAR12737,584,1.0444004869460103e-13,9.835866219212221e-14,8.674646693123945e-16,0.0,0,0.0,0.0,0.004290201536487618,0.0,0,0.0,0.0,0.004290201536487618,0.0,0.0
MAR00962,569,1.0442106074562316e-13,1.0098555363147035e-13,8.670816539244389e-16,0.0,0,0.0,0.0,0.004403001029543098,0.0,0,0.0,0.0,0.004403001029543098,0.0,0.0
MAR00937,564,1.0441450698545586e-13,1.0187987149821949e-13,8.694105393659869e-16,0.0,0,0.0,0.0,0.004441930629657058,0.0,0,0.0,0.0,0.004441930629657058,0.0,0.0
MAR08777,581,1.0439230279601058e-13,9.88162966192134e-14,8.68595747822055e-16,0.0,0,0.0,0.0,0.004312296689115291,0.0,0,0.0,0.0,0.004312296689115291,0.0,0.0
MAR03577,574,1.0437798515556036e-13,9.9906742482326e-14,8.683355182229105e-16,0.0,0,0.0,0.0,0.004364747866934595,0.0,0,0.0,0.0,0.004364747866934595,0.0,0.0
MAR02322,553,1.0435855515087765e-13,1.0370426861959466e-13,8.686173305964814e-16,0.0,0,0.0,0.0,0.00453004698365408,0.0,0,0.0,0.0,0.00453004698365408,0.0,0.0
MAR01739,562,1.0435622314882326e-13,1.0207258394332248e-13,8.687699299249485e-16,0.0,0,0.0,0.0,0.0044576959055467585,0.0,0,0.0,0.0,0.0044576959055467585,0.0,0.0
MAR06243,572,1.0434543672001471e-13,1.0036914995768042e-13,8.687620739279233e-16,0.0,0,0.0,0.0,0.004379969091767465,0.0,0,0.0,0.0,0.004379969091767465,0.0,0.0
MAR11779,575,1.0434474540449194e-13,9.979364464094219e-14,8.683599644230927e-16,0.0,0,0.0,0.0,0.004357176858116289,0.0,0,0.0,0.0,0.004357176858116289,0.0,0.0
MAR02700,552,1.043159117862292e-13,1.040110532988703e-13,8.687362914134141e-16,0.0,0,0.0,0.0,0.004538231229443332,0.0,0,0.0,0.0,0.004538231229443332,0.0,0.0
MAR01139,558,1.0431480450442186e-13,1.0280884526745748e-13,8.680635680224625e-16,0.0,0,0.0,0.0,0.004489564580987142,0.0,0,0.0,0.0,0.004489564580987142,0.0,0.0
MAR05296,544,1.0428259563067354e-13,1.053307697619035e-13,8.681912378912453e-16,0.0,0,0.0,0.0,0.004604785407758596,0.0,0,0.0,0.0,0.004604785407758596,0.0,0.0
MAR10406,545,1.0427377615796846e-13,1.0544698508737824e-13,8.687427799252496e-16,0.0,0,0.0,0.0,0.004596359577531593,0.0,0,0.0,0.0,0.004596359577531593,0.0,0.0
MAR06631,570,1.0423786590220978e-13,1.0070913773033127e-13,8.674077060169705e-16,0.0,0,0.0,0.0,0.004395296850147243,0.0,0,0.0,0.0,0.004395296850147243,0.0,0.0
MAR06163,573,1.0423773537171732e-13,1.0019621494763263e-13,8.656928487328926e-16,0.0,0,0.0,0.0,0.0043723452321952965,0.0,0,0.0,0.0,0.0043723452321952965,0.0,0.0
MAR00620,586,1.0420485104304268e-13,9.804727333517411e-14,8.651199554598091e-16,0.0,0,0.0,0.0,0.004275596795360198,0.0,0,0.0,0.0,0.004275596795360198,0.0,0.0
MAR08364,571,1.0415486336798667e-13,1.004748394334086e-13,8.672728053707799e-16,0.0,0,0.0,0.0,0.00438761958448344,0.0,0,0.0,0.0,0.00438761958448344,0.0,0.0
MAR06168,578,1.0414737123459461e-13,9.92701364895123e-14,8.668835340823275e-16,0.0,0,0.0,0.0,0.004334620605899285,0.0,0,0.0,0.0,0.004334620605899285,0.0,0.0
MAR02399,582,1.0413968274971915e-13,9.864356248255591e-14,8.665157492338046e-16,0.0,0,0.0,0.0,0.004304906394243486,0.0,0,0.0,0.0,0.004304906394243486,0.0,0.0
MAR02249,578,1.0412278498076208e-13,9.925855117566952e-14,8.659544541825212e-16,0.0,0,0.0,0.0,0.004334620605899285,0.0,0,0.0,0.0,0.004334620605899285,0.0,0.0
MAR01071,566,1.040957661647129e-13,1.0146384680460486e-13,8.666245369100397e-16,0.0,0,0.0,0.0,0.0044262764728495866,0.0,0,0.0,0.0,0.0044262764728495866,0.0,0.0
MAR07178,592,1.0408490885999306e-13,9.703271801583877e-14,8.669476148310043e-16,0.0,0,0.0,0.0,0.004232373150611237,0.0,0,0.0,0.0,0.004232373150611237,0.0,0.0
MAR05366,569,1.0407140878426494e-13,1.007449644793247e-13,8.665957503298157e-16,0.0,0,0.0,0.0,0.004403001029543098,0.0,0,0.0,0.0,0.004403001029543098,0.0,0.0
MAR00344,577,1.040569517707599e-13,9.950222114165549e-14,8.660105768577447e-16,0.0,0,0.0,0.0,0.004342113363096878,0.0,0,0.0,0.0,0.004342113363096878,0.0,0.0
MAR05346,569,1.0399648336397392e-13,1.0073249364329758e-13,8.656998116845307e-16,0.0,0,0.0,0.0,0.004403001029543098,0.0,0,0.0,0.0,0.004403001029543098,0.0,0.0
MAR07057,567,1.039873654556845e-13,1.0116346144998168e-13,8.655924211478863e-16,0.0,0,0.0,0.0,0.00441849069762059,0.0,0,0.0,0.0,0.00441849069762059,0.0,0.0
MAR07019,549,1.0397996974675127e-13,1.0447852327702244e-13,8.659744729758524e-16,0.0,0,0.0,0.0,0.004562962366977274,0.0,0,0.0,0.0,0.004562962366977274,0.0,0.0
MAR10470,554,1.0396497140923054e-13,1.0383610480221209e-13,8.667395856225336e-16,0.0,0,0.0,0.0,0.004521892203603858,0.0,0,0.0,0.0,0.004521892203603858,0.0,0.0
MAR06248,590,1.0395601517086753e-13,9.735186870366486e-14,8.654841068333006e-16,0.0,0,0.0,0.0,0.0042466836008472324,0.0,0,0.0,0.0,0.0042466836008472324,0.0,0.0
MAR07977,596,1.0393475789188847e-13,9.63724433571159e-14,8.644125568180853e-16,0.0,0,0.0,0.0,0.0042040396523125,0.0,0,0.0,0.0,0.0042040396523125,0.0,0.0
MAR01094,559,1.0392481945571697e-13,1.026372393033596e-13,8.654919964967972e-16,0.0,0,0.0,0.0,0.004481554769642852,0.0,0,0.0,0.0,0.004481554769642852,0.0,0.0
MAR00426,560,1.0391687510491465e-13,1.0244785693695479e-13,8.656919105107176e-16,0.0,0,0.0,0.0,0.0044735734878779895,0.0,0,0.0,0.0,0.0044735734878779895,0.0,0.0
MAR08067,575,1.0389988386558126e-13,9.975190507965875e-14,8.64991650942837e-16,0.0,0,0.0,0.0,0.004357176858116289,0.0,0,0.0,0.0,0.004357176858116289,0.0,0.0
MAR12953,553,1.0387029793643128e-13,1.037148304579778e-13,8.647104695864022e-16,0.0,0,0.0,0.0,0.00453004698365408,0.0,0,0.0,0.0,0.00453004698365408,0.0,0.0
MAR00241,564,1.0383498631444585e-13,1.0177772294993299e-13,8.652229885529484e-16,0.0,0,0.0,0.0,0.004441930629657058,0.0,0,0.0,0.0,0.004441930629657058,0.0,0.0
MAR02472,571,1.0383132376851621e-13,1.0063818838534445e-13,8.638134106521718e-16,0.0,0,0.0,0.0,0.00438761958448344,0.0,0,0.0,0.0,0.00438761958448344,0.0,0.0
MAR09293,563,1.0381748746647574e-13,1.02001418841771e-13,8.638022420339761e-16,0.0,0,0.0,0.0,0.004449799303901048,0.0,0,0.0,0.0,0.004449799303901048,0.0,0.0
MAR08595,563,1.0376700485647502e-13,1.0198237353404703e-13,8.639960882797214e-16,0.0,0,0.0,0.0,0.004449799303901048,0.0,0,0.0,0.0,0.004449799303901048,0.0,0.0
MAR00396,568,1.0375425088722308e-13,1.0113098693194271e-13,8.613426098697345e-16,0.0,0,0.0,0.0,0.004410732264444036,0.0,0,0.0,0.0,0.004410732264444036,0.0,0.0
MAR06128,565,1.037518153985987e-13,1.0161872209821924e-13,8.616816616389385e-16,0.0,0,0.0,0.0,0.004434089734923025,0.0,0,0.0,0.0,0.004434089734923025,0.0,0.0
MAR12746,553,1.0374180919578752e-13,1.0366122890933787e-13,8.634833380865474e-16,0.0,0,0.0,0.0,0.00453004698365408,0.0,0,0.0,0.0,0.00453004698365408,0.0,0.0
MAR09359,568,1.0365417444556672e-13,1.0121411467821453e-13,8.610277674077176e-16,0.0,0,0.0,0.0,0.004410732264444036,0.0,0,0.0,0.0,0.004410732264444036,0.0,0.0
MAR08068,558,1.0360171502050493e-13,1.0279442715741549e-13,8.622747090075066e-16,0.0,0,0.0,0.0,0.004489564580987142,0.0,0,0.0,0.0,0.004489564580987142,0.0,0.0
MAR12352,545,1.0359582712568361e-13,1.0511766782836343e-13,8.619225925806611e-16,0.0,0,0.0,0.0,0.004596359577531593,0.0,0,0.0,0.0,0.004596359577531593,0.0,0.0
MAR00280,565,1.0357575171186168e-13,1.0151564678099025e-13,8.621314775306516e-16,0.0,0,0.0,0.0,0.004434089734923025,0.0,0,0.0,0.0,0.004434089734923025,0.0,0.0
MAR11405,582,1.0355366812228814e-13,9.859243407495744e-14,8.619613981612747e-16,0.0,0,0.0,0.0,0.004304906394243486,0.0,0,0.0,0.0,0.004304906394243486,0.0,0.0
MAR12575,561,1.0350365840697931e-13,1.0233759517517724e-13,8.593550672294647e-16,0.0,0,0.0,0.0,0.004465620583537596,0.0,0,0.0,0.0,0.004465620583537596,0.0,0.0
MAR07706,561,1.035036584069793e-13,1.022319885613227e-13,8.617579553718264e-16,0.0,0,0.0,0.0,0.004465620583537596,0.0,0,0.0,0.0,0.004465620583537596,0.0,0.0
MAR01198,560,1.0348547415820315e-13,1.0244442847452981e-13,8.619224184922118e-16,0.0,0,0.0,0.0,0.0044735734878779895,0.0,0,0.0,0.0,0.0044735734878779895,0.0,0.0
MAR12143,578,1.0348354238111632e-13,9.926087495045989e-14,8.616042157743724e-16,0.0,0,0.0,0.0,0.004334620605899285,0.0,0,0.0,0.0,0.004334620605899285,0.0,0.0
MAR09639,568,1.034790406726681e-13,1.0108131952643545e-13,8.607043642389003e-16,0.0,0,0.0,0.0,0.004410732264444036,0.0,0,0.0,0.0,0.004410732264444036,0.0,0.0
MAR11989,586,1.0347733288356135e-13,9.797801655997592e-14,8.594701830871788e-16,0.0,0,0.0,0.0,0.004275596795360198,0.0,0,0.0,0.0,0.004275596795360198,0.0,0.0
MAR10029,569,1.0347200542193655e-13,1.0099865159770751e-13,8.611443396296799e-16,0.0,0,0.0,0.0,0.004403001029543098,0.0,0,0.0,0.0,0.004403001029543098,0.0,0.0
MAR06190,574,1.034619544509219e-13,9.997097056170805e-14,8.613409418280413e-16,0.0,0,0.0,0.0,0.004364747866934595,0.0,0,0.0,0.0,0.004364747866934595,0.0,0.0
MAR01590,564,1.0345703805074366e-13,1.0171590867608927e-13,8.611995175687819e-16,0.0,0,0.0,0.0,0.004441930629657058,0.0,0,0.0,0.0,0.004441930629657058,0.0,0.0
MAR02520,593,1.0345406375299671e-13,9.695716736460744e-14,8.612899938918494e-16,0.0,0,0.0,0.0,0.0042252540320499845,0.0,0,0.0,0.0,0.0042252540320499845,0.0,0.0
MAR09099,546,1.0340609117856695e-13,1.0507673110471017e-13,8.602705230704773e-16,0.0,0,0.0,0.0,0.004587964526068459,0.0,0,0.0,0.0,0.004587964526068459,0.0,0.0
MAR10388,569,1.0339708000164552e-13,1.0100463610719793e-13,8.613956344720542e-16,0.0,0,0.0,0.0,0.004403001029543098,0.0,0,0.0,0.0,0.004403001029543098,0.0,0.0
MAR02733,563,1.0336314397646928e-13,1.0191610325242655e-13,8.598770374900428e-16,0.0,0,0.0,0.0,0.004449799303901048,0.0,0,0.0,0.0,0.004449799303901048,0.0,0.0
MAR01210,564,1.0335625184708975e-13,1.0181871970321558e-13,8.601511987725405e-16,0.0,0,0.0,0.0,0.004441930629657058,0.0,0,0.0,0.0,0.004441930629657058,0.0,0.0
MAR01844,577,1.0334271470535114e-13,9.957371830675675e-14,8.574959229779483e-16,0.0,0,0.0,0.0,0.004342113363096878,0.0,0,0.0,0.0,0.004342113363096878,0.0,0.0
MAR11423,548,1.0328801885155034e-13,1.0454984929579482e-13,8.599307529361119e-16,0.0,0,0.0,0.0,0.004571266087298871,0.0,0,0.0,0.0,0.004571266087298871,0.0,0.0
MAR09263,568,1.0325386867894132e-13,1.0116482759503881e-13,8.575958830485439e-16,0.0,0,0.0,0.0,0.004410732264444036,0.0,0,0.0,0.0,0.004410732264444036,0.0,0.0
MAR09314,565,1.032487762936358e-13,1.0164240337000392e-13,8.593399428753468e-16,0.0,0,0.0,0.0,0.004434089734923025,0.0,0,0.0,0.0,0.004434089734923025,0.0,0.0
MAR06136,577,1.031949415194045e-13,9.949475061600672e-14,8.578880803400643e-16,0.0,0,0.0,0.0,0.004342113363096878,0.0,0,0.0,0.0,0.004342113363096878,0.0,0.0
MAR12578,563,1.0318645484146678e-13,1.0181987953941542e-13,8.591770543766954e-16,0.0,0,0.0,0.0,0.004449799303901048,0.0,0,0.0,0.0,0.004449799303901048,0.0,0.0
MAR07793,559,1.0316216177869362e-13,1.0255439857927826e-13,8.589937810162778e-16,0.0,0,0.0,0.0,0.004481554769642852,0.0,0,0.0,0.0,0.004481554769642852,0.0,0.0
MAR03709,582,1.0311415715171488e-13,9.855008195012217e-14,8.574444321264447e-16,0.0,0,0.0,0.0,0.004304906394243486,0.0,0,0.0,0.0,0.004304906394243486,0.0,0.0
MAR04024,602,1.0311131793355872e-13,9.549073372738459e-14,8.559305666800743e-16,0.0,0,0.0,0.0,0.004162243623766968,0.0,0,0.0,0.0,0.004162243623766968,0.0,0.0
MAR02401,562,1.0309191223110065e-13,1.020506743046526e-13,8.5791972281343e-16,0.0,0,0.0,0.0,0.0044576959055467585,0.0,0,0.0,0.0,0.0044576959055467585,0.0,0.0
MAR03358,568,1.0300367757480044e-13,1.0091590714737748e-13,8.573024892681514e-16,0.0,0,0.0,0.0,0.004410732264444036,0.0,0,0.0,0.0,0.004410732264444036,0.0,0.0
MAR06994,561,1.0292103869494784e-13,1.0222596805735471e-13,8.57451074087882e-16,0.0,0,0.0,0.0,0.004465620583537596,0.0,0,0.0,0.0,0.004465620583537596,0.0,0.0
MAR01767,570,1.0291650572693662e-13,1.006504508859186e-13,8.568929339914333e-16,0.0,0,0.0,0.0,0.004395296850147243,0.0,0,0.0,0.0,0.004395296850147243,0.0,0.0
MAR01855,576,1.0290533857136729e-13,9.96959071824905e-14,8.566003288529485e-16,0.0,0,0.0,0.0,0.004349632068826215,0.0,0,0.0,0.0,0.004349632068826215,0.0,0.0
MAR02948,577,1.0289939514751122e-13,9.965151499756712e-14,8.543093510432991e-16,0.0,0,0.0,0.0,0.004342113363096878,0.0,0,0.0,0.0,0.004342113363096878,0.0,0.0
MAR12851,538,1.0288341843069108e-13,1.0655780897049627e-13,8.568677076368837e-16,0.0,0,0.0,0.0,0.004655996327465773,0.0,0,0.0,0.0,0.004655996327465773,0.0,0.0
MAR01741,566,1.0286549782364418e-13,1.0136898291319159e-13,8.565355883170745e-16,0.0,0,0.0,0.0,0.0044262764728495866,0.0,0,0.0,0.0,0.0044262764728495866,0.0,0.0
MAR01067,534,1.0285571811658378e-13,1.0738783730554976e-13,8.56248431027175e-16,0.0,0,0.0,0.0,0.004690774475909901,0.0,0,0.0,0.0,0.004690774475909901,0.0,0.0
MAR08088,550,1.028349123027345e-13,1.0423743238777213e-13,8.556450315610208e-16,0.0,0,0.0,0.0,0.0045546887593671224,0.0,0,0.0,0.0,0.0045546887593671224,0.0,0.0
MAR01492,552,1.0279699796703187e-13,1.038841991300895e-13,8.552376338752649e-16,0.0,0,0.0,0.0,0.004538231229443332,0.0,0,0.0,0.0,0.004538231229443332,0.0,0.0
MAR05256,576,1.027573088347506e-13,9.951841003847942e-14,8.546422008154012e-16,0.0,0,0.0,0.0,0.004349632068826215,0.0,0,0.0,0.0,0.004349632068826215,0.0,0.0
MAR12016,571,1.0268649133962078e-13,1.0039491444595761e-13,8.540595450963619e-16,0.0,0,0.0,0.0,0.00438761958448344,0.0,0,0.0,0.0,0.00438761958448344,0.0,0.0
MAR02293,582,1.0267464618114163e-13,9.866523854419106e-14,8.545307666341816e-16,0.0,0,0.0,0.0,0.004304906394243486,0.0,0,0.0,0.0,0.004304906394243486,0.0,0.0
MAR00944,566,1.0266463768632684e-13,1.0146059886009351e-13,8.546447868022797e-16,0.0,0,0.0,0.0,0.0044262764728495866,0.0,0,0.0,0.0,0.0044262764728495866,0.0,0.0
MAR01642,580,1.0266117458051103e-13,9.906251255702375e-14,8.542822240469781e-16,0.0,0,0.0,0.0,0.004319712401627411,0.0,0,0.0,0.0,0.004319712401627411,0.0,0.0
MAR03997,549,1.0265983570216966e-13,1.0444880618794332e-13,8.538342663128319e-16,0.0,0,0.0,0.0,0.004562962366977274,0.0,0,0.0,0.0,0.004562962366977274,0.0,0.0
MAR10050,545,1.0265712846559686e-13,1.0530217858484564e-13,8.541488933198198e-16,0.0,0,0.0,0.0,0.004596359577531593,0.0,0,0.0,0.0,0.004596359577531593,0.0,0.0
MAR10442,572,1.0260634610801446e-13,1.005485938097612e-13,8.549355960982197e-16,0.0,0,0.0,0.0,0.004379969091767465,0.0,0,0.0,0.0,0.004379969091767465,0.0,0.0
MAR02750,569,1.0257290037844398e-13,1.0090251277643779e-13,8.534373218931361e-16,0.0,0,0.0,0.0,0.004403001029543098,0.0,0,0.0,0.0,0.004403001029543098,0.0,0.0
MAR12513,560,1.0252116615967161e-13,1.0232160491004066e-13,8.534162053419989e-16,0.0,0,0.0,0.0,0.0044735734878779895,0.0,0,0.0,0.0,0.0044735734878779895,0.0,0.0
MAR08976,561,1.0249040673388112e-13,1.0225865132834551e-13,8.529242592589711e-16,0.0,0,0.0,0.0,0.004465620583537596,0.0,0,0.0,0.0,0.004465620583537596,0.0,0.0
MAR02309,572,1.0248212535001445e-13,1.0026359339833972e-13,8.529178183516418e-16,0.0,0,0.0,0.0,0.004379969091767465,0.0,0,0.0,0.0,0.004379969091767465,0.0,0.0
MAR10351,585,1.0246390630550778e-13,9.838062204296843e-14,8.538811946531016e-16,0.0,0,0.0,0.0,0.004282886715357432,0.0,0,0.0,0.0,0.004282886715357432,0.0,0.0
MAR05096,595,1.0246145668607831e-13,9.643747704212719e-14,8.526137132728409e-16,0.0,0,0.0,0.0,0.004211087402744312,0.0,0,0.0,0.0,0.004211087402744312,0.0,0.0
MAR01814,557,1.0241000148441802e-13,1.0294293607755649e-13,8.520161476370468e-16,0.0,0,0.0,0.0,0.004497603075155535,0.0,0,0.0,0.0,0.004497603075155535,0.0,0.0
MAR02164,572,1.0240759289521445e-13,1.0029071241937769e-13,8.520751475153592e-16,0.0,0,0.0,0.0,0.004379969091767465,0.0,0,0.0,0.0,0.004379969091767465,0.0,0.0
MAR10475,571,1.0238783940164804e-13,1.0079154768702296e-13,8.505514566346044e-16,0.0,0,0.0,0.0,0.00438761958448344,0.0,0,0.0,0.0,0.00438761958448344,0.0,0.0
MAR01725,566,1.0233823996318616e-13,1.0144696878333145e-13,8.522949939683787e-16,0.0,0,0.0,0.0,0.0044262764728495866,0.0,0,0.0,0.0,0.0044262764728495866,0.0,0.0
MAR12248,565,1.0224269808371e-13,1.0146848581059372e-13,8.506171422399961e-16,0.0,0,0.0,0.0,0.004434089734923025,0.0,0,0.0,0.0,0.004434089734923025,0.0,0.0
MAR01183,561,1.021610999401242e-13,1.0221590935688007e-13,8.49779505655741e-16,0.0,0,0.0,0.0,0.004465620583537596,0.0,0,0.0,0.0,0.004465620583537596,0.0,0.0
MAR02625,585,1.0214810953405885e-13,9.82357664754569e-14,8.498343517776942e-16,0.0,0,0.0,0.0,0.004282886715357432,0.0,0,0.0,0.0,0.004282886715357432,0.0,0.0
MAR08562,565,1.0214209026271741e-13,1.0150586426306675e-13,8.506498693545914e-16,0.0,0,0.0,0.0,0.004434089734923025,0.0,0,0.0,0.0,0.004434089734923025,0.0,0.0
MAR10354,557,1.0212935623869591e-13,1.0318263191992341e-13,8.511368649211902e-16,0.0,0,0.0,0.0,0.004497603075155535,0.0,0,0.0,0.0,0.004497603075155535,0.0,0.0
MAR13057,557,1.0202730342206969e-13,1.0296955280075307e-13,8.49693178942424e-16,0.0,0,0.0,0.0,0.004497603075155535,0.0,0,0.0,0.0,0.004497603075155535,0.0,0.0
MAR03142,558,1.0202273116326027e-13,1.0283234929365758e-13,8.487156530097323e-16,0.0,0,0.0,0.0,0.004489564580987142,0.0,0,0.0,0.0,0.004489564580987142,0.0,0.0
MAR01131,565,1.0194087462073224e-13,1.0154959269041178e-13,8.484792253229065e-16,0.0,0,0.0,0.0,0.004434089734923025,0.0,0,0.0,0.0,0.004434089734923025,0.0,0.0
MAR03037,560,1.0193750605529723e-13,1.0245453753772617e-13,8.484726445621456e-16,0.0,0,0.0,0.0,0.0044735734878779895,0.0,0,0.0,0.0,0.0044735734878779895,0.0,0.0
MAR01769,571,1.0191497383319125e-13,1.0047310125851414e-13,8.477817561997992e-16,0.0,0,0.0,0.0,0.00438761958448344,0.0,0,0.0,0.0,0.00438761958448344,0.0,0.0
MAR01997,580,1.0190162889745712e-13,9.906132649447968e-14,8.460049936480231e-16,0.0,0,0.0,0.0,0.004319712401627411,0.0,0,0.0,0.0,0.004319712401627411,0.0,0.0
MAR07149,571,1.018651985101958e-13,1.005543661784106e-13,8.484554263938329e-16,0.0,0,0.0,0.0,0.00438761958448344,0.0,0,0.0,0.0,0.00438761958448344,0.0,0.0
MAR01279,560,1.0186137647646578e-13,1.023970960851714e-13,8.475549136701192e-16,0.0,0,0.0,0.0,0.0044735734878779895,0.0,0,0.0,0.0,0.0044735734878779895,0.0,0.0
MAR11381,576,1.0181978716951158e-13,9.951652610116534e-14,8.476666679742134e-16,0.0,0,0.0,0.0,0.004349632068826215,0.0,0,0.0,0.0,0.004349632068826215,0.0,0.0
MAR08931,583,1.015235161043162e-13,9.8475201085732e-14,8.453209653806108e-16,0.0,0,0.0,0.0,0.004297541386555887,0.0,0,0.0,0.0,0.004297541386555887,0.0,0.0
MAR07114,583,1.0147476531627091e-13,9.847698576033281e-14,8.447445933866242e-16,0.0,0,0.0,0.0,0.004297541386555887,0.0,0,0.0,0.0,0.004297541386555887,0.0,0.0
MAR01672,589,1.0145440420615353e-13,9.755592819921992e-14,8.425719724421501e-16,0.0,0,0.0,0.0,0.00425387517710073,0.0,0,0.0,0.0,0.00425387517710073,0.0,0.0
MAR12692,576,1.0140036958243097e-13,9.946432823825739e-14,8.442939226672585e-16,0.0,0,0.0,0.0,0.004349632068826215,0.0,0,0.0,0.0,0.004349632068826215,0.0,0.0
MAR03551,564,1.0139092087583841e-13,1.0164367125369065e-13,8.433638898131245e-16,0.0,0,0.0,0.0,0.004441930629657058,0.0,0,0.0,0.0,0.004441930629657058,0.0,0.0
MAR09144,567,1.0135572569361006e-13,1.0129175087082409e-13,8.438393401597871e-16,0.0,0,0.0,0.0,0.00441849069762059,0.0,0,0.0,0.0,0.00441849069762059,0.0,0.0
MAR01367,572,1.0133929437641428e-13,1.0029460723916541e-13,8.430118876210232e-16,0.0,0,0.0,0.0,0.004379969091767465,0.0,0,0.0,0.0,0.004379969091767465,0.0,0.0
MAR07038,558,1.0123323923463793e-13,1.0274396579656185e-13,8.427654243778584e-16,0.0,0,0.0,0.0,0.004489564580987142,0.0,0,0.0,0.0,0.004489564580987142,0.0,0.0
MAR01710,569,1.0122424281320513e-13,1.0092294159435192e-13,8.42847183122197e-16,0.0,0,0.0,0.0,0.004403001029543098,0.0,0,0.0,0.0,0.004403001029543098,0.0,0.0
MAR11483,572,1.0121507361841429e-13,1.0022720233583514e-13,8.424885863537139e-16,0.0,0,0.0,0.0,0.004379969091767465,0.0,0,0.0,0.0,0.004379969091767465,0.0,0.0
MAR08034,570,1.0119624436667532e-13,1.0061650678559978e-13,8.429397746766387e-16,0.0,0,0.0,0.0,0.004395296850147243,0.0,0,0.0,0.0,0.004395296850147243,0.0,0.0
MAR11230,570,1.0112145039449005e-13,1.0065013466302592e-13,8.413679832249909e-16,0.0,0,0.0,0.0,0.004395296850147243,0.0,0,0.0,0.0,0.004395296850147243,0.0,0.0
MAR03690,579,1.0107132939067677e-13,9.901320820853882e-14,8.411225300296738e-16,0.0,0,0.0,0.0,0.00432715366313485,0.0,0,0.0,0.0,0.00432715366313485,0.0,0.0
MAR00298,576,1.009562803725809e-13,9.957910827074462e-14,8.399558784467867e-16,0.0,0,0.0,0.0,0.004349632068826215,0.0,0,0.0,0.0,0.004349632068826215,0.0,0.0
MAR12090,566,1.0085689645047077e-13,1.0128117040276668e-13,8.391105427746884e-16,0.0,0,0.0,0.0,0.0044262764728495866,0.0,0,0.0,0.0,0.0044262764728495866,0.0,0.0
MAR12528,578,1.0080364071337064e-13,9.91224270816746e-14,8.382444251320677e-16,0.0,0,0.0,0.0,0.004334620605899285,0.0,0,0.0,0.0,0.004334620605899285,0.0,0.0
MAR05994,575,1.0078585309320655e-13,9.979346256563909e-14,8.386617302479075e-16,0.0,0,0.0,0.0,0.004357176858116289,0.0,0,0.0,0.0,0.004357176858116289,0.0,0.0
MAR06247,560,1.0077018584654849e-13,1.0236549623097016e-13,8.387823565478653e-16,0.0,0,0.0,0.0,0.0044735734878779895,0.0,0,0.0,0.0,0.0044735734878779895,0.0,0.0
MAR09379,576,1.0070956414488642e-13,9.959515573388796e-14,8.386405162430437e-16,0.0,0,0.0,0.0,0.004349632068826215,0.0,0,0.0,0.0,0.004349632068826215,0.0,0.0
MAR00184,558,1.0039281234287866e-13,1.0276430572426216e-13,8.354101603211276e-16,0.0,0,0.0,0.0,0.004489564580987142,0.0,0,0.0,0.0,0.004489564580987142,0.0,0.0
MAR01734,578,1.0036108814438507e-13,9.925490468582615e-14,8.359886286854285e-16,0.0,0,0.0,0.0,0.004334620605899285,0.0,0,0.0,0.0,0.004334620605899285,0.0,0.0
MAR10211,564,1.0025707608473186e-13,1.0178132023022697e-13,8.345751316367359e-16,0.0,0,0.0,0.0,0.004441930629657058,0.0,0,0.0,0.0,0.004441930629657058,0.0,0.0
MAR03725,586,1.0015499995526327e-13,9.781159868542936e-14,8.335554762417285e-16,0.0,0,0.0,0.0,0.004275596795360198,0.0,0,0.0,0.0,0.004275596795360198,0.0,0.0
MAR06660,572,1.0014677509961413e-13,1.0027896105971659e-13,8.344677483241858e-16,0.0,0,0.0,0.0,0.004379969091767465,0.0,0,0.0,0.0,0.004379969091767465,0.0,0.0
MAR08471,574,1.0011968025832213e-13,9.992991294447147e-14,8.329924255091965e-16,0.0,0,0.0,0.0,0.004364747866934595,0.0,0,0.0,0.0,0.004364747866934595,0.0,0.0
MAR08604,568,1.0007644165635214e-13,1.0092753535444757e-13,8.328323734563379e-16,0.0,0,0.0,0.0,0.004410732264444036,0.0,0,0.0,0.0,0.004410732264444036,0.0,0.0
MAR08502,550,1.0007025511268611e-13,1.0423512496587468e-13,8.334521833191776e-16,0.0,0,0.0,0.0,0.0045546887593671224,0.0,0,0.0,0.0,0.0045546887593671224,0.0,0.0
MAR11438,579,9.999140260748353e-14,9.900790135433518e-14,8.316786351289536e-16,0.0,0,0.0,0.0,0.00432715366313485,0.0,0,0.0,0.0,0.00432715366313485,0.0,0.0
MAR12505,579,9.989322744537505e-14,9.90095050910476e-14,8.315116647210314e-16,0.0,0,0.0,0.0,0.00432715366313485,0.0,0,0.0,0.0,0.00432715366313485,0.0,0.0
MAR00340,574,9.979783163236807e-14,9.985893817483664e-14,8.30725556517774e-16,0.0,0,0.0,0.0,0.004364747866934595,0.0,0,0.0,0.0,0.004364747866934595,0.0,0.0
MAR10194,549,9.978660278160969e-14,1.045777359458662e-13,8.302849155254578e-16,0.0,0,0.0,0.0,0.004562962366977274,0.0,0,0.0,0.0,0.004562962366977274,0.0,0.0
MAR11440,578,9.977101805240438e-14,9.918669900592972e-14,8.302688612896651e-16,0.0,0,0.0,0.0,0.004334620605899285,0.0,0,0.0,0.0,0.004334620605899285,0.0,0.0
MAR00208,563,9.975363736141796e-14,1.0185111743744056e-13,8.298793397345389e-16,0.0,0,0.0,0.0,0.004449799303901048,0.0,0,0.0,0.0,0.004449799303901048,0.0,0.0
MAR09421,553,9.957877399892905e-14,1.0378556528498754e-13,8.283204275692749e-16,0.0,0,0.0,0.0,0.00453004698365408,0.0,0,0.0,0.0,0.00453004698365408,0.0,0.0
MAR12288,570,9.942612035829052e-14,1.0057106486230915e-13,8.268392258528366e-16,0.0,0,0.0,0.0,0.004395296850147243,0.0,0,0.0,0.0,0.004395296850147243,0.0,0.0
MAR10446,577,9.932820982046739e-14,9.95944508992541e-14,8.272492372691075e-16,0.0,0,0.0,0.0,0.004342113363096878,0.0,0,0.0,0.0,0.004342113363096878,0.0,0.0
MAR04700,578,9.918094796042367e-14,9.918616787239125e-14,8.256011029149264e-16,0.0,0,0.0,0.0,0.004334620605899285,0.0,0,0.0,0.0,0.004334620605899285,0.0,0.0
MAR02980,580,9.910846090171053e-14,9.892693151556993e-14,8.250448025308453e-16,0.0,0,0.0,0.0,0.004319712401627411,0.0,0,0.0,0.0,0.004319712401627411,0.0,0.0
MAR10069,574,9.903034644740072e-14,1.0003025140590244e-13,8.239491359544206e-16,0.0,0,0.0,0.0,0.004364747866934595,0.0,0,0.0,0.0,0.004364747866934595,0.0,0.0
MAR02961,563,9.899639821140721e-14,1.0193206681642235e-13,8.235279339682282e-16,0.0,0,0.0,0.0,0.004449799303901048,0.0,0,0.0,0.0,0.004449799303901048,0.0,0.0
MAR00225,579,9.88133006621818e-14,9.906529074600009e-14,8.223879259181934e-16,0.0,0,0.0,0.0,0.00432715366313485,0.0,0,0.0,0.0,0.00432715366313485,0.0,0.0
MAR01708,598,9.864424401806608e-14,9.592487650843078e-14,8.212902314540555e-16,0.0,0,0.0,0.0,0.004190014686669523,0.0,0,0.0,0.0,0.004190014686669523,0.0,0.0
MAR06171,578,9.84433603454478e-14,9.913053327304663e-14,8.189372576435564e-16,0.0,0,0.0,0.0,0.004334620605899285,0.0,0,0.0,0.0,0.004334620605899285,0.0,0.0
MAR12404,565,9.841960088599194e-14,1.0141742146277698e-13,8.190596991187433e-16,0.0,0,0.0,0.0,0.004434089734923025,0.0,0,0.0,0.0,0.004434089734923025,0.0,0.0
MAR12624,573,9.840954888293465e-14,1.0000164127619723e-13,8.187194943413122e-16,0.0,0,0.0,0.0,0.0043723452321952965,0.0,0,0.0,0.0,0.0043723452321952965,0.0,0.0
MAR03087,593,9.822983723037607e-14,9.682775623151116e-14,8.172075694441226e-16,0.0,0,0.0,0.0,0.0042252540320499845,0.0,0,0.0,0.0,0.0042252540320499845,0.0,0.0
MAR09372,587,9.814447191725541e-14,9.773857449160109e-14,8.167260764300595e-16,0.0,0,0.0,0.0,0.004268331649559446,0.0,0,0.0,0.0,0.004268331649559446,0.0,0.0
MAR05086,565,9.781595396003646e-14,1.0141308283030143e-13,8.141162017240251e-16,0.0,0,0.0,0.0,0.004434089734923025,0.0,0,0.0,0.0,0.004434089734923025,0.0,0.0
MAR02177,569,9.762782263923484e-14,1.0077722977139033e-13,8.123314343365664e-16,0.0,0,0.0,0.0,0.004403001029543098,0.0,0,0.0,0.0,0.004403001029543098,0.0,0.0
MAR09386,564,9.74854554842492e-14,1.0167674141267501e-13,8.116126025504053e-16,0.0,0,0.0,0.0,0.004441930629657058,0.0,0,0.0,0.0,0.004441930629657058,0.0,0.0
MAR01772,570,9.728202648897932e-14,1.0060104605095093e-13,8.093845279108443e-16,0.0,0,0.0,0.0,0.004395296850147243,0.0,0,0.0,0.0,0.004395296850147243,0.0,0.0
MAR09583,574,9.662886054605125e-14,9.998997203731947e-14,8.043741031208194e-16,0.0,0,0.0,0.0,0.004364747866934595,0.0,0,0.0,0.0,0.004364747866934595,0.0,0.0
MAR00275,580,9.633979437961082e-14,9.884018865738019e-14,8.017382142604866e-16,0.0,0,0.0,0.0,0.004319712401627411,0.0,0,0.0,0.0,0.004319712401627411,0.0,0.0
MAR12899,604,9.627618790497782e-14,9.49694457956349e-14,8.014796121539338e-16,0.0,0,0.0,0.0,0.004148495684302556,0.0,0,0.0,0.0,0.004148495684302556,0.0,0.0
MAR08659,579,9.601530854209022e-14,9.933889179736207e-14,7.978308051849223e-16,0.0,0,0.0,0.0,0.00432715366313485,0.0,0,0.0,0.0,0.00432715366313485,0.0,0.0
MAR08760,588,9.519822571969506e-14,9.754601417000744e-14,7.927527310458508e-16,0.0,0,0.0,0.0,0.004261091151880009,0.0,0,0.0,0.0,0.004261091151880009,0.0,0.0
MAR04838,547,2.0523903519213132e-14,9.893092603840671e-15,1.6870850510213472e-16,0.0,0,0.0,0.0,0.004579600085029117,0.0,0,0.0,0.0,0.004579600085029117,0.0,0.0
MAR03433,556,2.039615478908489e-14,9.853949668038246e-15,1.6711214840452406e-16,0.0,0,0.0,0.0,0.0045056704064922026,0.0,0,0.0,0.0,0.0045056704064922026,0.0,0.0
MAR04788,575,2.0340058140193477e-14,9.486816112398115e-15,1.6712758001335012e-16,0.0,0,0.0,0.0,0.004357176858116289,0.0,0,0.0,0.0,0.004357176858116289,0.0,0.0
MAR02774,536,2.0123206583653585e-14,1.023930939673109e-14,1.6478004989356595e-16,0.0,0,0.0,0.0,0.004673320699286043,0.0,0,0.0,0.0,0.004673320699286043,0.0,0.0
MAR03240,533,2.0076498312471125e-14,1.0223102637847859e-14,1.6427089475433628e-16,0.0,0,0.0,0.0,0.004699550344959981,0.0,0,0.0,0.0,0.004699550344959981,0.0,0.0
MAR04465,547,1.9614616654437865e-14,9.965138006941158e-15,1.6015494738485778e-16,0.0,0,0.0,0.0,0.004579600085029117,0.0,0,0.0,0.0,0.004579600085029117,0.0,0.0
MAR03304,533,1.956992000179788e-14,9.6254579597708e-15,1.6044310594073942e-16,0.0,0,0.0,0.0,0.004699550344959981,0.0,0,0.0,0.0,0.004699550344959981,0.0,0.0
MAR02649,557,1.9466574771452654e-14,9.860911403305575e-15,1.5939380044960823e-16,0.0,0,0.0,0.0,0.004497603075155535,0.0,0,0.0,0.0,0.004497603075155535,0.0,0.0
MAR03456,555,1.935748858503192e-14,9.906640347880628e-15,1.5855926109640818e-16,0.0,0,0.0,0.0,0.004513766730450679,0.0,0,0.0,0.0,0.004513766730450679,0.0,0.0
MAR03234,558,1.9049676213209854e-14,9.939572860796383e-15,1.5568537680197464e-16,0.0,0,0.0,0.0,0.004489564580987142,0.0,0,0.0,0.0,0.004489564580987142,0.0,0.0
MAR03173,543,1.8973977290094757e-14,1.0076958896757365e-14,1.553690003399254e-16,0.0,0,0.0,0.0,0.004613242186326175,0.0,0,0.0,0.0,0.004613242186326175,0.0,0.0
MAR03517,542,1.8956546049983485e-14,1.0213431866539135e-14,1.551046675759946e-16,0.0,0,0.0,0.0,0.00462173008405905,0.0,0,0.0,0.0,0.00462173008405905,0.0,0.0
MAR03361,565,1.893942230185329e-14,9.832191995279886e-15,1.5431920722036084e-16,0.0,0,0.0,0.0,0.004434089734923025,0.0,0,0.0,0.0,0.004434089734923025,0.0,0.0
MAR03327,571,1.8889735076774644e-14,9.750403545330159e-15,1.5413369691791413e-16,0.0,0,0.0,0.0,0.00438761958448344,0.0,0,0.0,0.0,0.00438761958448344,0.0,0.0
MAR03718,556,1.8888168407435756e-14,9.973832269429255e-15,1.5426878742971744e-16,0.0,0,0.0,0.0,0.0045056704064922026,0.0,0,0.0,0.0,0.0045056704064922026,0.0,0.0
MAR02329,563,1.8880496140268383e-14,9.703984601133287e-15,1.5518385732447858e-16,0.0,0,0.0,0.0,0.004449799303901048,0.0,0,0.0,0.0,0.004449799303901048,0.0,0.0
MAR03578,544,1.8599501024308505e-14,1.0224961146138093e-14,1.5193335061124051e-16,0.0,0,0.0,0.0,0.004604785407758596,0.0,0,0.0,0.0,0.004604785407758596,0.0,0.0
MAR00601,563,1.8451393955262282e-14,9.73798407686387e-15,1.509081465390869e-16,0.0,0,0.0,0.0,0.004449799303901048,0.0,0,0.0,0.0,0.004449799303901048,0.0,0.0
MAR12443,559,1.8405471938830503e-14,9.82449495046861e-15,1.4990667013407286e-16,0.0,0,0.0,0.0,0.004481554769642852,0.0,0,0.0,0.0,0.004481554769642852,0.0,0.0
MAR03752,556,1.832586840071913e-14,9.803201598999904e-15,1.4968452023604076e-16,0.0,0,0.0,0.0,0.0045056704064922026,0.0,0,0.0,0.0,0.0045056704064922026,0.0,0.0
MAR07431,556,1.8274750218290346e-14,9.830439531181938e-15,1.5061704078725677e-16,0.0,0,0.0,0.0,0.0045056704064922026,0.0,0,0.0,0.0,0.0045056704064922026,0.0,0.0
MAR03520,537,1.8259757455287492e-14,1.0316470787288198e-14,1.4871117331344942e-16,0.0,0,0.0,0.0,0.004664642427888463,0.0,0,0.0,0.0,0.004664642427888463,0.0,0.0
MAR02563,566,1.8253164978713528e-14,9.797087490397861e-15,1.4909958063707213e-16,0.0,0,0.0,0.0,0.0044262764728495866,0.0,0,0.0,0.0,0.0044262764728495866,0.0,0.0
MAR04839,554,1.8186815871982347e-14,9.883120233108599e-15,1.4876952520763247e-16,0.0,0,0.0,0.0,0.004521892203603858,0.0,0,0.0,0.0,0.004521892203603858,0.0,0.0
MAR01304,537,1.8180367205481894e-14,1.0191690219758757e-14,1.4863558567413138e-16,0.0,0,0.0,0.0,0.004664642427888463,0.0,0,0.0,0.0,0.004664642427888463,0.0,0.0
MAR04627,560,1.81442162881597e-14,9.801928268212888e-15,1.4830631233056408e-16,0.0,0,0.0,0.0,0.0044735734878779895,0.0,0,0.0,0.0,0.0044735734878779895,0.0,0.0
MAR01104,560,1.7991957130496822e-14,9.80111400102365e-15,1.477856342591452e-16,0.0,0,0.0,0.0,0.0044735734878779895,0.0,0,0.0,0.0,0.0044735734878779895,0.0,0.0
MAR03684,566,1.7976982289902183e-14,9.69428654924029e-15,1.469795812158693e-16,0.0,0,0.0,0.0,0.0044262764728495866,0.0,0,0.0,0.0,0.0044262764728495866,0.0,0.0
MAR12267,567,1.7945276853764787e-14,9.69930967082818e-15,1.4697014062010033e-16,0.0,0,0.0,0.0,0.00441849069762059,0.0,0,0.0,0.0,0.00441849069762059,0.0,0.0
MAR03363,566,1.7826337186914175e-14,9.882769765172594e-15,1.4569305697549617e-16,0.0,0,0.0,0.0,0.0044262764728495866,0.0,0,0.0,0.0,0.0044262764728495866,0.0,0.0
MAR03339,566,1.7826337186914175e-14,9.69367148077256e-15,1.4605284524849748e-16,0.0,0,0.0,0.0,0.0044262764728495866,0.0,0,0.0,0.0,0.0044262764728495866,0.0,0.0
MAR11446,533,1.7756902889914698e-14,1.0312739284405573e-14,1.4525508533323e-16,0.0,0,0.0,0.0,0.004699550344959981,0.0,0,0.0,0.0,0.004699550344959981,0.0,0.0
MAR02171,555,1.7744364536279257e-14,9.744789559008951e-15,1.456537306186599e-16,0.0,0,0.0,0.0,0.004513766730450679,0.0,0,0.0,0.0,0.004513766730450679,0.0,0.0
MAR03736,563,1.7719396110251876e-14,9.744104316597797e-15,1.4506705034711233e-16,0.0,0,0.0,0.0,0.004449799303901048,0.0,0,0.0,0.0,0.004449799303901048,0.0,0.0
MAR01233,558,1.7699899690081348e-14,9.970838196551207e-15,1.445030656358063e-16,0.0,0,0.0,0.0,0.004489564580987142,0.0,0,0.0,0.0,0.004489564580987142,0.0,0.0
MAR12957,543,1.7665427132157188e-14,9.992127700487352e-15,1.4528387796708946e-16,0.0,0,0.0,0.0,0.004613242186326175,0.0,0,0.0,0.0,0.004613242186326175,0.0,0.0
MAR07116,553,1.7628655216326536e-14,9.842952468156725e-15,1.446823487911275e-16,0.0,0,0.0,0.0,0.00453004698365408,0.0,0,0.0,0.0,0.00453004698365408,0.0,0.0
MAR01588,578,1.7628343997923593e-14,9.514806683011599e-15,1.447320850104301e-16,0.0,0,0.0,0.0,0.004334620605899285,0.0,0,0.0,0.0,0.004334620605899285,0.0,0.0
MAR08631,568,1.75634155106898e-14,9.780374071194862e-15,1.4376642079295013e-16,0.0,0,0.0,0.0,0.004410732264444036,0.0,0,0.0,0.0,0.004410732264444036,0.0,0.0
MAR11832,563,1.7542706975249365e-14,9.757142567476586e-15,1.436004402705174e-16,0.0,0,0.0,0.0,0.004449799303901048,0.0,0,0.0,0.0,0.004449799303901048,0.0,0.0
MAR03350,555,1.7513918243600308e-14,9.846550096600923e-15,1.4318833370285173e-16,0.0,0,0.0,0.0,0.004513766730450679,0.0,0,0.0,0.0,0.004513766730450679,0.0,0.0
MAR02972,553,1.7500166475682756e-14,9.919657735005443e-15,1.4324805607327365e-16,0.0,0,0.0,0.0,0.00453004698365408,0.0,0,0.0,0.0,0.00453004698365408,0.0,0.0
MAR03680,573,1.7385356292070864e-14,9.481706758650543e-15,1.421449168456877e-16,0.0,0,0.0,0.0,0.0043723452321952965,0.0,0,0.0,0.0,0.0043723452321952965,0.0,0.0
MAR03334,573,1.7360555498501577e-14,9.485586943798083e-15,1.419934490951174e-16,0.0,0,0.0,0.0,0.0043723452321952965,0.0,0,0.0,0.0,0.0043723452321952965,0.0,0.0
MAR00354,545,1.7287700323264088e-14,1.0040469435393448e-14,1.4175573817668334e-16,0.0,0,0.0,0.0,0.004596359577531593,0.0,0,0.0,0.0,0.004596359577531593,0.0,0.0
MAR03863,548,1.727085627796448e-14,9.975467421140328e-15,1.4162244409465755e-16,0.0,0,0.0,0.0,0.004571266087298871,0.0,0,0.0,0.0,0.004571266087298871,0.0,0.0
MAR04610,569,1.7257821807037934e-14,9.543983904038798e-15,1.4083104675160433e-16,0.0,0,0.0,0.0,0.004403001029543098,0.0,0,0.0,0.0,0.004403001029543098,0.0,0.0
MAR09628,528,1.7252192940235767e-14,1.0350467443639343e-14,1.4178039976231738e-16,0.0,0,0.0,0.0,0.0047439268977446615,0.0,0,0.0,0.0,0.0047439268977446615,0.0,0.0
MAR02154,562,1.724520091773624e-14,9.857565398560215e-15,1.415796458675053e-16,0.0,0,0.0,0.0,0.0044576959055467585,0.0,0,0.0,0.0,0.0044576959055467585,0.0,0.0
MAR12888,571,1.7222261756426947e-14,9.614846238820468e-15,1.4096293176051517e-16,0.0,0,0.0,0.0,0.00438761958448344,0.0,0,0.0,0.0,0.00438761958448344,0.0,0.0
MAR08350,540,1.721092404396687e-14,1.0228303136218533e-14,1.4123117533587206e-16,0.0,0,0.0,0.0,0.00463879992662872,0.0,0,0.0,0.0,0.00463879992662872,0.0,0.0
MAR03188,562,1.7194628481027337e-14,9.899156573411056e-15,1.3992470978399177e-16,0.0,0,0.0,0.0,0.0044576959055467585,0.0,0,0.0,0.0,0.0044576959055467585,0.0,0.0
MAR07690,573,1.7137348356377984e-14,9.554607476937504e-15,1.4069399475956182e-16,0.0,0,0.0,0.0,0.0043723452321952965,0.0,0,0.0,0.0,0.0043723452321952965,0.0,0.0
MAR05565,556,1.7124591113642703e-14,9.768567891696726e-15,1.3970550977248031e-16,0.0,0,0.0,0.0,0.0045056704064922026,0.0,0,0.0,0.0,0.0045056704064922026,0.0,0.0
MAR00312,561,1.7123953275359278e-14,9.737396731155754e-15,1.4043305625934373e-16,0.0,0,0.0,0.0,0.004465620583537596,0.0,0,0.0,0.0,0.004465620583537596,0.0,0.0
MAR11541,542,1.7094976520870306e-14,1.0136780462685524e-14,1.4010306527560975e-16,0.0,0,0.0,0.0,0.00462173008405905,0.0,0,0.0,0.0,0.00462173008405905,0.0,0.0
MAR03667,561,1.7047959399876914e-14,9.811390219287406e-15,1.3854601232740185e-16,0.0,0,0.0,0.0,0.004465620583537596,0.0,0,0.0,0.0,0.004465620583537596,0.0,0.0
MAR05026,568,1.696295686075169e-14,9.71457393764014e-15,1.3862486718345996e-16,0.0,0,0.0,0.0,0.004410732264444036,0.0,0,0.0,0.0,0.004410732264444036,0.0,0.0
MAR03630,569,1.6958120125873743e-14,9.774375148736893e-15,1.3848459888531703e-16,0.0,0,0.0,0.0,0.004403001029543098,0.0,0,0.0,0.0,0.004403001029543098,0.0,0.0
MAR03254,555,1.6950605083718426e-14,1.0053994866753014e-14,1.387600049255451e-16,0.0,0,0.0,0.0,0.004513766730450679,0.0,0,0.0,0.0,0.004513766730450679,0.0,0.0
MAR00420,559,1.690557850735122e-14,9.831333065235909e-15,1.387558608080729e-16,0.0,0,0.0,0.0,0.004481554769642852,0.0,0,0.0,0.0,0.004481554769642852,0.0,0.0
MAR02527,560,1.6900766500579526e-14,9.780179634668526e-15,1.3887354355687317e-16,0.0,0,0.0,0.0,0.0044735734878779895,0.0,0,0.0,0.0,0.0044735734878779895,0.0,0.0
MAR03827,561,1.6895971648912186e-14,9.910098420608893e-15,1.3821139559410838e-16,0.0,0,0.0,0.0,0.004465620583537596,0.0,0,0.0,0.0,0.004465620583537596,0.0,0.0
MAR01124,572,1.6769802330002363e-14,9.785368784977996e-15,1.369272651996155e-16,0.0,0,0.0,0.0,0.004379969091767465,0.0,0,0.0,0.0,0.004379969091767465,0.0,0.0
MAR01262,577,1.6747627740619346e-14,9.635013630655266e-15,1.3633788154620778e-16,0.0,0,0.0,0.0,0.004342113363096878,0.0,0,0.0,0.0,0.004342113363096878,0.0,0.0
MAR02234,585,1.673722888679347e-14,9.556140603907286e-15,1.3613653194339862e-16,0.0,0,0.0,0.0,0.004282886715357432,0.0,0,0.0,0.0,0.004282886715357432,0.0,0.0
MAR02041,552,1.6733796313190764e-14,9.993352291771312e-15,1.3696002450399178e-16,0.0,0,0.0,0.0,0.004538231229443332,0.0,0,0.0,0.0,0.004538231229443332,0.0,0.0
MAR01771,578,1.6718652606120005e-14,9.536814603688163e-15,1.3658628352149832e-16,0.0,0,0.0,0.0,0.004334620605899285,0.0,0,0.0,0.0,0.004334620605899285,0.0,0.0
MAR02710,571,1.6699620864974683e-14,9.648060158870625e-15,1.3747489926720294e-16,0.0,0,0.0,0.0,0.00438761958448344,0.0,0,0.0,0.0,0.00438761958448344,0.0,0.0
MAR03276,567,1.6692115062300767e-14,9.685996229463754e-15,1.3655914821156375e-16,0.0,0,0.0,0.0,0.00441849069762059,0.0,0,0.0,0.0,0.00441849069762059,0.0,0.0
MAR02157,559,1.667678120424421e-14,9.892396460405028e-15,1.367176923237631e-16,0.0,0,0.0,0.0,0.004481554769642852,0.0,0,0.0,0.0,0.004481554769642852,0.0,0.0
MAR11410,565,1.6675746329520226e-14,9.730064881020138e-15,1.3681649358716665e-16,0.0,0,0.0,0.0,0.004434089734923025,0.0,0,0.0,0.0,0.004434089734923025,0.0,0.0
MAR02305,552,1.6656563407129885e-14,9.841241488513926e-15,1.366745680021442e-16,0.0,0,0.0,0.0,0.004538231229443332,0.0,0,0.0,0.0,0.004538231229443332,0.0,0.0
MAR02968,558,1.6655732945774392e-14,9.684028094552635e-15,1.3591652255024798e-16,0.0,0,0.0,0.0,0.004489564580987142,0.0,0,0.0,0.0,0.004489564580987142,0.0,0.0
MAR02638,561,1.664265873063764e-14,9.737005454300014e-15,1.3620619207424338e-16,0.0,0,0.0,0.0,0.004465620583537596,0.0,0,0.0,0.0,0.004465620583537596,0.0,0.0
MAR03625,565,1.6625442419023937e-14,9.867008849188218e-15,1.3542719966240476e-16,0.0,0,0.0,0.0,0.004434089734923025,0.0,0,0.0,0.0,0.004434089734923025,0.0,0.0
MAR12627,565,1.6600290463775793e-14,9.721334028650202e-15,1.361391886181774e-16,0.0,0,0.0,0.0,0.004434089734923025,0.0,0,0.0,0.0,0.004434089734923025,0.0,0.0
MAR06182,550,1.6587943140290338e-14,9.799561218251282e-15,1.3627486455463453e-16,0.0,0,0.0,0.0,0.0045546887593671224,0.0,0,0.0,0.0,0.0045546887593671224,0.0,0.0
MAR01331,551,1.6583629005217583e-14,1.003464363675017e-14,1.3498994053013774e-16,0.0,0,0.0,0.0,0.004546445100963565,0.0,0,0.0,0.0,0.004546445100963565,0.0,0.0
MAR03236,575,1.658344958939225e-14,9.465085876211175e-15,1.3496067255047276e-16,0.0,0,0.0,0.0,0.004357176858116289,0.0,0,0.0,0.0,0.004357176858116289,0.0,0.0
MAR01229,552,1.6579330501069005e-14,9.930703202373769e-15,1.3558538537412181e-16,0.0,0,0.0,0.0,0.004538231229443332,0.0,0,0.0,0.0,0.004538231229443332,0.0,0.0
MAR01973,558,1.6579330501069005e-14,9.733219071265847e-15,1.3571061783449453e-16,0.0,0,0.0,0.0,0.004489564580987142,0.0,0,0.0,0.0,0.004489564580987142,0.0,0.0
MAR04004,559,1.6549671591406984e-14,9.8986345997551e-15,1.3494570202526963e-16,0.0,0,0.0,0.0,0.004481554769642852,0.0,0,0.0,0.0,0.004481554769642852,0.0,0.0
MAR12885,549,1.651461804790324e-14,1.0044000528171977e-14,1.3465729425223381e-16,0.0,0,0.0,0.0,0.004562962366977274,0.0,0,0.0,0.0,0.004562962366977274,0.0,0.0
MAR02256,563,1.6482572165234294e-14,9.792094999160641e-15,1.34533478467776e-16,0.0,0,0.0,0.0,0.004449799303901048,0.0,0,0.0,0.0,0.004449799303901048,0.0,0.0
MAR02237,546,1.647522167531661e-14,1.0126972067395662e-14,1.3427284403249212e-16,0.0,0,0.0,0.0,0.004587964526068459,0.0,0,0.0,0.0,0.004587964526068459,0.0,0.0
MAR00090,567,1.644148270400796e-14,9.695519551584692e-15,1.3511121580450946e-16,0.0,0,0.0,0.0,0.00441849069762059,0.0,0,0.0,0.0,0.00441849069762059,0.0,0.0
MAR02051,530,1.6436328189469488e-14,1.032056037202089e-14,1.344667241454156e-16,0.0,0,0.0,0.0,0.0047260760867549505,0.0,0,0.0,0.0,0.0047260760867549505,0.0,0.0
MAR02681,550,1.6432915634306316e-14,1.016846491439435e-14,1.3382893907981724e-16,0.0,0,0.0,0.0,0.0045546887593671224,0.0,0,0.0,0.0,0.0045546887593671224,0.0,0.0
MAR02076,569,1.6408667043739396e-14,9.581965028806947e-15,1.3474523283698784e-16,0.0,0,0.0,0.0,0.004403001029543098,0.0,0,0.0,0.0,0.004403001029543098,0.0,0.0
MAR02223,539,1.6399168150010474e-14,1.0269438300139403e-14,1.338623252045684e-16,0.0,0,0.0,0.0,0.004647382219459146,0.0,0,0.0,0.0,0.004647382219459146,0.0,0.0
MAR02246,572,1.639714005600231e-14,9.701475585009475e-15,1.3364190290388228e-16,0.0,0,0.0,0.0,0.004379969091767465,0.0,0,0.0,0.0,0.004379969091767465,0.0,0.0
MAR03079,584,1.6376550039950256e-14,9.54732543515226e-15,1.3327493878287368e-16,0.0,0,0.0,0.0,0.004290201536487618,0.0,0,0.0,0.0,0.004290201536487618,0.0,0.0
MAR02111,559,1.6371718133434866e-14,9.75803353155846e-15,1.341777187344879e-16,0.0,0,0.0,0.0,0.004481554769642852,0.0,0,0.0,0.0,0.004481554769642852,0.0,0.0
MAR02101,566,1.637010119136344e-14,9.759038983391047e-15,1.337401478999189e-16,0.0,0,0.0,0.0,0.0044262764728495866,0.0,0,0.0,0.0,0.0044262764728495866,0.0,0.0
MAR07069,558,1.632465568538438e-14,9.925617837572924e-15,1.3334093274847422e-16,0.0,0,0.0,0.0,0.004489564580987142,0.0,0,0.0,0.0,0.004489564580987142,0.0,0.0
MAR02459,553,1.6318070061759987e-14,9.862519723298517e-15,1.336330549496411e-16,0.0,0,0.0,0.0,0.00453004698365408,0.0,0,0.0,0.0,0.00453004698365408,0.0,0.0
MAR05362,568,1.63124599899854e-14,9.534259036184288e-15,1.332477572629132e-16,0.0,0,0.0,0.0,0.004410732264444036,0.0,0,0.0,0.0,0.004410732264444036,0.0,0.0
MAR12239,553,1.629237231363123e-14,9.978266473136852e-15,1.3352494752894476e-16,0.0,0,0.0,0.0,0.00453004698365408,0.0,0,0.0,0.0,0.00453004698365408,0.0,0.0
MAR09783,533,1.6263829974246197e-14,1.0303345027848186e-14,1.3229350409524856e-16,0.0,0,0.0,0.0,0.004699550344959981,0.0,0,0.0,0.0,0.004699550344959981,0.0,0.0
MAR05029,560,1.6240976817373718e-14,9.758805561270312e-15,1.3295176601830517e-16,0.0,0,0.0,0.0,0.0044735734878779895,0.0,0,0.0,0.0,0.0044735734878779895,0.0,0.0
MAR04392,567,1.6215913581544438e-14,9.728101093360937e-15,1.3226691045551542e-16,0.0,0,0.0,0.0,0.00441849069762059,0.0,0,0.0,0.0,0.00441849069762059,0.0,0.0
MAR01045,554,1.621166097474308e-14,9.909676444441404e-15,1.3271379004737107e-16,0.0,0,0.0,0.0,0.004521892203603858,0.0,0,0.0,0.0,0.004521892203603858,0.0,0.0
MAR04281,563,1.617967650522999e-14,9.829099326109913e-15,1.317507397847725e-16,0.0,0,0.0,0.0,0.004449799303901048,0.0,0,0.0,0.0,0.004449799303901048,0.0,0.0
MAR01178,535,1.6176468264594432e-14,1.0379154533478586e-14,1.3183577588155136e-16,0.0,0,0.0,0.0,0.004682031321548599,0.0,0,0.0,0.0,0.004682031321548599,0.0,0.0
MAR06146,536,1.617280107513661e-14,1.020332885249189e-14,1.3288637588386603e-16,0.0,0,0.0,0.0,0.004673320699286043,0.0,0,0.0,0.0,0.004673320699286043,0.0,0.0
MAR01744,560,1.616484723854228e-14,9.919439090810711e-15,1.3258447207505102e-16,0.0,0,0.0,0.0,0.0044735734878779895,0.0,0,0.0,0.0,0.0044735734878779895,0.0,0.0
MAR09656,561,1.6161364185916004e-14,9.8656458638595e-15,1.3172648902483849e-16,0.0,0,0.0,0.0,0.004465620583537596,0.0,0,0.0,0.0,0.004465620583537596,0.0,0.0
MAR03193,563,1.615443520022963e-14,9.839784341332086e-15,1.3109187918287222e-16,0.0,0,0.0,0.0,0.004449799303901048,0.0,0,0.0,0.0,0.004449799303901048,0.0,0.0
MAR02944,560,1.6139470712265132e-14,9.858091968046868e-15,1.315156015182338e-16,0.0,0,0.0,0.0,0.0044735734878779895,0.0,0,0.0,0.0,0.0044735734878779895,0.0,0.0
MAR03836,555,1.6131240487526598e-14,9.966878053763933e-15,1.3187805445084335e-16,0.0,0,0.0,0.0,0.004513766730450679,0.0,0,0.0,0.0,0.004513766730450679,0.0,0.0
MAR02398,556,1.612778655628141e-14,9.740868342372273e-15,1.3211816218406067e-16,0.0,0,0.0,0.0,0.0045056704064922026,0.0,0,0.0,0.0,0.0045056704064922026,0.0,0.0
MAR02668,567,1.6115660638227316e-14,9.804682672116496e-15,1.316245035614928e-16,0.0,0,0.0,0.0,0.00441849069762059,0.0,0,0.0,0.0,0.00441849069762059,0.0,0.0
MAR00327,562,1.61073210917859e-14,9.795988067933272e-15,1.317239290832719e-16,0.0,0,0.0,0.0,0.0044576959055467585,0.0,0,0.0,0.0,0.0044576959055467585,0.0,0.0
MAR01097,571,1.610231698902924e-14,9.756631031889489e-15,1.314946764038907e-16,0.0,0,0.0,0.0,0.00438761958448344,0.0,0,0.0,0.0,0.00438761958448344,0.0,0.0
MAR12245,557,1.609883182278719e-14,9.81691521105035e-15,1.3204212609741365e-16,0.0,0,0.0,0.0,0.004497603075155535,0.0,0,0.0,0.0,0.004497603075155535,0.0,0.0
MAR09934,546,1.6084813578745125e-14,1.0019423970140143e-14,1.3170574230689538e-16,0.0,0,0.0,0.0,0.004587964526068459,0.0,0,0.0,0.0,0.004587964526068459,0.0,0.0
MAR02065,558,1.6069980869699756e-14,9.821734759387684e-15,1.3135340747659364e-16,0.0,0,0.0,0.0,0.004489564580987142,0.0,0,0.0,0.0,0.004489564580987142,0.0,0.0
MAR02989,581,1.6069761700323092e-14,9.457352394130761e-15,1.3150103282191839e-16,0.0,0,0.0,0.0,0.004312296689115291,0.0,0,0.0,0.0,0.004312296689115291,0.0,0.0
MAR01384,543,1.601665393315585e-14,1.0210332459872621e-14,1.3028932839782142e-16,0.0,0,0.0,0.0,0.004613242186326175,0.0,0,0.0,0.0,0.004613242186326175,0.0,0.0
MAR03755,564,1.5949416728232037e-14,9.861872599436344e-15,1.294089958674604e-16,0.0,0,0.0,0.0,0.004441930629657058,0.0,0,0.0,0.0,0.004441930629657058,0.0,0.0
MAR06898,551,1.5938853382930742e-14,9.880393434800785e-15,1.3077013277326603e-16,0.0,0,0.0,0.0,0.004546445100963565,0.0,0,0.0,0.0,0.004546445100963565,0.0,0.0
MAR01228,550,1.5916157281026246e-14,1.0136894925102449e-14,1.2978170424537706e-16,0.0,0,0.0,0.0,0.0045546887593671224,0.0,0,0.0,0.0,0.0045546887593671224,0.0,0.0
MAR12799,579,1.5879832471046106e-14,9.438912899556088e-15,1.2988209186359765e-16,0.0,0,0.0,0.0,0.00432715366313485,0.0,0,0.0,0.0,0.00432715366313485,0.0,0.0
MAR13049,575,1.586672822114728e-14,9.66471311840733e-15,1.3047669149811431e-16,0.0,0,0.0,0.0,0.004357176858116289,0.0,0,0.0,0.0,0.004357176858116289,0.0,0.0
MAR11807,569,1.585921396160505e-14,9.64689002346391e-15,1.2982777863784142e-16,0.0,0,0.0,0.0,0.004403001029543098,0.0,0,0.0,0.0,0.004403001029543098,0.0,0.0
MAR13045,546,1.5850568720802235e-14,1.017012464823821e-14,1.296639517960775e-16,0.0,0,0.0,0.0,0.004587964526068459,0.0,0,0.0,0.0,0.004587964526068459,0.0,0.0
MAR09843,563,1.5826298235224966e-14,9.785480555010802e-15,1.2932603799153555e-16,0.0,0,0.0,0.0,0.004449799303901048,0.0,0,0.0,0.0,0.004449799303901048,0.0,0.0
MAR02986,545,1.580142744479342e-14,1.0179654355656883e-14,1.2819751121860373e-16,0.0,0,0.0,0.0,0.004596359577531593,0.0,0,0.0,0.0,0.004596359577531593,0.0,0.0
MAR02994,555,1.579837362032367e-14,1.008206963784915e-14,1.287814556531475e-16,0.0,0,0.0,0.0,0.004513766730450679,0.0,0,0.0,0.0,0.004513766730450679,0.0,0.0
MAR10385,558,1.578983857244667e-14,9.805899741059045e-15,1.2884466878717826e-16,0.0,0,0.0,0.0,0.004489564580987142,0.0,0,0.0,0.0,0.004489564580987142,0.0,0.0
MAR09928,541,1.5786919933154168e-14,1.0166340862972696e-14,1.2867468225051095e-16,0.0,0,0.0,0.0,0.004630249273041442,0.0,0,0.0,0.0,0.004630249273041442,0.0,0.0
MAR06055,560,1.5784199344385083e-14,9.888065668947356e-15,1.2913732072795846e-16,0.0,0,0.0,0.0,0.0044735734878779895,0.0,0,0.0,0.0,0.0044735734878779895,0.0,0.0
MAR02317,522,1.5762614712839005e-14,1.0512091043698293e-14,1.2857353017664816e-16,0.0,0,0.0,0.0,0.004798297691230617,0.0,0,0.0,0.0,0.004798297691230617,0.0,0.0
MAR07053,548,1.574085549658324e-14,9.977832832305868e-15,1.295102303233768e-16,0.0,0,0.0,0.0,0.004571266087298871,0.0,0,0.0,0.0,0.004571266087298871,0.0,0.0
MAR02544,563,1.5725333015223533e-14,9.795418427365862e-15,1.2857520410694907e-16,0.0,0,0.0,0.0,0.004449799303901048,0.0,0,0.0,0.0,0.004449799303901048,0.0,0.0
MAR11482,566,1.5717305745082076e-14,9.686446568898853e-15,1.2833247350086186e-16,0.0,0,0.0,0.0,0.0044262764728495866,0.0,0,0.0,0.0,0.0044262764728495866,0.0,0.0
MAR03732,568,1.5712001340047287e-14,9.76726275414806e-15,1.2827411475889032e-16,0.0,0,0.0,0.0,0.004410732264444036,0.0,0,0.0,0.0,0.004410732264444036,0.0,0.0
MAR08020,570,1.570673415890748e-14,9.679074328312977e-15,1.2829055776773385e-16,0.0,0,0.0,0.0,0.004395296850147243,0.0,0,0.0,0.0,0.004395296850147243,0.0,0.0
MAR07903,545,1.569712759367267e-14,1.0182627078788964e-14,1.283554597411702e-16,0.0,0,0.0,0.0,0.004596359577531593,0.0,0,0.0,0.0,0.004596359577531593,0.0,0.0
MAR07018,561,1.5680069641194366e-14,9.799601855103924e-15,1.2927394084148464e-16,0.0,0,0.0,0.0,0.004465620583537596,0.0,0,0.0,0.0,0.004465620583537596,0.0,0.0
MAR06487,571,1.5679226743567885e-14,9.580567539014327e-15,1.2834543035536063e-16,0.0,0,0.0,0.0,0.00438761958448344,0.0,0,0.0,0.0,0.00438761958448344,0.0,0.0
MAR01604,558,1.5662501164604358e-14,9.840892021653524e-15,1.2882522854234815e-16,0.0,0,0.0,0.0,0.004489564580987142,0.0,0,0.0,0.0,0.004489564580987142,0.0,0.0
MAR06747,552,1.565253562833844e-14,9.961333313492223e-15,1.2856598829974772e-16,0.0,0,0.0,0.0,0.004538231229443332,0.0,0,0.0,0.0,0.004538231229443332,0.0,0.0
MAR07866,566,1.5641983193588072e-14,9.635251596104899e-15,1.280547590629628e-16,0.0,0,0.0,0.0,0.0044262764728495866,0.0,0,0.0,0.0,0.0044262764728495866,0.0,0.0
MAR02675,557,1.563959414796917e-14,9.372505853142082e-15,1.2720155724898322e-16,0.0,0,0.0,0.0,0.004497603075155535,0.0,0,0.0,0.0,0.004497603075155535,0.0,0.0
MAR13044,569,1.560946256063489e-14,9.643914684496932e-15,1.2750009949677723e-16,0.0,0,0.0,0.0,0.004403001029543098,0.0,0,0.0,0.0,0.004403001029543098,0.0,0.0
MAR05350,539,1.560821148682669e-14,1.0161848809242442e-14,1.2744031624647586e-16,0.0,0,0.0,0.0,0.004647382219459146,0.0,0,0.0,0.0,0.004647382219459146,0.0,0.0
MAR00994,541,1.5550510150461344e-14,1.0188308686499962e-14,1.276177960453108e-16,0.0,0,0.0,0.0,0.004630249273041442,0.0,0,0.0,0.0,0.004630249273041442,0.0,0.0
MAR07974,571,1.5529900774581523e-14,9.711123621745557e-15,1.2655321175013754e-16,0.0,0,0.0,0.0,0.00438761958448344,0.0,0,0.0,0.0,0.00438761958448344,0.0,0.0
MAR06126,552,1.5523814118236973e-14,9.777807016963467e-15,1.271531484536921e-16,0.0,0,0.0,0.0,0.004538231229443332,0.0,0,0.0,0.0,0.004538231229443332,0.0,0.0
MAR12770,552,1.5523814118236973e-14,9.798360937070892e-15,1.2770017487703717e-16,0.0,0,0.0,0.0,0.004538231229443332,0.0,0,0.0,0.0,0.004538231229443332,0.0,0.0
MAR12251,567,1.5514142978324586e-14,9.854087355963245e-15,1.2702082658834929e-16,0.0,0,0.0,0.0,0.00441849069762059,0.0,0,0.0,0.0,0.00441849069762059,0.0,0.0
MAR03790,569,1.5509562000246827e-14,9.742952418484828e-15,1.2633677009962055e-16,0.0,0,0.0,0.0,0.004403001029543098,0.0,0,0.0,0.0,0.004403001029543098,0.0,0.0
MAR02651,560,1.550505755533647e-14,9.915924669086867e-15,1.2610227171643324e-16,0.0,0,0.0,0.0,0.0044735734878779895,0.0,0,0.0,0.0,0.0044735734878779895,0.0,0.0
MAR06213,562,1.5475165632924603e-14,9.690227418062391e-15,1.2695851751499402e-16,0.0,0,0.0,0.0,0.0044576959055467585,0.0,0,0.0,0.0,0.0044576959055467585,0.0,0.0
MAR12691,553,1.5470044373511042e-14,1.0028513014058622e-14,1.258848922940724e-16,0.0,0,0.0,0.0,0.00453004698365408,0.0,0,0.0,0.0,0.00453004698365408,0.0,0.0
MAR01058,557,1.5461001718873274e-14,9.957610060016327e-15,1.2612383848668727e-16,0.0,0,0.0,0.0,0.004497603075155535,0.0,0,0.0,0.0,0.004497603075155535,0.0,0.0
MAR01171,566,1.541601553910606e-14,9.820545613729759e-15,1.2536600644577389e-16,0.0,0,0.0,0.0,0.0044262764728495866,0.0,0,0.0,0.0,0.0044262764728495866,0.0,0.0
MAR12769,556,1.541213200227843e-14,9.7194847453881e-15,1.2655398546036806e-16,0.0,0,0.0,0.0,0.0045056704064922026,0.0,0,0.0,0.0,0.0045056704064922026,0.0,0.0
MAR07090,566,1.5390908021941392e-14,9.635836119909537e-15,1.2611569811795032e-16,0.0,0,0.0,0.0,0.0044262764728495866,0.0,0,0.0,0.0,0.0044262764728495866,0.0,0.0
MAR00350,550,1.5373561010082167e-14,1.0140827722116884e-14,1.2584250875491402e-16,0.0,0,0.0,0.0,0.0045546887593671224,0.0,0,0.0,0.0,0.0045546887593671224,0.0,0.0
MAR00171,561,1.530010026378255e-14,9.824225404639189e-15,1.2525813084508031e-16,0.0,0,0.0,0.0,0.004465620583537596,0.0,0,0.0,0.0,0.004465620583537596,0.0,0.0
MAR01072,565,1.52672368356241e-14,9.828434583685978e-15,1.2379637627499584e-16,0.0,0,0.0,0.0,0.004434089734923025,0.0,0,0.0,0.0,0.004434089734923025,0.0,0.0
MAR01043,561,1.524943768012764e-14,9.808650003529521e-15,1.2481800231112993e-16,0.0,0,0.0,0.0,0.004465620583537596,0.0,0,0.0,0.0,0.004465620583537596,0.0,0.0
MAR07036,559,1.5202309695332375e-14,9.767987517439241e-15,1.250474722110748e-16,0.0,0,0.0,0.0,0.004481554769642852,0.0,0,0.0,0.0,0.004481554769642852,0.0,0.0
MAR07955,567,1.518832091254394e-14,9.712291993938773e-15,1.242837442217043e-16,0.0,0,0.0,0.0,0.00441849069762059,0.0,0,0.0,0.0,0.00441849069762059,0.0,0.0
MAR06150,557,1.5180356473151154e-14,9.77415156299025e-15,1.2356297668592497e-16,0.0,0,0.0,0.0,0.004497603075155535,0.0,0,0.0,0.0,0.004497603075155535,0.0,0.0
MAR10160,575,1.517472138284179e-14,9.587200974995639e-15,1.239035044309168e-16,0.0,0,0.0,0.0,0.004357176858116289,0.0,0,0.0,0.0,0.004357176858116289,0.0,0.0
MAR04367,568,1.516158091093735e-14,9.640472537099184e-15,1.243947354488505e-16,0.0,0,0.0,0.0,0.004410732264444036,0.0,0,0.0,0.0,0.004410732264444036,0.0,0.0
MAR12767,561,1.5148112512817822e-14,9.73056613247984e-15,1.2434501263557709e-16,0.0,0,0.0,0.0,0.004465620583537596,0.0,0,0.0,0.0,0.004465620583537596,0.0,0.0
MAR00432,562,1.5146444794316727e-14,9.924919295296798e-15,1.2377002750978235e-16,0.0,0,0.0,0.0,0.0044576959055467585,0.0,0,0.0,0.0,0.0044576959055467585,0.0,0.0
MAR00276,568,1.513656180052326e-14,9.816793674917402e-15,1.234041391790408e-16,0.0,0,0.0,0.0,0.004410732264444036,0.0,0,0.0,0.0,0.004410732264444036,0.0,0.0
MAR04875,575,1.512529232296283e-14,9.560174709296239e-15,1.228826209325102e-16,0.0,0,0.0,0.0,0.004357176858116289,0.0,0,0.0,0.0,0.004357176858116289,0.0,0.0
MAR12648,562,1.5121158575962275e-14,9.139074887031518e-15,1.239248833078892e-16,0.0,0,0.0,0.0,0.0044576959055467585,0.0,0,0.0,0.0,0.0044576959055467585,0.0,0.0
MAR03547,581,1.5066930300455138e-14,9.588714493431027e-15,1.2304749437304812e-16,0.0,0,0.0,0.0,0.004312296689115291,0.0,0,0.0,0.0,0.004312296689115291,0.0,0.0
MAR04409,569,1.5060009478500542e-14,9.760724470182635e-15,1.2287828513049418e-16,0.0,0,0.0,0.0,0.004403001029543098,0.0,0,0.0,0.0,0.004403001029543098,0.0,0.0
MAR04908,553,1.5058880403450948e-14,7.962265275499319e-15,1.228663562049782e-16,0.0,0,0.0,0.0,0.00453004698365408,0.0,0,0.0,0.0,0.00453004698365408,0.0,0.0
MAR02176,584,1.5038198996566503e-14,9.499697962289792e-15,1.2305984877811352e-16,0.0,0,0.0,0.0,0.004290201536487618,0.0,0,0.0,0.0,0.004290201536487618,0.0,0.0
MAR02326,556,1.5028745634062552e-14,9.847687762407872e-15,1.2259548382258014e-16,0.0,0,0.0,0.0,0.0045056704064922026,0.0,0,0.0,0.0,0.0045056704064922026,0.0,0.0
MAR08344,546,1.501769811478307e-14,1.0024866107450817e-14,1.22461315718476e-16,0.0,0,0.0,0.0,0.004587964526068459,0.0,0,0.0,0.0,0.004587964526068459,0.0,0.0
MAR12551,599,1.501748085930362e-14,9.257227729609823e-15,1.2234259063196627e-16,0.0,0,0.0,0.0,0.00418303723654066,0.0,0,0.0,0.0,0.00418303723654066,0.0,0.0
MAR06636,564,1.4991947793519846e-14,9.759339926557214e-15,1.226180983665411e-16,0.0,0,0.0,0.0,0.004441930629657058,0.0,0,0.0,0.0,0.004441930629657058,0.0,0.0
MAR00712,548,1.4988821214209413e-14,1.0068697154229255e-14,1.2315436925793195e-16,0.0,0,0.0,0.0,0.004571266087298871,0.0,0,0.0,0.0,0.004571266087298871,0.0,0.0
MAR07052,569,1.4935133778015462e-14,9.768517188455624e-15,1.2314076016804438e-16,0.0,0,0.0,0.0,0.004403001029543098,0.0,0,0.0,0.0,0.004403001029543098,0.0,0.0
MAR00927,551,1.4933003412163268e-14,1.0054610703347249e-14,1.2175915981532087e-16,0.0,0,0.0,0.0,0.004546445100963565,0.0,0,0.0,0.0,0.004546445100963565,0.0,0.0
MAR02240,544,1.491617287202269e-14,1.0062313996596881e-14,1.2172629352135491e-16,0.0,0,0.0,0.0,0.004604785407758596,0.0,0,0.0,0.0,0.004604785407758596,0.0,0.0
MAR03523,573,1.4905276935142066e-14,9.098732407769325e-15,1.2150248925723537e-16,0.0,0,0.0,0.0,0.0043723452321952965,0.0,0,0.0,0.0,0.0043723452321952965,0.0,0.0
MAR11389,518,1.4896706776746502e-14,1.0454802962123745e-14,1.218264091491192e-16,0.0,0,0.0,0.0,0.004835242606512042,0.0,0,0.0,0.0,0.004835242606512042,0.0,0.0
MAR02745,564,1.489116158986593e-14,9.795909068464946e-15,1.2101711178834621e-16,0.0,0,0.0,0.0,0.004441930629657058,0.0,0,0.0,0.0,0.004441930629657058,0.0,0.0
MAR03646,560,1.4870644398407812e-14,9.871795768072477e-15,1.2104834134942496e-16,0.0,0,0.0,0.0,0.0044735734878779895,0.0,0,0.0,0.0,0.0044735734878779895,0.0,0.0
MAR03375,579,1.4848993268907104e-14,9.658919145832373e-15,1.2076496735952856e-16,0.0,0,0.0,0.0,0.00432715366313485,0.0,0,0.0,0.0,0.00432715366313485,0.0,0.0
MAR08549,556,1.4824272904347413e-14,9.38221689144074e-15,1.1992554478133826e-16,0.0,0,0.0,0.0,0.0045056704064922026,0.0,0,0.0,0.0,0.0045056704064922026,0.0,0.0
MAR12159,540,1.4816131860479125e-14,1.0187523753787663e-14,1.2078863905069367e-16,0.0,0,0.0,0.0,0.00463879992662872,0.0,0,0.0,0.0,0.00463879992662872,0.0,0.0
MAR07120,553,1.480190292216339e-14,1.0044839746509649e-14,1.21653702112902e-16,0.0,0,0.0,0.0,0.00453004698365408,0.0,0,0.0,0.0,0.00453004698365408,0.0,0.0
MAR02113,564,1.4765178835298534e-14,9.244484229463515e-15,1.2051726677936778e-16,0.0,0,0.0,0.0,0.004441930629657058,0.0,0,0.0,0.0,0.004441930629657058,0.0,0.0
MAR01145,570,1.4759343844560676e-14,9.742281037605418e-15,1.197988345742996e-16,0.0,0,0.0,0.0,0.004395296850147243,0.0,0,0.0,0.0,0.004395296850147243,0.0,0.0
MAR01296,581,1.474895936878969e-14,9.599529397380967e-15,1.2030642086149784e-16,0.0,0,0.0,0.0,0.004312296689115291,0.0,0,0.0,0.0,0.004312296689115291,0.0,0.0
MAR03222,566,1.473811257566003e-14,9.81476590042403e-15,1.2012443711737676e-16,0.0,0,0.0,0.0,0.0044262764728495866,0.0,0,0.0,0.0,0.0044262764728495866,0.0,0.0
MAR03493,577,1.4728060866015247e-14,7.85334319131241e-15,1.200340185189965e-16,0.0,0,0.0,0.0,0.004342113363096878,0.0,0,0.0,0.0,0.004342113363096878,0.0,0.0
MAR08603,533,1.4717433025875244e-14,1.0363941489296063e-14,1.2094527294800967e-16,0.0,0,0.0,0.0,0.004699550344959981,0.0,0,0.0,0.0,0.004699550344959981,0.0,0.0
MAR09266,566,1.471300505849536e-14,9.797025935989e-15,1.196672640673456e-16,0.0,0,0.0,0.0,0.0044262764728495866,0.0,0,0.0,0.0,0.0044262764728495866,0.0,0.0
MAR12307,539,1.4685428713112274e-14,1.0036886206242822e-14,1.2002920180947368e-16,0.0,0,0.0,0.0,0.004647382219459146,0.0,0,0.0,0.0,0.004647382219459146,0.0,0.0
MAR03991,569,1.4685382377045306e-14,9.691351911196559e-15,1.2002566907016703e-16,0.0,0,0.0,0.0,0.004403001029543098,0.0,0,0.0,0.0,0.004403001029543098,0.0,0.0
MAR08413,548,1.4677634614606448e-14,1.0132763309553283e-14,1.1931836019503408e-16,0.0,0,0.0,0.0,0.004571266087298871,0.0,0,0.0,0.0,0.004571266087298871,0.0,0.0
MAR01797,554,1.467257923663456e-14,9.988401574972718e-15,1.1925987811505423e-16,0.0,0,0.0,0.0,0.004521892203603858,0.0,0,0.0,0.0,0.004521892203603858,0.0,0.0
MAR09423,540,1.465823347475466e-14,1.0173090063246467e-14,1.1993442074013265e-16,0.0,0,0.0,0.0,0.00463879992662872,0.0,0,0.0,0.0,0.00463879992662872,0.0,0.0
MAR03160,577,1.4654174273041927e-14,7.691956935686074e-15,1.1948185964893124e-16,0.0,0,0.0,0.0,0.004342113363096878,0.0,0,0.0,0.0,0.004342113363096878,0.0,0.0
MAR00308,553,1.4647716433390854e-14,1.0053346600226347e-14,1.1966848279493604e-16,0.0,0,0.0,0.0,0.00453004698365408,0.0,0,0.0,0.0,0.00453004698365408,0.0,0.0
MAR01236,556,1.464535926584667e-14,9.934967979974783e-15,1.1930956441640064e-16,0.0,0,0.0,0.0,0.0045056704064922026,0.0,0,0.0,0.0,0.0045056704064922026,0.0,0.0
MAR00948,558,1.4643801901865863e-14,9.956854192841445e-15,1.1912418831115242e-16,0.0,0,0.0,0.0,0.004489564580987142,0.0,0,0.0,0.0,0.004489564580987142,0.0,0.0
MAR03693,535,1.463585223939496e-14,1.0401596872864119e-14,1.1926526253814863e-16,0.0,0,0.0,0.0,0.004682031321548599,0.0,0,0.0,0.0,0.004682031321548599,0.0,0.0
MAR07083,563,1.4614715595207746e-14,9.84766475461086e-15,1.1975188936906523e-16,0.0,0,0.0,0.0,0.004449799303901048,0.0,0,0.0,0.0,0.004449799303901048,0.0,0.0
MAR03072,551,1.459772008857411e-14,1.007936818861298e-14,1.182120437404827e-16,0.0,0,0.0,0.0,0.004546445100963565,0.0,0,0.0,0.0,0.004546445100963565,0.0,0.0
MAR11975,551,1.4546138038791162e-14,1.0106441888141326e-14,1.1845156738284604e-16,0.0,0,0.0,0.0,0.004546445100963565,0.0,0,0.0,0.0,0.004546445100963565,0.0,0.0
MAR00288,550,1.4520909727170046e-14,1.0134046186223629e-14,1.1824276922711956e-16,0.0,0,0.0,0.0,0.0045546887593671224,0.0,0,0.0,0.0,0.0045546887593671224,0.0,0.0
MAR10485,555,1.4492511295142945e-14,9.885354404661776e-15,1.1794072363354694e-16,0.0,0,0.0,0.0,0.004513766730450679,0.0,0,0.0,0.0,0.004513766730450679,0.0,0.0
MAR03576,564,1.448801677525027e-14,9.285590052099498e-15,1.1782317769675116e-16,0.0,0,0.0,0.0,0.004441930629657058,0.0,0,0.0,0.0,0.004441930629657058,0.0,0.0
MAR00267,533,1.4477474878714238e-14,9.74058829978755e-15,1.1770855526415082e-16,0.0,0,0.0,0.0,0.004699550344959981,0.0,0,0.0,0.0,0.004699550344959981,0.0,0.0
MAR02466,551,1.4468764964116742e-14,1.0131898526818592e-14,1.183182937459089e-16,0.0,0,0.0,0.0,0.004546445100963565,0.0,0,0.0,0.0,0.004546445100963565,0.0,0.0
MAR00331,572,1.445929623120204e-14,9.540660230156733e-15,1.1861472208464768e-16,0.0,0,0.0,0.0,0.004379969091767465,0.0,0,0.0,0.0,0.004379969091767465,0.0,0.0
MAR09400,544,1.4419837872778503e-14,9.965993169365115e-15,1.1728769103101616e-16,0.0,0,0.0,0.0,0.004604785407758596,0.0,0,0.0,0.0,0.004604785407758596,0.0,0.0
MAR00240,564,1.4412427122509834e-14,7.95151671723953e-15,1.1748828038947042e-16,0.0,0,0.0,0.0,0.004441930629657058,0.0,0,0.0,0.0,0.004441930629657058,0.0,0.0
MAR12338,584,1.4405523957876005e-14,9.515602284024025e-15,1.1822370790971547e-16,0.0,0,0.0,0.0,0.004290201536487618,0.0,0,0.0,0.0,0.004290201536487618,0.0,0.0
MAR09848,536,1.4396444235736358e-14,1.0270647934516762e-14,1.1676490291800187e-16,0.0,0,0.0,0.0,0.004673320699286043,0.0,0,0.0,0.0,0.004673320699286043,0.0,0.0
MAR02953,539,1.4395411269944885e-14,1.0300744290758417e-14,1.1709184584513722e-16,0.0,0,0.0,0.0,0.004647382219459146,0.0,0,0.0,0.0,0.004647382219459146,0.0,0.0
MAR03726,552,1.4391064829344057e-14,9.448436882998707e-15,1.166798831093008e-16,0.0,0,0.0,0.0,0.004538231229443332,0.0,0,0.0,0.0,0.004538231229443332,0.0,0.0
MAR01849,548,1.4366448015003486e-14,1.001373264084409e-14,1.1778728451116517e-16,0.0,0,0.0,0.0,0.004571266087298871,0.0,0,0.0,0.0,0.004571266087298871,0.0,0.0
MAR09978,563,1.4362302545204157e-14,1.0011076359538296e-14,1.1736379748405994e-16,0.0,0,0.0,0.0,0.004449799303901048,0.0,0,0.0,0.0,0.004449799303901048,0.0,0.0
MAR12762,564,1.4362034020682877e-14,9.663023804456703e-15,1.1740286376189225e-16,0.0,0,0.0,0.0,0.004441930629657058,0.0,0,0.0,0.0,0.004441930629657058,0.0,0.0
MAR02699,571,1.4360180684188366e-14,9.78882274837463e-15,1.1683525783991327e-16,0.0,0,0.0,0.0,0.00438761958448344,0.0,0,0.0,0.0,0.00438761958448344,0.0,0.0
MAR07863,578,1.435837223819718e-14,9.413278400914796e-15,1.1754312330917882e-16,0.0,0,0.0,0.0,0.004334620605899285,0.0,0,0.0,0.0,0.004334620605899285,0.0,0.0
MAR01835,562,1.4337285806974264e-14,9.783031663656368e-15,1.1673543331778206e-16,0.0,0,0.0,0.0,0.0044576959055467585,0.0,0,0.0,0.0,0.0044576959055467585,0.0,0.0
MAR00957,571,1.4335293022690638e-14,9.635977100883337e-15,1.1722899392624372e-16,0.0,0,0.0,0.0,0.00438761958448344,0.0,0,0.0,0.0,0.00438761958448344,0.0,0.0
MAR03224,572,1.433507547320202e-14,9.010550097281617e-15,1.169499075245982e-16,0.0,0,0.0,0.0,0.004379969091767465,0.0,0,0.0,0.0,0.004379969091767465,0.0,0.0
MAR09851,560,1.4261607767756296e-14,9.727534084926196e-15,1.1614946938904687e-16,0.0,0,0.0,0.0,0.0044735734878779895,0.0,0,0.0,0.0,0.0044735734878779895,0.0,0.0
MAR13014,562,1.426142715191091e-14,9.896981207236552e-15,1.166429198735322e-16,0.0,0,0.0,0.0,0.0044576959055467585,0.0,0,0.0,0.0,0.0044576959055467585,0.0,0.0
MAR09992,566,1.426106974953134e-14,9.852583237884689e-15,1.1632242373009301e-16,0.0,0,0.0,0.0,0.0044262764728495866,0.0,0,0.0,0.0,0.0044262764728495866,0.0,0.0
MAR05382,569,1.4260804995396035e-14,9.707059218944963e-15,1.1596270244670288e-16,0.0,0,0.0,0.0,0.004403001029543098,0.0,0,0.0,0.0,0.004403001029543098,0.0,0.0
MAR03719,561,1.4236186007029457e-14,9.916940201217256e-15,1.1581543340771457e-16,0.0,0,0.0,0.0,0.004465620583537596,0.0,0,0.0,0.0,0.004465620583537596,0.0,0.0
MAR06187,571,1.4235742376699732e-14,9.506060566500647e-15,1.166835119709439e-16,0.0,0,0.0,0.0,0.00438761958448344,0.0,0,0.0,0.0,0.00438761958448344,0.0,0.0
MAR12586,549,1.4210854715202004e-14,9.172737973424229e-15,1.1603740270142208e-16,0.0,0,0.0,0.0,0.004562962366977274,0.0,0,0.0,0.0,0.004562962366977274,0.0,0.0
MAR09854,564,1.4210854715202004e-14,9.769328410363117e-15,1.1556162396742838e-16,0.0,0,0.0,0.0,0.004441930629657058,0.0,0,0.0,0.0,0.004441930629657058,0.0,0.0
MAR06676,562,1.4210854715202004e-14,9.690110035358636e-15,1.1638889700371977e-16,0.0,0,0.0,0.0,0.0044576959055467585,0.0,0,0.0,0.0,0.0044576959055467585,0.0,0.0
MAR01193,582,1.4186437439059045e-14,9.520364800361887e-15,1.1594108515289418e-16,0.0,0,0.0,0.0,0.004304906394243486,0.0,0,0.0,0.0,0.004304906394243486,0.0,0.0
MAR03458,578,1.4186268461369474e-14,9.04269697137316e-15,1.150187351370365e-16,0.0,0,0.0,0.0,0.004334620605899285,0.0,0,0.0,0.0,0.004334620605899285,0.0,0.0
MAR02381,569,1.4135929294910957e-14,9.578070906945103e-15,1.1580084415783078e-16,0.0,0,0.0,0.0,0.004403001029543098,0.0,0,0.0,0.0,0.004403001029543098,0.0,0.0
MAR03307,556,1.4134177441558828e-14,9.369024860542308e-15,1.1424655326130647e-16,0.0,0,0.0,0.0,0.0045056704064922026,0.0,0,0.0,0.0,0.0045056704064922026,0.0,0.0
MAR03282,555,1.413403928430902e-14,9.418265247888095e-15,1.1431213104869025e-16,0.0,0,0.0,0.0,0.004513766730450679,0.0,0,0.0,0.0,0.004513766730450679,0.0,0.0
MAR09725,554,1.4133900628296578e-14,1.0022645917319212e-14,1.1535502533630055e-16,0.0,0,0.0,0.0,0.004521892203603858,0.0,0,0.0,0.0,0.004521892203603858,0.0,0.0
MAR02054,580,1.4112848820614403e-14,9.511616179304595e-15,1.1487173531140197e-16,0.0,0,0.0,0.0,0.004319712401627411,0.0,0,0.0,0.0,0.004319712401627411,0.0,0.0
MAR08530,538,1.410519780282132e-14,1.008334690531314e-14,1.1486778736568315e-16,0.0,0,0.0,0.0,0.004655996327465773,0.0,0,0.0,0.0,0.004655996327465773,0.0,0.0
MAR00248,575,1.4087282065504596e-14,9.697381641842005e-15,1.153255899245459e-16,0.0,0,0.0,0.0,0.004357176858116289,0.0,0,0.0,0.0,0.004357176858116289,0.0,0.0
MAR09584,575,1.4087282065504596e-14,9.495774399637426e-15,1.147916175537025e-16,0.0,0,0.0,0.0,0.004357176858116289,0.0,0,0.0,0.0,0.004357176858116289,0.0,0.0
MAR02182,550,1.4081665126881986e-14,9.942468879159037e-15,1.1487329005251716e-16,0.0,0,0.0,0.0,0.0045546887593671224,0.0,0,0.0,0.0,0.0045546887593671224,0.0,0.0
MAR04438,587,1.4041389667490906e-14,9.434658194067584e-15,1.1489791658722762e-16,0.0,0,0.0,0.0,0.004268331649559446,0.0,0,0.0,0.0,0.004268331649559446,0.0,0.0
MAR02255,583,1.4015851563020844e-14,8.77799646471251e-15,1.1448206075871664e-16,0.0,0,0.0,0.0,0.004297541386555887,0.0,0,0.0,0.0,0.004297541386555887,0.0,0.0
MAR12365,565,1.4009639073216843e-14,9.804451095346686e-15,1.1463421014377262e-16,0.0,0,0.0,0.0,0.004434089734923025,0.0,0,0.0,0.0,0.004434089734923025,0.0,0.0
MAR12716,548,1.4003396982133362e-14,1.0007808658750056e-14,1.140276944696728e-16,0.0,0,0.0,0.0,0.004571266087298871,0.0,0,0.0,0.0,0.004571266087298871,0.0,0.0
MAR00179,547,1.3977038092831221e-14,1.016153873578769e-14,1.135033477324379e-16,0.0,0,0.0,0.0,0.004579600085029117,0.0,0,0.0,0.0,0.004579600085029117,0.0,0.0
MAR08051,575,1.3963709415807186e-14,9.675236872817581e-15,1.1420021700995386e-16,0.0,0,0.0,0.0,0.004357176858116289,0.0,0,0.0,0.0,0.004357176858116289,0.0,0.0
MAR12696,567,1.39602223569092e-14,9.686064748808663e-15,1.1414530398334602e-16,0.0,0,0.0,0.0,0.00441849069762059,0.0,0,0.0,0.0,0.00441849069762059,0.0,0.0
MAR03086,542,1.3948661823777613e-14,9.669507267836808e-15,1.1316720603692532e-16,0.0,0,0.0,0.0,0.00462173008405905,0.0,0,0.0,0.0,0.00462173008405905,0.0,0.0
MAR01625,580,1.3941338505086104e-14,9.645430371401004e-15,1.1377878629685905e-16,0.0,0,0.0,0.0,0.004319712401627411,0.0,0,0.0,0.0,0.004319712401627411,0.0,0.0
MAR11535,572,1.3937569047601965e-14,9.593622343198737e-15,1.140780862814862e-16,0.0,0,0.0,0.0,0.004379969091767465,0.0,0,0.0,0.0,0.004379969091767465,0.0,0.0
MAR01337,578,1.3891233415379121e-14,9.465648624033656e-15,1.1340128666508995e-16,0.0,0,0.0,0.0,0.004334620605899285,0.0,0,0.0,0.0,0.004334620605899285,0.0,0.0
MAR01804,563,1.388271775019734e-14,9.877018729530692e-15,1.13432722823241e-16,0.0,0,0.0,0.0,0.004449799303901048,0.0,0,0.0,0.0,0.004449799303901048,0.0,0.0
MAR01757,529,1.3861627661709327e-14,1.0429438646804324e-14,1.1265408638819514e-16,0.0,0,0.0,0.0,0.004734984668033456,0.0,0,0.0,0.0,0.004734984668033456,0.0,0.0
MAR12397,573,1.3838842811662685e-14,9.473814497445977e-15,1.1326143904657825e-16,0.0,0,0.0,0.0,0.0043723452321952965,0.0,0,0.0,0.0,0.0043723452321952965,0.0,0.0
MAR00259,570,1.3836884854275636e-14,9.763204761451135e-15,1.1219808504603048e-16,0.0,0,0.0,0.0,0.004395296850147243,0.0,0,0.0,0.0,0.004395296850147243,0.0,0.0
MAR02942,557,1.3802643448697099e-14,9.413506284528593e-15,1.119157209618016e-16,0.0,0,0.0,0.0,0.004497603075155535,0.0,0,0.0,0.0,0.004497603075155535,0.0,0.0
MAR08784,575,1.3765993176291333e-14,9.673706648409849e-15,1.122067881608219e-16,0.0,0,0.0,0.0,0.004357176858116289,0.0,0,0.0,0.0,0.004357176858116289,0.0,0.0
MAR09367,550,1.369409636192193e-14,9.897577478854812e-15,1.117230909496618e-16,0.0,0,0.0,0.0,0.0045546887593671224,0.0,0,0.0,0.0,0.0045546887593671224,0.0,0.0
MAR07047,549,1.3693155089875883e-14,9.860907756786282e-15,1.129537035867559e-16,0.0,0,0.0,0.0,0.004562962366977274,0.0,0,0.0,0.0,0.004562962366977274,0.0,0.0
MAR02734,575,1.3691849586472887e-14,9.713057208979216e-15,1.1099927189257294e-16,0.0,0,0.0,0.0,0.004357176858116289,0.0,0,0.0,0.0,0.004357176858116289,0.0,0.0
MAR02443,561,1.3678897586825458e-14,9.893421903583649e-15,1.1119713573337986e-16,0.0,0,0.0,0.0,0.004465620583537596,0.0,0,0.0,0.0,0.004465620583537596,0.0,0.0
MAR06537,561,1.3678897586825458e-14,9.753978537040624e-15,1.1155879113178252e-16,0.0,0,0.0,0.0,0.004465620583537596,0.0,0,0.0,0.0,0.004465620583537596,0.0,0.0
MAR09093,569,1.3661401633067655e-14,9.653326448963733e-15,1.1180598358068424e-16,0.0,0,0.0,0.0,0.004403001029543098,0.0,0,0.0,0.0,0.004403001029543098,0.0,0.0
MAR06141,556,1.3622995617270986e-14,9.929880254170964e-15,1.1132501591053122e-16,0.0,0,0.0,0.0,0.0045056704064922026,0.0,0,0.0,0.0,0.0045056704064922026,0.0,0.0
MAR04728,561,1.3602903711343095e-14,9.343143055732059e-15,1.1073692782192546e-16,0.0,0,0.0,0.0,0.004465620583537596,0.0,0,0.0,0.0,0.004465620583537596,0.0,0.0
MAR12592,571,1.3588663177758833e-14,9.671486761441412e-15,1.1079217815508116e-16,0.0,0,0.0,0.0,0.00438761958448344,0.0,0,0.0,0.0,0.00438761958448344,0.0,0.0
MAR07029,568,1.3585376954849803e-14,9.7852939858524e-15,1.1105089588958665e-16,0.0,0,0.0,0.0,0.004410732264444036,0.0,0,0.0,0.0,0.004410732264444036,0.0,0.0
MAR12244,566,1.3583166786085308e-14,9.811473440045013e-15,1.1049021489233133e-16,0.0,0,0.0,0.0,0.0044262764728495866,0.0,0,0.0,0.0,0.0044262764728495866,0.0,0.0
MAR01866,565,1.355690387875023e-14,9.788696335821307e-15,1.1044943414557242e-16,0.0,0,0.0,0.0,0.004434089734923025,0.0,0,0.0,0.0,0.004434089734923025,0.0,0.0
MAR00319,565,1.355690387875023e-14,9.057789383664521e-15,1.11032929718564e-16,0.0,0,0.0,0.0,0.004434089734923025,0.0,0,0.0,0.0,0.004434089734923025,0.0,0.0
MAR01277,556,1.3546318343627809e-14,9.41785681324076e-15,1.1014231664829751e-16,0.0,0,0.0,0.0,0.0045056704064922026,0.0,0,0.0,0.0,0.0045056704064922026,0.0,0.0
MAR01165,557,1.3521998202974976e-14,9.217721156952868e-15,1.1040153520548725e-16,0.0,0,0.0,0.0,0.004497603075155535,0.0,0,0.0,0.0,0.004497603075155535,0.0,0.0
MAR01749,551,1.3514497043132214e-14,9.984547401656436e-15,1.1025329058446437e-16,0.0,0,0.0,0.0,0.004546445100963565,0.0,0,0.0,0.0,0.004546445100963565,0.0,0.0
MAR12661,568,1.3485300513193451e-14,9.535440896617757e-15,1.1014360185895271e-16,0.0,0,0.0,0.0,0.004410732264444036,0.0,0,0.0,0.0,0.004410732264444036,0.0,0.0
MAR12396,556,1.3469641069984633e-14,9.959081336706964e-15,1.0952586581476466e-16,0.0,0,0.0,0.0,0.0045056704064922026,0.0,0,0.0,0.0,0.0045056704064922026,0.0,0.0
MAR12093,547,1.3405486349258198e-14,9.410690829737757e-15,1.1010492962053013e-16,0.0,0,0.0,0.0,0.004579600085029117,0.0,0,0.0,0.0,0.004579600085029117,0.0,0.0
MAR02737,563,1.3403132955190523e-14,9.153436961152608e-15,1.0918510537793162e-16,0.0,0,0.0,0.0,0.004449799303901048,0.0,0,0.0,0.0,0.004449799303901048,0.0,0.0
MAR12369,577,1.3398102192495477e-14,9.531551469444684e-15,1.0965997137066208e-16,0.0,0,0.0,0.0,0.004342113363096878,0.0,0,0.0,0.0,0.004342113363096878,0.0,0.0
MAR01695,553,1.3388526775081816e-14,9.512747739437269e-15,1.0900682297613678e-16,0.0,0,0.0,0.0,0.00453004698365408,0.0,0,0.0,0.0,0.00453004698365408,0.0,0.0
MAR09427,547,1.3379506724550332e-14,1.0122445379074343e-14,1.0873736414727368e-16,0.0,0,0.0,0.0,0.004579600085029117,0.0,0,0.0,0.0,0.004579600085029117,0.0,0.0
MAR01259,568,1.336020496112301e-14,9.094458425557239e-15,1.0899903853559841e-16,0.0,0,0.0,0.0,0.004410732264444036,0.0,0,0.0,0.0,0.004410732264444036,0.0,0.0
MAR00250,545,1.3350380943455828e-14,9.416140917979421e-15,1.0864060514045744e-16,0.0,0,0.0,0.0,0.004596359577531593,0.0,0,0.0,0.0,0.004596359577531593,0.0,0.0
MAR08460,562,1.3325837072796185e-14,9.84886880058377e-15,1.0853457041821816e-16,0.0,0,0.0,0.0,0.0044576959055467585,0.0,0,0.0,0.0,0.0044576959055467585,0.0,0.0
MAR07004,528,1.3322676295501878e-14,9.795983538799117e-15,1.0864739676806643e-16,0.0,0,0.0,0.0,0.0047439268977446615,0.0,0,0.0,0.0,0.0047439268977446615,0.0,0.0
MAR08698,567,1.3308578225347908e-14,9.811287934248107e-15,1.0813463636263475e-16,0.0,0,0.0,0.0,0.00441849069762059,0.0,0,0.0,0.0,0.00441849069762059,0.0,0.0
MAR00950,582,1.330741549791253e-14,9.509871814425546e-15,1.0940430161008738e-16,0.0,0,0.0,0.0,0.004304906394243486,0.0,0,0.0,0.0,0.004304906394243486,0.0,0.0
MAR01727,547,1.3301567850426738e-14,1.0160337853493974e-14,1.0823362375031382e-16,0.0,0,0.0,0.0,0.004579600085029117,0.0,0,0.0,0.0,0.004579600085029117,0.0,0.0
MAR11382,559,1.3295665502773968e-14,9.873054624427722e-15,1.0805257252548381e-16,0.0,0,0.0,0.0,0.004481554769642852,0.0,0,0.0,0.0,0.004481554769642852,0.0,0.0
MAR12533,539,1.3288071941487588e-14,1.0211377811213757e-14,1.0822178807293413e-16,0.0,0,0.0,0.0,0.004647382219459146,0.0,0,0.0,0.0,0.004647382219459146,0.0,0.0
MAR10202,566,1.3256769062944625e-14,9.200206946225171e-15,1.0757780652493504e-16,0.0,0,0.0,0.0,0.0044262764728495866,0.0,0,0.0,0.0,0.0044262764728495866,0.0,0.0
MAR02229,553,1.323434028630928e-14,9.254612214584509e-15,1.0733095130709042e-16,0.0,0,0.0,0.0,0.00453004698365408,0.0,0,0.0,0.0,0.00453004698365408,0.0,0.0
MAR01723,573,1.3218822972430485e-14,9.528632243980975e-15,1.0793546644313868e-16,0.0,0,0.0,0.0,0.0043723452321952965,0.0,0,0.0,0.0,0.0043723452321952965,0.0,0.0
MAR01453,574,1.3195793664116147e-14,9.062884009667073e-15,1.0744390406286554e-16,0.0,0,0.0,0.0,0.004364747866934595,0.0,0,0.0,0.0,0.004364747866934595,0.0,0.0
MAR09231,532,1.3195793664116147e-14,1.0214103518276979e-14,1.074986017554629e-16,0.0,0,0.0,0.0,0.004708359112657833,0.0,0,0.0,0.0,0.004708359112657833,0.0,0.0
MAR04200,571,1.3190460593795204e-14,9.110132461785946e-15,1.0719228634784325e-16,0.0,0,0.0,0.0,0.00438761958448344,0.0,0,0.0,0.0,0.00438761958448344,0.0,0.0
MAR06322,554,1.3184800223129656e-14,9.963083484787271e-15,1.0723066462694814e-16,0.0,0,0.0,0.0,0.004521892203603858,0.0,0,0.0,0.0,0.004521892203603858,0.0,0.0
MAR03293,580,1.3181792822032203e-14,9.535641995943575e-15,1.0706643802902401e-16,0.0,0,0.0,0.0,0.004319712401627411,0.0,0,0.0,0.0,0.004319712401627411,0.0,0.0
MAR06185,552,1.3181082634390264e-14,9.271597584397394e-15,1.0728812596175891e-16,0.0,0,0.0,0.0,0.004538231229443332,0.0,0,0.0,0.0,0.004538231229443332,0.0,0.0
MAR04336,561,1.3172271750276367e-14,9.31264977161389e-15,1.0730010579689685e-16,0.0,0,0.0,0.0,0.004465620583537596,0.0,0,0.0,0.0,0.004465620583537596,0.0,0.0
MAR04681,560,1.3170417137839e-14,9.748203822402133e-15,1.0641366791379327e-16,0.0,0,0.0,0.0,0.0044735734878779895,0.0,0,0.0,0.0,0.0044735734878779895,0.0,0.0
MAR00302,587,1.3145645843875108e-14,7.66197685562465e-15,1.0669833159963096e-16,0.0,0,0.0,0.0,0.004268331649559446,0.0,0,0.0,0.0,0.004268331649559446,0.0,0.0
MAR03712,564,1.3127403025922418e-14,9.809015496203213e-15,1.0648510156758422e-16,0.0,0,0.0,0.0,0.004441930629657058,0.0,0,0.0,0.0,0.004441930629657058,0.0,0.0
MAR01813,563,1.3100237295186217e-14,9.786975284713417e-15,1.0717553225999967e-16,0.0,0,0.0,0.0,0.004449799303901048,0.0,0,0.0,0.0,0.004449799303901048,0.0,0.0
MAR06201,546,1.309168483836375e-14,1.0092752588692972e-14,1.0668811568579042e-16,0.0,0,0.0,0.0,0.004587964526068459,0.0,0,0.0,0.0,0.004587964526068459,0.0,0.0
MAR01065,543,1.3085501579375694e-14,9.511525123544852e-15,1.0657292392777147e-16,0.0,0,0.0,0.0,0.004613242186326175,0.0,0,0.0,0.0,0.004613242186326175,0.0,0.0
MAR00963,572,1.3068023741601843e-14,9.641310301081227e-15,1.0742611066437077e-16,0.0,0,0.0,0.0,0.004379969091767465,0.0,0,0.0,0.0,0.004379969091767465,0.0,0.0
MAR06713,570,1.306401380836114e-14,9.726069849813052e-15,1.068091872318095e-16,0.0,0,0.0,0.0,0.004395296850147243,0.0,0,0.0,0.0,0.004395296850147243,0.0,0.0
MAR08598,557,1.3062760528156959e-14,1.0044676705293449e-14,1.0640305440052878e-16,0.0,0,0.0,0.0,0.004497603075155535,0.0,0,0.0,0.0,0.004497603075155535,0.0,0.0
MAR08859,556,1.3060695610554359e-14,9.939277685707267e-15,1.0631626838756545e-16,0.0,0,0.0,0.0,0.0045056704064922026,0.0,0,0.0,0.0,0.0045056704064922026,0.0,0.0
MAR03488,547,1.3041771603348092e-14,8.16570248716608e-15,1.0538923463764188e-16,0.0,0,0.0,0.0,0.004579600085029117,0.0,0,0.0,0.0,0.004579600085029117,0.0,0.0
MAR07001,575,1.302455727810688e-14,9.60466069760877e-15,1.0615649986244294e-16,0.0,0,0.0,0.0,0.004357176858116289,0.0,0,0.0,0.0,0.004357176858116289,0.0,0.0
MAR08531,563,1.302451338018514e-14,9.761786694490778e-15,1.0584429990802396e-16,0.0,0,0.0,0.0,0.004449799303901048,0.0,0,0.0,0.0,0.004449799303901048,0.0,0.0
MAR01924,536,1.2991266437404817e-14,9.639090828751856e-15,1.0562340680307691e-16,0.0,0,0.0,0.0,0.004673320699286043,0.0,0,0.0,0.0,0.004673320699286043,0.0,0.0
MAR12792,560,1.2967404927621828e-14,9.76356872680699e-15,1.0489616456319946e-16,0.0,0,0.0,0.0,0.0044735734878779895,0.0,0,0.0,0.0,0.0044735734878779895,0.0,0.0
MAR09849,568,1.2959899194497602e-14,9.038285191705812e-15,1.057860674609498e-16,0.0,0,0.0,0.0,0.004410732264444036,0.0,0,0.0,0.0,0.004410732264444036,0.0,0.0
MAR02092,571,1.2941583978817936e-14,9.679584310337723e-15,1.0605716657382603e-16,0.0,0,0.0,0.0,0.00438761958448344,0.0,0,0.0,0.0,0.00438761958448344,0.0,0.0
MAR03662,556,1.2932900154482399e-14,9.356321356056942e-15,1.0474217220099912e-16,0.0,0,0.0,0.0,0.0045056704064922026,0.0,0,0.0,0.0,0.0045056704064922026,0.0,0.0
MAR08048,556,1.2932900154482399e-14,9.959738979948152e-15,1.0505343124869328e-16,0.0,0,0.0,0.0,0.0045056704064922026,0.0,0,0.0,0.0,0.0045056704064922026,0.0,0.0
MAR04999,553,1.292596730876421e-14,7.358524650427976e-15,1.0699786599530297e-16,0.0,0,0.0,0.0,0.00453004698365408,0.0,0,0.0,0.0,0.00453004698365408,0.0,0.0
MAR10440,541,1.2897467033575202e-14,1.0788380166421986e-14,1.0602716205479713e-16,0.0,0,0.0,0.0,0.004630249273041442,0.0,0,0.0,0.0,0.004630249273041442,0.0,0.0
MAR01382,548,1.2888311666889408e-14,9.515956703497774e-15,1.0406228467868758e-16,0.0,0,0.0,0.0,0.004571266087298871,0.0,0,0.0,0.0,0.004571266087298871,0.0,0.0
MAR09201,546,1.288346718685896e-14,1.0084768550436412e-14,1.0506198035390747e-16,0.0,0,0.0,0.0,0.004587964526068459,0.0,0,0.0,0.0,0.004587964526068459,0.0,0.0
MAR01102,558,1.2861078192073499e-14,9.372264125844075e-15,1.0416746862942012e-16,0.0,0,0.0,0.0,0.004489564580987142,0.0,0,0.0,0.0,0.004489564580987142,0.0,0.0
MAR00330,556,1.2856222880839223e-14,9.447799712788993e-15,1.047555939502943e-16,0.0,0,0.0,0.0,0.0045056704064922026,0.0,0,0.0,0.0,0.0045056704064922026,0.0,0.0
MAR12186,542,1.2847451679795169e-14,1.0053594226909497e-14,1.046803700855721e-16,0.0,0,0.0,0.0,0.00462173008405905,0.0,0,0.0,0.0,0.00462173008405905,0.0,0.0
MAR12125,562,1.2820112705707146e-14,9.920370059479631e-15,1.0488781334765867e-16,0.0,0,0.0,0.0,0.0044576959055467585,0.0,0,0.0,0.0,0.0044576959055467585,0.0,0.0
MAR03416,572,1.2819582225601807e-14,9.063355711358226e-15,1.0401194264130011e-16,0.0,0,0.0,0.0,0.004379969091767465,0.0,0,0.0,0.0,0.004379969091767465,0.0,0.0
MAR03286,566,1.2779726236815936e-14,7.173348941072175e-15,1.0638801901246284e-16,0.0,0,0.0,0.0,0.0044262764728495866,0.0,0,0.0,0.0,0.0044262764728495866,0.0,0.0
MAR06134,546,1.2779358361106564e-14,1.0084405937618238e-14,1.0474056692962994e-16,0.0,0,0.0,0.0,0.004587964526068459,0.0,0,0.0,0.0,0.004587964526068459,0.0,0.0
MAR06489,564,1.2774651313133716e-14,9.825584314610942e-15,1.0385364773124626e-16,0.0,0,0.0,0.0,0.004441930629657058,0.0,0,0.0,0.0,0.004441930629657058,0.0,0.0
MAR00978,554,1.2774378426300718e-14,9.934169132092017e-15,1.0415687375449144e-16,0.0,0,0.0,0.0,0.004521892203603858,0.0,0,0.0,0.0,0.004521892203603858,0.0,0.0
MAR09158,557,1.275660207827828e-14,9.82026907043585e-15,1.0332271613905847e-16,0.0,0,0.0,0.0,0.004497603075155535,0.0,0,0.0,0.0,0.004497603075155535,0.0,0.0
MAR08412,564,1.2749454762220238e-14,9.848109724259349e-15,1.0379212349289028e-16,0.0,0,0.0,0.0,0.004441930629657058,0.0,0,0.0,0.0,0.004441930629657058,0.0,0.0
MAR06210,566,1.2729511202486601e-14,9.797978477046622e-15,1.0414877059407196e-16,0.0,0,0.0,0.0,0.0044262764728495866,0.0,0,0.0,0.0,0.0044262764728495866,0.0,0.0
MAR09582,559,1.2685539361155276e-14,9.928503115558214e-15,1.0326666611735925e-16,0.0,0,0.0,0.0,0.004481554769642852,0.0,0,0.0,0.0,0.004481554769642852,0.0,0.0
MAR03090,556,1.2677309242338478e-14,9.152944902858934e-15,1.0295665268930169e-16,0.0,0,0.0,0.0,0.0045056704064922026,0.0,0,0.0,0.0,0.0045056704064922026,0.0,0.0
MAR06202,570,1.2665112623373014e-14,9.724564251665059e-15,1.0373345045253495e-16,0.0,0,0.0,0.0,0.004395296850147243,0.0,0,0.0,0.0,0.004395296850147243,0.0,0.0
MAR07978,542,1.2663916655798096e-14,9.362152124375403e-15,1.0246782336471643e-16,0.0,0,0.0,0.0,0.00462173008405905,0.0,0,0.0,0.0,0.00462173008405905,0.0,0.0
MAR06987,577,1.265923626276227e-14,9.594234761589474e-15,1.0412660198240764e-16,0.0,0,0.0,0.0,0.004342113363096878,0.0,0,0.0,0.0,0.004342113363096878,0.0,0.0
MAR12189,558,1.26573383395258e-14,9.986627336311048e-15,1.0294785589587723e-16,0.0,0,0.0,0.0,0.004489564580987142,0.0,0,0.0,0.0,0.004489564580987142,0.0,0.0
MAR08635,549,1.2631870857957336e-14,1.0087868127480681e-14,1.023773921266984e-16,0.0,0,0.0,0.0,0.004562962366977274,0.0,0,0.0,0.0,0.004562962366977274,0.0,0.0
MAR00934,540,1.2631870857957336e-14,1.0242111818977809e-14,1.0299447453883462e-16,0.0,0,0.0,0.0,0.00463879992662872,0.0,0,0.0,0.0,0.00463879992662872,0.0,0.0
MAR01055,576,1.258252761241844e-14,9.72199753017747e-15,1.0200705346694673e-16,0.0,0,0.0,0.0,0.004349632068826215,0.0,0,0.0,0.0,0.004349632068826215,0.0,0.0
MAR10255,567,1.2581744386298775e-14,1.0275927338024498e-14,1.0321931411789273e-16,0.0,0,0.0,0.0,0.00441849069762059,0.0,0,0.0,0.0,0.00441849069762059,0.0,0.0
MAR02063,557,1.2578009649182384e-14,9.912780093366344e-15,1.0217040979671847e-16,0.0,0,0.0,0.0,0.004497603075155535,0.0,0,0.0,0.0,0.004497603075155535,0.0,0.0
MAR02969,535,1.2563989308954296e-14,7.50535716338983e-15,1.0452112014278427e-16,0.0,0,0.0,0.0,0.004682031321548599,0.0,0,0.0,0.0,0.004682031321548599,0.0,0.0
MAR00949,568,1.2559593427872194e-14,9.14610559737284e-15,1.0257835381942376e-16,0.0,0,0.0,0.0,0.004410732264444036,0.0,0,0.0,0.0,0.004410732264444036,0.0,0.0
MAR12858,562,1.2541964303808175e-14,9.182933803511193e-15,1.0265863736754845e-16,0.0,0,0.0,0.0,0.0044576959055467585,0.0,0,0.0,0.0,0.0044576959055467585,0.0,0.0
MAR11874,544,1.2538989454590003e-14,9.470118798624525e-15,1.0175932555519509e-16,0.0,0,0.0,0.0,0.004604785407758596,0.0,0,0.0,0.0,0.004604785407758596,0.0,0.0
MAR03652,559,1.2533007825750604e-14,8.18513490124711e-15,1.009326629604328e-16,0.0,0,0.0,0.0,0.004481554769642852,0.0,0,0.0,0.0,0.004481554769642852,0.0,0.0
MAR01153,554,1.2517864803282631e-14,8.015481730568128e-15,1.0164160167316822e-16,0.0,0,0.0,0.0,0.004521892203603858,0.0,0,0.0,0.0,0.004521892203603858,0.0,0.0
MAR03194,553,1.2514803338704116e-14,1.0006900219056828e-14,1.019328697481722e-16,0.0,0,0.0,0.0,0.00453004698365408,0.0,0,0.0,0.0,0.00453004698365408,0.0,0.0
MAR06137,559,1.2507585903183159e-14,9.173472025693419e-15,1.0210731286737729e-16,0.0,0,0.0,0.0,0.004481554769642852,0.0,0,0.0,0.0,0.004481554769642852,0.0,0.0
MAR02635,563,1.2469204670177247e-14,9.138305962693862e-15,1.0146209166169441e-16,0.0,0,0.0,0.0,0.004449799303901048,0.0,0,0.0,0.0,0.004449799303901048,0.0,0.0
MAR07044,569,1.2462594908410896e-14,8.922863475090521e-15,1.0207776636845641e-16,0.0,0,0.0,0.0,0.004403001029543098,0.0,0,0.0,0.0,0.004403001029543098,0.0,0.0
MAR03112,560,1.24598744020789e-14,9.347411172204893e-15,1.011979473131932e-16,0.0,0,0.0,0.0,0.0044735734878779895,0.0,0,0.0,0.0,0.0044735734878779895,0.0,0.0
MAR00229,560,1.24598744020789e-14,8.141171218472157e-15,1.0156830064018126e-16,0.0,0,0.0,0.0,0.0044735734878779895,0.0,0,0.0,0.0,0.0044735734878779895,0.0,0.0
MAR00698,557,1.2424930424243044e-14,1.006367487628105e-14,1.008616158136827e-16,0.0,0,0.0,0.0,0.004497603075155535,0.0,0,0.0,0.0,0.004497603075155535,0.0,0.0
MAR08418,552,1.240875357378146e-14,1.0041357866759835e-14,1.0139484505669387e-16,0.0,0,0.0,0.0,0.004538231229443332,0.0,0,0.0,0.0,0.004538231229443332,0.0,0.0
MAR02555,554,1.2389607991773587e-14,9.810495204832215e-15,1.004969332272096e-16,0.0,0,0.0,0.0,0.004521892203603858,0.0,0,0.0,0.0,0.004521892203603858,0.0,0.0
MAR09441,534,1.2374620678968037e-14,9.60966378619091e-15,1.0023423423951914e-16,0.0,0,0.0,0.0,0.004690774475909901,0.0,0,0.0,0.0,0.004690774475909901,0.0,0.0
MAR02547,563,1.2368239450175812e-14,9.83917023655602e-15,1.0047854972262552e-16,0.0,0,0.0,0.0,0.004449799303901048,0.0,0,0.0,0.0,0.004449799303901048,0.0,0.0
MAR02107,539,1.2365289167773171e-14,8.189698445398838e-15,1.0036135517717583e-16,0.0,0,0.0,0.0,0.004647382219459146,0.0,0,0.0,0.0,0.004647382219459146,0.0,0.0
MAR00301,568,1.2309402323731312e-14,9.763351186300847e-15,9.999847801845711e-17,0.0,0,0.0,0.0,0.004410732264444036,0.0,0,0.0,0.0,0.004410732264444036,0.0,0.0
MAR00328,560,1.2307615244416022e-14,9.330226188654167e-15,1.001890073905294e-16,0.0,0,0.0,0.0,0.0044735734878779895,0.0,0,0.0,0.0,0.0044735734878779895,0.0,0.0
MAR09192,567,1.2306048792176691e-14,9.747071300361199e-15,9.956469479051909e-17,0.0,0,0.0,0.0,0.00441849069762059,0.0,0,0.0,0.0,0.00441849069762059,0.0,0.0
MAR01480,551,1.2276527848341476e-14,8.294551808372138e-15,9.981907951451819e-17,0.0,0,0.0,0.0,0.004546445100963565,0.0,0,0.0,0.0,0.004546445100963565,0.0,0.0
MAR02332,547,1.226238286211215e-14,9.549614216720182e-15,9.905638785823781e-17,0.0,0,0.0,0.0,0.004579600085029117,0.0,0,0.0,0.0,0.004579600085029117,0.0,0.0
MAR03759,539,1.2259828279348668e-14,8.411732755577014e-15,9.944402355957048e-17,0.0,0,0.0,0.0,0.004647382219459146,0.0,0,0.0,0.0,0.004647382219459146,0.0,0.0
MAR01620,536,1.2248908355267399e-14,8.514535816827639e-15,9.91845382596782e-17,0.0,0,0.0,0.0,0.004673320699286043,0.0,0,0.0,0.0,0.004673320699286043,0.0,0.0
MAR02465,572,1.2248166738801727e-14,9.72978400089213e-15,9.989311374840433e-17,0.0,0,0.0,0.0,0.004379969091767465,0.0,0,0.0,0.0,0.004379969091767465,0.0,0.0
MAR12433,559,1.2202522832373813e-14,9.30176069108969e-15,9.912058909840763e-17,0.0,0,0.0,0.0,0.004481554769642852,0.0,0,0.0,0.0,0.004481554769642852,0.0,0.0
MAR01488,561,1.218435136900564e-14,9.32584479883052e-15,9.860232207501195e-17,0.0,0,0.0,0.0,0.004465620583537596,0.0,0,0.0,0.0,0.004465620583537596,0.0,0.0
MAR02959,536,1.2169369989324104e-14,8.356251800220004e-15,9.850380075882115e-17,0.0,0,0.0,0.0,0.004673320699286043,0.0,0,0.0,0.0,0.004673320699286043,0.0,0.0
MAR02314,551,1.2147572723884109e-14,9.923448844093265e-15,9.830945145964544e-17,0.0,0,0.0,0.0,0.004546445100963565,0.0,0,0.0,0.0,0.004546445100963565,0.0,0.0
MAR10153,548,1.2136277384515579e-14,8.342890053599603e-15,9.843365439593197e-17,0.0,0,0.0,0.0,0.004571266087298871,0.0,0,0.0,0.0,0.004571266087298871,0.0,0.0
MAR01154,567,1.2130606141371727e-14,9.851073341838017e-15,9.893523724712303e-17,0.0,0,0.0,0.0,0.00441849069762059,0.0,0,0.0,0.0,0.00441849069762059,0.0,0.0
MAR02707,568,1.2109249440418608e-14,9.239733842675637e-15,9.759091117874299e-17,0.0,0,0.0,0.0,0.004410732264444036,0.0,0,0.0,0.0,0.004410732264444036,0.0,0.0
MAR01611,532,1.2100596214260352e-14,9.860265358641881e-15,9.805440083733342e-17,0.0,0,0.0,0.0,0.004708359112657833,0.0,0,0.0,0.0,0.004708359112657833,0.0,0.0
MAR12457,564,1.209434443846979e-14,9.244977750189709e-15,9.83817686628704e-17,0.0,0,0.0,0.0,0.004441930629657058,0.0,0,0.0,0.0,0.004441930629657058,0.0,0.0
MAR11536,573,1.2077986468243239e-14,9.658812169399723e-15,9.860435845423788e-17,0.0,0,0.0,0.0,0.0043723452321952965,0.0,0,0.0,0.0,0.0043723452321952965,0.0,0.0
MAR01028,573,1.2077986468243239e-14,9.731326604971813e-15,9.794466407932781e-17,0.0,0,0.0,0.0,0.0043723452321952965,0.0,0,0.0,0.0,0.0043723452321952965,0.0,0.0
MAR03427,553,1.2077941620515265e-14,9.438965522177623e-15,9.74200603159995e-17,0.0,0,0.0,0.0,0.00453004698365408,0.0,0,0.0,0.0,0.00453004698365408,0.0,0.0
MAR05182,533,1.2024569374401695e-14,8.528985916054473e-15,9.744874083088799e-17,0.0,0,0.0,0.0,0.004699550344959981,0.0,0,0.0,0.0,0.004699550344959981,0.0,0.0
MAR03175,569,1.1988067246567596e-14,9.067893751445649e-15,9.717265940314587e-17,0.0,0,0.0,0.0,0.004403001029543098,0.0,0,0.0,0.0,0.004403001029543098,0.0,0.0
MAR12172,573,1.1978783293966086e-14,9.24068871609512e-15,9.749387613345037e-17,0.0,0,0.0,0.0,0.0043723452321952965,0.0,0,0.0,0.0,0.0043723452321952965,0.0,0.0
MAR02078,546,1.1972514961525498e-14,9.37970541500127e-15,9.655336495600914e-17,0.0,0,0.0,0.0,0.004587964526068459,0.0,0,0.0,0.0,0.004587964526068459,0.0,0.0
MAR05379,564,1.1968361683902397e-14,9.007883890421922e-15,9.827649046629886e-17,0.0,0,0.0,0.0,0.004441930629657058,0.0,0,0.0,0.0,0.004441930629657058,0.0,0.0
MAR02379,556,1.19616546883355e-14,7.813483786048666e-15,9.659361821694008e-17,0.0,0,0.0,0.0,0.0045056704064922026,0.0,0,0.0,0.0,0.0045056704064922026,0.0,0.0
MAR12094,556,1.19616546883355e-14,9.37995338732584e-15,9.742047174763598e-17,0.0,0,0.0,0.0,0.0045056704064922026,0.0,0,0.0,0.0,0.0045056704064922026,0.0,0.0
MAR09074,555,1.1957602075674478e-14,8.104120651574793e-15,9.678737787729284e-17,0.0,0,0.0,0.0,0.004513766730450679,0.0,0,0.0,0.0,0.004513766730450679,0.0,0.0
MAR04062,539,1.1943445614075153e-14,9.625782499357733e-15,9.731104848711825e-17,0.0,0,0.0,0.0,0.004647382219459146,0.0,0,0.0,0.0,0.004647382219459146,0.0,0.0
MAR08645,559,1.1922881684131913e-14,9.834678207836772e-15,9.724074228667332e-17,0.0,0,0.0,0.0,0.004481554769642852,0.0,0,0.0,0.0,0.004481554769642852,0.0,0.0
MAR09163,561,1.185504457524873e-14,9.173192812545513e-15,9.613910963841197e-17,0.0,0,0.0,0.0,0.004465620583537596,0.0,0,0.0,0.0,0.004465620583537596,0.0,0.0
MAR04703,549,1.182943643870185e-14,9.417284728326315e-15,9.537641051220403e-17,0.0,0,0.0,0.0,0.004562962366977274,0.0,0,0.0,0.0,0.004562962366977274,0.0,0.0
MAR12671,559,1.1821193993862132e-14,7.950079585288085e-15,9.598574206733819e-17,0.0,0,0.0,0.0,0.004481554769642852,0.0,0,0.0,0.0,0.004481554769642852,0.0,0.0
MAR03739,569,1.1813241265888485e-14,7.851792689738748e-15,9.610000243412945e-17,0.0,0,0.0,0.0,0.004403001029543098,0.0,0,0.0,0.0,0.004403001029543098,0.0,0.0
MAR03522,572,1.177612785840166e-14,9.087021179736729e-15,9.546267267783613e-17,0.0,0,0.0,0.0,0.004379969091767465,0.0,0,0.0,0.0,0.004379969091767465,0.0,0.0
MAR09107,558,1.1765976484629617e-14,9.86022882777652e-15,9.498787162440344e-17,0.0,0,0.0,0.0,0.004489564580987142,0.0,0,0.0,0.0,0.004489564580987142,0.0,0.0
MAR07117,573,1.1755576151842495e-14,9.725398452399253e-15,9.610877349070407e-17,0.0,0,0.0,0.0,0.0043723452321952965,0.0,0,0.0,0.0,0.0043723452321952965,0.0,0.0
MAR08654,576,1.174369243825721e-14,9.41102768493804e-15,9.643862227841258e-17,0.0,0,0.0,0.0,0.004349632068826215,0.0,0,0.0,0.0,0.004349632068826215,0.0,0.0
MAR00290,552,1.173940172125383e-14,1.0014216449980037e-14,9.576708953765392e-17,0.0,0,0.0,0.0,0.004538231229443332,0.0,0,0.0,0.0,0.004538231229443332,0.0,0.0
MAR03357,557,1.1736073912016017e-14,7.413845144028524e-15,9.431485345033596e-17,0.0,0,0.0,0.0,0.004497603075155535,0.0,0,0.0,0.0,0.004497603075155535,0.0,0.0
MAR01668,575,1.1714687191314348e-14,9.707922597134266e-15,9.561706499609097e-17,0.0,0,0.0,0.0,0.004357176858116289,0.0,0,0.0,0.0,0.004357176858116289,0.0,0.0
MAR03545,557,1.171056070785946e-14,9.38954977924681e-15,9.465233386006025e-17,0.0,0,0.0,0.0,0.004497603075155535,0.0,0,0.0,0.0,0.004497603075155535,0.0,0.0
MAR05372,559,1.166866245845746e-14,8.178167442424737e-15,9.395440554097653e-17,0.0,0,0.0,0.0,0.004481554769642852,0.0,0,0.0,0.0,0.004481554769642852,0.0,0.0
MAR07059,553,1.1666777650455171e-14,1.0091926997050057e-14,9.525958062669449e-17,0.0,0,0.0,0.0,0.00453004698365408,0.0,0,0.0,0.0,0.00453004698365408,0.0,0.0
MAR03809,567,1.16544046606154e-14,9.262299098761563e-15,9.440579971851458e-17,0.0,0,0.0,0.0,0.00441849069762059,0.0,0,0.0,0.0,0.00441849069762059,0.0,0.0
MAR00108,556,1.1629386502548403e-14,8.179022232115643e-15,9.393776542303385e-17,0.0,0,0.0,0.0,0.0045056704064922026,0.0,0,0.0,0.0,0.0045056704064922026,0.0,0.0
MAR00167,566,1.1624780447241216e-14,9.269097317552737e-15,9.476842760099676e-17,0.0,0,0.0,0.0,0.0044262764728495866,0.0,0,0.0,0.0,0.0044262764728495866,0.0,0.0
MAR06130,560,1.1622449034933067e-14,9.661035182703101e-15,9.526967609856696e-17,0.0,0,0.0,0.0,0.0044735734878779895,0.0,0,0.0,0.0,0.0044735734878779895,0.0,0.0
MAR03230,559,1.1617818613322569e-14,9.292483274202666e-15,9.357457493535589e-17,0.0,0,0.0,0.0,0.004481554769642852,0.0,0,0.0,0.0,0.004481554769642852,0.0,0.0
MAR06197,552,1.1610680211152361e-14,9.936045701004368e-15,9.44516807926937e-17,0.0,0,0.0,0.0,0.004538231229443332,0.0,0,0.0,0.0,0.004538231229443332,0.0,0.0
MAR06153,545,1.1603358437183287e-14,9.488945268499664e-15,9.453801575722062e-17,0.0,0,0.0,0.0,0.004596359577531593,0.0,0,0.0,0.0,0.004596359577531593,0.0,0.0
MAR09007,560,1.159707250865592e-14,9.984122453577252e-15,9.452673262128023e-17,0.0,0,0.0,0.0,0.0044735734878779895,0.0,0,0.0,0.0,0.0044735734878779895,0.0,0.0
MAR05219,565,1.159505136939491e-14,7.276830730864077e-15,9.588300743063605e-17,0.0,0,0.0,0.0,0.004434089734923025,0.0,0,0.0,0.0,0.004434089734923025,0.0,0.0
MAR04458,554,1.159441576041752e-14,8.269962569275767e-15,9.370195947883788e-17,0.0,0,0.0,0.0,0.004521892203603858,0.0,0,0.0,0.0,0.004521892203603858,0.0,0.0
MAR11419,564,1.1590413420200215e-14,9.06411637968783e-15,9.396340737687858e-17,0.0,0,0.0,0.0,0.004441930629657058,0.0,0,0.0,0.0,0.004441930629657058,0.0,0.0
MAR01285,561,1.157640036514673e-14,9.858550559605723e-15,9.407851635793976e-17,0.0,0,0.0,0.0,0.004465620583537596,0.0,0,0.0,0.0,0.004465620583537596,0.0,0.0
MAR04624,574,1.1561792947734034e-14,7.9691576335396e-15,9.368509011502234e-17,0.0,0,0.0,0.0,0.004364747866934595,0.0,0,0.0,0.0,0.004364747866934595,0.0,0.0
MAR03203,559,1.1541552845620232e-14,7.995112401814948e-15,9.299030865953113e-17,0.0,0,0.0,0.0,0.004481554769642852,0.0,0,0.0,0.0,0.004481554769642852,0.0,0.0
MAR11508,553,1.1538288909811392e-14,9.992024608816295e-15,9.332801528543205e-17,0.0,0,0.0,0.0,0.00453004698365408,0.0,0,0.0,0.0,0.00453004698365408,0.0,0.0
MAR12368,558,1.1536769150513454e-14,7.16424569456156e-15,9.56936766097476e-17,0.0,0,0.0,0.0,0.004489564580987142,0.0,0,0.0,0.0,0.004489564580987142,0.0,0.0
MAR12698,544,1.1520196561404566e-14,9.452307832891763e-15,9.262913748101939e-17,0.0,0,0.0,0.0,0.004604785407758596,0.0,0,0.0,0.0,0.004604785407758596,0.0,0.0
MAR02328,578,1.1506366793623767e-14,9.056215771708311e-15,9.299288723461206e-17,0.0,0,0.0,0.0,0.004334620605899285,0.0,0,0.0,0.0,0.004334620605899285,0.0,0.0
MAR01582,554,1.1466158948908476e-14,9.46622706581682e-15,9.300262744915579e-17,0.0,0,0.0,0.0,0.004521892203603858,0.0,0,0.0,0.0,0.004521892203603858,0.0,0.0
MAR03655,546,1.145197083276352e-14,8.284217719464425e-15,9.22247789755321e-17,0.0,0,0.0,0.0,0.004587964526068459,0.0,0,0.0,0.0,0.004587964526068459,0.0,0.0
MAR08909,548,1.1436107535408912e-14,9.888353710846243e-15,9.310919110403832e-17,0.0,0,0.0,0.0,0.004571266087298871,0.0,0,0.0,0.0,0.004571266087298871,0.0,0.0
MAR04561,576,1.1422961342254388e-14,9.086271327283513e-15,9.253753334389147e-17,0.0,0,0.0,0.0,0.004349632068826215,0.0,0,0.0,0.0,0.004349632068826215,0.0,0.0
MAR09031,576,1.1373618096715492e-14,9.49312878665444e-15,9.176151300389824e-17,0.0,0,0.0,0.0,0.004349632068826215,0.0,0,0.0,0.0,0.004349632068826215,0.0,0.0
MAR03574,557,1.1353375849667669e-14,7.407834045057891e-15,9.391610722069718e-17,0.0,0,0.0,0.0,0.004497603075155535,0.0,0,0.0,0.0,0.004497603075155535,0.0,0.0
MAR08847,596,1.1349608799389519e-14,9.26478451963272e-15,9.225568808243826e-17,0.0,0,0.0,0.0,0.0042040396523125,0.0,0,0.0,0.0,0.0042040396523125,0.0,0.0
MAR03701,534,1.133674926718362e-14,7.713626815752757e-15,9.39438407793098e-17,0.0,0,0.0,0.0,0.004690774475909901,0.0,0,0.0,0.0,0.004690774475909901,0.0,0.0
MAR09338,558,1.1333029297965756e-14,9.927563928234938e-15,9.188517866366796e-17,0.0,0,0.0,0.0,0.004489564580987142,0.0,0,0.0,0.0,0.004489564580987142,0.0,0.0
MAR04702,564,1.131325136015195e-14,7.251285424662138e-15,9.359020815316593e-17,0.0,0,0.0,0.0,0.004441930629657058,0.0,0,0.0,0.0,0.004441930629657058,0.0,0.0
MAR04002,566,1.1273275206935865e-14,9.020655242224376e-15,9.181034502953906e-17,0.0,0,0.0,0.0,0.0044262764728495866,0.0,0,0.0,0.0,0.0044262764728495866,0.0,0.0
MAR03952,553,1.1255613680395077e-14,1.0003427510577247e-14,9.094381126346842e-17,0.0,0,0.0,0.0,0.00453004698365408,0.0,0,0.0,0.0,0.00453004698365408,0.0,0.0
MAR03258,570,1.1244027151852814e-14,9.150321707981798e-15,9.086257276443295e-17,0.0,0,0.0,0.0,0.004395296850147243,0.0,0,0.0,0.0,0.004395296850147243,0.0,0.0
MAR09396,565,1.1217772040672732e-14,9.849209476241167e-15,9.134105736710838e-17,0.0,0,0.0,0.0,0.004434089734923025,0.0,0,0.0,0.0,0.004434089734923025,0.0,0.0
MAR01878,585,1.1198639356766023e-14,8.889321228966562e-15,9.030334773122887e-17,0.0,0,0.0,0.0,0.004282886715357432,0.0,0,0.0,0.0,0.004282886715357432,0.0,0.0
MAR05178,561,1.1196430987734912e-14,9.292671175204206e-15,9.069391244974702e-17,0.0,0,0.0,0.0,0.004465620583537596,0.0,0,0.0,0.0,0.004465620583537596,0.0,0.0
MAR02690,556,1.1194881951903737e-14,9.321403599640178e-15,9.099367126804749e-17,0.0,0,0.0,0.0,0.0045056704064922026,0.0,0,0.0,0.0,0.0045056704064922026,0.0,0.0
MAR01673,551,1.1193304802899582e-14,1.0061156012849375e-14,9.092523272914798e-17,0.0,0,0.0,0.0,0.004546445100963565,0.0,0,0.0,0.0,0.004546445100963565,0.0,0.0
MAR02705,522,1.1161782439143336e-14,8.773474625253442e-15,9.022885544024711e-17,0.0,0,0.0,0.0,0.004798297691230617,0.0,0,0.0,0.0,0.004798297691230617,0.0,0.0
MAR08660,559,1.1160224007108551e-14,9.23702734327207e-15,9.165387203400918e-17,0.0,0,0.0,0.0,0.004481554769642852,0.0,0,0.0,0.0,0.004481554769642852,0.0,0.0
MAR10184,545,1.1134009107139918e-14,8.185681274872845e-15,9.021396700436813e-17,0.0,0,0.0,0.0,0.004596359577531593,0.0,0,0.0,0.0,0.004596359577531593,0.0,0.0
MAR11917,560,1.1089541983112992e-14,9.379430980941304e-15,9.034787873686509e-17,0.0,0,0.0,0.0,0.0044735734878779895,0.0,0,0.0,0.0,0.0044735734878779895,0.0,0.0
MAR12427,564,1.1086482401930641e-14,7.765491598175826e-15,8.999874329660502e-17,0.0,0,0.0,0.0,0.004441930629657058,0.0,0,0.0,0.0,0.004441930629657058,0.0,0.0
MAR01738,554,1.1081388514381346e-14,9.354950603107627e-15,9.033166999748533e-17,0.0,0,0.0,0.0,0.004521892203603858,0.0,0,0.0,0.0,0.004521892203603858,0.0,0.0
MAR02463,553,1.1075729443493785e-14,9.45719016062525e-15,8.978826030301742e-17,0.0,0,0.0,0.0,0.00453004698365408,0.0,0,0.0,0.0,0.00453004698365408,0.0,0.0
MAR12281,562,1.1075363639249961e-14,7.261477259528138e-15,9.22743458796588e-17,0.0,0,0.0,0.0,0.0044576959055467585,0.0,0,0.0,0.0,0.0044576959055467585,0.0,0.0
MAR08466,536,1.1029320077470212e-14,8.353520598317779e-15,8.979766234573571e-17,0.0,0,0.0,0.0,0.004673320699286043,0.0,0,0.0,0.0,0.004673320699286043,0.0,0.0
MAR00575,551,1.1012767628659267e-14,9.438216373005924e-15,8.902077813645606e-17,0.0,0,0.0,0.0,0.004546445100963565,0.0,0,0.0,0.0,0.004546445100963565,0.0,0.0
MAR12778,576,1.1003543755173774e-14,8.992503745731184e-15,8.930363360328052e-17,0.0,0,0.0,0.0,0.004349632068826215,0.0,0,0.0,0.0,0.004349632068826215,0.0,0.0
MAR13017,553,1.0998636199107519e-14,7.991446989873478e-15,8.96421949364346e-17,0.0,0,0.0,0.0,0.00453004698365408,0.0,0,0.0,0.0,0.00453004698365408,0.0,0.0
MAR02080,557,1.097067778731932e-14,9.308895587459818e-15,8.927150577062624e-17,0.0,0,0.0,0.0,0.004497603075155535,0.0,0,0.0,0.0,0.004497603075155535,0.0,0.0
MAR01270,546,1.095745391043964e-14,8.350431112701555e-15,8.865360142223627e-17,0.0,0,0.0,0.0,0.004587964526068459,0.0,0,0.0,0.0,0.004587964526068459,0.0,0.0
MAR00373,563,1.0954726370155719e-14,7.22116702237048e-15,9.096512426996687e-17,0.0,0,0.0,0.0,0.004449799303901048,0.0,0,0.0,0.0,0.004449799303901048,0.0,0.0
MAR00440,576,1.092952888686543e-14,7.84417124481024e-15,8.86760902280842e-17,0.0,0,0.0,0.0,0.004349632068826215,0.0,0,0.0,0.0,0.004349632068826215,0.0,0.0
MAR01256,576,1.092952888686543e-14,7.812860262413285e-15,8.872119290757377e-17,0.0,0,0.0,0.0,0.004349632068826215,0.0,0,0.0,0.0,0.004349632068826215,0.0,0.0
MAR03191,556,1.0913731948545424e-14,7.456254775506697e-15,9.046143085084189e-17,0.0,0,0.0,0.0,0.0045056704064922026,0.0,0,0.0,0.0,0.0045056704064922026,0.0,0.0
MAR02715,547,1.0911442377303184e-14,9.60224840673314e-15,8.803477035862053e-17,0.0,0,0.0,0.0,0.004579600085029117,0.0,0,0.0,0.0,0.004579600085029117,0.0,0.0
MAR05353,577,1.0910586895727014e-14,7.884872885177962e-15,8.780563777594109e-17,0.0,0,0.0,0.0,0.004342113363096878,0.0,0,0.0,0.0,0.004342113363096878,0.0,0.0
MAR11300,555,1.09077911868037e-14,9.958708222295464e-15,8.869002914165081e-17,0.0,0,0.0,0.0,0.004513766730450679,0.0,0,0.0,0.0,0.004513766730450679,0.0,0.0
MAR01232,541,1.0901117757502462e-14,7.459381369067312e-15,9.088228057764841e-17,0.0,0,0.0,0.0,0.004630249273041442,0.0,0,0.0,0.0,0.004630249273041442,0.0,0.0
MAR06135,550,1.0877763336545534e-14,9.454990947344119e-15,8.80239922108154e-17,0.0,0,0.0,0.0,0.0045546887593671224,0.0,0,0.0,0.0,0.0045546887593671224,0.0,0.0
MAR09922,565,1.08656446671987e-14,7.108846667216657e-15,8.963446804001244e-17,0.0,0,0.0,0.0,0.004434089734923025,0.0,0,0.0,0.0,0.004434089734923025,0.0,0.0
MAR08539,568,1.0858293919714207e-14,9.179572292494799e-15,8.789154178629768e-17,0.0,0,0.0,0.0,0.004410732264444036,0.0,0,0.0,0.0,0.004410732264444036,0.0,0.0
MAR12633,559,1.0855160936299205e-14,7.335260719229269e-15,8.956194864495834e-17,0.0,0,0.0,0.0,0.004481554769642852,0.0,0,0.0,0.0,0.004481554769642852,0.0,0.0
MAR03022,554,1.0850526253665067e-14,9.420704674008392e-15,8.744180088433465e-17,0.0,0,0.0,0.0,0.004521892203603858,0.0,0,0.0,0.0,0.004521892203603858,0.0,0.0
MAR02771,564,1.0834516892795855e-14,7.892359540553774e-15,8.750490318292565e-17,0.0,0,0.0,0.0,0.004441930629657058,0.0,0,0.0,0.0,0.004441930629657058,0.0,0.0
MAR06196,547,1.0833503503179589e-14,7.461441437271166e-15,8.971394935926019e-17,0.0,0,0.0,0.0,0.004579600085029117,0.0,0,0.0,0.0,0.004579600085029117,0.0,0.0
MAR03708,533,1.0824778638596649e-14,8.481144349173075e-15,8.757953853683664e-17,0.0,0,0.0,0.0,0.004699550344959981,0.0,0,0.0,0.0,0.004699550344959981,0.0,0.0
MAR12790,556,1.0811495583687856e-14,8.107194758366471e-15,8.734901575762729e-17,0.0,0,0.0,0.0,0.0045056704064922026,0.0,0,0.0,0.0,0.0045056704064922026,0.0,0.0
MAR01258,559,1.0804317091164314e-14,9.274856439921085e-15,8.733355452856055e-17,0.0,0,0.0,0.0,0.004481554769642852,0.0,0,0.0,0.0,0.004481554769642852,0.0,0.0
MAR02098,567,1.0802254642419865e-14,7.960222833019336e-15,8.69885378407456e-17,0.0,0,0.0,0.0,0.00441849069762059,0.0,0,0.0,0.0,0.00441849069762059,0.0,0.0
MAR01718,544,1.0788755509886815e-14,8.290742289607688e-15,8.742154567764547e-17,0.0,0,0.0,0.0,0.004604785407758596,0.0,0,0.0,0.0,0.004604785407758596,0.0,0.0
MAR09624,573,1.0763544409070976e-14,9.608033879693351e-15,8.690803272623121e-17,0.0,0,0.0,0.0,0.0043723452321952965,0.0,0,0.0,0.0,0.0043723452321952965,0.0,0.0
MAR07009,567,1.0752128170761305e-14,7.820296699889052e-15,8.839159617632392e-17,0.0,0,0.0,0.0,0.00441849069762059,0.0,0,0.0,0.0,0.00441849069762059,0.0,0.0
MAR00938,553,1.0741658717819959e-14,1.00795547557973e-14,8.72179170508323e-17,0.0,0,0.0,0.0,0.00453004698365408,0.0,0,0.0,0.0,0.00453004698365408,0.0,0.0
MAR06209,553,1.0741658717819959e-14,8.073287010066953e-15,8.742464419335479e-17,0.0,0,0.0,0.0,0.00453004698365408,0.0,0,0.0,0.0,0.00453004698365408,0.0,0.0
MAR12151,556,1.0734818310044679e-14,8.186303591105294e-15,8.648520475385007e-17,0.0,0,0.0,0.0,0.0045056704064922026,0.0,0,0.0,0.0,0.0045056704064922026,0.0,0.0
MAR12387,568,1.0683160146815592e-14,9.117666004986575e-15,8.623562592411285e-17,0.0,0,0.0,0.0,0.004410732264444036,0.0,0,0.0,0.0,0.004410732264444036,0.0,0.0
MAR03481,566,1.06204797606545e-14,7.311103850845358e-15,8.743347219841252e-17,0.0,0,0.0,0.0,0.0044262764728495866,0.0,0,0.0,0.0,0.0044262764728495866,0.0,0.0
MAR06169,565,1.0588973159469104e-14,9.062772976517475e-15,8.675344166206137e-17,0.0,0,0.0,0.0,0.004434089734923025,0.0,0,0.0,0.0,0.004434089734923025,0.0,0.0
MAR02003,571,1.0577256136533891e-14,7.206579502682898e-15,8.763808764403099e-17,0.0,0,0.0,0.0,0.00438761958448344,0.0,0,0.0,0.0,0.00438761958448344,0.0,0.0
MAR00011,558,1.0569004850911884e-14,9.338593149855776e-15,8.536372441132932e-17,0.0,0,0.0,0.0,0.004489564580987142,0.0,0,0.0,0.0,0.004489564580987142,0.0,0.0
MAR12197,538,1.0539277009973233e-14,9.603189296772771e-15,8.496188704628468e-17,0.0,0,0.0,0.0,0.004655996327465773,0.0,0,0.0,0.0,0.004655996327465773,0.0,0.0
MAR01852,570,1.0496087430000076e-14,9.043952910354098e-15,8.521503472349185e-17,0.0,0,0.0,0.0,0.004395296850147243,0.0,0,0.0,0.0,0.004395296850147243,0.0,0.0
MAR00662,549,1.0483417412853938e-14,7.584458948867964e-15,8.74692223594543e-17,0.0,0,0.0,0.0,0.004562962366977274,0.0,0,0.0,0.0,0.004562962366977274,0.0,0.0
MAR02576,554,1.0465755819137938e-14,9.309262912169016e-15,8.469086426737547e-17,0.0,0,0.0,0.0,0.004521892203603858,0.0,0,0.0,0.0,0.004521892203603858,0.0,0.0
MAR08463,565,1.0463213383228378e-14,7.364217289958123e-15,8.696376928361027e-17,0.0,0,0.0,0.0,0.004434089734923025,0.0,0,0.0,0.0,0.004434089734923025,0.0,0.0
MAR02095,556,1.0453668306686366e-14,7.969642836111395e-15,8.482138801795336e-17,0.0,0,0.0,0.0,0.0045056704064922026,0.0,0,0.0,0.0,0.0045056704064922026,0.0,0.0
MAR01057,593,1.0424488703394387e-14,9.395217026424857e-15,8.41928962359109e-17,0.0,0,0.0,0.0,0.0042252540320499845,0.0,0,0.0,0.0,0.0042252540320499845,0.0,0.0
MAR05119,544,1.042303498412794e-14,7.48854650430142e-15,8.649177219766273e-17,0.0,0,0.0,0.0,0.004604785407758596,0.0,0,0.0,0.0,0.004604785407758596,0.0,0.0
MAR06714,554,1.041445309453432e-14,8.293095032873208e-15,8.465002131429473e-17,0.0,0,0.0,0.0,0.004521892203603858,0.0,0,0.0,0.0,0.004521892203603858,0.0,0.0
MAR02701,573,1.0391532505531657e-14,8.00587396772681e-15,8.409351714787514e-17,0.0,0,0.0,0.0,0.0043723452321952965,0.0,0,0.0,0.0,0.0043723452321952965,0.0,0.0
MAR00720,545,1.0351760223734303e-14,7.528341697650588e-15,8.627145010242691e-17,0.0,0,0.0,0.0,0.004596359577531593,0.0,0,0.0,0.0,0.004596359577531593,0.0,0.0
MAR01398,546,1.0332800955925266e-14,7.354174207942691e-15,8.642738528053117e-17,0.0,0,0.0,0.0,0.004587964526068459,0.0,0,0.0,0.0,0.004587964526068459,0.0,0.0
MAR04856,558,1.0288862553658798e-14,7.366022449481625e-15,8.55733394321266e-17,0.0,0,0.0,0.0,0.004489564580987142,0.0,0,0.0,0.0,0.004489564580987142,0.0,0.0
MAR06719,552,1.02719765060971e-14,9.456222797724816e-15,8.367743952553932e-17,0.0,0,0.0,0.0,0.004538231229443332,0.0,0,0.0,0.0,0.004538231229443332,0.0,0.0
MAR12353,555,1.0267662596028834e-14,9.354949862256557e-15,8.320695688260318e-17,0.0,0,0.0,0.0,0.004513766730450679,0.0,0,0.0,0.0,0.004513766730450679,0.0,0.0
MAR02150,561,1.0259173190119094e-14,9.082098579096497e-15,8.301376469369774e-17,0.0,0,0.0,0.0,0.004465620583537596,0.0,0,0.0,0.0,0.004465620583537596,0.0,0.0
MAR01752,566,1.0243867003184483e-14,9.138582952634665e-15,8.32632276369323e-17,0.0,0,0.0,0.0,0.0044262764728495866,0.0,0,0.0,0.0,0.0044262764728495866,0.0,0.0
MAR05258,575,1.0231815394945442e-14,6.916011716794581e-15,8.510839361486448e-17,0.0,0,0.0,0.0,0.004357176858116289,0.0,0,0.0,0.0,0.004357176858116289,0.0,0.0
MAR01184,570,1.022184286532074e-14,9.199488240890356e-15,8.284493453786995e-17,0.0,0,0.0,0.0,0.004395296850147243,0.0,0,0.0,0.0,0.004395296850147243,0.0,0.0
MAR12925,541,1.0191888409423987e-14,9.40608405614831e-15,8.241926520402038e-17,0.0,0,0.0,0.0,0.004630249273041442,0.0,0,0.0,0.0,0.004630249273041442,0.0,0.0
MAR12236,555,1.0190847165135851e-14,9.4640969620614e-15,8.244456481630981e-17,0.0,0,0.0,0.0,0.004513766730450679,0.0,0,0.0,0.0,0.004513766730450679,0.0,0.0
MAR01041,575,1.018238633506648e-14,7.974404709183701e-15,8.19359395729238e-17,0.0,0,0.0,0.0,0.004357176858116289,0.0,0,0.0,0.0,0.004357176858116289,0.0,0.0
MAR02642,584,1.0171467929716502e-14,6.930852533207382e-15,8.435989401257342e-17,0.0,0,0.0,0.0,0.004290201536487618,0.0,0,0.0,0.0,0.004290201536487618,0.0,0.0
MAR00083,560,1.0125233984581428e-14,8.153532027001852e-15,8.181571995863385e-17,0.0,0,0.0,0.0,0.0044735734878779895,0.0,0,0.0,0.0,0.0044735734878779895,0.0,0.0
MAR09990,567,1.0075420803370732e-14,7.229156333299412e-15,8.367016347148629e-17,0.0,0,0.0,0.0,0.00441849069762059,0.0,0,0.0,0.0,0.00441849069762059,0.0,0.0
MAR01134,562,1.0063914905071882e-14,8.134631557514708e-15,8.117228017872256e-17,0.0,0,0.0,0.0,0.0044576959055467585,0.0,0,0.0,0.0,0.0044576959055467585,0.0,0.0
MAR03317,561,1.0056522855499457e-14,8.113091464919248e-15,8.130273908983733e-17,0.0,0,0.0,0.0,0.004465620583537596,0.0,0,0.0,0.0,0.004465620583537596,0.0,0.0
MAR01449,554,1.0029682660007191e-14,8.148060247533108e-15,8.086461387023452e-17,0.0,0,0.0,0.0,0.004521892203603858,0.0,0,0.0,0.0,0.004521892203603858,0.0,0.0
MAR03525,543,1.0023494209801781e-14,7.50191598395088e-15,8.208758025333198e-17,0.0,0,0.0,0.0,0.004613242186326175,0.0,0,0.0,0.0,0.004613242186326175,0.0,0.0
MAR02946,573,9.969919014853761e-15,7.15489871917454e-15,8.22200672232455e-17,0.0,0,0.0,0.0,0.0043723452321952965,0.0,0,0.0,0.0,0.0043723452321952965,0.0,0.0
MAR12181,569,9.965080898709314e-15,7.077107201694193e-15,8.282164565768521e-17,0.0,0,0.0,0.0,0.004403001029543098,0.0,0,0.0,0.0,0.004403001029543098,0.0,0.0
MAR02776,563,9.919832865141008e-15,8.104533888230521e-15,7.938449443718418e-17,0.0,0,0.0,0.0,0.004449799303901048,0.0,0,0.0,0.0,0.004449799303901048,0.0,0.0
MAR05436,584,9.903797721039752e-15,7.078301966801622e-15,8.216950097531491e-17,0.0,0,0.0,0.0,0.004290201536487618,0.0,0,0.0,0.0,0.004290201536487618,0.0,0.0
MAR09247,548,9.880174537394094e-15,7.24016866681654e-15,8.171255423521677e-17,0.0,0,0.0,0.0,0.004571266087298871,0.0,0,0.0,0.0,0.004571266087298871,0.0,0.0
MAR02616,563,9.86935025514029e-15,7.153142666934727e-15,7.956801397916772e-17,0.0,0,0.0,0.0,0.004449799303901048,0.0,0,0.0,0.0,0.004449799303901048,0.0,0.0
MAR11490,566,9.867254245714466e-15,9.06030745665918e-15,8.010235926752951e-17,0.0,0,0.0,0.0,0.0044262764728495866,0.0,0,0.0,0.0,0.0044262764728495866,0.0,0.0
MAR03246,555,9.857980297932922e-15,7.974129052115636e-15,7.976500926553479e-17,0.0,0,0.0,0.0,0.004513766730450679,0.0,0,0.0,0.0,0.004513766730450679,0.0,0.0
MAR01343,561,9.85387252087982e-15,8.086314584047654e-15,7.927972427255128e-17,0.0,0,0.0,0.0,0.004465620583537596,0.0,0,0.0,0.0,0.004465620583537596,0.0,0.0
MAR08451,560,9.846092195532817e-15,8.195692089828906e-15,7.953147459444416e-17,0.0,0,0.0,0.0,0.0044735734878779895,0.0,0,0.0,0.0,0.0044735734878779895,0.0,0.0
MAR02660,594,9.832763111023609e-15,7.596023238393409e-15,7.979388628181627e-17,0.0,0,0.0,0.0,0.004218158822843073,0.0,0,0.0,0.0,0.004218158822843073,0.0,0.0
MAR06772,545,9.83026096813056e-15,9.520998686566748e-15,8.005629870505457e-17,0.0,0,0.0,0.0,0.004596359577531593,0.0,0,0.0,0.0,0.004596359577531593,0.0,0.0
MAR02074,532,9.830064915778829e-15,8.499486365831105e-15,7.968122401837528e-17,0.0,0,0.0,0.0,0.004708359112657833,0.0,0,0.0,0.0,0.004708359112657833,0.0,0.0
MAR02046,584,9.806463099702753e-15,7.61307134591425e-15,7.99536817463875e-17,0.0,0,0.0,0.0,0.004290201536487618,0.0,0,0.0,0.0,0.004290201536487618,0.0,0.0
MAR12414,550,9.766732876993377e-15,7.930241034202379e-15,7.93720499309588e-17,0.0,0,0.0,0.0,0.0045546887593671224,0.0,0,0.0,0.0,0.0045546887593671224,0.0,0.0
MAR01385,522,9.74614173954467e-15,7.777205255717786e-15,8.046289649056953e-17,0.0,0,0.0,0.0,0.004798297691230617,0.0,0,0.0,0.0,0.004798297691230617,0.0,0.0
MAR03424,528,9.743048119134706e-15,7.855860290816521e-15,7.999589030155997e-17,0.0,0,0.0,0.0,0.0047439268977446615,0.0,0,0.0,0.0,0.0047439268977446615,0.0,0.0
MAR09279,572,9.738907427201373e-15,8.010731434792879e-15,7.794606514002997e-17,0.0,0,0.0,0.0,0.004379969091767465,0.0,0,0.0,0.0,0.004379969091767465,0.0,0.0
MAR03157,537,9.738537309486663e-15,7.748199677330865e-15,8.050322676146974e-17,0.0,0,0.0,0.0,0.004664642427888463,0.0,0,0.0,0.0,0.004664642427888463,0.0,0.0
MAR10162,562,9.735194066464006e-15,7.368681628829356e-15,7.835158569450544e-17,0.0,0,0.0,0.0,0.0044576959055467585,0.0,0,0.0,0.0,0.0044576959055467585,0.0,0.0
MAR02818,550,9.71505704166537e-15,7.514025465069544e-15,7.854216476298157e-17,0.0,0,0.0,0.0,0.0045546887593671224,0.0,0,0.0,0.0,0.0045546887593671224,0.0,0.0
MAR08055,568,9.707414840666157e-15,7.264913987348863e-15,8.027932817021204e-17,0.0,0,0.0,0.0,0.004410732264444036,0.0,0,0.0,0.0,0.004410732264444036,0.0,0.0
MAR05308,567,9.699472265931527e-15,8.940773001738346e-15,7.901407034073063e-17,0.0,0,0.0,0.0,0.00441849069762059,0.0,0,0.0,0.0,0.00441849069762059,0.0,0.0
MAR12298,551,9.697425359194108e-15,7.35387877769344e-15,8.038251047573125e-17,0.0,0,0.0,0.0,0.004546445100963565,0.0,0,0.0,0.0,0.004546445100963565,0.0,0.0
MAR13059,534,9.686799843321216e-15,7.752791900721446e-15,7.907276256828463e-17,0.0,0,0.0,0.0,0.004690774475909901,0.0,0,0.0,0.0,0.004690774475909901,0.0,0.0
MAR01195,567,9.674409030102245e-15,7.1028018952891726e-15,8.011447347002362e-17,0.0,0,0.0,0.0,0.00441849069762059,0.0,0,0.0,0.0,0.00441849069762059,0.0,0.0
MAR01226,562,9.634049193046198e-15,7.381077849791153e-15,7.94996990082071e-17,0.0,0,0.0,0.0,0.0044576959055467585,0.0,0,0.0,0.0,0.0044576959055467585,0.0,0.0
MAR00940,571,9.631524999620273e-15,7.844577550419924e-15,7.813386398650959e-17,0.0,0,0.0,0.0,0.00438761958448344,0.0,0,0.0,0.0,0.00438761958448344,0.0,0.0
MAR07812,546,9.630066382096596e-15,9.49279346035568e-15,7.825184442607986e-17,0.0,0,0.0,0.0,0.004587964526068459,0.0,0,0.0,0.0,0.004587964526068459,0.0,0.0
MAR03774,564,9.625082448948875e-15,7.142488656818754e-15,8.007680626783276e-17,0.0,0,0.0,0.0,0.004441930629657058,0.0,0,0.0,0.0,0.004441930629657058,0.0,0.0
MAR05017,557,9.618477967021823e-15,7.259894271293433e-15,7.960402459256915e-17,0.0,0,0.0,0.0,0.004497603075155535,0.0,0,0.0,0.0,0.004497603075155535,0.0,0.0
MAR08049,544,9.613225248519003e-15,8.392843625104288e-15,7.730545043812727e-17,0.0,0,0.0,0.0,0.004604785407758596,0.0,0,0.0,0.0,0.004604785407758596,0.0,0.0
MAR01447,576,9.597261257315242e-15,8.96274284330535e-15,7.770085580816458e-17,0.0,0,0.0,0.0,0.004349632068826215,0.0,0,0.0,0.0,0.004349632068826215,0.0,0.0
MAR02575,543,9.552416152944256e-15,9.534728695161631e-15,7.683619958028818e-17,0.0,0,0.0,0.0,0.004613242186326175,0.0,0,0.0,0.0,0.004613242186326175,0.0,0.0
MAR12277,557,9.541938354552153e-15,7.301945676165372e-15,7.966882828371432e-17,0.0,0,0.0,0.0,0.004497603075155535,0.0,0,0.0,0.0,0.004497603075155535,0.0,0.0
MAR01132,561,9.524565727122912e-15,7.163541819472485e-15,7.905917498475156e-17,0.0,0,0.0,0.0,0.004465620583537596,0.0,0,0.0,0.0,0.004465620583537596,0.0,0.0
MAR02708,567,9.498966379297283e-15,7.36364115652019e-15,7.85090204419572e-17,0.0,0,0.0,0.0,0.00441849069762059,0.0,0,0.0,0.0,0.00441849069762059,0.0,0.0
MAR00684,536,9.491578335899846e-15,9.738844913550494e-15,7.657601415128757e-17,0.0,0,0.0,0.0,0.004673320699286043,0.0,0,0.0,0.0,0.004673320699286043,0.0,0.0
MAR01181,546,9.473903143468002e-15,7.653401690993615e-15,7.85499468138714e-17,0.0,0,0.0,0.0,0.004587964526068459,0.0,0,0.0,0.0,0.004587964526068459,0.0,0.0
MAR06284,530,9.464965498993032e-15,7.458811392519137e-15,7.893892003142472e-17,0.0,0,0.0,0.0,0.0047260760867549505,0.0,0,0.0,0.0,0.0047260760867549505,0.0,0.0
MAR04736,554,9.439701327065591e-15,7.344784659415582e-15,7.833162106004293e-17,0.0,0,0.0,0.0,0.004521892203603858,0.0,0,0.0,0.0,0.004521892203603858,0.0,0.0
MAR02091,570,9.424040495344486e-15,7.906011279888736e-15,7.565508805472181e-17,0.0,0,0.0,0.0,0.004395296850147243,0.0,0,0.0,0.0,0.004395296850147243,0.0,0.0
MAR12293,564,9.398313490727567e-15,7.354171936558851e-15,7.744523096165564e-17,0.0,0,0.0,0.0,0.004441930629657058,0.0,0,0.0,0.0,0.004441930629657058,0.0,0.0
MAR00159,555,9.371482568944025e-15,8.176117847857767e-15,7.552055695385307e-17,0.0,0,0.0,0.0,0.004513766730450679,0.0,0,0.0,0.0,0.004513766730450679,0.0,0.0
MAR07067,556,9.354627384467506e-15,9.320775740433964e-15,7.661095245377836e-17,0.0,0,0.0,0.0,0.0045056704064922026,0.0,0,0.0,0.0,0.0045056704064922026,0.0,0.0
MAR01074,552,9.345181633366536e-15,9.421814208003127e-15,7.491312085062383e-17,0.0,0,0.0,0.0,0.004538231229443332,0.0,0,0.0,0.0,0.004538231229443332,0.0,0.0
MAR09935,572,9.316556850001314e-15,7.200004198727195e-15,7.700433865325219e-17,0.0,0,0.0,0.0,0.004379969091767465,0.0,0,0.0,0.0,0.004379969091767465,0.0,0.0
MAR03635,572,9.316556850001314e-15,7.312736575569978e-15,7.655912975297893e-17,0.0,0,0.0,0.0,0.004379969091767465,0.0,0,0.0,0.0,0.004379969091767465,0.0,0.0
MAR12601,570,9.27445255097394e-15,9.090141492866379e-15,7.510259952817602e-17,0.0,0,0.0,0.0,0.004395296850147243,0.0,0,0.0,0.0,0.004395296850147243,0.0,0.0
MAR09311,540,9.263371962502048e-15,9.463517908254177e-15,7.445474177302087e-17,0.0,0,0.0,0.0,0.00463879992662872,0.0,0,0.0,0.0,0.00463879992662872,0.0,0.0
MAR06166,568,9.257070853212573e-15,7.876589534226178e-15,7.533359194323245e-17,0.0,0,0.0,0.0,0.004410732264444036,0.0,0,0.0,0.0,0.004410732264444036,0.0,0.0
MAR09083,559,9.253579814550143e-15,8.031941610756698e-15,7.444920696456866e-17,0.0,0,0.0,0.0,0.004481554769642852,0.0,0,0.0,0.0,0.004481554769642852,0.0,0.0
MAR02100,569,9.240801835895854e-15,8.00428572449983e-15,7.447582404166293e-17,0.0,0,0.0,0.0,0.004403001029543098,0.0,0,0.0,0.0,0.004403001029543098,0.0,0.0
MAR03352,574,9.234579806220117e-15,7.302362532377674e-15,7.607121750670864e-17,0.0,0,0.0,0.0,0.004364747866934595,0.0,0,0.0,0.0,0.004364747866934595,0.0,0.0
MAR00953,571,9.233322415656644e-15,9.719485880820238e-15,7.465320192211301e-17,0.0,0,0.0,0.0,0.00438761958448344,0.0,0,0.0,0.0,0.00438761958448344,0.0,0.0
MAR07030,550,9.2241366060493e-15,9.455363400417071e-15,7.536316491696646e-17,0.0,0,0.0,0.0,0.0045546887593671224,0.0,0,0.0,0.0,0.0045546887593671224,0.0,0.0
MAR03372,549,9.215053330804943e-15,6.733499574794858e-15,7.59066680925051e-17,0.0,0,0.0,0.0,0.004562962366977274,0.0,0,0.0,0.0,0.004562962366977274,0.0,0.0
MAR00278,568,9.156994411556221e-15,7.259526211952843e-15,7.592005211527552e-17,0.0,0,0.0,0.0,0.004410732264444036,0.0,0,0.0,0.0,0.004410732264444036,0.0,0.0
MAR03866,561,9.119265057883639e-15,9.210865406640833e-15,7.349314654765096e-17,0.0,0,0.0,0.0,0.004465620583537596,0.0,0,0.0,0.0,0.004465620583537596,0.0,0.0
MAR12535,573,9.101891239928683e-15,7.741025140426776e-15,7.343789312223481e-17,0.0,0,0.0,0.0,0.0043723452321952965,0.0,0,0.0,0.0,0.0043723452321952965,0.0,0.0
MAR01174,557,9.082700679734135e-15,7.291113557517547e-15,7.562326881737299e-17,0.0,0,0.0,0.0,0.004497603075155535,0.0,0,0.0,0.0,0.004497603075155535,0.0,0.0
MAR04220,548,9.076275821753105e-15,8.189262725393776e-15,7.28664277371747e-17,0.0,0,0.0,0.0,0.004571266087298871,0.0,0,0.0,0.0,0.004571266087298871,0.0,0.0
MAR06745,523,9.075383317165333e-15,7.445087285229186e-15,7.598690536650099e-17,0.0,0,0.0,0.0,0.004789149508756816,0.0,0,0.0,0.0,0.004789149508756816,0.0,0.0
MAR09825,570,9.075001958479876e-15,6.9268253757214794e-15,7.507399894873825e-17,0.0,0,0.0,0.0,0.004395296850147243,0.0,0,0.0,0.0,0.004395296850147243,0.0,0.0
MAR08667,543,9.055167092927981e-15,8.178233945125118e-15,7.362672381442958e-17,0.0,0,0.0,0.0,0.004613242186326175,0.0,0,0.0,0.0,0.004613242186326175,0.0,0.0
MAR02085,562,9.052466170893802e-15,7.333509682463776e-15,7.503436104833015e-17,0.0,0,0.0,0.0,0.0044576959055467585,0.0,0,0.0,0.0,0.0044576959055467585,0.0,0.0
MAR01616,589,9.047657925637948e-15,8.901599167933307e-15,7.294199660272478e-17,0.0,0,0.0,0.0,0.00425387517710073,0.0,0,0.0,0.0,0.00425387517710073,0.0,0.0
MAR02180,564,9.020365227025385e-15,8.08669523777147e-15,7.313763040216088e-17,0.0,0,0.0,0.0,0.004441930629657058,0.0,0,0.0,0.0,0.004441930629657058,0.0,0.0
MAR09277,544,9.012398670486564e-15,8.390772110894353e-15,7.207817157288503e-17,0.0,0,0.0,0.0,0.004604785407758596,0.0,0,0.0,0.0,0.004604785407758596,0.0,0.0
MAR12183,543,9.002825086610478e-15,7.568357506202285e-15,7.49082774442463e-17,0.0,0,0.0,0.0,0.004613242186326175,0.0,0,0.0,0.0,0.004613242186326175,0.0,0.0
MAR08464,566,8.988491144951091e-15,7.27519952683884e-15,7.451095074068881e-17,0.0,0,0.0,0.0,0.0044262764728495866,0.0,0,0.0,0.0,0.0044262764728495866,0.0,0.0
MAR01678,558,8.939086030530293e-15,9.260754296561033e-15,7.289247799724109e-17,0.0,0,0.0,0.0,0.004489564580987142,0.0,0,0.0,0.0,0.004489564580987142,0.0,0.0
MAR07065,545,8.91763727082401e-15,8.374678176167408e-15,7.19251823067293e-17,0.0,0,0.0,0.0,0.004596359577531593,0.0,0,0.0,0.0,0.004596359577531593,0.0,0.0
MAR03679,561,8.916614723264002e-15,7.393308980120195e-15,7.104058784397558e-17,0.0,0,0.0,0.0,0.004465620583537596,0.0,0,0.0,0.0,0.004465620583537596,0.0,0.0
MAR05293,542,8.914558308429302e-15,8.207748161314151e-15,7.200822992795286e-17,0.0,0,0.0,0.0,0.00462173008405905,0.0,0,0.0,0.0,0.00462173008405905,0.0,0.0
MAR20016,556,8.894563742608448e-15,7.468932062905634e-15,7.386822983256996e-17,0.0,0,0.0,0.0,0.0045056704064922026,0.0,0,0.0,0.0,0.0045056704064922026,0.0,0.0
MAR01048,564,8.894382472457992e-15,9.29467034880069e-15,7.193503385330462e-17,0.0,0,0.0,0.0,0.004441930629657058,0.0,0,0.0,0.0,0.004441930629657058,0.0,0.0
MAR01290,552,8.881784197001252e-15,7.334932231950555e-15,7.403698355121878e-17,0.0,0,0.0,0.0,0.004538231229443332,0.0,0,0.0,0.0,0.004538231229443332,0.0,0.0
MAR12743,560,8.856407670724106e-15,9.193164758711138e-15,7.132812135385521e-17,0.0,0,0.0,0.0,0.0044735734878779895,0.0,0,0.0,0.0,0.0044735734878779895,0.0,0.0
MAR02579,562,8.850176424058187e-15,7.296648955648183e-15,7.253832183049274e-17,0.0,0,0.0,0.0,0.0044576959055467585,0.0,0,0.0,0.0,0.0044576959055467585,0.0,0.0
MAR01172,569,8.841199594343601e-15,7.107527112965336e-15,7.383371448654824e-17,0.0,0,0.0,0.0,0.004403001029543098,0.0,0,0.0,0.0,0.004403001029543098,0.0,0.0
MAR03587,559,8.821407130903569e-15,7.127312057975776e-15,7.305315228431878e-17,0.0,0,0.0,0.0,0.004481554769642852,0.0,0,0.0,0.0,0.004481554769642852,0.0,0.0
MAR12335,582,8.790219411465157e-15,7.011756126742793e-15,7.273236812491958e-17,0.0,0,0.0,0.0,0.004304906394243486,0.0,0,0.0,0.0,0.004304906394243486,0.0,0.0
MAR11481,561,8.78995826412673e-15,9.275243828225933e-15,7.042067703142824e-17,0.0,0,0.0,0.0,0.004465620583537596,0.0,0,0.0,0.0,0.004465620583537596,0.0,0.0
MAR01001,554,8.772765907218566e-15,8.232240545710669e-15,7.02726498052631e-17,0.0,0,0.0,0.0,0.004521892203603858,0.0,0,0.0,0.0,0.004521892203603858,0.0,0.0
MAR08449,574,8.739428073983115e-15,7.259069802528213e-15,7.024798511698196e-17,0.0,0,0.0,0.0,0.004364747866934595,0.0,0,0.0,0.0,0.004364747866934595,0.0,0.0
MAR11533,548,8.73915700551656e-15,8.261638374588205e-15,7.105201380093337e-17,0.0,0,0.0,0.0,0.004571266087298871,0.0,0,0.0,0.0,0.004571266087298871,0.0,0.0
MAR02106,573,8.729879336389364e-15,7.862875674364496e-15,7.085314717197435e-17,0.0,0,0.0,0.0,0.0043723452321952965,0.0,0,0.0,0.0,0.0043723452321952965,0.0,0.0
MAR07115,559,8.719719440633788e-15,7.436057710027802e-15,7.274451580503767e-17,0.0,0,0.0,0.0,0.004481554769642852,0.0,0,0.0,0.0,0.004481554769642852,0.0,0.0
MAR03764,559,8.719719440633788e-15,7.074472598552752e-15,7.050611374894917e-17,0.0,0,0.0,0.0,0.004481554769642852,0.0,0,0.0,0.0,0.004481554769642852,0.0,0.0
MAR07022,576,8.68441121484567e-15,7.979066623976692e-15,7.034930699957022e-17,0.0,0,0.0,0.0,0.004349632068826215,0.0,0,0.0,0.0,0.004349632068826215,0.0,0.0
MAR02553,547,8.677194652426818e-15,7.349173969812777e-15,7.276628197237356e-17,0.0,0,0.0,0.0,0.004579600085029117,0.0,0,0.0,0.0,0.004579600085029117,0.0,0.0
MAR03805,534,8.675540519018452e-15,7.5374343383333e-15,6.987733304949905e-17,0.0,0,0.0,0.0,0.004690774475909901,0.0,0,0.0,0.0,0.004690774475909901,0.0,0.0
MAR06160,541,8.668358698736896e-15,8.254565439415706e-15,7.047893856775239e-17,0.0,0,0.0,0.0,0.004630249273041442,0.0,0,0.0,0.0,0.004630249273041442,0.0,0.0
MAR06680,564,8.642416963323205e-15,9.297350209596466e-15,7.064764981327054e-17,0.0,0,0.0,0.0,0.004441930629657058,0.0,0,0.0,0.0,0.004441930629657058,0.0,0.0
MAR10004,566,8.63698590464574e-15,7.381252416981977e-15,7.157954041000219e-17,0.0,0,0.0,0.0,0.0044262764728495866,0.0,0,0.0,0.0,0.0044262764728495866,0.0,0.0
MAR02624,568,8.631593092860372e-15,8.004851522234863e-15,6.933497614944873e-17,0.0,0,0.0,0.0,0.004410732264444036,0.0,0,0.0,0.0,0.004410732264444036,0.0,0.0
MAR02998,544,8.594432355333564e-15,7.57945690210767e-15,7.096035500657122e-17,0.0,0,0.0,0.0,0.004604785407758596,0.0,0,0.0,0.0,0.004604785407758596,0.0,0.0
MAR01839,566,8.586770870316405e-15,7.212071665565194e-15,7.082698016354797e-17,0.0,0,0.0,0.0,0.0044262764728495866,0.0,0,0.0,0.0,0.0044262764728495866,0.0,0.0
MAR00332,563,8.582043700121992e-15,8.082137201986821e-15,6.844337587337618e-17,0.0,0,0.0,0.0,0.004449799303901048,0.0,0,0.0,0.0,0.004449799303901048,0.0,0.0
MAR12187,566,8.511448318822402e-15,6.349817898115989e-15,7.034605498318167e-17,0.0,0,0.0,0.0,0.0044262764728495866,0.0,0,0.0,0.0,0.0044262764728495866,0.0,0.0
MAR08218,550,8.500674911457198e-15,7.524309861412384e-15,7.060503408440738e-17,0.0,0,0.0,0.0,0.0045546887593671224,0.0,0,0.0,0.0,0.0045546887593671224,0.0,0.0
MAR02692,559,8.490922137526779e-15,8.079899162875136e-15,6.735165088042973e-17,0.0,0,0.0,0.0,0.004481554769642852,0.0,0,0.0,0.0,0.004481554769642852,0.0,0.0
MAR11427,544,8.489940776545315e-15,9.516725237346595e-15,6.777549669891643e-17,0.0,0,0.0,0.0,0.004604785407758596,0.0,0,0.0,0.0,0.004604785407758596,0.0,0.0
MAR02052,560,8.47575977656691e-15,7.363792175284226e-15,7.02573933218457e-17,0.0,0,0.0,0.0,0.0044735734878779895,0.0,0,0.0,0.0,0.0044735734878779895,0.0,0.0
MAR12304,562,8.470883148741408e-15,7.190236803400843e-15,7.087068816353846e-17,0.0,0,0.0,0.0,0.0044576959055467585,0.0,0,0.0,0.0,0.0044576959055467585,0.0,0.0
MAR01336,566,8.461233284493066e-15,7.974337640310011e-15,6.749598939956218e-17,0.0,0,0.0,0.0,0.0044262764728495866,0.0,0,0.0,0.0,0.0044262764728495866,0.0,0.0
MAR02769,541,8.458216669676608e-15,6.5293496645341906e-15,6.940581689398024e-17,0.0,0,0.0,0.0,0.004630249273041442,0.0,0,0.0,0.0,0.004630249273041442,0.0,0.0
MAR12182,572,8.44701154400119e-15,7.958326444865063e-15,6.848641546908142e-17,0.0,0,0.0,0.0,0.004379969091767465,0.0,0,0.0,0.0,0.004379969091767465,0.0,0.0
MAR01167,527,8.440223009218647e-15,7.652709049896671e-15,6.782142222247864e-17,0.0,0,0.0,0.0,0.004752902966888136,0.0,0,0.0,0.0,0.004752902966888136,0.0,0.0
MAR02449,511,8.426397218603144e-15,7.903167127523692e-15,6.921612174591259e-17,0.0,0,0.0,0.0,0.004901283869553463,0.0,0,0.0,0.0,0.004901283869553463,0.0,0.0
MAR00242,577,8.423071598958553e-15,7.193616229264863e-15,6.978216486327189e-17,0.0,0,0.0,0.0,0.004342113363096878,0.0,0,0.0,0.0,0.004342113363096878,0.0,0.0
MAR01263,558,8.404268917592583e-15,7.350893911579217e-15,6.957495916825788e-17,0.0,0,0.0,0.0,0.004489564580987142,0.0,0,0.0,0.0,0.004489564580987142,0.0,0.0
MAR07113,548,8.402038189280018e-15,8.362091767833707e-15,6.766099458872113e-17,0.0,0,0.0,0.0,0.004571266087298871,0.0,0,0.0,0.0,0.004571266087298871,0.0,0.0
MAR03305,548,8.402038189280018e-15,6.363510320199901e-15,6.946520790352517e-17,0.0,0,0.0,0.0,0.004571266087298871,0.0,0,0.0,0.0,0.004571266087298871,0.0,0.0
MAR03650,567,8.396184002808944e-15,7.140437267364695e-15,6.736875334647827e-17,0.0,0,0.0,0.0,0.00441849069762059,0.0,0,0.0,0.0,0.00441849069762059,0.0,0.0
MAR12036,545,8.396138015220267e-15,7.508407532815727e-15,6.97999867050571e-17,0.0,0,0.0,0.0,0.004596359577531593,0.0,0,0.0,0.0,0.004596359577531593,0.0,0.0
MAR00975,555,8.372881967335234e-15,9.391495100441382e-15,6.728846474111669e-17,0.0,0,0.0,0.0,0.004513766730450679,0.0,0,0.0,0.0,0.004513766730450679,0.0,0.0
MAR12761,565,8.350449142384187e-15,8.021657678205393e-15,6.688722867132343e-17,0.0,0,0.0,0.0,0.004434089734923025,0.0,0,0.0,0.0,0.004434089734923025,0.0,0.0
MAR02086,545,8.317913126879705e-15,8.295773375193654e-15,6.747169314861541e-17,0.0,0,0.0,0.0,0.004596359577531593,0.0,0,0.0,0.0,0.004596359577531593,0.0,0.0
MAR03151,566,8.31058818150506e-15,7.292273768580598e-15,6.813891542159461e-17,0.0,0,0.0,0.0,0.0044262764728495866,0.0,0,0.0,0.0,0.0044262764728495866,0.0,0.0
MAR13002,551,8.30471001505453e-15,8.232094519724774e-15,6.741745504632811e-17,0.0,0,0.0,0.0,0.004546445100963565,0.0,0,0.0,0.0,0.004546445100963565,0.0,0.0
MAR10169,536,8.298502846750424e-15,7.571821777399875e-15,6.850987638943774e-17,0.0,0,0.0,0.0,0.004673320699286043,0.0,0,0.0,0.0,0.004673320699286043,0.0,0.0
MAR07871,576,8.289665250534503e-15,7.887647462667203e-15,6.634320913415173e-17,0.0,0,0.0,0.0,0.004349632068826215,0.0,0,0.0,0.0,0.004349632068826215,0.0,0.0
MAR12192,564,8.264468699621023e-15,8.147671906363876e-15,6.620999385888692e-17,0.0,0,0.0,0.0,0.004441930629657058,0.0,0,0.0,0.0,0.004441930629657058,0.0,0.0
MAR02172,566,8.260373147175723e-15,6.2676258829217866e-15,6.844489615158382e-17,0.0,0,0.0,0.0,0.0044262764728495866,0.0,0,0.0,0.0,0.0044262764728495866,0.0,0.0
MAR01726,573,8.258664258572892e-15,9.095306707477508e-15,6.640934599234077e-17,0.0,0,0.0,0.0,0.0043723452321952965,0.0,0,0.0,0.0,0.0043723452321952965,0.0,0.0
MAR00750,561,8.258001135750183e-15,7.458553430234636e-15,6.861190216176563e-17,0.0,0,0.0,0.0,0.004465620583537596,0.0,0,0.0,0.0,0.004465620583537596,0.0,0.0
MAR09438,587,8.23115946025329e-15,7.813510147268461e-15,6.576656355601402e-17,0.0,0,0.0,0.0,0.004268331649559446,0.0,0,0.0,0.0,0.004268331649559446,0.0,0.0
MAR10439,541,8.221806886983784e-15,1.0149414946682752e-14,6.662479744231546e-17,0.0,0,0.0,0.0,0.004630249273041442,0.0,0,0.0,0.0,0.004630249273041442,0.0,0.0
MAR01122,562,8.218020965196888e-15,7.388465615487585e-15,6.770190652280674e-17,0.0,0,0.0,0.0,0.0044576959055467585,0.0,0,0.0,0.0,0.0044576959055467585,0.0,0.0
MAR07039,575,8.205223939907939e-15,7.848242202545541e-15,6.71473597978351e-17,0.0,0,0.0,0.0,0.004357176858116289,0.0,0,0.0,0.0,0.004357176858116289,0.0,0.0
MAR03473,563,8.178182820116251e-15,7.424687033141904e-15,6.511405009404267e-17,0.0,0,0.0,0.0,0.004449799303901048,0.0,0,0.0,0.0,0.004449799303901048,0.0,0.0
MAR12989,573,8.15946108429574e-15,7.209637204495831e-15,6.718111799940733e-17,0.0,0,0.0,0.0,0.0043723452321952965,0.0,0,0.0,0.0,0.0043723452321952965,0.0,0.0
MAR05175,544,8.150343145483502e-15,7.189174566060717e-15,6.773354110097063e-17,0.0,0,0.0,0.0,0.004604785407758596,0.0,0,0.0,0.0,0.004604785407758596,0.0,0.0
MAR01288,553,8.146186156815615e-15,8.040904368543062e-15,6.539563072445129e-17,0.0,0,0.0,0.0,0.00453004698365408,0.0,0,0.0,0.0,0.00453004698365408,0.0,0.0
MAR02471,582,8.13095295560527e-15,7.161728366595713e-15,6.76202939299483e-17,0.0,0,0.0,0.0,0.004304906394243486,0.0,0,0.0,0.0,0.004304906394243486,0.0,0.0
MAR02518,570,8.127611644133076e-15,7.022971348237439e-15,6.737982728649984e-17,0.0,0,0.0,0.0,0.004395296850147243,0.0,0,0.0,0.0,0.004395296850147243,0.0,0.0
MAR01148,529,8.112813088829878e-15,7.771055004653136e-15,6.666701573520627e-17,0.0,0,0.0,0.0,0.004734984668033456,0.0,0,0.0,0.0,0.004734984668033456,0.0,0.0
MAR07993,552,8.109455136392447e-15,6.443317120501847e-15,6.751697855282732e-17,0.0,0,0.0,0.0,0.004538231229443332,0.0,0,0.0,0.0,0.004538231229443332,0.0,0.0
MAR07874,552,8.109455136392447e-15,7.492462713077371e-15,6.681254400115701e-17,0.0,0,0.0,0.0,0.004538231229443332,0.0,0,0.0,0.0,0.004538231229443332,0.0,0.0
MAR00936,545,8.109313424638207e-15,9.606299748503016e-15,6.549737085552311e-17,0.0,0,0.0,0.0,0.004596359577531593,0.0,0,0.0,0.0,0.004596359577531593,0.0,0.0
MAR00322,539,8.094123186580734e-15,7.69223448525656e-15,6.715617353905449e-17,0.0,0,0.0,0.0,0.004647382219459146,0.0,0,0.0,0.0,0.004647382219459146,0.0,0.0
MAR13047,562,8.066303655070177e-15,7.373751001099933e-15,6.734586457576322e-17,0.0,0,0.0,0.0,0.0044576959055467585,0.0,0,0.0,0.0,0.0044576959055467585,0.0,0.0
MAR03239,571,8.063602325263484e-15,7.324411235558934e-15,6.669587153745736e-17,0.0,0,0.0,0.0,0.00438761958448344,0.0,0,0.0,0.0,0.00438761958448344,0.0,0.0
MAR01068,549,8.050229173821172e-15,7.301940336503941e-15,6.698519439985571e-17,0.0,0,0.0,0.0,0.004562962366977274,0.0,0,0.0,0.0,0.004562962366977274,0.0,0.0
MAR00826,572,8.049505118401135e-15,7.94061481921829e-15,6.454997426167357e-17,0.0,0,0.0,0.0,0.004379969091767465,0.0,0,0.0,0.0,0.004379969091767465,0.0,0.0
MAR02951,572,8.049505118401135e-15,7.237064394003645e-15,6.451496271731647e-17,0.0,0,0.0,0.0,0.004379969091767465,0.0,0,0.0,0.0,0.004379969091767465,0.0,0.0
MAR02977,565,8.048625679406444e-15,7.355048871928875e-15,6.425245492476923e-17,0.0,0,0.0,0.0,0.004434089734923025,0.0,0,0.0,0.0,0.004434089734923025,0.0,0.0
MAR10195,539,8.04139274236848e-15,7.402604551758799e-15,6.444170679125754e-17,0.0,0,0.0,0.0,0.004647382219459146,0.0,0,0.0,0.0,0.004647382219459146,0.0,0.0
MAR03281,575,8.032222230331567e-15,7.928870457632381e-15,6.463024191258498e-17,0.0,0,0.0,0.0,0.004357176858116289,0.0,0,0.0,0.0,0.004357176858116289,0.0,0.0
MAR10033,576,8.018277400070576e-15,7.906781113130247e-15,6.412063962374837e-17,0.0,0,0.0,0.0,0.004349632068826215,0.0,0,0.0,0.0,0.004349632068826215,0.0,0.0
MAR03329,569,8.01701997114208e-15,7.34464043007552e-15,6.580758397894809e-17,0.0,0,0.0,0.0,0.004403001029543098,0.0,0,0.0,0.0,0.004403001029543098,0.0,0.0
MAR09947,557,8.01114610515876e-15,7.425836190506409e-15,6.547050487855581e-17,0.0,0,0.0,0.0,0.004497603075155535,0.0,0,0.0,0.0,0.004497603075155535,0.0,0.0
MAR03796,568,8.006115332508171e-15,7.345803764541638e-15,6.577558524534473e-17,0.0,0,0.0,0.0,0.004410732264444036,0.0,0,0.0,0.0,0.004410732264444036,0.0,0.0
MAR12144,563,8.001493685113739e-15,8.170490701807176e-15,6.386081931973968e-17,0.0,0,0.0,0.0,0.004449799303901048,0.0,0,0.0,0.0,0.004449799303901048,0.0,0.0
MAR01205,565,7.998321768910154e-15,7.303872707486894e-15,6.571839766628419e-17,0.0,0,0.0,0.0,0.004434089734923025,0.0,0,0.0,0.0,0.004434089734923025,0.0,0.0
MAR01803,564,7.987306639572757e-15,7.22057868445011e-15,6.622746214847461e-17,0.0,0,0.0,0.0,0.004441930629657058,0.0,0,0.0,0.0,0.004441930629657058,0.0,0.0
MAR07868,560,7.96822925102398e-15,7.166447416838032e-15,6.567423658796289e-17,0.0,0,0.0,0.0,0.0044735734878779895,0.0,0,0.0,0.0,0.0044735734878779895,0.0,0.0
MAR11530,557,7.93460649268909e-15,7.374213681634428e-15,6.420910215335082e-17,0.0,0,0.0,0.0,0.004497603075155535,0.0,0,0.0,0.0,0.004497603075155535,0.0,0.0
MAR01840,546,7.912270757182068e-15,7.207760101038877e-15,6.606259053324209e-17,0.0,0,0.0,0.0,0.004587964526068459,0.0,0,0.0,0.0,0.004587964526068459,0.0,0.0
MAR06173,571,7.764950387290761e-15,6.9688489794385005e-15,6.491543191457078e-17,0.0,0,0.0,0.0,0.00438761958448344,0.0,0,0.0,0.0,0.00438761958448344,0.0,0.0
MAR04136,553,7.760719934884278e-15,8.164835123758773e-15,6.208121759452398e-17,0.0,0,0.0,0.0,0.00453004698365408,0.0,0,0.0,0.0,0.00453004698365408,0.0,0.0
MAR12699,554,7.72106005284441e-15,7.459038990222773e-15,6.387969118463137e-17,0.0,0,0.0,0.0,0.004521892203603858,0.0,0,0.0,0.0,0.004521892203603858,0.0,0.0
MAR01275,543,7.720445931831659e-15,7.406543357159564e-15,6.445279647951088e-17,0.0,0,0.0,0.0,0.004613242186326175,0.0,0,0.0,0.0,0.004613242186326175,0.0,0.0
MAR04120,547,7.663989288820093e-15,8.158188725963719e-15,6.155894821433533e-17,0.0,0,0.0,0.0,0.004579600085029117,0.0,0,0.0,0.0,0.004579600085029117,0.0,0.0
MAR00292,560,7.663710935698223e-15,7.37221265573152e-15,6.381561078212372e-17,0.0,0,0.0,0.0,0.0044735734878779895,0.0,0,0.0,0.0,0.0044735734878779895,0.0,0.0
MAR00384,549,7.661954454826581e-15,7.528146259485514e-15,6.378318399937867e-17,0.0,0,0.0,0.0,0.004562962366977274,0.0,0,0.0,0.0,0.004562962366977274,0.0,0.0
MAR01191,568,7.655847786710938e-15,9.260801442016067e-15,6.142667205734235e-17,0.0,0,0.0,0.0,0.004410732264444036,0.0,0,0.0,0.0,0.004410732264444036,0.0,0.0
MAR01631,561,7.650050131891275e-15,8.099585706860291e-15,6.133065125283769e-17,0.0,0,0.0,0.0,0.004465620583537596,0.0,0,0.0,0.0,0.004465620583537596,0.0,0.0
MAR04951,572,7.627154541201075e-15,7.235003082970247e-15,6.117066060271219e-17,0.0,0,0.0,0.0,0.004379969091767465,0.0,0,0.0,0.0,0.004379969091767465,0.0,0.0
MAR01222,565,7.621042440187978e-15,7.27463787891186e-15,6.326541261563326e-17,0.0,0,0.0,0.0,0.004434089734923025,0.0,0,0.0,0.0,0.004434089734923025,0.0,0.0
MAR01865,561,7.599387548236366e-15,7.371995345073499e-15,6.27077827422226e-17,0.0,0,0.0,0.0,0.004465620583537596,0.0,0,0.0,0.0,0.004465620583537596,0.0,0.0
MAR02292,554,7.592803241335367e-15,7.367200822155263e-15,6.084961030385601e-17,0.0,0,0.0,0.0,0.004521892203603858,0.0,0,0.0,0.0,0.004521892203603858,0.0,0.0
MAR12436,550,7.570509875553067e-15,7.424211056243833e-15,6.24155115423758e-17,0.0,0,0.0,0.0,0.0045546887593671224,0.0,0,0.0,0.0,0.0045546887593671224,0.0,0.0
MAR06990,570,7.504328542589128e-15,7.779886985836571e-15,6.079409154051702e-17,0.0,0,0.0,0.0,0.004395296850147243,0.0,0,0.0,0.0,0.004395296850147243,0.0,0.0
MAR02612,557,7.500882022027628e-15,7.433552426595998e-15,6.0312393774933e-17,0.0,0,0.0,0.0,0.004497603075155535,0.0,0,0.0,0.0,0.004497603075155535,0.0,0.0
MAR03687,537,7.489146898328059e-15,7.66013697701548e-15,5.971580005897425e-17,0.0,0,0.0,0.0,0.004664642427888463,0.0,0,0.0,0.0,0.004664642427888463,0.0,0.0
MAR01070,547,7.48213191586504e-15,6.4752323576695066e-15,6.202823021954133e-17,0.0,0,0.0,0.0,0.004579600085029117,0.0,0,0.0,0.0,0.004579600085029117,0.0,0.0
MAR08546,565,7.444978753450961e-15,7.304302542038937e-15,6.132142293703767e-17,0.0,0,0.0,0.0,0.004434089734923025,0.0,0,0.0,0.0,0.004434089734923025,0.0,0.0
MAR03933,550,7.415482369569046e-15,7.4927349150154e-15,6.0768762508381e-17,0.0,0,0.0,0.0,0.0045546887593671224,0.0,0,0.0,0.0,0.0045546887593671224,0.0,0.0
MAR12363,547,7.404193041741446e-15,8.32241021553788e-15,5.905143908994915e-17,0.0,0,0.0,0.0,0.004579600085029117,0.0,0,0.0,0.0,0.004579600085029117,0.0,0.0
MAR07099,549,7.40310464216352e-15,9.33957022723969e-15,5.887091883254775e-17,0.0,0,0.0,0.0,0.004562962366977274,0.0,0,0.0,0.0,0.004562962366977274,0.0,0.0
MAR12318,547,7.352233792325717e-15,8.319894274375234e-15,5.8609337224299e-17,0.0,0,0.0,0.0,0.004579600085029117,0.0,0,0.0,0.0,0.004579600085029117,0.0,0.0
MAR03799,547,7.352233792325717e-15,6.649075410128677e-15,5.992400246693765e-17,0.0,0,0.0,0.0,0.004579600085029117,0.0,0,0.0,0.0,0.004579600085029117,0.0,0.0
MAR12442,569,7.317716048425636e-15,7.917029805121297e-15,5.849318349469788e-17,0.0,0,0.0,0.0,0.004403001029543098,0.0,0,0.0,0.0,0.004403001029543098,0.0,0.0
MAR06164,555,7.271860791202467e-15,6.3967330437019495e-15,6.093604735133445e-17,0.0,0,0.0,0.0,0.004513766730450679,0.0,0,0.0,0.0,0.004513766730450679,0.0,0.0
MAR06996,532,7.265700155140874e-15,7.81172053049823e-15,5.863309551435889e-17,0.0,0,0.0,0.0,0.004708359112657833,0.0,0,0.0,0.0,0.004708359112657833,0.0,0.0
MAR01157,548,7.261020657402484e-15,8.34243028215324e-15,5.818799551831175e-17,0.0,0,0.0,0.0,0.004571266087298871,0.0,0,0.0,0.0,0.004571266087298871,0.0,0.0
MAR01754,541,7.24990000257995e-15,6.7973602792104445e-15,6.022190494955069e-17,0.0,0,0.0,0.0,0.004630249273041442,0.0,0,0.0,0.0,0.004630249273041442,0.0,0.0
MAR02691,587,7.238578466516863e-15,6.926911391810052e-15,5.825720147770227e-17,0.0,0,0.0,0.0,0.004268331649559446,0.0,0,0.0,0.0,0.004268331649559446,0.0,0.0
MAR11488,548,7.235088440768903e-15,8.357760827711099e-15,5.752613373672377e-17,0.0,0,0.0,0.0,0.004571266087298871,0.0,0,0.0,0.0,0.004571266087298871,0.0,0.0
MAR06205,553,7.221067224180403e-15,7.414802991373301e-15,6.00254650120663e-17,0.0,0,0.0,0.0,0.00453004698365408,0.0,0,0.0,0.0,0.00453004698365408,0.0,0.0
MAR01149,571,7.217421834340772e-15,7.335524115919079e-15,5.942742406332751e-17,0.0,0,0.0,0.0,0.00438761958448344,0.0,0,0.0,0.0,0.00438761958448344,0.0,0.0
MAR08905,578,7.20377237293112e-15,7.670156802717803e-15,5.759198595113593e-17,0.0,0,0.0,0.0,0.004334620605899285,0.0,0,0.0,0.0,0.004334620605899285,0.0,0.0
MAR12709,581,7.166575613690511e-15,7.612934968391125e-15,5.804637775429724e-17,0.0,0,0.0,0.0,0.004312296689115291,0.0,0,0.0,0.0,0.004312296689115291,0.0,0.0
MAR01759,550,7.131265275265006e-15,9.400392804681438e-15,5.720289555466159e-17,0.0,0,0.0,0.0,0.0045546887593671224,0.0,0,0.0,0.0,0.0045546887593671224,0.0,0.0
MAR00626,555,7.118229929416499e-15,8.191772158290217e-15,5.694612942958776e-17,0.0,0,0.0,0.0,0.004513766730450679,0.0,0,0.0,0.0,0.004513766730450679,0.0,0.0
MAR01194,557,7.092670755522724e-15,7.264088544375227e-15,5.687920963959872e-17,0.0,0,0.0,0.0,0.004497603075155535,0.0,0,0.0,0.0,0.004497603075155535,0.0,0.0
MAR12945,589,7.06923672589845e-15,7.661040919024417e-15,5.666939124813374e-17,0.0,0,0.0,0.0,0.00425387517710073,0.0,0,0.0,0.0,0.00425387517710073,0.0,0.0
MAR01779,559,7.0672944737498334e-15,8.157067637137443e-15,5.641705921621553e-17,0.0,0,0.0,0.0,0.004481554769642852,0.0,0,0.0,0.0,0.004481554769642852,0.0,0.0
MAR00933,544,7.053181568206877e-15,8.226276799314469e-15,5.726562674958707e-17,0.0,0,0.0,0.0,0.004604785407758596,0.0,0,0.0,0.0,0.004604785407758596,0.0,0.0
MAR03853,573,6.993823786539206e-15,7.213444283596818e-15,5.762553198198373e-17,0.0,0,0.0,0.0,0.0043723452321952965,0.0,0,0.0,0.0,0.0043723452321952965,0.0,0.0
MAR01293,560,6.978544726215269e-15,6.316083207261818e-15,5.772722149989078e-17,0.0,0,0.0,0.0,0.0044735734878779895,0.0,0,0.0,0.0,0.0044735734878779895,0.0,0.0
MAR12524,553,6.9640897428928444e-15,8.027354964125648e-15,5.566747268460371e-17,0.0,0,0.0,0.0,0.00453004698365408,0.0,0,0.0,0.0,0.00453004698365408,0.0,0.0
MAR04760,541,6.960954712622053e-15,6.825877379080063e-15,5.753159536251275e-17,0.0,0,0.0,0.0,0.004630249273041442,0.0,0,0.0,0.0,0.004630249273041442,0.0,0.0
MAR03935,558,6.952622468190228e-15,8.191303034896248e-15,5.562526191577688e-17,0.0,0,0.0,0.0,0.004489564580987142,0.0,0,0.0,0.0,0.004489564580987142,0.0,0.0
MAR02735,575,6.920068383054889e-15,7.2931358262063e-15,5.732102933925767e-17,0.0,0,0.0,0.0,0.004357176858116289,0.0,0,0.0,0.0,0.004357176858116289,0.0,0.0
MAR02439,569,6.893138666776367e-15,7.30207305818628e-15,5.670140433643599e-17,0.0,0,0.0,0.0,0.004403001029543098,0.0,0,0.0,0.0,0.004403001029543098,0.0,0.0
MAR09282,559,6.889341015777716e-15,9.310449562546329e-15,5.4769625482770296e-17,0.0,0,0.0,0.0,0.004481554769642852,0.0,0,0.0,0.0,0.004481554769642852,0.0,0.0
MAR11943,586,6.887171909756602e-15,7.811987109318094e-15,5.495377257061401e-17,0.0,0,0.0,0.0,0.004275596795360198,0.0,0,0.0,0.0,0.004275596795360198,0.0,0.0
MAR10210,535,6.879647422873493e-15,7.590896754663478e-15,5.700220633313821e-17,0.0,0,0.0,0.0,0.004682031321548599,0.0,0,0.0,0.0,0.004682031321548599,0.0,0.0
MAR01197,551,6.8088305713490544e-15,7.409942336391185e-15,5.429251190000953e-17,0.0,0,0.0,0.0,0.004546445100963565,0.0,0,0.0,0.0,0.004546445100963565,0.0,0.0
MAR11347,560,6.800909042275245e-15,8.019628169091332e-15,5.457705814478801e-17,0.0,0,0.0,0.0,0.0044735734878779895,0.0,0,0.0,0.0,0.0044735734878779895,0.0,0.0
MAR03024,567,6.792136909734996e-15,7.118477235376613e-15,5.414219906353028e-17,0.0,0,0.0,0.0,0.00441849069762059,0.0,0,0.0,0.0,0.00441849069762059,0.0,0.0
MAR06165,563,6.789911045096517e-15,7.059691873955736e-15,5.693782770785855e-17,0.0,0,0.0,0.0,0.004449799303901048,0.0,0,0.0,0.0,0.004449799303901048,0.0,0.0
MAR12261,578,6.76121980394559e-15,6.925010533340004e-15,5.611715086264889e-17,0.0,0,0.0,0.0,0.004334620605899285,0.0,0,0.0,0.0,0.004334620605899285,0.0,0.0
MAR10360,574,6.758821145035099e-15,7.114998102838801e-15,5.576601244340773e-17,0.0,0,0.0,0.0,0.004364747866934595,0.0,0,0.0,0.0,0.004364747866934595,0.0,0.0
MAR02082,546,6.741046467467617e-15,7.434838638239353e-15,5.313962347794112e-17,0.0,0,0.0,0.0,0.004587964526068459,0.0,0,0.0,0.0,0.004587964526068459,0.0,0.0
MAR01135,570,6.731457496674633e-15,6.422539938399949e-15,5.5080603081070027e-17,0.0,0,0.0,0.0,0.004395296850147243,0.0,0,0.0,0.0,0.004395296850147243,0.0,0.0
MAR10392,546,6.715019261029518e-15,7.54528719170668e-15,5.611984115154884e-17,0.0,0,0.0,0.0,0.004587964526068459,0.0,0,0.0,0.0,0.004587964526068459,0.0,0.0
MAR04949,557,6.7099726931743755e-15,7.383645896771217e-15,5.3705829404646885e-17,0.0,0,0.0,0.0,0.004497603075155535,0.0,0,0.0,0.0,0.004497603075155535,0.0,0.0
MAR01061,566,6.6785995658016485e-15,7.211355354575858e-15,5.320292096539834e-17,0.0,0,0.0,0.0,0.0044262764728495866,0.0,0,0.0,0.0,0.0044262764728495866,0.0,0.0
MAR06103,556,6.670922806956337e-15,7.322047751234248e-15,5.469959048679382e-17,0.0,0,0.0,0.0,0.0045056704064922026,0.0,0,0.0,0.0,0.0045056704064922026,0.0,0.0
MAR00206,551,6.654084422000212e-15,7.358488602991552e-15,5.578807678290674e-17,0.0,0,0.0,0.0,0.004546445100963565,0.0,0,0.0,0.0,0.004546445100963565,0.0,0.0
MAR00263,566,6.6534920486369805e-15,7.957554236465162e-15,5.2215479707604356e-17,0.0,0,0.0,0.0,0.0044262764728495866,0.0,0,0.0,0.0,0.0044262764728495866,0.0,0.0
MAR00682,566,6.6534920486369805e-15,7.252742376772906e-15,5.350371347897945e-17,0.0,0,0.0,0.0,0.0044262764728495866,0.0,0,0.0,0.0,0.0044262764728495866,0.0,0.0
MAR04469,564,6.651889441158385e-15,6.606029294455108e-15,5.514421855340634e-17,0.0,0,0.0,0.0,0.004441930629657058,0.0,0,0.0,0.0,0.004441930629657058,0.0,0.0
MAR08469,566,6.6283845314723125e-15,8.045314856840011e-15,5.274287971755521e-17,0.0,0,0.0,0.0,0.0044262764728495866,0.0,0,0.0,0.0,0.0044262764728495866,0.0,0.0
MAR09369,575,6.598779493841626e-15,7.053419138861839e-15,5.471165177672431e-17,0.0,0,0.0,0.0,0.004357176858116289,0.0,0,0.0,0.0,0.004357176858116289,0.0,0.0
MAR12155,542,6.5810415747522194e-15,7.520620900447768e-15,5.472446011909445e-17,0.0,0,0.0,0.0,0.00462173008405905,0.0,0,0.0,0.0,0.00462173008405905,0.0,0.0
MAR04891,545,6.570890620607165e-15,8.195869648203762e-15,5.268007246715124e-17,0.0,0,0.0,0.0,0.004596359577531593,0.0,0,0.0,0.0,0.004596359577531593,0.0,0.0
MAR08021,554,6.56674874926302e-15,7.511360183006482e-15,5.254451685176095e-17,0.0,0,0.0,0.0,0.004521892203603858,0.0,0,0.0,0.0,0.004521892203603858,0.0,0.0
MAR01491,574,6.536002865528448e-15,6.4514717329484145e-15,5.407888577557475e-17,0.0,0,0.0,0.0,0.004364747866934595,0.0,0,0.0,0.0,0.004364747866934595,0.0,0.0
MAR03757,565,6.514356409269591e-15,6.298506732982043e-15,5.3786051658083524e-17,0.0,0,0.0,0.0,0.004434089734923025,0.0,0,0.0,0.0,0.004434089734923025,0.0,0.0
MAR11797,565,6.489204454021446e-15,8.045295366544869e-15,5.193158786423257e-17,0.0,0,0.0,0.0,0.004434089734923025,0.0,0,0.0,0.0,0.004434089734923025,0.0,0.0
MAR01562,546,6.480774403086628e-15,4.4881581046769255e-15,5.3272880676218637e-17,0.0,0,0.0,0.0,0.004587964526068459,0.0,0,0.0,0.0,0.004587964526068459,0.0,0.0
MAR09034,555,6.4781013386416334e-15,6.528196482586174e-15,5.2959137846197417e-17,0.0,0,0.0,0.0,0.004513766730450679,0.0,0,0.0,0.0,0.004513766730450679,0.0,0.0
MAR02102,565,6.4389005435251556e-15,7.314406886965864e-15,5.2901800138459464e-17,0.0,0,0.0,0.0,0.004434089734923025,0.0,0,0.0,0.0,0.004434089734923025,0.0,0.0
MAR03220,543,6.4380667770528416e-15,6.859052548505827e-15,5.247325464622347e-17,0.0,0,0.0,0.0,0.004613242186326175,0.0,0,0.0,0.0,0.004613242186326175,0.0,0.0
MAR01163,574,6.436972519081047e-15,7.11280025472126e-15,5.321191931128868e-17,0.0,0,0.0,0.0,0.004364747866934595,0.0,0,0.0,0.0,0.004364747866934595,0.0,0.0
MAR12295,568,6.429911376420625e-15,7.293331441056636e-15,5.31132182366164e-17,0.0,0,0.0,0.0,0.004410732264444036,0.0,0,0.0,0.0,0.004410732264444036,0.0,0.0
MAR01652,564,6.399923932023597e-15,7.38331407752808e-15,5.348141452491414e-17,0.0,0,0.0,0.0,0.004441930629657058,0.0,0,0.0,0.0,0.004441930629657058,0.0,0.0
MAR12517,560,6.394884621840902e-15,8.02947060717908e-15,5.055499248534045e-17,0.0,0,0.0,0.0,0.0044735734878779895,0.0,0,0.0,0.0,0.0044735734878779895,0.0,0.0
MAR10192,540,6.342251826599413e-15,6.766737495411074e-15,5.3084237524700116e-17,0.0,0,0.0,0.0,0.00463879992662872,0.0,0,0.0,0.0,0.00463879992662872,0.0,0.0
MAR02759,582,6.324074521026321e-15,7.223475317331469e-15,5.2436516084275774e-17,0.0,0,0.0,0.0,0.004304906394243486,0.0,0,0.0,0.0,0.004304906394243486,0.0,0.0
MAR00845,552,6.3073539949719034e-15,7.263382546205824e-15,5.299076572804735e-17,0.0,0,0.0,0.0,0.004538231229443332,0.0,0,0.0,0.0,0.004538231229443332,0.0,0.0
MAR00838,557,6.276248222512914e-15,7.522607735406146e-15,5.234350608157229e-17,0.0,0,0.0,0.0,0.004497603075155535,0.0,0,0.0,0.0,0.004497603075155535,0.0,0.0
MAR10037,540,6.26330263373718e-15,7.733934045815485e-15,4.940178658413547e-17,0.0,0,0.0,0.0,0.00463879992662872,0.0,0,0.0,0.0,0.00463879992662872,0.0,0.0
MAR08711,547,6.261089554595398e-15,8.396676903152843e-15,5.003120236199479e-17,0.0,0,0.0,0.0,0.004579600085029117,0.0,0,0.0,0.0,0.004579600085029117,0.0,0.0
MAR02741,574,6.238911826186246e-15,4.435083352600462e-15,5.157297435229114e-17,0.0,0,0.0,0.0,0.004364747866934595,0.0,0,0.0,0.0,0.004364747866934595,0.0,0.0
MAR03284,566,6.176449222508291e-15,7.332588960078955e-15,4.854833059272417e-17,0.0,0,0.0,0.0,0.0044262764728495866,0.0,0,0.0,0.0,0.0044262764728495866,0.0,0.0
MAR01042,550,6.1235864863688634e-15,7.409962230571795e-15,5.058933598922936e-17,0.0,0,0.0,0.0,0.0045546887593671224,0.0,0,0.0,0.0,0.0045546887593671224,0.0,0.0
MAR03328,557,6.097655793417018e-15,6.355084721214246e-15,5.040139938053017e-17,0.0,0,0.0,0.0,0.004497603075155535,0.0,0,0.0,0.0,0.004497603075155535,0.0,0.0
MAR04512,562,6.0939786234229234e-15,7.321433393504644e-15,4.7976753964085126e-17,0.0,0,0.0,0.0,0.0044576959055467585,0.0,0,0.0,0.0,0.0044576959055467585,0.0,0.0
MAR03094,562,6.0686924050684715e-15,6.480299545778498e-15,4.9855564013421945e-17,0.0,0,0.0,0.0,0.0044576959055467585,0.0,0,0.0,0.0,0.0044576959055467585,0.0,0.0
MAR12808,559,6.050417571052016e-15,8.088557747478025e-15,4.771321454858621e-17,0.0,0,0.0,0.0,0.004481554769642852,0.0,0,0.0,0.0,0.004481554769642852,0.0,0.0
MAR12806,562,6.018119968359568e-15,6.5500875555600624e-15,5.0177750550446e-17,0.0,0,0.0,0.0,0.0044576959055467585,0.0,0,0.0,0.0,0.0044576959055467585,0.0,0.0
MAR02230,558,6.0103256501571206e-15,4.833506576919659e-15,4.9604268699560126e-17,0.0,0,0.0,0.0,0.004489564580987142,0.0,0,0.0,0.0,0.004489564580987142,0.0,0.0
MAR09424,571,5.9730387594544324e-15,7.961731904150993e-15,4.7135003190867525e-17,0.0,0,0.0,0.0,0.00438761958448344,0.0,0,0.0,0.0,0.00438761958448344,0.0,0.0
MAR03233,562,5.942261313296211e-15,4.4599965625115696e-15,4.8893480883803366e-17,0.0,0,0.0,0.0,0.0044576959055467585,0.0,0,0.0,0.0,0.0044576959055467585,0.0,0.0
MAR08096,543,5.940817717036565e-15,7.454166307558367e-15,4.922970722800316e-17,0.0,0,0.0,0.0,0.004613242186326175,0.0,0,0.0,0.0,0.004613242186326175,0.0,0.0
MAR07869,592,5.929191072052187e-15,7.102337507114342e-15,4.64239250179489e-17,0.0,0,0.0,0.0,0.004232373150611237,0.0,0,0.0,0.0,0.004232373150611237,0.0,0.0
MAR11313,564,5.921189464667502e-15,7.993604741326826e-15,4.655176391669006e-17,0.0,0,0.0,0.0,0.004441930629657058,0.0,0,0.0,0.0,0.004441930629657058,0.0,0.0
MAR01103,570,5.908723802636624e-15,4.3751800681335506e-15,4.898471491802504e-17,0.0,0,0.0,0.0,0.004395296850147243,0.0,0,0.0,0.0,0.004395296850147243,0.0,0.0
MAR03180,566,5.875159016532278e-15,6.5479820661045796e-15,4.8402345658034793e-17,0.0,0,0.0,0.0,0.0044262764728495866,0.0,0,0.0,0.0,0.0044262764728495866,0.0,0.0
MAR03078,543,5.862304707560311e-15,7.69564717936471e-15,4.560112337487311e-17,0.0,0,0.0,0.0,0.004613242186326175,0.0,0,0.0,0.0,0.004613242186326175,0.0,0.0
MAR08450,578,5.851528412142002e-15,6.4399420115559105e-15,4.845321879232568e-17,0.0,0,0.0,0.0,0.004334620605899285,0.0,0,0.0,0.0,0.004334620605899285,0.0,0.0
MAR09243,559,5.847042190512452e-15,8.144740810622305e-15,4.624554259052845e-17,0.0,0,0.0,0.0,0.004481554769642852,0.0,0,0.0,0.0,0.004481554769642852,0.0,0.0
MAR00213,581,5.845773282157107e-15,6.9486633951069875e-15,4.854771353239283e-17,0.0,0,0.0,0.0,0.004312296689115291,0.0,0,0.0,0.0,0.004312296689115291,0.0,0.0
MAR06997,562,5.841116439878404e-15,7.162869007456194e-15,4.63723563994607e-17,0.0,0,0.0,0.0,0.0044576959055467585,0.0,0,0.0,0.0,0.0044576959055467585,0.0,0.0
MAR12779,564,5.820403261013587e-15,6.502295329911094e-15,4.822863773149876e-17,0.0,0,0.0,0.0,0.004441930629657058,0.0,0,0.0,0.0,0.004441930629657058,0.0,0.0
MAR08761,562,5.7905440031695e-15,8.11869230741999e-15,4.568380661102255e-17,0.0,0,0.0,0.0,0.0044576959055467585,0.0,0,0.0,0.0,0.0044576959055467585,0.0,0.0
MAR07106,548,5.782884309288406e-15,7.286460218318612e-15,4.9094077689405466e-17,0.0,0,0.0,0.0,0.004571266087298871,0.0,0,0.0,0.0,0.004571266087298871,0.0,0.0
MAR01272,557,5.765984139381782e-15,6.566527315289571e-15,4.7538588887059054e-17,0.0,0,0.0,0.0,0.004497603075155535,0.0,0,0.0,0.0,0.004497603075155535,0.0,0.0
MAR03242,572,5.7141548680008055e-15,6.372829977472987e-15,4.7201254526693796e-17,0.0,0,0.0,0.0,0.004379969091767465,0.0,0,0.0,0.0,0.004379969091767465,0.0,0.0
MAR06986,552,5.68949074648486e-15,8.219619541792223e-15,4.539686376042986e-17,0.0,0,0.0,0.0,0.004538231229443332,0.0,0,0.0,0.0,0.004538231229443332,0.0,0.0
MAR02359,563,5.654052320080371e-15,6.6084333042532e-15,4.629443710750053e-17,0.0,0,0.0,0.0,0.004449799303901048,0.0,0,0.0,0.0,0.004449799303901048,0.0,0.0
MAR09816,556,5.648559158380653e-15,7.529277686548605e-15,4.453443896964228e-17,0.0,0,0.0,0.0,0.0045056704064922026,0.0,0,0.0,0.0,0.0045056704064922026,0.0,0.0
MAR01632,559,5.643666809972889e-15,8.149130252844202e-15,4.424851126159337e-17,0.0,0,0.0,0.0,0.004481554769642852,0.0,0,0.0,0.0,0.004481554769642852,0.0,0.0
MAR06780,577,5.640009930296809e-15,7.105859819804454e-15,4.790941900200055e-17,0.0,0,0.0,0.0,0.004342113363096878,0.0,0,0.0,0.0,0.004342113363096878,0.0,0.0
MAR08700,579,5.620528030710291e-15,7.224053209871225e-15,4.709145867431292e-17,0.0,0,0.0,0.0,0.00432715366313485,0.0,0,0.0,0.0,0.00432715366313485,0.0,0.0
MAR12156,557,5.612904914442443e-15,6.212428747350475e-15,4.70331439796422e-17,0.0,0,0.0,0.0,0.004497603075155535,0.0,0,0.0,0.0,0.004497603075155535,0.0,0.0
MAR05315,571,5.599723836988531e-15,4.5045781989423314e-15,4.641265178004714e-17,0.0,0,0.0,0.0,0.00438761958448344,0.0,0,0.0,0.0,0.00438761958448344,0.0,0.0
MAR12681,550,5.5809902154247866e-15,7.519551685479214e-15,4.623027574257832e-17,0.0,0,0.0,0.0,0.0045546887593671224,0.0,0,0.0,0.0,0.0045546887593671224,0.0,0.0
MAR11914,552,5.560769236383393e-15,7.384466168478188e-15,4.4032284384281546e-17,0.0,0,0.0,0.0,0.004538231229443332,0.0,0,0.0,0.0,0.004538231229443332,0.0,0.0
MAR12455,548,5.549494359586184e-15,7.530096676547718e-15,4.409667694142481e-17,0.0,0,0.0,0.0,0.004571266087298871,0.0,0,0.0,0.0,0.004571266087298871,0.0,0.0
MAR09289,550,5.52931438009678e-15,9.455344302265189e-15,4.3604497412528976e-17,0.0,0,0.0,0.0,0.0045546887593671224,0.0,0,0.0,0.0,0.0045546887593671224,0.0,0.0
MAR02978,579,5.522352868601815e-15,7.21992289205022e-15,4.3299098105349837e-17,0.0,0,0.0,0.0,0.00432715366313485,0.0,0,0.0,0.0,0.00432715366313485,0.0,0.0
MAR00146,566,5.498546259062259e-15,7.302348394237666e-15,4.3859399762743035e-17,0.0,0,0.0,0.0,0.0044262764728495866,0.0,0,0.0,0.0,0.0044262764728495866,0.0,0.0
MAR00195,563,5.4773631850778595e-15,7.297480073841264e-15,4.5395459111773084e-17,0.0,0,0.0,0.0,0.004449799303901048,0.0,0,0.0,0.0,0.004449799303901048,0.0,0.0
MAR12381,566,5.398116190403588e-15,7.893267874058863e-15,4.280399829172324e-17,0.0,0,0.0,0.0,0.0044262764728495866,0.0,0,0.0,0.0,0.0044262764728495866,0.0,0.0
MAR08498,569,5.3946302609554184e-15,6.283879283046376e-15,4.380447426981483e-17,0.0,0,0.0,0.0,0.004403001029543098,0.0,0,0.0,0.0,0.004403001029543098,0.0,0.0
MAR07043,577,5.369092422727967e-15,7.022749044428447e-15,4.289312020736971e-17,0.0,0,0.0,0.0,0.004342113363096878,0.0,0,0.0,0.0,0.004342113363096878,0.0,0.0
MAR06483,554,5.361134721078012e-15,7.40745782489336e-15,4.407280376280757e-17,0.0,0,0.0,0.0,0.004521892203603858,0.0,0,0.0,0.0,0.004521892203603858,0.0,0.0
MAR01809,569,5.269754560470339e-15,6.3011950194041726e-15,4.326293032399295e-17,0.0,0,0.0,0.0,0.004403001029543098,0.0,0,0.0,0.0,0.004403001029543098,0.0,0.0
MAR12619,558,5.2463012031032485e-15,6.580256655189202e-15,4.329956248629352e-17,0.0,0,0.0,0.0,0.004489564580987142,0.0,0,0.0,0.0,0.004489564580987142,0.0,0.0
MAR01223,552,5.226093310119578e-15,7.52708143245573e-15,4.069760188571652e-17,0.0,0,0.0,0.0,0.004538231229443332,0.0,0,0.0,0.0,0.004538231229443332,0.0,0.0
MAR08653,567,5.188089816661049e-15,7.381470014505549e-15,4.099383057136887e-17,0.0,0,0.0,0.0,0.00441849069762059,0.0,0,0.0,0.0,0.00441849069762059,0.0,0.0
MAR00434,573,5.133764268842608e-15,6.1859361005714205e-15,4.2874889871931084e-17,0.0,0,0.0,0.0,0.0043723452321952965,0.0,0,0.0,0.0,0.0043723452321952965,0.0,0.0
MAR09972,569,5.119903719888244e-15,6.436800576840493e-15,4.2211364032714825e-17,0.0,0,0.0,0.0,0.004403001029543098,0.0,0,0.0,0.0,0.004403001029543098,0.0,0.0
MAR07872,552,5.09737180001811e-15,7.374006178373666e-15,4.2439440258416986e-17,0.0,0,0.0,0.0,0.004538231229443332,0.0,0,0.0,0.0,0.004538231229443332,0.0,0.0
MAR09397,561,5.06625836549091e-15,8.01522920631886e-15,4.01283171267322e-17,0.0,0,0.0,0.0,0.004465620583537596,0.0,0,0.0,0.0,0.004465620583537596,0.0,0.0
MAR10473,577,5.048917186510244e-15,4.469119859153264e-15,4.1199119975803566e-17,0.0,0,0.0,0.0,0.004342113363096878,0.0,0,0.0,0.0,0.004342113363096878,0.0,0.0
MAR00386,563,4.9977783900710425e-15,7.315606300662188e-15,3.912352265267496e-17,0.0,0,0.0,0.0,0.004449799303901048,0.0,0,0.0,0.0,0.004449799303901048,0.0,0.0
MAR02687,554,4.976364286550882e-15,6.391469712255407e-15,4.164815984151698e-17,0.0,0,0.0,0.0,0.004521892203603858,0.0,0,0.0,0.0,0.004521892203603858,0.0,0.0
MAR09259,589,4.970180087150446e-15,6.879901737320478e-15,4.112392408658939e-17,0.0,0,0.0,0.0,0.00425387517710073,0.0,0,0.0,0.0,0.00425387517710073,0.0,0.0
MAR01175,570,4.961333488289822e-15,7.0508430742977594e-15,3.8662902317944724e-17,0.0,0,0.0,0.0,0.004395296850147243,0.0,0,0.0,0.0,0.004395296850147243,0.0,0.0
MAR10355,558,4.9406914242817e-15,7.957825136212875e-15,4.192082347100502e-17,0.0,0,0.0,0.0,0.004489564580987142,0.0,0,0.0,0.0,0.004489564580987142,0.0,0.0
MAR08718,576,4.884981308350688e-15,6.900991616071011e-15,4.098838199110219e-17,0.0,0,0.0,0.0,0.004349632068826215,0.0,0,0.0,0.0,0.004349632068826215,0.0,0.0
MAR08970,578,4.8680782588408244e-15,7.252182401597171e-15,3.955067168974401e-17,0.0,0,0.0,0.0,0.004334620605899285,0.0,0,0.0,0.0,0.004334620605899285,0.0,0.0
MAR03075,581,4.842941882289151e-15,2.8353440001337507e-15,3.9691808823100904e-17,0.0,0,0.0,0.0,0.004312296689115291,0.0,0,0.0,0.0,0.004312296689115291,0.0,0.0
MAR09092,561,4.838276739043819e-15,8.026500297051745e-15,3.774449916487436e-17,0.0,0,0.0,0.0,0.004465620583537596,0.0,0,0.0,0.0,0.004465620583537596,0.0,0.0
MAR01626,564,4.837737775387916e-15,7.277422887201155e-15,3.9917240626159133e-17,0.0,0,0.0,0.0,0.004441930629657058,0.0,0,0.0,0.0,0.004441930629657058,0.0,0.0
MAR00252,554,4.82245611274003e-15,7.245509468798981e-15,3.819185300672584e-17,0.0,0,0.0,0.0,0.004521892203603858,0.0,0,0.0,0.0,0.004521892203603858,0.0,0.0
MAR02104,552,4.814184477794882e-15,6.358695051391688e-15,3.9973250925333626e-17,0.0,0,0.0,0.0,0.004538231229443332,0.0,0,0.0,0.0,0.004538231229443332,0.0,0.0
MAR00946,579,4.786039152788239e-15,7.162179102016534e-15,3.7537365938809055e-17,0.0,0,0.0,0.0,0.00432715366313485,0.0,0,0.0,0.0,0.00432715366313485,0.0,0.0
MAR06825,581,4.769563974981741e-15,6.3243557131916524e-15,4.0066250061164966e-17,0.0,0,0.0,0.0,0.004312296689115291,0.0,0,0.0,0.0,0.004312296689115291,0.0,0.0
MAR11578,548,4.745595643945195e-15,6.5988217931727456e-15,3.966166635501576e-17,0.0,0,0.0,0.0,0.004571266087298871,0.0,0,0.0,0.0,0.004571266087298871,0.0,0.0
MAR07049,555,4.736951571734001e-15,7.410389086049646e-15,3.7573009273092643e-17,0.0,0,0.0,0.0,0.004513766730450679,0.0,0,0.0,0.0,0.004513766730450679,0.0,0.0
MAR03575,558,4.736951571734001e-15,7.42823456558783e-15,3.6240458410000126e-17,0.0,0,0.0,0.0,0.004489564580987142,0.0,0,0.0,0.0,0.004489564580987142,0.0,0.0
MAR12260,547,4.72829169683138e-15,7.365596654459215e-15,3.719929077541447e-17,0.0,0,0.0,0.0,0.004579600085029117,0.0,0,0.0,0.0,0.004579600085029117,0.0,0.0
MAR03237,541,4.728195653856489e-15,6.710305096605474e-15,3.855055013256074e-17,0.0,0,0.0,0.0,0.004630249273041442,0.0,0,0.0,0.0,0.004630249273041442,0.0,0.0
MAR08551,559,4.7030556749774066e-15,8.185829637247723e-15,3.6974554614808014e-17,0.0,0,0.0,0.0,0.004481554769642852,0.0,0,0.0,0.0,0.004481554769642852,0.0,0.0
MAR01589,564,4.686558469907044e-15,6.530125080637077e-15,3.8984519712993914e-17,0.0,0,0.0,0.0,0.004441930629657058,0.0,0,0.0,0.0,0.004441930629657058,0.0,0.0
MAR11384,561,4.660957696251638e-15,6.169997801107505e-15,3.839930657502229e-17,0.0,0,0.0,0.0,0.004465620583537596,0.0,0,0.0,0.0,0.004465620583537596,0.0,0.0
MAR05321,534,4.630503221807395e-15,4.709056814664506e-15,3.806778618843742e-17,0.0,0,0.0,0.0,0.004690774475909901,0.0,0,0.0,0.0,0.004690774475909901,0.0,0.0
MAR02454,574,4.629668696415983e-15,7.237390765892151e-15,3.589755212090223e-17,0.0,0,0.0,0.0,0.004364747866934595,0.0,0,0.0,0.0,0.004364747866934595,0.0,0.0
MAR06140,545,4.5370435237525666e-15,7.360378249621364e-15,3.7911853595020474e-17,0.0,0,0.0,0.0,0.004596359577531593,0.0,0,0.0,0.0,0.004596359577531593,0.0,0.0
MAR00574,558,4.5332117191863024e-15,4.861589760124773e-15,3.741424040340573e-17,0.0,0,0.0,0.0,0.004489564580987142,0.0,0,0.0,0.0,0.004489564580987142,0.0,0.0
MAR10011,577,4.531711035696999e-15,7.143437323918807e-15,3.510873118083518e-17,0.0,0,0.0,0.0,0.004342113363096878,0.0,0,0.0,0.0,0.004342113363096878,0.0,0.0
MAR03187,562,4.526233085446901e-15,7.439909619050661e-15,3.542323157190768e-17,0.0,0,0.0,0.0,0.0044576959055467585,0.0,0,0.0,0.0,0.0044576959055467585,0.0,0.0
MAR07020,566,4.469138055310878e-15,7.998125985928978e-15,3.583226101014579e-17,0.0,0,0.0,0.0,0.0044262764728495866,0.0,0,0.0,0.0,0.0044262764728495866,0.0,0.0
MAR01127,556,4.447281871304225e-15,6.573732798260228e-15,3.657664948533095e-17,0.0,0,0.0,0.0,0.0045056704064922026,0.0,0,0.0,0.0,0.0045056704064922026,0.0,0.0
MAR04929,550,4.444121838208627e-15,4.921711800086452e-15,3.670373873337912e-17,0.0,0,0.0,0.0,0.0045546887593671224,0.0,0,0.0,0.0,0.0045546887593671224,0.0,0.0
MAR03080,562,4.37451577532019e-15,6.475663960240034e-15,3.5285287685281684e-17,0.0,0,0.0,0.0,0.0044576959055467585,0.0,0,0.0,0.0,0.0044576959055467585,0.0,0.0
MAR08870,564,4.359003308031821e-15,7.990137081124882e-15,3.3631762144220115e-17,0.0,0,0.0,0.0,0.004441930629657058,0.0,0,0.0,0.0,0.004441930629657058,0.0,0.0
MAR01786,557,4.311731502458058e-15,4.745032362393539e-15,3.6217995794885267e-17,0.0,0,0.0,0.0,0.004497603075155535,0.0,0,0.0,0.0,0.004497603075155535,0.0,0.0
MAR02325,544,4.2580318356211885e-15,6.555541568948405e-15,3.523846775451993e-17,0.0,0,0.0,0.0,0.004604785407758596,0.0,0,0.0,0.0,0.004604785407758596,0.0,0.0
MAR04348,550,4.211580579232595e-15,4.793562098742877e-15,3.430570356536669e-17,0.0,0,0.0,0.0,0.0045546887593671224,0.0,0,0.0,0.0,0.0045546887593671224,0.0,0.0
MAR04923,587,4.188207607717115e-15,7.0850107283824496e-15,3.263454835213677e-17,0.0,0,0.0,0.0,0.004268331649559446,0.0,0,0.0,0.0,0.004268331649559446,0.0,0.0
MAR07100,544,4.1274173621358764e-15,4.560082206991498e-15,3.4352219192737405e-17,0.0,0,0.0,0.0,0.004604785407758596,0.0,0,0.0,0.0,0.004604785407758596,0.0,0.0
MAR00460,562,4.096367373421218e-15,6.397523254072685e-15,3.363782237270749e-17,0.0,0,0.0,0.0,0.0044576959055467585,0.0,0,0.0,0.0,0.0044576959055467585,0.0,0.0
MAR09375,579,4.074269227501783e-15,7.085224642911906e-15,3.3737961434629867e-17,0.0,0,0.0,0.0,0.00432715366313485,0.0,0,0.0,0.0,0.00432715366313485,0.0,0.0
MAR11553,562,4.0710811550667665e-15,6.5296011545608625e-15,3.3230490271787176e-17,0.0,0,0.0,0.0,0.0044576959055467585,0.0,0,0.0,0.0,0.0044576959055467585,0.0,0.0
MAR09037,563,4.063850105057767e-15,7.32557143319059e-15,3.376070673162476e-17,0.0,0,0.0,0.0,0.004449799303901048,0.0,0,0.0,0.0,0.004449799303901048,0.0,0.0
MAR10432,553,3.983150959957162e-15,8.032848478474147e-15,3.3910770320404296e-17,0.0,0,0.0,0.0,0.00453004698365408,0.0,0,0.0,0.0,0.00453004698365408,0.0,0.0
MAR01671,569,3.846171574940437e-15,7.319261299352821e-15,2.9637793598103146e-17,0.0,0,0.0,0.0,0.004403001029543098,0.0,0,0.0,0.0,0.004403001029543098,0.0,0.0
MAR02744,564,3.7794826370218094e-15,6.554304438155297e-15,3.117962752748277e-17,0.0,0,0.0,0.0,0.004441930629657058,0.0,0,0.0,0.0,0.004441930629657058,0.0,0.0
MAR04083,548,3.682374761968403e-15,7.572598525865948e-15,2.7762984137330876e-17,0.0,0,0.0,0.0,0.004571266087298871,0.0,0,0.0,0.0,0.004571266087298871,0.0,0.0
MAR11646,564,3.653499882454416e-15,7.441321217552882e-15,2.844298977478132e-17,0.0,0,0.0,0.0,0.004441930629657058,0.0,0,0.0,0.0,0.004441930629657058,0.0,0.0
MAR09095,568,3.652790120456853e-15,7.0401961392993545e-15,2.8012148078334255e-17,0.0,0,0.0,0.0,0.004410732264444036,0.0,0,0.0,0.0,0.004410732264444036,0.0,0.0
MAR04217,561,3.647706023153456e-15,4.289010319070922e-15,3.03701770459807e-17,0.0,0,0.0,0.0,0.004465620583537596,0.0,0,0.0,0.0,0.004465620583537596,0.0,0.0
MAR12991,586,3.589089586774567e-15,4.5609828164935146e-15,2.975123827276089e-17,0.0,0,0.0,0.0,0.004275596795360198,0.0,0,0.0,0.0,0.004275596795360198,0.0,0.0
MAR02511,569,3.571445033873263e-15,6.4929526084619645e-15,2.896014868456346e-17,0.0,0,0.0,0.0,0.004403001029543098,0.0,0,0.0,0.0,0.004403001029543098,0.0,0.0
MAR01025,565,3.5464256899884648e-15,6.2690341998938975e-15,2.969047184144319e-17,0.0,0,0.0,0.0,0.004434089734923025,0.0,0,0.0,0.0,0.004434089734923025,0.0,0.0
MAR05025,540,3.500080883559012e-15,6.622824953098799e-15,2.889773719707657e-17,0.0,0,0.0,0.0,0.00463879992662872,0.0,0,0.0,0.0,0.00463879992662872,0.0,0.0
MAR01972,561,3.445055688533819e-15,4.7451114179620465e-15,2.8369775887558544e-17,0.0,0,0.0,0.0,0.004465620583537596,0.0,0,0.0,0.0,0.004465620583537596,0.0,0.0
MAR00084,546,3.435591249829056e-15,4.702351425247246e-15,2.788846229537282e-17,0.0,0,0.0,0.0,0.004587964526068459,0.0,0,0.0,0.0,0.004587964526068459,0.0,0.0
MAR05235,538,3.4074354242770603e-15,4.800815514980561e-15,2.821374347528626e-17,0.0,0,0.0,0.0,0.004655996327465773,0.0,0,0.0,0.0,0.004655996327465773,0.0,0.0
MAR10060,540,3.36849889545529e-15,4.803398942730251e-15,2.7641166238268875e-17,0.0,0,0.0,0.0,0.00463879992662872,0.0,0,0.0,0.0,0.00463879992662872,0.0,0.0
MAR08507,569,3.3466687730001203e-15,4.678699038413627e-15,2.710390362950467e-17,0.0,0,0.0,0.0,0.004403001029543098,0.0,0,0.0,0.0,0.004403001029543098,0.0,0.0
MAR08668,563,3.3318522600473615e-15,6.27950617864802e-15,2.802664873613052e-17,0.0,0,0.0,0.0,0.004449799303901048,0.0,0,0.0,0.0,0.004449799303901048,0.0,0.0
MAR12409,559,3.304849933767907e-15,6.635835509399583e-15,2.7241190411266675e-17,0.0,0,0.0,0.0,0.004481554769642852,0.0,0,0.0,0.0,0.004481554769642852,0.0,0.0
MAR03753,553,3.289311760480753e-15,6.5802767037963966e-15,2.7051086517292198e-17,0.0,0,0.0,0.0,0.00453004698365408,0.0,0,0.0,0.0,0.00453004698365408,0.0,0.0
MAR01379,569,3.246768212612057e-15,6.225451153449691e-15,2.7022719785932566e-17,0.0,0,0.0,0.0,0.004403001029543098,0.0,0,0.0,0.0,0.004403001029543098,0.0,0.0
MAR01998,564,3.1999619660117986e-15,6.473475821268888e-15,2.649614103692311e-17,0.0,0,0.0,0.0,0.004441930629657058,0.0,0,0.0,0.0,0.004441930629657058,0.0,0.0
MAR12775,553,3.160823019836974e-15,7.475645595369352e-15,2.4090147700966212e-17,0.0,0,0.0,0.0,0.00453004698365408,0.0,0,0.0,0.0,0.00453004698365408,0.0,0.0
MAR12610,572,3.1552072532004453e-15,4.659606534837954e-15,2.5966967425474653e-17,0.0,0,0.0,0.0,0.004379969091767465,0.0,0,0.0,0.0,0.004379969091767465,0.0,0.0
MAR01619,534,3.113614235353248e-15,5.0637962884752934e-15,2.5827094988167103e-17,0.0,0,0.0,0.0,0.004690774475909901,0.0,0,0.0,0.0,0.004690774475909901,0.0,0.0
MAR09804,562,3.0849186392431395e-15,6.5166709141488444e-15,2.5274045681680997e-17,0.0,0,0.0,0.0,0.0044576959055467585,0.0,0,0.0,0.0,0.0044576959055467585,0.0,0.0
MAR09822,589,3.064140150816052e-15,4.227389261794503e-15,2.5265069024625958e-17,0.0,0,0.0,0.0,0.00425387517710073,0.0,0,0.0,0.0,0.00425387517710073,0.0,0.0
MAR09967,557,2.959531682160561e-15,7.79131957297787e-15,2.1149136736522494e-17,0.0,0,0.0,0.0,0.004497603075155535,0.0,0,0.0,0.0,0.004497603075155535,0.0,0.0
MAR02479,568,2.9522550288623885e-15,4.763845952161666e-15,2.4426264391515676e-17,0.0,0,0.0,0.0,0.004410732264444036,0.0,0,0.0,0.0,0.004410732264444036,0.0,0.0
MAR02650,565,2.9427787640329815e-15,6.330747671035222e-15,2.3885162821635195e-17,0.0,0,0.0,0.0,0.004434089734923025,0.0,0,0.0,0.0,0.004434089734923025,0.0,0.0
MAR13052,581,2.9351162922964543e-15,6.411579738100855e-15,2.461984744544352e-17,0.0,0,0.0,0.0,0.004312296689115291,0.0,0,0.0,0.0,0.004312296689115291,0.0,0.0
MAR09281,553,2.9295432866781707e-15,6.4143125213288475e-15,2.3778845967004793e-17,0.0,0,0.0,0.0,0.00453004698365408,0.0,0,0.0,0.0,0.00453004698365408,0.0,0.0
MAR00955,566,2.837149439607468e-15,4.589904447585431e-15,2.282356544705464e-17,0.0,0,0.0,0.0,0.0044262764728495866,0.0,0,0.0,0.0,0.0044262764728495866,0.0,0.0
MAR02345,551,2.837012738062107e-15,4.613936044897526e-15,2.2928022544295053e-17,0.0,0,0.0,0.0,0.004546445100963565,0.0,0,0.0,0.0,0.004546445100963565,0.0,0.0
MAR01289,571,2.7625304262476753e-15,4.676314947127096e-15,2.2789684455616717e-17,0.0,0,0.0,0.0,0.00438761958448344,0.0,0,0.0,0.0,0.00438761958448344,0.0,0.0
MAR07010,558,2.725020527825474e-15,7.256578023826759e-15,2.3555819893309113e-17,0.0,0,0.0,0.0,0.004489564580987142,0.0,0,0.0,0.0,0.004489564580987142,0.0,0.0
MAR12367,576,2.6892068818698235e-15,6.393090529324462e-15,2.2058271362284025e-17,0.0,0,0.0,0.0,0.004349632068826215,0.0,0,0.0,0.0,0.004349632068826215,0.0,0.0
MAR03524,541,2.6793108705186776e-15,5.019565426365623e-15,2.179567354092283e-17,0.0,0,0.0,0.0,0.004630249273041442,0.0,0,0.0,0.0,0.004630249273041442,0.0,0.0
MAR11304,559,2.5676141793119894e-15,6.509006390928421e-15,2.158107579089955e-17,0.0,0,0.0,0.0,0.004481554769642852,0.0,0,0.0,0.0,0.004481554769642852,0.0,0.0
MAR08563,553,2.544077064746832e-15,7.46845773727347e-15,1.868314875363527e-17,0.0,0,0.0,0.0,0.00453004698365408,0.0,0,0.0,0.0,0.00453004698365408,0.0,0.0
MAR06129,558,2.5212806752777746e-15,7.408678041041301e-15,1.8577240495102363e-17,0.0,0,0.0,0.0,0.004489564580987142,0.0,0,0.0,0.0,0.004489564580987142,0.0,0.0
MAR09267,565,2.515195524814514e-15,2.913727079649771e-15,2.0111093331601665e-17,0.0,0,0.0,0.0,0.004434089734923025,0.0,0,0.0,0.0,0.004434089734923025,0.0,0.0
MAR02335,551,2.5017294144729477e-15,4.2957561352589595e-15,2.0815289785869524e-17,0.0,0,0.0,0.0,0.004546445100963565,0.0,0,0.0,0.0,0.004546445100963565,0.0,0.0
MAR12378,553,2.441286072231809e-15,4.762673517777282e-15,1.9336829054550175e-17,0.0,0,0.0,0.0,0.00453004698365408,0.0,0,0.0,0.0,0.00453004698365408,0.0,0.0
MAR09132,561,2.4318040154356365e-15,6.307547254114944e-15,2.0233326567495532e-17,0.0,0,0.0,0.0,0.004465620583537596,0.0,0,0.0,0.0,0.004465620583537596,0.0,0.0
MAR00402,573,2.380876182651645e-15,4.7381599943268725e-15,1.9353890582201826e-17,0.0,0,0.0,0.0,0.0043723452321952965,0.0,0,0.0,0.0,0.0043723452321952965,0.0,0.0
MAR09831,558,2.368475785867001e-15,4.929167322817126e-15,1.9141024984017455e-17,0.0,0,0.0,0.0,0.004489564580987142,0.0,0,0.0,0.0,0.004489564580987142,0.0,0.0
MAR08852,560,2.3092638912203253e-15,6.3543845708129145e-15,1.9233479470705997e-17,0.0,0,0.0,0.0,0.0044735734878779895,0.0,0,0.0,0.0,0.0044735734878779895,0.0,0.0
MAR04094,576,2.2944609175586574e-15,4.6242661458392474e-15,1.8883564145810624e-17,0.0,0,0.0,0.0,0.004349632068826215,0.0,0,0.0,0.0,0.004349632068826215,0.0,0.0
MAR10216,585,2.283453578169211e-15,6.933080429451187e-15,2.014628958751804e-17,0.0,0,0.0,0.0,0.004282886715357432,0.0,0,0.0,0.0,0.004282886715357432,0.0,0.0
MAR12663,563,2.1959935350312154e-15,4.222415399309679e-15,1.8320878063756553e-17,0.0,0,0.0,0.0,0.004449799303901048,0.0,0,0.0,0.0,0.004449799303901048,0.0,0.0
MAR01766,550,2.1445471661123024e-15,7.528320993936376e-15,1.568066761116131e-17,0.0,0,0.0,0.0,0.0045546887593671224,0.0,0,0.0,0.0,0.0045546887593671224,0.0,0.0
MAR02178,535,2.124987620964785e-15,6.79249943007285e-15,1.7420530914393868e-17,0.0,0,0.0,0.0,0.004682031321548599,0.0,0,0.0,0.0,0.004682031321548599,0.0,0.0
MAR09943,564,1.9905275221648198e-15,4.629573439552914e-15,1.5962270371949395e-17,0.0,0,0.0,0.0,0.004441930629657058,0.0,0,0.0,0.0,0.004441930629657058,0.0,0.0
MAR00392,562,1.9470388132928013e-15,4.749046258660165e-15,1.5808428802036372e-17,0.0,0,0.0,0.0,0.0044576959055467585,0.0,0,0.0,0.0,0.0044576959055467585,0.0,0.0
MAR00982,566,1.807741235856085e-15,4.2294786039223455e-15,1.4600272712646e-17,0.0,0,0.0,0.0,0.0044262764728495866,0.0,0,0.0,0.0,0.0044262764728495866,0.0,0.0
MAR11485,560,1.8017333656773964e-15,6.455498909189893e-15,1.457799130321417e-17,0.0,0,0.0,0.0,0.0044735734878779895,0.0,0,0.0,0.0,0.0044735734878779895,0.0,0.0
MAR00618,542,1.730473083400982e-15,7.560953551558363e-15,1.1895775823775392e-17,0.0,0,0.0,0.0,0.00462173008405905,0.0,0,0.0,0.0,0.00462173008405905,0.0,0.0
MAR05402,548,1.6337296479155592e-15,3.266709522600666e-15,1.2333660964874477e-17,0.0,0,0.0,0.0,0.004571266087298871,0.0,0,0.0,0.0,0.004571266087298871,0.0,0.0
MAR03722,575,1.581729916126832e-15,2.904024417199653e-15,1.2940302374952606e-17,0.0,0,0.0,0.0,0.004357176858116289,0.0,0,0.0,0.0,0.004357176858116289,0.0,0.0
MAR03351,575,1.5817299161268318e-15,4.633694946129502e-15,1.25508074462241e-17,0.0,0,0.0,0.0,0.004357176858116289,0.0,0,0.0,0.0,0.004357176858116289,0.0,0.0
MAR06726,560,1.4718385240744935e-15,4.7323032509637634e-15,1.2530558285752789e-17,0.0,0,0.0,0.0,0.0044735734878779895,0.0,0,0.0,0.0,0.0044735734878779895,0.0,0.0
MAR08632,542,1.4420609028341507e-15,4.912334997129377e-15,1.163007183450939e-17,0.0,0,0.0,0.0,0.00462173008405905,0.0,0,0.0,0.0,0.00462173008405905,0.0,0.0
MAR08596,554,1.4364762889012849e-15,7.513757147447797e-15,9.357785156711486e-18,0.0,0,0.0,0.0,0.004521892203603858,0.0,0,0.0,0.0,0.004521892203603858,0.0,0.0
MAR00388,563,1.4135130800200923e-15,4.50987546211252e-15,1.1744844571428719e-17,0.0,0,0.0,0.0,0.004449799303901048,0.0,0,0.0,0.0,0.004449799303901048,0.0,0.0
MAR06459,563,1.388271775019734e-15,4.6801143998257306e-15,1.1195798577287877e-17,0.0,0,0.0,0.0,0.004449799303901048,0.0,0,0.0,0.0,0.004449799303901048,0.0,0.0
MAR07994,541,1.2871199279942672e-15,2.935607822318834e-15,1.0671088052658e-17,0.0,0,0.0,0.0,0.004630249273041442,0.0,0,0.0,0.0,0.004630249273041442,0.0,0.0
MAR02432,532,1.2020459815490422e-15,4.880207561646236e-15,9.108437000100836e-18,0.0,0,0.0,0.0,0.004708359112657833,0.0,0,0.0,0.0,0.004708359112657833,0.0,0.0
MAR11569,569,1.0489558840746645e-15,3.0215402229012132e-15,8.278813590462444e-18,0.0,0,0.0,0.0,0.004403001029543098,0.0,0,0.0,0.0,0.004403001029543098,0.0,0.0
MAR11285,559,9.66033057562927e-16,4.639413556720205e-15,7.720098709718606e-18,0.0,0,0.0,0.0,0.004481554769642852,0.0,0,0.0,0.0,0.004481554769642852,0.0,0.0
MAR00782,558,8.40426891759259e-16,4.705231517121535e-15,6.873967007339541e-18,0.0,0,0.0,0.0,0.004489564580987142,0.0,0,0.0,0.0,0.004489564580987142,0.0,0.0
MAR02179,554,8.208435936578773e-16,3.2100524672594843e-15,6.493972379156467e-18,0.0,0,0.0,0.0,0.004521892203603858,0.0,0,0.0,0.0,0.004521892203603858,0.0,0.0
MAR09356,552,7.465847585885114e-16,7.475438866623225e-15,4.150365164361633e-18,0.0,0,0.0,0.0,0.004538231229443332,0.0,0,0.0,0.0,0.004538231229443332,0.0,0.0
MAR09768,575,7.414358981844523e-16,6.405750061017582e-15,6.092006791915857e-18,0.0,0,0.0,0.0,0.004357176858116289,0.0,0,0.0,0.0,0.004357176858116289,0.0,0.0
MAR02549,568,7.255542020085535e-16,4.686747877677807e-15,5.220283545388181e-18,0.0,0,0.0,0.0,0.004410732264444036,0.0,0,0.0,0.0,0.004410732264444036,0.0,0.0
MAR02235,552,6.693518525276306e-16,3.238203144338709e-15,4.490869389286576e-18,0.0,0,0.0,0.0,0.004538231229443332,0.0,0,0.0,0.0,0.004538231229443332,0.0,0.0
MAR09744,528,5.113754537667388e-16,4.992293110923197e-15,3.4304883844062153e-18,0.0,0,0.0,0.0,0.0047439268977446615,0.0,0,0.0,0.0,0.0047439268977446615,0.0,0.0
MAR09788,552,4.3765313434498853e-16,4.620139185156603e-15,3.14913609507814e-18,0.0,0,0.0,0.0,0.004538231229443332,0.0,0,0.0,0.0,0.004538231229443332,0.0,0.0
MAR12978,567,4.260750090977673e-16,3.4107327240684263e-15,3.0696837589666327e-18,0.0,0,0.0,0.0,0.00441849069762059,0.0,0,0.0,0.0,0.00441849069762059,0.0,0.0
MAR06280,575,3.9543247903170844e-16,4.558254148648136e-15,3.251539947403948e-18,0.0,0,0.0,0.0,0.004357176858116289,0.0,0,0.0,0.0,0.004357176858116289,0.0,0.0
MAR12653,553,2.0558198503004706e-16,4.6002438454912e-15,9.021107000367049e-19,0.0,0,0.0,0.0,0.00453004698365408,0.0,0,0.0,0.0,0.00453004698365408,0.0,0.0
MAR00406,567,1.5037941497568294e-16,4.58341548088939e-15,1.435913688863569e-18,0.0,0,0.0,0.0,0.00441849069762059,0.0,0,0.0,0.0,0.00441849069762059,0.0,0.0
MAR12827,551,1.0316409956589457e-16,4.664207363856664e-15,7.133174594624427e-19,0.0,0,0.0,0.0,0.004546445100963565,0.0,0,0.0,0.0,0.004546445100963565,0.0,0.0
MAR09837,561,7.599387548236258e-17,4.787993966099335e-15,2.5775789492601695e-19,0.0,0,0.0,0.0,0.004465620583537596,0.0,0,0.0,0.0,0.004465620583537596,0.0,0.0
MAR08855,563,7.572391500107676e-17,4.740908702645902e-15,1.6773132625460737e-19,0.0,0,0.0,0.0,0.004449799303901048,0.0,0,0.0,0.0,0.004449799303901048,0.0,0.0
MAR09690,546,-2.60272064380996e-17,4.858717172538261e-15,5.860696841194161e-20,0.0,0,0.0,0.0,0.004587964526068459,0.0,0,0.0,0.0,0.004587964526068459,0.0,0.0
MAR03223,565,-5.0303910496289206e-17,3.3875957673983462e-15,-1.2266000506354574e-18,0.0,0,0.0,0.0,0.004434089734923025,0.0,0,0.0,0.0,0.004434089734923025,0.0,0.0
MAR08504,552,-1.544658121217609e-16,6.4904791838462584e-15,-2.256816022967141e-18,0.0,0,0.0,0.0,0.004538231229443332,0.0,0,0.0,0.0,0.004538231229443332,0.0,0.0
MAR04202,553,-2.569774812875588e-16,4.6946185117853335e-15,-2.4884412342013437e-18,0.0,0,0.0,0.0,0.00453004698365408,0.0,0,0.0,0.0,0.00453004698365408,0.0,0.0
MAR11428,548,-3.1118659960296404e-16,3.3596350756678587e-15,-3.3615124643440312e-18,0.0,0,0.0,0.0,0.004571266087298871,0.0,0,0.0,0.0,0.004571266087298871,0.0,0.0
MAR10229,569,-3.9960224155225316e-16,5.541446715458432e-15,-3.1356570970073676e-18,0.0,0,0.0,0.0,0.004403001029543098,0.0,0,0.0,0.0,0.004403001029543098,0.0,0.0
MAR07797,555,-4.864977289888974e-16,4.499807786148887e-15,-4.427543706962529e-18,0.0,0,0.0,0.0,0.004513766730450679,0.0,0,0.0,0.0,0.004513766730450679,0.0,0.0
MAR10370,584,-5.353404173535005e-16,5.238269163906237e-15,-3.4234961137102708e-18,0.0,0,0.0,0.0,0.004290201536487618,0.0,0,0.0,0.0,0.004290201536487618,0.0,0.0
MAR03974,547,-6.235109929887533e-16,4.768839172968613e-15,-5.934144341161398e-18,0.0,0,0.0,0.0,0.004579600085029117,0.0,0,0.0,0.0,0.004579600085029117,0.0,0.0
MAR09129,576,-7.648203058528857e-16,6.3050704859865996e-15,-6.906474812820386e-18,0.0,0,0.0,0.0,0.004349632068826215,0.0,0,0.0,0.0,0.004349632068826215,0.0,0.0
MAR01088,563,-8.582043700121977e-16,3.2256524992213444e-15,-7.35735812591974e-18,0.0,0,0.0,0.0,0.004449799303901048,0.0,0,0.0,0.0,0.004449799303901048,0.0,0.0
MAR00960,563,-1.2115826400172226e-15,4.675494458278627e-15,-1.0216112058553444e-17,0.0,0,0.0,0.0,0.004449799303901048,0.0,0,0.0,0.0,0.004449799303901048,0.0,0.0
MAR07103,558,-1.2733740784231186e-15,4.825927876317078e-15,-1.017644449924347e-17,0.0,0,0.0,0.0,0.004489564580987142,0.0,0,0.0,0.0,0.004489564580987142,0.0,0.0
MAR09317,566,-1.4562359955507357e-15,3.0000364281675885e-15,-1.2400276133239737e-17,0.0,0,0.0,0.0,0.0044262764728495866,0.0,0,0.0,0.0,0.0044262764728495866,0.0,0.0
MAR01036,559,-1.6015811217490627e-15,3.287578242219478e-15,-1.3761831921272327e-17,0.0,0,0.0,0.0,0.004481554769642852,0.0,0,0.0,0.0,0.004481554769642852,0.0,0.0
MAR00212,546,-1.8739588635431222e-15,3.1609417266401398e-15,-1.5571258085815027e-17,0.0,0,0.0,0.0,0.004587964526068459,0.0,0,0.0,0.0,0.004587964526068459,0.0,0.0
MAR13056,562,-2.0481836867106084e-15,3.244392146326418e-15,-1.7479412516370827e-17,0.0,0,0.0,0.0,0.0044576959055467585,0.0,0,0.0,0.0,0.0044576959055467585,0.0,0.0
MAR01335,567,-2.205564752976678e-15,2.8700928945009496e-15,-1.8149048040260603e-17,0.0,0,0.0,0.0,0.00441849069762059,0.0,0,0.0,0.0,0.00441849069762059,0.0,0.0
MAR12994,576,-2.4424906541753444e-15,3.25798649322808e-15,-2.0409270423577363e-17,0.0,0,0.0,0.0,0.004349632068826215,0.0,0,0.0,0.0,0.004349632068826215,0.0,0.0
MAR01646,574,-2.871880046974622e-15,4.527920336480445e-15,-2.352343008689093e-17,0.0,0,0.0,0.0,0.004364747866934595,0.0,0,0.0,0.0,0.004364747866934595,0.0,0.0
MAR11299,557,-4.133139073362162e-15,3.065494256406247e-15,-3.485685474399326e-17,0.0,0,0.0,0.0,0.004497603075155535,0.0,0,0.0,0.0,0.004497603075155535,0.0,0.0
MAR06347,571,-5.400622545006716e-15,3.0573316019218636e-15,-4.556725947845175e-17,0.0,0,0.0,0.0,0.00438761958448344,0.0,0,0.0,0.0,0.00438761958448344,0.0,0.0
